UV_CACHE_DIR=/Users/sc/PycharmProjects/partsignal/.cache/uv uv run --project backend python -m app.tools.contract_check contracts/openapi.yaml
FastAPI 运行时操作与 OpenAPI 完整契约一致。
npm --prefix frontend run api:check

> partsignal-frontend-v2@0.1.0 api:check
> node scripts/check-openapi.mjs

✨ openapi-typescript 7.13.0
🚀 ../contracts/openapi.yaml → /var/folders/m5/j06tv2sn1hn93d6f33j559jm0000gn/T/partsignal-v2-openapi-g1MByn/schema.d.ts [180.2ms]
OpenAPI 类型与根合同一致。
UV_CACHE_DIR=/Users/sc/PycharmProjects/partsignal/.cache/uv uv run --project backend ruff check backend
All checks passed!
npm --prefix frontend run lint

> partsignal-frontend-v2@0.1.0 lint
> eslint . --max-warnings 0

UV_CACHE_DIR=/Users/sc/PycharmProjects/partsignal/.cache/uv uv run --project backend mypy --config-file backend/pyproject.toml backend/app
Success: no issues found in 158 source files
npm --prefix frontend run typecheck

> partsignal-frontend-v2@0.1.0 typecheck
> tsc -b --pretty false

UV_CACHE_DIR=/Users/sc/PycharmProjects/partsignal/.cache/uv uv run --project backend pytest backend/tests/unit
........................................................................ [  2%]
........................................................................ [  4%]
........................................................................ [  7%]
........................................................................ [  9%]
........................................................................ [ 11%]
........................................................................ [ 14%]
........................................................................ [ 16%]
........................................................................ [ 19%]
........................................................................ [ 21%]
........................................................................ [ 23%]
........................................................................ [ 26%]
........................................................................ [ 28%]
........................................................................ [ 30%]
........................................................................ [ 33%]
........................................................................ [ 35%]
........................................................................ [ 38%]
........................................................................ [ 40%]
........................................................................ [ 42%]
........................................................................ [ 45%]
........................................................................ [ 47%]
........................................................................ [ 49%]
........................................................................ [ 52%]
........................................................................ [ 54%]
........................................................................ [ 57%]
........................................................................ [ 59%]
........................................................................ [ 61%]
........................................................................ [ 64%]
........................................................................ [ 66%]
........................................................................ [ 68%]
........................................................................ [ 71%]
........................................................................ [ 73%]
........................................................................ [ 76%]
........................................................................ [ 78%]
........................................................................ [ 80%]
........................................................................ [ 83%]
........................................................................ [ 85%]
........................................................................ [ 87%]
........................................................................ [ 90%]
........................................................................ [ 92%]
........................................................................ [ 95%]
........................................................................ [ 97%]
........................................................................ [ 99%]
.....                                                                    [100%]
3029 passed in 44.46s
npm --prefix frontend run test

> partsignal-frontend-v2@0.1.0 test
> vitest run


 RUN  v4.1.10 /Users/sc/PycharmProjects/partsignal/frontend


 Test Files  121 passed (121)
      Tests  1141 passed (1141)
   Start at  06:30:07
   Duration  27.50s (transform 12.04s, setup 9.32s, import 41.89s, tests 136.86s, environment 46.11s)

docker compose -p partsignal-geo408 -f /Users/sc/PycharmProjects/partsignal/.trellis/tasks/10-03-geo-408-api-acceptance/evidence/validation-compose.yaml run --rm backend-test
 Container partsignal-geo408-fake-oss-1 Running 
 Container partsignal-geo408-postgres-1 Running 
 Container partsignal-geo408-redis-1 Running 
 Container partsignal-geo408-postgres-1 Waiting 
 Container partsignal-geo408-postgres-1 Healthy 
 Container partsignal-geo408-backend-test-run-f2812aa5e2d5 Creating 
 Container partsignal-geo408-backend-test-run-f2812aa5e2d5 Created 
........................................................................ [  8%]
........................................................................ [ 16%]
........................................................................ [ 24%]
........................................................................ [ 32%]
........................................................................ [ 40%]
........................................................................ [ 48%]
........................................................................ [ 57%]
........................................................................ [ 65%]
........................................................................ [ 73%]
........................................................................ [ 81%]
........................................................................ [ 89%]
........................................................................ [ 97%]
....................                                                     [100%]
=============================== warnings summary ===============================
tests/integration/test_geo_admission_migration.py::test_0053_preserves_run_history_and_backfills_unknown
  /app/tests/integration/test_geo_admission_migration.py:146: SAWarning: Cannot correctly sort tables; there are unresolvable cycles between tables "content_tasks, content_versions, generation_jobs, publication_verifications, publication_works, published_articles, published_content_issues", which is usually caused by mutually dependent foreign key constraints.  Foreign key constraints involving these tables will not be considered; this warning may raise an error in a future release.
    assert compare_metadata(context, Base.metadata) == []

tests/integration/test_geo_admission_migration.py::test_0053_preserves_run_history_and_backfills_unknown
  /app/tests/integration/test_geo_admission_migration.py:146: SAWarning: Can't validate argument 'dialect_options'; can't locate any SQLAlchemy dialect named 'dialect'
    assert compare_metadata(context, Base.metadata) == []

tests/integration/test_geo_answer_migration.py::test_forward_keeps_nonempty_history_and_matches_models
  /app/tests/integration/test_geo_answer_migration.py:54: SAWarning: Cannot correctly sort tables; there are unresolvable cycles between tables "content_tasks, content_versions, generation_jobs, publication_verifications, publication_works, published_articles, published_content_issues", which is usually caused by mutually dependent foreign key constraints.  Foreign key constraints involving these tables will not be considered; this warning may raise an error in a future release.
    assert compare_metadata(context, Base.metadata) == []

tests/integration/test_geo_answer_migration.py::test_forward_keeps_nonempty_history_and_matches_models
  /app/tests/integration/test_geo_answer_migration.py:54: SAWarning: Can't validate argument 'dialect_options'; can't locate any SQLAlchemy dialect named 'dialect'
    assert compare_metadata(context, Base.metadata) == []

tests/integration/test_geo_batch_creation_migration.py::test_forward_preserves_nonempty_frozen_inputs_and_matches_metadata
  /Users/sc/PycharmProjects/partsignal/backend/tests/integration/test_geo_batch_creation_migration.py:82: SAWarning: Cannot correctly sort tables; there are unresolvable cycles between tables "content_tasks, content_versions, generation_jobs, publication_verifications, publication_works, published_articles, published_content_issues", which is usually caused by mutually dependent foreign key constraints.  Foreign key constraints involving these tables will not be considered; this warning may raise an error in a future release.

tests/integration/test_geo_batch_creation_migration.py::test_forward_preserves_nonempty_frozen_inputs_and_matches_metadata
  /Users/sc/PycharmProjects/partsignal/backend/tests/integration/test_geo_batch_creation_migration.py:82: SAWarning: Can't validate argument 'dialect_options'; can't locate any SQLAlchemy dialect named 'dialect'

tests/integration/test_geo_catalog.py::test_catalog_metadata_matches_migrated_postgresql
  /Users/sc/PycharmProjects/partsignal/backend/tests/integration/test_geo_catalog.py:187: SAWarning: Cannot correctly sort tables; there are unresolvable cycles between tables "content_tasks, content_versions, generation_jobs, publication_verifications, publication_works, published_articles, published_content_issues", which is usually caused by mutually dependent foreign key constraints.  Foreign key constraints involving these tables will not be considered; this warning may raise an error in a future release.

tests/integration/test_geo_catalog.py::test_catalog_metadata_matches_migrated_postgresql
  /Users/sc/PycharmProjects/partsignal/backend/tests/integration/test_geo_catalog.py:187: SAWarning: Can't validate argument 'dialect_options'; can't locate any SQLAlchemy dialect named 'dialect'

tests/integration/test_geo_manual_migration.py::test_0051_preserves_nonempty_0050_evidence_and_safe_stop
  /app/tests/integration/test_geo_manual_migration.py:71: SAWarning: Cannot correctly sort tables; there are unresolvable cycles between tables "content_tasks, content_versions, generation_jobs, publication_verifications, publication_works, published_articles, published_content_issues", which is usually caused by mutually dependent foreign key constraints.  Foreign key constraints involving these tables will not be considered; this warning may raise an error in a future release.
    assert compare_metadata(context, Base.metadata) == []

tests/integration/test_geo_manual_migration.py::test_0051_preserves_nonempty_0050_evidence_and_safe_stop
  /app/tests/integration/test_geo_manual_migration.py:71: SAWarning: Can't validate argument 'dialect_options'; can't locate any SQLAlchemy dialect named 'dialect'
    assert compare_metadata(context, Base.metadata) == []

tests/integration/test_geo_monitoring_plans.py::test_forward_preserves_existing_data_and_metadata
  /Users/sc/PycharmProjects/partsignal/backend/tests/integration/test_geo_monitoring_plans.py:240: SAWarning: Cannot correctly sort tables; there are unresolvable cycles between tables "content_tasks, content_versions, generation_jobs, publication_verifications, publication_works, published_articles, published_content_issues", which is usually caused by mutually dependent foreign key constraints.  Foreign key constraints involving these tables will not be considered; this warning may raise an error in a future release.

tests/integration/test_geo_monitoring_plans.py::test_forward_preserves_existing_data_and_metadata
  /Users/sc/PycharmProjects/partsignal/backend/tests/integration/test_geo_monitoring_plans.py:240: SAWarning: Can't validate argument 'dialect_options'; can't locate any SQLAlchemy dialect named 'dialect'

tests/integration/test_geo_profile_test_migration.py::test_0052_forward_invalidates_only_current_api_qualification
  /Users/sc/PycharmProjects/partsignal/backend/tests/integration/test_geo_profile_test_migration.py:76: SAWarning: Cannot correctly sort tables; there are unresolvable cycles between tables "content_tasks, content_versions, generation_jobs, publication_verifications, publication_works, published_articles, published_content_issues", which is usually caused by mutually dependent foreign key constraints.  Foreign key constraints involving these tables will not be considered; this warning may raise an error in a future release.

tests/integration/test_geo_profile_test_migration.py::test_0052_forward_invalidates_only_current_api_qualification
  /Users/sc/PycharmProjects/partsignal/backend/tests/integration/test_geo_profile_test_migration.py:76: SAWarning: Can't validate argument 'dialect_options'; can't locate any SQLAlchemy dialect named 'dialect'

tests/integration/test_geo_prompt_variants.py::test_additive_migration_metadata_and_safe_stop
  /Users/sc/PycharmProjects/partsignal/backend/tests/integration/test_geo_prompt_variants.py:176: SAWarning: Cannot correctly sort tables; there are unresolvable cycles between tables "content_tasks, content_versions, generation_jobs, publication_verifications, publication_works, published_articles, published_content_issues", which is usually caused by mutually dependent foreign key constraints.  Foreign key constraints involving these tables will not be considered; this warning may raise an error in a future release.

tests/integration/test_geo_prompt_variants.py::test_additive_migration_metadata_and_safe_stop
  /Users/sc/PycharmProjects/partsignal/backend/tests/integration/test_geo_prompt_variants.py:176: SAWarning: Can't validate argument 'dialect_options'; can't locate any SQLAlchemy dialect named 'dialect'

tests/integration/test_geo_run_migration.py::test_forward_preserves_nonempty_old_geo_and_matches_metadata
  /app/tests/integration/test_geo_run_migration.py:67: SAWarning: Cannot correctly sort tables; there are unresolvable cycles between tables "content_tasks, content_versions, generation_jobs, publication_verifications, publication_works, published_articles, published_content_issues", which is usually caused by mutually dependent foreign key constraints.  Foreign key constraints involving these tables will not be considered; this warning may raise an error in a future release.
    assert compare_metadata(context, Base.metadata) == []

tests/integration/test_geo_run_migration.py::test_forward_preserves_nonempty_old_geo_and_matches_metadata
  /app/tests/integration/test_geo_run_migration.py:67: SAWarning: Can't validate argument 'dialect_options'; can't locate any SQLAlchemy dialect named 'dialect'
    assert compare_metadata(context, Base.metadata) == []

tests/integration/test_geo_surfaces_profiles.py::test_old_head_forward_preserves_rows_metadata_and_downgrade_stops
  /Users/sc/PycharmProjects/partsignal/backend/tests/integration/test_geo_surfaces_profiles.py:216: SAWarning: Cannot correctly sort tables; there are unresolvable cycles between tables "content_tasks, content_versions, generation_jobs, publication_verifications, publication_works, published_articles, published_content_issues", which is usually caused by mutually dependent foreign key constraints.  Foreign key constraints involving these tables will not be considered; this warning may raise an error in a future release.

tests/integration/test_geo_surfaces_profiles.py::test_old_head_forward_preserves_rows_metadata_and_downgrade_stops
  /Users/sc/PycharmProjects/partsignal/backend/tests/integration/test_geo_surfaces_profiles.py:216: SAWarning: Can't validate argument 'dialect_options'; can't locate any SQLAlchemy dialect named 'dialect'

-- Docs: https://docs.pytest.org/en/stable/how-to/capture-warnings.html
884 passed, 20 warnings in 406.43s (0:06:46)
docker build -f frontend/Dockerfile -t partsignal-frontend-v2:test frontend
#0 building with "colima" instance using docker driver

#1 [internal] load build definition from Dockerfile
#1 transferring dockerfile: 339B done
#1 DONE 0.0s

#2 [internal] load metadata for docker.io/library/node:22-alpine
#2 ...

#3 [internal] load metadata for docker.io/library/nginx:1.27-alpine
#3 DONE 1.7s

#2 [internal] load metadata for docker.io/library/node:22-alpine
#2 DONE 1.7s

#4 [internal] load .dockerignore
#4 transferring context: 137B done
#4 DONE 0.0s

#5 [development 1/5] FROM docker.io/library/node:22-alpine@sha256:0a7108bf6c7bf5de370ffb1a3ed6be93d405b43ff159f681a8d18c0e2bc2e402
#5 resolve docker.io/library/node:22-alpine@sha256:0a7108bf6c7bf5de370ffb1a3ed6be93d405b43ff159f681a8d18c0e2bc2e402 0.0s done
#5 DONE 0.0s

#6 [stage-2 1/3] FROM docker.io/library/nginx:1.27-alpine@sha256:65645c7bb6a0661892a8b03b89d0743208a18dd2f3f17a54ef4b76fb8e2f2a10
#6 resolve docker.io/library/nginx:1.27-alpine@sha256:65645c7bb6a0661892a8b03b89d0743208a18dd2f3f17a54ef4b76fb8e2f2a10 0.0s done
#6 DONE 0.0s

#7 [internal] load build context
#7 transferring context: 889.02kB 0.0s done
#7 DONE 0.0s

#8 [development 2/5] WORKDIR /app
#8 CACHED

#9 [development 3/5] COPY package.json package-lock.json ./
#9 CACHED

#10 [development 4/5] RUN npm ci
#10 CACHED

#11 [development 5/5] COPY . .
#11 DONE 0.1s

#12 [build 1/1] RUN npm run build
#12 0.322 
#12 0.322 > partsignal-frontend-v2@0.1.0 build
#12 0.322 > tsc -b && vite build --config vite.config.ts
#12 0.322 
#12 14.39 vite v8.2.1 building client environment for production...
#12 14.39 [2Ktransforming...✓ 2953 modules transformed.
#12 15.20 rendering chunks...
#12 15.30 computing gzip size...
#12 15.32 dist/index.html                                                    0.57 kB │ gzip:   0.34 kB
#12 15.32 dist/assets/index-aDRwmOVp.css                                    81.52 kB │ gzip:  14.12 kB
#12 15.32 dist/assets/queryOptions-Dfvzj6n2.js                               0.03 kB │ gzip:   0.05 kB
#12 15.32 dist/assets/route-3YAM3tuL.js                                      0.07 kB │ gzip:   0.08 kB
#12 15.32 dist/assets/route-B2aZ3QBi.js                                      0.07 kB │ gzip:   0.08 kB
#12 15.32 dist/assets/route-B41ZhOLB.js                                      0.07 kB │ gzip:   0.08 kB
#12 15.32 dist/assets/route-BQmWoCus.js                                      0.07 kB │ gzip:   0.08 kB
#12 15.32 dist/assets/route-C5cBrTK3.js                                      0.07 kB │ gzip:   0.08 kB
#12 15.32 dist/assets/route-COvhN9v6.js                                      0.07 kB │ gzip:   0.08 kB
#12 15.32 dist/assets/route-CW62_yWg.js                                      0.07 kB │ gzip:   0.08 kB
#12 15.32 dist/assets/route-DEzmN659.js                                      0.07 kB │ gzip:   0.08 kB
#12 15.32 dist/assets/route-DQwB-ZOv.js                                      0.07 kB │ gzip:   0.08 kB
#12 15.32 dist/assets/route-DYSd7FA3.js                                      0.07 kB │ gzip:   0.08 kB
#12 15.32 dist/assets/route-DoTyqfYj.js                                      0.07 kB │ gzip:   0.08 kB
#12 15.32 dist/assets/route-DrPtIM3S.js                                      0.07 kB │ gzip:   0.08 kB
#12 15.32 dist/assets/route-DsXtGSAg.js                                      0.07 kB │ gzip:   0.08 kB
#12 15.32 dist/assets/route-TEQwWL7Y.js                                      0.07 kB │ gzip:   0.08 kB
#12 15.32 dist/assets/coerce-B7qvEFv2.js                                     0.08 kB │ gzip:   0.10 kB
#12 15.32 dist/assets/isElementDisabled-KSuuBj8D.js                          0.11 kB │ gzip:   0.11 kB
#12 15.32 dist/assets/chevron-right-BDreXH8w.js                              0.13 kB │ gzip:   0.14 kB
#12 15.32 dist/assets/canonical-uuid-Cv7V7MT8.js                             0.13 kB │ gzip:   0.13 kB
#12 15.32 dist/assets/settings.ai-CipVaq6G.js                                0.21 kB │ gzip:   0.20 kB
#12 15.32 dist/assets/_taskId_.editor-_qjLAkbp.js                            0.22 kB │ gzip:   0.20 kB
#12 15.32 dist/assets/_taskId_.review-zeX8OAEE.js                            0.22 kB │ gzip:   0.20 kB
#12 15.32 dist/assets/route-DFljbmbX.js                                      0.22 kB │ gzip:   0.20 kB
#12 15.32 dist/assets/system.audit-qBeF2bb1.js                               0.22 kB │ gzip:   0.20 kB
#12 15.32 dist/assets/system.users-0TM8kiXu.js                               0.22 kB │ gzip:   0.20 kB
#12 15.32 dist/assets/settings.prompts-9jQdIs2s.js                           0.22 kB │ gzip:   0.20 kB
#12 15.32 dist/assets/_taskId-Vsd3-0WC.js                                    0.22 kB │ gzip:   0.21 kB
#12 15.32 dist/assets/settings.platforms.types-C4NjYBws.js                   0.22 kB │ gzip:   0.21 kB
#12 15.32 dist/assets/versions_._versionId-BW6wP3pa.js                       0.22 kB │ gzip:   0.21 kB
#12 15.32 dist/assets/_platformId-BeKfjBVf.js                                0.22 kB │ gzip:   0.20 kB
#12 15.32 dist/assets/settings.ai_._channelId-Z_MUrH5D.js                    0.22 kB │ gzip:   0.20 kB
#12 15.32 dist/assets/_observationId-B3QjNhkV.js                             0.23 kB │ gzip:   0.21 kB
#12 15.32 dist/assets/useControlled-DMK4Pb-8.js                              0.24 kB │ gzip:   0.21 kB
#12 15.32 dist/assets/skeleton-Ged3Zc9T.js                                   0.24 kB │ gzip:   0.20 kB
#12 15.32 dist/assets/table-shell-BGuXgMNH.js                                0.33 kB │ gzip:   0.24 kB
#12 15.32 dist/assets/usePopupHandleStore-D9Ys5NRI.js                        0.35 kB │ gzip:   0.25 kB
#12 15.32 dist/assets/table-toolbar-JNNhOzlg.js                              0.42 kB │ gzip:   0.27 kB
#12 15.32 dist/assets/table-skeleton-G-FjuOli.js                             0.45 kB │ gzip:   0.35 kB
#12 15.32 dist/assets/route-error-Bl0menBv.js                                0.46 kB │ gzip:   0.31 kB
#12 15.32 dist/assets/_productId-Cu3oT6KN.js                                 0.49 kB │ gzip:   0.35 kB
#12 15.32 dist/assets/_productId_.facts-C-S7KVKf.js                          0.50 kB │ gzip:   0.36 kB
#12 15.32 dist/assets/_productId_.facts_.versions_._versionId-996oc21h.js    0.50 kB │ gzip:   0.36 kB
#12 15.32 dist/assets/_productId_.facts_.review-CtF33cCX.js                  0.50 kB │ gzip:   0.37 kB
#12 15.32 dist/assets/_observationId_.correct-CvEAF6FG.js                    0.51 kB │ gzip:   0.37 kB
#12 15.32 dist/assets/useCompositeItem-BGClVRCY.js                           0.54 kB │ gzip:   0.37 kB
#12 15.32 dist/assets/empty-table-DARB4g0g.js                                0.55 kB │ gzip:   0.33 kB
#12 15.32 dist/assets/_observationId_.correct-DVKDZynA.js                    0.58 kB │ gzip:   0.31 kB
#12 15.32 dist/assets/content-version.model-BVKgM5xI.js                      0.61 kB │ gzip:   0.43 kB
#12 15.32 dist/assets/detail-section-Dm8gVxQG.js                             0.63 kB │ gzip:   0.34 kB
#12 15.32 dist/assets/return-to-BzbJXkRi.js                                  0.63 kB │ gzip:   0.39 kB
#12 15.32 dist/assets/workbench.api-BODcO5uB.js                              0.71 kB │ gzip:   0.46 kB
#12 15.32 dist/assets/route-Do6Dxmmm.js                                      0.72 kB │ gzip:   0.50 kB
#12 15.32 dist/assets/textarea-CPcbKIlY.js                                   0.83 kB │ gzip:   0.43 kB
#12 15.32 dist/assets/timeline-BSjJ8olh.js                                   0.94 kB │ gzip:   0.49 kB
#12 15.32 dist/assets/form-field-Dwoq3h4m.js                                 0.97 kB │ gzip:   0.54 kB
#12 15.32 dist/assets/rowSortingFeature-Ba_AO-A_.js                          1.02 kB │ gzip:   0.49 kB
#12 15.32 dist/assets/security-Be7fcYev.js                                   1.08 kB │ gzip:   0.59 kB
#12 15.32 dist/assets/geo-observation-actions-C2i_qn8N.js                    1.09 kB │ gzip:   0.67 kB
#12 15.32 dist/assets/login-ozwn2KUW.js                                      1.17 kB │ gzip:   0.65 kB
#12 15.32 dist/assets/print-C6wKmRGt.js                                      1.20 kB │ gzip:   0.67 kB
#12 15.32 dist/assets/product-deletion-dialog-O3EWX36R.js                    1.20 kB │ gzip:   0.76 kB
#12 15.32 dist/assets/filter-bar-CwrbQQ9n.js                                 1.23 kB │ gzip:   0.72 kB
#12 15.32 dist/assets/new-BN-zxWgK.js                                        1.23 kB │ gzip:   0.71 kB
#12 15.32 dist/assets/form-layout-B0Bgsdpq.js                                1.29 kB │ gzip:   0.69 kB
#12 15.32 dist/assets/file-transfer-CkO3-a8I.js                              1.41 kB │ gzip:   0.83 kB
#12 15.32 dist/assets/useBaseUiId-C9V7pCeo.js                                1.42 kB │ gzip:   0.80 kB
#12 15.32 dist/assets/table-pagination-BRbVF3Ow.js                           1.48 kB │ gzip:   0.80 kB
#12 15.32 dist/assets/badge-DofVsWMx.js                                      1.57 kB │ gzip:   0.70 kB
#12 15.32 dist/assets/audit.api-CGc_Exps.js                                  1.62 kB │ gzip:   0.76 kB
#12 15.32 dist/assets/sticky-action-bar-BPKtF-FY.js                          1.62 kB │ gzip:   0.86 kB
#12 15.32 dist/assets/versions_._versionId-cGkUw77O.js                       1.72 kB │ gzip:   0.89 kB
#12 15.32 dist/assets/_productId_.facts_.versions_._versionId-O77jOhdj.js    1.77 kB │ gzip:   0.89 kB
#12 15.32 dist/assets/workspace-shell-CF3bnepz.js                            1.77 kB │ gzip:   0.83 kB
#12 15.32 dist/assets/insights-BgbIrA25.js                                   1.78 kB │ gzip:   0.96 kB
#12 15.32 dist/assets/articles-C_Y9f9ke.js                                   1.82 kB │ gzip:   0.97 kB
#12 15.32 dist/assets/new-zPq7e_l7.js                                        1.94 kB │ gzip:   1.06 kB
#12 15.32 dist/assets/_articleId-D_f7Ou_2.js                                 1.96 kB │ gzip:   1.09 kB
#12 15.32 dist/assets/_productId_.facts_.versions-D2pa0Am3.js                1.96 kB │ gzip:   1.06 kB
#12 15.32 dist/assets/catalog-controls-goh_2f5S.js                           1.97 kB │ gzip:   0.88 kB
#12 15.32 dist/assets/issues-COhDCknM.js                                     2.00 kB │ gzip:   1.05 kB
#12 15.32 dist/assets/_taskId-CxlUuAzb.js                                    2.00 kB │ gzip:   1.06 kB
#12 15.32 dist/assets/settings.platforms.types-B0PdO-ph.js                   2.01 kB │ gzip:   1.02 kB
#12 15.32 dist/assets/new-lm1lO0TN.js                                        2.08 kB │ gzip:   1.18 kB
#12 15.32 dist/assets/_observationId-BZ_0P0px.js                             2.09 kB │ gzip:   1.09 kB
#12 15.32 dist/assets/work-Dcb-XAHY.js                                       2.11 kB │ gzip:   1.10 kB
#12 15.32 dist/assets/_productId-LXv2JO0L.js                                 2.14 kB │ gzip:   1.11 kB
#12 15.32 dist/assets/_taskId_.review-C79UvZks.js                            2.16 kB │ gzip:   1.13 kB
#12 15.32 dist/assets/_productId_.facts_.review-0EMhqKeS.js                  2.17 kB │ gzip:   1.12 kB
#12 15.32 dist/assets/platforms-BY9DH1Ra.js                                  2.18 kB │ gzip:   1.14 kB
#12 15.32 dist/assets/_productId_.facts-qNhZFu0U.js                          2.22 kB │ gzip:   1.16 kB
#12 15.32 dist/assets/useRegisterFieldControl-BcstcGLC.js                    2.25 kB │ gzip:   1.07 kB
#12 15.32 dist/assets/tasks-VSBtDR6P.js                                      2.26 kB │ gzip:   1.17 kB
#12 15.32 dist/assets/_issueId-CKonUchR.js                                   2.27 kB │ gzip:   1.25 kB
#12 15.32 dist/assets/useStore-VZN0-5bO.js                                   2.27 kB │ gzip:   0.97 kB
#12 15.32 dist/assets/_taskId_.editor-Dx3VNMVW.js                            2.27 kB │ gzip:   1.17 kB
#12 15.32 dist/assets/observations-CRvRprir.js                               2.28 kB │ gzip:   1.17 kB
#12 15.32 dist/assets/plans-BM3n0jU-.js                                      2.32 kB │ gzip:   1.22 kB
#12 15.32 dist/assets/dialog-CxAcH29X.js                                     2.33 kB │ gzip:   0.91 kB
#12 15.32 dist/assets/topics-Sur_YPeK.js                                     2.34 kB │ gzip:   1.22 kB
#12 15.32 dist/assets/system.audit-DJF44eOD.js                               2.35 kB │ gzip:   1.18 kB
#12 15.32 dist/assets/input-BctqO2IH.js                                      2.47 kB │ gzip:   1.25 kB
#12 15.32 dist/assets/dirty-guard-BEF21xlu.js                                2.58 kB │ gzip:   1.23 kB
#12 15.32 dist/assets/settings.ai-BV_dlxHk.js                                2.60 kB │ gzip:   1.33 kB
#12 15.32 dist/assets/prompt.api-ClmNqhO5.js                                 2.65 kB │ gzip:   1.01 kB
#12 15.32 dist/assets/products-DyB33k_4.js                                   2.73 kB │ gzip:   1.40 kB
#12 15.32 dist/assets/security-wNQp3bH8.js                                   3.03 kB │ gzip:   1.48 kB
#12 15.32 dist/assets/login-BEq0rn30.js                                      3.04 kB │ gzip:   1.48 kB
#12 15.32 dist/assets/useCompositeListItem-u8lPl9Q5.js                       3.11 kB │ gzip:   1.41 kB
#12 15.32 dist/assets/settings.ai_._channelId-Btg-2S0a.js                    3.11 kB │ gzip:   1.55 kB
#12 15.32 dist/assets/sheet-BlEQVZEU.js                                      3.73 kB │ gzip:   1.45 kB
#12 15.32 dist/assets/audit-detail-content-Cyz1mXVE.js                       3.90 kB │ gzip:   1.61 kB
#12 15.32 dist/assets/print-BHta7M6T.js                                      4.13 kB │ gzip:   1.66 kB
#12 15.32 dist/assets/product.model-Gqih7VkD.js                              4.40 kB │ gzip:   2.01 kB
#12 15.32 dist/assets/Match-CvdDQUn7.js                                      4.41 kB │ gzip:   1.72 kB
#12 15.32 dist/assets/new-BtbUc_61.js                                        4.45 kB │ gzip:   1.95 kB
#12 15.32 dist/assets/_workId-BRZorLzO.js                                    4.72 kB │ gzip:   2.42 kB
#12 15.32 dist/assets/settings.prompts-DOqFJ4RK.js                           4.89 kB │ gzip:   2.41 kB
#12 15.32 dist/assets/issues-D-Gzww4B.js                                     5.10 kB │ gzip:   2.13 kB
#12 15.32 dist/assets/_productId_.facts_.versions-CncO8Z8I.js                5.26 kB │ gzip:   2.36 kB
#12 15.32 dist/assets/composite-DCAXQEvB.js                                  5.88 kB │ gzip:   2.28 kB
#12 15.32 dist/assets/articles-1jMU92q6.js                                   5.96 kB │ gzip:   2.41 kB
#12 15.32 dist/assets/geo-evidence-upload-1Jqw1_aB.js                        6.15 kB │ gzip:   2.66 kB
#12 15.32 dist/assets/client-_ADlmVAQ.js                                     6.60 kB │ gzip:   2.57 kB
#12 15.32 dist/assets/principal-epoch-C10oPH-p.js                            6.87 kB │ gzip:   2.33 kB
#12 15.32 dist/assets/globalFilteringFeature-BnU7ce-a.js                     6.95 kB │ gzip:   1.98 kB
#12 15.32 dist/assets/plans.api-CrYi_C83.js                                  7.47 kB │ gzip:   3.16 kB
#12 15.32 dist/assets/_platformId-MaXPcpJk.js                                7.70 kB │ gzip:   3.46 kB
#12 15.32 dist/assets/_app--fc4GM5f.js                                       7.72 kB │ gzip:   2.58 kB
#12 15.32 dist/assets/QueryClientProvider-CWfwOWtR.js                        7.80 kB │ gzip:   3.04 kB
#12 15.32 dist/assets/product.api-B2WfqUyL.js                                7.94 kB │ gzip:   2.60 kB
#12 15.32 dist/assets/_productId_.facts_.versions_._versionId-B0TQArkC.js    8.18 kB │ gzip:   2.62 kB
#12 15.32 dist/assets/jsx-runtime-B-hcVAMW.js                                8.55 kB │ gzip:   3.26 kB
#12 15.32 dist/assets/x-Dsh7B04s.js                                          8.72 kB │ gzip:   3.14 kB
#12 15.32 dist/assets/questions-BaYNMv_L.js                                  8.77 kB │ gzip:   3.88 kB
#12 15.32 dist/assets/new-CxRm6qhj.js                                        8.95 kB │ gzip:   3.78 kB
#12 15.32 dist/assets/geo-entities-BzFF9iE1.js                               9.07 kB │ gzip:   3.61 kB
#12 15.32 dist/assets/products-CkVS32Xs.js                                   9.25 kB │ gzip:   3.71 kB
#12 15.32 dist/assets/tasks-NqLc2hIF.js                                      9.27 kB │ gzip:   3.57 kB
#12 15.32 dist/assets/platform.api-Z1OJ8JuH.js                               9.71 kB │ gzip:   3.25 kB
#12 15.32 dist/assets/geo-insights-report-CTUVLNPe.js                       10.34 kB │ gzip:   2.88 kB
#12 15.32 dist/assets/versions_._versionId-VEBh2Z5v.js                      12.02 kB │ gzip:   3.82 kB
#12 15.32 dist/assets/runs-D4LWmfg_.js                                      12.40 kB │ gzip:   4.76 kB
#12 15.32 dist/assets/tabs-xmeTHGNj.js                                      12.50 kB │ gzip:   4.72 kB
#12 15.32 dist/assets/content-task-lifecycle-eLOOVIw1.js                    12.51 kB │ gzip:   4.65 kB
#12 15.32 dist/assets/system.audit-Bxbvvnlg.js                              12.54 kB │ gzip:   4.38 kB
#12 15.32 dist/assets/observations-DirAmYDK.js                              12.54 kB │ gzip:   4.87 kB
#12 15.32 dist/assets/system.users-BHb5uYj6.js                              12.87 kB │ gzip:   5.48 kB
#12 15.32 dist/assets/insights-D5N95g65.js                                  13.39 kB │ gzip:   4.90 kB
#12 15.32 dist/assets/route-D_bLpcKd2.js                                    13.54 kB │ gzip:   5.12 kB
#12 15.32 dist/assets/_taskId-BgPQuMON.js                                   14.87 kB │ gzip:   4.63 kB
#12 15.32 dist/assets/content.api-DAUQGNIr.js                               14.90 kB │ gzip:   4.32 kB
#12 15.32 dist/assets/_productId_.facts_.review-S8NBVfIo.js                 15.83 kB │ gzip:   5.63 kB
#12 15.32 dist/assets/work-DIf8ofTt.js                                      15.92 kB │ gzip:   5.20 kB
#12 15.32 dist/assets/publication.api-Dq1WuU_x.js                           16.20 kB │ gzip:   4.80 kB
#12 15.32 dist/assets/_articleId-e9fMKJlD.js                                16.27 kB │ gzip:   5.43 kB
#12 15.32 dist/assets/useQuery-fTBak1Kd.js                                  16.32 kB │ gzip:   5.46 kB
#12 15.32 dist/assets/settings.platforms.types-BjiiWnM9.js                  16.42 kB │ gzip:   5.91 kB
#12 15.32 dist/assets/new-Bf_MaGXs.js                                       16.94 kB │ gzip:   6.04 kB
#12 15.32 dist/assets/platforms-JhLehe44.js                                 17.07 kB │ gzip:   6.18 kB
#12 15.32 dist/assets/_productId_.facts-BtKnR_3m.js                         17.33 kB │ gzip:   5.82 kB
#12 15.32 dist/assets/_taskId_.review-DiXye1EP.js                           17.48 kB │ gzip:   6.06 kB
#12 15.32 dist/assets/settings.ai-7JdkE5SO.js                               17.50 kB │ gzip:   6.31 kB
#12 15.32 dist/assets/_productId-CpNeOCkT.js                                17.55 kB │ gzip:   5.89 kB
#12 15.32 dist/assets/audit.model-Mvap3GGA.js                               17.82 kB │ gzip:   5.59 kB
#12 15.32 dist/assets/row-actions-md9X62NH.js                               17.90 kB │ gzip:   6.59 kB
#12 15.32 dist/assets/_observationId-aR_A9HEc.js                            18.05 kB │ gzip:   5.76 kB
#12 15.32 dist/assets/auth-provider-BZxLbg6u.js                             18.50 kB │ gzip:   6.78 kB
#12 15.32 dist/assets/geo.api-CFvQtt7v.js                                   18.53 kB │ gzip:   5.93 kB
#12 15.32 dist/assets/geo-surfaces-DnBFGQQ_.js                              18.79 kB │ gzip:   6.96 kB
#12 15.32 dist/assets/_issueId-Bl_hI66i.js                                  19.62 kB │ gzip:   6.52 kB
#12 15.32 dist/assets/topics-BL6oHJJJ.js                                    19.98 kB │ gzip:   7.04 kB
#12 15.32 dist/assets/ai-channel-workspace.model-B16v7npM.js                20.72 kB │ gzip:   6.32 kB
#12 15.32 dist/assets/lazyRouteComponent-xDW4EKjC.js                        24.20 kB │ gzip:   8.98 kB
#12 15.32 dist/assets/_observationId_.correct-C1Cq4exu.js                   24.42 kB │ gzip:   8.23 kB
#12 15.32 dist/assets/_workId-49-Lv2a7.js                                   28.51 kB │ gzip:   8.89 kB
#12 15.32 dist/assets/questions-Y-te7bOn.js                                 28.82 kB │ gzip:   9.22 kB
#12 15.32 dist/assets/select-CLC8dOiK.js                                    30.10 kB │ gzip:  10.91 kB
#12 15.32 dist/assets/settings.prompts-4AaSFZ2r.js                          30.81 kB │ gzip:   9.97 kB
#12 15.32 dist/assets/system.users-DJmVPCP9.js                              31.00 kB │ gzip:   9.75 kB
#12 15.32 dist/assets/providers-DL1DUI-m.js                                 35.19 kB │ gzip:  10.52 kB
#12 15.32 dist/assets/geo-entities-CQQSN945.js                              35.31 kB │ gzip:  10.93 kB
#12 15.32 dist/assets/icon-button-DCtK-wkU.js                               36.26 kB │ gzip:  12.08 kB
#12 15.32 dist/assets/column-header-CKo0pp-x.js                             36.45 kB │ gzip:  11.43 kB
#12 15.32 dist/assets/ToolbarRootContext-C4EEwU8A.js                        36.62 kB │ gzip:  14.02 kB
#12 15.32 dist/assets/geo-surfaces-DkX7kic6.js                              37.42 kB │ gzip:  11.52 kB
#12 15.32 dist/assets/_taskId_.editor-Bk1CioZi.js                           37.91 kB │ gzip:  11.54 kB
#12 15.32 dist/assets/_platformId-oeam-wmT.js                               38.91 kB │ gzip:  11.58 kB
#12 15.32 dist/assets/createLucideIcon-DkSlrenw.js                          39.80 kB │ gzip:  14.03 kB
#12 15.32 dist/assets/button-BZhX1_Og.js                                    40.12 kB │ gzip:  13.54 kB
#12 15.32 dist/assets/zod-CS-qYe1E.js                                       40.85 kB │ gzip:  14.09 kB
#12 15.32 dist/assets/route-B8Am6nnz.js                                     43.50 kB │ gzip:  15.67 kB
#12 15.32 dist/assets/settings.ai_._channelId-Cx0NKE8Q.js                   49.67 kB │ gzip:  13.69 kB
#12 15.32 dist/assets/plans-BTTDdDYX.js                                     50.92 kB │ gzip:  15.78 kB
#12 15.32 dist/assets/runs-DFrK_C7v.js                                      62.37 kB │ gzip:  18.61 kB
#12 15.32 dist/assets/schemas-DZ7REgoR.js                                   69.76 kB │ gzip:  18.62 kB
#12 15.32 dist/assets/index-knQwktU7.js                                    188.61 kB │ gzip:  60.29 kB
#12 15.32 dist/assets/markdown-editor-BQeU5OL0.js                          729.88 kB │ gzip: 245.01 kB
#12 15.32 
#12 15.32 [plugin builtin:vite-reporter] 
#12 15.32 (!) Some chunks are larger than 500 kB after minification. Consider:
#12 15.32 - Using dynamic import() to code-split the application
#12 15.32 - Use build.rolldownOptions.output.codeSplitting to improve chunking: https://rolldown.rs/reference/OutputOptions.codeSplitting
#12 15.32 - Adjust chunk size limit for this warning via build.chunkSizeWarningLimit.
#12 15.32 ✓ built in 933ms
#12 15.35 npm notice
#12 15.35 npm notice New major version of npm available! 10.9.9 -> 12.2.0
#12 15.35 npm notice Changelog: https://github.com/npm/cli/releases/tag/v12.2.0
#12 15.35 npm notice To update run: npm install -g npm@12.2.0
#12 15.35 npm notice
#12 DONE 15.4s

#6 [stage-2 1/3] FROM docker.io/library/nginx:1.27-alpine@sha256:65645c7bb6a0661892a8b03b89d0743208a18dd2f3f17a54ef4b76fb8e2f2a10
#6 CACHED

#13 [stage-2 2/3] COPY --from=build /app/dist /usr/share/nginx/html
#13 DONE 0.0s

#14 [stage-2 3/3] COPY nginx.conf /etc/nginx/conf.d/default.conf
#14 DONE 0.0s

#15 exporting to image
#15 exporting layers 0.1s done
#15 exporting manifest sha256:878052ac916920f3b5753a3574fe508275faade25090fa91d2fa60e36154326f
#15 exporting manifest sha256:878052ac916920f3b5753a3574fe508275faade25090fa91d2fa60e36154326f done
#15 exporting config sha256:cb782fef80bca6c9134a3b68178886fc94bc3dae43276583b39a449f6e312859 done
#15 exporting attestation manifest sha256:d8d9bec8b698d643620d230ceeaa325449c10e4b77ad4403210e7a84c1635ba3 done
#15 exporting manifest list sha256:2f0cbd3a0e216e8e816dadbe821da82b7f3d3e133e46ec43ac7b4ee25e3f2cfd done
#15 naming to docker.io/library/partsignal-frontend-v2:test done
#15 unpacking to docker.io/library/partsignal-frontend-v2:test 0.0s done
#15 DONE 0.2s
docker build -f backend/Dockerfile -t partsignal-backend:test backend
#0 building with "colima" instance using docker driver

#1 [internal] load build definition from Dockerfile
#1 transferring dockerfile: 594B done
#1 DONE 0.0s

#2 [internal] load metadata for docker.io/library/python:3.12-slim
#2 ...

#3 [auth] astral-sh/uv:pull token for ghcr.io
#3 DONE 0.0s

#4 [internal] load metadata for ghcr.io/astral-sh/uv:0.7.13
#4 ...

#2 [internal] load metadata for docker.io/library/python:3.12-slim
#2 DONE 1.7s

#4 [internal] load metadata for ghcr.io/astral-sh/uv:0.7.13
#4 DONE 1.8s

#5 [internal] load .dockerignore
#5 transferring context: 152B done
#5 DONE 0.0s

#6 [runtime 1/7] FROM docker.io/library/python:3.12-slim@sha256:dddfd7e07f9d15aeeca61529320492139d21cac7f0070c00609243e51e4e0016
#6 resolve docker.io/library/python:3.12-slim@sha256:dddfd7e07f9d15aeeca61529320492139d21cac7f0070c00609243e51e4e0016 done
#6 DONE 0.0s

#7 FROM ghcr.io/astral-sh/uv:0.7.13@sha256:6c1e19020ec221986a210027040044a5df8de762eb36d5240e382bc41d7a9043
#7 resolve ghcr.io/astral-sh/uv:0.7.13@sha256:6c1e19020ec221986a210027040044a5df8de762eb36d5240e382bc41d7a9043 done
#7 DONE 0.0s

#8 [internal] load build context
#8 transferring context: 136.21kB 0.0s done
#8 DONE 0.0s

#9 [runtime 3/7] COPY --from=ghcr.io/astral-sh/uv:0.7.13 /uv /uvx /bin/
#9 CACHED

#10 [runtime 4/7] COPY pyproject.toml uv.lock* ./
#10 CACHED

#11 [runtime 2/7] WORKDIR /app
#11 CACHED

#12 [runtime 5/7] RUN uv sync --no-dev --no-install-project
#12 CACHED

#13 [runtime 6/7] COPY . .
#13 DONE 0.1s

#14 [runtime 7/7] RUN uv sync --no-dev
#14 0.132 Resolved 88 packages in 0.70ms
#14 0.134    Building partsignal-backend @ file:///app
#14 3.396       Built partsignal-backend @ file:///app
#14 3.396 Prepared 1 package in 3.26s
#14 3.398 Installed 1 package in 2ms
#14 3.536 Bytecode compiled 2466 files in 137ms
#14 3.536  + partsignal-backend==0.1.0 (from file:///app)
#14 DONE 3.5s

#15 exporting to image
#15 exporting layers
#15 exporting layers 0.2s done
#15 exporting manifest sha256:0240578578a10c06a315c8b8642e7112cf688ae1a831246a29c0b1ac9f2da8cd
#15 exporting manifest sha256:0240578578a10c06a315c8b8642e7112cf688ae1a831246a29c0b1ac9f2da8cd done
#15 exporting config sha256:0fa576113fbf7903f814874a5e8c1649b54db80d454dfcfecb3c9b8c38b8c8f2 done
#15 exporting attestation manifest sha256:6c300e9eb352d724ca8f8a97411ee444181b7c20a7a83f7b6fd95dcfcb260745 done
#15 exporting manifest list sha256:ce30d7ccdb6bf6351e7d68a2936f7633c546bc9cb9a3850c28409c43b1613d2e done
#15 naming to docker.io/library/partsignal-backend:test done
#15 unpacking to docker.io/library/partsignal-backend:test 0.1s done
#15 DONE 0.3s
PARTSIGNAL_E2E_GEO_MODE= PARTSIGNAL_E2E_SPEC= deploy/scripts/e2e-local.sh
E2E_SECRET_REGISTRATION status=ready
INFO  [alembic.runtime.migration] Context impl PostgresqlImpl.
INFO  [alembic.runtime.migration] Will assume transactional DDL.
INFO  [alembic.runtime.migration] Running upgrade  -> 0001_identity_audit, 创建身份、会话和审计表。
INFO  [alembic.runtime.migration] Running upgrade 0001_identity_audit -> 0002_product_facts, 创建规范化产品事实和不可变事实版本。
INFO  [alembic.runtime.migration] Running upgrade 0002_product_facts -> 0003_content_planning, 创建目标问题、平台规则版本和内容任务。
INFO  [alembic.runtime.migration] Running upgrade 0003_content_planning -> 0004_content_production, 创建 PostgreSQL 权威生成作业和不可变 Markdown 内容版本。
INFO  [alembic.runtime.migration] Running upgrade 0004_content_production -> 0005_content_review, 创建追加式内容审核记录。
INFO  [alembic.runtime.migration] Running upgrade 0005_content_review -> 0006_publication, 创建平台账号、人工发布记录和状态事件。
INFO  [alembic.runtime.migration] Running upgrade 0006_publication -> 0007_geo_observation, 创建追加式 GEO 观测及引用关联。
INFO  [alembic.runtime.migration] Running upgrade 0007_geo_observation -> 0008_files, 创建文件生命周期、附件关联并补加证据文件外键。
INFO  [alembic.runtime.migration] Running upgrade 0008_files -> 0009_config_center, 迁移账号类型、配置中心与真实 AI 生成字段。
INFO  [alembic.runtime.migration] Running upgrade 0009_config_center -> 0010_user_cleanup, 清理旧版职责账号并强制既有内容工程师改密。
INFO  [alembic.runtime.migration] Running upgrade 0010_user_cleanup -> 0011_generation_reliability, 增加生成作业补投递诊断字段与到期扫描索引。
INFO  [alembic.runtime.migration] Running upgrade 0011_generation_reliability -> 0012_ai_data_classification, 为生成输入增加显式数据分级与责任人记录。
INFO  [alembic.runtime.migration] Running upgrade 0012_ai_data_classification -> 0013_publication_closure, 增加发布异常待办、修复任务来源和发布平台一致性门禁。
INFO  [alembic.runtime.migration] Running upgrade 0013_publication_closure -> 0014_platform_prompt_ownership, 将当前 Prompt 所有权从平台类型迁移到具体平台。
INFO  [alembic.runtime.migration] Running upgrade 0014_platform_prompt_ownership -> 0015_platform_rule_draft_editing, 允许按修订号编辑平台规则草稿，并继续冻结已激活或退役正文。
INFO  [alembic.runtime.migration] Running upgrade 0015_platform_rule_draft_editing -> 0016_fact_review_cleanup, 允许受约束删除事实版本时清理其从属审核记录。
INFO  [alembic.runtime.migration] Running upgrade 0016_fact_review_cleanup -> 0017_content_humanization, 增加全局自然化 Prompt，并让现有 AI 作业承载自然化修订。
INFO  [alembic.runtime.migration] Running upgrade 0017_content_humanization -> 0018_manual_geo_observation, 增加产品级人工 GEO 观测，并保留旧模型观测历史。
INFO  [alembic.runtime.migration] Running upgrade 0018_manual_geo_observation -> 0019_product_driven_tasks, 允许新内容任务直接围绕产品创建，同时保留历史目标问题关联。
INFO  [alembic.runtime.migration] Running upgrade 0019_product_driven_tasks -> 0020_platform_branding_task_list, 为具体平台增加官网与单一来源 Logo。
INFO  [alembic.runtime.migration] Running upgrade 0020_platform_branding_task_list -> 0021_ai_channel_model_management, 补齐 AI 渠道身份字段与使用统计索引。
INFO  [alembic.runtime.migration] Running upgrade 0021_ai_channel_model_management -> 0022_geo_observation_insights, 补充人工 GEO 逐篇阶段事实与问题主题约束。
INFO  [alembic.runtime.migration] Running upgrade 0022_geo_observation_insights -> 0023_platform_management, 增加具体平台启停状态与管理聚合索引。
INFO  [alembic.runtime.migration] Running upgrade 0023_platform_management -> 0024_audit_outcome, 补齐审计模块、命令结果和安全结果说明。
INFO  [alembic.runtime.migration] Running upgrade 0024_audit_outcome -> 0025_markdown_facts, 将结构化产品事实收敛为 Markdown，并让内容任务直接绑定平台。
INFO  [alembic.runtime.migration] Running upgrade 0025_markdown_facts -> 0026_publication_account_dedup, 补齐发布账号修订约束，并阻止同平台规范化账号标识重复。
INFO  [alembic.runtime.migration] Running upgrade 0026_publication_account_dedup -> 0027_audit_user_delete_guard, 只允许受约束用户删除把匹配审计操作者置空。
INFO  [alembic.runtime.migration] Running upgrade 0027_audit_user_delete_guard -> 0028_platform_logo_lifecycle, 增加平台 Logo 的未引用保留、幂等删除状态与数据库门禁。
INFO  [alembic.runtime.migration] Running upgrade 0028_platform_logo_lifecycle -> 0029_geo_evidence_management, 收敛人工 GEO 独立事实，并为完整更正链删除增加事务门禁。
INFO  [alembic.runtime.migration] Running upgrade 0029_geo_evidence_management -> 0030_publication_record_delete, 为从未公开的发布聚合增加事务级受控删除门禁。
INFO  [alembic.runtime.migration] Running upgrade 0030_publication_record_delete -> 0031_reusable_platform_prompts, 把平台私有 Prompt 收敛为可复用模板和平台当前绑定。
INFO  [alembic.runtime.migration] Running upgrade 0031_reusable_platform_prompts -> 0032_content_task_idempotency, 为普通内容任务创建增加持久化请求键幂等约束。
INFO  [alembic.runtime.migration] Running upgrade 0032_content_task_idempotency -> 0033_task_owned_history_delete, 允许受控删除已取消任务自有的未批准生产历史。
INFO  [alembic.runtime.migration] Running upgrade 0033_task_owned_history_delete -> 0034_publication_redesign, 以发布工作、首次核验成果和发布后内容问题替换旧发布记录。
INFO  [alembic.runtime.migration] Running upgrade 0034_publication_redesign -> 0035_business_workflow, 建立事实提交、内容单主线、发布版本快照与 GEO 来源合同。
INFO  [alembic.runtime.migration] Running upgrade 0035_business_workflow -> 0036_remove_section_url, 删除没有稳定业务含义的发布栏目地址。
INFO  [alembic.runtime.migration] Running upgrade 0036_remove_section_url -> 0037_simplify_deletion_lifecycle, 收缩任务、配置与审计的删除生命周期。
INFO  [alembic.runtime.migration] Running upgrade 0037_simplify_deletion_lifecycle -> 0038_published_article_delete, 允许受控删除无 GEO 引用的发布成果聚合。
INFO  [alembic.runtime.migration] Running upgrade 0038_published_article_delete -> 0039_article_delete_platform, 允许归档任务在删除失效平台的发布成果后转为已取消。
INFO  [alembic.runtime.migration] Running upgrade 0039_article_delete_platform -> 0040_content_draft_management, 允许当前人工未审核草稿受控保存和彻底删除。
INFO  [alembic.runtime.migration] Running upgrade 0040_content_draft_management -> 0041_content_task_list, 补齐内容任务列表的稳定更新时间与排序索引。
INFO  [alembic.runtime.migration] Running upgrade 0041_content_task_list -> 0042_content_version_detail, 记录内容版本自身的真实更新时间。
INFO  [alembic.runtime.migration] Running upgrade 0042_content_version_detail -> 0043_geo_platform_identity, 冻结发布工作的平台 UUID，避免配置删除后 GEO 历史失去身份。
INFO  [alembic.runtime.migration] Running upgrade 0043_geo_platform_identity -> 0044_geo_catalog, 新增 GEO Catalog 三表；冻结本 revision，不读取运行时 ORM。
INFO  [alembic.runtime.migration] Running upgrade 0044_geo_catalog -> 0045_geo_prompt_variants, 仅新增问题变体，冻结规范化及历史锁存，不回填旧问题数组。
INFO  [alembic.runtime.migration] Running upgrade 0045_geo_prompt_variants -> 0046_geo_surfaces_profiles, 新增观测配置与闭合JSON合同；不回填旧GEO或实现运行资格。
INFO  [alembic.runtime.migration] Running upgrade 0046_geo_surfaces_profiles -> 0047_geo_monitoring_plans, 仅增加计划配置聚合；不创建批次、运行或改写历史观测。
INFO  [alembic.runtime.migration] Running upgrade 0047_geo_monitoring_plans -> 0048_geo_batches_runs, 新增独立回答级 Batch/Run，冻结 DDL 与快照/写入守卫，不迁移旧 GEO。
INFO  [alembic.runtime.migration] Running upgrade 0048_geo_batches_runs -> 0049_geo_batch_creation, 创建幂等与批次主体引用；不修改已冻结的 Batch/Run 输入。
INFO  [alembic.runtime.migration] Running upgrade 0049_geo_batch_creation -> 0050_geo_answer_evidence, 新增不可变原始回答、引用和受控文件关系；不实现采集命令。
INFO  [alembic.runtime.migration] Running upgrade 0050_geo_answer_evidence -> 0051_geo_manual_collection, 人工草稿和不可变提交身份；不回填或修改已提交证据。
INFO  [alembic.runtime.migration] Running upgrade 0051_geo_manual_collection -> 0052_geo_profile_tests, API Profile 当前诊断资格与依赖失效；不修改业务历史。
INFO  [alembic.runtime.migration] Running upgrade 0052_geo_profile_tests -> 0053_geo_collection_admission, 加法保存预算预留与发送限速事实，历史 Run 和原始证据保持不变。

> partsignal-frontend-v2@0.1.0 build
> tsc -b && vite build --config vite.config.ts

vite v8.2.1 building client environment for production...
[2Ktransforming...✓ 2953 modules transformed.
rendering chunks...
computing gzip size...
dist/index.html                                                    0.57 kB │ gzip:   0.34 kB
dist/assets/index-aDRwmOVp.css                                    81.52 kB │ gzip:  14.12 kB
dist/assets/queryOptions-Dfvzj6n2.js                               0.03 kB │ gzip:   0.05 kB
dist/assets/route-3YAM3tuL.js                                      0.07 kB │ gzip:   0.08 kB
dist/assets/route-B2aZ3QBi.js                                      0.07 kB │ gzip:   0.08 kB
dist/assets/route-B41ZhOLB.js                                      0.07 kB │ gzip:   0.08 kB
dist/assets/route-BQmWoCus.js                                      0.07 kB │ gzip:   0.08 kB
dist/assets/route-C5cBrTK3.js                                      0.07 kB │ gzip:   0.08 kB
dist/assets/route-COvhN9v6.js                                      0.07 kB │ gzip:   0.08 kB
dist/assets/route-CW62_yWg.js                                      0.07 kB │ gzip:   0.08 kB
dist/assets/route-DEzmN659.js                                      0.07 kB │ gzip:   0.08 kB
dist/assets/route-DQwB-ZOv.js                                      0.07 kB │ gzip:   0.08 kB
dist/assets/route-DYSd7FA3.js                                      0.07 kB │ gzip:   0.08 kB
dist/assets/route-DoTyqfYj.js                                      0.07 kB │ gzip:   0.08 kB
dist/assets/route-DrPtIM3S.js                                      0.07 kB │ gzip:   0.08 kB
dist/assets/route-DsXtGSAg.js                                      0.07 kB │ gzip:   0.08 kB
dist/assets/route-TEQwWL7Y.js                                      0.07 kB │ gzip:   0.08 kB
dist/assets/coerce-C7PPxz45.js                                     0.08 kB │ gzip:   0.10 kB
dist/assets/isElementDisabled-KSuuBj8D.js                          0.11 kB │ gzip:   0.11 kB
dist/assets/chevron-right-DniFRW1B.js                              0.13 kB │ gzip:   0.14 kB
dist/assets/canonical-uuid-C0bOnlsM.js                             0.13 kB │ gzip:   0.13 kB
dist/assets/settings.ai-CipVaq6G.js                                0.21 kB │ gzip:   0.20 kB
dist/assets/_taskId_.editor-_qjLAkbp.js                            0.22 kB │ gzip:   0.20 kB
dist/assets/_taskId_.review-zeX8OAEE.js                            0.22 kB │ gzip:   0.20 kB
dist/assets/route-DFljbmbX.js                                      0.22 kB │ gzip:   0.20 kB
dist/assets/system.audit-qBeF2bb1.js                               0.22 kB │ gzip:   0.20 kB
dist/assets/system.users-0TM8kiXu.js                               0.22 kB │ gzip:   0.20 kB
dist/assets/settings.prompts-9jQdIs2s.js                           0.22 kB │ gzip:   0.20 kB
dist/assets/_taskId-Vsd3-0WC.js                                    0.22 kB │ gzip:   0.21 kB
dist/assets/settings.platforms.types-C4NjYBws.js                   0.22 kB │ gzip:   0.21 kB
dist/assets/versions_._versionId-BW6wP3pa.js                       0.22 kB │ gzip:   0.21 kB
dist/assets/_platformId-BeKfjBVf.js                                0.22 kB │ gzip:   0.20 kB
dist/assets/settings.ai_._channelId-Z_MUrH5D.js                    0.22 kB │ gzip:   0.20 kB
dist/assets/_observationId-B3QjNhkV.js                             0.23 kB │ gzip:   0.21 kB
dist/assets/useControlled-DMK4Pb-8.js                              0.24 kB │ gzip:   0.21 kB
dist/assets/skeleton-Ged3Zc9T.js                                   0.24 kB │ gzip:   0.20 kB
dist/assets/table-shell-BGuXgMNH.js                                0.33 kB │ gzip:   0.24 kB
dist/assets/usePopupHandleStore-D9Ys5NRI.js                        0.35 kB │ gzip:   0.25 kB
dist/assets/table-toolbar-JNNhOzlg.js                              0.42 kB │ gzip:   0.27 kB
dist/assets/table-skeleton-G-FjuOli.js                             0.45 kB │ gzip:   0.35 kB
dist/assets/route-error-Bl0menBv.js                                0.46 kB │ gzip:   0.31 kB
dist/assets/_productId-Cu3oT6KN.js                                 0.49 kB │ gzip:   0.35 kB
dist/assets/_productId_.facts-C-S7KVKf.js                          0.50 kB │ gzip:   0.36 kB
dist/assets/_productId_.facts_.versions_._versionId-996oc21h.js    0.50 kB │ gzip:   0.36 kB
dist/assets/_productId_.facts_.review-CtF33cCX.js                  0.50 kB │ gzip:   0.37 kB
dist/assets/_observationId_.correct-BPNQUSho.js                    0.51 kB │ gzip:   0.37 kB
dist/assets/useCompositeItem-BGClVRCY.js                           0.54 kB │ gzip:   0.37 kB
dist/assets/empty-table-DARB4g0g.js                                0.55 kB │ gzip:   0.33 kB
dist/assets/_observationId_.correct-qsx6uPew.js                    0.58 kB │ gzip:   0.31 kB
dist/assets/content-version.model-BVKgM5xI.js                      0.61 kB │ gzip:   0.43 kB
dist/assets/detail-section-Dm8gVxQG.js                             0.63 kB │ gzip:   0.34 kB
dist/assets/return-to-BzbJXkRi.js                                  0.63 kB │ gzip:   0.39 kB
dist/assets/workbench.api-Cm9VqJUK.js                              0.71 kB │ gzip:   0.46 kB
dist/assets/route-Do6Dxmmm.js                                      0.72 kB │ gzip:   0.50 kB
dist/assets/textarea-CPcbKIlY.js                                   0.83 kB │ gzip:   0.43 kB
dist/assets/timeline-BSjJ8olh.js                                   0.94 kB │ gzip:   0.49 kB
dist/assets/form-field-Dwoq3h4m.js                                 0.97 kB │ gzip:   0.54 kB
dist/assets/rowSortingFeature-Cn5-bAMu.js                          1.02 kB │ gzip:   0.49 kB
dist/assets/security-CavH18Xi.js                                   1.08 kB │ gzip:   0.59 kB
dist/assets/geo-observation-actions-C2i_qn8N.js                    1.09 kB │ gzip:   0.67 kB
dist/assets/login-afWPx9qP.js                                      1.17 kB │ gzip:   0.64 kB
dist/assets/print-BwcUDjhA.js                                      1.20 kB │ gzip:   0.67 kB
dist/assets/product-deletion-dialog-CyfXVeu1.js                    1.20 kB │ gzip:   0.75 kB
dist/assets/filter-bar-CzRBEOVs.js                                 1.23 kB │ gzip:   0.72 kB
dist/assets/new-DPa8FK5z.js                                        1.23 kB │ gzip:   0.71 kB
dist/assets/form-layout-B0Bgsdpq.js                                1.29 kB │ gzip:   0.69 kB
dist/assets/file-transfer-bcVkqTxX.js                              1.41 kB │ gzip:   0.83 kB
dist/assets/useBaseUiId-C9V7pCeo.js                                1.42 kB │ gzip:   0.80 kB
dist/assets/table-pagination-CwX25mDs.js                           1.48 kB │ gzip:   0.81 kB
dist/assets/badge-DofVsWMx.js                                      1.57 kB │ gzip:   0.70 kB
dist/assets/audit.api-D_6qhUEV.js                                  1.62 kB │ gzip:   0.76 kB
dist/assets/sticky-action-bar-EGoREFjY.js                          1.62 kB │ gzip:   0.86 kB
dist/assets/versions_._versionId-BBwST0A5.js                       1.72 kB │ gzip:   0.89 kB
dist/assets/_productId_.facts_.versions_._versionId-DH-5oHqp.js    1.77 kB │ gzip:   0.89 kB
dist/assets/workspace-shell-Dm_akJhu.js                            1.77 kB │ gzip:   0.83 kB
dist/assets/insights-CNEaM6gR.js                                   1.78 kB │ gzip:   0.96 kB
dist/assets/articles-Cr0h012a.js                                   1.82 kB │ gzip:   0.96 kB
dist/assets/new-rVLC7Dr6.js                                        1.94 kB │ gzip:   1.06 kB
dist/assets/_articleId-WOyzOPbf.js                                 1.96 kB │ gzip:   1.09 kB
dist/assets/_productId_.facts_.versions-FiovZyD8.js                1.96 kB │ gzip:   1.06 kB
dist/assets/catalog-controls-CnNXOUIj.js                           1.97 kB │ gzip:   0.88 kB
dist/assets/issues-BNQPIEaq.js                                     2.00 kB │ gzip:   1.05 kB
dist/assets/_taskId-D204YI4u.js                                    2.00 kB │ gzip:   1.06 kB
dist/assets/settings.platforms.types-k3ZklAam.js                   2.01 kB │ gzip:   1.02 kB
dist/assets/new-C_QhB6EU.js                                        2.08 kB │ gzip:   1.17 kB
dist/assets/_observationId-BPfW2KvH.js                             2.09 kB │ gzip:   1.08 kB
dist/assets/work-DGkiGRuU.js                                       2.11 kB │ gzip:   1.10 kB
dist/assets/_productId-C40b75L2.js                                 2.14 kB │ gzip:   1.11 kB
dist/assets/_taskId_.review-C4aoowv3.js                            2.16 kB │ gzip:   1.13 kB
dist/assets/_productId_.facts_.review-lLYAj_Cd.js                  2.17 kB │ gzip:   1.11 kB
dist/assets/platforms-Ct2wApG-.js                                  2.18 kB │ gzip:   1.14 kB
dist/assets/_productId_.facts-Dm9oYlle.js                          2.22 kB │ gzip:   1.15 kB
dist/assets/useRegisterFieldControl-BcstcGLC.js                    2.25 kB │ gzip:   1.07 kB
dist/assets/tasks-B5m5D25d.js                                      2.26 kB │ gzip:   1.17 kB
dist/assets/_issueId-CIXeg871.js                                   2.27 kB │ gzip:   1.25 kB
dist/assets/useStore-VZN0-5bO.js                                   2.27 kB │ gzip:   0.97 kB
dist/assets/_taskId_.editor-D8SELyK5.js                            2.27 kB │ gzip:   1.17 kB
dist/assets/observations-BoblMVc_.js                               2.28 kB │ gzip:   1.17 kB
dist/assets/plans-iLXiNz75.js                                      2.32 kB │ gzip:   1.22 kB
dist/assets/dialog-FnVOWn2f.js                                     2.33 kB │ gzip:   0.91 kB
dist/assets/topics-CsxQtPTP.js                                     2.34 kB │ gzip:   1.22 kB
dist/assets/system.audit-B-wvVdbd.js                               2.35 kB │ gzip:   1.18 kB
dist/assets/input-BctqO2IH.js                                      2.47 kB │ gzip:   1.25 kB
dist/assets/dirty-guard-B83X6SND.js                                2.58 kB │ gzip:   1.23 kB
dist/assets/settings.ai-Bc9Xym6L.js                                2.60 kB │ gzip:   1.33 kB
dist/assets/prompt.api-DzGm0lBb.js                                 2.65 kB │ gzip:   1.01 kB
dist/assets/products-DMBQ0pcj.js                                   2.73 kB │ gzip:   1.41 kB
dist/assets/security-CxAYjV4G.js                                   3.03 kB │ gzip:   1.48 kB
dist/assets/login-Dxda6aev.js                                      3.04 kB │ gzip:   1.48 kB
dist/assets/useCompositeListItem-u8lPl9Q5.js                       3.11 kB │ gzip:   1.41 kB
dist/assets/settings.ai_._channelId-D-I5wfaU.js                    3.11 kB │ gzip:   1.55 kB
dist/assets/sheet-DmUw4rAM.js                                      3.73 kB │ gzip:   1.44 kB
dist/assets/audit-detail-content-DpgmRTFA.js                       3.90 kB │ gzip:   1.61 kB
dist/assets/print-JKD3qOi-.js                                      4.13 kB │ gzip:   1.66 kB
dist/assets/product.model-BCF6XVtU.js                              4.40 kB │ gzip:   2.01 kB
dist/assets/Match-CvdDQUn7.js                                      4.41 kB │ gzip:   1.72 kB
dist/assets/new-CY76TVED.js                                        4.45 kB │ gzip:   1.95 kB
dist/assets/_workId-CZNxQfcj.js                                    4.72 kB │ gzip:   2.42 kB
dist/assets/settings.prompts-zTSf1TTL.js                           4.89 kB │ gzip:   2.41 kB
dist/assets/issues-u4bCYVjF.js                                     5.10 kB │ gzip:   2.13 kB
dist/assets/_productId_.facts_.versions-Cp8KUHtj.js                5.26 kB │ gzip:   2.36 kB
dist/assets/composite-VxUllGw3.js                                  5.88 kB │ gzip:   2.28 kB
dist/assets/articles-VW_ZS9nG.js                                   5.96 kB │ gzip:   2.41 kB
dist/assets/geo-evidence-upload-Ca30mYIN.js                        6.15 kB │ gzip:   2.66 kB
dist/assets/client-C6dNGmfD.js                                     6.59 kB │ gzip:   2.58 kB
dist/assets/principal-epoch-C10oPH-p.js                            6.87 kB │ gzip:   2.33 kB
dist/assets/globalFilteringFeature-kE8GTSFm.js                     6.95 kB │ gzip:   1.98 kB
dist/assets/plans.api-BBbmwFmv.js                                  7.47 kB │ gzip:   3.16 kB
dist/assets/_platformId-BElOocwJ.js                                7.70 kB │ gzip:   3.45 kB
dist/assets/_app-C3MxuYtA.js                                       7.72 kB │ gzip:   2.58 kB
dist/assets/QueryClientProvider-CWfwOWtR.js                        7.80 kB │ gzip:   3.04 kB
dist/assets/product.api-Sl70DI7i.js                                7.94 kB │ gzip:   2.60 kB
dist/assets/_productId_.facts_.versions_._versionId-2fQy97jJ.js    8.18 kB │ gzip:   2.62 kB
dist/assets/jsx-runtime-B-hcVAMW.js                                8.55 kB │ gzip:   3.26 kB
dist/assets/x-sl-GtFU2.js                                          8.72 kB │ gzip:   3.14 kB
dist/assets/questions-DygCpQfz.js                                  8.77 kB │ gzip:   3.88 kB
dist/assets/new-CeX6ThTo.js                                        8.95 kB │ gzip:   3.78 kB
dist/assets/geo-entities-Bk059C2R.js                               9.07 kB │ gzip:   3.61 kB
dist/assets/products-Cp7BqT5Q.js                                   9.25 kB │ gzip:   3.71 kB
dist/assets/tasks-BZ165hYr.js                                      9.27 kB │ gzip:   3.57 kB
dist/assets/platform.api-CBFE_FVc.js                               9.71 kB │ gzip:   3.25 kB
dist/assets/geo-insights-report-ZHHxtZp3.js                       10.34 kB │ gzip:   2.88 kB
dist/assets/versions_._versionId-CEYbLz_d.js                      12.02 kB │ gzip:   3.81 kB
dist/assets/runs-C9R4-nTG.js                                      12.40 kB │ gzip:   4.75 kB
dist/assets/tabs-duFDOTha.js                                      12.50 kB │ gzip:   4.72 kB
dist/assets/content-task-lifecycle-DZskG-Oz.js                    12.51 kB │ gzip:   4.65 kB
dist/assets/system.audit-Cjgl9qD8.js                              12.54 kB │ gzip:   4.38 kB
dist/assets/observations-CUrOWmeW.js                              12.54 kB │ gzip:   4.87 kB
dist/assets/system.users-xTC2kQJJ.js                              12.87 kB │ gzip:   5.48 kB
dist/assets/insights-iEpKvKRw.js                                  13.39 kB │ gzip:   4.90 kB
dist/assets/route-eZ_RXR-e2.js                                    13.54 kB │ gzip:   5.13 kB
dist/assets/_taskId-BqkKRH8D.js                                   14.87 kB │ gzip:   4.63 kB
dist/assets/content.api-Dasn9hF3.js                               14.90 kB │ gzip:   4.32 kB
dist/assets/_productId_.facts_.review-79CFVdpq.js                 15.83 kB │ gzip:   5.63 kB
dist/assets/work-OG5Wdt6I.js                                      15.92 kB │ gzip:   5.20 kB
dist/assets/publication.api-CecjZCHD.js                           16.20 kB │ gzip:   4.80 kB
dist/assets/_articleId-B0y48coA.js                                16.27 kB │ gzip:   5.43 kB
dist/assets/useQuery-fTBak1Kd.js                                  16.32 kB │ gzip:   5.46 kB
dist/assets/settings.platforms.types-42ztt_o9.js                  16.42 kB │ gzip:   5.91 kB
dist/assets/new-DxWr7oN7.js                                       16.94 kB │ gzip:   6.04 kB
dist/assets/platforms-C4sJYPCz.js                                 17.07 kB │ gzip:   6.18 kB
dist/assets/_productId_.facts-D6bfAJ6X.js                         17.33 kB │ gzip:   5.82 kB
dist/assets/_taskId_.review-DGDJnUJr.js                           17.48 kB │ gzip:   6.06 kB
dist/assets/settings.ai-MTMlnWal.js                               17.50 kB │ gzip:   6.31 kB
dist/assets/_productId-Bj3u5iki.js                                17.55 kB │ gzip:   5.89 kB
dist/assets/audit.model-D1Ee59-w.js                               17.82 kB │ gzip:   5.59 kB
dist/assets/row-actions-D_x-QnZo.js                               17.90 kB │ gzip:   6.59 kB
dist/assets/_observationId-BDLE73dp.js                            18.05 kB │ gzip:   5.76 kB
dist/assets/auth-provider--ncRSSMD.js                             18.50 kB │ gzip:   6.78 kB
dist/assets/geo.api-CiNoLhYb.js                                   18.53 kB │ gzip:   5.93 kB
dist/assets/geo-surfaces-B8xzMYdX.js                              18.79 kB │ gzip:   6.95 kB
dist/assets/_issueId-C6p6ANnT.js                                  19.62 kB │ gzip:   6.52 kB
dist/assets/topics-DNQRgpWY.js                                    19.98 kB │ gzip:   7.04 kB
dist/assets/ai-channel-workspace.model-DbvAirpP.js                20.72 kB │ gzip:   6.32 kB
dist/assets/lazyRouteComponent-CPWKkyC9.js                        24.20 kB │ gzip:   8.98 kB
dist/assets/_observationId_.correct-BIDWKt-l.js                   24.42 kB │ gzip:   8.23 kB
dist/assets/_workId-DcLbL9r_.js                                   28.51 kB │ gzip:   8.89 kB
dist/assets/questions-COKHK2XW.js                                 28.82 kB │ gzip:   9.22 kB
dist/assets/select-Cpvp6qkf.js                                    30.10 kB │ gzip:  10.91 kB
dist/assets/settings.prompts-RVRwpAHn.js                          30.81 kB │ gzip:   9.97 kB
dist/assets/system.users-DzcPWCLM.js                              31.00 kB │ gzip:   9.75 kB
dist/assets/providers-knf1ofgl.js                                 35.19 kB │ gzip:  10.50 kB
dist/assets/geo-entities-CfkZDefR.js                              35.31 kB │ gzip:  10.93 kB
dist/assets/icon-button-CE5jEK1u.js                               36.26 kB │ gzip:  12.08 kB
dist/assets/column-header-CY3dwsy7.js                             36.45 kB │ gzip:  11.43 kB
dist/assets/ToolbarRootContext-rOTdbBRw.js                        36.62 kB │ gzip:  14.02 kB
dist/assets/geo-surfaces-DrotrJO_.js                              37.42 kB │ gzip:  11.52 kB
dist/assets/_taskId_.editor-xaHW9ZhT.js                           37.91 kB │ gzip:  11.54 kB
dist/assets/_platformId-DoBlFAf0.js                               38.91 kB │ gzip:  11.57 kB
dist/assets/createLucideIcon-DjaO9-_n.js                          39.80 kB │ gzip:  14.03 kB
dist/assets/button-BZhX1_Og.js                                    40.12 kB │ gzip:  13.54 kB
dist/assets/zod-CS-qYe1E.js                                       40.85 kB │ gzip:  14.09 kB
dist/assets/route-JRT0bRm1.js                                     43.50 kB │ gzip:  15.66 kB
dist/assets/settings.ai_._channelId-DtvE7m6M.js                   49.67 kB │ gzip:  13.69 kB
dist/assets/plans-B2dOz-Fj.js                                     50.92 kB │ gzip:  15.77 kB
dist/assets/runs-qOlZ3axH.js                                      62.37 kB │ gzip:  18.61 kB
dist/assets/schemas-DjnJmfzW.js                                   69.76 kB │ gzip:  18.62 kB
dist/assets/index-I7tC39QW.js                                    188.61 kB │ gzip:  60.28 kB
dist/assets/markdown-editor-55GXBWLV.js                          729.88 kB │ gzip: 245.01 kB

✓ built in 495ms
[plugin builtin:vite-reporter] 
(!) Some chunks are larger than 500 kB after minification. Consider:
- Using dynamic import() to code-split the application
- Use build.rolldownOptions.output.codeSplitting to improve chunking: https://rolldown.rs/reference/OutputOptions.codeSplitting
- Adjust chunk size limit for this warning via build.chunkSizeWarningLimit.
已创建或确认管理员和内容工程师账号。
INFO:     Started server process [51536]
INFO:     Waiting for application startup.
INFO:     Application startup complete.
INFO:     Uvicorn running on http://127.0.0.1:9001 (Press CTRL+C to quit)
INFO:     Started server process [51535]
INFO:     Waiting for application startup.
INFO:     Application startup complete.
INFO:     Uvicorn running on http://127.0.0.1:19009 (Press CTRL+C to quit)
  ➜  Local:   http://127.0.0.1:4174/
INFO:     Started server process [51534]
INFO:     Waiting for application startup.
INFO:     Application startup complete.
INFO:     Uvicorn running on http://127.0.0.1:8000 (Press CTRL+C to quit)
INFO:     127.0.0.1:55583 - "GET /api/health/ready HTTP/1.1" 200 OK
INFO:     127.0.0.1:55586 - "GET /v1/models HTTP/1.1" 200 OK

> partsignal-frontend-v2@0.1.0 e2e:raw
> playwright test tests/e2e/ai-channel-configuration-real-stack.spec.ts tests/e2e/product-facts-real-stack.spec.ts tests/e2e/catalog-real-stack.spec.ts tests/e2e/questions-real-stack.spec.ts tests/e2e/surfaces-real-stack.spec.ts tests/e2e/plans-real-stack.spec.ts tests/e2e/runs-real-stack.spec.ts tests/e2e/content-ai-real-stack.spec.ts tests/e2e/content-review-real-stack.spec.ts tests/e2e/content-version-detail-real-stack.spec.ts tests/e2e/publication-workspace-real-stack.spec.ts tests/e2e/geo-real-stack.spec.ts tests/e2e/auth-session-real-stack.spec.ts tests/e2e/system-admin-real-stack.spec.ts --project=foundation-desktop


Running 26 tests using 1 worker

(node:51568) Warning: The 'NO_COLOR' env is ignored due to the 'FORCE_COLOR' env being set.
(Use `node --trace-warnings ...` to show where the warning was created)
INFO:     127.0.0.1:55594 - "POST /api/v1/auth/login HTTP/1.1" 200 OK
INFO:     127.0.0.1:55594 - "POST /api/v1/platform-prompts HTTP/1.1" 201 Created
INFO:     127.0.0.1:55594 - "POST /api/v1/platform-types HTTP/1.1" 201 Created
INFO:     127.0.0.1:55594 - "POST /api/v1/platform-profiles HTTP/1.1" 201 Created
INFO:     127.0.0.1:55594 - "POST /api/v1/products HTTP/1.1" 201 Created
INFO:     127.0.0.1:55594 - "GET /api/v1/products/cc98acdc-7f83-4638-9857-3e7058bc6cf3/facts HTTP/1.1" 200 OK
INFO:     127.0.0.1:55594 - "PUT /api/v1/products/cc98acdc-7f83-4638-9857-3e7058bc6cf3/facts HTTP/1.1" 200 OK
INFO:     127.0.0.1:55594 - "POST /api/v1/products/cc98acdc-7f83-4638-9857-3e7058bc6cf3/fact-review-submissions HTTP/1.1" 201 Created
INFO:     127.0.0.1:55594 - "POST /api/v1/fact-versions/190cdea4-a373-405a-bf94-8756d6b9e4be/approve HTTP/1.1" 200 OK
INFO:     127.0.0.1:55594 - "POST /api/v1/content-tasks HTTP/1.1" 201 Created
INFO:     127.0.0.1:55594 - "POST /api/v1/products HTTP/1.1" 201 Created
INFO:     127.0.0.1:55594 - "GET /api/v1/products/c2e5911e-c627-48e9-a485-317ab676939d/facts HTTP/1.1" 200 OK
INFO:     127.0.0.1:55594 - "PUT /api/v1/products/c2e5911e-c627-48e9-a485-317ab676939d/facts HTTP/1.1" 200 OK
INFO:     127.0.0.1:55594 - "POST /api/v1/products/c2e5911e-c627-48e9-a485-317ab676939d/fact-review-submissions HTTP/1.1" 201 Created
INFO:     127.0.0.1:55594 - "POST /api/v1/fact-versions/c0285510-3069-44be-9d3c-e62f0fc2ce8b/approve HTTP/1.1" 200 OK
INFO:     127.0.0.1:55594 - "POST /api/v1/content-tasks HTTP/1.1" 201 Created
INFO:     127.0.0.1:55601 - "GET /api/v1/auth/session HTTP/1.1" 200 OK
INFO:     127.0.0.1:55601 - "GET /api/v1/platform-prompts HTTP/1.1" 200 OK
INFO:     127.0.0.1:55601 - "GET /api/v1/platform-prompts/57abd819-3655-4c33-821f-cec66fcdef50 HTTP/1.1" 200 OK
INFO:     127.0.0.1:55601 - "GET /api/v1/platform-prompts/57abd819-3655-4c33-821f-cec66fcdef50/preview-options HTTP/1.1" 200 OK
INFO:     127.0.0.1:55601 - "GET /api/v1/content-tasks?archive_status=ACTIVE&page=1&page_size=20 HTTP/1.1" 200 OK
INFO:     127.0.0.1:55602 - "GET /api/v1/platform-profiles HTTP/1.1" 200 OK
INFO:     127.0.0.1:55602 - "GET /api/v1/content-tasks?q=CONFIG-260b9960&archive_status=ACTIVE&page=1&page_size=20 HTTP/1.1" 200 OK
INFO:     127.0.0.1:55602 - "GET /api/v1/auth/session HTTP/1.1" 200 OK
INFO:     127.0.0.1:55602 - "GET /api/v1/content-tasks/d0f43dfc-8d06-4056-bef0-462c5da9d5d9/editor-context HTTP/1.1" 200 OK
INFO:     127.0.0.1:55602 - "GET /api/v1/content-tasks/d0f43dfc-8d06-4056-bef0-462c5da9d5d9/generation-options HTTP/1.1" 200 OK
INFO:     127.0.0.1:55602 - "GET /api/v1/ai-channels?page=1&page_size=20 HTTP/1.1" 200 OK
INFO:     127.0.0.1:55604 - "OPTIONS /api/v1/ai-channels HTTP/1.1" 200 OK
INFO:     127.0.0.1:55602 - "POST /api/v1/ai-channels HTTP/1.1" 201 Created
INFO:     127.0.0.1:55602 - "GET /api/v1/ai-channels?page=1&page_size=20 HTTP/1.1" 200 OK
INFO:     127.0.0.1:55604 - "OPTIONS /api/v1/ai-channels/58d13078-e6e0-474d-bbae-51121ea25d13 HTTP/1.1" 200 OK
INFO:     127.0.0.1:55602 - "PATCH /api/v1/ai-channels/58d13078-e6e0-474d-bbae-51121ea25d13 HTTP/1.1" 200 OK
INFO:     127.0.0.1:55594 - "GET /api/v1/ai-channels/58d13078-e6e0-474d-bbae-51121ea25d13 HTTP/1.1" 200 OK
INFO:     127.0.0.1:55594 - "PATCH /api/v1/ai-channels/58d13078-e6e0-474d-bbae-51121ea25d13 HTTP/1.1" 200 OK
INFO:     127.0.0.1:55602 - "PATCH /api/v1/ai-channels/58d13078-e6e0-474d-bbae-51121ea25d13 HTTP/1.1" 409 Conflict
INFO:     127.0.0.1:55602 - "GET /api/v1/ai-channels/58d13078-e6e0-474d-bbae-51121ea25d13 HTTP/1.1" 200 OK
INFO:     127.0.0.1:55604 - "OPTIONS /api/v1/ai-channels/58d13078-e6e0-474d-bbae-51121ea25d13/headers HTTP/1.1" 200 OK
INFO:     127.0.0.1:55602 - "POST /api/v1/ai-channels/58d13078-e6e0-474d-bbae-51121ea25d13/headers HTTP/1.1" 201 Created
INFO:     127.0.0.1:55602 - "POST /api/v1/ai-channels/58d13078-e6e0-474d-bbae-51121ea25d13/headers HTTP/1.1" 201 Created
INFO:     127.0.0.1:55602 - "GET /api/v1/ai-channels/58d13078-e6e0-474d-bbae-51121ea25d13/models HTTP/1.1" 200 OK
INFO:     127.0.0.1:55604 - "OPTIONS /api/v1/ai-channels/58d13078-e6e0-474d-bbae-51121ea25d13/discover-models HTTP/1.1" 200 OK
INFO:     127.0.0.1:55605 - "GET /v1/models HTTP/1.1" 200 OK
INFO:     127.0.0.1:55602 - "POST /api/v1/ai-channels/58d13078-e6e0-474d-bbae-51121ea25d13/discover-models HTTP/1.1" 200 OK
INFO:     127.0.0.1:55604 - "OPTIONS /api/v1/ai-channels/58d13078-e6e0-474d-bbae-51121ea25d13/models HTTP/1.1" 200 OK
INFO:     127.0.0.1:55602 - "POST /api/v1/ai-channels/58d13078-e6e0-474d-bbae-51121ea25d13/models HTTP/1.1" 201 Created
INFO:     127.0.0.1:55602 - "GET /api/v1/ai-channels/58d13078-e6e0-474d-bbae-51121ea25d13/models HTTP/1.1" 200 OK
INFO:     127.0.0.1:55601 - "GET /api/v1/ai-channels/58d13078-e6e0-474d-bbae-51121ea25d13 HTTP/1.1" 200 OK
INFO:     127.0.0.1:55601 - "POST /api/v1/ai-channels/58d13078-e6e0-474d-bbae-51121ea25d13/models HTTP/1.1" 201 Created
INFO:     127.0.0.1:55602 - "GET /api/v1/ai-channels/58d13078-e6e0-474d-bbae-51121ea25d13 HTTP/1.1" 200 OK
INFO:     127.0.0.1:55601 - "GET /api/v1/ai-channels/58d13078-e6e0-474d-bbae-51121ea25d13/models HTTP/1.1" 200 OK
INFO:     127.0.0.1:55604 - "OPTIONS /api/v1/ai-models/41a1260c-c1d9-43d3-afaf-dbfa3ba9a528 HTTP/1.1" 200 OK
INFO:     127.0.0.1:55601 - "PATCH /api/v1/ai-models/41a1260c-c1d9-43d3-afaf-dbfa3ba9a528 HTTP/1.1" 200 OK
INFO:     127.0.0.1:55602 - "GET /api/v1/ai-channels/58d13078-e6e0-474d-bbae-51121ea25d13 HTTP/1.1" 200 OK
INFO:     127.0.0.1:55601 - "GET /api/v1/ai-channels/58d13078-e6e0-474d-bbae-51121ea25d13/models HTTP/1.1" 200 OK
INFO:     127.0.0.1:55604 - "OPTIONS /api/v1/ai-models/6be47922-8d04-456a-95e2-7b47fa6cca8c?expected_revision=0 HTTP/1.1" 200 OK
INFO:     127.0.0.1:55601 - "DELETE /api/v1/ai-models/6be47922-8d04-456a-95e2-7b47fa6cca8c?expected_revision=0 HTTP/1.1" 204 No Content
INFO:     127.0.0.1:55601 - "GET /api/v1/ai-channels/58d13078-e6e0-474d-bbae-51121ea25d13/models HTTP/1.1" 200 OK
INFO:     127.0.0.1:55602 - "GET /api/v1/ai-channels/58d13078-e6e0-474d-bbae-51121ea25d13 HTTP/1.1" 200 OK
INFO:     127.0.0.1:55604 - "OPTIONS /api/v1/ai-models/41a1260c-c1d9-43d3-afaf-dbfa3ba9a528/test HTTP/1.1" 200 OK
INFO:     127.0.0.1:55606 - "POST /v1/chat/completions HTTP/1.1" 400 Bad Request
INFO:     127.0.0.1:55602 - "POST /api/v1/ai-models/41a1260c-c1d9-43d3-afaf-dbfa3ba9a528/test HTTP/1.1" 200 OK
INFO:     127.0.0.1:55601 - "GET /api/v1/ai-channels/58d13078-e6e0-474d-bbae-51121ea25d13 HTTP/1.1" 200 OK
INFO:     127.0.0.1:55607 - "GET /e2e/calls/e2e-config-model-260b9960 HTTP/1.1" 200 OK
INFO:     127.0.0.1:55602 - "GET /api/v1/ai-channels/58d13078-e6e0-474d-bbae-51121ea25d13/models HTTP/1.1" 200 OK
INFO:     127.0.0.1:55604 - "OPTIONS /api/v1/ai-channels/58d13078-e6e0-474d-bbae-51121ea25d13/api-key HTTP/1.1" 200 OK
INFO:     127.0.0.1:55602 - "PUT /api/v1/ai-channels/58d13078-e6e0-474d-bbae-51121ea25d13/api-key HTTP/1.1" 200 OK
INFO:     127.0.0.1:55604 - "OPTIONS /api/v1/ai-channel-headers/7d7fb5c5-f03a-4775-83ee-cea8b5699b26 HTTP/1.1" 200 OK
INFO:     127.0.0.1:55602 - "PATCH /api/v1/ai-channel-headers/7d7fb5c5-f03a-4775-83ee-cea8b5699b26 HTTP/1.1" 200 OK
INFO:     127.0.0.1:55602 - "GET /api/v1/ai-channels/58d13078-e6e0-474d-bbae-51121ea25d13/models HTTP/1.1" 200 OK
INFO:     127.0.0.1:55609 - "POST /v1/chat/completions HTTP/1.1" 200 OK
INFO:     127.0.0.1:55602 - "POST /api/v1/ai-models/41a1260c-c1d9-43d3-afaf-dbfa3ba9a528/test HTTP/1.1" 200 OK
INFO:     127.0.0.1:55602 - "GET /api/v1/ai-channels/58d13078-e6e0-474d-bbae-51121ea25d13/models HTTP/1.1" 200 OK
INFO:     127.0.0.1:55601 - "GET /api/v1/ai-channels/58d13078-e6e0-474d-bbae-51121ea25d13 HTTP/1.1" 200 OK
INFO:     127.0.0.1:55604 - "OPTIONS /api/v1/ai-models/41a1260c-c1d9-43d3-afaf-dbfa3ba9a528/enable HTTP/1.1" 200 OK
INFO:     127.0.0.1:55601 - "POST /api/v1/ai-models/41a1260c-c1d9-43d3-afaf-dbfa3ba9a528/enable HTTP/1.1" 200 OK
INFO:     127.0.0.1:55602 - "GET /api/v1/ai-channels/58d13078-e6e0-474d-bbae-51121ea25d13 HTTP/1.1" 200 OK
INFO:     127.0.0.1:55601 - "GET /api/v1/ai-channels/58d13078-e6e0-474d-bbae-51121ea25d13/models HTTP/1.1" 200 OK
INFO:     127.0.0.1:55604 - "OPTIONS /api/v1/ai-channels/58d13078-e6e0-474d-bbae-51121ea25d13/enable HTTP/1.1" 200 OK
INFO:     127.0.0.1:55601 - "POST /api/v1/ai-channels/58d13078-e6e0-474d-bbae-51121ea25d13/enable HTTP/1.1" 200 OK
INFO:     127.0.0.1:55601 - "GET /api/v1/ai-channels/58d13078-e6e0-474d-bbae-51121ea25d13 HTTP/1.1" 200 OK
INFO:     127.0.0.1:55601 - "GET /api/v1/ai-channels/58d13078-e6e0-474d-bbae-51121ea25d13/models HTTP/1.1" 200 OK
INFO:     127.0.0.1:55601 - "GET /api/v1/platform-prompts HTTP/1.1" 200 OK
INFO:     127.0.0.1:55601 - "GET /api/v1/platform-prompts/57abd819-3655-4c33-821f-cec66fcdef50 HTTP/1.1" 200 OK
INFO:     127.0.0.1:55601 - "GET /api/v1/platform-prompts/57abd819-3655-4c33-821f-cec66fcdef50/preview-options HTTP/1.1" 200 OK
INFO:     127.0.0.1:55601 - "GET /api/v1/content-tasks?archive_status=ACTIVE&page=1&page_size=20 HTTP/1.1" 200 OK
INFO:     127.0.0.1:55602 - "GET /api/v1/platform-profiles HTTP/1.1" 200 OK
INFO:     127.0.0.1:55602 - "GET /api/v1/content-tasks?q=CONFIG-260b9960&archive_status=ACTIVE&page=1&page_size=20 HTTP/1.1" 200 OK
INFO:     127.0.0.1:55602 - "GET /api/v1/auth/session HTTP/1.1" 200 OK
INFO:     127.0.0.1:55602 - "GET /api/v1/content-tasks/d0f43dfc-8d06-4056-bef0-462c5da9d5d9/editor-context HTTP/1.1" 200 OK
INFO:     127.0.0.1:55602 - "GET /api/v1/content-tasks/d0f43dfc-8d06-4056-bef0-462c5da9d5d9/generation-options HTTP/1.1" 200 OK
INFO:     127.0.0.1:55602 - "GET /api/v1/ai-channels?page=1&page_size=20 HTTP/1.1" 200 OK
INFO:     127.0.0.1:55602 - "GET /api/v1/ai-channels?q=E2E%20%E6%9C%8D%E5%8A%A1%E7%AB%AF%E6%B8%A0%E9%81%93%20260b9960&page=1&page_size=20 HTTP/1.1" 200 OK
INFO:     127.0.0.1:55602 - "GET /api/v1/auth/session HTTP/1.1" 200 OK
INFO:     127.0.0.1:55602 - "GET /api/v1/ai-channels/58d13078-e6e0-474d-bbae-51121ea25d13 HTTP/1.1" 200 OK
INFO:     127.0.0.1:55602 - "GET /api/v1/ai-channels/58d13078-e6e0-474d-bbae-51121ea25d13/usage-summary?period=30d HTTP/1.1" 200 OK
INFO:     127.0.0.1:55602 - "GET /api/v1/platform-prompts HTTP/1.1" 200 OK
INFO:     127.0.0.1:55602 - "GET /api/v1/platform-prompts/57abd819-3655-4c33-821f-cec66fcdef50 HTTP/1.1" 200 OK
INFO:     127.0.0.1:55602 - "GET /api/v1/platform-prompts/57abd819-3655-4c33-821f-cec66fcdef50/preview-options HTTP/1.1" 200 OK
INFO:     127.0.0.1:55604 - "OPTIONS /api/v1/content-tasks/7ca92ba6-ddd0-42f9-88c5-9c5faed75cfd/generation-jobs HTTP/1.1" 200 OK
INFO:     127.0.0.1:55602 - "POST /api/v1/content-tasks/7ca92ba6-ddd0-42f9-88c5-9c5faed75cfd/generation-jobs HTTP/1.1" 202 Accepted
INFO:     127.0.0.1:55602 - "GET /api/v1/platform-prompts/57abd819-3655-4c33-821f-cec66fcdef50/preview-options HTTP/1.1" 200 OK
INFO:     127.0.0.1:55601 - "GET /api/v1/content-tasks/7ca92ba6-ddd0-42f9-88c5-9c5faed75cfd/generation-jobs HTTP/1.1" 200 OK
INFO:     127.0.0.1:55613 - "POST /v1/chat/completions HTTP/1.1" 200 OK
INFO:     127.0.0.1:55601 - "GET /api/v1/content-tasks/7ca92ba6-ddd0-42f9-88c5-9c5faed75cfd/generation-jobs HTTP/1.1" 200 OK
INFO:     127.0.0.1:55601 - "GET /api/v1/content-versions/d5b95342-9d66-4056-b2af-4b0273b788a2 HTTP/1.1" 200 OK
INFO:     127.0.0.1:55602 - "GET /api/v1/platform-prompts/57abd819-3655-4c33-821f-cec66fcdef50/preview-options HTTP/1.1" 200 OK
INFO:     127.0.0.1:55614 - "GET /e2e/calls/e2e-config-model-260b9960 HTTP/1.1" 200 OK
INFO:     127.0.0.1:55602 - "GET /api/v1/content-tasks?archive_status=ACTIVE&page=1&page_size=20 HTTP/1.1" 200 OK
INFO:     127.0.0.1:55601 - "GET /api/v1/platform-profiles HTTP/1.1" 200 OK
INFO:     127.0.0.1:55601 - "GET /api/v1/content-tasks?q=CONFIG-260b9960&archive_status=ACTIVE&page=1&page_size=20 HTTP/1.1" 200 OK
INFO:     127.0.0.1:55601 - "GET /api/v1/auth/session HTTP/1.1" 200 OK
INFO:     127.0.0.1:55601 - "GET /api/v1/content-tasks/d0f43dfc-8d06-4056-bef0-462c5da9d5d9/editor-context HTTP/1.1" 200 OK
INFO:     127.0.0.1:55601 - "GET /api/v1/content-tasks/d0f43dfc-8d06-4056-bef0-462c5da9d5d9/generation-options HTTP/1.1" 200 OK
INFO:     127.0.0.1:55604 - "OPTIONS /api/v1/content-tasks/d0f43dfc-8d06-4056-bef0-462c5da9d5d9/generation-jobs HTTP/1.1" 200 OK
INFO:     127.0.0.1:55601 - "POST /api/v1/content-tasks/d0f43dfc-8d06-4056-bef0-462c5da9d5d9/generation-jobs HTTP/1.1" 202 Accepted
INFO:     127.0.0.1:55615 - "POST /v1/chat/completions HTTP/1.1" 200 OK
INFO:     127.0.0.1:55601 - "GET /api/v1/content-tasks/d0f43dfc-8d06-4056-bef0-462c5da9d5d9/generation-jobs HTTP/1.1" 200 OK
INFO:     127.0.0.1:55601 - "GET /api/v1/content-tasks/d0f43dfc-8d06-4056-bef0-462c5da9d5d9/generation-jobs HTTP/1.1" 200 OK
INFO:     127.0.0.1:55601 - "GET /api/v1/content-tasks/d0f43dfc-8d06-4056-bef0-462c5da9d5d9/editor-context HTTP/1.1" 200 OK
INFO:     127.0.0.1:55616 - "GET /api/v1/content-tasks/d0f43dfc-8d06-4056-bef0-462c5da9d5d9/editor-context HTTP/1.1" 200 OK
INFO:     127.0.0.1:55614 - "GET /e2e/calls/e2e-config-model-260b9960 HTTP/1.1" 200 OK
INFO:     127.0.0.1:55614 - "GET /e2e/payloads/e2e-config-model-260b9960 HTTP/1.1" 200 OK
INFO:     127.0.0.1:55601 - "GET /api/v1/ai-channels?page=1&page_size=20 HTTP/1.1" 200 OK
INFO:     127.0.0.1:55601 - "GET /api/v1/ai-channels?q=E2E%20%E6%9C%8D%E5%8A%A1%E7%AB%AF%E6%B8%A0%E9%81%93%20260b9960&page=1&page_size=20 HTTP/1.1" 200 OK
INFO:     127.0.0.1:55601 - "GET /api/v1/auth/session HTTP/1.1" 200 OK
INFO:     127.0.0.1:55601 - "GET /api/v1/ai-channels/58d13078-e6e0-474d-bbae-51121ea25d13 HTTP/1.1" 200 OK
INFO:     127.0.0.1:55601 - "GET /api/v1/ai-channels/58d13078-e6e0-474d-bbae-51121ea25d13/usage-summary?period=30d HTTP/1.1" 200 OK
INFO:     127.0.0.1:55601 - "GET /api/v1/ai-channels/58d13078-e6e0-474d-bbae-51121ea25d13/usage-summary?period=all HTTP/1.1" 200 OK
INFO:     127.0.0.1:55601 - "GET /api/v1/ai-channels/58d13078-e6e0-474d-bbae-51121ea25d13/audit-logs?page=1&page_size=20 HTTP/1.1" 200 OK
INFO:     127.0.0.1:55601 - "GET /api/v1/audit-logs/d0b5906a-f65d-4362-944d-2848c5b19f70 HTTP/1.1" 200 OK
INFO:     127.0.0.1:55616 - "GET /api/v1/ai-channels/58d13078-e6e0-474d-bbae-51121ea25d13/audit-logs?page=1&page_size=50 HTTP/1.1" 200 OK
INFO:     127.0.0.1:55616 - "GET /api/v1/ai-channels/58d13078-e6e0-474d-bbae-51121ea25d13/models HTTP/1.1" 200 OK
INFO:     127.0.0.1:55604 - "OPTIONS /api/v1/ai-channels/58d13078-e6e0-474d-bbae-51121ea25d13/disable HTTP/1.1" 200 OK
INFO:     127.0.0.1:55601 - "POST /api/v1/ai-channels/58d13078-e6e0-474d-bbae-51121ea25d13/disable HTTP/1.1" 200 OK
INFO:     127.0.0.1:55601 - "GET /api/v1/ai-channels/58d13078-e6e0-474d-bbae-51121ea25d13 HTTP/1.1" 200 OK
INFO:     127.0.0.1:55601 - "GET /api/v1/ai-channels/58d13078-e6e0-474d-bbae-51121ea25d13/audit-logs?page=1&page_size=20 HTTP/1.1" 200 OK
INFO:     127.0.0.1:55601 - "GET /api/v1/ai-channels/58d13078-e6e0-474d-bbae-51121ea25d13/models HTTP/1.1" 200 OK
INFO:     127.0.0.1:55604 - "OPTIONS /api/v1/ai-models/41a1260c-c1d9-43d3-afaf-dbfa3ba9a528/disable HTTP/1.1" 200 OK
INFO:     127.0.0.1:55601 - "POST /api/v1/ai-models/41a1260c-c1d9-43d3-afaf-dbfa3ba9a528/disable HTTP/1.1" 200 OK
INFO:     127.0.0.1:55601 - "GET /api/v1/ai-channels/58d13078-e6e0-474d-bbae-51121ea25d13/models HTTP/1.1" 200 OK
INFO:     127.0.0.1:55602 - "GET /api/v1/ai-channels/58d13078-e6e0-474d-bbae-51121ea25d13 HTTP/1.1" 200 OK
INFO:     127.0.0.1:55604 - "OPTIONS /api/v1/ai-channel-headers/4d78ca70-6ebf-4c7b-a067-2605e5a892f0?expected_channel_revision=8 HTTP/1.1" 200 OK
INFO:     127.0.0.1:55602 - "DELETE /api/v1/ai-channel-headers/4d78ca70-6ebf-4c7b-a067-2605e5a892f0?expected_channel_revision=8 HTTP/1.1" 204 No Content
INFO:     127.0.0.1:55602 - "GET /api/v1/ai-channels/58d13078-e6e0-474d-bbae-51121ea25d13 HTTP/1.1" 200 OK
INFO:     127.0.0.1:55602 - "GET /api/v1/ai-channels/58d13078-e6e0-474d-bbae-51121ea25d13/models HTTP/1.1" 200 OK
INFO:     127.0.0.1:55604 - "OPTIONS /api/v1/ai-models/41a1260c-c1d9-43d3-afaf-dbfa3ba9a528?expected_revision=8 HTTP/1.1" 200 OK
INFO:     127.0.0.1:55602 - "DELETE /api/v1/ai-models/41a1260c-c1d9-43d3-afaf-dbfa3ba9a528?expected_revision=8 HTTP/1.1" 204 No Content
INFO:     127.0.0.1:55602 - "GET /api/v1/ai-channels/58d13078-e6e0-474d-bbae-51121ea25d13/models HTTP/1.1" 200 OK
INFO:     127.0.0.1:55601 - "GET /api/v1/ai-channels/58d13078-e6e0-474d-bbae-51121ea25d13 HTTP/1.1" 200 OK
INFO:     127.0.0.1:55604 - "OPTIONS /api/v1/ai-channels/58d13078-e6e0-474d-bbae-51121ea25d13?expected_revision=9 HTTP/1.1" 200 OK
INFO:     127.0.0.1:55601 - "DELETE /api/v1/ai-channels/58d13078-e6e0-474d-bbae-51121ea25d13?expected_revision=9 HTTP/1.1" 204 No Content
INFO:     127.0.0.1:55601 - "GET /api/v1/ai-channels?page=1&page_size=20 HTTP/1.1" 200 OK
  ✓   1 [foundation-desktop] › tests/e2e/ai-channel-configuration-real-stack.spec.ts:206:1 › AI Channel Configuration 真实栈闭环 (15.8s)
INFO:     127.0.0.1:55616 - "POST /api/v1/auth/login HTTP/1.1" 200 OK
INFO:     127.0.0.1:55624 - "GET /api/v1/auth/session HTTP/1.1" 200 OK
INFO:     127.0.0.1:55625 - "OPTIONS /api/v1/products HTTP/1.1" 200 OK
INFO:     127.0.0.1:55624 - "POST /api/v1/products HTTP/1.1" 201 Created
INFO:     127.0.0.1:55624 - "GET /api/v1/products/86dd460d-5641-4407-ae93-019cc64596a5/detail HTTP/1.1" 200 OK
INFO:     127.0.0.1:55624 - "GET /api/v1/auth/session HTTP/1.1" 200 OK
INFO:     127.0.0.1:55624 - "GET /api/v1/products/86dd460d-5641-4407-ae93-019cc64596a5/facts HTTP/1.1" 200 OK
INFO:     127.0.0.1:55625 - "OPTIONS /api/v1/products/86dd460d-5641-4407-ae93-019cc64596a5/facts HTTP/1.1" 200 OK
INFO:     127.0.0.1:55624 - "PUT /api/v1/products/86dd460d-5641-4407-ae93-019cc64596a5/facts HTTP/1.1" 200 OK
INFO:     127.0.0.1:55625 - "OPTIONS /api/v1/products/86dd460d-5641-4407-ae93-019cc64596a5/fact-review-submissions HTTP/1.1" 200 OK
INFO:     127.0.0.1:55624 - "POST /api/v1/products/86dd460d-5641-4407-ae93-019cc64596a5/fact-review-submissions HTTP/1.1" 201 Created
INFO:     127.0.0.1:55624 - "GET /api/v1/products/86dd460d-5641-4407-ae93-019cc64596a5/facts HTTP/1.1" 200 OK
INFO:     127.0.0.1:55624 - "GET /api/v1/auth/session HTTP/1.1" 200 OK
INFO:     127.0.0.1:55624 - "GET /api/v1/products/86dd460d-5641-4407-ae93-019cc64596a5/fact-review-context HTTP/1.1" 200 OK
INFO:     127.0.0.1:55625 - "OPTIONS /api/v1/fact-versions/2058923b-0bbb-4af5-8b76-7d88a5df5d62/approve HTTP/1.1" 200 OK
INFO:     127.0.0.1:55624 - "POST /api/v1/fact-versions/2058923b-0bbb-4af5-8b76-7d88a5df5d62/approve HTTP/1.1" 200 OK
INFO:     127.0.0.1:55624 - "GET /api/v1/products/86dd460d-5641-4407-ae93-019cc64596a5/fact-review-context HTTP/1.1" 200 OK
INFO:     127.0.0.1:55616 - "GET /api/v1/products/86dd460d-5641-4407-ae93-019cc64596a5 HTTP/1.1" 200 OK
INFO:     127.0.0.1:55616 - "GET /api/v1/products/86dd460d-5641-4407-ae93-019cc64596a5/facts HTTP/1.1" 200 OK
INFO:     127.0.0.1:55616 - "GET /api/v1/products/86dd460d-5641-4407-ae93-019cc64596a5/fact-versions HTTP/1.1" 200 OK
INFO:     127.0.0.1:55616 - "GET /api/v1/products/86dd460d-5641-4407-ae93-019cc64596a5/fact-review-context HTTP/1.1" 200 OK
INFO:     127.0.0.1:55624 - "GET /api/v1/auth/session HTTP/1.1" 200 OK
INFO:     127.0.0.1:55624 - "GET /api/v1/geo/subjects?page=1&page_size=20&sort=NAME_ASC HTTP/1.1" 200 OK
INFO:     127.0.0.1:55626 - "GET /api/v1/geo/subjects?page=1&page_size=10&sort=NAME_ASC&subject_type=OWN_BRAND HTTP/1.1" 200 OK
INFO:     127.0.0.1:55624 - "GET /api/v1/products?search=&page=1&page_size=10&sort=MODEL_ASC HTTP/1.1" 200 OK
INFO:     127.0.0.1:55624 - "GET /api/v1/products?search=GEO106-bfb50e0b&page=1&page_size=10&sort=MODEL_ASC HTTP/1.1" 200 OK
INFO:     127.0.0.1:55625 - "OPTIONS /api/v1/geo/subjects HTTP/1.1" 200 OK
INFO:     127.0.0.1:55624 - "POST /api/v1/geo/subjects HTTP/1.1" 201 Created
INFO:     127.0.0.1:55626 - "GET /api/v1/geo/subjects?page=1&page_size=10&sort=NAME_ASC&subject_type=OWN_BRAND HTTP/1.1" 200 OK
INFO:     127.0.0.1:55624 - "GET /api/v1/geo/subjects?page=1&page_size=20&sort=NAME_ASC HTTP/1.1" 200 OK
INFO:     127.0.0.1:55627 - "GET /api/v1/geo/subjects/75a7e931-bee6-42b5-b40a-fb6c9f3a9761 HTTP/1.1" 200 OK
INFO:     127.0.0.1:55625 - "OPTIONS /api/v1/geo/subjects/75a7e931-bee6-42b5-b40a-fb6c9f3a9761/aliases HTTP/1.1" 200 OK
INFO:     127.0.0.1:55627 - "POST /api/v1/geo/subjects/75a7e931-bee6-42b5-b40a-fb6c9f3a9761/aliases HTTP/1.1" 200 OK
INFO:     127.0.0.1:55627 - "GET /api/v1/geo/subjects?page=1&page_size=20&sort=NAME_ASC HTTP/1.1" 200 OK
INFO:     127.0.0.1:55625 - "OPTIONS /api/v1/geo/subjects/75a7e931-bee6-42b5-b40a-fb6c9f3a9761/domains HTTP/1.1" 200 OK
INFO:     127.0.0.1:55627 - "POST /api/v1/geo/subjects/75a7e931-bee6-42b5-b40a-fb6c9f3a9761/domains HTTP/1.1" 200 OK
INFO:     127.0.0.1:55627 - "GET /api/v1/geo/subjects?page=1&page_size=20&sort=NAME_ASC HTTP/1.1" 200 OK
INFO:     127.0.0.1:55624 - "GET /api/v1/geo/subjects?page=1&page_size=10&sort=NAME_ASC&subject_type=OWN_BRAND HTTP/1.1" 200 OK
INFO:     127.0.0.1:55627 - "GET /api/v1/products?search=&page=1&page_size=10&sort=MODEL_ASC HTTP/1.1" 200 OK
INFO:     127.0.0.1:55627 - "POST /api/v1/geo/subjects HTTP/1.1" 201 Created
INFO:     127.0.0.1:55627 - "GET /api/v1/geo/subjects?page=1&page_size=20&sort=NAME_ASC HTTP/1.1" 200 OK
INFO:     127.0.0.1:55624 - "GET /api/v1/geo/subjects/c8dc0f6a-f664-4483-9b67-254102044cdf HTTP/1.1" 200 OK
INFO:     127.0.0.1:55627 - "GET /api/v1/geo/subjects?page=1&page_size=10&sort=NAME_ASC&subject_type=OWN_BRAND HTTP/1.1" 200 OK
INFO:     127.0.0.1:55624 - "GET /api/v1/products?search=&page=1&page_size=10&sort=MODEL_ASC HTTP/1.1" 200 OK
INFO:     127.0.0.1:55624 - "GET /api/v1/geo/subjects?page=1&page_size=10&sort=NAME_ASC&subject_type=COMPETITOR_BRAND HTTP/1.1" 200 OK
INFO:     127.0.0.1:55624 - "GET /api/v1/geo/subjects?page=1&page_size=10&sort=NAME_ASC&q=%E8%99%9A%E6%9E%84%E7%AB%9E%E5%93%81%E5%93%81%E7%89%8C-bfb50e0b&subject_type=COMPETITOR_BRAND HTTP/1.1" 200 OK
INFO:     127.0.0.1:55624 - "POST /api/v1/geo/subjects HTTP/1.1" 201 Created
INFO:     127.0.0.1:55624 - "GET /api/v1/geo/subjects?page=1&page_size=20&sort=NAME_ASC HTTP/1.1" 200 OK
INFO:     127.0.0.1:55626 - "GET /api/v1/geo/subjects/36355f2e-e2b6-46e3-8549-ced91600a82f HTTP/1.1" 200 OK
INFO:     127.0.0.1:55625 - "OPTIONS /api/v1/geo/subjects/36355f2e-e2b6-46e3-8549-ced91600a82f/aliases HTTP/1.1" 200 OK
INFO:     127.0.0.1:55626 - "POST /api/v1/geo/subjects/36355f2e-e2b6-46e3-8549-ced91600a82f/aliases HTTP/1.1" 200 OK
INFO:     127.0.0.1:55626 - "GET /api/v1/geo/subjects?page=1&page_size=20&sort=NAME_ASC HTTP/1.1" 200 OK
INFO:     127.0.0.1:55625 - "OPTIONS /api/v1/geo/subjects/36355f2e-e2b6-46e3-8549-ced91600a82f/domains HTTP/1.1" 200 OK
INFO:     127.0.0.1:55626 - "POST /api/v1/geo/subjects/36355f2e-e2b6-46e3-8549-ced91600a82f/domains HTTP/1.1" 200 OK
INFO:     127.0.0.1:55626 - "GET /api/v1/geo/subjects?page=1&page_size=20&sort=NAME_ASC HTTP/1.1" 200 OK
INFO:     127.0.0.1:55616 - "GET /api/v1/geo/subjects/75a7e931-bee6-42b5-b40a-fb6c9f3a9761 HTTP/1.1" 200 OK
INFO:     127.0.0.1:55616 - "GET /api/v1/geo/subjects/36355f2e-e2b6-46e3-8549-ced91600a82f HTTP/1.1" 200 OK
INFO:     127.0.0.1:55626 - "GET /api/v1/auth/session HTTP/1.1" 200 OK
INFO:     127.0.0.1:55624 - "GET /api/v1/geo/subjects/75a7e931-bee6-42b5-b40a-fb6c9f3a9761 HTTP/1.1" 200 OK
INFO:     127.0.0.1:55626 - "GET /api/v1/geo/subjects?page=1&page_size=20&sort=NAME_ASC&q=GEO106-bfb50e0b HTTP/1.1" 200 OK
INFO:     127.0.0.1:55626 - "GET /api/v1/auth/session HTTP/1.1" 200 OK
INFO:     127.0.0.1:55624 - "GET /api/v1/geo/subjects/75a7e931-bee6-42b5-b40a-fb6c9f3a9761 HTTP/1.1" 200 OK
INFO:     127.0.0.1:55626 - "GET /api/v1/geo/subjects?page=1&page_size=20&sort=NAME_ASC&q=GEO106-bfb50e0b HTTP/1.1" 200 OK
INFO:     127.0.0.1:55626 - "GET /api/v1/geo/subjects?page=1&page_size=20&sort=NAME_ASC&q=PS-bfb50e0b HTTP/1.1" 200 OK
INFO:     127.0.0.1:55626 - "GET /api/v1/auth/session HTTP/1.1" 200 OK
INFO:     127.0.0.1:55624 - "GET /api/v1/geo/subjects/75a7e931-bee6-42b5-b40a-fb6c9f3a9761 HTTP/1.1" 200 OK
INFO:     127.0.0.1:55626 - "GET /api/v1/geo/subjects?page=1&page_size=20&sort=NAME_ASC&q=PS-bfb50e0b HTTP/1.1" 200 OK
INFO:     127.0.0.1:55624 - "GET /api/v1/geo/subjects?page=1&page_size=10&sort=NAME_ASC&subject_type=OWN_BRAND HTTP/1.1" 200 OK
INFO:     127.0.0.1:55626 - "GET /api/v1/products?search=&page=1&page_size=10&sort=MODEL_ASC HTTP/1.1" 200 OK
INFO:     127.0.0.1:55624 - "GET /api/v1/products?search=GEO106-bfb50e0b&page=1&page_size=10&sort=MODEL_ASC HTTP/1.1" 200 OK
INFO:     127.0.0.1:55624 - "POST /api/v1/geo/subjects HTTP/1.1" 409 Conflict
INFO:     127.0.0.1:55616 - "GET /api/v1/geo/subjects?product_id=86dd460d-5641-4407-ae93-019cc64596a5&is_active=true HTTP/1.1" 200 OK
INFO:     127.0.0.1:55616 - "GET /api/v1/products/86dd460d-5641-4407-ae93-019cc64596a5 HTTP/1.1" 200 OK
INFO:     127.0.0.1:55616 - "GET /api/v1/products/86dd460d-5641-4407-ae93-019cc64596a5/facts HTTP/1.1" 200 OK
INFO:     127.0.0.1:55616 - "GET /api/v1/products/86dd460d-5641-4407-ae93-019cc64596a5/fact-versions HTTP/1.1" 200 OK
INFO:     127.0.0.1:55616 - "GET /api/v1/products/86dd460d-5641-4407-ae93-019cc64596a5/fact-review-context HTTP/1.1" 200 OK
INFO:     127.0.0.1:55616 - "GET /api/v1/products/86dd460d-5641-4407-ae93-019cc64596a5 HTTP/1.1" 200 OK
INFO:     127.0.0.1:55616 - "POST /api/v1/users HTTP/1.1" 201 Created
INFO:     127.0.0.1:55616 - "POST /api/v1/auth/login HTTP/1.1" 200 OK
INFO:     127.0.0.1:55616 - "POST /api/v1/auth/change-password HTTP/1.1" 204 No Content
INFO:     127.0.0.1:55647 - "GET /api/v1/auth/session HTTP/1.1" 200 OK
INFO:     127.0.0.1:55648 - "GET /api/v1/geo/subjects/75a7e931-bee6-42b5-b40a-fb6c9f3a9761 HTTP/1.1" 200 OK
INFO:     127.0.0.1:55647 - "GET /api/v1/geo/subjects?page=1&page_size=20&sort=NAME_ASC HTTP/1.1" 200 OK
INFO:     127.0.0.1:55647 - "GET /api/v1/auth/session HTTP/1.1" 200 OK
INFO:     127.0.0.1:55647 - "GET /api/v1/geo/subjects?page=1&page_size=20&sort=NAME_ASC HTTP/1.1" 200 OK
  ✓   2 [foundation-desktop] › tests/e2e/catalog-real-stack.spec.ts:50:1 › 从已批准事实的 Product 建立唯一监测身份、竞品和字典，刷新及 ENGINEER 只读 (5.3s)
INFO:     127.0.0.1:55616 - "POST /api/v1/auth/login HTTP/1.1" 200 OK
INFO:     127.0.0.1:55616 - "POST /api/v1/platform-prompts HTTP/1.1" 201 Created
INFO:     127.0.0.1:55616 - "POST /api/v1/platform-types HTTP/1.1" 201 Created
INFO:     127.0.0.1:55616 - "POST /api/v1/platform-profiles HTTP/1.1" 201 Created
INFO:     127.0.0.1:55616 - "GET /api/v1/content-humanization-prompt HTTP/1.1" 204 No Content
INFO:     127.0.0.1:55616 - "PUT /api/v1/content-humanization-prompt HTTP/1.1" 200 OK
INFO:     127.0.0.1:55616 - "POST /api/v1/ai-channels HTTP/1.1" 201 Created
INFO:     127.0.0.1:55616 - "POST /api/v1/ai-channels/79cd1a07-57f1-4237-81ea-7faa5fd11905/headers HTTP/1.1" 201 Created
INFO:     127.0.0.1:55616 - "POST /api/v1/ai-channels/79cd1a07-57f1-4237-81ea-7faa5fd11905/headers HTTP/1.1" 201 Created
INFO:     127.0.0.1:55616 - "POST /api/v1/ai-channels/79cd1a07-57f1-4237-81ea-7faa5fd11905/models HTTP/1.1" 201 Created
INFO:     127.0.0.1:55649 - "POST /v1/chat/completions HTTP/1.1" 200 OK
INFO:     127.0.0.1:55616 - "POST /api/v1/ai-models/9669c4e9-11af-4dcf-aecf-fcb4fb6ddd82/test HTTP/1.1" 200 OK
INFO:     127.0.0.1:55616 - "POST /api/v1/ai-models/9669c4e9-11af-4dcf-aecf-fcb4fb6ddd82/enable HTTP/1.1" 200 OK
INFO:     127.0.0.1:55616 - "POST /api/v1/ai-channels/79cd1a07-57f1-4237-81ea-7faa5fd11905/enable HTTP/1.1" 200 OK
INFO:     127.0.0.1:55616 - "POST /api/v1/ai-channels HTTP/1.1" 201 Created
INFO:     127.0.0.1:55616 - "POST /api/v1/ai-channels/4ec5513d-4ea5-430e-aa5c-e0339863c9f9/headers HTTP/1.1" 201 Created
INFO:     127.0.0.1:55616 - "POST /api/v1/ai-channels/4ec5513d-4ea5-430e-aa5c-e0339863c9f9/headers HTTP/1.1" 201 Created
INFO:     127.0.0.1:55616 - "POST /api/v1/ai-channels/4ec5513d-4ea5-430e-aa5c-e0339863c9f9/models HTTP/1.1" 201 Created
INFO:     127.0.0.1:55650 - "POST /v1/chat/completions HTTP/1.1" 200 OK
INFO:     127.0.0.1:55616 - "POST /api/v1/ai-models/056f7a71-fc09-40d2-9181-0c57f84d0931/test HTTP/1.1" 200 OK
INFO:     127.0.0.1:55616 - "POST /api/v1/ai-models/056f7a71-fc09-40d2-9181-0c57f84d0931/enable HTTP/1.1" 200 OK
INFO:     127.0.0.1:55616 - "POST /api/v1/ai-channels/4ec5513d-4ea5-430e-aa5c-e0339863c9f9/enable HTTP/1.1" 200 OK
INFO:     127.0.0.1:55657 - "GET /api/v1/auth/session HTTP/1.1" 200 OK
INFO:     127.0.0.1:55658 - "OPTIONS /api/v1/products HTTP/1.1" 200 OK
INFO:     127.0.0.1:55657 - "POST /api/v1/products HTTP/1.1" 201 Created
INFO:     127.0.0.1:55657 - "GET /api/v1/products/253c27cd-6d17-42e8-9270-4fe00fdfef5e/detail HTTP/1.1" 200 OK
INFO:     127.0.0.1:55657 - "GET /api/v1/auth/session HTTP/1.1" 200 OK
INFO:     127.0.0.1:55657 - "GET /api/v1/products/253c27cd-6d17-42e8-9270-4fe00fdfef5e/facts HTTP/1.1" 200 OK
INFO:     127.0.0.1:55658 - "OPTIONS /api/v1/products/253c27cd-6d17-42e8-9270-4fe00fdfef5e/facts HTTP/1.1" 200 OK
INFO:     127.0.0.1:55657 - "PUT /api/v1/products/253c27cd-6d17-42e8-9270-4fe00fdfef5e/facts HTTP/1.1" 200 OK
INFO:     127.0.0.1:55658 - "OPTIONS /api/v1/products/253c27cd-6d17-42e8-9270-4fe00fdfef5e/fact-review-submissions HTTP/1.1" 200 OK
INFO:     127.0.0.1:55659 - "GET /api/v1/auth/session HTTP/1.1" 200 OK
INFO:     127.0.0.1:55659 - "GET /api/v1/products?page=1&page_size=20&sort=UPDATED_DESC HTTP/1.1" 200 OK
INFO:     127.0.0.1:55659 - "GET /api/v1/products?page=1&page_size=20&search=AI-V2-f0643714&sort=UPDATED_DESC HTTP/1.1" 200 OK
INFO:     127.0.0.1:55659 - "GET /api/v1/auth/session HTTP/1.1" 200 OK
INFO:     127.0.0.1:55659 - "GET /api/v1/products/253c27cd-6d17-42e8-9270-4fe00fdfef5e/fact-review-context HTTP/1.1" 200 OK
INFO:     127.0.0.1:55658 - "OPTIONS /api/v1/fact-versions/6b52a95f-6a64-4017-bac1-2b0e2a212145/approve HTTP/1.1" 200 OK
INFO:     127.0.0.1:55659 - "POST /api/v1/fact-versions/6b52a95f-6a64-4017-bac1-2b0e2a212145/approve HTTP/1.1" 200 OK
INFO:     127.0.0.1:55659 - "GET /api/v1/products/253c27cd-6d17-42e8-9270-4fe00fdfef5e/fact-review-context HTTP/1.1" 200 OK
INFO:     127.0.0.1:55659 - "GET /api/v1/auth/session HTTP/1.1" 200 OK
INFO:     127.0.0.1:55659 - "GET /api/v1/products/253c27cd-6d17-42e8-9270-4fe00fdfef5e/detail HTTP/1.1" 200 OK
INFO:     127.0.0.1:55659 - "GET /api/v1/auth/session HTTP/1.1" 200 OK
INFO:     127.0.0.1:55659 - "GET /api/v1/content-tasks/creation-options?requested_product_id=253c27cd-6d17-42e8-9270-4fe00fdfef5e HTTP/1.1" 200 OK
INFO:     127.0.0.1:55658 - "OPTIONS /api/v1/content-tasks HTTP/1.1" 200 OK
INFO:     127.0.0.1:55659 - "POST /api/v1/content-tasks HTTP/1.1" 201 Created
INFO:     127.0.0.1:55659 - "GET /api/v1/content-tasks/e8c7bf8b-e41c-453d-874b-0b597006cb80/detail HTTP/1.1" 200 OK
INFO:     127.0.0.1:55659 - "GET /api/v1/auth/session HTTP/1.1" 200 OK
INFO:     127.0.0.1:55659 - "GET /api/v1/content-tasks/e8c7bf8b-e41c-453d-874b-0b597006cb80/editor-context HTTP/1.1" 200 OK
INFO:     127.0.0.1:55659 - "GET /api/v1/content-tasks/e8c7bf8b-e41c-453d-874b-0b597006cb80/generation-options HTTP/1.1" 200 OK
INFO:     127.0.0.1:55658 - "OPTIONS /api/v1/content-tasks/e8c7bf8b-e41c-453d-874b-0b597006cb80/generation-jobs HTTP/1.1" 200 OK
INFO:     127.0.0.1:55659 - "POST /api/v1/content-tasks/e8c7bf8b-e41c-453d-874b-0b597006cb80/generation-jobs HTTP/1.1" 202 Accepted
INFO:     127.0.0.1:55660 - "POST /v1/chat/completions HTTP/1.1" 200 OK
INFO:     127.0.0.1:55659 - "GET /api/v1/content-tasks/e8c7bf8b-e41c-453d-874b-0b597006cb80/generation-jobs HTTP/1.1" 200 OK
INFO:     127.0.0.1:55659 - "GET /api/v1/content-tasks/e8c7bf8b-e41c-453d-874b-0b597006cb80/generation-jobs HTTP/1.1" 200 OK
INFO:     127.0.0.1:55659 - "GET /api/v1/content-tasks/e8c7bf8b-e41c-453d-874b-0b597006cb80/editor-context HTTP/1.1" 200 OK
INFO:     127.0.0.1:55661 - "GET /api/v1/content-tasks/e8c7bf8b-e41c-453d-874b-0b597006cb80/editor-context HTTP/1.1" 200 OK
INFO:     127.0.0.1:55661 - "GET /api/v1/content-versions/ff6d04cc-373e-4f79-8b16-fe62c1c74670 HTTP/1.1" 200 OK
INFO:     127.0.0.1:55659 - "GET /api/v1/content-tasks/e8c7bf8b-e41c-453d-874b-0b597006cb80/generation-options HTTP/1.1" 200 OK
INFO:     127.0.0.1:55658 - "OPTIONS /api/v1/content-versions/ff6d04cc-373e-4f79-8b16-fe62c1c74670/humanization-jobs HTTP/1.1" 200 OK
INFO:     127.0.0.1:55659 - "POST /api/v1/content-versions/ff6d04cc-373e-4f79-8b16-fe62c1c74670/humanization-jobs HTTP/1.1" 202 Accepted
{"event":"E2E_HUMANIZATION_RESPONSE","job_id":"a33139d3-2912-4bcd-9e7c-a1f84c55733e","request_id":"cbc5f7b3-3dfd-436b-b378-9d422198585c","status":"PENDING"}
INFO:     127.0.0.1:55659 - "GET /api/v1/content-tasks/e8c7bf8b-e41c-453d-874b-0b597006cb80/generation-jobs HTTP/1.1" 200 OK
INFO:     127.0.0.1:55662 - "POST /v1/chat/completions HTTP/1.1" 200 OK
INFO:     127.0.0.1:55659 - "GET /api/v1/content-tasks/e8c7bf8b-e41c-453d-874b-0b597006cb80/generation-jobs HTTP/1.1" 200 OK
INFO:     127.0.0.1:55659 - "GET /api/v1/content-tasks/e8c7bf8b-e41c-453d-874b-0b597006cb80/editor-context HTTP/1.1" 200 OK
INFO:     127.0.0.1:55661 - "GET /api/v1/content-tasks/e8c7bf8b-e41c-453d-874b-0b597006cb80/editor-context HTTP/1.1" 200 OK
INFO:     127.0.0.1:55661 - "GET /api/v1/generation-jobs/a33139d3-2912-4bcd-9e7c-a1f84c55733e HTTP/1.1" 200 OK
INFO:     127.0.0.1:55661 - "GET /api/v1/content-versions/ff6d04cc-373e-4f79-8b16-fe62c1c74670 HTTP/1.1" 200 OK
{"attempt_count":1,"content_version_id":"03f8beed-de6e-407c-9167-4b0bba783d02","event":"E2E_HUMANIZATION_TERMINAL","finished_at":"2026-10-03T13:38:26.681803Z","job_id":"a33139d3-2912-4bcd-9e7c-a1f84c55733e","provider_request_id":"e2e-provider-request","started_at":"2026-10-03T13:38:26.662342Z","status":"SUCCEEDED"}
INFO:     127.0.0.1:55659 - "GET /api/v1/auth/session HTTP/1.1" 200 OK
INFO:     127.0.0.1:55659 - "GET /api/v1/products/253c27cd-6d17-42e8-9270-4fe00fdfef5e/detail HTTP/1.1" 200 OK
INFO:     127.0.0.1:55659 - "GET /api/v1/auth/session HTTP/1.1" 200 OK
INFO:     127.0.0.1:55659 - "GET /api/v1/content-tasks/creation-options?requested_product_id=253c27cd-6d17-42e8-9270-4fe00fdfef5e HTTP/1.1" 200 OK
INFO:     127.0.0.1:55659 - "POST /api/v1/content-tasks HTTP/1.1" 201 Created
INFO:     127.0.0.1:55659 - "GET /api/v1/content-tasks/09c39ace-85fa-465e-b355-a79ea6f86648/detail HTTP/1.1" 200 OK
INFO:     127.0.0.1:55659 - "GET /api/v1/auth/session HTTP/1.1" 200 OK
INFO:     127.0.0.1:55659 - "GET /api/v1/content-tasks/09c39ace-85fa-465e-b355-a79ea6f86648/editor-context HTTP/1.1" 200 OK
INFO:     127.0.0.1:55659 - "GET /api/v1/content-tasks/09c39ace-85fa-465e-b355-a79ea6f86648/generation-options HTTP/1.1" 200 OK
INFO:     127.0.0.1:55658 - "OPTIONS /api/v1/content-tasks/09c39ace-85fa-465e-b355-a79ea6f86648/generation-jobs HTTP/1.1" 200 OK
INFO:     127.0.0.1:55659 - "POST /api/v1/content-tasks/09c39ace-85fa-465e-b355-a79ea6f86648/generation-jobs HTTP/1.1" 202 Accepted
INFO:     127.0.0.1:55659 - "GET /api/v1/content-tasks/09c39ace-85fa-465e-b355-a79ea6f86648/generation-jobs HTTP/1.1" 200 OK
INFO:     127.0.0.1:55659 - "GET /api/v1/content-tasks/09c39ace-85fa-465e-b355-a79ea6f86648/generation-jobs HTTP/1.1" 200 OK
INFO:     127.0.0.1:55659 - "GET /api/v1/content-tasks/09c39ace-85fa-465e-b355-a79ea6f86648/generation-jobs HTTP/1.1" 200 OK
INFO:     127.0.0.1:55659 - "GET /api/v1/content-tasks/09c39ace-85fa-465e-b355-a79ea6f86648/generation-jobs HTTP/1.1" 200 OK
INFO:     127.0.0.1:55659 - "GET /api/v1/content-tasks/09c39ace-85fa-465e-b355-a79ea6f86648/generation-jobs HTTP/1.1" 200 OK
[2026-10-03 06:38:40,397: ERROR/MainProcess] AI 作业失败 job_id=1fabd0e6-847b-4dbd-bd07-9667a029eef7 job_type=GENERATE source_content_version_id=None status=FAILED error_code=AI_PROVIDER_TIMEOUT error_type=PinnedTransportError
INFO:     127.0.0.1:55659 - "GET /api/v1/content-tasks/09c39ace-85fa-465e-b355-a79ea6f86648/generation-jobs HTTP/1.1" 200 OK
INFO:     127.0.0.1:55659 - "GET /api/v1/content-tasks/09c39ace-85fa-465e-b355-a79ea6f86648/editor-context HTTP/1.1" 200 OK
INFO:     127.0.0.1:55664 - "GET /api/v1/content-tasks/09c39ace-85fa-465e-b355-a79ea6f86648/editor-context HTTP/1.1" 200 OK
INFO:     127.0.0.1:55664 - "GET /api/v1/generation-jobs/1fabd0e6-847b-4dbd-bd07-9667a029eef7 HTTP/1.1" 200 OK
INFO:     127.0.0.1:55659 - "GET /api/v1/generation-jobs/1fabd0e6-847b-4dbd-bd07-9667a029eef7 HTTP/1.1" 200 OK
INFO:     127.0.0.1:55664 - "PUT /api/v1/ai-channels/4ec5513d-4ea5-430e-aa5c-e0339863c9f9/api-key HTTP/1.1" 200 OK
INFO:     127.0.0.1:55664 - "PATCH /api/v1/ai-channel-headers/00963457-1e67-413b-b91a-588a7efbd562 HTTP/1.1" 200 OK
INFO:     127.0.0.1:55666 - "GET /api/v1/ai-channels/4ec5513d-4ea5-430e-aa5c-e0339863c9f9/models HTTP/1.1" 200 OK
INFO:     127.0.0.1:55667 - "POST /v1/chat/completions HTTP/1.1" 200 OK
INFO:     127.0.0.1:55664 - "POST /api/v1/ai-models/056f7a71-fc09-40d2-9181-0c57f84d0931/test HTTP/1.1" 200 OK
INFO:     127.0.0.1:55664 - "POST /api/v1/ai-models/056f7a71-fc09-40d2-9181-0c57f84d0931/enable HTTP/1.1" 200 OK
INFO:     127.0.0.1:55664 - "POST /api/v1/ai-channels/4ec5513d-4ea5-430e-aa5c-e0339863c9f9/enable HTTP/1.1" 200 OK
INFO:     127.0.0.1:55668 - "OPTIONS /api/v1/generation-jobs/1fabd0e6-847b-4dbd-bd07-9667a029eef7/retry HTTP/1.1" 200 OK
INFO:     127.0.0.1:55659 - "POST /api/v1/generation-jobs/1fabd0e6-847b-4dbd-bd07-9667a029eef7/retry HTTP/1.1" 202 Accepted
INFO:     127.0.0.1:55669 - "POST /v1/chat/completions HTTP/1.1" 200 OK
INFO:     127.0.0.1:55659 - "GET /api/v1/content-tasks/09c39ace-85fa-465e-b355-a79ea6f86648/generation-jobs HTTP/1.1" 200 OK
INFO:     127.0.0.1:55659 - "GET /api/v1/content-tasks/09c39ace-85fa-465e-b355-a79ea6f86648/generation-jobs HTTP/1.1" 200 OK
INFO:     127.0.0.1:55659 - "GET /api/v1/content-tasks/09c39ace-85fa-465e-b355-a79ea6f86648/editor-context HTTP/1.1" 200 OK
INFO:     127.0.0.1:55664 - "GET /api/v1/content-tasks/09c39ace-85fa-465e-b355-a79ea6f86648/editor-context HTTP/1.1" 200 OK
INFO:     127.0.0.1:55664 - "GET /api/v1/generation-jobs/95e108bf-1984-4533-9ff5-01cfd07142db HTTP/1.1" 200 OK
INFO:     127.0.0.1:55670 - "GET /e2e/calls/e2e-timeout-model-f0643714 HTTP/1.1" 200 OK
  ✓   3 [foundation-desktop] › tests/e2e/content-ai-real-stack.spec.ts:269:1 › AI Production：成功、自然化、失败详情与 exact snapshot retry (22.6s)
INFO:     127.0.0.1:55664 - "POST /api/v1/auth/login HTTP/1.1" 200 OK
INFO:     127.0.0.1:55664 - "POST /api/v1/platform-types HTTP/1.1" 201 Created
INFO:     127.0.0.1:55664 - "POST /api/v1/platform-profiles HTTP/1.1" 201 Created
INFO:     127.0.0.1:55677 - "GET /api/v1/auth/session HTTP/1.1" 200 OK
INFO:     127.0.0.1:55678 - "OPTIONS /api/v1/products HTTP/1.1" 200 OK
INFO:     127.0.0.1:55677 - "POST /api/v1/products HTTP/1.1" 201 Created
INFO:     127.0.0.1:55677 - "GET /api/v1/products/112585ab-c773-4e6e-a4ab-02fd42b0689e/detail HTTP/1.1" 200 OK
INFO:     127.0.0.1:55677 - "GET /api/v1/auth/session HTTP/1.1" 200 OK
INFO:     127.0.0.1:55677 - "GET /api/v1/products/112585ab-c773-4e6e-a4ab-02fd42b0689e/facts HTTP/1.1" 200 OK
INFO:     127.0.0.1:55678 - "OPTIONS /api/v1/products/112585ab-c773-4e6e-a4ab-02fd42b0689e/facts HTTP/1.1" 200 OK
INFO:     127.0.0.1:55677 - "PUT /api/v1/products/112585ab-c773-4e6e-a4ab-02fd42b0689e/facts HTTP/1.1" 200 OK
INFO:     127.0.0.1:55678 - "OPTIONS /api/v1/products/112585ab-c773-4e6e-a4ab-02fd42b0689e/fact-review-submissions HTTP/1.1" 200 OK
INFO:     127.0.0.1:55679 - "GET /api/v1/auth/session HTTP/1.1" 200 OK
INFO:     127.0.0.1:55679 - "GET /api/v1/products?page=1&page_size=20&sort=UPDATED_DESC HTTP/1.1" 200 OK
INFO:     127.0.0.1:55679 - "GET /api/v1/products?page=1&page_size=20&search=CR-c551b1da&sort=UPDATED_DESC HTTP/1.1" 200 OK
INFO:     127.0.0.1:55679 - "GET /api/v1/auth/session HTTP/1.1" 200 OK
INFO:     127.0.0.1:55679 - "GET /api/v1/products/112585ab-c773-4e6e-a4ab-02fd42b0689e/fact-review-context HTTP/1.1" 200 OK
INFO:     127.0.0.1:55678 - "OPTIONS /api/v1/fact-versions/0945d58b-ccda-4048-941f-bd2984ba2e4f/approve HTTP/1.1" 200 OK
INFO:     127.0.0.1:55679 - "POST /api/v1/fact-versions/0945d58b-ccda-4048-941f-bd2984ba2e4f/approve HTTP/1.1" 200 OK
INFO:     127.0.0.1:55679 - "GET /api/v1/products/112585ab-c773-4e6e-a4ab-02fd42b0689e/fact-review-context HTTP/1.1" 200 OK
INFO:     127.0.0.1:55679 - "GET /api/v1/auth/session HTTP/1.1" 200 OK
INFO:     127.0.0.1:55679 - "GET /api/v1/products/112585ab-c773-4e6e-a4ab-02fd42b0689e/detail HTTP/1.1" 200 OK
INFO:     127.0.0.1:55679 - "GET /api/v1/auth/session HTTP/1.1" 200 OK
INFO:     127.0.0.1:55679 - "GET /api/v1/content-tasks/creation-options?requested_product_id=112585ab-c773-4e6e-a4ab-02fd42b0689e HTTP/1.1" 200 OK
INFO:     127.0.0.1:55678 - "OPTIONS /api/v1/content-tasks HTTP/1.1" 200 OK
INFO:     127.0.0.1:55679 - "POST /api/v1/content-tasks HTTP/1.1" 201 Created
INFO:     127.0.0.1:55679 - "GET /api/v1/content-tasks/d312d67f-d73a-4eb6-9e57-d6d26888d8f5/detail HTTP/1.1" 200 OK
INFO:     127.0.0.1:55679 - "GET /api/v1/auth/session HTTP/1.1" 200 OK
INFO:     127.0.0.1:55679 - "GET /api/v1/content-tasks/d312d67f-d73a-4eb6-9e57-d6d26888d8f5/editor-context HTTP/1.1" 200 OK
INFO:     127.0.0.1:55678 - "OPTIONS /api/v1/content-tasks/d312d67f-d73a-4eb6-9e57-d6d26888d8f5/manual-versions HTTP/1.1" 200 OK
INFO:     127.0.0.1:55679 - "POST /api/v1/content-tasks/d312d67f-d73a-4eb6-9e57-d6d26888d8f5/manual-versions HTTP/1.1" 201 Created
INFO:     127.0.0.1:55679 - "GET /api/v1/content-tasks/d312d67f-d73a-4eb6-9e57-d6d26888d8f5/editor-context HTTP/1.1" 200 OK
INFO:     127.0.0.1:55678 - "OPTIONS /api/v1/content-versions/551a7ebf-dd11-4295-8744-3d2df2e28a28 HTTP/1.1" 200 OK
INFO:     127.0.0.1:55679 - "PUT /api/v1/content-versions/551a7ebf-dd11-4295-8744-3d2df2e28a28 HTTP/1.1" 200 OK
INFO:     127.0.0.1:55679 - "GET /api/v1/content-tasks/d312d67f-d73a-4eb6-9e57-d6d26888d8f5/editor-context HTTP/1.1" 200 OK
INFO:     127.0.0.1:55678 - "OPTIONS /api/v1/content-versions/551a7ebf-dd11-4295-8744-3d2df2e28a28/submit-review HTTP/1.1" 200 OK
INFO:     127.0.0.1:55679 - "POST /api/v1/content-versions/551a7ebf-dd11-4295-8744-3d2df2e28a28/submit-review HTTP/1.1" 200 OK
INFO:     127.0.0.1:55679 - "GET /api/v1/content-tasks/d312d67f-d73a-4eb6-9e57-d6d26888d8f5/editor-context HTTP/1.1" 200 OK
INFO:     127.0.0.1:55679 - "GET /api/v1/content-tasks/d312d67f-d73a-4eb6-9e57-d6d26888d8f5/detail HTTP/1.1" 200 OK
INFO:     127.0.0.1:55679 - "GET /api/v1/auth/session HTTP/1.1" 200 OK
INFO:     127.0.0.1:55679 - "GET /api/v1/content-tasks/d312d67f-d73a-4eb6-9e57-d6d26888d8f5/review-context HTTP/1.1" 200 OK
INFO:     127.0.0.1:55679 - "GET /api/v1/auth/session HTTP/1.1" 200 OK
INFO:     127.0.0.1:55679 - "GET /api/v1/workbench HTTP/1.1" 200 OK
INFO:     127.0.0.1:55679 - "GET /api/v1/auth/session HTTP/1.1" 200 OK
INFO:     127.0.0.1:55679 - "GET /api/v1/content-tasks/d312d67f-d73a-4eb6-9e57-d6d26888d8f5/review-context HTTP/1.1" 200 OK
INFO:     127.0.0.1:55664 - "GET /api/v1/content-tasks/d312d67f-d73a-4eb6-9e57-d6d26888d8f5/review-context HTTP/1.1" 200 OK
INFO:     127.0.0.1:55678 - "OPTIONS /api/v1/content-versions/551a7ebf-dd11-4295-8744-3d2df2e28a28/approve HTTP/1.1" 200 OK
INFO:     127.0.0.1:55679 - "POST /api/v1/content-versions/551a7ebf-dd11-4295-8744-3d2df2e28a28/approve HTTP/1.1" 200 OK
INFO:     127.0.0.1:55679 - "GET /api/v1/content-tasks/d312d67f-d73a-4eb6-9e57-d6d26888d8f5/review-context HTTP/1.1" 200 OK
INFO:     127.0.0.1:55664 - "GET /api/v1/content-tasks/d312d67f-d73a-4eb6-9e57-d6d26888d8f5/review-context HTTP/1.1" 200 OK
INFO:     127.0.0.1:55679 - "GET /api/v1/auth/session HTTP/1.1" 200 OK
INFO:     127.0.0.1:55679 - "GET /api/v1/content-tasks/d312d67f-d73a-4eb6-9e57-d6d26888d8f5/detail HTTP/1.1" 200 OK
INFO:     127.0.0.1:55664 - "GET /api/v1/content-tasks/d312d67f-d73a-4eb6-9e57-d6d26888d8f5/detail HTTP/1.1" 200 OK
INFO:     127.0.0.1:55679 - "GET /api/v1/auth/session HTTP/1.1" 200 OK
INFO:     127.0.0.1:55679 - "GET /api/v1/content-versions/551a7ebf-dd11-4295-8744-3d2df2e28a28/detail HTTP/1.1" 200 OK
INFO:     127.0.0.1:55664 - "GET /api/v1/content-versions/551a7ebf-dd11-4295-8744-3d2df2e28a28/detail HTTP/1.1" 200 OK
  ✓   4 [foundation-desktop] › tests/e2e/content-review-real-stack.spec.ts:200:1 › Flow A：人工内容批准后进入只读版本并出现发布交接 (3.6s)
INFO:     127.0.0.1:55664 - "POST /api/v1/auth/login HTTP/1.1" 200 OK
INFO:     127.0.0.1:55664 - "POST /api/v1/platform-types HTTP/1.1" 201 Created
INFO:     127.0.0.1:55664 - "POST /api/v1/platform-profiles HTTP/1.1" 201 Created
INFO:     127.0.0.1:55687 - "GET /api/v1/auth/session HTTP/1.1" 200 OK
INFO:     127.0.0.1:55688 - "OPTIONS /api/v1/products HTTP/1.1" 200 OK
INFO:     127.0.0.1:55687 - "POST /api/v1/products HTTP/1.1" 201 Created
INFO:     127.0.0.1:55687 - "GET /api/v1/products/4ec4e789-85d1-4859-adbf-f4f31f7c2ffa/detail HTTP/1.1" 200 OK
INFO:     127.0.0.1:55687 - "GET /api/v1/auth/session HTTP/1.1" 200 OK
INFO:     127.0.0.1:55687 - "GET /api/v1/products/4ec4e789-85d1-4859-adbf-f4f31f7c2ffa/facts HTTP/1.1" 200 OK
INFO:     127.0.0.1:55688 - "OPTIONS /api/v1/products/4ec4e789-85d1-4859-adbf-f4f31f7c2ffa/facts HTTP/1.1" 200 OK
INFO:     127.0.0.1:55687 - "PUT /api/v1/products/4ec4e789-85d1-4859-adbf-f4f31f7c2ffa/facts HTTP/1.1" 200 OK
INFO:     127.0.0.1:55688 - "OPTIONS /api/v1/products/4ec4e789-85d1-4859-adbf-f4f31f7c2ffa/fact-review-submissions HTTP/1.1" 200 OK
INFO:     127.0.0.1:55689 - "GET /api/v1/auth/session HTTP/1.1" 200 OK
INFO:     127.0.0.1:55689 - "GET /api/v1/products?page=1&page_size=20&sort=UPDATED_DESC HTTP/1.1" 200 OK
INFO:     127.0.0.1:55689 - "GET /api/v1/products?page=1&page_size=20&search=CR-f1a33b54&sort=UPDATED_DESC HTTP/1.1" 200 OK
INFO:     127.0.0.1:55689 - "GET /api/v1/auth/session HTTP/1.1" 200 OK
INFO:     127.0.0.1:55689 - "GET /api/v1/products/4ec4e789-85d1-4859-adbf-f4f31f7c2ffa/fact-review-context HTTP/1.1" 200 OK
INFO:     127.0.0.1:55688 - "OPTIONS /api/v1/fact-versions/953d17a8-3791-4777-94c8-5696abfc303c/approve HTTP/1.1" 200 OK
INFO:     127.0.0.1:55689 - "POST /api/v1/fact-versions/953d17a8-3791-4777-94c8-5696abfc303c/approve HTTP/1.1" 200 OK
INFO:     127.0.0.1:55689 - "GET /api/v1/products/4ec4e789-85d1-4859-adbf-f4f31f7c2ffa/fact-review-context HTTP/1.1" 200 OK
INFO:     127.0.0.1:55689 - "GET /api/v1/auth/session HTTP/1.1" 200 OK
INFO:     127.0.0.1:55689 - "GET /api/v1/products/4ec4e789-85d1-4859-adbf-f4f31f7c2ffa/detail HTTP/1.1" 200 OK
INFO:     127.0.0.1:55689 - "GET /api/v1/auth/session HTTP/1.1" 200 OK
INFO:     127.0.0.1:55689 - "GET /api/v1/content-tasks/creation-options?requested_product_id=4ec4e789-85d1-4859-adbf-f4f31f7c2ffa HTTP/1.1" 200 OK
INFO:     127.0.0.1:55688 - "OPTIONS /api/v1/content-tasks HTTP/1.1" 200 OK
INFO:     127.0.0.1:55689 - "POST /api/v1/content-tasks HTTP/1.1" 201 Created
INFO:     127.0.0.1:55689 - "GET /api/v1/content-tasks/a1cf7023-2146-40d7-a950-8aabbd0b9ea4/detail HTTP/1.1" 200 OK
INFO:     127.0.0.1:55689 - "GET /api/v1/auth/session HTTP/1.1" 200 OK
INFO:     127.0.0.1:55689 - "GET /api/v1/content-tasks/a1cf7023-2146-40d7-a950-8aabbd0b9ea4/editor-context HTTP/1.1" 200 OK
INFO:     127.0.0.1:55688 - "OPTIONS /api/v1/content-tasks/a1cf7023-2146-40d7-a950-8aabbd0b9ea4/manual-versions HTTP/1.1" 200 OK
INFO:     127.0.0.1:55689 - "POST /api/v1/content-tasks/a1cf7023-2146-40d7-a950-8aabbd0b9ea4/manual-versions HTTP/1.1" 201 Created
INFO:     127.0.0.1:55689 - "GET /api/v1/content-tasks/a1cf7023-2146-40d7-a950-8aabbd0b9ea4/editor-context HTTP/1.1" 200 OK
INFO:     127.0.0.1:55688 - "OPTIONS /api/v1/content-versions/a475d519-947b-455f-8e19-53f5ffeff2ba HTTP/1.1" 200 OK
INFO:     127.0.0.1:55689 - "PUT /api/v1/content-versions/a475d519-947b-455f-8e19-53f5ffeff2ba HTTP/1.1" 200 OK
INFO:     127.0.0.1:55689 - "GET /api/v1/content-tasks/a1cf7023-2146-40d7-a950-8aabbd0b9ea4/editor-context HTTP/1.1" 200 OK
INFO:     127.0.0.1:55688 - "OPTIONS /api/v1/content-versions/a475d519-947b-455f-8e19-53f5ffeff2ba/submit-review HTTP/1.1" 200 OK
INFO:     127.0.0.1:55689 - "POST /api/v1/content-versions/a475d519-947b-455f-8e19-53f5ffeff2ba/submit-review HTTP/1.1" 200 OK
INFO:     127.0.0.1:55689 - "GET /api/v1/content-tasks/a1cf7023-2146-40d7-a950-8aabbd0b9ea4/editor-context HTTP/1.1" 200 OK
INFO:     127.0.0.1:55689 - "GET /api/v1/content-tasks/a1cf7023-2146-40d7-a950-8aabbd0b9ea4/detail HTTP/1.1" 200 OK
INFO:     127.0.0.1:55689 - "GET /api/v1/auth/session HTTP/1.1" 200 OK
INFO:     127.0.0.1:55689 - "GET /api/v1/content-tasks/a1cf7023-2146-40d7-a950-8aabbd0b9ea4/review-context HTTP/1.1" 200 OK
INFO:     127.0.0.1:55664 - "GET /api/v1/content-tasks/a1cf7023-2146-40d7-a950-8aabbd0b9ea4/review-context HTTP/1.1" 200 OK
INFO:     127.0.0.1:55688 - "OPTIONS /api/v1/content-versions/a475d519-947b-455f-8e19-53f5ffeff2ba/request-changes HTTP/1.1" 200 OK
INFO:     127.0.0.1:55689 - "POST /api/v1/content-versions/a475d519-947b-455f-8e19-53f5ffeff2ba/request-changes HTTP/1.1" 200 OK
INFO:     127.0.0.1:55689 - "GET /api/v1/content-tasks/a1cf7023-2146-40d7-a950-8aabbd0b9ea4/review-context HTTP/1.1" 200 OK
INFO:     127.0.0.1:55664 - "GET /api/v1/content-tasks/a1cf7023-2146-40d7-a950-8aabbd0b9ea4/review-context HTTP/1.1" 200 OK
INFO:     127.0.0.1:55689 - "GET /api/v1/auth/session HTTP/1.1" 200 OK
INFO:     127.0.0.1:55689 - "GET /api/v1/content-tasks/a1cf7023-2146-40d7-a950-8aabbd0b9ea4/detail HTTP/1.1" 200 OK
INFO:     127.0.0.1:55689 - "GET /api/v1/auth/session HTTP/1.1" 200 OK
INFO:     127.0.0.1:55689 - "GET /api/v1/content-tasks/a1cf7023-2146-40d7-a950-8aabbd0b9ea4/editor-context HTTP/1.1" 200 OK
INFO:     127.0.0.1:55688 - "OPTIONS /api/v1/content-versions/a475d519-947b-455f-8e19-53f5ffeff2ba/revisions HTTP/1.1" 200 OK
INFO:     127.0.0.1:55689 - "POST /api/v1/content-versions/a475d519-947b-455f-8e19-53f5ffeff2ba/revisions HTTP/1.1" 201 Created
INFO:     127.0.0.1:55689 - "GET /api/v1/content-tasks/a1cf7023-2146-40d7-a950-8aabbd0b9ea4/editor-context HTTP/1.1" 200 OK
INFO:     127.0.0.1:55688 - "OPTIONS /api/v1/content-versions/fec0b399-4fdb-446a-8a97-bfdf21e67b43 HTTP/1.1" 200 OK
INFO:     127.0.0.1:55689 - "PUT /api/v1/content-versions/fec0b399-4fdb-446a-8a97-bfdf21e67b43 HTTP/1.1" 200 OK
INFO:     127.0.0.1:55689 - "GET /api/v1/content-tasks/a1cf7023-2146-40d7-a950-8aabbd0b9ea4/editor-context HTTP/1.1" 200 OK
INFO:     127.0.0.1:55688 - "OPTIONS /api/v1/content-versions/fec0b399-4fdb-446a-8a97-bfdf21e67b43/submit-review HTTP/1.1" 200 OK
INFO:     127.0.0.1:55689 - "POST /api/v1/content-versions/fec0b399-4fdb-446a-8a97-bfdf21e67b43/submit-review HTTP/1.1" 200 OK
INFO:     127.0.0.1:55689 - "GET /api/v1/content-tasks/a1cf7023-2146-40d7-a950-8aabbd0b9ea4/editor-context HTTP/1.1" 200 OK
INFO:     127.0.0.1:55689 - "GET /api/v1/content-tasks/a1cf7023-2146-40d7-a950-8aabbd0b9ea4/detail HTTP/1.1" 200 OK
INFO:     127.0.0.1:55689 - "GET /api/v1/auth/session HTTP/1.1" 200 OK
INFO:     127.0.0.1:55689 - "GET /api/v1/content-tasks/a1cf7023-2146-40d7-a950-8aabbd0b9ea4/review-context HTTP/1.1" 200 OK
INFO:     127.0.0.1:55688 - "OPTIONS /api/v1/content-versions/fec0b399-4fdb-446a-8a97-bfdf21e67b43/approve HTTP/1.1" 200 OK
INFO:     127.0.0.1:55689 - "POST /api/v1/content-versions/fec0b399-4fdb-446a-8a97-bfdf21e67b43/approve HTTP/1.1" 200 OK
INFO:     127.0.0.1:55689 - "GET /api/v1/content-tasks/a1cf7023-2146-40d7-a950-8aabbd0b9ea4/review-context HTTP/1.1" 200 OK
INFO:     127.0.0.1:55689 - "GET /api/v1/auth/session HTTP/1.1" 200 OK
INFO:     127.0.0.1:55689 - "GET /api/v1/content-tasks/a1cf7023-2146-40d7-a950-8aabbd0b9ea4/detail HTTP/1.1" 200 OK
INFO:     127.0.0.1:55664 - "GET /api/v1/content-tasks/a1cf7023-2146-40d7-a950-8aabbd0b9ea4/review-context HTTP/1.1" 200 OK
INFO:     127.0.0.1:55664 - "GET /api/v1/content-tasks/a1cf7023-2146-40d7-a950-8aabbd0b9ea4/detail HTTP/1.1" 200 OK
INFO:     127.0.0.1:55664 - "GET /api/v1/content-versions/a475d519-947b-455f-8e19-53f5ffeff2ba/detail HTTP/1.1" 200 OK
INFO:     127.0.0.1:55690 - "GET /api/v1/content-versions/fec0b399-4fdb-446a-8a97-bfdf21e67b43/detail HTTP/1.1" 200 OK
  ✓   5 [foundation-desktop] › tests/e2e/content-review-real-stack.spec.ts:293:1 › Flow B：退回后创建 HUMAN revision，重新送审批准且历史不串线 (4.2s)
INFO:     127.0.0.1:55690 - "POST /api/v1/auth/login HTTP/1.1" 200 OK
INFO:     127.0.0.1:55690 - "POST /api/v1/platform-types HTTP/1.1" 201 Created
INFO:     127.0.0.1:55690 - "POST /api/v1/platform-profiles HTTP/1.1" 201 Created
INFO:     127.0.0.1:55690 - "POST /api/v1/products HTTP/1.1" 201 Created
INFO:     127.0.0.1:55690 - "GET /api/v1/products/66f2ef70-a631-4670-83a3-7ffb1814b677/facts HTTP/1.1" 200 OK
INFO:     127.0.0.1:55690 - "PUT /api/v1/products/66f2ef70-a631-4670-83a3-7ffb1814b677/facts HTTP/1.1" 200 OK
INFO:     127.0.0.1:55690 - "POST /api/v1/products/66f2ef70-a631-4670-83a3-7ffb1814b677/fact-review-submissions HTTP/1.1" 201 Created
INFO:     127.0.0.1:55690 - "POST /api/v1/fact-versions/6d9c6867-a0e2-4f51-bb9d-c37a9647c764/approve HTTP/1.1" 200 OK
INFO:     127.0.0.1:55690 - "POST /api/v1/content-tasks HTTP/1.1" 201 Created
INFO:     127.0.0.1:55690 - "POST /api/v1/content-tasks/7edbffcf-4ae1-4faf-99dd-e100baf982c5/manual-versions HTTP/1.1" 201 Created
INFO:     127.0.0.1:55697 - "GET /api/v1/auth/session HTTP/1.1" 200 OK
INFO:     127.0.0.1:55697 - "GET /api/v1/content-versions/67fdef73-4be8-4a88-8011-5ab99ca59a15/detail HTTP/1.1" 200 OK
  ✓   6 [foundation-desktop] › tests/e2e/content-version-detail-real-stack.spec.ts:135:1 › 独立真实栈：单一 detail GET 读取 HUMAN 当前版本且页面无写入口 (265ms)
INFO:     127.0.0.1:55690 - "POST /api/v1/auth/login HTTP/1.1" 200 OK
INFO:     127.0.0.1:55690 - "POST /api/v1/platform-types HTTP/1.1" 201 Created
INFO:     127.0.0.1:55690 - "POST /api/v1/platform-profiles HTTP/1.1" 201 Created
INFO:     127.0.0.1:55690 - "POST /api/v1/platform-accounts HTTP/1.1" 201 Created
INFO:     127.0.0.1:55690 - "POST /api/v1/products HTTP/1.1" 201 Created
INFO:     127.0.0.1:55690 - "GET /api/v1/products/911be451-0ac6-42f6-b93a-63569ec1aa80/facts HTTP/1.1" 200 OK
INFO:     127.0.0.1:55690 - "PUT /api/v1/products/911be451-0ac6-42f6-b93a-63569ec1aa80/facts HTTP/1.1" 200 OK
INFO:     127.0.0.1:55690 - "POST /api/v1/products/911be451-0ac6-42f6-b93a-63569ec1aa80/fact-review-submissions HTTP/1.1" 201 Created
INFO:     127.0.0.1:55690 - "POST /api/v1/fact-versions/86147cc3-54a2-4245-a5a6-16ace8eee80b/approve HTTP/1.1" 200 OK
INFO:     127.0.0.1:55690 - "POST /api/v1/content-tasks HTTP/1.1" 201 Created
INFO:     127.0.0.1:55690 - "POST /api/v1/content-tasks/67e5552e-2d6e-4ed6-bcea-73455eb3fd1b/manual-versions HTTP/1.1" 201 Created
INFO:     127.0.0.1:55690 - "POST /api/v1/content-versions/db8d471f-6ef4-4e8b-affe-1345b10829a4/submit-review HTTP/1.1" 200 OK
INFO:     127.0.0.1:55690 - "POST /api/v1/content-versions/db8d471f-6ef4-4e8b-affe-1345b10829a4/approve HTTP/1.1" 200 OK
INFO:     127.0.0.1:55690 - "POST /api/v1/publication-works HTTP/1.1" 201 Created
INFO:     127.0.0.1:55690 - "PUT /api/v1/publication-works/38a2e4ae-83fc-4e59-979c-2627a9be6fe9/result HTTP/1.1" 200 OK
INFO:     127.0.0.1:55690 - "POST /api/v1/publication-works/38a2e4ae-83fc-4e59-979c-2627a9be6fe9/verifications HTTP/1.1" 200 OK
INFO:     127.0.0.1:55690 - "GET /api/v1/published-articles/38a2e4ae-83fc-4e59-979c-2627a9be6fe9 HTTP/1.1" 200 OK
INFO:     127.0.0.1:55690 - "POST /api/v1/query-topics HTTP/1.1" 201 Created
INFO:     127.0.0.1:55704 - "GET /api/v1/auth/session HTTP/1.1" 200 OK
INFO:     127.0.0.1:55705 - "GET /api/v1/query-topics HTTP/1.1" 200 OK
INFO:     127.0.0.1:55704 - "GET /api/v1/products?page=1&page_size=20&sort=UPDATED_DESC HTTP/1.1" 200 OK
INFO:     127.0.0.1:55704 - "GET /api/v1/products?page=1&page_size=20&search=GEO-95641d91&sort=UPDATED_DESC HTTP/1.1" 200 OK
INFO:     127.0.0.1:55704 - "GET /api/v1/geo-observation-publications?product_id=911be451-0ac6-42f6-b93a-63569ec1aa80 HTTP/1.1" 200 OK
INFO:     127.0.0.1:55706 - "OPTIONS /api/v1/files/upload-intents HTTP/1.1" 200 OK
INFO:     127.0.0.1:55704 - "POST /api/v1/files/upload-intents HTTP/1.1" 201 Created
INFO:     127.0.0.1:55706 - "OPTIONS /api/v1/files/fd83e777-78c9-4b1f-9e2d-d4471b30510e/content HTTP/1.1" 200 OK
INFO:     127.0.0.1:55704 - "PUT /api/v1/files/fd83e777-78c9-4b1f-9e2d-d4471b30510e/content HTTP/1.1" 204 No Content
INFO:     127.0.0.1:55706 - "OPTIONS /api/v1/files/fd83e777-78c9-4b1f-9e2d-d4471b30510e/complete HTTP/1.1" 200 OK
INFO:     127.0.0.1:55704 - "POST /api/v1/files/fd83e777-78c9-4b1f-9e2d-d4471b30510e/complete HTTP/1.1" 200 OK
INFO:     127.0.0.1:55690 - "GET /api/v1/files/fd83e777-78c9-4b1f-9e2d-d4471b30510e/download-url HTTP/1.1" 200 OK
INFO:     127.0.0.1:55706 - "OPTIONS /api/v1/geo-observations HTTP/1.1" 200 OK
INFO:     127.0.0.1:55704 - "POST /api/v1/geo-observations HTTP/1.1" 201 Created
INFO:     127.0.0.1:55704 - "GET /api/v1/geo-observations/cd90a4b9-b658-4f52-9f40-aee5dd4dd580/detail HTTP/1.1" 200 OK
INFO:     127.0.0.1:55704 - "GET /api/v1/auth/session HTTP/1.1" 200 OK
INFO:     127.0.0.1:55704 - "GET /api/v1/workbench HTTP/1.1" 200 OK
INFO:     127.0.0.1:55704 - "GET /api/v1/auth/session HTTP/1.1" 200 OK
INFO:     127.0.0.1:55704 - "GET /api/v1/geo-observations/cd90a4b9-b658-4f52-9f40-aee5dd4dd580/detail HTTP/1.1" 200 OK
INFO:     127.0.0.1:55704 - "GET /api/v1/auth/session HTTP/1.1" 200 OK
INFO:     127.0.0.1:55704 - "GET /api/v1/geo-observations/cd90a4b9-b658-4f52-9f40-aee5dd4dd580/correction-context HTTP/1.1" 200 OK
INFO:     127.0.0.1:55704 - "GET /api/v1/geo-observations/cd90a4b9-b658-4f52-9f40-aee5dd4dd580/correction-context HTTP/1.1" 200 OK
INFO:     127.0.0.1:55704 - "POST /api/v1/files/upload-intents HTTP/1.1" 201 Created
INFO:     127.0.0.1:55706 - "OPTIONS /api/v1/files/f034bcc7-6761-4407-a724-a732e0316ee1/content HTTP/1.1" 200 OK
INFO:     127.0.0.1:55704 - "PUT /api/v1/files/f034bcc7-6761-4407-a724-a732e0316ee1/content HTTP/1.1" 204 No Content
INFO:     127.0.0.1:55706 - "OPTIONS /api/v1/files/f034bcc7-6761-4407-a724-a732e0316ee1/complete HTTP/1.1" 200 OK
INFO:     127.0.0.1:55704 - "POST /api/v1/files/f034bcc7-6761-4407-a724-a732e0316ee1/complete HTTP/1.1" 200 OK
INFO:     127.0.0.1:55690 - "GET /api/v1/files/f034bcc7-6761-4407-a724-a732e0316ee1/download-url HTTP/1.1" 200 OK
INFO:     127.0.0.1:55704 - "POST /api/v1/geo-observations HTTP/1.1" 201 Created
INFO:     127.0.0.1:55704 - "GET /api/v1/geo-observations/cd90a4b9-b658-4f52-9f40-aee5dd4dd580/correction-context HTTP/1.1" 200 OK
INFO:     127.0.0.1:55705 - "GET /api/v1/geo-observations/f531d710-252a-4118-a9d5-2e8d0e596625/detail HTTP/1.1" 200 OK
INFO:     127.0.0.1:55705 - "GET /api/v1/auth/session HTTP/1.1" 200 OK
INFO:     127.0.0.1:55705 - "GET /api/v1/workbench HTTP/1.1" 200 OK
INFO:     127.0.0.1:55705 - "GET /api/v1/auth/session HTTP/1.1" 200 OK
INFO:     127.0.0.1:55705 - "GET /api/v1/geo-observations/list-items?product_id=911be451-0ac6-42f6-b93a-63569ec1aa80&page=1&page_size=20 HTTP/1.1" 200 OK
INFO:     127.0.0.1:55705 - "GET /api/v1/auth/session HTTP/1.1" 200 OK
INFO:     127.0.0.1:55705 - "GET /api/v1/geo-observations/cd90a4b9-b658-4f52-9f40-aee5dd4dd580/detail HTTP/1.1" 200 OK
INFO:     127.0.0.1:55704 - "GET /api/v1/auth/session HTTP/1.1" 200 OK
INFO:     127.0.0.1:55704 - "GET /api/v1/geo/observation-batches?sort=CREATED_DESC&page=1&page_size=20 HTTP/1.1" 200 OK
INFO:     127.0.0.1:55704 - "GET /api/v1/geo-observations/list-items?page=1&page_size=20 HTTP/1.1" 200 OK
INFO:     127.0.0.1:55704 - "GET /api/v1/auth/session HTTP/1.1" 200 OK
INFO:     127.0.0.1:55704 - "GET /api/v1/geo-observations/list-items?product_id=911be451-0ac6-42f6-b93a-63569ec1aa80&page=1&page_size=20 HTTP/1.1" 200 OK
INFO:     127.0.0.1:55704 - "GET /api/v1/auth/session HTTP/1.1" 200 OK
INFO:     127.0.0.1:55704 - "GET /api/v1/geo-observations/cd90a4b9-b658-4f52-9f40-aee5dd4dd580/detail HTTP/1.1" 200 OK
INFO:     127.0.0.1:55690 - "GET /api/v1/geo-observations/cd90a4b9-b658-4f52-9f40-aee5dd4dd580/detail HTTP/1.1" 200 OK
INFO:     127.0.0.1:55690 - "GET /api/v1/geo-observations/f531d710-252a-4118-a9d5-2e8d0e596625/detail HTTP/1.1" 200 OK
INFO:     127.0.0.1:55690 - "GET /api/v1/geo-observations/list-items?product_id=911be451-0ac6-42f6-b93a-63569ec1aa80&page=1&page_size=20 HTTP/1.1" 200 OK
  ✓   7 [foundation-desktop] › tests/e2e/geo-real-stack.spec.ts:346:1 › Flow A：新建 Observation 后追加 Correction，原记录保持不可变 (4.0s)
INFO:     127.0.0.1:55690 - "POST /api/v1/auth/login HTTP/1.1" 200 OK
INFO:     127.0.0.1:55690 - "POST /api/v1/platform-types HTTP/1.1" 201 Created
INFO:     127.0.0.1:55690 - "POST /api/v1/platform-profiles HTTP/1.1" 201 Created
INFO:     127.0.0.1:55690 - "POST /api/v1/platform-accounts HTTP/1.1" 201 Created
INFO:     127.0.0.1:55690 - "POST /api/v1/products HTTP/1.1" 201 Created
INFO:     127.0.0.1:55690 - "GET /api/v1/products/8bc60167-6572-4240-93f6-ffaa5cc9ae2c/facts HTTP/1.1" 200 OK
INFO:     127.0.0.1:55690 - "PUT /api/v1/products/8bc60167-6572-4240-93f6-ffaa5cc9ae2c/facts HTTP/1.1" 200 OK
INFO:     127.0.0.1:55690 - "POST /api/v1/products/8bc60167-6572-4240-93f6-ffaa5cc9ae2c/fact-review-submissions HTTP/1.1" 201 Created
INFO:     127.0.0.1:55690 - "POST /api/v1/fact-versions/82af88dd-d7ae-4b74-a562-a0ff0a005917/approve HTTP/1.1" 200 OK
INFO:     127.0.0.1:55690 - "POST /api/v1/content-tasks HTTP/1.1" 201 Created
INFO:     127.0.0.1:55690 - "POST /api/v1/content-tasks/d6ba30e4-c653-4ece-88ed-6f2d48f5af21/manual-versions HTTP/1.1" 201 Created
INFO:     127.0.0.1:55690 - "POST /api/v1/content-versions/4f7945da-8476-4b1a-a113-dc97a75d2568/submit-review HTTP/1.1" 200 OK
INFO:     127.0.0.1:55690 - "POST /api/v1/content-versions/4f7945da-8476-4b1a-a113-dc97a75d2568/approve HTTP/1.1" 200 OK
INFO:     127.0.0.1:55690 - "POST /api/v1/publication-works HTTP/1.1" 201 Created
INFO:     127.0.0.1:55690 - "PUT /api/v1/publication-works/273ff87b-d056-42c3-a192-df741c2f80e9/result HTTP/1.1" 200 OK
INFO:     127.0.0.1:55690 - "POST /api/v1/publication-works/273ff87b-d056-42c3-a192-df741c2f80e9/verifications HTTP/1.1" 200 OK
INFO:     127.0.0.1:55690 - "GET /api/v1/published-articles/273ff87b-d056-42c3-a192-df741c2f80e9 HTTP/1.1" 200 OK
INFO:     127.0.0.1:55690 - "POST /api/v1/query-topics HTTP/1.1" 201 Created
INFO:     127.0.0.1:55690 - "POST /api/v1/geo-observations HTTP/1.1" 201 Created
INFO:     127.0.0.1:55690 - "POST /api/v1/geo-observations HTTP/1.1" 201 Created
INFO:     127.0.0.1:55690 - "POST /api/v1/geo-observations HTTP/1.1" 201 Created
INFO:     127.0.0.1:55690 - "POST /api/v1/geo-observations HTTP/1.1" 201 Created
INFO:     127.0.0.1:55690 - "POST /api/v1/geo-observations HTTP/1.1" 201 Created
INFO:     127.0.0.1:55690 - "POST /api/v1/geo-observations HTTP/1.1" 201 Created
INFO:     127.0.0.1:55734 - "GET /api/v1/auth/session HTTP/1.1" 200 OK
INFO:     127.0.0.1:55734 - "GET /api/v1/geo-insights?date_from=2026-07-01&date_to=2026-07-31&product_id=8bc60167-6572-4240-93f6-ffaa5cc9ae2c&content_platform_id=ea166171-20ae-4231-ba5d-1f97ee4aa967&published_article_id=273ff87b-d056-42c3-a192-df741c2f80e9 HTTP/1.1" 200 OK
INFO:     127.0.0.1:55734 - "GET /api/v1/content-tasks/creation-options?requested_product_id=8bc60167-6572-4240-93f6-ffaa5cc9ae2c HTTP/1.1" 200 OK
INFO:     127.0.0.1:55735 - "OPTIONS /api/v1/geo-insights/optimization-content-tasks HTTP/1.1" 200 OK
INFO:     127.0.0.1:55734 - "POST /api/v1/geo-insights/optimization-content-tasks HTTP/1.1" 201 Created
INFO:     127.0.0.1:55734 - "GET /api/v1/geo-insights?date_from=2026-07-01&date_to=2026-07-31&product_id=8bc60167-6572-4240-93f6-ffaa5cc9ae2c&content_platform_id=ea166171-20ae-4231-ba5d-1f97ee4aa967&published_article_id=273ff87b-d056-42c3-a192-df741c2f80e9 HTTP/1.1" 200 OK
INFO:     127.0.0.1:55736 - "GET /api/v1/content-tasks/7f2ed345-e126-4b61-aa36-438445fa263c/detail HTTP/1.1" 200 OK
INFO:     127.0.0.1:55690 - "GET /api/v1/content-tasks/7f2ed345-e126-4b61-aa36-438445fa263c/detail HTTP/1.1" 200 OK
  ✓   8 [foundation-desktop] › tests/e2e/geo-real-stack.spec.ts:581:1 › Flow B：真实 Insights 复算异常并创建带不可变 GEO 来源的优化任务 (997ms)
INFO:     127.0.0.1:55690 - "POST /api/v1/auth/login HTTP/1.1" 200 OK
INFO:     127.0.0.1:55690 - "POST /api/v1/platform-types HTTP/1.1" 201 Created
INFO:     127.0.0.1:55690 - "POST /api/v1/platform-profiles HTTP/1.1" 201 Created
INFO:     127.0.0.1:55743 - "GET /api/v1/auth/session HTTP/1.1" 200 OK
INFO:     127.0.0.1:55744 - "OPTIONS /api/v1/products HTTP/1.1" 200 OK
INFO:     127.0.0.1:55743 - "POST /api/v1/products HTTP/1.1" 201 Created
INFO:     127.0.0.1:55743 - "GET /api/v1/products/f3d06461-fcdb-4c6b-8883-7fd8bb5ae947/detail HTTP/1.1" 200 OK
INFO:     127.0.0.1:55743 - "GET /api/v1/auth/session HTTP/1.1" 200 OK
INFO:     127.0.0.1:55743 - "GET /api/v1/products/f3d06461-fcdb-4c6b-8883-7fd8bb5ae947/facts HTTP/1.1" 200 OK
INFO:     127.0.0.1:55744 - "OPTIONS /api/v1/products/f3d06461-fcdb-4c6b-8883-7fd8bb5ae947/facts HTTP/1.1" 200 OK
INFO:     127.0.0.1:55743 - "PUT /api/v1/products/f3d06461-fcdb-4c6b-8883-7fd8bb5ae947/facts HTTP/1.1" 200 OK
INFO:     127.0.0.1:55744 - "OPTIONS /api/v1/products/f3d06461-fcdb-4c6b-8883-7fd8bb5ae947/fact-review-submissions HTTP/1.1" 200 OK
INFO:     127.0.0.1:55743 - "POST /api/v1/products/f3d06461-fcdb-4c6b-8883-7fd8bb5ae947/fact-review-submissions HTTP/1.1" 201 Created
INFO:     127.0.0.1:55743 - "GET /api/v1/products/f3d06461-fcdb-4c6b-8883-7fd8bb5ae947/facts HTTP/1.1" 200 OK
INFO:     127.0.0.1:55743 - "GET /api/v1/auth/session HTTP/1.1" 200 OK
INFO:     127.0.0.1:55743 - "GET /api/v1/workbench HTTP/1.1" 200 OK
INFO:     127.0.0.1:55743 - "GET /api/v1/auth/session HTTP/1.1" 200 OK
INFO:     127.0.0.1:55743 - "GET /api/v1/products/f3d06461-fcdb-4c6b-8883-7fd8bb5ae947/fact-review-context HTTP/1.1" 200 OK
INFO:     127.0.0.1:55744 - "OPTIONS /api/v1/fact-versions/c929da07-6142-4173-9acb-0ba8c8896ebf/approve HTTP/1.1" 200 OK
INFO:     127.0.0.1:55743 - "POST /api/v1/fact-versions/c929da07-6142-4173-9acb-0ba8c8896ebf/approve HTTP/1.1" 200 OK
INFO:     127.0.0.1:55743 - "GET /api/v1/products/f3d06461-fcdb-4c6b-8883-7fd8bb5ae947/fact-review-context HTTP/1.1" 200 OK
INFO:     127.0.0.1:55743 - "GET /api/v1/products?page=1&page_size=20&sort=UPDATED_DESC HTTP/1.1" 200 OK
INFO:     127.0.0.1:55743 - "GET /api/v1/products?page=1&page_size=20&search=PF-A-4e7bd701&sort=UPDATED_DESC HTTP/1.1" 200 OK
INFO:     127.0.0.1:55743 - "GET /api/v1/products/f3d06461-fcdb-4c6b-8883-7fd8bb5ae947/detail HTTP/1.1" 200 OK
INFO:     127.0.0.1:55690 - "GET /api/v1/products/f3d06461-fcdb-4c6b-8883-7fd8bb5ae947/detail HTTP/1.1" 200 OK
INFO:     127.0.0.1:55743 - "GET /api/v1/auth/session HTTP/1.1" 200 OK
INFO:     127.0.0.1:55743 - "GET /api/v1/content-tasks/creation-options?requested_product_id=f3d06461-fcdb-4c6b-8883-7fd8bb5ae947 HTTP/1.1" 200 OK
INFO:     127.0.0.1:55744 - "OPTIONS /api/v1/content-tasks HTTP/1.1" 200 OK
INFO:     127.0.0.1:55743 - "POST /api/v1/content-tasks HTTP/1.1" 201 Created
INFO:     127.0.0.1:55743 - "GET /api/v1/content-tasks/9963ef8a-515c-467f-bfc5-9ef3eb7d2346/detail HTTP/1.1" 200 OK
INFO:     127.0.0.1:55743 - "GET /api/v1/products?page=1&page_size=20&sort=UPDATED_DESC HTTP/1.1" 200 OK
INFO:     127.0.0.1:55743 - "GET /api/v1/products?page=1&page_size=20&search=PF-A-4e7bd701&sort=UPDATED_DESC HTTP/1.1" 200 OK
INFO:     127.0.0.1:55743 - "GET /api/v1/products/f3d06461-fcdb-4c6b-8883-7fd8bb5ae947/detail HTTP/1.1" 200 OK
INFO:     127.0.0.1:55743 - "GET /api/v1/auth/session HTTP/1.1" 200 OK
INFO:     127.0.0.1:55743 - "GET /api/v1/fact-versions/c929da07-6142-4173-9acb-0ba8c8896ebf HTTP/1.1" 200 OK
  ✓   9 [foundation-desktop] › tests/e2e/product-facts-real-stack.spec.ts:134:1 › Flow A：批准事实后展示不可变版本并交接 CREATE_CONTENT_TASK (2.8s)
INFO:     127.0.0.1:55690 - "POST /api/v1/auth/login HTTP/1.1" 200 OK
INFO:     127.0.0.1:55754 - "GET /api/v1/auth/session HTTP/1.1" 200 OK
INFO:     127.0.0.1:55755 - "OPTIONS /api/v1/products HTTP/1.1" 200 OK
INFO:     127.0.0.1:55754 - "POST /api/v1/products HTTP/1.1" 201 Created
INFO:     127.0.0.1:55754 - "GET /api/v1/products/c26dd62c-51bc-4b65-a436-443381dea0e7/detail HTTP/1.1" 200 OK
INFO:     127.0.0.1:55754 - "GET /api/v1/auth/session HTTP/1.1" 200 OK
INFO:     127.0.0.1:55754 - "GET /api/v1/products/c26dd62c-51bc-4b65-a436-443381dea0e7/facts HTTP/1.1" 200 OK
INFO:     127.0.0.1:55755 - "OPTIONS /api/v1/products/c26dd62c-51bc-4b65-a436-443381dea0e7/facts HTTP/1.1" 200 OK
INFO:     127.0.0.1:55754 - "PUT /api/v1/products/c26dd62c-51bc-4b65-a436-443381dea0e7/facts HTTP/1.1" 200 OK
INFO:     127.0.0.1:55755 - "OPTIONS /api/v1/products/c26dd62c-51bc-4b65-a436-443381dea0e7/fact-review-submissions HTTP/1.1" 200 OK
INFO:     127.0.0.1:55754 - "POST /api/v1/products/c26dd62c-51bc-4b65-a436-443381dea0e7/fact-review-submissions HTTP/1.1" 201 Created
INFO:     127.0.0.1:55754 - "GET /api/v1/products/c26dd62c-51bc-4b65-a436-443381dea0e7/facts HTTP/1.1" 200 OK
INFO:     127.0.0.1:55754 - "GET /api/v1/products?page=1&page_size=20&sort=UPDATED_DESC HTTP/1.1" 200 OK
INFO:     127.0.0.1:55754 - "GET /api/v1/products?page=1&page_size=20&search=PF-B-9299716f&sort=UPDATED_DESC HTTP/1.1" 200 OK
INFO:     127.0.0.1:55754 - "GET /api/v1/auth/session HTTP/1.1" 200 OK
INFO:     127.0.0.1:55754 - "GET /api/v1/products/c26dd62c-51bc-4b65-a436-443381dea0e7/fact-review-context HTTP/1.1" 200 OK
INFO:     127.0.0.1:55755 - "OPTIONS /api/v1/fact-versions/56a9c29e-4700-4454-8f8e-1414ab1c90bf/request-changes HTTP/1.1" 200 OK
INFO:     127.0.0.1:55754 - "POST /api/v1/fact-versions/56a9c29e-4700-4454-8f8e-1414ab1c90bf/request-changes HTTP/1.1" 200 OK
INFO:     127.0.0.1:55754 - "GET /api/v1/products/c26dd62c-51bc-4b65-a436-443381dea0e7/fact-review-context HTTP/1.1" 200 OK
INFO:     127.0.0.1:55754 - "GET /api/v1/products?page=1&page_size=20&sort=UPDATED_DESC HTTP/1.1" 200 OK
INFO:     127.0.0.1:55754 - "GET /api/v1/products?page=1&page_size=20&search=PF-B-9299716f&sort=UPDATED_DESC HTTP/1.1" 200 OK
INFO:     127.0.0.1:55754 - "GET /api/v1/auth/session HTTP/1.1" 200 OK
INFO:     127.0.0.1:55754 - "GET /api/v1/products/c26dd62c-51bc-4b65-a436-443381dea0e7/facts HTTP/1.1" 200 OK
INFO:     127.0.0.1:55754 - "PUT /api/v1/products/c26dd62c-51bc-4b65-a436-443381dea0e7/facts HTTP/1.1" 200 OK
INFO:     127.0.0.1:55754 - "POST /api/v1/products/c26dd62c-51bc-4b65-a436-443381dea0e7/fact-review-submissions HTTP/1.1" 201 Created
INFO:     127.0.0.1:55754 - "GET /api/v1/products/c26dd62c-51bc-4b65-a436-443381dea0e7/facts HTTP/1.1" 200 OK
INFO:     127.0.0.1:55754 - "GET /api/v1/products?page=1&page_size=20&sort=UPDATED_DESC HTTP/1.1" 200 OK
INFO:     127.0.0.1:55754 - "GET /api/v1/products?page=1&page_size=20&search=PF-B-9299716f&sort=UPDATED_DESC HTTP/1.1" 200 OK
INFO:     127.0.0.1:55754 - "GET /api/v1/auth/session HTTP/1.1" 200 OK
INFO:     127.0.0.1:55754 - "GET /api/v1/products/c26dd62c-51bc-4b65-a436-443381dea0e7/fact-review-context HTTP/1.1" 200 OK
INFO:     127.0.0.1:55755 - "OPTIONS /api/v1/fact-versions/8f4f2fd8-2133-4b21-b61d-4c3b2bdb40e7/approve HTTP/1.1" 200 OK
INFO:     127.0.0.1:55754 - "POST /api/v1/fact-versions/8f4f2fd8-2133-4b21-b61d-4c3b2bdb40e7/approve HTTP/1.1" 200 OK
INFO:     127.0.0.1:55754 - "GET /api/v1/products/c26dd62c-51bc-4b65-a436-443381dea0e7/fact-review-context HTTP/1.1" 200 OK
INFO:     127.0.0.1:55690 - "GET /api/v1/products/c26dd62c-51bc-4b65-a436-443381dea0e7/fact-review-context HTTP/1.1" 200 OK
INFO:     127.0.0.1:55754 - "GET /api/v1/products?page=1&page_size=20&sort=UPDATED_DESC HTTP/1.1" 200 OK
INFO:     127.0.0.1:55754 - "GET /api/v1/products?page=1&page_size=20&search=PF-B-9299716f&sort=UPDATED_DESC HTTP/1.1" 200 OK
INFO:     127.0.0.1:55754 - "GET /api/v1/products/c26dd62c-51bc-4b65-a436-443381dea0e7/detail HTTP/1.1" 200 OK
INFO:     127.0.0.1:55754 - "GET /api/v1/auth/session HTTP/1.1" 200 OK
INFO:     127.0.0.1:55754 - "GET /api/v1/products/c26dd62c-51bc-4b65-a436-443381dea0e7/fact-history?page=1&page_size=20 HTTP/1.1" 200 OK
INFO:     127.0.0.1:55754 - "GET /api/v1/auth/session HTTP/1.1" 200 OK
INFO:     127.0.0.1:55754 - "GET /api/v1/fact-versions/8f4f2fd8-2133-4b21-b61d-4c3b2bdb40e7 HTTP/1.1" 200 OK
  ✓  10 [foundation-desktop] › tests/e2e/product-facts-real-stack.spec.ts:231:1 › Flow B：退回后修订产生新版本，审核历史严格归属当前 FactVersion (2.8s)
INFO:     127.0.0.1:55690 - "POST /api/v1/auth/login HTTP/1.1" 200 OK
INFO:     127.0.0.1:55762 - "GET /api/v1/auth/session HTTP/1.1" 200 OK
INFO:     127.0.0.1:55763 - "OPTIONS /api/v1/products HTTP/1.1" 200 OK
INFO:     127.0.0.1:55762 - "POST /api/v1/products HTTP/1.1" 201 Created
INFO:     127.0.0.1:55762 - "GET /api/v1/products/ee01d9b8-eb21-445a-826f-fcb612089605/detail HTTP/1.1" 200 OK
INFO:     127.0.0.1:55762 - "GET /api/v1/auth/session HTTP/1.1" 200 OK
INFO:     127.0.0.1:55762 - "GET /api/v1/products/ee01d9b8-eb21-445a-826f-fcb612089605/facts HTTP/1.1" 200 OK
INFO:     127.0.0.1:55763 - "OPTIONS /api/v1/products/ee01d9b8-eb21-445a-826f-fcb612089605/facts HTTP/1.1" 200 OK
INFO:     127.0.0.1:55762 - "PUT /api/v1/products/ee01d9b8-eb21-445a-826f-fcb612089605/facts HTTP/1.1" 200 OK
INFO:     127.0.0.1:55763 - "OPTIONS /api/v1/products/ee01d9b8-eb21-445a-826f-fcb612089605/fact-review-submissions HTTP/1.1" 200 OK
INFO:     127.0.0.1:55762 - "POST /api/v1/products/ee01d9b8-eb21-445a-826f-fcb612089605/fact-review-submissions HTTP/1.1" 201 Created
INFO:     127.0.0.1:55762 - "GET /api/v1/products/ee01d9b8-eb21-445a-826f-fcb612089605/facts HTTP/1.1" 200 OK
INFO:     127.0.0.1:55762 - "GET /api/v1/products?page=1&page_size=20&sort=UPDATED_DESC HTTP/1.1" 200 OK
INFO:     127.0.0.1:55762 - "GET /api/v1/products?page=1&page_size=20&search=PF-D-09a48ff5&sort=UPDATED_DESC HTTP/1.1" 200 OK
INFO:     127.0.0.1:55762 - "GET /api/v1/auth/session HTTP/1.1" 200 OK
INFO:     127.0.0.1:55762 - "GET /api/v1/products/ee01d9b8-eb21-445a-826f-fcb612089605/fact-review-context HTTP/1.1" 200 OK
INFO:     127.0.0.1:55690 - "GET /api/v1/products/ee01d9b8-eb21-445a-826f-fcb612089605/fact-review-context HTTP/1.1" 200 OK
INFO:     127.0.0.1:55690 - "POST /api/v1/fact-versions/5f2d7a04-9077-4502-858b-508818d1ef7a/request-changes HTTP/1.1" 200 OK
INFO:     127.0.0.1:55763 - "OPTIONS /api/v1/fact-versions/5f2d7a04-9077-4502-858b-508818d1ef7a/approve HTTP/1.1" 200 OK
INFO:     127.0.0.1:55762 - "POST /api/v1/fact-versions/5f2d7a04-9077-4502-858b-508818d1ef7a/approve HTTP/1.1" 409 Conflict
INFO:     127.0.0.1:55762 - "GET /api/v1/products/ee01d9b8-eb21-445a-826f-fcb612089605/fact-review-context HTTP/1.1" 200 OK
INFO:     127.0.0.1:55690 - "GET /api/v1/products/ee01d9b8-eb21-445a-826f-fcb612089605/fact-review-context HTTP/1.1" 200 OK
  ✓  11 [foundation-desktop] › tests/e2e/product-facts-real-stack.spec.ts:319:1 › Flow D：过期 revision 真实返回 409，不重放并保留服务端最新状态 (1.2s)
INFO:     127.0.0.1:55690 - "POST /api/v1/auth/login HTTP/1.1" 200 OK
INFO:     127.0.0.1:55690 - "POST /api/v1/platform-types HTTP/1.1" 201 Created
INFO:     127.0.0.1:55690 - "POST /api/v1/platform-profiles HTTP/1.1" 201 Created
INFO:     127.0.0.1:55770 - "GET /api/v1/auth/session HTTP/1.1" 200 OK
INFO:     127.0.0.1:55771 - "OPTIONS /api/v1/products HTTP/1.1" 200 OK
INFO:     127.0.0.1:55770 - "POST /api/v1/products HTTP/1.1" 201 Created
INFO:     127.0.0.1:55770 - "GET /api/v1/products/c7689210-5b39-49f7-8cce-1cbb9cdcdcd5/detail HTTP/1.1" 200 OK
INFO:     127.0.0.1:55770 - "GET /api/v1/auth/session HTTP/1.1" 200 OK
INFO:     127.0.0.1:55770 - "GET /api/v1/products/c7689210-5b39-49f7-8cce-1cbb9cdcdcd5/facts HTTP/1.1" 200 OK
INFO:     127.0.0.1:55771 - "OPTIONS /api/v1/products/c7689210-5b39-49f7-8cce-1cbb9cdcdcd5/facts HTTP/1.1" 200 OK
INFO:     127.0.0.1:55770 - "PUT /api/v1/products/c7689210-5b39-49f7-8cce-1cbb9cdcdcd5/facts HTTP/1.1" 200 OK
INFO:     127.0.0.1:55771 - "OPTIONS /api/v1/products/c7689210-5b39-49f7-8cce-1cbb9cdcdcd5/fact-review-submissions HTTP/1.1" 200 OK
INFO:     127.0.0.1:55770 - "POST /api/v1/products/c7689210-5b39-49f7-8cce-1cbb9cdcdcd5/fact-review-submissions HTTP/1.1" 201 Created
INFO:     127.0.0.1:55770 - "GET /api/v1/products/c7689210-5b39-49f7-8cce-1cbb9cdcdcd5/facts HTTP/1.1" 200 OK
INFO:     127.0.0.1:55770 - "GET /api/v1/products?page=1&page_size=20&sort=UPDATED_DESC HTTP/1.1" 200 OK
INFO:     127.0.0.1:55770 - "GET /api/v1/products?page=1&page_size=20&search=CE-C-fc48da8d&sort=UPDATED_DESC HTTP/1.1" 200 OK
INFO:     127.0.0.1:55770 - "GET /api/v1/auth/session HTTP/1.1" 200 OK
INFO:     127.0.0.1:55770 - "GET /api/v1/products/c7689210-5b39-49f7-8cce-1cbb9cdcdcd5/fact-review-context HTTP/1.1" 200 OK
INFO:     127.0.0.1:55771 - "OPTIONS /api/v1/fact-versions/3698e418-fea4-4852-8ca3-809e6cdeae36/approve HTTP/1.1" 200 OK
INFO:     127.0.0.1:55770 - "POST /api/v1/fact-versions/3698e418-fea4-4852-8ca3-809e6cdeae36/approve HTTP/1.1" 200 OK
INFO:     127.0.0.1:55770 - "GET /api/v1/products/c7689210-5b39-49f7-8cce-1cbb9cdcdcd5/fact-review-context HTTP/1.1" 200 OK
INFO:     127.0.0.1:55770 - "GET /api/v1/products?page=1&page_size=20&sort=UPDATED_DESC HTTP/1.1" 200 OK
INFO:     127.0.0.1:55770 - "GET /api/v1/products?page=1&page_size=20&search=CE-C-fc48da8d&sort=UPDATED_DESC HTTP/1.1" 200 OK
INFO:     127.0.0.1:55770 - "GET /api/v1/products/c7689210-5b39-49f7-8cce-1cbb9cdcdcd5/detail HTTP/1.1" 200 OK
INFO:     127.0.0.1:55690 - "GET /api/v1/products/c7689210-5b39-49f7-8cce-1cbb9cdcdcd5/detail HTTP/1.1" 200 OK
INFO:     127.0.0.1:55770 - "GET /api/v1/auth/session HTTP/1.1" 200 OK
INFO:     127.0.0.1:55770 - "GET /api/v1/content-tasks/creation-options?requested_product_id=c7689210-5b39-49f7-8cce-1cbb9cdcdcd5 HTTP/1.1" 200 OK
INFO:     127.0.0.1:55771 - "OPTIONS /api/v1/content-tasks HTTP/1.1" 200 OK
INFO:     127.0.0.1:55770 - "POST /api/v1/content-tasks HTTP/1.1" 201 Created
INFO:     127.0.0.1:55770 - "GET /api/v1/content-tasks/f78388f2-8249-4430-9a0f-6df838996b58/detail HTTP/1.1" 200 OK
INFO:     127.0.0.1:55770 - "GET /api/v1/auth/session HTTP/1.1" 200 OK
INFO:     127.0.0.1:55770 - "GET /api/v1/content-tasks/f78388f2-8249-4430-9a0f-6df838996b58/editor-context HTTP/1.1" 200 OK
INFO:     127.0.0.1:55771 - "OPTIONS /api/v1/content-tasks/f78388f2-8249-4430-9a0f-6df838996b58/manual-versions HTTP/1.1" 200 OK
INFO:     127.0.0.1:55770 - "POST /api/v1/content-tasks/f78388f2-8249-4430-9a0f-6df838996b58/manual-versions HTTP/1.1" 201 Created
INFO:     127.0.0.1:55770 - "GET /api/v1/content-tasks/f78388f2-8249-4430-9a0f-6df838996b58/editor-context HTTP/1.1" 200 OK
INFO:     127.0.0.1:55771 - "OPTIONS /api/v1/content-versions/85a9f292-0731-492f-8e2e-bff50bfb2dcb HTTP/1.1" 200 OK
INFO:     127.0.0.1:55770 - "PUT /api/v1/content-versions/85a9f292-0731-492f-8e2e-bff50bfb2dcb HTTP/1.1" 200 OK
INFO:     127.0.0.1:55770 - "GET /api/v1/content-tasks/f78388f2-8249-4430-9a0f-6df838996b58/editor-context HTTP/1.1" 200 OK
INFO:     127.0.0.1:55771 - "OPTIONS /api/v1/content-versions/85a9f292-0731-492f-8e2e-bff50bfb2dcb/submit-review HTTP/1.1" 200 OK
INFO:     127.0.0.1:55770 - "POST /api/v1/content-versions/85a9f292-0731-492f-8e2e-bff50bfb2dcb/submit-review HTTP/1.1" 200 OK
INFO:     127.0.0.1:55770 - "GET /api/v1/content-tasks/f78388f2-8249-4430-9a0f-6df838996b58/editor-context HTTP/1.1" 200 OK
INFO:     127.0.0.1:55690 - "GET /api/v1/content-tasks/f78388f2-8249-4430-9a0f-6df838996b58/editor-context HTTP/1.1" 200 OK
  ✓  12 [foundation-desktop] › tests/e2e/product-facts-real-stack.spec.ts:400:1 › Flow C：独立 ContentTask 经人工首稿、保存后提交审核 (3.0s)
INFO:     127.0.0.1:55690 - "POST /api/v1/auth/login HTTP/1.1" 200 OK
INFO:     127.0.0.1:55690 - "POST /api/v1/platform-types HTTP/1.1" 201 Created
INFO:     127.0.0.1:55690 - "POST /api/v1/platform-profiles HTTP/1.1" 201 Created
INFO:     127.0.0.1:55690 - "POST /api/v1/platform-accounts HTTP/1.1" 201 Created
INFO:     127.0.0.1:55690 - "POST /api/v1/platform-accounts HTTP/1.1" 201 Created
INFO:     127.0.0.1:55690 - "POST /api/v1/products HTTP/1.1" 201 Created
INFO:     127.0.0.1:55690 - "GET /api/v1/products/a8d2daa3-be83-49bf-b68b-adf0079f9499/facts HTTP/1.1" 200 OK
INFO:     127.0.0.1:55690 - "PUT /api/v1/products/a8d2daa3-be83-49bf-b68b-adf0079f9499/facts HTTP/1.1" 200 OK
INFO:     127.0.0.1:55690 - "POST /api/v1/products/a8d2daa3-be83-49bf-b68b-adf0079f9499/fact-review-submissions HTTP/1.1" 201 Created
INFO:     127.0.0.1:55690 - "POST /api/v1/fact-versions/cdbaa752-9f96-42f2-afca-a145ac8b3027/approve HTTP/1.1" 200 OK
INFO:     127.0.0.1:55690 - "POST /api/v1/content-tasks HTTP/1.1" 201 Created
INFO:     127.0.0.1:55690 - "POST /api/v1/content-tasks/db6b4671-5a10-4c89-94b1-8e7dd5262ffe/manual-versions HTTP/1.1" 201 Created
INFO:     127.0.0.1:55690 - "POST /api/v1/content-versions/bb85574c-acfb-4c55-ac9e-a41f2cce15ce/submit-review HTTP/1.1" 200 OK
INFO:     127.0.0.1:55690 - "POST /api/v1/content-versions/bb85574c-acfb-4c55-ac9e-a41f2cce15ce/approve HTTP/1.1" 200 OK
INFO:     127.0.0.1:55778 - "GET /api/v1/auth/session HTTP/1.1" 200 OK
INFO:     127.0.0.1:55778 - "GET /api/v1/publication-works?page=1&page_size=20 HTTP/1.1" 200 OK
INFO:     127.0.0.1:55778 - "GET /api/v1/publication-workbench-summary HTTP/1.1" 200 OK
INFO:     127.0.0.1:55779 - "GET /api/v1/publication-ready-items HTTP/1.1" 200 OK
INFO:     127.0.0.1:55780 - "OPTIONS /api/v1/publication-works HTTP/1.1" 200 OK
INFO:     127.0.0.1:55779 - "POST /api/v1/publication-works HTTP/1.1" 201 Created
INFO:     127.0.0.1:55781 - "GET /api/v1/publication-works?page=1&page_size=20 HTTP/1.1" 200 OK
INFO:     127.0.0.1:55778 - "GET /api/v1/publication-ready-items HTTP/1.1" 200 OK
INFO:     127.0.0.1:55779 - "GET /api/v1/publication-workbench-summary HTTP/1.1" 200 OK
INFO:     127.0.0.1:55779 - "GET /api/v1/auth/session HTTP/1.1" 200 OK
INFO:     127.0.0.1:55779 - "GET /api/v1/workbench HTTP/1.1" 200 OK
INFO:     127.0.0.1:55779 - "GET /api/v1/auth/session HTTP/1.1" 200 OK
INFO:     127.0.0.1:55779 - "GET /api/v1/publication-works/23aa7ff6-9f9b-462a-b66a-53e985ddf7bc/workspace-context HTTP/1.1" 200 OK
INFO:     127.0.0.1:55780 - "OPTIONS /api/v1/publication-works/23aa7ff6-9f9b-462a-b66a-53e985ddf7bc/preparation HTTP/1.1" 200 OK
INFO:     127.0.0.1:55779 - "PATCH /api/v1/publication-works/23aa7ff6-9f9b-462a-b66a-53e985ddf7bc/preparation HTTP/1.1" 200 OK
INFO:     127.0.0.1:55779 - "GET /api/v1/publication-works/23aa7ff6-9f9b-462a-b66a-53e985ddf7bc/workspace-context HTTP/1.1" 200 OK
INFO:     127.0.0.1:55780 - "OPTIONS /api/v1/publication-works/23aa7ff6-9f9b-462a-b66a-53e985ddf7bc/platform-review HTTP/1.1" 200 OK
INFO:     127.0.0.1:55779 - "POST /api/v1/publication-works/23aa7ff6-9f9b-462a-b66a-53e985ddf7bc/platform-review HTTP/1.1" 200 OK
INFO:     127.0.0.1:55779 - "GET /api/v1/publication-works/23aa7ff6-9f9b-462a-b66a-53e985ddf7bc/workspace-context HTTP/1.1" 200 OK
INFO:     127.0.0.1:55780 - "OPTIONS /api/v1/files/upload-intents HTTP/1.1" 200 OK
INFO:     127.0.0.1:55779 - "POST /api/v1/files/upload-intents HTTP/1.1" 201 Created
INFO:     127.0.0.1:55780 - "OPTIONS /api/v1/files/6401747f-87c9-4236-9647-37444c1c5204/content HTTP/1.1" 200 OK
INFO:     127.0.0.1:55779 - "PUT /api/v1/files/6401747f-87c9-4236-9647-37444c1c5204/content HTTP/1.1" 204 No Content
INFO:     127.0.0.1:55780 - "OPTIONS /api/v1/files/6401747f-87c9-4236-9647-37444c1c5204/complete HTTP/1.1" 200 OK
INFO:     127.0.0.1:55779 - "POST /api/v1/files/6401747f-87c9-4236-9647-37444c1c5204/complete HTTP/1.1" 200 OK
INFO:     127.0.0.1:55780 - "OPTIONS /api/v1/publication-works/23aa7ff6-9f9b-462a-b66a-53e985ddf7bc/result HTTP/1.1" 200 OK
INFO:     127.0.0.1:55779 - "PUT /api/v1/publication-works/23aa7ff6-9f9b-462a-b66a-53e985ddf7bc/result HTTP/1.1" 200 OK
INFO:     127.0.0.1:55779 - "GET /api/v1/publication-works/23aa7ff6-9f9b-462a-b66a-53e985ddf7bc/workspace-context HTTP/1.1" 200 OK
INFO:     127.0.0.1:55779 - "GET /api/v1/auth/session HTTP/1.1" 200 OK
INFO:     127.0.0.1:55779 - "GET /api/v1/workbench HTTP/1.1" 200 OK
INFO:     127.0.0.1:55779 - "GET /api/v1/auth/session HTTP/1.1" 200 OK
INFO:     127.0.0.1:55779 - "GET /api/v1/publication-works/23aa7ff6-9f9b-462a-b66a-53e985ddf7bc/workspace-context HTTP/1.1" 200 OK
INFO:     127.0.0.1:55780 - "OPTIONS /api/v1/publication-works/23aa7ff6-9f9b-462a-b66a-53e985ddf7bc/verifications HTTP/1.1" 200 OK
INFO:     127.0.0.1:55779 - "POST /api/v1/publication-works/23aa7ff6-9f9b-462a-b66a-53e985ddf7bc/verifications HTTP/1.1" 200 OK
INFO:     127.0.0.1:55779 - "GET /api/v1/publication-works/23aa7ff6-9f9b-462a-b66a-53e985ddf7bc/workspace-context HTTP/1.1" 200 OK
INFO:     127.0.0.1:55779 - "GET /api/v1/auth/session HTTP/1.1" 200 OK
INFO:     127.0.0.1:55779 - "GET /api/v1/published-articles/23aa7ff6-9f9b-462a-b66a-53e985ddf7bc HTTP/1.1" 200 OK
INFO:     127.0.0.1:55780 - "OPTIONS /api/v1/published-articles/23aa7ff6-9f9b-462a-b66a-53e985ddf7bc/issues HTTP/1.1" 200 OK
INFO:     127.0.0.1:55779 - "POST /api/v1/published-articles/23aa7ff6-9f9b-462a-b66a-53e985ddf7bc/issues HTTP/1.1" 201 Created
INFO:     127.0.0.1:55779 - "GET /api/v1/published-articles/23aa7ff6-9f9b-462a-b66a-53e985ddf7bc HTTP/1.1" 200 OK
INFO:     127.0.0.1:55779 - "GET /api/v1/published-content-issues/09b84081-5a08-4b2e-a671-2de310c2cc9d/workspace-context HTTP/1.1" 200 OK
INFO:     127.0.0.1:55779 - "GET /api/v1/auth/session HTTP/1.1" 200 OK
INFO:     127.0.0.1:55779 - "GET /api/v1/workbench HTTP/1.1" 200 OK
INFO:     127.0.0.1:55779 - "GET /api/v1/auth/session HTTP/1.1" 200 OK
INFO:     127.0.0.1:55779 - "GET /api/v1/published-content-issues/09b84081-5a08-4b2e-a671-2de310c2cc9d/workspace-context HTTP/1.1" 200 OK
INFO:     127.0.0.1:55779 - "GET /api/v1/published-content-issues/09b84081-5a08-4b2e-a671-2de310c2cc9d/repair-context HTTP/1.1" 200 OK
INFO:     127.0.0.1:55780 - "OPTIONS /api/v1/published-content-issues/09b84081-5a08-4b2e-a671-2de310c2cc9d/repair-task HTTP/1.1" 200 OK
INFO:     127.0.0.1:55779 - "POST /api/v1/published-content-issues/09b84081-5a08-4b2e-a671-2de310c2cc9d/repair-task HTTP/1.1" 201 Created
INFO:     127.0.0.1:55779 - "GET /api/v1/published-content-issues/09b84081-5a08-4b2e-a671-2de310c2cc9d/workspace-context HTTP/1.1" 200 OK
INFO:     127.0.0.1:55779 - "GET /api/v1/published-content-issues/09b84081-5a08-4b2e-a671-2de310c2cc9d/repair-context HTTP/1.1" 200 OK
INFO:     127.0.0.1:55779 - "GET /api/v1/auth/session HTTP/1.1" 200 OK
INFO:     127.0.0.1:55779 - "GET /api/v1/published-content-issues?page=1&page_size=20&status=OPEN HTTP/1.1" 200 OK
INFO:     127.0.0.1:55779 - "GET /api/v1/auth/session HTTP/1.1" 200 OK
INFO:     127.0.0.1:55779 - "GET /api/v1/content-tasks/7de71d6d-e112-466e-acf6-7614a71c1e3b/detail HTTP/1.1" 200 OK
INFO:     127.0.0.1:55779 - "GET /api/v1/auth/session HTTP/1.1" 200 OK
INFO:     127.0.0.1:55779 - "GET /api/v1/published-content-issues/09b84081-5a08-4b2e-a671-2de310c2cc9d/workspace-context HTTP/1.1" 200 OK
INFO:     127.0.0.1:55780 - "OPTIONS /api/v1/published-content-issues/09b84081-5a08-4b2e-a671-2de310c2cc9d/resolve HTTP/1.1" 200 OK
INFO:     127.0.0.1:55779 - "POST /api/v1/published-content-issues/09b84081-5a08-4b2e-a671-2de310c2cc9d/resolve HTTP/1.1" 200 OK
INFO:     127.0.0.1:55779 - "GET /api/v1/published-content-issues/09b84081-5a08-4b2e-a671-2de310c2cc9d/workspace-context HTTP/1.1" 200 OK
INFO:     127.0.0.1:55690 - "GET /api/v1/publication-works/23aa7ff6-9f9b-462a-b66a-53e985ddf7bc/workspace-context HTTP/1.1" 200 OK
INFO:     127.0.0.1:55690 - "GET /api/v1/published-articles/23aa7ff6-9f9b-462a-b66a-53e985ddf7bc HTTP/1.1" 200 OK
INFO:     127.0.0.1:55690 - "GET /api/v1/published-content-issues/09b84081-5a08-4b2e-a671-2de310c2cc9d/workspace-context HTTP/1.1" 200 OK
INFO:     127.0.0.1:55690 - "GET /api/v1/content-tasks/7de71d6d-e112-466e-acf6-7614a71c1e3b/detail HTTP/1.1" 200 OK
  ✓  13 [foundation-desktop] › tests/e2e/publication-workspace-real-stack.spec.ts:145:1 › Flow A：V2 UI 从开始发布连续完成成果、修复任务与问题解决 (4.5s)
INFO:     127.0.0.1:55690 - "POST /api/v1/auth/login HTTP/1.1" 200 OK
INFO:     127.0.0.1:55690 - "POST /api/v1/platform-types HTTP/1.1" 201 Created
INFO:     127.0.0.1:55690 - "POST /api/v1/platform-profiles HTTP/1.1" 201 Created
INFO:     127.0.0.1:55690 - "POST /api/v1/platform-accounts HTTP/1.1" 201 Created
INFO:     127.0.0.1:55690 - "POST /api/v1/platform-accounts HTTP/1.1" 201 Created
INFO:     127.0.0.1:55690 - "POST /api/v1/products HTTP/1.1" 201 Created
INFO:     127.0.0.1:55690 - "GET /api/v1/products/2b431c9e-e325-4ac1-b84b-2bf7aabc371a/facts HTTP/1.1" 200 OK
INFO:     127.0.0.1:55690 - "PUT /api/v1/products/2b431c9e-e325-4ac1-b84b-2bf7aabc371a/facts HTTP/1.1" 200 OK
INFO:     127.0.0.1:55690 - "POST /api/v1/products/2b431c9e-e325-4ac1-b84b-2bf7aabc371a/fact-review-submissions HTTP/1.1" 201 Created
INFO:     127.0.0.1:55690 - "POST /api/v1/fact-versions/657d8419-046b-4ff4-bd84-8194e955c3f2/approve HTTP/1.1" 200 OK
INFO:     127.0.0.1:55690 - "POST /api/v1/content-tasks HTTP/1.1" 201 Created
INFO:     127.0.0.1:55690 - "POST /api/v1/content-tasks/8290a924-5668-411d-bc46-5a8ee5d423cf/manual-versions HTTP/1.1" 201 Created
INFO:     127.0.0.1:55690 - "POST /api/v1/content-versions/272a946f-8dee-4985-bc64-59f1bced4d83/submit-review HTTP/1.1" 200 OK
INFO:     127.0.0.1:55690 - "POST /api/v1/content-versions/272a946f-8dee-4985-bc64-59f1bced4d83/approve HTTP/1.1" 200 OK
INFO:     127.0.0.1:55690 - "POST /api/v1/publication-works HTTP/1.1" 201 Created
INFO:     127.0.0.1:55790 - "GET /api/v1/auth/session HTTP/1.1" 200 OK
INFO:     127.0.0.1:55790 - "GET /api/v1/publication-works/2009817a-b625-43d7-b0fc-fb3e7ecdde80/workspace-context HTTP/1.1" 200 OK
INFO:     127.0.0.1:55791 - "OPTIONS /api/v1/publication-works/2009817a-b625-43d7-b0fc-fb3e7ecdde80/result HTTP/1.1" 200 OK
INFO:     127.0.0.1:55790 - "PUT /api/v1/publication-works/2009817a-b625-43d7-b0fc-fb3e7ecdde80/result HTTP/1.1" 200 OK
INFO:     127.0.0.1:55790 - "GET /api/v1/publication-works/2009817a-b625-43d7-b0fc-fb3e7ecdde80/workspace-context HTTP/1.1" 200 OK
INFO:     127.0.0.1:55690 - "GET /api/v1/publication-works/2009817a-b625-43d7-b0fc-fb3e7ecdde80/workspace-context HTTP/1.1" 200 OK
INFO:     127.0.0.1:55791 - "OPTIONS /api/v1/publication-works/2009817a-b625-43d7-b0fc-fb3e7ecdde80/verifications HTTP/1.1" 200 OK
INFO:     127.0.0.1:55790 - "POST /api/v1/publication-works/2009817a-b625-43d7-b0fc-fb3e7ecdde80/verifications HTTP/1.1" 200 OK
INFO:     127.0.0.1:55790 - "GET /api/v1/publication-works/2009817a-b625-43d7-b0fc-fb3e7ecdde80/workspace-context HTTP/1.1" 200 OK
INFO:     127.0.0.1:55790 - "GET /api/v1/auth/session HTTP/1.1" 200 OK
INFO:     127.0.0.1:55790 - "GET /api/v1/content-tasks/8290a924-5668-411d-bc46-5a8ee5d423cf/detail HTTP/1.1" 200 OK
INFO:     127.0.0.1:55790 - "GET /api/v1/auth/session HTTP/1.1" 200 OK
INFO:     127.0.0.1:55790 - "GET /api/v1/content-tasks/8290a924-5668-411d-bc46-5a8ee5d423cf/editor-context HTTP/1.1" 200 OK
INFO:     127.0.0.1:55791 - "OPTIONS /api/v1/content-versions/272a946f-8dee-4985-bc64-59f1bced4d83/revisions HTTP/1.1" 200 OK
INFO:     127.0.0.1:55790 - "POST /api/v1/content-versions/272a946f-8dee-4985-bc64-59f1bced4d83/revisions HTTP/1.1" 201 Created
INFO:     127.0.0.1:55790 - "GET /api/v1/content-tasks/8290a924-5668-411d-bc46-5a8ee5d423cf/editor-context HTTP/1.1" 200 OK
INFO:     127.0.0.1:55791 - "OPTIONS /api/v1/content-versions/f7f25d3f-a0c6-44d4-bb56-1ba9f9d42d1c HTTP/1.1" 200 OK
INFO:     127.0.0.1:55790 - "PUT /api/v1/content-versions/f7f25d3f-a0c6-44d4-bb56-1ba9f9d42d1c HTTP/1.1" 200 OK
INFO:     127.0.0.1:55790 - "GET /api/v1/content-tasks/8290a924-5668-411d-bc46-5a8ee5d423cf/editor-context HTTP/1.1" 200 OK
INFO:     127.0.0.1:55791 - "OPTIONS /api/v1/content-versions/f7f25d3f-a0c6-44d4-bb56-1ba9f9d42d1c/submit-review HTTP/1.1" 200 OK
INFO:     127.0.0.1:55790 - "POST /api/v1/content-versions/f7f25d3f-a0c6-44d4-bb56-1ba9f9d42d1c/submit-review HTTP/1.1" 200 OK
INFO:     127.0.0.1:55790 - "GET /api/v1/content-tasks/8290a924-5668-411d-bc46-5a8ee5d423cf/editor-context HTTP/1.1" 200 OK
INFO:     127.0.0.1:55790 - "GET /api/v1/content-tasks/8290a924-5668-411d-bc46-5a8ee5d423cf/detail HTTP/1.1" 200 OK
INFO:     127.0.0.1:55790 - "GET /api/v1/auth/session HTTP/1.1" 200 OK
INFO:     127.0.0.1:55790 - "GET /api/v1/content-tasks/8290a924-5668-411d-bc46-5a8ee5d423cf/review-context HTTP/1.1" 200 OK
INFO:     127.0.0.1:55791 - "OPTIONS /api/v1/content-versions/f7f25d3f-a0c6-44d4-bb56-1ba9f9d42d1c/approve HTTP/1.1" 200 OK
INFO:     127.0.0.1:55790 - "POST /api/v1/content-versions/f7f25d3f-a0c6-44d4-bb56-1ba9f9d42d1c/approve HTTP/1.1" 200 OK
INFO:     127.0.0.1:55790 - "GET /api/v1/content-tasks/8290a924-5668-411d-bc46-5a8ee5d423cf/review-context HTTP/1.1" 200 OK
INFO:     127.0.0.1:55790 - "GET /api/v1/auth/session HTTP/1.1" 200 OK
INFO:     127.0.0.1:55790 - "GET /api/v1/content-tasks/8290a924-5668-411d-bc46-5a8ee5d423cf/detail HTTP/1.1" 200 OK
INFO:     127.0.0.1:55790 - "GET /api/v1/auth/session HTTP/1.1" 200 OK
INFO:     127.0.0.1:55790 - "GET /api/v1/publication-works/2009817a-b625-43d7-b0fc-fb3e7ecdde80/workspace-context HTTP/1.1" 200 OK
INFO:     127.0.0.1:55791 - "OPTIONS /api/v1/publication-works/2009817a-b625-43d7-b0fc-fb3e7ecdde80/content-version HTTP/1.1" 200 OK
INFO:     127.0.0.1:55790 - "POST /api/v1/publication-works/2009817a-b625-43d7-b0fc-fb3e7ecdde80/content-version HTTP/1.1" 200 OK
INFO:     127.0.0.1:55790 - "GET /api/v1/publication-works/2009817a-b625-43d7-b0fc-fb3e7ecdde80/workspace-context HTTP/1.1" 200 OK
INFO:     127.0.0.1:55790 - "PUT /api/v1/publication-works/2009817a-b625-43d7-b0fc-fb3e7ecdde80/result HTTP/1.1" 200 OK
INFO:     127.0.0.1:55790 - "GET /api/v1/publication-works/2009817a-b625-43d7-b0fc-fb3e7ecdde80/workspace-context HTTP/1.1" 200 OK
INFO:     127.0.0.1:55790 - "POST /api/v1/publication-works/2009817a-b625-43d7-b0fc-fb3e7ecdde80/verifications HTTP/1.1" 200 OK
INFO:     127.0.0.1:55790 - "GET /api/v1/publication-works/2009817a-b625-43d7-b0fc-fb3e7ecdde80/workspace-context HTTP/1.1" 200 OK
INFO:     127.0.0.1:55690 - "GET /api/v1/publication-works/2009817a-b625-43d7-b0fc-fb3e7ecdde80/workspace-context HTTP/1.1" 200 OK
INFO:     127.0.0.1:55690 - "GET /api/v1/content-tasks/8290a924-5668-411d-bc46-5a8ee5d423cf/detail HTTP/1.1" 200 OK
INFO:     127.0.0.1:55690 - "GET /api/v1/published-articles/2009817a-b625-43d7-b0fc-fb3e7ecdde80 HTTP/1.1" 200 OK
INFO:     127.0.0.1:55690 - "GET /api/v1/content-versions/272a946f-8dee-4985-bc64-59f1bced4d83/detail HTTP/1.1" 200 OK
  ✓  14 [foundation-desktop] › tests/e2e/publication-workspace-real-stack.spec.ts:466:1 › Flow B：失败核验经内容修订审批、换版和重登记后完成发布 (3.2s)
INFO:     127.0.0.1:55690 - "POST /api/v1/auth/login HTTP/1.1" 200 OK
INFO:     127.0.0.1:55690 - "POST /api/v1/platform-types HTTP/1.1" 201 Created
INFO:     127.0.0.1:55690 - "POST /api/v1/platform-profiles HTTP/1.1" 201 Created
INFO:     127.0.0.1:55690 - "POST /api/v1/platform-accounts HTTP/1.1" 201 Created
INFO:     127.0.0.1:55690 - "POST /api/v1/platform-accounts HTTP/1.1" 201 Created
INFO:     127.0.0.1:55690 - "POST /api/v1/products HTTP/1.1" 201 Created
INFO:     127.0.0.1:55690 - "GET /api/v1/products/50bff696-9ff1-45c4-bdf7-62628dc53c90/facts HTTP/1.1" 200 OK
INFO:     127.0.0.1:55690 - "PUT /api/v1/products/50bff696-9ff1-45c4-bdf7-62628dc53c90/facts HTTP/1.1" 200 OK
INFO:     127.0.0.1:55690 - "POST /api/v1/products/50bff696-9ff1-45c4-bdf7-62628dc53c90/fact-review-submissions HTTP/1.1" 201 Created
INFO:     127.0.0.1:55690 - "POST /api/v1/fact-versions/99403172-f385-485c-8f5f-c343ec492d3b/approve HTTP/1.1" 200 OK
INFO:     127.0.0.1:55690 - "POST /api/v1/content-tasks HTTP/1.1" 201 Created
INFO:     127.0.0.1:55690 - "POST /api/v1/content-tasks/ee9a4bed-efb0-43f9-a5be-306c596a2732/manual-versions HTTP/1.1" 201 Created
INFO:     127.0.0.1:55690 - "POST /api/v1/content-versions/98d57339-20fe-4476-ab4c-9163af80a0a9/submit-review HTTP/1.1" 200 OK
INFO:     127.0.0.1:55690 - "POST /api/v1/content-versions/98d57339-20fe-4476-ab4c-9163af80a0a9/approve HTTP/1.1" 200 OK
INFO:     127.0.0.1:55690 - "POST /api/v1/publication-works HTTP/1.1" 201 Created
INFO:     127.0.0.1:55690 - "PUT /api/v1/publication-works/bd9b07b1-8272-4cc6-b1c7-b9262004b9d9/result HTTP/1.1" 200 OK
INFO:     127.0.0.1:55690 - "POST /api/v1/publication-works/bd9b07b1-8272-4cc6-b1c7-b9262004b9d9/verifications HTTP/1.1" 200 OK
INFO:     127.0.0.1:55798 - "GET /api/v1/auth/session HTTP/1.1" 200 OK
INFO:     127.0.0.1:55798 - "GET /api/v1/published-articles?page=1&page_size=20&search=b89ce73c&sort=VERIFIED_DESC HTTP/1.1" 200 OK
INFO:     127.0.0.1:55798 - "GET /api/v1/auth/session HTTP/1.1" 200 OK
INFO:     127.0.0.1:55798 - "GET /api/v1/published-articles/bd9b07b1-8272-4cc6-b1c7-b9262004b9d9 HTTP/1.1" 200 OK
  ✓  15 [foundation-desktop] › tests/e2e/publication-workspace-real-stack.spec.ts:653:1 › Published Article：真实栈列表进入单请求只读详情 (460ms)
(node:51626) Warning: The 'NO_COLOR' env is ignored due to the 'FORCE_COLOR' env being set.
(Use `node --trace-warnings ...` to show where the warning was created)
INFO:     127.0.0.1:55805 - "GET /api/v1/auth/session HTTP/1.1" 204 No Content
INFO:     127.0.0.1:55806 - "OPTIONS /api/v1/auth/login HTTP/1.1" 200 OK
INFO:     127.0.0.1:55805 - "POST /api/v1/auth/login HTTP/1.1" 200 OK
INFO:     127.0.0.1:55805 - "GET /api/v1/workbench HTTP/1.1" 200 OK
INFO:     127.0.0.1:55805 - "GET /api/v1/auth/session HTTP/1.1" 200 OK
INFO:     127.0.0.1:55807 - "POST /api/v1/products HTTP/1.1" 201 Created
INFO:     127.0.0.1:55805 - "POST /api/v1/auth/login HTTP/1.1" 200 OK
INFO:     127.0.0.1:55805 - "GET /api/v1/auth/session HTTP/1.1" 200 OK
INFO:     127.0.0.1:55805 - "POST /api/v1/auth/login HTTP/1.1" 200 OK
INFO:     127.0.0.1:55805 - "GET /api/v1/auth/session HTTP/1.1" 200 OK
INFO:     127.0.0.1:55808 - "GET /api/v1/workbench HTTP/1.1" 200 OK
INFO:     127.0.0.1:55805 - "GET /api/v1/workbench HTTP/1.1" 200 OK
  ✓  16 [foundation-desktop] › tests/e2e/auth-session-real-stack.spec.ts:101:1 › 同一 BrowserContext 双页面以 session binding 封闭 A→B→A 的迟到 mutation (967ms)
INFO:     127.0.0.1:55815 - "GET /api/v1/auth/session HTTP/1.1" 204 No Content
INFO:     127.0.0.1:55816 - "OPTIONS /api/v1/auth/login HTTP/1.1" 200 OK
INFO:     127.0.0.1:55815 - "POST /api/v1/auth/login HTTP/1.1" 200 OK
INFO:     127.0.0.1:55815 - "GET /api/v1/workbench HTTP/1.1" 200 OK
INFO:     127.0.0.1:55815 - "GET /api/v1/auth/session HTTP/1.1" 200 OK
INFO:     127.0.0.1:55815 - "GET /api/v1/workbench HTTP/1.1" 200 OK
INFO:     127.0.0.1:55807 - "POST /api/v1/auth/logout HTTP/1.1" 204 No Content
INFO:     127.0.0.1:55815 - "GET /api/v1/auth/session HTTP/1.1" 204 No Content
INFO:     127.0.0.1:55815 - "GET /api/v1/auth/session HTTP/1.1" 204 No Content
  ✓  17 [foundation-desktop] › tests/e2e/auth-session-real-stack.spec.ts:257:1 › 退出已由服务端提交但响应丢失时发送页与同源页各自只做一次 canonical recovery (618ms)
INFO:     127.0.0.1:55823 - "GET /api/v1/auth/session HTTP/1.1" 204 No Content
INFO:     127.0.0.1:55824 - "OPTIONS /api/v1/auth/login HTTP/1.1" 200 OK
INFO:     127.0.0.1:55823 - "POST /api/v1/auth/login HTTP/1.1" 200 OK
INFO:     127.0.0.1:55823 - "GET /api/v1/workbench HTTP/1.1" 200 OK
INFO:     127.0.0.1:55827 - "GET /api/v1/auth/session HTTP/1.1" 200 OK
INFO:     127.0.0.1:55827 - "GET /api/v1/workbench HTTP/1.1" 200 OK
INFO:     127.0.0.1:55840 - "GET /api/v1/auth/session HTTP/1.1" 200 OK
INFO:     127.0.0.1:55840 - "GET /api/v1/workbench HTTP/1.1" 200 OK
  ✓  18 [foundation-desktop] › tests/e2e/auth-session-real-stack.spec.ts:333:1 › 跨标签页 owner 终止后由 lease 回收存活页与全页面重载 (21.6s)
INFO:     127.0.0.1:55851 - "GET /api/v1/auth/session HTTP/1.1" 204 No Content
INFO:     127.0.0.1:55852 - "OPTIONS /api/v1/auth/login HTTP/1.1" 200 OK
INFO:     127.0.0.1:55851 - "POST /api/v1/auth/login HTTP/1.1" 200 OK
INFO:     127.0.0.1:55851 - "GET /api/v1/workbench HTTP/1.1" 200 OK
INFO:     127.0.0.1:55851 - "GET /api/v1/auth/session HTTP/1.1" 200 OK
INFO:     127.0.0.1:55851 - "GET /api/v1/workbench HTTP/1.1" 200 OK
INFO:     127.0.0.1:55851 - "GET /api/v1/auth/session HTTP/1.1" 200 OK
INFO:     127.0.0.1:55851 - "GET /api/v1/workbench HTTP/1.1" 200 OK
  ✓  19 [foundation-desktop] › tests/e2e/auth-session-real-stack.spec.ts:445:1 › durable terminal reconciliation 与异常协议 marker 保持 fail-closed (615ms)
INFO:     127.0.0.1:55859 - "GET /api/v1/auth/session HTTP/1.1" 204 No Content
INFO:     127.0.0.1:55860 - "OPTIONS /api/v1/auth/login HTTP/1.1" 200 OK
INFO:     127.0.0.1:55859 - "POST /api/v1/auth/login HTTP/1.1" 200 OK
INFO:     127.0.0.1:55860 - "OPTIONS /api/v1/auth/change-password HTTP/1.1" 200 OK
INFO:     127.0.0.1:55859 - "POST /api/v1/auth/change-password HTTP/1.1" 204 No Content
INFO:     127.0.0.1:55859 - "GET /api/v1/auth/session HTTP/1.1" 200 OK
INFO:     127.0.0.1:55859 - "GET /api/v1/workbench HTTP/1.1" 200 OK
INFO:     127.0.0.1:55859 - "GET /api/v1/auth/session HTTP/1.1" 200 OK
INFO:     127.0.0.1:55859 - "GET /api/v1/auth/session HTTP/1.1" 200 OK
INFO:     127.0.0.1:55859 - "GET /api/v1/workbench HTTP/1.1" 200 OK
INFO:     127.0.0.1:55861 - "GET /api/v1/auth/session HTTP/1.1" 200 OK
INFO:     127.0.0.1:55860 - "OPTIONS /api/v1/auth/logout HTTP/1.1" 200 OK
INFO:     127.0.0.1:55859 - "POST /api/v1/auth/logout HTTP/1.1" 204 No Content
INFO:     127.0.0.1:55861 - "GET /api/v1/auth/session HTTP/1.1" 204 No Content
INFO:     127.0.0.1:55861 - "GET /api/v1/auth/session HTTP/1.1" 401 Unauthorized
  ✓  20 [foundation-desktop] › tests/e2e/auth-session-real-stack.spec.ts:624:1 › Auth 真实栈完成 login → forced change → admin 403 → logout (729ms)
INFO:     127.0.0.1:55868 - "GET /api/v1/auth/session HTTP/1.1" 204 No Content
INFO:     127.0.0.1:55869 - "OPTIONS /api/v1/auth/login HTTP/1.1" 200 OK
INFO:     127.0.0.1:55868 - "POST /api/v1/auth/login HTTP/1.1" 200 OK
INFO:     127.0.0.1:55868 - "GET /api/v1/workbench HTTP/1.1" 200 OK
INFO:     127.0.0.1:55861 - "GET /api/v1/auth/me HTTP/1.1" 200 OK
INFO:     127.0.0.1:55861 - "GET /api/v1/auth/csrf HTTP/1.1" 200 OK
INFO:     127.0.0.1:55861 - "POST /api/v1/users HTTP/1.1" 201 Created
INFO:     127.0.0.1:55876 - "GET /api/v1/auth/session HTTP/1.1" 204 No Content
INFO:     127.0.0.1:55877 - "OPTIONS /api/v1/auth/login HTTP/1.1" 200 OK
INFO:     127.0.0.1:55876 - "POST /api/v1/auth/login HTTP/1.1" 200 OK
INFO:     127.0.0.1:55877 - "OPTIONS /api/v1/auth/change-password HTTP/1.1" 200 OK
INFO:     127.0.0.1:55876 - "POST /api/v1/auth/change-password HTTP/1.1" 204 No Content
INFO:     127.0.0.1:55876 - "GET /api/v1/auth/session HTTP/1.1" 200 OK
INFO:     127.0.0.1:55876 - "GET /api/v1/workbench HTTP/1.1" 200 OK
INFO:     127.0.0.1:55868 - "GET /api/v1/auth/session HTTP/1.1" 200 OK
INFO:     127.0.0.1:55868 - "GET /api/v1/users?status=ENABLED&page=1&page_size=20 HTTP/1.1" 200 OK
INFO:     127.0.0.1:55878 - "GET /api/v1/auth/session HTTP/1.1" 200 OK
INFO:     127.0.0.1:55878 - "GET /api/v1/users?status=ENABLED&page=1&page_size=20 HTTP/1.1" 200 OK
INFO:     127.0.0.1:55869 - "OPTIONS /api/v1/users/41106192-fcea-4b52-aef0-35e28e1383a5 HTTP/1.1" 200 OK
INFO:     127.0.0.1:55878 - "PATCH /api/v1/users/41106192-fcea-4b52-aef0-35e28e1383a5 HTTP/1.1" 200 OK
INFO:     127.0.0.1:55878 - "GET /api/v1/auth/session HTTP/1.1" 200 OK
INFO:     127.0.0.1:55878 - "GET /api/v1/auth/session HTTP/1.1" 200 OK
INFO:     127.0.0.1:55861 - "GET /api/v1/auth/csrf HTTP/1.1" 200 OK
INFO:     127.0.0.1:55861 - "PATCH /api/v1/users/41106192-fcea-4b52-aef0-35e28e1383a5 HTTP/1.1" 200 OK
INFO:     127.0.0.1:55878 - "GET /api/v1/auth/session HTTP/1.1" 204 No Content
INFO:     127.0.0.1:55878 - "GET /api/v1/auth/session HTTP/1.1" 204 No Content
INFO:     127.0.0.1:55878 - "POST /api/v1/auth/login HTTP/1.1" 200 OK
INFO:     127.0.0.1:55868 - "GET /api/v1/auth/session HTTP/1.1" 200 OK
INFO:     127.0.0.1:55878 - "GET /api/v1/workbench HTTP/1.1" 200 OK
INFO:     127.0.0.1:55878 - "GET /api/v1/auth/session HTTP/1.1" 200 OK
INFO:     127.0.0.1:55878 - "GET /api/v1/users?status=ENABLED&page=1&page_size=20 HTTP/1.1" 200 OK
INFO:     127.0.0.1:55879 - "GET /api/v1/auth/session HTTP/1.1" 200 OK
INFO:     127.0.0.1:55879 - "GET /api/v1/users?status=ENABLED&page=1&page_size=20 HTTP/1.1" 200 OK
INFO:     127.0.0.1:55861 - "POST /api/v1/auth/login HTTP/1.1" 200 OK
INFO:     127.0.0.1:55861 - "GET /api/v1/auth/session HTTP/1.1" 200 OK
INFO:     127.0.0.1:55879 - "POST /api/v1/users/bulk-status HTTP/1.1" 200 OK
INFO:     127.0.0.1:55879 - "GET /api/v1/auth/session HTTP/1.1" 401 Unauthorized
INFO:     127.0.0.1:55861 - "GET /api/v1/auth/session HTTP/1.1" 401 Unauthorized
INFO:     127.0.0.1:55861 - "GET /api/v1/auth/csrf HTTP/1.1" 200 OK
INFO:     127.0.0.1:55861 - "PATCH /api/v1/users/41106192-fcea-4b52-aef0-35e28e1383a5 HTTP/1.1" 200 OK
INFO:     127.0.0.1:55879 - "GET /api/v1/auth/session HTTP/1.1" 204 No Content
INFO:     127.0.0.1:55879 - "GET /api/v1/auth/session HTTP/1.1" 204 No Content
INFO:     127.0.0.1:55879 - "POST /api/v1/auth/login HTTP/1.1" 200 OK
INFO:     127.0.0.1:55878 - "GET /api/v1/auth/session HTTP/1.1" 200 OK
INFO:     127.0.0.1:55879 - "GET /api/v1/workbench HTTP/1.1" 200 OK
INFO:     127.0.0.1:55879 - "GET /api/v1/auth/session HTTP/1.1" 200 OK
INFO:     127.0.0.1:55882 - "GET /api/v1/auth/session HTTP/1.1" 200 OK
INFO:     127.0.0.1:55879 - "GET /api/v1/users?status=ENABLED&page=1&page_size=20 HTTP/1.1" 200 OK
INFO:     127.0.0.1:55882 - "GET /api/v1/users?status=ENABLED&page=1&page_size=20 HTTP/1.1" 200 OK
INFO:     127.0.0.1:55861 - "POST /api/v1/users/bulk-status HTTP/1.1" 200 OK
INFO:     127.0.0.1:55882 - "GET /api/v1/auth/session HTTP/1.1" 401 Unauthorized
INFO:     127.0.0.1:55879 - "GET /api/v1/auth/session HTTP/1.1" 401 Unauthorized
INFO:     127.0.0.1:55861 - "GET /api/v1/auth/csrf HTTP/1.1" 200 OK
INFO:     127.0.0.1:55861 - "PATCH /api/v1/users/41106192-fcea-4b52-aef0-35e28e1383a5 HTTP/1.1" 200 OK
INFO:     127.0.0.1:55879 - "GET /api/v1/auth/session HTTP/1.1" 204 No Content
INFO:     127.0.0.1:55879 - "GET /api/v1/auth/session HTTP/1.1" 204 No Content
INFO:     127.0.0.1:55879 - "POST /api/v1/auth/login HTTP/1.1" 200 OK
INFO:     127.0.0.1:55882 - "GET /api/v1/auth/session HTTP/1.1" 200 OK
INFO:     127.0.0.1:55879 - "GET /api/v1/workbench HTTP/1.1" 200 OK
INFO:     127.0.0.1:55879 - "GET /api/v1/auth/session HTTP/1.1" 200 OK
INFO:     127.0.0.1:55879 - "GET /api/v1/users?status=ENABLED&page=1&page_size=20 HTTP/1.1" 200 OK
INFO:     127.0.0.1:55879 - "GET /api/v1/auth/session HTTP/1.1" 200 OK
INFO:     127.0.0.1:55879 - "GET /api/v1/users?status=ENABLED&page=1&page_size=20 HTTP/1.1" 200 OK
INFO:     127.0.0.1:55879 - "PATCH /api/v1/users/41106192-fcea-4b52-aef0-35e28e1383a5 HTTP/1.1" 200 OK
INFO:     127.0.0.1:55879 - "GET /api/v1/auth/session HTTP/1.1" 401 Unauthorized
INFO:     127.0.0.1:55879 - "GET /api/v1/auth/session HTTP/1.1" 401 Unauthorized
INFO:     127.0.0.1:55861 - "GET /api/v1/auth/csrf HTTP/1.1" 200 OK
INFO:     127.0.0.1:55861 - "PATCH /api/v1/users/41106192-fcea-4b52-aef0-35e28e1383a5 HTTP/1.1" 200 OK
INFO:     127.0.0.1:55889 - "GET /api/v1/auth/session HTTP/1.1" 204 No Content
INFO:     127.0.0.1:55890 - "OPTIONS /api/v1/auth/login HTTP/1.1" 200 OK
INFO:     127.0.0.1:55889 - "POST /api/v1/auth/login HTTP/1.1" 200 OK
INFO:     127.0.0.1:55861 - "GET /api/v1/auth/csrf HTTP/1.1" 200 OK
INFO:     127.0.0.1:55889 - "GET /api/v1/workbench HTTP/1.1" 200 OK
INFO:     127.0.0.1:55861 - "GET /api/v1/users?q=e2e-boundary-admin-ffb4386c&page=1&page_size=20 HTTP/1.1" 200 OK
INFO:     127.0.0.1:55861 - "PATCH /api/v1/users/050f8363-2318-49f9-9224-fd9124c3918e HTTP/1.1" 200 OK
INFO:     127.0.0.1:55861 - "DELETE /api/v1/users/050f8363-2318-49f9-9224-fd9124c3918e?expected_revision=2 HTTP/1.1" 204 No Content
  ✓  21 [foundation-desktop] › tests/e2e/system-admin-real-stack.spec.ts:289:1 › 当前管理员自降权与自停用通过同一 BrowserContext principal boundary 收敛双页面 (3.6s)
INFO:     127.0.0.1:55897 - "GET /api/v1/auth/session HTTP/1.1" 204 No Content
INFO:     127.0.0.1:55898 - "OPTIONS /api/v1/auth/login HTTP/1.1" 200 OK
INFO:     127.0.0.1:55897 - "POST /api/v1/auth/login HTTP/1.1" 200 OK
INFO:     127.0.0.1:55897 - "GET /api/v1/workbench HTTP/1.1" 200 OK
INFO:     127.0.0.1:55897 - "GET /api/v1/auth/session HTTP/1.1" 200 OK
INFO:     127.0.0.1:55897 - "GET /api/v1/users?status=ENABLED&page=1&page_size=20 HTTP/1.1" 200 OK
INFO:     127.0.0.1:55898 - "OPTIONS /api/v1/users HTTP/1.1" 200 OK
INFO:     127.0.0.1:55897 - "POST /api/v1/users HTTP/1.1" 201 Created
INFO:     127.0.0.1:55897 - "GET /api/v1/users?status=ENABLED&page=1&page_size=20 HTTP/1.1" 200 OK
INFO:     127.0.0.1:55861 - "GET /api/v1/auth/csrf HTTP/1.1" 200 OK
INFO:     127.0.0.1:55861 - "GET /api/v1/audit-logs?page=1&page_size=20&request_id=ad221273-510c-446a-bbd7-a310f22cb3a8 HTTP/1.1" 200 OK
INFO:     127.0.0.1:55905 - "GET /api/v1/auth/session HTTP/1.1" 204 No Content
INFO:     127.0.0.1:55906 - "OPTIONS /api/v1/auth/login HTTP/1.1" 200 OK
INFO:     127.0.0.1:55905 - "POST /api/v1/auth/login HTTP/1.1" 200 OK
INFO:     127.0.0.1:55861 - "GET /api/v1/auth/csrf HTTP/1.1" 200 OK
INFO:     127.0.0.1:55906 - "OPTIONS /api/v1/auth/change-password HTTP/1.1" 200 OK
INFO:     127.0.0.1:55905 - "POST /api/v1/auth/change-password HTTP/1.1" 204 No Content
INFO:     127.0.0.1:55905 - "GET /api/v1/auth/session HTTP/1.1" 200 OK
INFO:     127.0.0.1:55905 - "GET /api/v1/workbench HTTP/1.1" 200 OK
INFO:     127.0.0.1:55861 - "GET /api/v1/auth/me HTTP/1.1" 200 OK
INFO:     127.0.0.1:55905 - "GET /api/v1/auth/session HTTP/1.1" 200 OK
INFO:     127.0.0.1:55905 - "GET /api/v1/auth/session HTTP/1.1" 200 OK
INFO:     127.0.0.1:55861 - "GET /api/v1/users HTTP/1.1" 403 Forbidden
INFO:     127.0.0.1:55861 - "POST /api/v1/users/bulk-status HTTP/1.1" 403 Forbidden
INFO:     127.0.0.1:55861 - "GET /api/v1/users/export HTTP/1.1" 403 Forbidden
INFO:     127.0.0.1:55861 - "GET /api/v1/audit-logs HTTP/1.1" 403 Forbidden
INFO:     127.0.0.1:55861 - "GET /api/v1/audit-logs/filter-options HTTP/1.1" 403 Forbidden
INFO:     127.0.0.1:55861 - "GET /api/v1/audit-logs/ecabf68f-e8f0-4342-90bc-1511392d761f HTTP/1.1" 403 Forbidden
INFO:     127.0.0.1:55897 - "GET /api/v1/auth/session HTTP/1.1" 200 OK
INFO:     127.0.0.1:55897 - "GET /api/v1/users?status=ENABLED&page=1&page_size=20 HTTP/1.1" 200 OK
INFO:     127.0.0.1:55898 - "OPTIONS /api/v1/users/81a416dc-f6b9-4eb5-9617-b45fb0635bbf/reset-password HTTP/1.1" 200 OK
INFO:     127.0.0.1:55897 - "POST /api/v1/users/81a416dc-f6b9-4eb5-9617-b45fb0635bbf/reset-password HTTP/1.1" 200 OK
INFO:     127.0.0.1:55897 - "GET /api/v1/users?status=ENABLED&page=1&page_size=20 HTTP/1.1" 200 OK
INFO:     127.0.0.1:55861 - "GET /api/v1/auth/me HTTP/1.1" 401 Unauthorized
INFO:     127.0.0.1:55905 - "GET /api/v1/auth/session HTTP/1.1" 401 Unauthorized
INFO:     127.0.0.1:55905 - "POST /api/v1/auth/login HTTP/1.1" 200 OK
INFO:     127.0.0.1:55905 - "POST /api/v1/auth/change-password HTTP/1.1" 204 No Content
INFO:     127.0.0.1:55905 - "GET /api/v1/auth/session HTTP/1.1" 200 OK
INFO:     127.0.0.1:55905 - "GET /api/v1/workbench HTTP/1.1" 200 OK
INFO:     127.0.0.1:55861 - "GET /api/v1/auth/me HTTP/1.1" 200 OK
INFO:     127.0.0.1:55897 - "GET /api/v1/auth/session HTTP/1.1" 200 OK
INFO:     127.0.0.1:55897 - "GET /api/v1/users?status=ENABLED&page=1&page_size=20 HTTP/1.1" 200 OK
INFO:     127.0.0.1:55898 - "OPTIONS /api/v1/users/bulk-status HTTP/1.1" 200 OK
INFO:     127.0.0.1:55897 - "POST /api/v1/users/bulk-status HTTP/1.1" 200 OK
INFO:     127.0.0.1:55897 - "GET /api/v1/users?status=ENABLED&page=1&page_size=20 HTTP/1.1" 200 OK
INFO:     127.0.0.1:55861 - "GET /api/v1/auth/me HTTP/1.1" 200 OK
INFO:     127.0.0.1:55897 - "GET /api/v1/auth/session HTTP/1.1" 200 OK
INFO:     127.0.0.1:55897 - "GET /api/v1/audit-logs?page=1&page_size=20&created_from=2026-09-30T13%3A39%3A45.530Z&created_to=2026-10-03T13%3A39%3A45.530Z&request_id=ad221273-510c-446a-bbd7-a310f22cb3a8 HTTP/1.1" 200 OK
INFO:     127.0.0.1:55907 - "GET /api/v1/audit-logs/filter-options HTTP/1.1" 200 OK
INFO:     127.0.0.1:55907 - "GET /api/v1/audit-logs/ecabf68f-e8f0-4342-90bc-1511392d761f HTTP/1.1" 200 OK
INFO:     127.0.0.1:55907 - "GET /api/v1/auth/session HTTP/1.1" 200 OK
INFO:     127.0.0.1:55907 - "GET /api/v1/audit-logs?page=1&page_size=20&created_from=2026-09-30T13%3A39%3A45.657Z&created_to=2026-10-03T13%3A39%3A45.657Z&request_id=cf739c46-90b7-4802-aabd-9fc487d528fe HTTP/1.1" 200 OK
INFO:     127.0.0.1:55897 - "GET /api/v1/audit-logs/filter-options HTTP/1.1" 200 OK
INFO:     127.0.0.1:55897 - "GET /api/v1/auth/session HTTP/1.1" 200 OK
INFO:     127.0.0.1:55897 - "GET /api/v1/audit-logs?page=1&page_size=20&created_from=2026-09-30T13%3A39%3A45.718Z&created_to=2026-10-03T13%3A39%3A45.718Z&request_id=1dac6765-90ee-4a8d-ac37-009af07ab4e2 HTTP/1.1" 200 OK
INFO:     127.0.0.1:55907 - "GET /api/v1/audit-logs/filter-options HTTP/1.1" 200 OK
INFO:     127.0.0.1:55907 - "GET /api/v1/auth/session HTTP/1.1" 200 OK
INFO:     127.0.0.1:55897 - "GET /api/v1/audit-logs/filter-options HTTP/1.1" 200 OK
INFO:     127.0.0.1:55907 - "GET /api/v1/audit-logs?page=1&page_size=20&created_from=2026-09-30T13%3A39%3A45.778Z&created_to=2026-10-03T13%3A39%3A45.778Z&action=user.password_changed&target_id=81a416dc-f6b9-4eb5-9617-b45fb0635bbf HTTP/1.1" 200 OK
INFO:     127.0.0.1:55907 - "GET /api/v1/auth/session HTTP/1.1" 200 OK
INFO:     127.0.0.1:55907 - "GET /api/v1/users?q=e2e-engineer-f0841e94&status=DISABLED&page=1&page_size=20 HTTP/1.1" 200 OK
INFO:     127.0.0.1:55898 - "OPTIONS /api/v1/users/81a416dc-f6b9-4eb5-9617-b45fb0635bbf?expected_revision=4 HTTP/1.1" 200 OK
INFO:     127.0.0.1:55907 - "DELETE /api/v1/users/81a416dc-f6b9-4eb5-9617-b45fb0635bbf?expected_revision=4 HTTP/1.1" 204 No Content
INFO:     127.0.0.1:55907 - "GET /api/v1/users?q=e2e-engineer-f0841e94&status=DISABLED&page=1&page_size=20 HTTP/1.1" 200 OK
INFO:     127.0.0.1:55907 - "GET /api/v1/auth/session HTTP/1.1" 200 OK
INFO:     127.0.0.1:55907 - "GET /api/v1/audit-logs?page=1&page_size=20&created_from=2026-09-30T13%3A39%3A46.250Z&created_to=2026-10-03T13%3A39%3A46.250Z&action=user.password_changed&target_id=81a416dc-f6b9-4eb5-9617-b45fb0635bbf HTTP/1.1" 200 OK
INFO:     127.0.0.1:55897 - "GET /api/v1/audit-logs/filter-options HTTP/1.1" 200 OK
  ✓  22 [foundation-desktop] › tests/e2e/system-admin-real-stack.spec.ts:864:1 › System Admin 真实栈完成用户、权限、会话与审计闭环 (3.1s)
(node:51671) Warning: The 'NO_COLOR' env is ignored due to the 'FORCE_COLOR' env being set.
(Use `node --trace-warnings ...` to show where the warning was created)
INFO:     127.0.0.1:55908 - "POST /api/v1/auth/login HTTP/1.1" 200 OK
INFO:     127.0.0.1:55915 - "GET /api/v1/auth/session HTTP/1.1" 200 OK
INFO:     127.0.0.1:55915 - "GET /api/v1/geo/subjects?page=1&page_size=20&sort=NAME_ASC HTTP/1.1" 200 OK
INFO:     127.0.0.1:55916 - "GET /api/v1/geo/subjects?page=1&page_size=10&sort=NAME_ASC&subject_type=OWN_BRAND HTTP/1.1" 200 OK
INFO:     127.0.0.1:55915 - "GET /api/v1/products?search=&page=1&page_size=10&sort=MODEL_ASC HTTP/1.1" 200 OK
INFO:     127.0.0.1:55917 - "OPTIONS /api/v1/geo/subjects HTTP/1.1" 200 OK
INFO:     127.0.0.1:55915 - "POST /api/v1/geo/subjects HTTP/1.1" 201 Created
INFO:     127.0.0.1:55915 - "GET /api/v1/geo/subjects?page=1&page_size=20&sort=NAME_ASC HTTP/1.1" 200 OK
INFO:     127.0.0.1:55916 - "GET /api/v1/geo/subjects/2cea8810-6117-4471-b063-b29e87684556 HTTP/1.1" 200 OK
INFO:     127.0.0.1:55916 - "GET /api/v1/auth/session HTTP/1.1" 200 OK
INFO:     127.0.0.1:55916 - "GET /api/v1/geo/engine-surfaces?page=1&page_size=20&sort=NAME_ASC HTTP/1.1" 200 OK
INFO:     127.0.0.1:55917 - "OPTIONS /api/v1/geo/engine-surfaces HTTP/1.1" 200 OK
INFO:     127.0.0.1:55916 - "POST /api/v1/geo/engine-surfaces HTTP/1.1" 201 Created
INFO:     127.0.0.1:55916 - "GET /api/v1/geo/engine-surfaces?page=1&page_size=20&sort=NAME_ASC HTTP/1.1" 200 OK
INFO:     127.0.0.1:55915 - "GET /api/v1/geo/engine-surfaces/dc52dedf-0676-469a-b922-cb5680024d06 HTTP/1.1" 200 OK
INFO:     127.0.0.1:55917 - "OPTIONS /api/v1/geo/engine-surfaces/dc52dedf-0676-469a-b922-cb5680024d06/enable HTTP/1.1" 200 OK
INFO:     127.0.0.1:55915 - "POST /api/v1/geo/engine-surfaces/dc52dedf-0676-469a-b922-cb5680024d06/enable HTTP/1.1" 200 OK
INFO:     127.0.0.1:55915 - "GET /api/v1/geo/engine-surfaces?page=1&page_size=20&sort=NAME_ASC HTTP/1.1" 200 OK
INFO:     127.0.0.1:55915 - "GET /api/v1/geo/collection-profiles?page=1&page_size=20&sort=NAME_ASC&engine_surface_id=dc52dedf-0676-469a-b922-cb5680024d06 HTTP/1.1" 200 OK
INFO:     127.0.0.1:55917 - "OPTIONS /api/v1/geo/collection-profiles HTTP/1.1" 200 OK
INFO:     127.0.0.1:55915 - "POST /api/v1/geo/collection-profiles HTTP/1.1" 201 Created
INFO:     127.0.0.1:55915 - "GET /api/v1/geo/collection-profiles?page=1&page_size=20&sort=NAME_ASC&engine_surface_id=dc52dedf-0676-469a-b922-cb5680024d06 HTTP/1.1" 200 OK
INFO:     127.0.0.1:55916 - "GET /api/v1/geo/collection-profiles/a44e0f14-63f4-4684-9e1a-b3aa87a2b7b5 HTTP/1.1" 200 OK
INFO:     127.0.0.1:55917 - "OPTIONS /api/v1/geo/collection-profiles/a44e0f14-63f4-4684-9e1a-b3aa87a2b7b5/enable HTTP/1.1" 200 OK
INFO:     127.0.0.1:55916 - "POST /api/v1/geo/collection-profiles/a44e0f14-63f4-4684-9e1a-b3aa87a2b7b5/enable HTTP/1.1" 200 OK
INFO:     127.0.0.1:55916 - "GET /api/v1/geo/collection-profiles?page=1&page_size=20&sort=NAME_ASC&engine_surface_id=dc52dedf-0676-469a-b922-cb5680024d06 HTTP/1.1" 200 OK
INFO:     127.0.0.1:55908 - "POST /api/v1/users HTTP/1.1" 201 Created
INFO:     127.0.0.1:55908 - "POST /api/v1/auth/login HTTP/1.1" 200 OK
INFO:     127.0.0.1:55908 - "POST /api/v1/auth/change-password HTTP/1.1" 204 No Content
INFO:     127.0.0.1:55925 - "GET /api/v1/auth/session HTTP/1.1" 200 OK
INFO:     127.0.0.1:55925 - "GET /api/v1/query-topics/list-items?sort=QUESTION_ASC&page=1&page_size=20 HTTP/1.1" 200 OK
INFO:     127.0.0.1:55926 - "OPTIONS /api/v1/query-topics HTTP/1.1" 200 OK
INFO:     127.0.0.1:55925 - "POST /api/v1/query-topics HTTP/1.1" 201 Created
INFO:     127.0.0.1:55925 - "GET /api/v1/query-topics/list-items?sort=QUESTION_ASC&page=1&page_size=20 HTTP/1.1" 200 OK
INFO:     127.0.0.1:55925 - "GET /api/v1/auth/session HTTP/1.1" 200 OK
INFO:     127.0.0.1:55925 - "GET /api/v1/geo/prompt-variants?page=1&page_size=20&sort=UPDATED_DESC HTTP/1.1" 200 OK
INFO:     127.0.0.1:55925 - "GET /api/v1/query-topics HTTP/1.1" 200 OK
INFO:     127.0.0.1:55926 - "OPTIONS /api/v1/geo/query-topics/21a50a54-0d19-4bbd-b2c3-3341f282f6c2/prompt-variants HTTP/1.1" 200 OK
INFO:     127.0.0.1:55925 - "POST /api/v1/geo/query-topics/21a50a54-0d19-4bbd-b2c3-3341f282f6c2/prompt-variants HTTP/1.1" 201 Created
INFO:     127.0.0.1:55925 - "GET /api/v1/geo/prompt-variants?page=1&page_size=20&sort=UPDATED_DESC HTTP/1.1" 200 OK
INFO:     127.0.0.1:55925 - "GET /api/v1/auth/session HTTP/1.1" 200 OK
INFO:     127.0.0.1:55925 - "GET /api/v1/geo/monitoring-plans?page=1&page_size=20&sort=UPDATED_DESC HTTP/1.1" 200 OK
INFO:     127.0.0.1:55925 - "GET /api/v1/geo/subjects?page=1&page_size=10&sort=NAME_ASC HTTP/1.1" 200 OK
INFO:     127.0.0.1:55925 - "GET /api/v1/geo/subjects?q=3eb2da61&page=1&page_size=10&sort=NAME_ASC HTTP/1.1" 200 OK
INFO:     127.0.0.1:55925 - "GET /api/v1/geo/prompt-variants?q=3eb2da61&page=1&page_size=10&sort=TEXT_ASC HTTP/1.1" 200 OK
INFO:     127.0.0.1:55925 - "GET /api/v1/geo/collection-profiles?q=3eb2da61&page=1&page_size=10&sort=NAME_ASC HTTP/1.1" 200 OK
INFO:     127.0.0.1:55926 - "OPTIONS /api/v1/geo/monitoring-plans/preview HTTP/1.1" 200 OK
INFO:     127.0.0.1:55925 - "POST /api/v1/geo/monitoring-plans/preview HTTP/1.1" 200 OK
INFO:     127.0.0.1:55926 - "OPTIONS /api/v1/geo/monitoring-plans HTTP/1.1" 200 OK
INFO:     127.0.0.1:55925 - "POST /api/v1/geo/monitoring-plans HTTP/1.1" 201 Created
INFO:     127.0.0.1:55925 - "GET /api/v1/geo/monitoring-plans?page=1&page_size=20&sort=UPDATED_DESC HTTP/1.1" 200 OK
INFO:     127.0.0.1:55926 - "OPTIONS /api/v1/geo/monitoring-plans/0c624d38-7be3-417e-9563-cb3df34709cc/activate HTTP/1.1" 200 OK
INFO:     127.0.0.1:55925 - "POST /api/v1/geo/monitoring-plans/0c624d38-7be3-417e-9563-cb3df34709cc/activate HTTP/1.1" 200 OK
INFO:     127.0.0.1:55925 - "GET /api/v1/geo/monitoring-plans?page=1&page_size=20&sort=UPDATED_DESC HTTP/1.1" 200 OK
INFO:     127.0.0.1:55926 - "OPTIONS /api/v1/geo/monitoring-plans/0c624d38-7be3-417e-9563-cb3df34709cc/pause HTTP/1.1" 200 OK
INFO:     127.0.0.1:55925 - "POST /api/v1/geo/monitoring-plans/0c624d38-7be3-417e-9563-cb3df34709cc/pause HTTP/1.1" 200 OK
INFO:     127.0.0.1:55925 - "GET /api/v1/geo/monitoring-plans?page=1&page_size=20&sort=UPDATED_DESC HTTP/1.1" 200 OK
INFO:     127.0.0.1:55926 - "OPTIONS /api/v1/geo/monitoring-plans/0c624d38-7be3-417e-9563-cb3df34709cc/resume HTTP/1.1" 200 OK
INFO:     127.0.0.1:55925 - "POST /api/v1/geo/monitoring-plans/0c624d38-7be3-417e-9563-cb3df34709cc/resume HTTP/1.1" 200 OK
INFO:     127.0.0.1:55928 - "GET /api/v1/auth/session HTTP/1.1" 200 OK
INFO:     127.0.0.1:55928 - "GET /api/v1/geo/monitoring-plans?page=1&page_size=20&sort=UPDATED_DESC HTTP/1.1" 200 OK
INFO:     127.0.0.1:55929 - "GET /api/v1/geo/monitoring-plans/0c624d38-7be3-417e-9563-cb3df34709cc HTTP/1.1" 200 OK
INFO:     127.0.0.1:55929 - "POST /api/v1/geo/monitoring-plans/preview HTTP/1.1" 200 OK
INFO:     127.0.0.1:55926 - "OPTIONS /api/v1/geo/monitoring-plans/0c624d38-7be3-417e-9563-cb3df34709cc HTTP/1.1" 200 OK
INFO:     127.0.0.1:55929 - "PATCH /api/v1/geo/monitoring-plans/0c624d38-7be3-417e-9563-cb3df34709cc HTTP/1.1" 200 OK
INFO:     127.0.0.1:55929 - "GET /api/v1/geo/monitoring-plans?page=1&page_size=20&sort=UPDATED_DESC HTTP/1.1" 200 OK
INFO:     127.0.0.1:55926 - "OPTIONS /api/v1/geo/monitoring-plans/0c624d38-7be3-417e-9563-cb3df34709cc/copy HTTP/1.1" 200 OK
INFO:     127.0.0.1:55929 - "POST /api/v1/geo/monitoring-plans/0c624d38-7be3-417e-9563-cb3df34709cc/copy HTTP/1.1" 201 Created
INFO:     127.0.0.1:55929 - "GET /api/v1/geo/monitoring-plans?page=1&page_size=20&sort=UPDATED_DESC HTTP/1.1" 200 OK
INFO:     127.0.0.1:55926 - "OPTIONS /api/v1/geo/monitoring-plans/e1f7bbd5-4c4c-495f-bc3a-6608bf9ed2b1?expected_revision=0 HTTP/1.1" 200 OK
INFO:     127.0.0.1:55929 - "DELETE /api/v1/geo/monitoring-plans/e1f7bbd5-4c4c-495f-bc3a-6608bf9ed2b1?expected_revision=0 HTTP/1.1" 204 No Content
INFO:     127.0.0.1:55929 - "GET /api/v1/geo/monitoring-plans?page=1&page_size=20&sort=UPDATED_DESC HTTP/1.1" 200 OK
INFO:     127.0.0.1:55929 - "GET /api/v1/auth/session HTTP/1.1" 200 OK
INFO:     127.0.0.1:55928 - "GET /api/v1/geo/monitoring-plans/0c624d38-7be3-417e-9563-cb3df34709cc HTTP/1.1" 200 OK
INFO:     127.0.0.1:55929 - "GET /api/v1/geo/monitoring-plans?q=3eb2da61&schedule_kind=CRON&page=1&page_size=20&sort=NAME_ASC HTTP/1.1" 200 OK
INFO:     127.0.0.1:55926 - "OPTIONS /api/v1/geo/monitoring-plans/0c624d38-7be3-417e-9563-cb3df34709cc/archive HTTP/1.1" 200 OK
INFO:     127.0.0.1:55929 - "POST /api/v1/geo/monitoring-plans/0c624d38-7be3-417e-9563-cb3df34709cc/archive HTTP/1.1" 200 OK
INFO:     127.0.0.1:55930 - "GET /api/v1/geo/monitoring-plans/0c624d38-7be3-417e-9563-cb3df34709cc HTTP/1.1" 200 OK
INFO:     127.0.0.1:55928 - "GET /api/v1/auth/session HTTP/1.1" 200 OK
INFO:     127.0.0.1:55931 - "GET /api/v1/geo/monitoring-plans/0c624d38-7be3-417e-9563-cb3df34709cc HTTP/1.1" 200 OK
INFO:     127.0.0.1:55928 - "GET /api/v1/geo/monitoring-plans?q=3eb2da61&schedule_kind=CRON&page=1&page_size=20&sort=NAME_ASC HTTP/1.1" 200 OK
  ✓  23 [foundation-desktop] › tests/e2e/plans-real-stack.spec.ts:39:1 › 工程师八步创建、服务端预览、dirty、URL、启停修订复制归档与删除持久化 (10.1s)
INFO:     127.0.0.1:55930 - "POST /api/v1/auth/login HTTP/1.1" 200 OK
INFO:     127.0.0.1:55930 - "POST /api/v1/users HTTP/1.1" 201 Created
INFO:     127.0.0.1:55930 - "POST /api/v1/auth/login HTTP/1.1" 200 OK
INFO:     127.0.0.1:55930 - "POST /api/v1/auth/change-password HTTP/1.1" 204 No Content
INFO:     127.0.0.1:55938 - "GET /api/v1/auth/session HTTP/1.1" 200 OK
INFO:     127.0.0.1:55938 - "GET /api/v1/query-topics/list-items?sort=QUESTION_ASC&page=1&page_size=20 HTTP/1.1" 200 OK
INFO:     127.0.0.1:55939 - "OPTIONS /api/v1/query-topics HTTP/1.1" 200 OK
INFO:     127.0.0.1:55938 - "POST /api/v1/query-topics HTTP/1.1" 201 Created
INFO:     127.0.0.1:55940 - "GET /api/v1/auth/session HTTP/1.1" 200 OK
INFO:     127.0.0.1:55940 - "GET /api/v1/geo/prompt-variants?page=1&page_size=20&sort=UPDATED_DESC HTTP/1.1" 200 OK
INFO:     127.0.0.1:55940 - "GET /api/v1/query-topics HTTP/1.1" 200 OK
INFO:     127.0.0.1:55939 - "OPTIONS /api/v1/geo/query-topics/97976f2a-a470-49fb-9012-edbf0c878b27/prompt-variants HTTP/1.1" 200 OK
INFO:     127.0.0.1:55940 - "POST /api/v1/geo/query-topics/97976f2a-a470-49fb-9012-edbf0c878b27/prompt-variants HTTP/1.1" 201 Created
INFO:     127.0.0.1:55940 - "GET /api/v1/geo/prompt-variants?page=1&page_size=20&sort=UPDATED_DESC HTTP/1.1" 200 OK
INFO:     127.0.0.1:55940 - "GET /api/v1/geo/prompt-variants?q=48571073&query_topic_id=97976f2a-a470-49fb-9012-edbf0c878b27&page=1&page_size=20&sort=UPDATED_DESC HTTP/1.1" 200 OK
INFO:     127.0.0.1:55940 - "GET /api/v1/geo/prompt-variants?q=48571073&query_topic_id=97976f2a-a470-49fb-9012-edbf0c878b27&mention_mode=UNBRANDED&page=1&page_size=20&sort=UPDATED_DESC HTTP/1.1" 200 OK
INFO:     127.0.0.1:55940 - "GET /api/v1/geo/prompt-variants?q=48571073&query_topic_id=97976f2a-a470-49fb-9012-edbf0c878b27&mention_mode=UNBRANDED&priority=CORE&page=1&page_size=20&sort=UPDATED_DESC HTTP/1.1" 200 OK
INFO:     127.0.0.1:55941 - "GET /api/v1/auth/session HTTP/1.1" 200 OK
INFO:     127.0.0.1:55941 - "GET /api/v1/geo/prompt-variants?q=48571073&query_topic_id=97976f2a-a470-49fb-9012-edbf0c878b27&mention_mode=UNBRANDED&priority=CORE&is_active=true&page=1&page_size=20&sort=UPDATED_DESC HTTP/1.1" 200 OK
INFO:     127.0.0.1:55941 - "GET /api/v1/query-topics HTTP/1.1" 200 OK
INFO:     127.0.0.1:55941 - "GET /api/v1/geo/prompt-variants/723aeffe-1ff2-40bf-b907-1ba5162bf940 HTTP/1.1" 200 OK
INFO:     127.0.0.1:55939 - "OPTIONS /api/v1/geo/prompt-variants/723aeffe-1ff2-40bf-b907-1ba5162bf940 HTTP/1.1" 200 OK
INFO:     127.0.0.1:55941 - "PATCH /api/v1/geo/prompt-variants/723aeffe-1ff2-40bf-b907-1ba5162bf940 HTTP/1.1" 200 OK
INFO:     127.0.0.1:55941 - "GET /api/v1/geo/prompt-variants?q=48571073&query_topic_id=97976f2a-a470-49fb-9012-edbf0c878b27&mention_mode=UNBRANDED&priority=CORE&is_active=true&page=1&page_size=20&sort=UPDATED_DESC HTTP/1.1" 200 OK
INFO:     127.0.0.1:55939 - "OPTIONS /api/v1/geo/prompt-variants/723aeffe-1ff2-40bf-b907-1ba5162bf940/disable HTTP/1.1" 200 OK
INFO:     127.0.0.1:55941 - "POST /api/v1/geo/prompt-variants/723aeffe-1ff2-40bf-b907-1ba5162bf940/disable HTTP/1.1" 200 OK
INFO:     127.0.0.1:55941 - "GET /api/v1/geo/prompt-variants?q=48571073&query_topic_id=97976f2a-a470-49fb-9012-edbf0c878b27&mention_mode=UNBRANDED&priority=CORE&is_active=true&page=1&page_size=20&sort=UPDATED_DESC HTTP/1.1" 200 OK
INFO:     127.0.0.1:55939 - "OPTIONS /api/v1/geo/prompt-variants/723aeffe-1ff2-40bf-b907-1ba5162bf940/enable HTTP/1.1" 200 OK
INFO:     127.0.0.1:55941 - "POST /api/v1/geo/prompt-variants/723aeffe-1ff2-40bf-b907-1ba5162bf940/enable HTTP/1.1" 200 OK
INFO:     127.0.0.1:55943 - "GET /api/v1/auth/session HTTP/1.1" 200 OK
INFO:     127.0.0.1:55944 - "GET /api/v1/geo/prompt-variants/723aeffe-1ff2-40bf-b907-1ba5162bf940 HTTP/1.1" 200 OK
INFO:     127.0.0.1:55943 - "GET /api/v1/geo/prompt-variants?q=48571073&query_topic_id=97976f2a-a470-49fb-9012-edbf0c878b27&mention_mode=UNBRANDED&priority=CORE&is_active=true&page=1&page_size=20&sort=UPDATED_DESC HTTP/1.1" 200 OK
INFO:     127.0.0.1:55945 - "GET /api/v1/query-topics HTTP/1.1" 200 OK
INFO:     127.0.0.1:55945 - "POST /api/v1/geo/query-topics/97976f2a-a470-49fb-9012-edbf0c878b27/prompt-variants HTTP/1.1" 409 Conflict
INFO:     127.0.0.1:55945 - "POST /api/v1/geo/query-topics/97976f2a-a470-49fb-9012-edbf0c878b27/prompt-variants HTTP/1.1" 201 Created
INFO:     127.0.0.1:55945 - "GET /api/v1/geo/prompt-variants?q=48571073&query_topic_id=97976f2a-a470-49fb-9012-edbf0c878b27&mention_mode=UNBRANDED&priority=CORE&is_active=true&page=1&page_size=20&sort=UPDATED_DESC HTTP/1.1" 200 OK
INFO:     127.0.0.1:55939 - "OPTIONS /api/v1/geo/prompt-variants/ed08ea7e-6679-423d-ad89-180c9f4ff03e?expected_revision=0 HTTP/1.1" 200 OK
INFO:     127.0.0.1:55945 - "DELETE /api/v1/geo/prompt-variants/ed08ea7e-6679-423d-ad89-180c9f4ff03e?expected_revision=0 HTTP/1.1" 204 No Content
INFO:     127.0.0.1:55945 - "GET /api/v1/geo/prompt-variants?q=48571073&query_topic_id=97976f2a-a470-49fb-9012-edbf0c878b27&mention_mode=UNBRANDED&priority=CORE&is_active=true&page=1&page_size=20&sort=UPDATED_DESC HTTP/1.1" 200 OK
INFO:     127.0.0.1:55945 - "GET /api/v1/auth/session HTTP/1.1" 200 OK
INFO:     127.0.0.1:55943 - "GET /api/v1/geo/prompt-variants/723aeffe-1ff2-40bf-b907-1ba5162bf940 HTTP/1.1" 200 OK
INFO:     127.0.0.1:55945 - "GET /api/v1/geo/prompt-variants?q=48571073&page=1&page_size=20&sort=UPDATED_DESC HTTP/1.1" 200 OK
INFO:     127.0.0.1:55945 - "GET /api/v1/query-topics HTTP/1.1" 200 OK
INFO:     127.0.0.1:55939 - "OPTIONS /api/v1/geo/prompt-variants/723aeffe-1ff2-40bf-b907-1ba5162bf940?expected_revision=3 HTTP/1.1" 200 OK
INFO:     127.0.0.1:55945 - "DELETE /api/v1/geo/prompt-variants/723aeffe-1ff2-40bf-b907-1ba5162bf940?expected_revision=3 HTTP/1.1" 204 No Content
INFO:     127.0.0.1:55945 - "GET /api/v1/geo/prompt-variants?q=48571073&page=1&page_size=20&sort=UPDATED_DESC HTTP/1.1" 200 OK
INFO:     127.0.0.1:55945 - "GET /api/v1/auth/session HTTP/1.1" 200 OK
INFO:     127.0.0.1:55945 - "GET /api/v1/geo/prompt-variants?q=48571073&page=1&page_size=20&sort=UPDATED_DESC HTTP/1.1" 200 OK
INFO:     127.0.0.1:55945 - "GET /api/v1/query-topics HTTP/1.1" 200 OK
INFO:     127.0.0.1:55946 - "GET /api/v1/geo/prompt-variants?query_topic_id=97976f2a-a470-49fb-9012-edbf0c878b27 HTTP/1.1" 200 OK
  ✓  24 [foundation-desktop] › tests/e2e/questions-real-stack.spec.ts:31:1 › 工程师创建、筛选、编辑、启停、复制与删除；刷新持久化，运行入口不可用 (5.9s)
INFO:     127.0.0.1:55946 - "POST /api/v1/auth/login HTTP/1.1" 200 OK
INFO:     127.0.0.1:55946 - "POST /api/v1/geo/subjects HTTP/1.1" 201 Created
INFO:     127.0.0.1:55946 - "POST /api/v1/geo/engine-surfaces HTTP/1.1" 201 Created
INFO:     127.0.0.1:55946 - "POST /api/v1/geo/engine-surfaces/c3d22796-9c4f-4acf-b79d-56d7f18b4c30/enable HTTP/1.1" 200 OK
INFO:     127.0.0.1:55946 - "POST /api/v1/geo/collection-profiles HTTP/1.1" 201 Created
INFO:     127.0.0.1:55946 - "POST /api/v1/geo/collection-profiles/633e198c-ab6f-4565-8b82-1e7b65c4fec9/enable HTTP/1.1" 200 OK
INFO:     127.0.0.1:55946 - "POST /api/v1/query-topics HTTP/1.1" 201 Created
INFO:     127.0.0.1:55946 - "POST /api/v1/geo/query-topics/f92b0f81-e6cf-46cf-9974-4cf25a33f544/prompt-variants HTTP/1.1" 201 Created
INFO:     127.0.0.1:55946 - "POST /api/v1/geo/monitoring-plans HTTP/1.1" 201 Created
INFO:     127.0.0.1:55953 - "GET /api/v1/auth/session HTTP/1.1" 200 OK
INFO:     127.0.0.1:55953 - "GET /api/v1/geo/observation-batches?sort=CREATED_DESC&page=1&page_size=20 HTTP/1.1" 200 OK
INFO:     127.0.0.1:55953 - "GET /api/v1/geo/monitoring-plans?page=1&page_size=20&sort=UPDATED_DESC HTTP/1.1" 200 OK
INFO:     127.0.0.1:55953 - "GET /api/v1/geo/monitoring-plans?q=53357977&page=1&page_size=20&sort=UPDATED_DESC HTTP/1.1" 200 OK
INFO:     127.0.0.1:55954 - "OPTIONS /api/v1/geo/monitoring-plans/59b80244-1007-4727-bf7b-85e52b101d57/run HTTP/1.1" 200 OK
INFO:     127.0.0.1:55953 - "POST /api/v1/geo/monitoring-plans/59b80244-1007-4727-bf7b-85e52b101d57/run HTTP/1.1" 201 Created
INFO:     127.0.0.1:55953 - "GET /api/v1/geo/observation-batches?sort=CREATED_DESC&page=1&page_size=20 HTTP/1.1" 200 OK
INFO:     127.0.0.1:55955 - "GET /api/v1/geo/observation-runs?sort=CREATED_DESC&page=1&page_size=20&batch_id=2a84804b-6a7f-476f-b239-9fd3ce06ff50&latest_only=true HTTP/1.1" 200 OK
INFO:     127.0.0.1:55953 - "GET /api/v1/geo/observation-batches/2a84804b-6a7f-476f-b239-9fd3ce06ff50 HTTP/1.1" 200 OK
INFO:     127.0.0.1:55953 - "GET /api/v1/geo/observation-runs?q=53357977&sort=CREATED_DESC&page=1&page_size=20&batch_id=2a84804b-6a7f-476f-b239-9fd3ce06ff50&latest_only=true HTTP/1.1" 200 OK
INFO:     127.0.0.1:55955 - "GET /api/v1/auth/session HTTP/1.1" 200 OK
INFO:     127.0.0.1:55955 - "GET /api/v1/geo/observation-runs?q=53357977&sort=CREATED_DESC&page=1&page_size=20&batch_id=2a84804b-6a7f-476f-b239-9fd3ce06ff50&collection_mode=MANUAL&latest_only=true HTTP/1.1" 200 OK
INFO:     127.0.0.1:55955 - "GET /api/v1/geo/observation-batches/2a84804b-6a7f-476f-b239-9fd3ce06ff50 HTTP/1.1" 200 OK
INFO:     127.0.0.1:55946 - "GET /api/v1/geo/observation-runs?batch_id=2a84804b-6a7f-476f-b239-9fd3ce06ff50 HTTP/1.1" 200 OK
INFO:     127.0.0.1:55955 - "GET /api/v1/geo/observation-runs/a53a2bd9-d233-4e13-833b-7c8b4280448f/manual-entry HTTP/1.1" 200 OK
INFO:     127.0.0.1:55954 - "OPTIONS /api/v1/geo/observation-runs/a53a2bd9-d233-4e13-833b-7c8b4280448f/manual-draft HTTP/1.1" 200 OK
INFO:     127.0.0.1:55955 - "PUT /api/v1/geo/observation-runs/a53a2bd9-d233-4e13-833b-7c8b4280448f/manual-draft HTTP/1.1" 200 OK
INFO:     127.0.0.1:55955 - "GET /api/v1/auth/session HTTP/1.1" 200 OK
INFO:     127.0.0.1:55955 - "GET /api/v1/geo/observation-runs?q=53357977&sort=CREATED_DESC&page=1&page_size=20&batch_id=2a84804b-6a7f-476f-b239-9fd3ce06ff50&collection_mode=MANUAL&latest_only=true HTTP/1.1" 200 OK
INFO:     127.0.0.1:55956 - "GET /api/v1/geo/observation-batches/2a84804b-6a7f-476f-b239-9fd3ce06ff50 HTTP/1.1" 200 OK
INFO:     127.0.0.1:55955 - "GET /api/v1/geo/observation-runs/a53a2bd9-d233-4e13-833b-7c8b4280448f/manual-entry HTTP/1.1" 200 OK
INFO:     127.0.0.1:55954 - "OPTIONS /api/v1/files/upload-intents HTTP/1.1" 200 OK
INFO:     127.0.0.1:55955 - "POST /api/v1/files/upload-intents HTTP/1.1" 201 Created
INFO:     127.0.0.1:55954 - "OPTIONS /api/v1/files/a9af5b18-7476-40be-9c1c-fe2b0ec2c85b/content HTTP/1.1" 200 OK
INFO:     127.0.0.1:55955 - "PUT /api/v1/files/a9af5b18-7476-40be-9c1c-fe2b0ec2c85b/content HTTP/1.1" 204 No Content
INFO:     127.0.0.1:55954 - "OPTIONS /api/v1/files/a9af5b18-7476-40be-9c1c-fe2b0ec2c85b/complete HTTP/1.1" 200 OK
INFO:     127.0.0.1:55955 - "POST /api/v1/files/a9af5b18-7476-40be-9c1c-fe2b0ec2c85b/complete HTTP/1.1" 200 OK
INFO:     127.0.0.1:55955 - "PUT /api/v1/geo/observation-runs/a53a2bd9-d233-4e13-833b-7c8b4280448f/manual-draft HTTP/1.1" 200 OK
INFO:     127.0.0.1:55955 - "GET /api/v1/auth/session HTTP/1.1" 200 OK
INFO:     127.0.0.1:55955 - "GET /api/v1/geo/observation-runs?q=53357977&sort=CREATED_DESC&page=1&page_size=20&batch_id=2a84804b-6a7f-476f-b239-9fd3ce06ff50&collection_mode=MANUAL&latest_only=true HTTP/1.1" 200 OK
INFO:     127.0.0.1:55956 - "GET /api/v1/geo/observation-batches/2a84804b-6a7f-476f-b239-9fd3ce06ff50 HTTP/1.1" 200 OK
INFO:     127.0.0.1:55955 - "GET /api/v1/geo/observation-runs/a53a2bd9-d233-4e13-833b-7c8b4280448f/manual-entry HTTP/1.1" 200 OK
INFO:     127.0.0.1:55954 - "OPTIONS /api/v1/geo/observation-runs/a53a2bd9-d233-4e13-833b-7c8b4280448f/manual-submit HTTP/1.1" 200 OK
INFO:     127.0.0.1:55955 - "POST /api/v1/geo/observation-runs/a53a2bd9-d233-4e13-833b-7c8b4280448f/manual-submit HTTP/1.1" 201 Created
INFO:     127.0.0.1:55956 - "GET /api/v1/geo/observation-batches/2a84804b-6a7f-476f-b239-9fd3ce06ff50 HTTP/1.1" 200 OK
INFO:     127.0.0.1:55955 - "GET /api/v1/geo/observation-runs?q=53357977&sort=CREATED_DESC&page=1&page_size=20&batch_id=2a84804b-6a7f-476f-b239-9fd3ce06ff50&collection_mode=MANUAL&latest_only=true HTTP/1.1" 200 OK
INFO:     127.0.0.1:55956 - "GET /api/v1/geo/observation-runs/a53a2bd9-d233-4e13-833b-7c8b4280448f HTTP/1.1" 200 OK
INFO:     127.0.0.1:55956 - "GET /api/v1/geo/observation-runs/a2ebfab7-3346-44e7-add7-62e7a6c4adf0/manual-entry HTTP/1.1" 200 OK
INFO:     127.0.0.1:55956 - "POST /api/v1/files/upload-intents HTTP/1.1" 201 Created
INFO:     127.0.0.1:55954 - "OPTIONS /api/v1/files/74c4563c-19bc-4f03-ba3a-c6ec6a3982a6/content HTTP/1.1" 200 OK
INFO:     127.0.0.1:55956 - "PUT /api/v1/files/74c4563c-19bc-4f03-ba3a-c6ec6a3982a6/content HTTP/1.1" 204 No Content
INFO:     127.0.0.1:55954 - "OPTIONS /api/v1/files/74c4563c-19bc-4f03-ba3a-c6ec6a3982a6/complete HTTP/1.1" 200 OK
INFO:     127.0.0.1:55956 - "POST /api/v1/files/74c4563c-19bc-4f03-ba3a-c6ec6a3982a6/complete HTTP/1.1" 200 OK
INFO:     127.0.0.1:55954 - "OPTIONS /api/v1/geo/observation-runs/a2ebfab7-3346-44e7-add7-62e7a6c4adf0/manual-draft HTTP/1.1" 200 OK
INFO:     127.0.0.1:55956 - "PUT /api/v1/geo/observation-runs/a2ebfab7-3346-44e7-add7-62e7a6c4adf0/manual-draft HTTP/1.1" 200 OK
INFO:     127.0.0.1:55954 - "OPTIONS /api/v1/geo/observation-runs/a2ebfab7-3346-44e7-add7-62e7a6c4adf0/manual-submit HTTP/1.1" 200 OK
INFO:     127.0.0.1:55956 - "POST /api/v1/geo/observation-runs/a2ebfab7-3346-44e7-add7-62e7a6c4adf0/manual-submit HTTP/1.1" 201 Created
INFO:     127.0.0.1:55955 - "GET /api/v1/geo/observation-batches/2a84804b-6a7f-476f-b239-9fd3ce06ff50 HTTP/1.1" 200 OK
INFO:     127.0.0.1:55956 - "GET /api/v1/geo/observation-runs?q=53357977&sort=CREATED_DESC&page=1&page_size=20&batch_id=2a84804b-6a7f-476f-b239-9fd3ce06ff50&collection_mode=MANUAL&latest_only=true HTTP/1.1" 200 OK
INFO:     127.0.0.1:55966 - "GET /api/v1/geo/observation-runs/a2ebfab7-3346-44e7-add7-62e7a6c4adf0 HTTP/1.1" 200 OK
INFO:     127.0.0.1:55966 - "GET /api/v1/geo/observation-runs/64b731cf-e97f-46c6-8834-d218f003f9b1/manual-entry HTTP/1.1" 200 OK
INFO:     127.0.0.1:55966 - "POST /api/v1/files/upload-intents HTTP/1.1" 201 Created
INFO:     127.0.0.1:55954 - "OPTIONS /api/v1/files/88db07ca-388a-4528-90fc-e349e85fa9cf/content HTTP/1.1" 200 OK
INFO:     127.0.0.1:55966 - "PUT /api/v1/files/88db07ca-388a-4528-90fc-e349e85fa9cf/content HTTP/1.1" 204 No Content
INFO:     127.0.0.1:55954 - "OPTIONS /api/v1/files/88db07ca-388a-4528-90fc-e349e85fa9cf/complete HTTP/1.1" 200 OK
INFO:     127.0.0.1:55966 - "POST /api/v1/files/88db07ca-388a-4528-90fc-e349e85fa9cf/complete HTTP/1.1" 200 OK
INFO:     127.0.0.1:55954 - "OPTIONS /api/v1/geo/observation-runs/64b731cf-e97f-46c6-8834-d218f003f9b1/manual-draft HTTP/1.1" 200 OK
INFO:     127.0.0.1:55966 - "PUT /api/v1/geo/observation-runs/64b731cf-e97f-46c6-8834-d218f003f9b1/manual-draft HTTP/1.1" 200 OK
INFO:     127.0.0.1:55954 - "OPTIONS /api/v1/geo/observation-runs/64b731cf-e97f-46c6-8834-d218f003f9b1/manual-submit HTTP/1.1" 200 OK
INFO:     127.0.0.1:55966 - "POST /api/v1/geo/observation-runs/64b731cf-e97f-46c6-8834-d218f003f9b1/manual-submit HTTP/1.1" 201 Created
INFO:     127.0.0.1:55956 - "GET /api/v1/geo/observation-batches/2a84804b-6a7f-476f-b239-9fd3ce06ff50 HTTP/1.1" 200 OK
INFO:     127.0.0.1:55966 - "GET /api/v1/geo/observation-runs?q=53357977&sort=CREATED_DESC&page=1&page_size=20&batch_id=2a84804b-6a7f-476f-b239-9fd3ce06ff50&collection_mode=MANUAL&latest_only=true HTTP/1.1" 200 OK
INFO:     127.0.0.1:55955 - "GET /api/v1/geo/observation-runs/64b731cf-e97f-46c6-8834-d218f003f9b1 HTTP/1.1" 200 OK
INFO:     127.0.0.1:55946 - "GET /api/v1/geo/observation-batches/2a84804b-6a7f-476f-b239-9fd3ce06ff50 HTTP/1.1" 200 OK
  ✓  25 [foundation-desktop] › tests/e2e/runs-real-stack.spec.ts:31:1 › 人工批次三次采样、URL、dirty、草稿刷新、截图、引用与不可变详情 (4.3s)
INFO:     127.0.0.1:55946 - "POST /api/v1/auth/login HTTP/1.1" 200 OK
INFO:     127.0.0.1:55977 - "GET /api/v1/auth/session HTTP/1.1" 200 OK
INFO:     127.0.0.1:55977 - "GET /api/v1/geo/engine-surfaces?page=1&page_size=20&sort=NAME_ASC HTTP/1.1" 200 OK
INFO:     127.0.0.1:55978 - "OPTIONS /api/v1/geo/engine-surfaces HTTP/1.1" 200 OK
INFO:     127.0.0.1:55977 - "POST /api/v1/geo/engine-surfaces HTTP/1.1" 201 Created
INFO:     127.0.0.1:55977 - "GET /api/v1/geo/engine-surfaces?page=1&page_size=20&sort=NAME_ASC HTTP/1.1" 200 OK
INFO:     127.0.0.1:55977 - "GET /api/v1/geo/engine-surfaces/eff38ed9-7bed-412f-baf9-71f82bab4ece HTTP/1.1" 200 OK
INFO:     127.0.0.1:55978 - "OPTIONS /api/v1/geo/engine-surfaces/eff38ed9-7bed-412f-baf9-71f82bab4ece/enable HTTP/1.1" 200 OK
INFO:     127.0.0.1:55977 - "POST /api/v1/geo/engine-surfaces/eff38ed9-7bed-412f-baf9-71f82bab4ece/enable HTTP/1.1" 200 OK
INFO:     127.0.0.1:55977 - "GET /api/v1/geo/engine-surfaces?page=1&page_size=20&sort=NAME_ASC HTTP/1.1" 200 OK
INFO:     127.0.0.1:55977 - "GET /api/v1/geo/collection-profiles?page=1&page_size=20&sort=NAME_ASC&engine_surface_id=eff38ed9-7bed-412f-baf9-71f82bab4ece HTTP/1.1" 200 OK
INFO:     127.0.0.1:55978 - "OPTIONS /api/v1/geo/collection-profiles HTTP/1.1" 200 OK
INFO:     127.0.0.1:55977 - "POST /api/v1/geo/collection-profiles HTTP/1.1" 201 Created
INFO:     127.0.0.1:55977 - "GET /api/v1/geo/collection-profiles?page=1&page_size=20&sort=NAME_ASC&engine_surface_id=eff38ed9-7bed-412f-baf9-71f82bab4ece HTTP/1.1" 200 OK
INFO:     127.0.0.1:55979 - "GET /api/v1/geo/collection-profiles/d0a8ad32-6f74-45a4-84f5-6afeeacf75b1 HTTP/1.1" 200 OK
INFO:     127.0.0.1:55978 - "OPTIONS /api/v1/geo/collection-profiles/d0a8ad32-6f74-45a4-84f5-6afeeacf75b1/enable HTTP/1.1" 200 OK
INFO:     127.0.0.1:55979 - "POST /api/v1/geo/collection-profiles/d0a8ad32-6f74-45a4-84f5-6afeeacf75b1/enable HTTP/1.1" 200 OK
INFO:     127.0.0.1:55979 - "GET /api/v1/geo/collection-profiles?page=1&page_size=20&sort=NAME_ASC&engine_surface_id=eff38ed9-7bed-412f-baf9-71f82bab4ece HTTP/1.1" 200 OK
INFO:     127.0.0.1:55979 - "GET /api/v1/geo/collection-profiles/d0a8ad32-6f74-45a4-84f5-6afeeacf75b1 HTTP/1.1" 200 OK
INFO:     127.0.0.1:55978 - "OPTIONS /api/v1/geo/collection-profiles/d0a8ad32-6f74-45a4-84f5-6afeeacf75b1 HTTP/1.1" 200 OK
INFO:     127.0.0.1:55979 - "PATCH /api/v1/geo/collection-profiles/d0a8ad32-6f74-45a4-84f5-6afeeacf75b1 HTTP/1.1" 200 OK
INFO:     127.0.0.1:55979 - "GET /api/v1/geo/collection-profiles?page=1&page_size=20&sort=NAME_ASC&engine_surface_id=eff38ed9-7bed-412f-baf9-71f82bab4ece HTTP/1.1" 200 OK
INFO:     127.0.0.1:55977 - "GET /api/v1/auth/session HTTP/1.1" 200 OK
INFO:     127.0.0.1:55977 - "GET /api/v1/geo/collection-profiles/d0a8ad32-6f74-45a4-84f5-6afeeacf75b1 HTTP/1.1" 200 OK
INFO:     127.0.0.1:55980 - "GET /api/v1/geo/collection-profiles?page=1&page_size=20&sort=NAME_ASC&engine_surface_id=eff38ed9-7bed-412f-baf9-71f82bab4ece HTTP/1.1" 200 OK
INFO:     127.0.0.1:55946 - "GET /api/v1/geo/collection-profiles/d0a8ad32-6f74-45a4-84f5-6afeeacf75b1 HTTP/1.1" 200 OK
INFO:     127.0.0.1:55946 - "POST /api/v1/users HTTP/1.1" 201 Created
INFO:     127.0.0.1:55946 - "POST /api/v1/auth/login HTTP/1.1" 200 OK
INFO:     127.0.0.1:55946 - "POST /api/v1/auth/change-password HTTP/1.1" 204 No Content
INFO:     127.0.0.1:55987 - "GET /api/v1/auth/session HTTP/1.1" 200 OK
INFO:     127.0.0.1:55988 - "GET /api/v1/geo/collection-profiles/d0a8ad32-6f74-45a4-84f5-6afeeacf75b1 HTTP/1.1" 200 OK
INFO:     127.0.0.1:55987 - "GET /api/v1/geo/collection-profiles?page=1&page_size=20&sort=NAME_ASC HTTP/1.1" 200 OK
INFO:     127.0.0.1:55946 - "GET /api/v1/geo/collection-profiles/d0a8ad32-6f74-45a4-84f5-6afeeacf75b1 HTTP/1.1" 200 OK
INFO:     127.0.0.1:55980 - "GET /api/v1/auth/session HTTP/1.1" 200 OK
INFO:     127.0.0.1:55977 - "GET /api/v1/geo/engine-surfaces/eff38ed9-7bed-412f-baf9-71f82bab4ece HTTP/1.1" 200 OK
INFO:     127.0.0.1:55980 - "GET /api/v1/geo/engine-surfaces?page=1&page_size=20&sort=NAME_ASC HTTP/1.1" 200 OK
INFO:     127.0.0.1:55980 - "GET /api/v1/auth/session HTTP/1.1" 200 OK
INFO:     127.0.0.1:55977 - "GET /api/v1/geo/collection-profiles/d0a8ad32-6f74-45a4-84f5-6afeeacf75b1 HTTP/1.1" 200 OK
INFO:     127.0.0.1:55980 - "GET /api/v1/geo/collection-profiles?page=1&page_size=20&sort=NAME_ASC HTTP/1.1" 200 OK
INFO:     127.0.0.1:55978 - "OPTIONS /api/v1/geo/collection-profiles/d0a8ad32-6f74-45a4-84f5-6afeeacf75b1?expected_revision=2 HTTP/1.1" 200 OK
INFO:     127.0.0.1:55980 - "DELETE /api/v1/geo/collection-profiles/d0a8ad32-6f74-45a4-84f5-6afeeacf75b1?expected_revision=2 HTTP/1.1" 204 No Content
INFO:     127.0.0.1:55980 - "GET /api/v1/geo/collection-profiles?page=1&page_size=20&sort=NAME_ASC HTTP/1.1" 200 OK
INFO:     127.0.0.1:55980 - "GET /api/v1/geo/engine-surfaces?page=1&page_size=20&sort=NAME_ASC HTTP/1.1" 200 OK
INFO:     127.0.0.1:55980 - "GET /api/v1/geo/engine-surfaces/eff38ed9-7bed-412f-baf9-71f82bab4ece HTTP/1.1" 200 OK
INFO:     127.0.0.1:55978 - "OPTIONS /api/v1/geo/engine-surfaces/eff38ed9-7bed-412f-baf9-71f82bab4ece?expected_revision=1 HTTP/1.1" 200 OK
INFO:     127.0.0.1:55980 - "DELETE /api/v1/geo/engine-surfaces/eff38ed9-7bed-412f-baf9-71f82bab4ece?expected_revision=1 HTTP/1.1" 204 No Content
  ✓  26 [foundation-desktop] › tests/e2e/surfaces-real-stack.spec.ts:33:1 › 管理员创建、启停和编辑后持久化，工程师仅看摘要，删除尊重真实子配置 (3.5s)

  26 passed (2.2m)
E2E_SECRET_SCAN status=clean
E2E_RESULT playwright=0 secret_scan=0
INFO:     Shutting down
INFO:     Waiting for application shutdown.
INFO:     Application shutdown complete.
INFO:     Finished server process [51536]

worker: Warm shutdown (MainProcess)
INFO:     Shutting down
INFO:     Waiting for application shutdown.
INFO:     Application shutdown complete.
INFO:     Finished server process [51535]
INFO:     Shutting down
INFO:     Waiting for application shutdown.
INFO:     Application shutdown complete.
INFO:     Finished server process [51534]
E2E_CLEANUP redis_db=14 keys=1 status=deleted
E2E_CLEANUP ports=8000,9001,4174,19009 status=released
E2E_CLEANUP database=partsignal_e2e_20261003_f218086ff94ef0d440dbc7125a7748ed status=dropped
E2E_CLEANUP storage=/var/folders/m5/j06tv2sn1hn93d6f33j559jm0000gn/T//partsignal-e2e-storage.mdBPVe status=removed
PARTSIGNAL_E2E_SPEC= deploy/scripts/e2e-geo.sh
E2E_GEO phase=enabled status=begin
E2E_SECRET_REGISTRATION status=ready
INFO  [alembic.runtime.migration] Context impl PostgresqlImpl.
INFO  [alembic.runtime.migration] Will assume transactional DDL.
INFO  [alembic.runtime.migration] Running upgrade  -> 0001_identity_audit, 创建身份、会话和审计表。
INFO  [alembic.runtime.migration] Running upgrade 0001_identity_audit -> 0002_product_facts, 创建规范化产品事实和不可变事实版本。
INFO  [alembic.runtime.migration] Running upgrade 0002_product_facts -> 0003_content_planning, 创建目标问题、平台规则版本和内容任务。
INFO  [alembic.runtime.migration] Running upgrade 0003_content_planning -> 0004_content_production, 创建 PostgreSQL 权威生成作业和不可变 Markdown 内容版本。
INFO  [alembic.runtime.migration] Running upgrade 0004_content_production -> 0005_content_review, 创建追加式内容审核记录。
INFO  [alembic.runtime.migration] Running upgrade 0005_content_review -> 0006_publication, 创建平台账号、人工发布记录和状态事件。
INFO  [alembic.runtime.migration] Running upgrade 0006_publication -> 0007_geo_observation, 创建追加式 GEO 观测及引用关联。
INFO  [alembic.runtime.migration] Running upgrade 0007_geo_observation -> 0008_files, 创建文件生命周期、附件关联并补加证据文件外键。
INFO  [alembic.runtime.migration] Running upgrade 0008_files -> 0009_config_center, 迁移账号类型、配置中心与真实 AI 生成字段。
INFO  [alembic.runtime.migration] Running upgrade 0009_config_center -> 0010_user_cleanup, 清理旧版职责账号并强制既有内容工程师改密。
INFO  [alembic.runtime.migration] Running upgrade 0010_user_cleanup -> 0011_generation_reliability, 增加生成作业补投递诊断字段与到期扫描索引。
INFO  [alembic.runtime.migration] Running upgrade 0011_generation_reliability -> 0012_ai_data_classification, 为生成输入增加显式数据分级与责任人记录。
INFO  [alembic.runtime.migration] Running upgrade 0012_ai_data_classification -> 0013_publication_closure, 增加发布异常待办、修复任务来源和发布平台一致性门禁。
INFO  [alembic.runtime.migration] Running upgrade 0013_publication_closure -> 0014_platform_prompt_ownership, 将当前 Prompt 所有权从平台类型迁移到具体平台。
INFO  [alembic.runtime.migration] Running upgrade 0014_platform_prompt_ownership -> 0015_platform_rule_draft_editing, 允许按修订号编辑平台规则草稿，并继续冻结已激活或退役正文。
INFO  [alembic.runtime.migration] Running upgrade 0015_platform_rule_draft_editing -> 0016_fact_review_cleanup, 允许受约束删除事实版本时清理其从属审核记录。
INFO  [alembic.runtime.migration] Running upgrade 0016_fact_review_cleanup -> 0017_content_humanization, 增加全局自然化 Prompt，并让现有 AI 作业承载自然化修订。
INFO  [alembic.runtime.migration] Running upgrade 0017_content_humanization -> 0018_manual_geo_observation, 增加产品级人工 GEO 观测，并保留旧模型观测历史。
INFO  [alembic.runtime.migration] Running upgrade 0018_manual_geo_observation -> 0019_product_driven_tasks, 允许新内容任务直接围绕产品创建，同时保留历史目标问题关联。
INFO  [alembic.runtime.migration] Running upgrade 0019_product_driven_tasks -> 0020_platform_branding_task_list, 为具体平台增加官网与单一来源 Logo。
INFO  [alembic.runtime.migration] Running upgrade 0020_platform_branding_task_list -> 0021_ai_channel_model_management, 补齐 AI 渠道身份字段与使用统计索引。
INFO  [alembic.runtime.migration] Running upgrade 0021_ai_channel_model_management -> 0022_geo_observation_insights, 补充人工 GEO 逐篇阶段事实与问题主题约束。
INFO  [alembic.runtime.migration] Running upgrade 0022_geo_observation_insights -> 0023_platform_management, 增加具体平台启停状态与管理聚合索引。
INFO  [alembic.runtime.migration] Running upgrade 0023_platform_management -> 0024_audit_outcome, 补齐审计模块、命令结果和安全结果说明。
INFO  [alembic.runtime.migration] Running upgrade 0024_audit_outcome -> 0025_markdown_facts, 将结构化产品事实收敛为 Markdown，并让内容任务直接绑定平台。
INFO  [alembic.runtime.migration] Running upgrade 0025_markdown_facts -> 0026_publication_account_dedup, 补齐发布账号修订约束，并阻止同平台规范化账号标识重复。
INFO  [alembic.runtime.migration] Running upgrade 0026_publication_account_dedup -> 0027_audit_user_delete_guard, 只允许受约束用户删除把匹配审计操作者置空。
INFO  [alembic.runtime.migration] Running upgrade 0027_audit_user_delete_guard -> 0028_platform_logo_lifecycle, 增加平台 Logo 的未引用保留、幂等删除状态与数据库门禁。
INFO  [alembic.runtime.migration] Running upgrade 0028_platform_logo_lifecycle -> 0029_geo_evidence_management, 收敛人工 GEO 独立事实，并为完整更正链删除增加事务门禁。
INFO  [alembic.runtime.migration] Running upgrade 0029_geo_evidence_management -> 0030_publication_record_delete, 为从未公开的发布聚合增加事务级受控删除门禁。
INFO  [alembic.runtime.migration] Running upgrade 0030_publication_record_delete -> 0031_reusable_platform_prompts, 把平台私有 Prompt 收敛为可复用模板和平台当前绑定。
INFO  [alembic.runtime.migration] Running upgrade 0031_reusable_platform_prompts -> 0032_content_task_idempotency, 为普通内容任务创建增加持久化请求键幂等约束。
INFO  [alembic.runtime.migration] Running upgrade 0032_content_task_idempotency -> 0033_task_owned_history_delete, 允许受控删除已取消任务自有的未批准生产历史。
INFO  [alembic.runtime.migration] Running upgrade 0033_task_owned_history_delete -> 0034_publication_redesign, 以发布工作、首次核验成果和发布后内容问题替换旧发布记录。
INFO  [alembic.runtime.migration] Running upgrade 0034_publication_redesign -> 0035_business_workflow, 建立事实提交、内容单主线、发布版本快照与 GEO 来源合同。
INFO  [alembic.runtime.migration] Running upgrade 0035_business_workflow -> 0036_remove_section_url, 删除没有稳定业务含义的发布栏目地址。
INFO  [alembic.runtime.migration] Running upgrade 0036_remove_section_url -> 0037_simplify_deletion_lifecycle, 收缩任务、配置与审计的删除生命周期。
INFO  [alembic.runtime.migration] Running upgrade 0037_simplify_deletion_lifecycle -> 0038_published_article_delete, 允许受控删除无 GEO 引用的发布成果聚合。
INFO  [alembic.runtime.migration] Running upgrade 0038_published_article_delete -> 0039_article_delete_platform, 允许归档任务在删除失效平台的发布成果后转为已取消。
INFO  [alembic.runtime.migration] Running upgrade 0039_article_delete_platform -> 0040_content_draft_management, 允许当前人工未审核草稿受控保存和彻底删除。
INFO  [alembic.runtime.migration] Running upgrade 0040_content_draft_management -> 0041_content_task_list, 补齐内容任务列表的稳定更新时间与排序索引。
INFO  [alembic.runtime.migration] Running upgrade 0041_content_task_list -> 0042_content_version_detail, 记录内容版本自身的真实更新时间。
INFO  [alembic.runtime.migration] Running upgrade 0042_content_version_detail -> 0043_geo_platform_identity, 冻结发布工作的平台 UUID，避免配置删除后 GEO 历史失去身份。
INFO  [alembic.runtime.migration] Running upgrade 0043_geo_platform_identity -> 0044_geo_catalog, 新增 GEO Catalog 三表；冻结本 revision，不读取运行时 ORM。
INFO  [alembic.runtime.migration] Running upgrade 0044_geo_catalog -> 0045_geo_prompt_variants, 仅新增问题变体，冻结规范化及历史锁存，不回填旧问题数组。
INFO  [alembic.runtime.migration] Running upgrade 0045_geo_prompt_variants -> 0046_geo_surfaces_profiles, 新增观测配置与闭合JSON合同；不回填旧GEO或实现运行资格。
INFO  [alembic.runtime.migration] Running upgrade 0046_geo_surfaces_profiles -> 0047_geo_monitoring_plans, 仅增加计划配置聚合；不创建批次、运行或改写历史观测。
INFO  [alembic.runtime.migration] Running upgrade 0047_geo_monitoring_plans -> 0048_geo_batches_runs, 新增独立回答级 Batch/Run，冻结 DDL 与快照/写入守卫，不迁移旧 GEO。
INFO  [alembic.runtime.migration] Running upgrade 0048_geo_batches_runs -> 0049_geo_batch_creation, 创建幂等与批次主体引用；不修改已冻结的 Batch/Run 输入。
INFO  [alembic.runtime.migration] Running upgrade 0049_geo_batch_creation -> 0050_geo_answer_evidence, 新增不可变原始回答、引用和受控文件关系；不实现采集命令。
INFO  [alembic.runtime.migration] Running upgrade 0050_geo_answer_evidence -> 0051_geo_manual_collection, 人工草稿和不可变提交身份；不回填或修改已提交证据。
INFO  [alembic.runtime.migration] Running upgrade 0051_geo_manual_collection -> 0052_geo_profile_tests, API Profile 当前诊断资格与依赖失效；不修改业务历史。
INFO  [alembic.runtime.migration] Running upgrade 0052_geo_profile_tests -> 0053_geo_collection_admission, 加法保存预算预留与发送限速事实，历史 Run 和原始证据保持不变。

> partsignal-frontend-v2@0.1.0 build
> tsc -b && vite build --config vite.config.ts

vite v8.2.1 building client environment for production...
[2Ktransforming...✓ 2953 modules transformed.
rendering chunks...
computing gzip size...
dist/index.html                                                    0.57 kB │ gzip:   0.34 kB
dist/assets/index-aDRwmOVp.css                                    81.52 kB │ gzip:  14.12 kB
dist/assets/queryOptions-Dfvzj6n2.js                               0.03 kB │ gzip:   0.05 kB
dist/assets/route-3YAM3tuL.js                                      0.07 kB │ gzip:   0.08 kB
dist/assets/route-B2aZ3QBi.js                                      0.07 kB │ gzip:   0.08 kB
dist/assets/route-B41ZhOLB.js                                      0.07 kB │ gzip:   0.08 kB
dist/assets/route-BQmWoCus.js                                      0.07 kB │ gzip:   0.08 kB
dist/assets/route-C5cBrTK3.js                                      0.07 kB │ gzip:   0.08 kB
dist/assets/route-COvhN9v6.js                                      0.07 kB │ gzip:   0.08 kB
dist/assets/route-CW62_yWg.js                                      0.07 kB │ gzip:   0.08 kB
dist/assets/route-DEzmN659.js                                      0.07 kB │ gzip:   0.08 kB
dist/assets/route-DQwB-ZOv.js                                      0.07 kB │ gzip:   0.08 kB
dist/assets/route-DYSd7FA3.js                                      0.07 kB │ gzip:   0.08 kB
dist/assets/route-DoTyqfYj.js                                      0.07 kB │ gzip:   0.08 kB
dist/assets/route-DrPtIM3S.js                                      0.07 kB │ gzip:   0.08 kB
dist/assets/route-DsXtGSAg.js                                      0.07 kB │ gzip:   0.08 kB
dist/assets/route-TEQwWL7Y.js                                      0.07 kB │ gzip:   0.08 kB
dist/assets/coerce-C7PPxz45.js                                     0.08 kB │ gzip:   0.10 kB
dist/assets/isElementDisabled-KSuuBj8D.js                          0.11 kB │ gzip:   0.11 kB
dist/assets/chevron-right-DniFRW1B.js                              0.13 kB │ gzip:   0.14 kB
dist/assets/canonical-uuid-C0bOnlsM.js                             0.13 kB │ gzip:   0.13 kB
dist/assets/settings.ai-CipVaq6G.js                                0.21 kB │ gzip:   0.20 kB
dist/assets/_taskId_.editor-_qjLAkbp.js                            0.22 kB │ gzip:   0.20 kB
dist/assets/_taskId_.review-zeX8OAEE.js                            0.22 kB │ gzip:   0.20 kB
dist/assets/route-DFljbmbX.js                                      0.22 kB │ gzip:   0.20 kB
dist/assets/system.audit-qBeF2bb1.js                               0.22 kB │ gzip:   0.20 kB
dist/assets/system.users-0TM8kiXu.js                               0.22 kB │ gzip:   0.20 kB
dist/assets/settings.prompts-9jQdIs2s.js                           0.22 kB │ gzip:   0.20 kB
dist/assets/_taskId-Vsd3-0WC.js                                    0.22 kB │ gzip:   0.21 kB
dist/assets/settings.platforms.types-C4NjYBws.js                   0.22 kB │ gzip:   0.21 kB
dist/assets/versions_._versionId-BW6wP3pa.js                       0.22 kB │ gzip:   0.21 kB
dist/assets/_platformId-BeKfjBVf.js                                0.22 kB │ gzip:   0.20 kB
dist/assets/settings.ai_._channelId-Z_MUrH5D.js                    0.22 kB │ gzip:   0.20 kB
dist/assets/_observationId-B3QjNhkV.js                             0.23 kB │ gzip:   0.21 kB
dist/assets/useControlled-DMK4Pb-8.js                              0.24 kB │ gzip:   0.21 kB
dist/assets/skeleton-Ged3Zc9T.js                                   0.24 kB │ gzip:   0.20 kB
dist/assets/table-shell-BGuXgMNH.js                                0.33 kB │ gzip:   0.24 kB
dist/assets/usePopupHandleStore-D9Ys5NRI.js                        0.35 kB │ gzip:   0.25 kB
dist/assets/table-toolbar-JNNhOzlg.js                              0.42 kB │ gzip:   0.27 kB
dist/assets/table-skeleton-G-FjuOli.js                             0.45 kB │ gzip:   0.35 kB
dist/assets/route-error-Bl0menBv.js                                0.46 kB │ gzip:   0.31 kB
dist/assets/_productId-Cu3oT6KN.js                                 0.49 kB │ gzip:   0.35 kB
dist/assets/_productId_.facts-C-S7KVKf.js                          0.50 kB │ gzip:   0.36 kB
dist/assets/_productId_.facts_.versions_._versionId-996oc21h.js    0.50 kB │ gzip:   0.36 kB
dist/assets/_productId_.facts_.review-CtF33cCX.js                  0.50 kB │ gzip:   0.37 kB
dist/assets/_observationId_.correct-BPNQUSho.js                    0.51 kB │ gzip:   0.37 kB
dist/assets/useCompositeItem-BGClVRCY.js                           0.54 kB │ gzip:   0.37 kB
dist/assets/empty-table-DARB4g0g.js                                0.55 kB │ gzip:   0.33 kB
dist/assets/_observationId_.correct-qsx6uPew.js                    0.58 kB │ gzip:   0.31 kB
dist/assets/content-version.model-BVKgM5xI.js                      0.61 kB │ gzip:   0.43 kB
dist/assets/detail-section-Dm8gVxQG.js                             0.63 kB │ gzip:   0.34 kB
dist/assets/return-to-BzbJXkRi.js                                  0.63 kB │ gzip:   0.39 kB
dist/assets/workbench.api-Cm9VqJUK.js                              0.71 kB │ gzip:   0.46 kB
dist/assets/route-Do6Dxmmm.js                                      0.72 kB │ gzip:   0.50 kB
dist/assets/textarea-CPcbKIlY.js                                   0.83 kB │ gzip:   0.43 kB
dist/assets/timeline-BSjJ8olh.js                                   0.94 kB │ gzip:   0.49 kB
dist/assets/form-field-Dwoq3h4m.js                                 0.97 kB │ gzip:   0.54 kB
dist/assets/rowSortingFeature-Cn5-bAMu.js                          1.02 kB │ gzip:   0.49 kB
dist/assets/security-CavH18Xi.js                                   1.08 kB │ gzip:   0.59 kB
dist/assets/geo-observation-actions-C2i_qn8N.js                    1.09 kB │ gzip:   0.67 kB
dist/assets/login-afWPx9qP.js                                      1.17 kB │ gzip:   0.64 kB
dist/assets/print-BwcUDjhA.js                                      1.20 kB │ gzip:   0.67 kB
dist/assets/product-deletion-dialog-CyfXVeu1.js                    1.20 kB │ gzip:   0.75 kB
dist/assets/filter-bar-CzRBEOVs.js                                 1.23 kB │ gzip:   0.72 kB
dist/assets/new-DPa8FK5z.js                                        1.23 kB │ gzip:   0.71 kB
dist/assets/form-layout-B0Bgsdpq.js                                1.29 kB │ gzip:   0.69 kB
dist/assets/file-transfer-bcVkqTxX.js                              1.41 kB │ gzip:   0.83 kB
dist/assets/useBaseUiId-C9V7pCeo.js                                1.42 kB │ gzip:   0.80 kB
dist/assets/table-pagination-CwX25mDs.js                           1.48 kB │ gzip:   0.81 kB
dist/assets/badge-DofVsWMx.js                                      1.57 kB │ gzip:   0.70 kB
dist/assets/audit.api-D_6qhUEV.js                                  1.62 kB │ gzip:   0.76 kB
dist/assets/sticky-action-bar-EGoREFjY.js                          1.62 kB │ gzip:   0.86 kB
dist/assets/versions_._versionId-BBwST0A5.js                       1.72 kB │ gzip:   0.89 kB
dist/assets/_productId_.facts_.versions_._versionId-DH-5oHqp.js    1.77 kB │ gzip:   0.89 kB
dist/assets/workspace-shell-Dm_akJhu.js                            1.77 kB │ gzip:   0.83 kB
dist/assets/insights-CNEaM6gR.js                                   1.78 kB │ gzip:   0.96 kB
dist/assets/articles-Cr0h012a.js                                   1.82 kB │ gzip:   0.96 kB
dist/assets/new-rVLC7Dr6.js                                        1.94 kB │ gzip:   1.06 kB
dist/assets/_articleId-WOyzOPbf.js                                 1.96 kB │ gzip:   1.09 kB
dist/assets/_productId_.facts_.versions-FiovZyD8.js                1.96 kB │ gzip:   1.06 kB
dist/assets/catalog-controls-CnNXOUIj.js                           1.97 kB │ gzip:   0.88 kB
dist/assets/issues-BNQPIEaq.js                                     2.00 kB │ gzip:   1.05 kB
dist/assets/_taskId-D204YI4u.js                                    2.00 kB │ gzip:   1.06 kB
dist/assets/settings.platforms.types-k3ZklAam.js                   2.01 kB │ gzip:   1.02 kB
dist/assets/new-C_QhB6EU.js                                        2.08 kB │ gzip:   1.17 kB
dist/assets/_observationId-BPfW2KvH.js                             2.09 kB │ gzip:   1.08 kB
dist/assets/work-DGkiGRuU.js                                       2.11 kB │ gzip:   1.10 kB
dist/assets/_productId-C40b75L2.js                                 2.14 kB │ gzip:   1.11 kB
dist/assets/_taskId_.review-C4aoowv3.js                            2.16 kB │ gzip:   1.13 kB
dist/assets/_productId_.facts_.review-lLYAj_Cd.js                  2.17 kB │ gzip:   1.11 kB
dist/assets/platforms-Ct2wApG-.js                                  2.18 kB │ gzip:   1.14 kB
dist/assets/_productId_.facts-Dm9oYlle.js                          2.22 kB │ gzip:   1.15 kB
dist/assets/useRegisterFieldControl-BcstcGLC.js                    2.25 kB │ gzip:   1.07 kB
dist/assets/tasks-B5m5D25d.js                                      2.26 kB │ gzip:   1.17 kB
dist/assets/_issueId-CIXeg871.js                                   2.27 kB │ gzip:   1.25 kB
dist/assets/useStore-VZN0-5bO.js                                   2.27 kB │ gzip:   0.97 kB
dist/assets/_taskId_.editor-D8SELyK5.js                            2.27 kB │ gzip:   1.17 kB
dist/assets/observations-BoblMVc_.js                               2.28 kB │ gzip:   1.17 kB
dist/assets/plans-iLXiNz75.js                                      2.32 kB │ gzip:   1.22 kB
dist/assets/dialog-FnVOWn2f.js                                     2.33 kB │ gzip:   0.91 kB
dist/assets/topics-CsxQtPTP.js                                     2.34 kB │ gzip:   1.22 kB
dist/assets/system.audit-B-wvVdbd.js                               2.35 kB │ gzip:   1.18 kB
dist/assets/input-BctqO2IH.js                                      2.47 kB │ gzip:   1.25 kB
dist/assets/dirty-guard-B83X6SND.js                                2.58 kB │ gzip:   1.23 kB
dist/assets/settings.ai-Bc9Xym6L.js                                2.60 kB │ gzip:   1.33 kB
dist/assets/prompt.api-DzGm0lBb.js                                 2.65 kB │ gzip:   1.01 kB
dist/assets/products-DMBQ0pcj.js                                   2.73 kB │ gzip:   1.41 kB
dist/assets/security-CxAYjV4G.js                                   3.03 kB │ gzip:   1.48 kB
dist/assets/login-Dxda6aev.js                                      3.04 kB │ gzip:   1.48 kB
dist/assets/useCompositeListItem-u8lPl9Q5.js                       3.11 kB │ gzip:   1.41 kB
dist/assets/settings.ai_._channelId-D-I5wfaU.js                    3.11 kB │ gzip:   1.55 kB
dist/assets/sheet-DmUw4rAM.js                                      3.73 kB │ gzip:   1.44 kB
dist/assets/audit-detail-content-DpgmRTFA.js                       3.90 kB │ gzip:   1.61 kB
dist/assets/print-JKD3qOi-.js                                      4.13 kB │ gzip:   1.66 kB
dist/assets/product.model-BCF6XVtU.js                              4.40 kB │ gzip:   2.01 kB
dist/assets/Match-CvdDQUn7.js                                      4.41 kB │ gzip:   1.72 kB
dist/assets/new-CY76TVED.js                                        4.45 kB │ gzip:   1.95 kB
dist/assets/_workId-CZNxQfcj.js                                    4.72 kB │ gzip:   2.42 kB
dist/assets/settings.prompts-zTSf1TTL.js                           4.89 kB │ gzip:   2.41 kB
dist/assets/issues-u4bCYVjF.js                                     5.10 kB │ gzip:   2.13 kB
dist/assets/_productId_.facts_.versions-Cp8KUHtj.js                5.26 kB │ gzip:   2.36 kB
dist/assets/composite-VxUllGw3.js                                  5.88 kB │ gzip:   2.28 kB
dist/assets/articles-VW_ZS9nG.js                                   5.96 kB │ gzip:   2.41 kB
dist/assets/geo-evidence-upload-Ca30mYIN.js                        6.15 kB │ gzip:   2.66 kB
dist/assets/client-C6dNGmfD.js                                     6.59 kB │ gzip:   2.58 kB
dist/assets/principal-epoch-C10oPH-p.js                            6.87 kB │ gzip:   2.33 kB
dist/assets/globalFilteringFeature-kE8GTSFm.js                     6.95 kB │ gzip:   1.98 kB
dist/assets/plans.api-BBbmwFmv.js                                  7.47 kB │ gzip:   3.16 kB
dist/assets/_platformId-BElOocwJ.js                                7.70 kB │ gzip:   3.45 kB
dist/assets/_app-C3MxuYtA.js                                       7.72 kB │ gzip:   2.58 kB
dist/assets/QueryClientProvider-CWfwOWtR.js                        7.80 kB │ gzip:   3.04 kB
dist/assets/product.api-Sl70DI7i.js                                7.94 kB │ gzip:   2.60 kB
dist/assets/_productId_.facts_.versions_._versionId-2fQy97jJ.js    8.18 kB │ gzip:   2.62 kB
dist/assets/jsx-runtime-B-hcVAMW.js                                8.55 kB │ gzip:   3.26 kB
dist/assets/x-sl-GtFU2.js                                          8.72 kB │ gzip:   3.14 kB
dist/assets/questions-DygCpQfz.js                                  8.77 kB │ gzip:   3.88 kB
dist/assets/new-CeX6ThTo.js                                        8.95 kB │ gzip:   3.78 kB
dist/assets/geo-entities-Bk059C2R.js                               9.07 kB │ gzip:   3.61 kB
dist/assets/products-Cp7BqT5Q.js                                   9.25 kB │ gzip:   3.71 kB
dist/assets/tasks-BZ165hYr.js                                      9.27 kB │ gzip:   3.57 kB
dist/assets/platform.api-CBFE_FVc.js                               9.71 kB │ gzip:   3.25 kB
dist/assets/geo-insights-report-ZHHxtZp3.js                       10.34 kB │ gzip:   2.88 kB
dist/assets/versions_._versionId-CEYbLz_d.js                      12.02 kB │ gzip:   3.81 kB
dist/assets/runs-C9R4-nTG.js                                      12.40 kB │ gzip:   4.75 kB
dist/assets/tabs-duFDOTha.js                                      12.50 kB │ gzip:   4.72 kB
dist/assets/content-task-lifecycle-DZskG-Oz.js                    12.51 kB │ gzip:   4.65 kB
dist/assets/system.audit-Cjgl9qD8.js                              12.54 kB │ gzip:   4.38 kB
dist/assets/observations-CUrOWmeW.js                              12.54 kB │ gzip:   4.87 kB
dist/assets/system.users-xTC2kQJJ.js                              12.87 kB │ gzip:   5.48 kB
dist/assets/insights-iEpKvKRw.js                                  13.39 kB │ gzip:   4.90 kB
dist/assets/route-eZ_RXR-e2.js                                    13.54 kB │ gzip:   5.13 kB
dist/assets/_taskId-BqkKRH8D.js                                   14.87 kB │ gzip:   4.63 kB
dist/assets/content.api-Dasn9hF3.js                               14.90 kB │ gzip:   4.32 kB
dist/assets/_productId_.facts_.review-79CFVdpq.js                 15.83 kB │ gzip:   5.63 kB
dist/assets/work-OG5Wdt6I.js                                      15.92 kB │ gzip:   5.20 kB
dist/assets/publication.api-CecjZCHD.js                           16.20 kB │ gzip:   4.80 kB
dist/assets/_articleId-B0y48coA.js                                16.27 kB │ gzip:   5.43 kB
dist/assets/useQuery-fTBak1Kd.js                                  16.32 kB │ gzip:   5.46 kB
dist/assets/settings.platforms.types-42ztt_o9.js                  16.42 kB │ gzip:   5.91 kB
dist/assets/new-DxWr7oN7.js                                       16.94 kB │ gzip:   6.04 kB
dist/assets/platforms-C4sJYPCz.js                                 17.07 kB │ gzip:   6.18 kB
dist/assets/_productId_.facts-D6bfAJ6X.js                         17.33 kB │ gzip:   5.82 kB
dist/assets/_taskId_.review-DGDJnUJr.js                           17.48 kB │ gzip:   6.06 kB
dist/assets/settings.ai-MTMlnWal.js                               17.50 kB │ gzip:   6.31 kB
dist/assets/_productId-Bj3u5iki.js                                17.55 kB │ gzip:   5.89 kB
dist/assets/audit.model-D1Ee59-w.js                               17.82 kB │ gzip:   5.59 kB
dist/assets/row-actions-D_x-QnZo.js                               17.90 kB │ gzip:   6.59 kB
dist/assets/_observationId-BDLE73dp.js                            18.05 kB │ gzip:   5.76 kB
dist/assets/auth-provider--ncRSSMD.js                             18.50 kB │ gzip:   6.78 kB
dist/assets/geo.api-CiNoLhYb.js                                   18.53 kB │ gzip:   5.93 kB
dist/assets/geo-surfaces-B8xzMYdX.js                              18.79 kB │ gzip:   6.95 kB
dist/assets/_issueId-C6p6ANnT.js                                  19.62 kB │ gzip:   6.52 kB
dist/assets/topics-DNQRgpWY.js                                    19.98 kB │ gzip:   7.04 kB
dist/assets/ai-channel-workspace.model-DbvAirpP.js                20.72 kB │ gzip:   6.32 kB
dist/assets/lazyRouteComponent-CPWKkyC9.js                        24.20 kB │ gzip:   8.98 kB
dist/assets/_observationId_.correct-BIDWKt-l.js                   24.42 kB │ gzip:   8.23 kB
dist/assets/_workId-DcLbL9r_.js                                   28.51 kB │ gzip:   8.89 kB
dist/assets/questions-COKHK2XW.js                                 28.82 kB │ gzip:   9.22 kB
dist/assets/select-Cpvp6qkf.js                                    30.10 kB │ gzip:  10.91 kB
dist/assets/settings.prompts-RVRwpAHn.js                          30.81 kB │ gzip:   9.97 kB
dist/assets/system.users-DzcPWCLM.js                              31.00 kB │ gzip:   9.75 kB
dist/assets/providers-knf1ofgl.js                                 35.19 kB │ gzip:  10.50 kB
dist/assets/geo-entities-CfkZDefR.js                              35.31 kB │ gzip:  10.93 kB
dist/assets/icon-button-CE5jEK1u.js                               36.26 kB │ gzip:  12.08 kB
dist/assets/column-header-CY3dwsy7.js                             36.45 kB │ gzip:  11.43 kB
dist/assets/ToolbarRootContext-rOTdbBRw.js                        36.62 kB │ gzip:  14.02 kB
dist/assets/geo-surfaces-DrotrJO_.js                              37.42 kB │ gzip:  11.52 kB
dist/assets/_taskId_.editor-xaHW9ZhT.js                           37.91 kB │ gzip:  11.54 kB
dist/assets/_platformId-DoBlFAf0.js                               38.91 kB │ gzip:  11.57 kB
dist/assets/createLucideIcon-DjaO9-_n.js                          39.80 kB │ gzip:  14.03 kB
dist/assets/button-BZhX1_Og.js                                    40.12 kB │ gzip:  13.54 kB
dist/assets/zod-CS-qYe1E.js                                       40.85 kB │ gzip:  14.09 kB
dist/assets/route-JRT0bRm1.js                                     43.50 kB │ gzip:  15.66 kB
dist/assets/settings.ai_._channelId-DtvE7m6M.js                   49.67 kB │ gzip:  13.69 kB
dist/assets/plans-B2dOz-Fj.js                                     50.92 kB │ gzip:  15.77 kB
dist/assets/runs-qOlZ3axH.js                                      62.37 kB │ gzip:  18.61 kB
dist/assets/schemas-DjnJmfzW.js                                   69.76 kB │ gzip:  18.62 kB
dist/assets/index-I7tC39QW.js                                    188.61 kB │ gzip:  60.28 kB
dist/assets/markdown-editor-55GXBWLV.js                          729.88 kB │ gzip: 245.01 kB

✓ built in 469ms
[plugin builtin:vite-reporter] 
(!) Some chunks are larger than 500 kB after minification. Consider:
- Using dynamic import() to code-split the application
- Use build.rolldownOptions.output.codeSplitting to improve chunking: https://rolldown.rs/reference/OutputOptions.codeSplitting
- Adjust chunk size limit for this warning via build.chunkSizeWarningLimit.
已创建或确认管理员和内容工程师账号。
GEO E2E provider listening on http://127.0.0.1:19012
INFO:     Started server process [51763]
INFO:     Waiting for application startup.
INFO:     Application startup complete.
INFO:     Uvicorn running on http://127.0.0.1:9001 (Press CTRL+C to quit)
INFO:     Started server process [51762]
INFO:     Waiting for application startup.
INFO:     Application startup complete.
INFO:     Uvicorn running on http://127.0.0.1:19009 (Press CTRL+C to quit)
  ➜  Local:   http://127.0.0.1:4174/
INFO:     Started server process [51761]
INFO:     Waiting for application startup.
INFO:     Application startup complete.
INFO:     Uvicorn running on http://127.0.0.1:8000 (Press CTRL+C to quit)
INFO:     127.0.0.1:56018 - "GET /api/health/ready HTTP/1.1" 200 OK
INFO:     127.0.0.1:56021 - "GET /v1/models HTTP/1.1" 200 OK

> partsignal-frontend-v2@0.1.0 e2e:raw
> playwright test tests/e2e/geo-api-real-stack.spec.ts --project=foundation-desktop


Running 2 tests using 1 worker

(node:51791) Warning: The 'NO_COLOR' env is ignored due to the 'FORCE_COLOR' env being set.
(Use `node --trace-warnings ...` to show where the warning was created)
INFO:     127.0.0.1:56024 - "POST /api/v1/auth/login HTTP/1.1" 200 OK
INFO:     127.0.0.1:56036 - "GET /api/v1/auth/session HTTP/1.1" 200 OK
INFO:     127.0.0.1:56036 - "GET /api/v1/ai-channels?page=1&page_size=20 HTTP/1.1" 200 OK
INFO:     127.0.0.1:56037 - "OPTIONS /api/v1/ai-channels HTTP/1.1" 200 OK
INFO:     127.0.0.1:56036 - "POST /api/v1/ai-channels HTTP/1.1" 201 Created
INFO:     127.0.0.1:56036 - "GET /api/v1/ai-channels?page=1&page_size=20 HTTP/1.1" 200 OK
INFO:     127.0.0.1:56036 - "GET /api/v1/ai-channels/c5de3148-7d7a-4ecc-8cf7-9644926afdc5/models HTTP/1.1" 200 OK
INFO:     127.0.0.1:56037 - "OPTIONS /api/v1/ai-channels/c5de3148-7d7a-4ecc-8cf7-9644926afdc5/models HTTP/1.1" 200 OK
INFO:     127.0.0.1:56036 - "POST /api/v1/ai-channels/c5de3148-7d7a-4ecc-8cf7-9644926afdc5/models HTTP/1.1" 201 Created
INFO:     127.0.0.1:56036 - "GET /api/v1/ai-channels/c5de3148-7d7a-4ecc-8cf7-9644926afdc5/models HTTP/1.1" 200 OK
INFO:     127.0.0.1:56038 - "GET /api/v1/ai-channels/c5de3148-7d7a-4ecc-8cf7-9644926afdc5 HTTP/1.1" 200 OK
INFO:     127.0.0.1:56037 - "OPTIONS /api/v1/ai-models/1203a944-b287-477c-900a-b531412f3e8e/test HTTP/1.1" 200 OK
INFO:     127.0.0.1:56038 - "POST /api/v1/ai-models/1203a944-b287-477c-900a-b531412f3e8e/test HTTP/1.1" 200 OK
INFO:     127.0.0.1:56038 - "GET /api/v1/ai-channels/c5de3148-7d7a-4ecc-8cf7-9644926afdc5/models HTTP/1.1" 200 OK
INFO:     127.0.0.1:56036 - "GET /api/v1/ai-channels/c5de3148-7d7a-4ecc-8cf7-9644926afdc5 HTTP/1.1" 200 OK
INFO:     127.0.0.1:56037 - "OPTIONS /api/v1/ai-models/1203a944-b287-477c-900a-b531412f3e8e/enable HTTP/1.1" 200 OK
INFO:     127.0.0.1:56036 - "POST /api/v1/ai-models/1203a944-b287-477c-900a-b531412f3e8e/enable HTTP/1.1" 200 OK
INFO:     127.0.0.1:56036 - "GET /api/v1/ai-channels/c5de3148-7d7a-4ecc-8cf7-9644926afdc5/models HTTP/1.1" 200 OK
INFO:     127.0.0.1:56038 - "GET /api/v1/ai-channels/c5de3148-7d7a-4ecc-8cf7-9644926afdc5 HTTP/1.1" 200 OK
INFO:     127.0.0.1:56037 - "OPTIONS /api/v1/ai-channels/c5de3148-7d7a-4ecc-8cf7-9644926afdc5/enable HTTP/1.1" 200 OK
INFO:     127.0.0.1:56038 - "POST /api/v1/ai-channels/c5de3148-7d7a-4ecc-8cf7-9644926afdc5/enable HTTP/1.1" 200 OK
INFO:     127.0.0.1:56036 - "GET /api/v1/auth/session HTTP/1.1" 200 OK
INFO:     127.0.0.1:56036 - "GET /api/v1/geo/subjects?page=1&page_size=20&sort=NAME_ASC HTTP/1.1" 200 OK
INFO:     127.0.0.1:56036 - "GET /api/v1/products?search=&page=1&page_size=10&sort=MODEL_ASC HTTP/1.1" 200 OK
INFO:     127.0.0.1:56041 - "GET /api/v1/geo/subjects?page=1&page_size=10&sort=NAME_ASC&subject_type=OWN_BRAND HTTP/1.1" 200 OK
INFO:     127.0.0.1:56037 - "OPTIONS /api/v1/geo/subjects HTTP/1.1" 200 OK
INFO:     127.0.0.1:56041 - "POST /api/v1/geo/subjects HTTP/1.1" 201 Created
INFO:     127.0.0.1:56041 - "GET /api/v1/geo/subjects?page=1&page_size=20&sort=NAME_ASC HTTP/1.1" 200 OK
INFO:     127.0.0.1:56036 - "GET /api/v1/geo/subjects/df4b2b4f-6aad-4b15-875f-345aade44048 HTTP/1.1" 200 OK
INFO:     127.0.0.1:56036 - "GET /api/v1/auth/session HTTP/1.1" 200 OK
INFO:     127.0.0.1:56036 - "GET /api/v1/geo/engine-surfaces?page=1&page_size=20&sort=NAME_ASC HTTP/1.1" 200 OK
INFO:     127.0.0.1:56037 - "OPTIONS /api/v1/geo/engine-surfaces HTTP/1.1" 200 OK
INFO:     127.0.0.1:56036 - "POST /api/v1/geo/engine-surfaces HTTP/1.1" 201 Created
INFO:     127.0.0.1:56036 - "GET /api/v1/geo/engine-surfaces?page=1&page_size=20&sort=NAME_ASC HTTP/1.1" 200 OK
INFO:     127.0.0.1:56041 - "GET /api/v1/geo/engine-surfaces/b11f6904-bf3b-41b1-b129-8032d80cb547 HTTP/1.1" 200 OK
INFO:     127.0.0.1:56037 - "OPTIONS /api/v1/geo/engine-surfaces/b11f6904-bf3b-41b1-b129-8032d80cb547/enable HTTP/1.1" 200 OK
INFO:     127.0.0.1:56041 - "POST /api/v1/geo/engine-surfaces/b11f6904-bf3b-41b1-b129-8032d80cb547/enable HTTP/1.1" 200 OK
INFO:     127.0.0.1:56041 - "GET /api/v1/geo/engine-surfaces?page=1&page_size=20&sort=NAME_ASC HTTP/1.1" 200 OK
INFO:     127.0.0.1:56041 - "GET /api/v1/geo/collection-profiles?page=1&page_size=20&sort=NAME_ASC&engine_surface_id=b11f6904-bf3b-41b1-b129-8032d80cb547 HTTP/1.1" 200 OK
INFO:     127.0.0.1:56037 - "OPTIONS /api/v1/geo/collection-profiles HTTP/1.1" 200 OK
INFO:     127.0.0.1:56041 - "POST /api/v1/geo/collection-profiles HTTP/1.1" 201 Created
INFO:     127.0.0.1:56041 - "GET /api/v1/geo/collection-profiles?page=1&page_size=20&sort=NAME_ASC&engine_surface_id=b11f6904-bf3b-41b1-b129-8032d80cb547 HTTP/1.1" 200 OK
INFO:     127.0.0.1:56036 - "GET /api/v1/geo/collection-profiles/7e37ee22-8fc8-4617-9cfa-9c99c7311150 HTTP/1.1" 200 OK
INFO:     127.0.0.1:56037 - "OPTIONS /api/v1/geo/collection-profiles/7e37ee22-8fc8-4617-9cfa-9c99c7311150/test HTTP/1.1" 200 OK
INFO:     127.0.0.1:56036 - "POST /api/v1/geo/collection-profiles/7e37ee22-8fc8-4617-9cfa-9c99c7311150/test HTTP/1.1" 200 OK
INFO:     127.0.0.1:56036 - "GET /api/v1/geo/collection-profiles?page=1&page_size=20&sort=NAME_ASC&engine_surface_id=b11f6904-bf3b-41b1-b129-8032d80cb547 HTTP/1.1" 200 OK
INFO:     127.0.0.1:56037 - "OPTIONS /api/v1/geo/collection-profiles/7e37ee22-8fc8-4617-9cfa-9c99c7311150/enable HTTP/1.1" 200 OK
INFO:     127.0.0.1:56036 - "POST /api/v1/geo/collection-profiles/7e37ee22-8fc8-4617-9cfa-9c99c7311150/enable HTTP/1.1" 200 OK
INFO:     127.0.0.1:56041 - "GET /api/v1/auth/session HTTP/1.1" 200 OK
INFO:     127.0.0.1:56041 - "GET /api/v1/query-topics/list-items?sort=QUESTION_ASC&page=1&page_size=20 HTTP/1.1" 200 OK
INFO:     127.0.0.1:56037 - "OPTIONS /api/v1/query-topics HTTP/1.1" 200 OK
INFO:     127.0.0.1:56041 - "POST /api/v1/query-topics HTTP/1.1" 201 Created
INFO:     127.0.0.1:56041 - "GET /api/v1/query-topics/list-items?sort=QUESTION_ASC&page=1&page_size=20 HTTP/1.1" 200 OK
INFO:     127.0.0.1:56041 - "GET /api/v1/auth/session HTTP/1.1" 200 OK
INFO:     127.0.0.1:56041 - "GET /api/v1/geo/prompt-variants?page=1&page_size=20&sort=UPDATED_DESC HTTP/1.1" 200 OK
INFO:     127.0.0.1:56041 - "GET /api/v1/query-topics HTTP/1.1" 200 OK
INFO:     127.0.0.1:56037 - "OPTIONS /api/v1/geo/query-topics/7d9f5c8d-6c86-4f07-bd4c-cf74e97ae2d0/prompt-variants HTTP/1.1" 200 OK
INFO:     127.0.0.1:56041 - "POST /api/v1/geo/query-topics/7d9f5c8d-6c86-4f07-bd4c-cf74e97ae2d0/prompt-variants HTTP/1.1" 201 Created
INFO:     127.0.0.1:56041 - "GET /api/v1/geo/prompt-variants?page=1&page_size=20&sort=UPDATED_DESC HTTP/1.1" 200 OK
INFO:     127.0.0.1:56041 - "GET /api/v1/auth/session HTTP/1.1" 200 OK
INFO:     127.0.0.1:56041 - "GET /api/v1/geo/monitoring-plans?page=1&page_size=20&sort=UPDATED_DESC HTTP/1.1" 200 OK
INFO:     127.0.0.1:56041 - "GET /api/v1/geo/subjects?page=1&page_size=10&sort=NAME_ASC HTTP/1.1" 200 OK
INFO:     127.0.0.1:56046 - "GET /api/v1/geo/subjects?q=258002d5-4145-468a-bc17-821af3274f2f&page=1&page_size=10&sort=NAME_ASC HTTP/1.1" 200 OK
INFO:     127.0.0.1:56046 - "GET /api/v1/geo/prompt-variants?q=258002d5-4145-468a-bc17-821af3274f2f&page=1&page_size=10&sort=TEXT_ASC HTTP/1.1" 200 OK
INFO:     127.0.0.1:56041 - "GET /api/v1/geo/prompt-variants?q=e65d1fd9-c122-44c4-bd81-2cb486f4088c&page=1&page_size=10&sort=TEXT_ASC HTTP/1.1" 200 OK
INFO:     127.0.0.1:56041 - "GET /api/v1/geo/collection-profiles?q=e65d1fd9-c122-44c4-bd81-2cb486f4088c&page=1&page_size=10&sort=NAME_ASC HTTP/1.1" 200 OK
INFO:     127.0.0.1:56046 - "GET /api/v1/geo/collection-profiles?q=258002d5-4145-468a-bc17-821af3274f2f&page=1&page_size=10&sort=NAME_ASC HTTP/1.1" 200 OK
INFO:     127.0.0.1:56037 - "OPTIONS /api/v1/geo/monitoring-plans/preview HTTP/1.1" 200 OK
INFO:     127.0.0.1:56046 - "POST /api/v1/geo/monitoring-plans/preview HTTP/1.1" 200 OK
INFO:     127.0.0.1:56037 - "OPTIONS /api/v1/geo/monitoring-plans HTTP/1.1" 200 OK
INFO:     127.0.0.1:56046 - "POST /api/v1/geo/monitoring-plans HTTP/1.1" 201 Created
INFO:     127.0.0.1:56046 - "GET /api/v1/geo/monitoring-plans?page=1&page_size=20&sort=UPDATED_DESC HTTP/1.1" 200 OK
INFO:     127.0.0.1:56046 - "GET /api/v1/auth/session HTTP/1.1" 200 OK
INFO:     127.0.0.1:56046 - "GET /api/v1/geo/observation-batches?sort=CREATED_DESC&page=1&page_size=20 HTTP/1.1" 200 OK
INFO:     127.0.0.1:56046 - "GET /api/v1/geo/monitoring-plans?page=1&page_size=20&sort=UPDATED_DESC HTTP/1.1" 200 OK
INFO:     127.0.0.1:56046 - "GET /api/v1/geo/monitoring-plans?q=GEO408%20SUCCESS%20%E8%AE%A1%E5%88%92%20e65d1fd9-c122-44c4-bd81-2cb486f4088c&page=1&page_size=20&sort=UPDATED_DESC HTTP/1.1" 200 OK
INFO:     127.0.0.1:56037 - "OPTIONS /api/v1/geo/monitoring-plans/a88c762c-d52d-4722-a867-a541fb0de75c/run HTTP/1.1" 200 OK
INFO:     127.0.0.1:56046 - "POST /api/v1/geo/monitoring-plans/a88c762c-d52d-4722-a867-a541fb0de75c/run HTTP/1.1" 201 Created
INFO:     127.0.0.1:56046 - "GET /api/v1/geo/observation-batches?sort=CREATED_DESC&page=1&page_size=20 HTTP/1.1" 200 OK
INFO:     127.0.0.1:56041 - "GET /api/v1/geo/observation-runs?sort=CREATED_DESC&page=1&page_size=20&batch_id=68821c9e-f453-4e9a-8b35-abe8abcd322f&latest_only=true HTTP/1.1" 200 OK
INFO:     127.0.0.1:56049 - "GET /api/v1/geo/observation-batches/68821c9e-f453-4e9a-8b35-abe8abcd322f HTTP/1.1" 200 OK
INFO:     127.0.0.1:56049 - "GET /api/v1/geo/observation-runs/d0f0d683-2ef1-49a6-a5bd-505810107389 HTTP/1.1" 200 OK
INFO:     127.0.0.1:56049 - "GET /api/v1/geo/observation-runs?sort=CREATED_DESC&page=1&page_size=20&batch_id=68821c9e-f453-4e9a-8b35-abe8abcd322f&latest_only=true HTTP/1.1" 200 OK
INFO:     127.0.0.1:56053 - "GET /api/v1/geo/observation-batches/68821c9e-f453-4e9a-8b35-abe8abcd322f HTTP/1.1" 200 OK
INFO:     127.0.0.1:56053 - "GET /api/v1/geo/observation-runs/d0f0d683-2ef1-49a6-a5bd-505810107389 HTTP/1.1" 200 OK
INFO:     127.0.0.1:56054 - "GET /api/v1/geo/observation-runs/d0f0d683-2ef1-49a6-a5bd-505810107389 HTTP/1.1" 200 OK
INFO:     127.0.0.1:56054 - "GET /api/v1/geo/observation-runs/d0f0d683-2ef1-49a6-a5bd-505810107389 HTTP/1.1" 200 OK
INFO:     127.0.0.1:56053 - "GET /api/v1/auth/session HTTP/1.1" 200 OK
INFO:     127.0.0.1:56053 - "GET /api/v1/query-topics/list-items?sort=QUESTION_ASC&page=1&page_size=20 HTTP/1.1" 200 OK
INFO:     127.0.0.1:56053 - "POST /api/v1/query-topics HTTP/1.1" 201 Created
INFO:     127.0.0.1:56053 - "GET /api/v1/query-topics/list-items?sort=QUESTION_ASC&page=1&page_size=20 HTTP/1.1" 200 OK
INFO:     127.0.0.1:56053 - "GET /api/v1/auth/session HTTP/1.1" 200 OK
INFO:     127.0.0.1:56053 - "GET /api/v1/geo/prompt-variants?page=1&page_size=20&sort=UPDATED_DESC HTTP/1.1" 200 OK
INFO:     127.0.0.1:56053 - "GET /api/v1/query-topics HTTP/1.1" 200 OK
INFO:     127.0.0.1:56076 - "OPTIONS /api/v1/geo/query-topics/20938a87-fbbc-489e-a2e1-d596110e8957/prompt-variants HTTP/1.1" 200 OK
INFO:     127.0.0.1:56053 - "POST /api/v1/geo/query-topics/20938a87-fbbc-489e-a2e1-d596110e8957/prompt-variants HTTP/1.1" 201 Created
INFO:     127.0.0.1:56053 - "GET /api/v1/geo/prompt-variants?page=1&page_size=20&sort=UPDATED_DESC HTTP/1.1" 200 OK
INFO:     127.0.0.1:56053 - "GET /api/v1/auth/session HTTP/1.1" 200 OK
INFO:     127.0.0.1:56053 - "GET /api/v1/geo/monitoring-plans?page=1&page_size=20&sort=UPDATED_DESC HTTP/1.1" 200 OK
INFO:     127.0.0.1:56053 - "GET /api/v1/geo/subjects?page=1&page_size=10&sort=NAME_ASC HTTP/1.1" 200 OK
INFO:     127.0.0.1:56049 - "GET /api/v1/geo/subjects?q=258002d5-4145-468a-bc17-821af3274f2f&page=1&page_size=10&sort=NAME_ASC HTTP/1.1" 200 OK
INFO:     127.0.0.1:56049 - "GET /api/v1/geo/prompt-variants?q=258002d5-4145-468a-bc17-821af3274f2f&page=1&page_size=10&sort=TEXT_ASC HTTP/1.1" 200 OK
INFO:     127.0.0.1:56053 - "GET /api/v1/geo/prompt-variants?q=a8abe06e-0ed0-4507-b504-d6a437000eaa&page=1&page_size=10&sort=TEXT_ASC HTTP/1.1" 200 OK
INFO:     127.0.0.1:56053 - "GET /api/v1/geo/collection-profiles?q=a8abe06e-0ed0-4507-b504-d6a437000eaa&page=1&page_size=10&sort=NAME_ASC HTTP/1.1" 200 OK
INFO:     127.0.0.1:56049 - "GET /api/v1/geo/collection-profiles?q=258002d5-4145-468a-bc17-821af3274f2f&page=1&page_size=10&sort=NAME_ASC HTTP/1.1" 200 OK
INFO:     127.0.0.1:56049 - "POST /api/v1/geo/monitoring-plans/preview HTTP/1.1" 200 OK
INFO:     127.0.0.1:56049 - "POST /api/v1/geo/monitoring-plans HTTP/1.1" 201 Created
INFO:     127.0.0.1:56049 - "GET /api/v1/geo/monitoring-plans?page=1&page_size=20&sort=UPDATED_DESC HTTP/1.1" 200 OK
INFO:     127.0.0.1:56049 - "GET /api/v1/auth/session HTTP/1.1" 200 OK
INFO:     127.0.0.1:56049 - "GET /api/v1/geo/observation-batches?sort=CREATED_DESC&page=1&page_size=20 HTTP/1.1" 200 OK
INFO:     127.0.0.1:56049 - "GET /api/v1/geo/monitoring-plans?page=1&page_size=20&sort=UPDATED_DESC HTTP/1.1" 200 OK
INFO:     127.0.0.1:56049 - "GET /api/v1/geo/monitoring-plans?q=GEO408%20RATE_LIMIT%20%E8%AE%A1%E5%88%92%20a8abe06e-0ed0-4507-b504-d6a437000eaa&page=1&page_size=20&sort=UPDATED_DESC HTTP/1.1" 200 OK
INFO:     127.0.0.1:56076 - "OPTIONS /api/v1/geo/monitoring-plans/9a725dfc-6ee9-44c6-a536-634e6abd92cb/run HTTP/1.1" 200 OK
INFO:     127.0.0.1:56049 - "POST /api/v1/geo/monitoring-plans/9a725dfc-6ee9-44c6-a536-634e6abd92cb/run HTTP/1.1" 201 Created
INFO:     127.0.0.1:56049 - "GET /api/v1/geo/observation-batches?sort=CREATED_DESC&page=1&page_size=20 HTTP/1.1" 200 OK
INFO:     127.0.0.1:56053 - "GET /api/v1/geo/observation-runs?sort=CREATED_DESC&page=1&page_size=20&batch_id=7f62a0bc-6d06-40bf-85cb-59f5fd948f36&latest_only=true HTTP/1.1" 200 OK
INFO:     127.0.0.1:56077 - "GET /api/v1/geo/observation-batches/7f62a0bc-6d06-40bf-85cb-59f5fd948f36 HTTP/1.1" 200 OK
[2026-10-03 06:40:40,164: WARNING/MainProcess] GEO 采集失败 run_id=e72b54fd-a963-4c65-97d0-b82d62e4b622 code=PROVIDER_RATE_LIMITED
INFO:     127.0.0.1:56077 - "GET /api/v1/geo/observation-runs/e72b54fd-a963-4c65-97d0-b82d62e4b622 HTTP/1.1" 200 OK
INFO:     127.0.0.1:56054 - "GET /api/v1/geo/observation-runs/e72b54fd-a963-4c65-97d0-b82d62e4b622 HTTP/1.1" 200 OK
INFO:     127.0.0.1:56076 - "OPTIONS /api/v1/geo/observation-runs/e72b54fd-a963-4c65-97d0-b82d62e4b622/retry HTTP/1.1" 200 OK
INFO:     127.0.0.1:56077 - "POST /api/v1/geo/observation-runs/e72b54fd-a963-4c65-97d0-b82d62e4b622/retry HTTP/1.1" 201 Created
INFO:     127.0.0.1:56049 - "GET /api/v1/geo/observation-batches/7f62a0bc-6d06-40bf-85cb-59f5fd948f36 HTTP/1.1" 200 OK
INFO:     127.0.0.1:56077 - "GET /api/v1/geo/observation-runs?sort=CREATED_DESC&page=1&page_size=20&batch_id=7f62a0bc-6d06-40bf-85cb-59f5fd948f36&latest_only=true HTTP/1.1" 200 OK
INFO:     127.0.0.1:56081 - "GET /api/v1/geo/observation-runs/0c506212-8b4e-47d3-af86-33749b66d988 HTTP/1.1" 200 OK
INFO:     127.0.0.1:56081 - "GET /api/v1/geo/observation-batches/7f62a0bc-6d06-40bf-85cb-59f5fd948f36 HTTP/1.1" 200 OK
INFO:     127.0.0.1:56086 - "GET /api/v1/geo/observation-runs?sort=CREATED_DESC&page=1&page_size=20&batch_id=7f62a0bc-6d06-40bf-85cb-59f5fd948f36&latest_only=true HTTP/1.1" 200 OK
INFO:     127.0.0.1:56087 - "GET /api/v1/geo/observation-runs/0c506212-8b4e-47d3-af86-33749b66d988 HTTP/1.1" 200 OK
INFO:     127.0.0.1:56087 - "GET /api/v1/geo/observation-batches/7f62a0bc-6d06-40bf-85cb-59f5fd948f36 HTTP/1.1" 200 OK
INFO:     127.0.0.1:56089 - "GET /api/v1/geo/observation-runs?sort=CREATED_DESC&page=1&page_size=20&batch_id=7f62a0bc-6d06-40bf-85cb-59f5fd948f36&latest_only=true HTTP/1.1" 200 OK
INFO:     127.0.0.1:56090 - "GET /api/v1/geo/observation-runs/0c506212-8b4e-47d3-af86-33749b66d988 HTTP/1.1" 200 OK
INFO:     127.0.0.1:56091 - "GET /api/v1/geo/observation-runs/e72b54fd-a963-4c65-97d0-b82d62e4b622 HTTP/1.1" 200 OK
INFO:     127.0.0.1:56091 - "GET /api/v1/geo/observation-runs/0c506212-8b4e-47d3-af86-33749b66d988 HTTP/1.1" 200 OK
INFO:     127.0.0.1:56091 - "GET /api/v1/geo/observation-batches/7f62a0bc-6d06-40bf-85cb-59f5fd948f36 HTTP/1.1" 200 OK
INFO:     127.0.0.1:56090 - "GET /api/v1/auth/session HTTP/1.1" 200 OK
INFO:     127.0.0.1:56090 - "GET /api/v1/query-topics/list-items?sort=QUESTION_ASC&page=1&page_size=20 HTTP/1.1" 200 OK
INFO:     127.0.0.1:56090 - "POST /api/v1/query-topics HTTP/1.1" 201 Created
INFO:     127.0.0.1:56090 - "GET /api/v1/query-topics/list-items?sort=QUESTION_ASC&page=1&page_size=20 HTTP/1.1" 200 OK
INFO:     127.0.0.1:56090 - "GET /api/v1/auth/session HTTP/1.1" 200 OK
INFO:     127.0.0.1:56090 - "GET /api/v1/geo/prompt-variants?page=1&page_size=20&sort=UPDATED_DESC HTTP/1.1" 200 OK
INFO:     127.0.0.1:56090 - "GET /api/v1/query-topics HTTP/1.1" 200 OK
INFO:     127.0.0.1:56100 - "OPTIONS /api/v1/geo/query-topics/dbce5be1-c63e-4a28-a45d-e011c353b8c0/prompt-variants HTTP/1.1" 200 OK
INFO:     127.0.0.1:56090 - "POST /api/v1/geo/query-topics/dbce5be1-c63e-4a28-a45d-e011c353b8c0/prompt-variants HTTP/1.1" 201 Created
INFO:     127.0.0.1:56090 - "GET /api/v1/geo/prompt-variants?page=1&page_size=20&sort=UPDATED_DESC HTTP/1.1" 200 OK
INFO:     127.0.0.1:56090 - "GET /api/v1/auth/session HTTP/1.1" 200 OK
INFO:     127.0.0.1:56090 - "GET /api/v1/geo/monitoring-plans?page=1&page_size=20&sort=UPDATED_DESC HTTP/1.1" 200 OK
INFO:     127.0.0.1:56090 - "GET /api/v1/geo/subjects?page=1&page_size=10&sort=NAME_ASC HTTP/1.1" 200 OK
INFO:     127.0.0.1:56089 - "GET /api/v1/geo/subjects?q=258002d5-4145-468a-bc17-821af3274f2f&page=1&page_size=10&sort=NAME_ASC HTTP/1.1" 200 OK
INFO:     127.0.0.1:56089 - "GET /api/v1/geo/prompt-variants?q=258002d5-4145-468a-bc17-821af3274f2f&page=1&page_size=10&sort=TEXT_ASC HTTP/1.1" 200 OK
INFO:     127.0.0.1:56090 - "GET /api/v1/geo/prompt-variants?q=f8cb7c5f-48e9-431b-a72d-71e74eacddf2&page=1&page_size=10&sort=TEXT_ASC HTTP/1.1" 200 OK
INFO:     127.0.0.1:56090 - "GET /api/v1/geo/collection-profiles?q=f8cb7c5f-48e9-431b-a72d-71e74eacddf2&page=1&page_size=10&sort=NAME_ASC HTTP/1.1" 200 OK
INFO:     127.0.0.1:56089 - "GET /api/v1/geo/collection-profiles?q=258002d5-4145-468a-bc17-821af3274f2f&page=1&page_size=10&sort=NAME_ASC HTTP/1.1" 200 OK
INFO:     127.0.0.1:56089 - "POST /api/v1/geo/monitoring-plans/preview HTTP/1.1" 200 OK
INFO:     127.0.0.1:56089 - "POST /api/v1/geo/monitoring-plans HTTP/1.1" 201 Created
INFO:     127.0.0.1:56089 - "GET /api/v1/geo/monitoring-plans?page=1&page_size=20&sort=UPDATED_DESC HTTP/1.1" 200 OK
INFO:     127.0.0.1:56089 - "GET /api/v1/auth/session HTTP/1.1" 200 OK
INFO:     127.0.0.1:56089 - "GET /api/v1/geo/observation-batches?sort=CREATED_DESC&page=1&page_size=20 HTTP/1.1" 200 OK
INFO:     127.0.0.1:56089 - "GET /api/v1/geo/monitoring-plans?page=1&page_size=20&sort=UPDATED_DESC HTTP/1.1" 200 OK
INFO:     127.0.0.1:56089 - "GET /api/v1/geo/monitoring-plans?q=GEO408%20UNKNOWN%20%E8%AE%A1%E5%88%92%20f8cb7c5f-48e9-431b-a72d-71e74eacddf2&page=1&page_size=20&sort=UPDATED_DESC HTTP/1.1" 200 OK
INFO:     127.0.0.1:56100 - "OPTIONS /api/v1/geo/monitoring-plans/b5974a38-8607-42ff-aba5-1113b380e679/run HTTP/1.1" 200 OK
INFO:     127.0.0.1:56089 - "POST /api/v1/geo/monitoring-plans/b5974a38-8607-42ff-aba5-1113b380e679/run HTTP/1.1" 201 Created
INFO:     127.0.0.1:56089 - "GET /api/v1/geo/observation-batches?sort=CREATED_DESC&page=1&page_size=20 HTTP/1.1" 200 OK
INFO:     127.0.0.1:56090 - "GET /api/v1/geo/observation-runs?sort=CREATED_DESC&page=1&page_size=20&batch_id=eaee128e-bda2-4fb8-8a7f-5cba887dd90c&latest_only=true HTTP/1.1" 200 OK
INFO:     127.0.0.1:56087 - "GET /api/v1/geo/observation-batches/eaee128e-bda2-4fb8-8a7f-5cba887dd90c HTTP/1.1" 200 OK
[2026-10-03 06:40:53,945: WARNING/MainProcess] GEO 采集失败 run_id=5d769178-2941-49d2-ab9f-825ae35f4584 code=COLLECTOR_UNKNOWN_OUTCOME
INFO:     127.0.0.1:56087 - "GET /api/v1/geo/observation-runs/5d769178-2941-49d2-ab9f-825ae35f4584 HTTP/1.1" 200 OK
INFO:     127.0.0.1:56091 - "GET /api/v1/geo/observation-runs/5d769178-2941-49d2-ab9f-825ae35f4584 HTTP/1.1" 200 OK
INFO:     127.0.0.1:56100 - "OPTIONS /api/v1/geo/observation-runs/5d769178-2941-49d2-ab9f-825ae35f4584/retry HTTP/1.1" 200 OK
INFO:     127.0.0.1:56087 - "POST /api/v1/geo/observation-runs/5d769178-2941-49d2-ab9f-825ae35f4584/retry HTTP/1.1" 201 Created
INFO:     127.0.0.1:56087 - "GET /api/v1/geo/observation-runs?sort=CREATED_DESC&page=1&page_size=20&batch_id=eaee128e-bda2-4fb8-8a7f-5cba887dd90c&latest_only=true HTTP/1.1" 200 OK
INFO:     127.0.0.1:56089 - "GET /api/v1/geo/observation-batches/eaee128e-bda2-4fb8-8a7f-5cba887dd90c HTTP/1.1" 200 OK
INFO:     127.0.0.1:56104 - "GET /api/v1/geo/observation-runs/dbc6cecf-156c-4740-8b50-af2adb5bb352 HTTP/1.1" 200 OK
INFO:     127.0.0.1:56107 - "GET /api/v1/geo/observation-batches/eaee128e-bda2-4fb8-8a7f-5cba887dd90c HTTP/1.1" 200 OK
INFO:     127.0.0.1:56104 - "GET /api/v1/geo/observation-runs?sort=CREATED_DESC&page=1&page_size=20&batch_id=eaee128e-bda2-4fb8-8a7f-5cba887dd90c&latest_only=true HTTP/1.1" 200 OK
INFO:     127.0.0.1:56108 - "GET /api/v1/geo/observation-runs/dbc6cecf-156c-4740-8b50-af2adb5bb352 HTTP/1.1" 200 OK
INFO:     127.0.0.1:56109 - "GET /api/v1/geo/observation-runs/5d769178-2941-49d2-ab9f-825ae35f4584 HTTP/1.1" 200 OK
INFO:     127.0.0.1:56109 - "GET /api/v1/geo/observation-runs/dbc6cecf-156c-4740-8b50-af2adb5bb352 HTTP/1.1" 200 OK
INFO:     127.0.0.1:56109 - "GET /api/v1/geo/observation-batches/eaee128e-bda2-4fb8-8a7f-5cba887dd90c HTTP/1.1" 200 OK
INFO:     127.0.0.1:56108 - "GET /api/v1/auth/session HTTP/1.1" 200 OK
INFO:     127.0.0.1:56108 - "GET /api/v1/query-topics/list-items?sort=QUESTION_ASC&page=1&page_size=20 HTTP/1.1" 200 OK
INFO:     127.0.0.1:56108 - "POST /api/v1/query-topics HTTP/1.1" 201 Created
INFO:     127.0.0.1:56108 - "GET /api/v1/query-topics/list-items?sort=QUESTION_ASC&page=1&page_size=20 HTTP/1.1" 200 OK
INFO:     127.0.0.1:56108 - "GET /api/v1/auth/session HTTP/1.1" 200 OK
INFO:     127.0.0.1:56108 - "GET /api/v1/geo/prompt-variants?page=1&page_size=20&sort=UPDATED_DESC HTTP/1.1" 200 OK
INFO:     127.0.0.1:56108 - "GET /api/v1/query-topics HTTP/1.1" 200 OK
INFO:     127.0.0.1:56119 - "OPTIONS /api/v1/geo/query-topics/74dbf201-b2e7-4c30-8981-1b74077816c9/prompt-variants HTTP/1.1" 200 OK
INFO:     127.0.0.1:56108 - "POST /api/v1/geo/query-topics/74dbf201-b2e7-4c30-8981-1b74077816c9/prompt-variants HTTP/1.1" 201 Created
INFO:     127.0.0.1:56108 - "GET /api/v1/geo/prompt-variants?page=1&page_size=20&sort=UPDATED_DESC HTTP/1.1" 200 OK
INFO:     127.0.0.1:56108 - "GET /api/v1/auth/session HTTP/1.1" 200 OK
INFO:     127.0.0.1:56108 - "GET /api/v1/geo/monitoring-plans?page=1&page_size=20&sort=UPDATED_DESC HTTP/1.1" 200 OK
INFO:     127.0.0.1:56108 - "GET /api/v1/geo/subjects?page=1&page_size=10&sort=NAME_ASC HTTP/1.1" 200 OK
INFO:     127.0.0.1:56104 - "GET /api/v1/geo/subjects?q=258002d5-4145-468a-bc17-821af3274f2f&page=1&page_size=10&sort=NAME_ASC HTTP/1.1" 200 OK
INFO:     127.0.0.1:56104 - "GET /api/v1/geo/prompt-variants?q=258002d5-4145-468a-bc17-821af3274f2f&page=1&page_size=10&sort=TEXT_ASC HTTP/1.1" 200 OK
INFO:     127.0.0.1:56108 - "GET /api/v1/geo/prompt-variants?q=232f35e3-e362-4b01-9364-388cbcd0373c&page=1&page_size=10&sort=TEXT_ASC HTTP/1.1" 200 OK
INFO:     127.0.0.1:56108 - "GET /api/v1/geo/collection-profiles?q=232f35e3-e362-4b01-9364-388cbcd0373c&page=1&page_size=10&sort=NAME_ASC HTTP/1.1" 200 OK
INFO:     127.0.0.1:56104 - "GET /api/v1/geo/collection-profiles?q=258002d5-4145-468a-bc17-821af3274f2f&page=1&page_size=10&sort=NAME_ASC HTTP/1.1" 200 OK
INFO:     127.0.0.1:56104 - "POST /api/v1/geo/monitoring-plans/preview HTTP/1.1" 200 OK
INFO:     127.0.0.1:56104 - "POST /api/v1/geo/monitoring-plans HTTP/1.1" 201 Created
INFO:     127.0.0.1:56104 - "GET /api/v1/geo/monitoring-plans?page=1&page_size=20&sort=UPDATED_DESC HTTP/1.1" 200 OK
INFO:     127.0.0.1:56104 - "GET /api/v1/auth/session HTTP/1.1" 200 OK
INFO:     127.0.0.1:56104 - "GET /api/v1/geo/observation-batches?sort=CREATED_DESC&page=1&page_size=20 HTTP/1.1" 200 OK
INFO:     127.0.0.1:56104 - "GET /api/v1/geo/monitoring-plans?page=1&page_size=20&sort=UPDATED_DESC HTTP/1.1" 200 OK
INFO:     127.0.0.1:56104 - "GET /api/v1/geo/monitoring-plans?q=GEO408%20INTERNAL%20%E8%AE%A1%E5%88%92%20232f35e3-e362-4b01-9364-388cbcd0373c&page=1&page_size=20&sort=UPDATED_DESC HTTP/1.1" 200 OK
INFO:     127.0.0.1:56119 - "OPTIONS /api/v1/geo/monitoring-plans/0cd19d54-3861-4289-a823-fec8bf89d434/run HTTP/1.1" 200 OK
INFO:     127.0.0.1:56104 - "POST /api/v1/geo/monitoring-plans/0cd19d54-3861-4289-a823-fec8bf89d434/run HTTP/1.1" 201 Created
INFO:     127.0.0.1:56104 - "GET /api/v1/geo/observation-batches?sort=CREATED_DESC&page=1&page_size=20 HTTP/1.1" 200 OK
INFO:     127.0.0.1:56108 - "GET /api/v1/geo/observation-runs?sort=CREATED_DESC&page=1&page_size=20&batch_id=4d011061-c865-4583-98aa-862fa5ad025f&latest_only=true HTTP/1.1" 200 OK
INFO:     127.0.0.1:56107 - "GET /api/v1/geo/observation-batches/4d011061-c865-4583-98aa-862fa5ad025f HTTP/1.1" 200 OK
[2026-10-03 06:41:02,700: WARNING/MainProcess] GEO 采集失败 run_id=9e1b5abf-7f69-4fed-a883-996bb7692a76 code=DATA_CLASSIFICATION_FORBIDDEN
INFO:     127.0.0.1:56107 - "GET /api/v1/geo/observation-runs/9e1b5abf-7f69-4fed-a883-996bb7692a76 HTTP/1.1" 200 OK
INFO:     127.0.0.1:56109 - "GET /api/v1/geo/observation-runs/9e1b5abf-7f69-4fed-a883-996bb7692a76 HTTP/1.1" 200 OK
INFO:     127.0.0.1:56107 - "GET /api/v1/auth/session HTTP/1.1" 200 OK
INFO:     127.0.0.1:56107 - "GET /api/v1/query-topics/list-items?sort=QUESTION_ASC&page=1&page_size=20 HTTP/1.1" 200 OK
INFO:     127.0.0.1:56107 - "POST /api/v1/query-topics HTTP/1.1" 201 Created
INFO:     127.0.0.1:56107 - "GET /api/v1/query-topics/list-items?sort=QUESTION_ASC&page=1&page_size=20 HTTP/1.1" 200 OK
INFO:     127.0.0.1:56107 - "GET /api/v1/auth/session HTTP/1.1" 200 OK
INFO:     127.0.0.1:56107 - "GET /api/v1/geo/prompt-variants?page=1&page_size=20&sort=UPDATED_DESC HTTP/1.1" 200 OK
INFO:     127.0.0.1:56108 - "GET /api/v1/query-topics HTTP/1.1" 200 OK
INFO:     127.0.0.1:56119 - "OPTIONS /api/v1/geo/query-topics/bffacee7-df5a-49c4-9ffc-20535d39e41f/prompt-variants HTTP/1.1" 200 OK
INFO:     127.0.0.1:56108 - "POST /api/v1/geo/query-topics/bffacee7-df5a-49c4-9ffc-20535d39e41f/prompt-variants HTTP/1.1" 201 Created
INFO:     127.0.0.1:56108 - "GET /api/v1/geo/prompt-variants?page=1&page_size=20&sort=UPDATED_DESC HTTP/1.1" 200 OK
INFO:     127.0.0.1:56108 - "GET /api/v1/auth/session HTTP/1.1" 200 OK
INFO:     127.0.0.1:56108 - "GET /api/v1/geo/monitoring-plans?page=1&page_size=20&sort=UPDATED_DESC HTTP/1.1" 200 OK
INFO:     127.0.0.1:56108 - "GET /api/v1/geo/subjects?page=1&page_size=10&sort=NAME_ASC HTTP/1.1" 200 OK
INFO:     127.0.0.1:56107 - "GET /api/v1/geo/subjects?q=258002d5-4145-468a-bc17-821af3274f2f&page=1&page_size=10&sort=NAME_ASC HTTP/1.1" 200 OK
INFO:     127.0.0.1:56107 - "GET /api/v1/geo/prompt-variants?q=258002d5-4145-468a-bc17-821af3274f2f&page=1&page_size=10&sort=TEXT_ASC HTTP/1.1" 200 OK
INFO:     127.0.0.1:56108 - "GET /api/v1/geo/prompt-variants?q=73023cca-796c-42b5-aa09-309cdd131af6&page=1&page_size=10&sort=TEXT_ASC HTTP/1.1" 200 OK
INFO:     127.0.0.1:56108 - "GET /api/v1/geo/collection-profiles?q=73023cca-796c-42b5-aa09-309cdd131af6&page=1&page_size=10&sort=NAME_ASC HTTP/1.1" 200 OK
INFO:     127.0.0.1:56107 - "GET /api/v1/geo/collection-profiles?q=258002d5-4145-468a-bc17-821af3274f2f&page=1&page_size=10&sort=NAME_ASC HTTP/1.1" 200 OK
INFO:     127.0.0.1:56107 - "POST /api/v1/geo/monitoring-plans/preview HTTP/1.1" 200 OK
INFO:     127.0.0.1:56107 - "POST /api/v1/geo/monitoring-plans HTTP/1.1" 201 Created
INFO:     127.0.0.1:56107 - "GET /api/v1/geo/monitoring-plans?page=1&page_size=20&sort=UPDATED_DESC HTTP/1.1" 200 OK
INFO:     127.0.0.1:56107 - "GET /api/v1/auth/session HTTP/1.1" 200 OK
INFO:     127.0.0.1:56107 - "GET /api/v1/geo/observation-batches?sort=CREATED_DESC&page=1&page_size=20 HTTP/1.1" 200 OK
INFO:     127.0.0.1:56107 - "GET /api/v1/geo/monitoring-plans?page=1&page_size=20&sort=UPDATED_DESC HTTP/1.1" 200 OK
INFO:     127.0.0.1:56107 - "GET /api/v1/geo/monitoring-plans?q=GEO408%20BUDGET%20%E8%AE%A1%E5%88%92%2073023cca-796c-42b5-aa09-309cdd131af6&page=1&page_size=20&sort=UPDATED_DESC HTTP/1.1" 200 OK
INFO:     127.0.0.1:56119 - "OPTIONS /api/v1/geo/monitoring-plans/0d1641f1-714c-400a-8fd1-b2c36060b71f/run HTTP/1.1" 200 OK
INFO:     127.0.0.1:56107 - "POST /api/v1/geo/monitoring-plans/0d1641f1-714c-400a-8fd1-b2c36060b71f/run HTTP/1.1" 201 Created
INFO:     127.0.0.1:56107 - "GET /api/v1/geo/observation-batches?sort=CREATED_DESC&page=1&page_size=20 HTTP/1.1" 200 OK
INFO:     127.0.0.1:56108 - "GET /api/v1/geo/observation-runs?sort=CREATED_DESC&page=1&page_size=20&batch_id=b865e6ea-a502-4ab1-bea0-a9d25e39b03b&latest_only=true HTTP/1.1" 200 OK
INFO:     127.0.0.1:56104 - "GET /api/v1/geo/observation-batches/b865e6ea-a502-4ab1-bea0-a9d25e39b03b HTTP/1.1" 200 OK
INFO:     127.0.0.1:56104 - "GET /api/v1/geo/observation-runs/5d280008-9c69-4c35-b3d3-edd7aae3a05a HTTP/1.1" 200 OK
INFO:     127.0.0.1:56109 - "GET /api/v1/geo/observation-runs/5d280008-9c69-4c35-b3d3-edd7aae3a05a HTTP/1.1" 200 OK
  ✓  1 [foundation-desktop] › tests/e2e/geo-api-real-stack.spec.ts:18:1 › API 自动轮询、原文引用、部分 usage、费用、429/未知结果与显式新尝试 (41.4s)
  -  2 [foundation-desktop] › tests/e2e/geo-api-real-stack.spec.ts:125:1 › 关闭开关的新 API/Worker 消费真实 PENDING，明确失败且 provider 零调用

  1 skipped
  1 passed (41.7s)
E2E_SECRET_SCAN status=clean
E2E_RESULT playwright=0 secret_scan=0
INFO:     Shutting down
INFO:     Waiting for application shutdown.
INFO:     Application shutdown complete.
INFO:     Finished server process [51763]

worker: Warm shutdown (MainProcess)
INFO:     Shutting down
INFO:     Waiting for application shutdown.
INFO:     Application shutdown complete.
INFO:     Finished server process [51762]
INFO:     Shutting down
INFO:     Waiting for application shutdown.
INFO:     Application shutdown complete.
INFO:     Finished server process [51761]
E2E_CLEANUP redis_db=14 keys=1 status=deleted
E2E_CLEANUP ports=8000,9001,4174,19009,19012 status=released
E2E_CLEANUP database=partsignal_e2e_20261003_adb0e7450a6a24528ca5aa86ddd56c87 status=dropped
E2E_CLEANUP storage=/var/folders/m5/j06tv2sn1hn93d6f33j559jm0000gn/T//partsignal-e2e-storage.Pjh2Yn status=removed
E2E_GEO phase=enabled status=passed
E2E_GEO phase=api-disabled status=begin
E2E_SECRET_REGISTRATION status=ready
INFO  [alembic.runtime.migration] Context impl PostgresqlImpl.
INFO  [alembic.runtime.migration] Will assume transactional DDL.
INFO  [alembic.runtime.migration] Running upgrade  -> 0001_identity_audit, 创建身份、会话和审计表。
INFO  [alembic.runtime.migration] Running upgrade 0001_identity_audit -> 0002_product_facts, 创建规范化产品事实和不可变事实版本。
INFO  [alembic.runtime.migration] Running upgrade 0002_product_facts -> 0003_content_planning, 创建目标问题、平台规则版本和内容任务。
INFO  [alembic.runtime.migration] Running upgrade 0003_content_planning -> 0004_content_production, 创建 PostgreSQL 权威生成作业和不可变 Markdown 内容版本。
INFO  [alembic.runtime.migration] Running upgrade 0004_content_production -> 0005_content_review, 创建追加式内容审核记录。
INFO  [alembic.runtime.migration] Running upgrade 0005_content_review -> 0006_publication, 创建平台账号、人工发布记录和状态事件。
INFO  [alembic.runtime.migration] Running upgrade 0006_publication -> 0007_geo_observation, 创建追加式 GEO 观测及引用关联。
INFO  [alembic.runtime.migration] Running upgrade 0007_geo_observation -> 0008_files, 创建文件生命周期、附件关联并补加证据文件外键。
INFO  [alembic.runtime.migration] Running upgrade 0008_files -> 0009_config_center, 迁移账号类型、配置中心与真实 AI 生成字段。
INFO  [alembic.runtime.migration] Running upgrade 0009_config_center -> 0010_user_cleanup, 清理旧版职责账号并强制既有内容工程师改密。
INFO  [alembic.runtime.migration] Running upgrade 0010_user_cleanup -> 0011_generation_reliability, 增加生成作业补投递诊断字段与到期扫描索引。
INFO  [alembic.runtime.migration] Running upgrade 0011_generation_reliability -> 0012_ai_data_classification, 为生成输入增加显式数据分级与责任人记录。
INFO  [alembic.runtime.migration] Running upgrade 0012_ai_data_classification -> 0013_publication_closure, 增加发布异常待办、修复任务来源和发布平台一致性门禁。
INFO  [alembic.runtime.migration] Running upgrade 0013_publication_closure -> 0014_platform_prompt_ownership, 将当前 Prompt 所有权从平台类型迁移到具体平台。
INFO  [alembic.runtime.migration] Running upgrade 0014_platform_prompt_ownership -> 0015_platform_rule_draft_editing, 允许按修订号编辑平台规则草稿，并继续冻结已激活或退役正文。
INFO  [alembic.runtime.migration] Running upgrade 0015_platform_rule_draft_editing -> 0016_fact_review_cleanup, 允许受约束删除事实版本时清理其从属审核记录。
INFO  [alembic.runtime.migration] Running upgrade 0016_fact_review_cleanup -> 0017_content_humanization, 增加全局自然化 Prompt，并让现有 AI 作业承载自然化修订。
INFO  [alembic.runtime.migration] Running upgrade 0017_content_humanization -> 0018_manual_geo_observation, 增加产品级人工 GEO 观测，并保留旧模型观测历史。
INFO  [alembic.runtime.migration] Running upgrade 0018_manual_geo_observation -> 0019_product_driven_tasks, 允许新内容任务直接围绕产品创建，同时保留历史目标问题关联。
INFO  [alembic.runtime.migration] Running upgrade 0019_product_driven_tasks -> 0020_platform_branding_task_list, 为具体平台增加官网与单一来源 Logo。
INFO  [alembic.runtime.migration] Running upgrade 0020_platform_branding_task_list -> 0021_ai_channel_model_management, 补齐 AI 渠道身份字段与使用统计索引。
INFO  [alembic.runtime.migration] Running upgrade 0021_ai_channel_model_management -> 0022_geo_observation_insights, 补充人工 GEO 逐篇阶段事实与问题主题约束。
INFO  [alembic.runtime.migration] Running upgrade 0022_geo_observation_insights -> 0023_platform_management, 增加具体平台启停状态与管理聚合索引。
INFO  [alembic.runtime.migration] Running upgrade 0023_platform_management -> 0024_audit_outcome, 补齐审计模块、命令结果和安全结果说明。
INFO  [alembic.runtime.migration] Running upgrade 0024_audit_outcome -> 0025_markdown_facts, 将结构化产品事实收敛为 Markdown，并让内容任务直接绑定平台。
INFO  [alembic.runtime.migration] Running upgrade 0025_markdown_facts -> 0026_publication_account_dedup, 补齐发布账号修订约束，并阻止同平台规范化账号标识重复。
INFO  [alembic.runtime.migration] Running upgrade 0026_publication_account_dedup -> 0027_audit_user_delete_guard, 只允许受约束用户删除把匹配审计操作者置空。
INFO  [alembic.runtime.migration] Running upgrade 0027_audit_user_delete_guard -> 0028_platform_logo_lifecycle, 增加平台 Logo 的未引用保留、幂等删除状态与数据库门禁。
INFO  [alembic.runtime.migration] Running upgrade 0028_platform_logo_lifecycle -> 0029_geo_evidence_management, 收敛人工 GEO 独立事实，并为完整更正链删除增加事务门禁。
INFO  [alembic.runtime.migration] Running upgrade 0029_geo_evidence_management -> 0030_publication_record_delete, 为从未公开的发布聚合增加事务级受控删除门禁。
INFO  [alembic.runtime.migration] Running upgrade 0030_publication_record_delete -> 0031_reusable_platform_prompts, 把平台私有 Prompt 收敛为可复用模板和平台当前绑定。
INFO  [alembic.runtime.migration] Running upgrade 0031_reusable_platform_prompts -> 0032_content_task_idempotency, 为普通内容任务创建增加持久化请求键幂等约束。
INFO  [alembic.runtime.migration] Running upgrade 0032_content_task_idempotency -> 0033_task_owned_history_delete, 允许受控删除已取消任务自有的未批准生产历史。
INFO  [alembic.runtime.migration] Running upgrade 0033_task_owned_history_delete -> 0034_publication_redesign, 以发布工作、首次核验成果和发布后内容问题替换旧发布记录。
INFO  [alembic.runtime.migration] Running upgrade 0034_publication_redesign -> 0035_business_workflow, 建立事实提交、内容单主线、发布版本快照与 GEO 来源合同。
INFO  [alembic.runtime.migration] Running upgrade 0035_business_workflow -> 0036_remove_section_url, 删除没有稳定业务含义的发布栏目地址。
INFO  [alembic.runtime.migration] Running upgrade 0036_remove_section_url -> 0037_simplify_deletion_lifecycle, 收缩任务、配置与审计的删除生命周期。
INFO  [alembic.runtime.migration] Running upgrade 0037_simplify_deletion_lifecycle -> 0038_published_article_delete, 允许受控删除无 GEO 引用的发布成果聚合。
INFO  [alembic.runtime.migration] Running upgrade 0038_published_article_delete -> 0039_article_delete_platform, 允许归档任务在删除失效平台的发布成果后转为已取消。
INFO  [alembic.runtime.migration] Running upgrade 0039_article_delete_platform -> 0040_content_draft_management, 允许当前人工未审核草稿受控保存和彻底删除。
INFO  [alembic.runtime.migration] Running upgrade 0040_content_draft_management -> 0041_content_task_list, 补齐内容任务列表的稳定更新时间与排序索引。
INFO  [alembic.runtime.migration] Running upgrade 0041_content_task_list -> 0042_content_version_detail, 记录内容版本自身的真实更新时间。
INFO  [alembic.runtime.migration] Running upgrade 0042_content_version_detail -> 0043_geo_platform_identity, 冻结发布工作的平台 UUID，避免配置删除后 GEO 历史失去身份。
INFO  [alembic.runtime.migration] Running upgrade 0043_geo_platform_identity -> 0044_geo_catalog, 新增 GEO Catalog 三表；冻结本 revision，不读取运行时 ORM。
INFO  [alembic.runtime.migration] Running upgrade 0044_geo_catalog -> 0045_geo_prompt_variants, 仅新增问题变体，冻结规范化及历史锁存，不回填旧问题数组。
INFO  [alembic.runtime.migration] Running upgrade 0045_geo_prompt_variants -> 0046_geo_surfaces_profiles, 新增观测配置与闭合JSON合同；不回填旧GEO或实现运行资格。
INFO  [alembic.runtime.migration] Running upgrade 0046_geo_surfaces_profiles -> 0047_geo_monitoring_plans, 仅增加计划配置聚合；不创建批次、运行或改写历史观测。
INFO  [alembic.runtime.migration] Running upgrade 0047_geo_monitoring_plans -> 0048_geo_batches_runs, 新增独立回答级 Batch/Run，冻结 DDL 与快照/写入守卫，不迁移旧 GEO。
INFO  [alembic.runtime.migration] Running upgrade 0048_geo_batches_runs -> 0049_geo_batch_creation, 创建幂等与批次主体引用；不修改已冻结的 Batch/Run 输入。
INFO  [alembic.runtime.migration] Running upgrade 0049_geo_batch_creation -> 0050_geo_answer_evidence, 新增不可变原始回答、引用和受控文件关系；不实现采集命令。
INFO  [alembic.runtime.migration] Running upgrade 0050_geo_answer_evidence -> 0051_geo_manual_collection, 人工草稿和不可变提交身份；不回填或修改已提交证据。
INFO  [alembic.runtime.migration] Running upgrade 0051_geo_manual_collection -> 0052_geo_profile_tests, API Profile 当前诊断资格与依赖失效；不修改业务历史。
INFO  [alembic.runtime.migration] Running upgrade 0052_geo_profile_tests -> 0053_geo_collection_admission, 加法保存预算预留与发送限速事实，历史 Run 和原始证据保持不变。

> partsignal-frontend-v2@0.1.0 build
> tsc -b && vite build --config vite.config.ts

vite v8.2.1 building client environment for production...
[2Ktransforming...✓ 2953 modules transformed.
rendering chunks...
computing gzip size...
dist/index.html                                                    0.57 kB │ gzip:   0.34 kB
dist/assets/index-aDRwmOVp.css                                    81.52 kB │ gzip:  14.12 kB
dist/assets/queryOptions-Dfvzj6n2.js                               0.03 kB │ gzip:   0.05 kB
dist/assets/route-3YAM3tuL.js                                      0.07 kB │ gzip:   0.08 kB
dist/assets/route-B2aZ3QBi.js                                      0.07 kB │ gzip:   0.08 kB
dist/assets/route-B41ZhOLB.js                                      0.07 kB │ gzip:   0.08 kB
dist/assets/route-BQmWoCus.js                                      0.07 kB │ gzip:   0.08 kB
dist/assets/route-C5cBrTK3.js                                      0.07 kB │ gzip:   0.08 kB
dist/assets/route-COvhN9v6.js                                      0.07 kB │ gzip:   0.08 kB
dist/assets/route-CW62_yWg.js                                      0.07 kB │ gzip:   0.08 kB
dist/assets/route-DEzmN659.js                                      0.07 kB │ gzip:   0.08 kB
dist/assets/route-DQwB-ZOv.js                                      0.07 kB │ gzip:   0.08 kB
dist/assets/route-DYSd7FA3.js                                      0.07 kB │ gzip:   0.08 kB
dist/assets/route-DoTyqfYj.js                                      0.07 kB │ gzip:   0.08 kB
dist/assets/route-DrPtIM3S.js                                      0.07 kB │ gzip:   0.08 kB
dist/assets/route-DsXtGSAg.js                                      0.07 kB │ gzip:   0.08 kB
dist/assets/route-TEQwWL7Y.js                                      0.07 kB │ gzip:   0.08 kB
dist/assets/coerce-C7PPxz45.js                                     0.08 kB │ gzip:   0.10 kB
dist/assets/isElementDisabled-KSuuBj8D.js                          0.11 kB │ gzip:   0.11 kB
dist/assets/chevron-right-DniFRW1B.js                              0.13 kB │ gzip:   0.14 kB
dist/assets/canonical-uuid-C0bOnlsM.js                             0.13 kB │ gzip:   0.13 kB
dist/assets/settings.ai-CipVaq6G.js                                0.21 kB │ gzip:   0.20 kB
dist/assets/_taskId_.editor-_qjLAkbp.js                            0.22 kB │ gzip:   0.20 kB
dist/assets/_taskId_.review-zeX8OAEE.js                            0.22 kB │ gzip:   0.20 kB
dist/assets/route-DFljbmbX.js                                      0.22 kB │ gzip:   0.20 kB
dist/assets/system.audit-qBeF2bb1.js                               0.22 kB │ gzip:   0.20 kB
dist/assets/system.users-0TM8kiXu.js                               0.22 kB │ gzip:   0.20 kB
dist/assets/settings.prompts-9jQdIs2s.js                           0.22 kB │ gzip:   0.20 kB
dist/assets/_taskId-Vsd3-0WC.js                                    0.22 kB │ gzip:   0.21 kB
dist/assets/settings.platforms.types-C4NjYBws.js                   0.22 kB │ gzip:   0.21 kB
dist/assets/versions_._versionId-BW6wP3pa.js                       0.22 kB │ gzip:   0.21 kB
dist/assets/_platformId-BeKfjBVf.js                                0.22 kB │ gzip:   0.20 kB
dist/assets/settings.ai_._channelId-Z_MUrH5D.js                    0.22 kB │ gzip:   0.20 kB
dist/assets/_observationId-B3QjNhkV.js                             0.23 kB │ gzip:   0.21 kB
dist/assets/useControlled-DMK4Pb-8.js                              0.24 kB │ gzip:   0.21 kB
dist/assets/skeleton-Ged3Zc9T.js                                   0.24 kB │ gzip:   0.20 kB
dist/assets/table-shell-BGuXgMNH.js                                0.33 kB │ gzip:   0.24 kB
dist/assets/usePopupHandleStore-D9Ys5NRI.js                        0.35 kB │ gzip:   0.25 kB
dist/assets/table-toolbar-JNNhOzlg.js                              0.42 kB │ gzip:   0.27 kB
dist/assets/table-skeleton-G-FjuOli.js                             0.45 kB │ gzip:   0.35 kB
dist/assets/route-error-Bl0menBv.js                                0.46 kB │ gzip:   0.31 kB
dist/assets/_productId-Cu3oT6KN.js                                 0.49 kB │ gzip:   0.35 kB
dist/assets/_productId_.facts-C-S7KVKf.js                          0.50 kB │ gzip:   0.36 kB
dist/assets/_productId_.facts_.versions_._versionId-996oc21h.js    0.50 kB │ gzip:   0.36 kB
dist/assets/_productId_.facts_.review-CtF33cCX.js                  0.50 kB │ gzip:   0.37 kB
dist/assets/_observationId_.correct-BPNQUSho.js                    0.51 kB │ gzip:   0.37 kB
dist/assets/useCompositeItem-BGClVRCY.js                           0.54 kB │ gzip:   0.37 kB
dist/assets/empty-table-DARB4g0g.js                                0.55 kB │ gzip:   0.33 kB
dist/assets/_observationId_.correct-qsx6uPew.js                    0.58 kB │ gzip:   0.31 kB
dist/assets/content-version.model-BVKgM5xI.js                      0.61 kB │ gzip:   0.43 kB
dist/assets/detail-section-Dm8gVxQG.js                             0.63 kB │ gzip:   0.34 kB
dist/assets/return-to-BzbJXkRi.js                                  0.63 kB │ gzip:   0.39 kB
dist/assets/workbench.api-Cm9VqJUK.js                              0.71 kB │ gzip:   0.46 kB
dist/assets/route-Do6Dxmmm.js                                      0.72 kB │ gzip:   0.50 kB
dist/assets/textarea-CPcbKIlY.js                                   0.83 kB │ gzip:   0.43 kB
dist/assets/timeline-BSjJ8olh.js                                   0.94 kB │ gzip:   0.49 kB
dist/assets/form-field-Dwoq3h4m.js                                 0.97 kB │ gzip:   0.54 kB
dist/assets/rowSortingFeature-Cn5-bAMu.js                          1.02 kB │ gzip:   0.49 kB
dist/assets/security-CavH18Xi.js                                   1.08 kB │ gzip:   0.59 kB
dist/assets/geo-observation-actions-C2i_qn8N.js                    1.09 kB │ gzip:   0.67 kB
dist/assets/login-afWPx9qP.js                                      1.17 kB │ gzip:   0.64 kB
dist/assets/print-BwcUDjhA.js                                      1.20 kB │ gzip:   0.67 kB
dist/assets/product-deletion-dialog-CyfXVeu1.js                    1.20 kB │ gzip:   0.75 kB
dist/assets/filter-bar-CzRBEOVs.js                                 1.23 kB │ gzip:   0.72 kB
dist/assets/new-DPa8FK5z.js                                        1.23 kB │ gzip:   0.71 kB
dist/assets/form-layout-B0Bgsdpq.js                                1.29 kB │ gzip:   0.69 kB
dist/assets/file-transfer-bcVkqTxX.js                              1.41 kB │ gzip:   0.83 kB
dist/assets/useBaseUiId-C9V7pCeo.js                                1.42 kB │ gzip:   0.80 kB
dist/assets/table-pagination-CwX25mDs.js                           1.48 kB │ gzip:   0.81 kB
dist/assets/badge-DofVsWMx.js                                      1.57 kB │ gzip:   0.70 kB
dist/assets/audit.api-D_6qhUEV.js                                  1.62 kB │ gzip:   0.76 kB
dist/assets/sticky-action-bar-EGoREFjY.js                          1.62 kB │ gzip:   0.86 kB
dist/assets/versions_._versionId-BBwST0A5.js                       1.72 kB │ gzip:   0.89 kB
dist/assets/_productId_.facts_.versions_._versionId-DH-5oHqp.js    1.77 kB │ gzip:   0.89 kB
dist/assets/workspace-shell-Dm_akJhu.js                            1.77 kB │ gzip:   0.83 kB
dist/assets/insights-CNEaM6gR.js                                   1.78 kB │ gzip:   0.96 kB
dist/assets/articles-Cr0h012a.js                                   1.82 kB │ gzip:   0.96 kB
dist/assets/new-rVLC7Dr6.js                                        1.94 kB │ gzip:   1.06 kB
dist/assets/_articleId-WOyzOPbf.js                                 1.96 kB │ gzip:   1.09 kB
dist/assets/_productId_.facts_.versions-FiovZyD8.js                1.96 kB │ gzip:   1.06 kB
dist/assets/catalog-controls-CnNXOUIj.js                           1.97 kB │ gzip:   0.88 kB
dist/assets/issues-BNQPIEaq.js                                     2.00 kB │ gzip:   1.05 kB
dist/assets/_taskId-D204YI4u.js                                    2.00 kB │ gzip:   1.06 kB
dist/assets/settings.platforms.types-k3ZklAam.js                   2.01 kB │ gzip:   1.02 kB
dist/assets/new-C_QhB6EU.js                                        2.08 kB │ gzip:   1.17 kB
dist/assets/_observationId-BPfW2KvH.js                             2.09 kB │ gzip:   1.08 kB
dist/assets/work-DGkiGRuU.js                                       2.11 kB │ gzip:   1.10 kB
dist/assets/_productId-C40b75L2.js                                 2.14 kB │ gzip:   1.11 kB
dist/assets/_taskId_.review-C4aoowv3.js                            2.16 kB │ gzip:   1.13 kB
dist/assets/_productId_.facts_.review-lLYAj_Cd.js                  2.17 kB │ gzip:   1.11 kB
dist/assets/platforms-Ct2wApG-.js                                  2.18 kB │ gzip:   1.14 kB
dist/assets/_productId_.facts-Dm9oYlle.js                          2.22 kB │ gzip:   1.15 kB
dist/assets/useRegisterFieldControl-BcstcGLC.js                    2.25 kB │ gzip:   1.07 kB
dist/assets/tasks-B5m5D25d.js                                      2.26 kB │ gzip:   1.17 kB
dist/assets/_issueId-CIXeg871.js                                   2.27 kB │ gzip:   1.25 kB
dist/assets/useStore-VZN0-5bO.js                                   2.27 kB │ gzip:   0.97 kB
dist/assets/_taskId_.editor-D8SELyK5.js                            2.27 kB │ gzip:   1.17 kB
dist/assets/observations-BoblMVc_.js                               2.28 kB │ gzip:   1.17 kB
dist/assets/plans-iLXiNz75.js                                      2.32 kB │ gzip:   1.22 kB
dist/assets/dialog-FnVOWn2f.js                                     2.33 kB │ gzip:   0.91 kB
dist/assets/topics-CsxQtPTP.js                                     2.34 kB │ gzip:   1.22 kB
dist/assets/system.audit-B-wvVdbd.js                               2.35 kB │ gzip:   1.18 kB
dist/assets/input-BctqO2IH.js                                      2.47 kB │ gzip:   1.25 kB
dist/assets/dirty-guard-B83X6SND.js                                2.58 kB │ gzip:   1.23 kB
dist/assets/settings.ai-Bc9Xym6L.js                                2.60 kB │ gzip:   1.33 kB
dist/assets/prompt.api-DzGm0lBb.js                                 2.65 kB │ gzip:   1.01 kB
dist/assets/products-DMBQ0pcj.js                                   2.73 kB │ gzip:   1.41 kB
dist/assets/security-CxAYjV4G.js                                   3.03 kB │ gzip:   1.48 kB
dist/assets/login-Dxda6aev.js                                      3.04 kB │ gzip:   1.48 kB
dist/assets/useCompositeListItem-u8lPl9Q5.js                       3.11 kB │ gzip:   1.41 kB
dist/assets/settings.ai_._channelId-D-I5wfaU.js                    3.11 kB │ gzip:   1.55 kB
dist/assets/sheet-DmUw4rAM.js                                      3.73 kB │ gzip:   1.44 kB
dist/assets/audit-detail-content-DpgmRTFA.js                       3.90 kB │ gzip:   1.61 kB
dist/assets/print-JKD3qOi-.js                                      4.13 kB │ gzip:   1.66 kB
dist/assets/product.model-BCF6XVtU.js                              4.40 kB │ gzip:   2.01 kB
dist/assets/Match-CvdDQUn7.js                                      4.41 kB │ gzip:   1.72 kB
dist/assets/new-CY76TVED.js                                        4.45 kB │ gzip:   1.95 kB
dist/assets/_workId-CZNxQfcj.js                                    4.72 kB │ gzip:   2.42 kB
dist/assets/settings.prompts-zTSf1TTL.js                           4.89 kB │ gzip:   2.41 kB
dist/assets/issues-u4bCYVjF.js                                     5.10 kB │ gzip:   2.13 kB
dist/assets/_productId_.facts_.versions-Cp8KUHtj.js                5.26 kB │ gzip:   2.36 kB
dist/assets/composite-VxUllGw3.js                                  5.88 kB │ gzip:   2.28 kB
dist/assets/articles-VW_ZS9nG.js                                   5.96 kB │ gzip:   2.41 kB
dist/assets/geo-evidence-upload-Ca30mYIN.js                        6.15 kB │ gzip:   2.66 kB
dist/assets/client-C6dNGmfD.js                                     6.59 kB │ gzip:   2.58 kB
dist/assets/principal-epoch-C10oPH-p.js                            6.87 kB │ gzip:   2.33 kB
dist/assets/globalFilteringFeature-kE8GTSFm.js                     6.95 kB │ gzip:   1.98 kB
dist/assets/plans.api-BBbmwFmv.js                                  7.47 kB │ gzip:   3.16 kB
dist/assets/_platformId-BElOocwJ.js                                7.70 kB │ gzip:   3.45 kB
dist/assets/_app-C3MxuYtA.js                                       7.72 kB │ gzip:   2.58 kB
dist/assets/QueryClientProvider-CWfwOWtR.js                        7.80 kB │ gzip:   3.04 kB
dist/assets/product.api-Sl70DI7i.js                                7.94 kB │ gzip:   2.60 kB
dist/assets/_productId_.facts_.versions_._versionId-2fQy97jJ.js    8.18 kB │ gzip:   2.62 kB
dist/assets/jsx-runtime-B-hcVAMW.js                                8.55 kB │ gzip:   3.26 kB
dist/assets/x-sl-GtFU2.js                                          8.72 kB │ gzip:   3.14 kB
dist/assets/questions-DygCpQfz.js                                  8.77 kB │ gzip:   3.88 kB
dist/assets/new-CeX6ThTo.js                                        8.95 kB │ gzip:   3.78 kB
dist/assets/geo-entities-Bk059C2R.js                               9.07 kB │ gzip:   3.61 kB
dist/assets/products-Cp7BqT5Q.js                                   9.25 kB │ gzip:   3.71 kB
dist/assets/tasks-BZ165hYr.js                                      9.27 kB │ gzip:   3.57 kB
dist/assets/platform.api-CBFE_FVc.js                               9.71 kB │ gzip:   3.25 kB
dist/assets/geo-insights-report-ZHHxtZp3.js                       10.34 kB │ gzip:   2.88 kB
dist/assets/versions_._versionId-CEYbLz_d.js                      12.02 kB │ gzip:   3.81 kB
dist/assets/runs-C9R4-nTG.js                                      12.40 kB │ gzip:   4.75 kB
dist/assets/tabs-duFDOTha.js                                      12.50 kB │ gzip:   4.72 kB
dist/assets/content-task-lifecycle-DZskG-Oz.js                    12.51 kB │ gzip:   4.65 kB
dist/assets/system.audit-Cjgl9qD8.js                              12.54 kB │ gzip:   4.38 kB
dist/assets/observations-CUrOWmeW.js                              12.54 kB │ gzip:   4.87 kB
dist/assets/system.users-xTC2kQJJ.js                              12.87 kB │ gzip:   5.48 kB
dist/assets/insights-iEpKvKRw.js                                  13.39 kB │ gzip:   4.90 kB
dist/assets/route-eZ_RXR-e2.js                                    13.54 kB │ gzip:   5.13 kB
dist/assets/_taskId-BqkKRH8D.js                                   14.87 kB │ gzip:   4.63 kB
dist/assets/content.api-Dasn9hF3.js                               14.90 kB │ gzip:   4.32 kB
dist/assets/_productId_.facts_.review-79CFVdpq.js                 15.83 kB │ gzip:   5.63 kB
dist/assets/work-OG5Wdt6I.js                                      15.92 kB │ gzip:   5.20 kB
dist/assets/publication.api-CecjZCHD.js                           16.20 kB │ gzip:   4.80 kB
dist/assets/_articleId-B0y48coA.js                                16.27 kB │ gzip:   5.43 kB
dist/assets/useQuery-fTBak1Kd.js                                  16.32 kB │ gzip:   5.46 kB
dist/assets/settings.platforms.types-42ztt_o9.js                  16.42 kB │ gzip:   5.91 kB
dist/assets/new-DxWr7oN7.js                                       16.94 kB │ gzip:   6.04 kB
dist/assets/platforms-C4sJYPCz.js                                 17.07 kB │ gzip:   6.18 kB
dist/assets/_productId_.facts-D6bfAJ6X.js                         17.33 kB │ gzip:   5.82 kB
dist/assets/_taskId_.review-DGDJnUJr.js                           17.48 kB │ gzip:   6.06 kB
dist/assets/settings.ai-MTMlnWal.js                               17.50 kB │ gzip:   6.31 kB
dist/assets/_productId-Bj3u5iki.js                                17.55 kB │ gzip:   5.89 kB
dist/assets/audit.model-D1Ee59-w.js                               17.82 kB │ gzip:   5.59 kB
dist/assets/row-actions-D_x-QnZo.js                               17.90 kB │ gzip:   6.59 kB
dist/assets/_observationId-BDLE73dp.js                            18.05 kB │ gzip:   5.76 kB
dist/assets/auth-provider--ncRSSMD.js                             18.50 kB │ gzip:   6.78 kB
dist/assets/geo.api-CiNoLhYb.js                                   18.53 kB │ gzip:   5.93 kB
dist/assets/geo-surfaces-B8xzMYdX.js                              18.79 kB │ gzip:   6.95 kB
dist/assets/_issueId-C6p6ANnT.js                                  19.62 kB │ gzip:   6.52 kB
dist/assets/topics-DNQRgpWY.js                                    19.98 kB │ gzip:   7.04 kB
dist/assets/ai-channel-workspace.model-DbvAirpP.js                20.72 kB │ gzip:   6.32 kB
dist/assets/lazyRouteComponent-CPWKkyC9.js                        24.20 kB │ gzip:   8.98 kB
dist/assets/_observationId_.correct-BIDWKt-l.js                   24.42 kB │ gzip:   8.23 kB
dist/assets/_workId-DcLbL9r_.js                                   28.51 kB │ gzip:   8.89 kB
dist/assets/questions-COKHK2XW.js                                 28.82 kB │ gzip:   9.22 kB
dist/assets/select-Cpvp6qkf.js                                    30.10 kB │ gzip:  10.91 kB
dist/assets/settings.prompts-RVRwpAHn.js                          30.81 kB │ gzip:   9.97 kB
dist/assets/system.users-DzcPWCLM.js                              31.00 kB │ gzip:   9.75 kB
dist/assets/providers-knf1ofgl.js                                 35.19 kB │ gzip:  10.50 kB
dist/assets/geo-entities-CfkZDefR.js                              35.31 kB │ gzip:  10.93 kB
dist/assets/icon-button-CE5jEK1u.js                               36.26 kB │ gzip:  12.08 kB
dist/assets/column-header-CY3dwsy7.js                             36.45 kB │ gzip:  11.43 kB
dist/assets/ToolbarRootContext-rOTdbBRw.js                        36.62 kB │ gzip:  14.02 kB
dist/assets/geo-surfaces-DrotrJO_.js                              37.42 kB │ gzip:  11.52 kB
dist/assets/_taskId_.editor-xaHW9ZhT.js                           37.91 kB │ gzip:  11.54 kB
dist/assets/_platformId-DoBlFAf0.js                               38.91 kB │ gzip:  11.57 kB
dist/assets/createLucideIcon-DjaO9-_n.js                          39.80 kB │ gzip:  14.03 kB
dist/assets/button-BZhX1_Og.js                                    40.12 kB │ gzip:  13.54 kB
dist/assets/zod-CS-qYe1E.js                                       40.85 kB │ gzip:  14.09 kB
dist/assets/route-JRT0bRm1.js                                     43.50 kB │ gzip:  15.66 kB
dist/assets/settings.ai_._channelId-DtvE7m6M.js                   49.67 kB │ gzip:  13.69 kB
dist/assets/plans-B2dOz-Fj.js                                     50.92 kB │ gzip:  15.77 kB
dist/assets/runs-qOlZ3axH.js                                      62.37 kB │ gzip:  18.61 kB
dist/assets/schemas-DjnJmfzW.js                                   69.76 kB │ gzip:  18.62 kB
dist/assets/index-I7tC39QW.js                                    188.61 kB │ gzip:  60.28 kB
dist/assets/markdown-editor-55GXBWLV.js                          729.88 kB │ gzip: 245.01 kB

✓ built in 483ms
[plugin builtin:vite-reporter] 
(!) Some chunks are larger than 500 kB after minification. Consider:
- Using dynamic import() to code-split the application
- Use build.rolldownOptions.output.codeSplitting to improve chunking: https://rolldown.rs/reference/OutputOptions.codeSplitting
- Adjust chunk size limit for this warning via build.chunkSizeWarningLimit.
已创建或确认管理员和内容工程师账号。
GEO E2E provider listening on http://127.0.0.1:19012
INFO:     Started server process [51884]
INFO:     Waiting for application startup.
INFO:     Application startup complete.
INFO:     Uvicorn running on http://127.0.0.1:9001 (Press CTRL+C to quit)
INFO:     Started server process [51883]
INFO:     Waiting for application startup.
INFO:     Application startup complete.
INFO:     Uvicorn running on http://127.0.0.1:19009 (Press CTRL+C to quit)
  ➜  Local:   http://127.0.0.1:4174/
INFO:     Started server process [51882]
INFO:     Waiting for application startup.
INFO:     Application startup complete.
INFO:     Uvicorn running on http://127.0.0.1:8000 (Press CTRL+C to quit)
INFO:     127.0.0.1:56161 - "GET /api/health/ready HTTP/1.1" 200 OK
INFO:     127.0.0.1:56164 - "GET /v1/models HTTP/1.1" 200 OK

> partsignal-frontend-v2@0.1.0 e2e:raw
> playwright test tests/e2e/geo-api-real-stack.spec.ts --project=foundation-desktop


Running 2 tests using 1 worker

(node:51922) Warning: The 'NO_COLOR' env is ignored due to the 'FORCE_COLOR' env being set.
(Use `node --trace-warnings ...` to show where the warning was created)
  -  1 [foundation-desktop] › tests/e2e/geo-api-real-stack.spec.ts:18:1 › API 自动轮询、原文引用、部分 usage、费用、429/未知结果与显式新尝试
INFO:     127.0.0.1:56174 - "POST /api/v1/auth/login HTTP/1.1" 200 OK
INFO:     127.0.0.1:56181 - "GET /api/v1/auth/session HTTP/1.1" 200 OK
INFO:     127.0.0.1:56181 - "GET /api/v1/geo/observation-runs?sort=CREATED_DESC&page=1&page_size=20&batch_id=09a4ce78-1d03-4914-8ec7-41d8a2b09a5c&latest_only=true HTTP/1.1" 200 OK
INFO:     127.0.0.1:56182 - "GET /api/v1/geo/observation-batches/09a4ce78-1d03-4914-8ec7-41d8a2b09a5c HTTP/1.1" 200 OK
INFO:     127.0.0.1:56183 - "GET /api/v1/geo/observation-runs/45758315-8088-4087-84e9-a0c06980329d HTTP/1.1" 200 OK
INFO:     127.0.0.1:56174 - "GET /api/v1/geo/observation-runs/45758315-8088-4087-84e9-a0c06980329d HTTP/1.1" 200 OK
INFO:     127.0.0.1:56174 - "POST /api/v1/geo/observation-runs/45758315-8088-4087-84e9-a0c06980329d/retry HTTP/1.1" 422 Unprocessable Entity
INFO:     127.0.0.1:56174 - "GET /api/v1/geo/collection-profiles/487d5cb0-3264-4243-9401-97e7587c4ecb HTTP/1.1" 200 OK
  ✓  2 [foundation-desktop] › tests/e2e/geo-api-real-stack.spec.ts:125:1 › 关闭开关的新 API/Worker 消费真实 PENDING，明确失败且 provider 零调用 (393ms)

  1 skipped
  1 passed (702ms)
E2E_SECRET_SCAN status=clean
E2E_RESULT playwright=0 secret_scan=0
INFO:     Shutting down
INFO:     Waiting for application shutdown.
INFO:     Application shutdown complete.
INFO:     Finished server process [51884]

worker: Warm shutdown (MainProcess)
INFO:     Shutting down
INFO:     Waiting for application shutdown.
INFO:     Application shutdown complete.
INFO:     Finished server process [51883]
INFO:     Shutting down
INFO:     Waiting for application shutdown.
INFO:     Application shutdown complete.
INFO:     Finished server process [51882]
E2E_CLEANUP redis_db=14 keys=1 status=deleted
E2E_CLEANUP ports=8000,9001,4174,19009,19012 status=released
E2E_CLEANUP database=partsignal_e2e_20261003_9b7170e900b86949b40d7ae052a3859c status=dropped
E2E_CLEANUP storage=/var/folders/m5/j06tv2sn1hn93d6f33j559jm0000gn/T//partsignal-e2e-storage.hUI8fQ status=removed
E2E_GEO phase=api-disabled status=passed
E2E_GEO phase=monitoring-disabled status=begin
E2E_SECRET_REGISTRATION status=ready
INFO  [alembic.runtime.migration] Context impl PostgresqlImpl.
INFO  [alembic.runtime.migration] Will assume transactional DDL.
INFO  [alembic.runtime.migration] Running upgrade  -> 0001_identity_audit, 创建身份、会话和审计表。
INFO  [alembic.runtime.migration] Running upgrade 0001_identity_audit -> 0002_product_facts, 创建规范化产品事实和不可变事实版本。
INFO  [alembic.runtime.migration] Running upgrade 0002_product_facts -> 0003_content_planning, 创建目标问题、平台规则版本和内容任务。
INFO  [alembic.runtime.migration] Running upgrade 0003_content_planning -> 0004_content_production, 创建 PostgreSQL 权威生成作业和不可变 Markdown 内容版本。
INFO  [alembic.runtime.migration] Running upgrade 0004_content_production -> 0005_content_review, 创建追加式内容审核记录。
INFO  [alembic.runtime.migration] Running upgrade 0005_content_review -> 0006_publication, 创建平台账号、人工发布记录和状态事件。
INFO  [alembic.runtime.migration] Running upgrade 0006_publication -> 0007_geo_observation, 创建追加式 GEO 观测及引用关联。
INFO  [alembic.runtime.migration] Running upgrade 0007_geo_observation -> 0008_files, 创建文件生命周期、附件关联并补加证据文件外键。
INFO  [alembic.runtime.migration] Running upgrade 0008_files -> 0009_config_center, 迁移账号类型、配置中心与真实 AI 生成字段。
INFO  [alembic.runtime.migration] Running upgrade 0009_config_center -> 0010_user_cleanup, 清理旧版职责账号并强制既有内容工程师改密。
INFO  [alembic.runtime.migration] Running upgrade 0010_user_cleanup -> 0011_generation_reliability, 增加生成作业补投递诊断字段与到期扫描索引。
INFO  [alembic.runtime.migration] Running upgrade 0011_generation_reliability -> 0012_ai_data_classification, 为生成输入增加显式数据分级与责任人记录。
INFO  [alembic.runtime.migration] Running upgrade 0012_ai_data_classification -> 0013_publication_closure, 增加发布异常待办、修复任务来源和发布平台一致性门禁。
INFO  [alembic.runtime.migration] Running upgrade 0013_publication_closure -> 0014_platform_prompt_ownership, 将当前 Prompt 所有权从平台类型迁移到具体平台。
INFO  [alembic.runtime.migration] Running upgrade 0014_platform_prompt_ownership -> 0015_platform_rule_draft_editing, 允许按修订号编辑平台规则草稿，并继续冻结已激活或退役正文。
INFO  [alembic.runtime.migration] Running upgrade 0015_platform_rule_draft_editing -> 0016_fact_review_cleanup, 允许受约束删除事实版本时清理其从属审核记录。
INFO  [alembic.runtime.migration] Running upgrade 0016_fact_review_cleanup -> 0017_content_humanization, 增加全局自然化 Prompt，并让现有 AI 作业承载自然化修订。
INFO  [alembic.runtime.migration] Running upgrade 0017_content_humanization -> 0018_manual_geo_observation, 增加产品级人工 GEO 观测，并保留旧模型观测历史。
INFO  [alembic.runtime.migration] Running upgrade 0018_manual_geo_observation -> 0019_product_driven_tasks, 允许新内容任务直接围绕产品创建，同时保留历史目标问题关联。
INFO  [alembic.runtime.migration] Running upgrade 0019_product_driven_tasks -> 0020_platform_branding_task_list, 为具体平台增加官网与单一来源 Logo。
INFO  [alembic.runtime.migration] Running upgrade 0020_platform_branding_task_list -> 0021_ai_channel_model_management, 补齐 AI 渠道身份字段与使用统计索引。
INFO  [alembic.runtime.migration] Running upgrade 0021_ai_channel_model_management -> 0022_geo_observation_insights, 补充人工 GEO 逐篇阶段事实与问题主题约束。
INFO  [alembic.runtime.migration] Running upgrade 0022_geo_observation_insights -> 0023_platform_management, 增加具体平台启停状态与管理聚合索引。
INFO  [alembic.runtime.migration] Running upgrade 0023_platform_management -> 0024_audit_outcome, 补齐审计模块、命令结果和安全结果说明。
INFO  [alembic.runtime.migration] Running upgrade 0024_audit_outcome -> 0025_markdown_facts, 将结构化产品事实收敛为 Markdown，并让内容任务直接绑定平台。
INFO  [alembic.runtime.migration] Running upgrade 0025_markdown_facts -> 0026_publication_account_dedup, 补齐发布账号修订约束，并阻止同平台规范化账号标识重复。
INFO  [alembic.runtime.migration] Running upgrade 0026_publication_account_dedup -> 0027_audit_user_delete_guard, 只允许受约束用户删除把匹配审计操作者置空。
INFO  [alembic.runtime.migration] Running upgrade 0027_audit_user_delete_guard -> 0028_platform_logo_lifecycle, 增加平台 Logo 的未引用保留、幂等删除状态与数据库门禁。
INFO  [alembic.runtime.migration] Running upgrade 0028_platform_logo_lifecycle -> 0029_geo_evidence_management, 收敛人工 GEO 独立事实，并为完整更正链删除增加事务门禁。
INFO  [alembic.runtime.migration] Running upgrade 0029_geo_evidence_management -> 0030_publication_record_delete, 为从未公开的发布聚合增加事务级受控删除门禁。
INFO  [alembic.runtime.migration] Running upgrade 0030_publication_record_delete -> 0031_reusable_platform_prompts, 把平台私有 Prompt 收敛为可复用模板和平台当前绑定。
INFO  [alembic.runtime.migration] Running upgrade 0031_reusable_platform_prompts -> 0032_content_task_idempotency, 为普通内容任务创建增加持久化请求键幂等约束。
INFO  [alembic.runtime.migration] Running upgrade 0032_content_task_idempotency -> 0033_task_owned_history_delete, 允许受控删除已取消任务自有的未批准生产历史。
INFO  [alembic.runtime.migration] Running upgrade 0033_task_owned_history_delete -> 0034_publication_redesign, 以发布工作、首次核验成果和发布后内容问题替换旧发布记录。
INFO  [alembic.runtime.migration] Running upgrade 0034_publication_redesign -> 0035_business_workflow, 建立事实提交、内容单主线、发布版本快照与 GEO 来源合同。
INFO  [alembic.runtime.migration] Running upgrade 0035_business_workflow -> 0036_remove_section_url, 删除没有稳定业务含义的发布栏目地址。
INFO  [alembic.runtime.migration] Running upgrade 0036_remove_section_url -> 0037_simplify_deletion_lifecycle, 收缩任务、配置与审计的删除生命周期。
INFO  [alembic.runtime.migration] Running upgrade 0037_simplify_deletion_lifecycle -> 0038_published_article_delete, 允许受控删除无 GEO 引用的发布成果聚合。
INFO  [alembic.runtime.migration] Running upgrade 0038_published_article_delete -> 0039_article_delete_platform, 允许归档任务在删除失效平台的发布成果后转为已取消。
INFO  [alembic.runtime.migration] Running upgrade 0039_article_delete_platform -> 0040_content_draft_management, 允许当前人工未审核草稿受控保存和彻底删除。
INFO  [alembic.runtime.migration] Running upgrade 0040_content_draft_management -> 0041_content_task_list, 补齐内容任务列表的稳定更新时间与排序索引。
INFO  [alembic.runtime.migration] Running upgrade 0041_content_task_list -> 0042_content_version_detail, 记录内容版本自身的真实更新时间。
INFO  [alembic.runtime.migration] Running upgrade 0042_content_version_detail -> 0043_geo_platform_identity, 冻结发布工作的平台 UUID，避免配置删除后 GEO 历史失去身份。
INFO  [alembic.runtime.migration] Running upgrade 0043_geo_platform_identity -> 0044_geo_catalog, 新增 GEO Catalog 三表；冻结本 revision，不读取运行时 ORM。
INFO  [alembic.runtime.migration] Running upgrade 0044_geo_catalog -> 0045_geo_prompt_variants, 仅新增问题变体，冻结规范化及历史锁存，不回填旧问题数组。
INFO  [alembic.runtime.migration] Running upgrade 0045_geo_prompt_variants -> 0046_geo_surfaces_profiles, 新增观测配置与闭合JSON合同；不回填旧GEO或实现运行资格。
INFO  [alembic.runtime.migration] Running upgrade 0046_geo_surfaces_profiles -> 0047_geo_monitoring_plans, 仅增加计划配置聚合；不创建批次、运行或改写历史观测。
INFO  [alembic.runtime.migration] Running upgrade 0047_geo_monitoring_plans -> 0048_geo_batches_runs, 新增独立回答级 Batch/Run，冻结 DDL 与快照/写入守卫，不迁移旧 GEO。
INFO  [alembic.runtime.migration] Running upgrade 0048_geo_batches_runs -> 0049_geo_batch_creation, 创建幂等与批次主体引用；不修改已冻结的 Batch/Run 输入。
INFO  [alembic.runtime.migration] Running upgrade 0049_geo_batch_creation -> 0050_geo_answer_evidence, 新增不可变原始回答、引用和受控文件关系；不实现采集命令。
INFO  [alembic.runtime.migration] Running upgrade 0050_geo_answer_evidence -> 0051_geo_manual_collection, 人工草稿和不可变提交身份；不回填或修改已提交证据。
INFO  [alembic.runtime.migration] Running upgrade 0051_geo_manual_collection -> 0052_geo_profile_tests, API Profile 当前诊断资格与依赖失效；不修改业务历史。
INFO  [alembic.runtime.migration] Running upgrade 0052_geo_profile_tests -> 0053_geo_collection_admission, 加法保存预算预留与发送限速事实，历史 Run 和原始证据保持不变。

> partsignal-frontend-v2@0.1.0 build
> tsc -b && vite build --config vite.config.ts

vite v8.2.1 building client environment for production...
[2Ktransforming...✓ 2953 modules transformed.
rendering chunks...
computing gzip size...
dist/index.html                                                    0.57 kB │ gzip:   0.34 kB
dist/assets/index-aDRwmOVp.css                                    81.52 kB │ gzip:  14.12 kB
dist/assets/queryOptions-Dfvzj6n2.js                               0.03 kB │ gzip:   0.05 kB
dist/assets/route-3YAM3tuL.js                                      0.07 kB │ gzip:   0.08 kB
dist/assets/route-B2aZ3QBi.js                                      0.07 kB │ gzip:   0.08 kB
dist/assets/route-B41ZhOLB.js                                      0.07 kB │ gzip:   0.08 kB
dist/assets/route-BQmWoCus.js                                      0.07 kB │ gzip:   0.08 kB
dist/assets/route-C5cBrTK3.js                                      0.07 kB │ gzip:   0.08 kB
dist/assets/route-COvhN9v6.js                                      0.07 kB │ gzip:   0.08 kB
dist/assets/route-CW62_yWg.js                                      0.07 kB │ gzip:   0.08 kB
dist/assets/route-DEzmN659.js                                      0.07 kB │ gzip:   0.08 kB
dist/assets/route-DQwB-ZOv.js                                      0.07 kB │ gzip:   0.08 kB
dist/assets/route-DYSd7FA3.js                                      0.07 kB │ gzip:   0.08 kB
dist/assets/route-DoTyqfYj.js                                      0.07 kB │ gzip:   0.08 kB
dist/assets/route-DrPtIM3S.js                                      0.07 kB │ gzip:   0.08 kB
dist/assets/route-DsXtGSAg.js                                      0.07 kB │ gzip:   0.08 kB
dist/assets/route-TEQwWL7Y.js                                      0.07 kB │ gzip:   0.08 kB
dist/assets/coerce-C7PPxz45.js                                     0.08 kB │ gzip:   0.10 kB
dist/assets/isElementDisabled-KSuuBj8D.js                          0.11 kB │ gzip:   0.11 kB
dist/assets/chevron-right-DniFRW1B.js                              0.13 kB │ gzip:   0.14 kB
dist/assets/canonical-uuid-C0bOnlsM.js                             0.13 kB │ gzip:   0.13 kB
dist/assets/settings.ai-CipVaq6G.js                                0.21 kB │ gzip:   0.20 kB
dist/assets/_taskId_.editor-_qjLAkbp.js                            0.22 kB │ gzip:   0.20 kB
dist/assets/_taskId_.review-zeX8OAEE.js                            0.22 kB │ gzip:   0.20 kB
dist/assets/route-DFljbmbX.js                                      0.22 kB │ gzip:   0.20 kB
dist/assets/system.audit-qBeF2bb1.js                               0.22 kB │ gzip:   0.20 kB
dist/assets/system.users-0TM8kiXu.js                               0.22 kB │ gzip:   0.20 kB
dist/assets/settings.prompts-9jQdIs2s.js                           0.22 kB │ gzip:   0.20 kB
dist/assets/_taskId-Vsd3-0WC.js                                    0.22 kB │ gzip:   0.21 kB
dist/assets/settings.platforms.types-C4NjYBws.js                   0.22 kB │ gzip:   0.21 kB
dist/assets/versions_._versionId-BW6wP3pa.js                       0.22 kB │ gzip:   0.21 kB
dist/assets/_platformId-BeKfjBVf.js                                0.22 kB │ gzip:   0.20 kB
dist/assets/settings.ai_._channelId-Z_MUrH5D.js                    0.22 kB │ gzip:   0.20 kB
dist/assets/_observationId-B3QjNhkV.js                             0.23 kB │ gzip:   0.21 kB
dist/assets/useControlled-DMK4Pb-8.js                              0.24 kB │ gzip:   0.21 kB
dist/assets/skeleton-Ged3Zc9T.js                                   0.24 kB │ gzip:   0.20 kB
dist/assets/table-shell-BGuXgMNH.js                                0.33 kB │ gzip:   0.24 kB
dist/assets/usePopupHandleStore-D9Ys5NRI.js                        0.35 kB │ gzip:   0.25 kB
dist/assets/table-toolbar-JNNhOzlg.js                              0.42 kB │ gzip:   0.27 kB
dist/assets/table-skeleton-G-FjuOli.js                             0.45 kB │ gzip:   0.35 kB
dist/assets/route-error-Bl0menBv.js                                0.46 kB │ gzip:   0.31 kB
dist/assets/_productId-Cu3oT6KN.js                                 0.49 kB │ gzip:   0.35 kB
dist/assets/_productId_.facts-C-S7KVKf.js                          0.50 kB │ gzip:   0.36 kB
dist/assets/_productId_.facts_.versions_._versionId-996oc21h.js    0.50 kB │ gzip:   0.36 kB
dist/assets/_productId_.facts_.review-CtF33cCX.js                  0.50 kB │ gzip:   0.37 kB
dist/assets/_observationId_.correct-BPNQUSho.js                    0.51 kB │ gzip:   0.37 kB
dist/assets/useCompositeItem-BGClVRCY.js                           0.54 kB │ gzip:   0.37 kB
dist/assets/empty-table-DARB4g0g.js                                0.55 kB │ gzip:   0.33 kB
dist/assets/_observationId_.correct-qsx6uPew.js                    0.58 kB │ gzip:   0.31 kB
dist/assets/content-version.model-BVKgM5xI.js                      0.61 kB │ gzip:   0.43 kB
dist/assets/detail-section-Dm8gVxQG.js                             0.63 kB │ gzip:   0.34 kB
dist/assets/return-to-BzbJXkRi.js                                  0.63 kB │ gzip:   0.39 kB
dist/assets/workbench.api-Cm9VqJUK.js                              0.71 kB │ gzip:   0.46 kB
dist/assets/route-Do6Dxmmm.js                                      0.72 kB │ gzip:   0.50 kB
dist/assets/textarea-CPcbKIlY.js                                   0.83 kB │ gzip:   0.43 kB
dist/assets/timeline-BSjJ8olh.js                                   0.94 kB │ gzip:   0.49 kB
dist/assets/form-field-Dwoq3h4m.js                                 0.97 kB │ gzip:   0.54 kB
dist/assets/rowSortingFeature-Cn5-bAMu.js                          1.02 kB │ gzip:   0.49 kB
dist/assets/security-CavH18Xi.js                                   1.08 kB │ gzip:   0.59 kB
dist/assets/geo-observation-actions-C2i_qn8N.js                    1.09 kB │ gzip:   0.67 kB
dist/assets/login-afWPx9qP.js                                      1.17 kB │ gzip:   0.64 kB
dist/assets/print-BwcUDjhA.js                                      1.20 kB │ gzip:   0.67 kB
dist/assets/product-deletion-dialog-CyfXVeu1.js                    1.20 kB │ gzip:   0.75 kB
dist/assets/filter-bar-CzRBEOVs.js                                 1.23 kB │ gzip:   0.72 kB
dist/assets/new-DPa8FK5z.js                                        1.23 kB │ gzip:   0.71 kB
dist/assets/form-layout-B0Bgsdpq.js                                1.29 kB │ gzip:   0.69 kB
dist/assets/file-transfer-bcVkqTxX.js                              1.41 kB │ gzip:   0.83 kB
dist/assets/useBaseUiId-C9V7pCeo.js                                1.42 kB │ gzip:   0.80 kB
dist/assets/table-pagination-CwX25mDs.js                           1.48 kB │ gzip:   0.81 kB
dist/assets/badge-DofVsWMx.js                                      1.57 kB │ gzip:   0.70 kB
dist/assets/audit.api-D_6qhUEV.js                                  1.62 kB │ gzip:   0.76 kB
dist/assets/sticky-action-bar-EGoREFjY.js                          1.62 kB │ gzip:   0.86 kB
dist/assets/versions_._versionId-BBwST0A5.js                       1.72 kB │ gzip:   0.89 kB
dist/assets/_productId_.facts_.versions_._versionId-DH-5oHqp.js    1.77 kB │ gzip:   0.89 kB
dist/assets/workspace-shell-Dm_akJhu.js                            1.77 kB │ gzip:   0.83 kB
dist/assets/insights-CNEaM6gR.js                                   1.78 kB │ gzip:   0.96 kB
dist/assets/articles-Cr0h012a.js                                   1.82 kB │ gzip:   0.96 kB
dist/assets/new-rVLC7Dr6.js                                        1.94 kB │ gzip:   1.06 kB
dist/assets/_articleId-WOyzOPbf.js                                 1.96 kB │ gzip:   1.09 kB
dist/assets/_productId_.facts_.versions-FiovZyD8.js                1.96 kB │ gzip:   1.06 kB
dist/assets/catalog-controls-CnNXOUIj.js                           1.97 kB │ gzip:   0.88 kB
dist/assets/issues-BNQPIEaq.js                                     2.00 kB │ gzip:   1.05 kB
dist/assets/_taskId-D204YI4u.js                                    2.00 kB │ gzip:   1.06 kB
dist/assets/settings.platforms.types-k3ZklAam.js                   2.01 kB │ gzip:   1.02 kB
dist/assets/new-C_QhB6EU.js                                        2.08 kB │ gzip:   1.17 kB
dist/assets/_observationId-BPfW2KvH.js                             2.09 kB │ gzip:   1.08 kB
dist/assets/work-DGkiGRuU.js                                       2.11 kB │ gzip:   1.10 kB
dist/assets/_productId-C40b75L2.js                                 2.14 kB │ gzip:   1.11 kB
dist/assets/_taskId_.review-C4aoowv3.js                            2.16 kB │ gzip:   1.13 kB
dist/assets/_productId_.facts_.review-lLYAj_Cd.js                  2.17 kB │ gzip:   1.11 kB
dist/assets/platforms-Ct2wApG-.js                                  2.18 kB │ gzip:   1.14 kB
dist/assets/_productId_.facts-Dm9oYlle.js                          2.22 kB │ gzip:   1.15 kB
dist/assets/useRegisterFieldControl-BcstcGLC.js                    2.25 kB │ gzip:   1.07 kB
dist/assets/tasks-B5m5D25d.js                                      2.26 kB │ gzip:   1.17 kB
dist/assets/_issueId-CIXeg871.js                                   2.27 kB │ gzip:   1.25 kB
dist/assets/useStore-VZN0-5bO.js                                   2.27 kB │ gzip:   0.97 kB
dist/assets/_taskId_.editor-D8SELyK5.js                            2.27 kB │ gzip:   1.17 kB
dist/assets/observations-BoblMVc_.js                               2.28 kB │ gzip:   1.17 kB
dist/assets/plans-iLXiNz75.js                                      2.32 kB │ gzip:   1.22 kB
dist/assets/dialog-FnVOWn2f.js                                     2.33 kB │ gzip:   0.91 kB
dist/assets/topics-CsxQtPTP.js                                     2.34 kB │ gzip:   1.22 kB
dist/assets/system.audit-B-wvVdbd.js                               2.35 kB │ gzip:   1.18 kB
dist/assets/input-BctqO2IH.js                                      2.47 kB │ gzip:   1.25 kB
dist/assets/dirty-guard-B83X6SND.js                                2.58 kB │ gzip:   1.23 kB
dist/assets/settings.ai-Bc9Xym6L.js                                2.60 kB │ gzip:   1.33 kB
dist/assets/prompt.api-DzGm0lBb.js                                 2.65 kB │ gzip:   1.01 kB
dist/assets/products-DMBQ0pcj.js                                   2.73 kB │ gzip:   1.41 kB
dist/assets/security-CxAYjV4G.js                                   3.03 kB │ gzip:   1.48 kB
dist/assets/login-Dxda6aev.js                                      3.04 kB │ gzip:   1.48 kB
dist/assets/useCompositeListItem-u8lPl9Q5.js                       3.11 kB │ gzip:   1.41 kB
dist/assets/settings.ai_._channelId-D-I5wfaU.js                    3.11 kB │ gzip:   1.55 kB
dist/assets/sheet-DmUw4rAM.js                                      3.73 kB │ gzip:   1.44 kB
dist/assets/audit-detail-content-DpgmRTFA.js                       3.90 kB │ gzip:   1.61 kB
dist/assets/print-JKD3qOi-.js                                      4.13 kB │ gzip:   1.66 kB
dist/assets/product.model-BCF6XVtU.js                              4.40 kB │ gzip:   2.01 kB
dist/assets/Match-CvdDQUn7.js                                      4.41 kB │ gzip:   1.72 kB
dist/assets/new-CY76TVED.js                                        4.45 kB │ gzip:   1.95 kB
dist/assets/_workId-CZNxQfcj.js                                    4.72 kB │ gzip:   2.42 kB
dist/assets/settings.prompts-zTSf1TTL.js                           4.89 kB │ gzip:   2.41 kB
dist/assets/issues-u4bCYVjF.js                                     5.10 kB │ gzip:   2.13 kB
dist/assets/_productId_.facts_.versions-Cp8KUHtj.js                5.26 kB │ gzip:   2.36 kB
dist/assets/composite-VxUllGw3.js                                  5.88 kB │ gzip:   2.28 kB
dist/assets/articles-VW_ZS9nG.js                                   5.96 kB │ gzip:   2.41 kB
dist/assets/geo-evidence-upload-Ca30mYIN.js                        6.15 kB │ gzip:   2.66 kB
dist/assets/client-C6dNGmfD.js                                     6.59 kB │ gzip:   2.58 kB
dist/assets/principal-epoch-C10oPH-p.js                            6.87 kB │ gzip:   2.33 kB
dist/assets/globalFilteringFeature-kE8GTSFm.js                     6.95 kB │ gzip:   1.98 kB
dist/assets/plans.api-BBbmwFmv.js                                  7.47 kB │ gzip:   3.16 kB
dist/assets/_platformId-BElOocwJ.js                                7.70 kB │ gzip:   3.45 kB
dist/assets/_app-C3MxuYtA.js                                       7.72 kB │ gzip:   2.58 kB
dist/assets/QueryClientProvider-CWfwOWtR.js                        7.80 kB │ gzip:   3.04 kB
dist/assets/product.api-Sl70DI7i.js                                7.94 kB │ gzip:   2.60 kB
dist/assets/_productId_.facts_.versions_._versionId-2fQy97jJ.js    8.18 kB │ gzip:   2.62 kB
dist/assets/jsx-runtime-B-hcVAMW.js                                8.55 kB │ gzip:   3.26 kB
dist/assets/x-sl-GtFU2.js                                          8.72 kB │ gzip:   3.14 kB
dist/assets/questions-DygCpQfz.js                                  8.77 kB │ gzip:   3.88 kB
dist/assets/new-CeX6ThTo.js                                        8.95 kB │ gzip:   3.78 kB
dist/assets/geo-entities-Bk059C2R.js                               9.07 kB │ gzip:   3.61 kB
dist/assets/products-Cp7BqT5Q.js                                   9.25 kB │ gzip:   3.71 kB
dist/assets/tasks-BZ165hYr.js                                      9.27 kB │ gzip:   3.57 kB
dist/assets/platform.api-CBFE_FVc.js                               9.71 kB │ gzip:   3.25 kB
dist/assets/geo-insights-report-ZHHxtZp3.js                       10.34 kB │ gzip:   2.88 kB
dist/assets/versions_._versionId-CEYbLz_d.js                      12.02 kB │ gzip:   3.81 kB
dist/assets/runs-C9R4-nTG.js                                      12.40 kB │ gzip:   4.75 kB
dist/assets/tabs-duFDOTha.js                                      12.50 kB │ gzip:   4.72 kB
dist/assets/content-task-lifecycle-DZskG-Oz.js                    12.51 kB │ gzip:   4.65 kB
dist/assets/system.audit-Cjgl9qD8.js                              12.54 kB │ gzip:   4.38 kB
dist/assets/observations-CUrOWmeW.js                              12.54 kB │ gzip:   4.87 kB
dist/assets/system.users-xTC2kQJJ.js                              12.87 kB │ gzip:   5.48 kB
dist/assets/insights-iEpKvKRw.js                                  13.39 kB │ gzip:   4.90 kB
dist/assets/route-eZ_RXR-e2.js                                    13.54 kB │ gzip:   5.13 kB
dist/assets/_taskId-BqkKRH8D.js                                   14.87 kB │ gzip:   4.63 kB
dist/assets/content.api-Dasn9hF3.js                               14.90 kB │ gzip:   4.32 kB
dist/assets/_productId_.facts_.review-79CFVdpq.js                 15.83 kB │ gzip:   5.63 kB
dist/assets/work-OG5Wdt6I.js                                      15.92 kB │ gzip:   5.20 kB
dist/assets/publication.api-CecjZCHD.js                           16.20 kB │ gzip:   4.80 kB
dist/assets/_articleId-B0y48coA.js                                16.27 kB │ gzip:   5.43 kB
dist/assets/useQuery-fTBak1Kd.js                                  16.32 kB │ gzip:   5.46 kB
dist/assets/settings.platforms.types-42ztt_o9.js                  16.42 kB │ gzip:   5.91 kB
dist/assets/new-DxWr7oN7.js                                       16.94 kB │ gzip:   6.04 kB
dist/assets/platforms-C4sJYPCz.js                                 17.07 kB │ gzip:   6.18 kB
dist/assets/_productId_.facts-D6bfAJ6X.js                         17.33 kB │ gzip:   5.82 kB
dist/assets/_taskId_.review-DGDJnUJr.js                           17.48 kB │ gzip:   6.06 kB
dist/assets/settings.ai-MTMlnWal.js                               17.50 kB │ gzip:   6.31 kB
dist/assets/_productId-Bj3u5iki.js                                17.55 kB │ gzip:   5.89 kB
dist/assets/audit.model-D1Ee59-w.js                               17.82 kB │ gzip:   5.59 kB
dist/assets/row-actions-D_x-QnZo.js                               17.90 kB │ gzip:   6.59 kB
dist/assets/_observationId-BDLE73dp.js                            18.05 kB │ gzip:   5.76 kB
dist/assets/auth-provider--ncRSSMD.js                             18.50 kB │ gzip:   6.78 kB
dist/assets/geo.api-CiNoLhYb.js                                   18.53 kB │ gzip:   5.93 kB
dist/assets/geo-surfaces-B8xzMYdX.js                              18.79 kB │ gzip:   6.95 kB
dist/assets/_issueId-C6p6ANnT.js                                  19.62 kB │ gzip:   6.52 kB
dist/assets/topics-DNQRgpWY.js                                    19.98 kB │ gzip:   7.04 kB
dist/assets/ai-channel-workspace.model-DbvAirpP.js                20.72 kB │ gzip:   6.32 kB
dist/assets/lazyRouteComponent-CPWKkyC9.js                        24.20 kB │ gzip:   8.98 kB
dist/assets/_observationId_.correct-BIDWKt-l.js                   24.42 kB │ gzip:   8.23 kB
dist/assets/_workId-DcLbL9r_.js                                   28.51 kB │ gzip:   8.89 kB
dist/assets/questions-COKHK2XW.js                                 28.82 kB │ gzip:   9.22 kB
dist/assets/select-Cpvp6qkf.js                                    30.10 kB │ gzip:  10.91 kB
dist/assets/settings.prompts-RVRwpAHn.js                          30.81 kB │ gzip:   9.97 kB
dist/assets/system.users-DzcPWCLM.js                              31.00 kB │ gzip:   9.75 kB
dist/assets/providers-knf1ofgl.js                                 35.19 kB │ gzip:  10.50 kB
dist/assets/geo-entities-CfkZDefR.js                              35.31 kB │ gzip:  10.93 kB
dist/assets/icon-button-CE5jEK1u.js                               36.26 kB │ gzip:  12.08 kB
dist/assets/column-header-CY3dwsy7.js                             36.45 kB │ gzip:  11.43 kB
dist/assets/ToolbarRootContext-rOTdbBRw.js                        36.62 kB │ gzip:  14.02 kB
dist/assets/geo-surfaces-DrotrJO_.js                              37.42 kB │ gzip:  11.52 kB
dist/assets/_taskId_.editor-xaHW9ZhT.js                           37.91 kB │ gzip:  11.54 kB
dist/assets/_platformId-DoBlFAf0.js                               38.91 kB │ gzip:  11.57 kB
dist/assets/createLucideIcon-DjaO9-_n.js                          39.80 kB │ gzip:  14.03 kB
dist/assets/button-BZhX1_Og.js                                    40.12 kB │ gzip:  13.54 kB
dist/assets/zod-CS-qYe1E.js                                       40.85 kB │ gzip:  14.09 kB
dist/assets/route-JRT0bRm1.js                                     43.50 kB │ gzip:  15.66 kB
dist/assets/settings.ai_._channelId-DtvE7m6M.js                   49.67 kB │ gzip:  13.69 kB
dist/assets/plans-B2dOz-Fj.js                                     50.92 kB │ gzip:  15.77 kB
dist/assets/runs-qOlZ3axH.js                                      62.37 kB │ gzip:  18.61 kB
dist/assets/schemas-DjnJmfzW.js                                   69.76 kB │ gzip:  18.62 kB
dist/assets/index-I7tC39QW.js                                    188.61 kB │ gzip:  60.28 kB
dist/assets/markdown-editor-55GXBWLV.js                          729.88 kB │ gzip: 245.01 kB

✓ built in 464ms
[plugin builtin:vite-reporter] 
(!) Some chunks are larger than 500 kB after minification. Consider:
- Using dynamic import() to code-split the application
- Use build.rolldownOptions.output.codeSplitting to improve chunking: https://rolldown.rs/reference/OutputOptions.codeSplitting
- Adjust chunk size limit for this warning via build.chunkSizeWarningLimit.
已创建或确认管理员和内容工程师账号。
GEO E2E provider listening on http://127.0.0.1:19012
INFO:     Started server process [52004]
INFO:     Waiting for application startup.
INFO:     Application startup complete.
INFO:     Uvicorn running on http://127.0.0.1:9001 (Press CTRL+C to quit)
INFO:     Started server process [52003]
INFO:     Waiting for application startup.
INFO:     Application startup complete.
INFO:     Uvicorn running on http://127.0.0.1:19009 (Press CTRL+C to quit)
  ➜  Local:   http://127.0.0.1:4174/
INFO:     Started server process [52002]
INFO:     Waiting for application startup.
INFO:     Application startup complete.
INFO:     Uvicorn running on http://127.0.0.1:8000 (Press CTRL+C to quit)
INFO:     127.0.0.1:56226 - "GET /api/health/ready HTTP/1.1" 200 OK
INFO:     127.0.0.1:56229 - "GET /v1/models HTTP/1.1" 200 OK

> partsignal-frontend-v2@0.1.0 e2e:raw
> playwright test tests/e2e/geo-api-real-stack.spec.ts --project=foundation-desktop


Running 2 tests using 1 worker

(node:52032) Warning: The 'NO_COLOR' env is ignored due to the 'FORCE_COLOR' env being set.
(Use `node --trace-warnings ...` to show where the warning was created)
  -  1 [foundation-desktop] › tests/e2e/geo-api-real-stack.spec.ts:18:1 › API 自动轮询、原文引用、部分 usage、费用、429/未知结果与显式新尝试
INFO:     127.0.0.1:56238 - "POST /api/v1/auth/login HTTP/1.1" 200 OK
INFO:     127.0.0.1:56245 - "GET /api/v1/auth/session HTTP/1.1" 200 OK
INFO:     127.0.0.1:56245 - "GET /api/v1/geo/observation-runs?sort=CREATED_DESC&page=1&page_size=20&batch_id=b0e17c8a-c615-4372-b653-26e87163dd0b&latest_only=true HTTP/1.1" 200 OK
INFO:     127.0.0.1:56246 - "GET /api/v1/geo/observation-batches/b0e17c8a-c615-4372-b653-26e87163dd0b HTTP/1.1" 200 OK
INFO:     127.0.0.1:56247 - "GET /api/v1/geo/observation-runs/f30a0c3d-2414-48ca-a4e0-725e5340a1ed HTTP/1.1" 200 OK
INFO:     127.0.0.1:56238 - "GET /api/v1/geo/observation-runs/f30a0c3d-2414-48ca-a4e0-725e5340a1ed HTTP/1.1" 200 OK
INFO:     127.0.0.1:56238 - "POST /api/v1/geo/observation-runs/f30a0c3d-2414-48ca-a4e0-725e5340a1ed/retry HTTP/1.1" 422 Unprocessable Entity
INFO:     127.0.0.1:56238 - "GET /api/v1/geo/collection-profiles/2235bfe2-8187-4ead-9039-13523295d7bd HTTP/1.1" 200 OK
  ✓  2 [foundation-desktop] › tests/e2e/geo-api-real-stack.spec.ts:125:1 › 关闭开关的新 API/Worker 消费真实 PENDING，明确失败且 provider 零调用 (389ms)

  1 skipped
  1 passed (701ms)
E2E_SECRET_SCAN status=clean
E2E_RESULT playwright=0 secret_scan=0
INFO:     Shutting down
INFO:     Waiting for application shutdown.
INFO:     Application shutdown complete.
INFO:     Finished server process [52004]

worker: Warm shutdown (MainProcess)
INFO:     Shutting down
INFO:     Waiting for application shutdown.
INFO:     Application shutdown complete.
INFO:     Finished server process [52003]
INFO:     Shutting down
INFO:     Waiting for application shutdown.
INFO:     Application shutdown complete.
INFO:     Finished server process [52002]
E2E_CLEANUP redis_db=14 keys=1 status=deleted
E2E_CLEANUP ports=8000,9001,4174,19009,19012 status=released
E2E_CLEANUP database=partsignal_e2e_20261003_d534eeb5ff5f999b145542e04d8f4c35 status=dropped
E2E_CLEANUP storage=/var/folders/m5/j06tv2sn1hn93d6f33j559jm0000gn/T//partsignal-e2e-storage.ZgVwQo status=removed
E2E_GEO phase=monitoring-disabled status=passed
npm --prefix frontend run e2e

> partsignal-frontend-v2@0.1.0 e2e
> tests/e2e/run-with-secret-scan.sh

[WebServer] (node:52114) Warning: The 'NO_COLOR' env is ignored due to the 'FORCE_COLOR' env being set.
[WebServer] (Use `node --trace-warnings ...` to show where the warning was created)
[WebServer] [plugin builtin:vite-reporter] 
[WebServer] (!) Some chunks are larger than 500 kB after minification. Consider:
[WebServer] - Using dynamic import() to code-split the application
[WebServer] - Use build.rolldownOptions.output.codeSplitting to improve chunking: https://rolldown.rs/reference/OutputOptions.codeSplitting
[WebServer] - Adjust chunk size limit for this warning via build.chunkSizeWarningLimit.
[WebServer] (node:52115) Warning: The 'NO_COLOR' env is ignored due to the 'FORCE_COLOR' env being set.
[WebServer] (Use `node --trace-warnings ...` to show where the warning was created)
[WebServer] (node:52137) Warning: The 'NO_COLOR' env is ignored due to the 'FORCE_COLOR' env being set.
[WebServer] (Use `node --trace-warnings ...` to show where the warning was created)

Running 556 tests using 1 worker

  -    1 [foundation-mobile] › tests/e2e/ai-channel-configuration-real-stack.spec.ts:206:1 › AI Channel Configuration 真实栈闭环
(node:52139) Warning: The 'NO_COLOR' env is ignored due to the 'FORCE_COLOR' env being set.
(Use `node --trace-warnings ...` to show where the warning was created)
  ✓    2 [foundation-mobile] › tests/e2e/ai-channel-list.spec.ts:3:1 › AI Channel List 由安全 GET projection 驱动 canonical URL、筛选与分页 (1.1s)
  ✓    3 [foundation-mobile] › tests/e2e/ai-channel-list.spec.ts:36:1 › AI Channel List 恢复历史并生成未来 Workspace href (310ms)
  ✓    4 [foundation-mobile] › tests/e2e/ai-channel-list.spec.ts:55:1 › AI Channel List 发送三类 revision command，冲突不自动重放 (2.7s)
  ✓    5 [foundation-mobile] › tests/e2e/ai-channel-list.spec.ts:97:1 › AI Channel List 删除 409 被动列表不解冻，显式刷新失败仍保留冲突 (804ms)
  ✓    6 [foundation-mobile] › tests/e2e/ai-channel-list.spec.ts:117:1 › AI Channel List 删除成功后列表刷新失败也不恢复旧行 (679ms)
  ✓    7 [foundation-mobile] › tests/e2e/ai-channel-list.spec.ts:132:1 › AI Channel List 管理员边界、移动响应式和敏感字段边界成立 (318ms)
  ✓    8 [foundation-mobile] › tests/e2e/ai-channel-workspace-models.spec.ts:3:1 › Models 完成发现、创建、冲突 reload、测试、启停与删除闭环 (2.7s)
  ✓    9 [foundation-mobile] › tests/e2e/ai-channel-workspace-models.spec.ts:70:1 › 模型命令先采用 canonical，deferred/reject refresh 只读重试且不重发 (570ms)
  ✓   10 [foundation-mobile] › tests/e2e/ai-channel-workspace-models.spec.ts:103:1 › discovery 409 关闭重开仍冻结，成功 channel reload 后拒绝未知 projection (1.0s)
  ✓   11 [foundation-mobile] › tests/e2e/ai-channel-workspace-models.spec.ts:136:1 › dirty 配置进入 Models 需确认，确认后卸载表单且四档宽度无根溢出 (472ms)
  ✓   12 [foundation-mobile] › tests/e2e/ai-channel-workspace-runtime.spec.ts:9:1 › Usage canonical URL、服务端 period 与 history 恢复一致 (387ms)
  ✓   13 [foundation-mobile] › tests/e2e/ai-channel-workspace-runtime.spec.ts:40:1 › Channel 与 Model Runtime 主任务进入真实 Usage (365ms)
  ✓   14 [foundation-mobile] › tests/e2e/ai-channel-workspace-runtime.spec.ts:56:1 › Logs 保持服务端分页和 actor，详情按需读取且未知 shape 显式失败 (660ms)
  ✓   15 [foundation-mobile] › tests/e2e/ai-channel-workspace-runtime.spec.ts:114:1 › Runtime 局部错误、越界恢复与四档根溢出边界成立 (454ms)
  -   16 [foundation-mobile] › tests/e2e/catalog-real-stack.spec.ts:50:1 › 从已批准事实的 Product 建立唯一监测身份、竞品和字典，刷新及 ENGINEER 只读
  ✓   17 [foundation-mobile] › tests/e2e/catalog-ui.spec.ts:17:1 › Catalog 页面局部滚动、URL 恢复、键盘确认与焦点返回 (615ms)
  ✓   18 [foundation-mobile] › tests/e2e/catalog-ui.spec.ts:50:1 › ENGINEER 直接访问只读详情及 new URL，无配置入口或写操作 (268ms)
  -   19 [foundation-mobile] › tests/e2e/content-ai-real-stack.spec.ts:269:1 › AI Production：成功、自然化、失败详情与 exact snapshot retry
  ✓   20 [foundation-mobile] › tests/e2e/content-editor.spec.ts:6:1 › 从 List/Detail primary 进入 canonical Editor，direct/refresh 只读取 Editor Context (748ms)
  ✓   21 [foundation-mobile] › tests/e2e/content-editor.spec.ts:26:1 › no-draft 创建完整人工首稿，不创建 AI lineage，并携带 CSRF (401ms)
  ✓   22 [foundation-mobile] › tests/e2e/content-editor.spec.ts:60:1 › AI generation 按需确认 Prompt/model，terminal 后采用服务端 current pointer (3.0s)
  ✓   23 [foundation-mobile] › tests/e2e/content-editor.spec.ts:94:1 › generation failure 按需读取完整 snapshot，并只按原 job retry (5.7s)
  ✓   24 [foundation-mobile] › tests/e2e/content-editor.spec.ts:128:1 › HUMAN DRAFT DirtyGuard、Preview/Diff 与 Ctrl/Cmd+S 使用 canonical revision (1.0s)
  ✓   25 [foundation-mobile] › tests/e2e/content-editor.spec.ts:171:1 › DirtyGuard 覆盖浏览器 Back/Forward，确认离开后丢弃本地草稿 (419ms)
  ✓   26 [foundation-mobile] › tests/e2e/content-editor.spec.ts:188:1 › AI DRAFT 保持源版本只读，显示 snapshot 摘要并创建 based_on 人工 revision (351ms)
  ✓   27 [foundation-mobile] › tests/e2e/content-editor.spec.ts:217:1 › CREATE_HUMANIZATION_JOB 创建新 job/版本，源 AI DRAFT 保持只读 (3.0s)
  ✓   28 [foundation-mobile] › tests/e2e/content-editor.spec.ts:240:1 › CHANGES_REQUESTED 不原地编辑，创建 based_on 人工 revision (272ms)
  ✓   29 [foundation-mobile] › tests/e2e/content-editor.spec.ts:256:1 › 409 保留本地输入和请求 ID，只在显式 reload 后采用服务端版本 (385ms)
  ✓   30 [foundation-mobile] › tests/e2e/content-editor.spec.ts:275:1 › SUBMIT_REVIEW 409 保留 Dialog 与本地输入，失败 reload 不采用旧 cache，成功后采用 canonical context (697ms)
  ✓   31 [foundation-mobile] › tests/e2e/content-editor.spec.ts:332:1 › SUBMIT_REVIEW 冲突后取消只关闭 Dialog，不读不写并保留页面冲突 (435ms)
  ✓   32 [foundation-mobile] › tests/e2e/content-editor.spec.ts:356:1 › dirty 必须先保存再提交审核，提交后停留 Editor 且不暴露 Review actions (651ms)
  ✓   33 [foundation-mobile] › tests/e2e/content-editor.spec.ts:382:1 › DELETE 只物理删除人工草稿，并采用服务端恢复的父版本主线 (505ms)
  ✓   34 [foundation-mobile] › tests/e2e/content-editor.spec.ts:401:1 › ABANDON 保留历史且只采用服务端返回的新主线 (406ms)
  ✓   35 [foundation-mobile] › tests/e2e/content-editor.spec.ts:421:1 › 375/768/1024/1440 复用 Workspace 响应式、键盘焦点且 StickyActionBar 不遮挡正文 (330ms)
  ✓   36 [foundation-mobile] › tests/e2e/content-editor.spec.ts:450:1 › 后台主线变化保留 dirty 草稿与提交备注，显式重载才采用新主线 (423ms)
  ✓   37 [foundation-mobile] › tests/e2e/content-editor.spec.ts:476:1 › AI terminal 保留生成期间编辑的人工首稿 (3.1s)
  -   38 [foundation-mobile] › tests/e2e/content-review-real-stack.spec.ts:200:1 › Flow A：人工内容批准后进入只读版本并出现发布交接
  -   39 [foundation-mobile] › tests/e2e/content-review-real-stack.spec.ts:293:1 › Flow B：退回后创建 HUMAN revision，重新送审批准且历史不串线
  ✓   40 [foundation-mobile] › tests/e2e/content-review.spec.ts:6:1 › direct URL、refresh、Back 与 Forward 始终读取 task-scoped Review Context (652ms)
  ✓   41 [foundation-mobile] › tests/e2e/content-review.spec.ts:33:1 › 一次快照展示 canonical、blocking/warnings、fact、platform、diff 与 timeline (314ms)
  ✓   42 [foundation-mobile] › tests/e2e/content-review.spec.ts:53:3 › approved 状态只读且不从 status 推导审核动作 (253ms)
  ✓   43 [foundation-mobile] › tests/e2e/content-review.spec.ts:53:3 › changes-requested 状态只读且不从 status 推导审核动作 (194ms)
  ✓   44 [foundation-mobile] › tests/e2e/content-review.spec.ts:53:3 › readonly 状态只读且不从 status 推导审核动作 (255ms)
  ✓   45 [foundation-mobile] › tests/e2e/content-review.spec.ts:62:1 › APPROVE 携带 CSRF/expected_revision，成功后重新读取 canonical state (333ms)
  ✓   46 [foundation-mobile] › tests/e2e/content-review.spec.ts:82:1 › REQUEST_CHANGES 校验并修剪意见，Esc 后焦点返回真实触发器 (749ms)
  ✓   47 [foundation-mobile] › tests/e2e/content-review.spec.ts:114:1 › 409 保留用户输入和 request ID，刷新 canonical context 且不自动重放 (376ms)
  ✓   48 [foundation-mobile] › tests/e2e/content-review.spec.ts:132:1 › 结构化 422 回到意见字段并保留输入 (365ms)
  ✓   49 [foundation-mobile] › tests/e2e/content-review.spec.ts:146:1 › loading 完成后展示 canonical 页面 (261ms)
  ✓   50 [foundation-mobile] › tests/e2e/content-review.spec.ts:154:1 › error 展示 request ID，显式 retry 后恢复 (285ms)
  ✓   51 [foundation-mobile] › tests/e2e/content-review.spec.ts:164:1 › 375/1440 使用既有 WorkspaceShell 响应式形态 (185ms)
  -   52 [foundation-mobile] › tests/e2e/content-review.spec.ts:178:1 › 768/1024 保持 tabbed workspace 且内容无水平溢出
  ✓   53 [foundation-mobile] › tests/e2e/content-task-detail.spec.ts:7:1 › 从 Content Task List 进入，页面只以单一 Detail endpoint 绘制完整摘要 (324ms)
  ✓   54 [foundation-mobile] › tests/e2e/content-task-detail.spec.ts:25:1 › direct navigation、refresh、Back/Forward 保持 canonical Detail route (358ms)
  ✓   55 [foundation-mobile] › tests/e2e/content-task-detail.spec.ts:38:1 › compact section 没有数据时显式显示“暂无”，不触发 join API (147ms)
  ✓   56 [foundation-mobile] › tests/e2e/content-task-detail.spec.ts:46:1 › 服务端 primary_task 与 lifecycle overflow 生效，409 不重放并 canonical refetch (569ms)
  ✓   57 [foundation-mobile] › tests/e2e/content-task-detail.spec.ts:63:1 › loading、404、403 与 generic retry 都有明确状态 (646ms)
  ✓   58 [foundation-mobile] › tests/e2e/content-task-detail.spec.ts:89:1 › archived verified 与 cancelled Detail 明确只读，保留服务端 primary (337ms)
  ✓   59 [foundation-mobile] › tests/e2e/content-task-detail.spec.ts:103:1 › 375/768/1024/1440 无根横溢出，overflow 可键盘操作并返回焦点 (487ms)
  ✓   60 [foundation-mobile] › tests/e2e/content-task-list.spec.ts:5:1 › Content Tasks 由服务端 projection 驱动固定列、链接、搜索、筛选与分页 (670ms)
  ✓   61 [foundation-mobile] › tests/e2e/content-task-list.spec.ts:49:1 › Content Tasks URL 支持 direct、refresh、Back/Forward，并规范化非法参数 (430ms)
  ✓   62 [foundation-mobile] › tests/e2e/content-task-list.spec.ts:68:1 › Query Topic 两类 resolve URL 成对映射服务端筛选并可清除 (196ms)
  ✓   63 [foundation-mobile] › tests/e2e/content-task-list.spec.ts:79:1 › Content lifecycle 使用服务端 token、CSRF、comment 和 revision，409 不重放 (1.2s)
  ✓   64 [foundation-mobile] › tests/e2e/content-task-list.spec.ts:113:1 › 已归档视图使用实时永久删除 preview 和精确确认文本 (667ms)
  ✓   65 [foundation-mobile] › tests/e2e/content-task-list.spec.ts:135:1 › Content Tasks 明确呈现 loading、empty、filtered empty、error 与 retry (509ms)
  ✓   66 [foundation-mobile] › tests/e2e/content-task-list.spec.ts:157:1 › Content Tasks 在目标宽度无页面级横向溢出，键盘与 Dialog 焦点可恢复 (345ms)
  -   67 [foundation-mobile] › tests/e2e/content-version-detail-real-stack.spec.ts:135:1 › 独立真实栈：单一 detail GET 读取 HUMAN 当前版本且页面无写入口
  ✓   68 [foundation-mobile] › tests/e2e/content-version-detail.spec.ts:11:1 › 从 Content Task 以键盘进入只读详情，refresh 与 Back/Forward 保持单一 detail 数据边界 (581ms)
  ✓   69 [foundation-mobile] › tests/e2e/content-version-detail.spec.ts:67:1 › HUMAN/AI 与六种 status、当前和历史版本都不生成业务动作 (791ms)
  ✓   70 [foundation-mobile] › tests/e2e/content-version-detail.spec.ts:100:1 › 缺失 Prompt/model/generation/review snapshot 与更新时间时显示诚实空态 (188ms)
  ✓   71 [foundation-mobile] › tests/e2e/content-version-detail.spec.ts:130:1 › 覆盖 loading、404、403、通用错误与 retry (625ms)
  ✓   72 [foundation-mobile] › tests/e2e/fact-history.spec.ts:12:1 › VIEW_FACT_HISTORY 进入 canonical 列表，保持服务端顺序、URL 历史与只读详情导航 (594ms)
  ✓   73 [foundation-mobile] › tests/e2e/fact-history.spec.ts:58:1 › direct navigation 覆盖 loading、empty、404、403、通用错误与 retry (746ms)
  ✓   74 [foundation-mobile] › tests/e2e/fact-history.spec.ts:89:1 › 历史响应包含其他产品版本时阻断整张表 (154ms)
  ✓   75 [foundation-mobile] › tests/e2e/fact-history.spec.ts:104:1 › 事实历史在四档宽度无页面级横向溢出，表格区和版本链接可获得焦点 (171ms)
  ✓   76 [foundation-mobile] › tests/e2e/fact-review.spec.ts:16:1 › direct/refresh 只读一个审核 context，展示不可变 Markdown、Diff、历史并适配四档宽度 (354ms)
  ✓   77 [foundation-mobile] › tests/e2e/fact-review.spec.ts:53:1 › APPROVE 使用服务端 token、CSRF 与 expected_revision，成功后刷新 canonical context (613ms)
  ✓   78 [foundation-mobile] › tests/e2e/fact-review.spec.ts:81:1 › REQUEST_CHANGES 不从 status 推导动作，拒绝空意见并追加目标版本历史 (485ms)
  ✓   79 [foundation-mobile] › tests/e2e/fact-review.spec.ts:113:1 › 409 不重放命令，展示 request ID 并刷新最新 revision (589ms)
  ✓   80 [foundation-mobile] › tests/e2e/fact-review.spec.ts:144:1 › 覆盖 loading、empty、404、403、通用错误与 retry (724ms)
  ✓   81 [foundation-mobile] › tests/e2e/fact-version-detail.spec.ts:19:1 › 从 Product Detail 以键盘进入只读详情，refresh 保持单一 FactVersion 数据边界并适配四档宽度 (397ms)
  ✓   82 [foundation-mobile] › tests/e2e/fact-version-detail.spec.ts:66:1 › direct navigation 展示 approved、pending、changes requested，并保持返回导航与阅读焦点顺序 (417ms)
  ✓   83 [foundation-mobile] › tests/e2e/fact-version-detail.spec.ts:112:1 › productId 与 FactVersion.product_id 不一致时阻断全部 snapshot 内容 (174ms)
  ✓   84 [foundation-mobile] › tests/e2e/fact-version-detail.spec.ts:130:1 › 覆盖 loading、404、403、通用错误与 retry (614ms)
  ✓   85 [foundation-mobile] › tests/e2e/fact-workspace.spec.ts:16:1 › direct/refresh 只读取一个 workspace read model，并适配 375/768/1024/1440 (386ms)
  ✓   86 [foundation-mobile] › tests/e2e/fact-workspace.spec.ts:46:1 › DirtyGuard 保留编辑，Ctrl/Cmd+S 携带 CSRF/expected_revision 并采用 canonical response (574ms)
  ✓   87 [foundation-mobile] › tests/e2e/fact-workspace.spec.ts:73:1 › revision conflict 保留本地 Markdown，只有显式 reload 才采用服务端版本 (375ms)
  ✓   88 [foundation-mobile] › tests/e2e/fact-workspace.spec.ts:93:1 › 提交创建 PENDING_REVIEW 响应后停留工作台，并以 refetch actions 隐藏提交 (552ms)
  ✓   89 [foundation-mobile] › tests/e2e/fact-workspace.spec.ts:115:1 › 提交时 revision conflict 保留当前工作台并显示请求 ID (418ms)
  ✓   90 [foundation-mobile] › tests/e2e/fact-workspace.spec.ts:132:1 › 覆盖 loading、空 Markdown、预期错误、retry 与 RETIRED 只读状态 (712ms)
  ✓   91 [foundation-mobile] › tests/e2e/foundation-smoke.spec.ts:3:1 › production artifact 支持 App Shell 与响应式导航 (325ms)
  ✓   92 [foundation-mobile] › tests/e2e/geo-insights.spec.ts:6:1 › direct URL 映射筛选并完整呈现 read model、替代数据和精确 drill-down (226ms)
  ✓   93 [foundation-mobile] › tests/e2e/geo-insights.spec.ts:27:1 › 筛选写回 canonical URL，reset 与浏览器历史恢复 (482ms)
  ✓   94 [foundation-mobile] › tests/e2e/geo-insights.spec.ts:41:1 › loading、首次错误重试与 empty/unavailable 状态彼此区分 (469ms)
  ✓   95 [foundation-mobile] › tests/e2e/geo-insights.spec.ts:62:1 › 优化 Dialog 按需读取 options，以响应 ID 导航并携带稳定命令头 (652ms)
  ✓   96 [foundation-mobile] › tests/e2e/geo-insights.spec.ts:80:1 › 优化 POST pending 时取消、Escape 与外点都不能重建命令会话 (676ms)
  ✓   97 [foundation-mobile] › tests/e2e/geo-insights.spec.ts:100:1 › stale/409 不自动重放，保留选择并要求显式刷新 (764ms)
  ✓   98 [foundation-mobile] › tests/e2e/geo-insights.spec.ts:127:1 › stale 刷新后来源消失仍保留目标与 request ID，并禁止再次 POST (697ms)
  ✓   99 [foundation-mobile] › tests/e2e/geo-insights.spec.ts:144:1 › 后台撤销优化来源或创建选项失败时旧选择可见但不能提交 (629ms)
  ✓  100 [foundation-mobile] › tests/e2e/geo-insights.spec.ts:177:1 › 后台创建选项撤销已批准事实版本后阻止旧目标 POST (610ms)
  ✓  101 [foundation-mobile] › tests/e2e/geo-insights.spec.ts:195:1 › 打印报告使用相同查询，只呈现只读数据并调用浏览器打印 (268ms)
  ✓  102 [foundation-mobile] › tests/e2e/geo-insights.spec.ts:257:1 › Screen 打印入口完整保留七项筛选并支持浏览器历史 (291ms)
  ✓  103 [foundation-mobile] › tests/e2e/geo-insights.spec.ts:270:1 › 打印报告规范化参数，并区分 loading、error、empty 与 unavailable (482ms)
  ✓  104 [foundation-mobile] › tests/e2e/geo-observation-correction.spec.ts:48:1 › 从 Detail CORRECT 入口进入，历史 ID 先 replace 到服务端 canonical 尾 (611ms)
  ✓  105 [foundation-mobile] › tests/e2e/geo-observation-correction.spec.ts:81:1 › 校验显式事实；上传失败只重试 complete，POST 防重复并按响应 ID 交接 (1.1s)
  ✓  106 [foundation-mobile] › tests/e2e/geo-observation-correction.spec.ts:161:5 › 更正冲突 › publication-conflict 不重放；显式刷新按 ID 合并草稿、证据和新尾 (1.6s)
  ✓  107 [foundation-mobile] › tests/e2e/geo-observation-correction.spec.ts:161:5 › 更正冲突 › successor-conflict 不重放；显式刷新按 ID 合并草稿、证据和新尾 (1.6s)
  ✓  108 [foundation-mobile] › tests/e2e/geo-observation-correction.spec.ts:212:1 › successor 后显式上下文刷新失败仍冻结旧尾并保留草稿与 request ID (948ms)
  ✓  109 [foundation-mobile] › tests/e2e/geo-observation-correction.spec.ts:240:1 › 链上下文不完整后禁止重放，显式 GET 失败也不能用缓存旧数据解冻 (892ms)
  ✓  110 [foundation-mobile] › tests/e2e/geo-observation-correction.spec.ts:264:1 › upload complete 悬停跨布局时阻止 POST，成功后仅提交新证据 (943ms)
  ✓  111 [foundation-mobile] › tests/e2e/geo-observation-correction.spec.ts:290:1 › 空白草稿开始上传后，离开仍需确认 (501ms)
  ✓  112 [foundation-mobile] › tests/e2e/geo-observation-correction.spec.ts:309:1 › 后台读取撤销更正资格后冻结旧上下文与写入入口 (746ms)
  ✓  113 [foundation-mobile] › tests/e2e/geo-observation-correction.spec.ts:328:1 › loading、404、403、Legacy 与提交时权限变化均明确且保留输入 (3.1s)
  ✓  114 [foundation-mobile] › tests/e2e/geo-observation-correction.spec.ts:363:1 › DirtyGuard、键盘主动作与 375/768/1024/1440 布局可达 (491ms)
  ✓  115 [foundation-mobile] › tests/e2e/geo-observation-detail.spec.ts:8:1 › List 进入 Detail，direct URL、refresh、Back 和 Forward 保持 canonical route (394ms)
  ✓  116 [foundation-mobile] › tests/e2e/geo-observation-detail.spec.ts:28:1 › Manual 一次请求展示 selected record、完整 chain、direct evidence 和 tail actions (926ms)
  ✓  117 [foundation-mobile] › tests/e2e/geo-observation-detail.spec.ts:77:1 › Legacy 只展示合同真实存在的 recommendation、citation 与 frozen article (158ms)
  ✓  118 [foundation-mobile] › tests/e2e/geo-observation-detail.spec.ts:93:1 › loading、409、retry 与 contract error 均不回退到旧 GET (275ms)
  ✓  119 [foundation-mobile] › tests/e2e/geo-observation-detail.spec.ts:112:1 › 404、403 和普通读取失败明确展示错误，不使用旧单条 GET (662ms)
  ✓  120 [foundation-mobile] › tests/e2e/geo-observation-detail.spec.ts:130:1 › 删除确认期间后台撤销尾节点动作，确认禁用且焦点回到标题 (616ms)
  ✓  121 [foundation-mobile] › tests/e2e/geo-observation-detail.spec.ts:150:1 › DELETE 409 冻结旧确认，显式重载后需重新打开并人工确认 (1.3s)
  ✓  122 [foundation-mobile] › tests/e2e/geo-observation-detail.spec.ts:179:1 › 375/768/1024/1440 无根级横向溢出且键盘可达 (277ms)
  ✓  123 [foundation-mobile] › tests/e2e/geo-observations.spec.ts:5:1 › 八列紧凑列表只提供 canonical links 和服务端投影动作 (241ms)
  ✓  124 [foundation-mobile] › tests/e2e/geo-observations.spec.ts:31:1 › URL 参数逐项映射 API，支持排序、分页和 canonical replace (765ms)
  ✓  125 [foundation-mobile] › tests/e2e/geo-observations.spec.ts:77:1 › Query Topic resolve URL 精确映射服务端筛选并可清除 (214ms)
  ✓  126 [foundation-mobile] › tests/e2e/geo-observations.spec.ts:86:1 › loading、empty、filtered-empty、error 与 retry 诚实可见 (593ms)
  ✓  127 [foundation-mobile] › tests/e2e/geo-observations.spec.ts:108:1 › 键盘 Dialog 返回焦点，删除只发送一次且携带 CSRF (866ms)
  ✓  128 [foundation-mobile] › tests/e2e/geo-observations.spec.ts:130:1 › 375/768/1024/1440 页面根无横向溢出，表格只在区域内滚动 (164ms)
  ✓  129 [foundation-mobile] › tests/e2e/geo-observations.spec.ts:147:1 › 确认删除期间背景移除行仍保留 Dialog，取消后焦点回到标题 (620ms)
  -  130 [foundation-mobile] › tests/e2e/geo-real-stack.spec.ts:346:1 › Flow A：新建 Observation 后追加 Correction，原记录保持不可变
  -  131 [foundation-mobile] › tests/e2e/geo-real-stack.spec.ts:581:1 › Flow B：真实 Insights 复算异常并创建带不可变 GEO 来源的优化任务
  ✓  132 [foundation-mobile] › tests/e2e/geo-topics.spec.ts:5:1 › 五列只消费服务端动作，primary 携带 canonical handoff，引用链接精确可解析 (542ms)
  ✓  133 [foundation-mobile] › tests/e2e/geo-topics.spec.ts:48:1 › 引用 Dialog 从当前 exact list projection 实时更新 (363ms)
  ✓  134 [foundation-mobile] › tests/e2e/geo-topics.spec.ts:72:1 › 删除 Dialog 按最新 blocker/资格原位切换，并以最新 revision 确认 (501ms)
  ✓  135 [foundation-mobile] › tests/e2e/geo-topics.spec.ts:125:1 › 删除确认在 exact list fetching/error/目标消失时保持阻断 (371ms)
  ✓  136 [foundation-mobile] › tests/e2e/geo-topics.spec.ts:172:1 › 搜索、排序、分页进入 URL/API，direct、refresh、Back/Forward 保持 canonical (693ms)
  ✓  137 [foundation-mobile] › tests/e2e/geo-topics.spec.ts:204:1 › loading、empty、filtered-empty、error/retry 与四档根宽度状态诚实 (584ms)
  ✓  138 [foundation-mobile] › tests/e2e/geo-topics.spec.ts:237:1 › 创建与更新携带 CSRF/revision；409 保留草稿并只在显式 reload 后恢复 (1.1s)
  ✓  139 [foundation-mobile] › tests/e2e/geo-topics.spec.ts:323:1 › DELETE 只对服务端允许的行出现，确认后只发送一次 expected_revision (766ms)
  ✓  140 [foundation-mobile] › tests/e2e/geo-topics.spec.ts:350:1 › DELETE 409 不自动重放，显式 reload revision 后才允许再次确认 (718ms)
  ✓  141 [foundation-mobile] › tests/e2e/geo-topics.spec.ts:403:1 › DELETE 引用竞态显示服务端最新类型、数量和 canonical resolve links (483ms)
  ✓  142 [foundation-mobile] › tests/e2e/legacy-routing.spec.ts:10:1 › 全部登记 legacy pathname 进入唯一 canonical pathname (2.4s)
  ✓  143 [foundation-mobile] › tests/e2e/legacy-routing.spec.ts:39:1 › query 白名单、workspace 与 Publishing 优先级写入 canonical URL (1.0s)
  ✓  144 [foundation-mobile] › tests/e2e/legacy-routing.spec.ts:71:1 › replace 保留 refresh、Back 与 Forward 的 canonical 历史 (287ms)
  ✓  145 [foundation-mobile] › tests/e2e/legacy-routing.spec.ts:83:1 › 匿名 legacy deep link 登录后恢复并归一化，恶意 return-to 回安全默认 (407ms)
  ✓  146 [foundation-mobile] › tests/e2e/legacy-routing.spec.ts:103:1 › must-change 与 ENGINEER 权限由既有 boundary 裁决 (239ms)
  ✓  147 [foundation-mobile] › tests/e2e/legacy-routing.spec.ts:114:1 › 未知 path 显式 404，canonical 资源错误保留，Product Detail 保持 Facts 入口 (357ms)
  ✓  148 [foundation-mobile] › tests/e2e/new-content-task.spec.ts:27:1 › Content Task List Page Primary 进入可直达、刷新的三字段创建页 (370ms)
  ✓  149 [foundation-mobile] › tests/e2e/new-content-task.spec.ts:50:1 › Product Detail CREATE_CONTENT_TASK handoff 进入 URL 并经服务端资格确认后预选 (300ms)
  ✓  150 [foundation-mobile] › tests/e2e/new-content-task.spec.ts:65:1 › productId direct/refresh/Back/Forward 恢复，非法、不存在、停用和无事实都不静默改选 (2.4s)
  ✓  151 [foundation-mobile] › tests/e2e/new-content-task.spec.ts:120:1 › Product 只显示所属 approved facts，换 Product 清除旧事实，Platform 只显示活动具体平台 (1.1s)
  ✓  152 [foundation-mobile] › tests/e2e/new-content-task.spec.ts:141:1 › POST 发送精确 ContentTaskCreate 与稳定 Idempotency-Key，pending 防重，成功进入 canonical Detail (1.3s)
  ✓  153 [foundation-mobile] › tests/e2e/new-content-task.spec.ts:172:1 › 失败保留选择与同键重试，字段错误、403/404/409 与 IDEMPOTENCY_CONFLICT 显示 request ID (1.3s)
  ✓  154 [foundation-mobile] › tests/e2e/new-content-task.spec.ts:208:1 › options loading/error/retry/empty 均有明确恢复路径 (443ms)
  ✓  155 [foundation-mobile] › tests/e2e/new-content-task.spec.ts:225:1 › DirtyGuard 覆盖 Cancel (1.3s)
  ✓  156 [foundation-mobile] › tests/e2e/new-content-task.spec.ts:244:1 › DirtyGuard 覆盖浏览器 Back (847ms)
  ✓  157 [foundation-mobile] › tests/e2e/new-content-task.spec.ts:256:1 › 创建页在 375/768/1024/1440 无页面横溢出，键盘可选择且焦点可见 (363ms)
  ✓  158 [foundation-mobile] › tests/e2e/new-geo-observation.spec.ts:62:1 › 列表 Primary、直接访问和刷新都进入 canonical 创建 Workspace (406ms)
  ✓  159 [foundation-mobile] › tests/e2e/new-geo-observation.spec.ts:76:1 › queryTopicId 与 geoPlatform handoff 支持 direct URL 与刷新，不存在 Topic 时明确阻止提交 (445ms)
  ✓  160 [foundation-mobile] › tests/e2e/new-geo-observation.spec.ts:99:1 › 候选 loading 诚实可见且阻止创建 (493ms)
  ✓  161 [foundation-mobile] › tests/e2e/new-geo-observation.spec.ts:111:1 › 候选 empty 提供可用出口且阻止创建 (468ms)
  ✓  162 [foundation-mobile] › tests/e2e/new-geo-observation.spec.ts:124:1 › 客户端校验显式事实；上传后 POST 防重复并 canonical handoff (2.5s)
  ✓  163 [foundation-mobile] › tests/e2e/new-geo-observation.spec.ts:186:1 › 证据 complete 未结束且跨布局时不能创建，完成后才提交附件 (2.3s)
  ✓  164 [foundation-mobile] › tests/e2e/new-geo-observation.spec.ts:212:1 › 空白表单上传期间离开需确认，保留上传后可继续校验 (775ms)
  ✓  165 [foundation-mobile] › tests/e2e/new-geo-observation.spec.ts:236:1 › 候选冲突不重放创建，显式刷新后保留输入并允许人工重试 (2.3s)
  ✓  166 [foundation-mobile] › tests/e2e/new-geo-observation.spec.ts:256:1 › DirtyGuard 覆盖 Cancel，Back/Forward 可恢复 canonical 页面；四档宽度无溢出 (1.2s)
  ✓  167 [foundation-mobile] › tests/e2e/new-product.spec.ts:11:1 › Products 唯一 page Primary 进入可直达、刷新并保持导航上下文的新建页 (350ms)
  ✓  168 [foundation-mobile] › tests/e2e/new-product.spec.ts:27:1 › 客户端阻止必填和纯空白请求，并关联字段说明、错误与 ErrorSummary (174ms)
  ✓  169 [foundation-mobile] › tests/e2e/new-product.spec.ts:42:1 › POST 使用 trim body 与 CSRF，pending 防重复，成功清除 DirtyGuard 并使列表重新获取 (350ms)
  ✓  170 [foundation-mobile] › tests/e2e/new-product.spec.ts:70:1 › duplicate、字段校验与 forbidden 使用结构化位置/form summary，修正后可重试 (461ms)
  ✓  171 [foundation-mobile] › tests/e2e/new-product.spec.ts:102:1 › dirty Cancel 与浏览器返回均支持留在页面或确认离开 (982ms)
  ✓  172 [foundation-mobile] › tests/e2e/new-product.spec.ts:128:1 › 新建页在 375/1440 无页面级横向溢出，键盘可达且焦点可见 (178ms)
  ✓  173 [foundation-mobile] › tests/e2e/platform-list.spec.ts:3:1 › Platform List 由 GET projection 驱动搜索、筛选、分页与 canonical URL (857ms)
  ✓  174 [foundation-mobile] › tests/e2e/platform-list.spec.ts:40:1 › Platform List 刷新与历史恢复搜索状态，名称点击交接 canonical Workspace (366ms)
  ✓  175 [foundation-mobile] › tests/e2e/platform-list.spec.ts:59:1 › Platform List 呈现服务端 Primary、overflow、删除条件与 revision command (753ms)
  ✓  176 [foundation-mobile] › tests/e2e/platform-list.spec.ts:85:1 › Platform Profile 删除 Dialog 在 focus projection 更新后禁止陈旧提交并使用最新 revision (503ms)
  ✓  177 [foundation-mobile] › tests/e2e/platform-list.spec.ts:124:1 › Platform List 删除已接受但列表同步失败时冻结旧行，显式刷新后不重复删除 (623ms)
  ✓  178 [foundation-mobile] › tests/e2e/platform-list.spec.ts:142:1 › Platform List 删除 409 关闭重开后仍需显式成功重读 (1.1s)
  ✓  179 [foundation-mobile] › tests/e2e/platform-list.spec.ts:165:1 › Platform List 删除末页唯一行后返回上一页并恢复命令 (565ms)
  ✓  180 [foundation-mobile] › tests/e2e/platform-list.spec.ts:190:1 › Platform List 在 375/768/1024/1440 无页面级横向溢出且移动端动作可达 (198ms)
  ✓  181 [foundation-mobile] › tests/e2e/platform-types.spec.ts:5:1 › 从 Platform Settings 与 Workspace 进入 subsettings，支持 direct/refresh/back/forward (715ms)
  ✓  182 [foundation-mobile] › tests/e2e/platform-types.spec.ts:34:1 › 创建、编辑和删除只提交 Name、Slug、CSRF 与 canonical revision (1.1s)
  ✓  183 [foundation-mobile] › tests/e2e/platform-types.spec.ts:85:1 › blocker、编辑冲突和删除冲突均保留服务端权威与显式 reload (1.5s)
  ✓  184 [foundation-mobile] › tests/e2e/platform-types.spec.ts:139:1 › Platform Type 删除 Dialog 重新聚焦后采用最新 projection 与 revision (454ms)
  ✓  185 [foundation-mobile] › tests/e2e/platform-types.spec.ts:163:1 › 非管理员由 route 在业务请求前拒绝 (150ms)
  ✓  186 [foundation-mobile] › tests/e2e/platform-types.spec.ts:171:1 › error retry 与 375/768/1024/1440 production artifact 均保持四字段和动作可达 (264ms)
  ✓  187 [foundation-mobile] › tests/e2e/platform-workspace.spec.ts:5:1 › Platform List 进入 canonical Workspace，Tab URL 支持 refresh/back/forward (1.0s)
  ✓  188 [foundation-mobile] › tests/e2e/platform-workspace.spec.ts:43:1 › Overview 取消与保存只发送单个 revision PATCH，官网候选确认后才绑定 (390ms)
  ✓  189 [foundation-mobile] › tests/e2e/platform-workspace.spec.ts:82:1 › Logo 手工上传只接受图片并通过 PLATFORM_LOGO 生命周期，移除由下一次 PATCH 完成 (380ms)
  ✓  190 [foundation-mobile] › tests/e2e/platform-workspace.spec.ts:123:1 › Accounts 保持移动端可达，Generation 绑定/解绑并在 409 保留选择 (481ms)
  ✓  191 [foundation-mobile] › tests/e2e/platform-workspace.spec.ts:151:1 › Accounts 创建、编辑、停用与删除在响应式产物中保持 revision 闭环 (1.6s)
  ✓  192 [foundation-mobile] › tests/e2e/platform-workspace.spec.ts:194:1 › Accounts 删除 Dialog 只使用独立 accounts query 的 focus 最新 projection (470ms)
  ✓  193 [foundation-mobile] › tests/e2e/platform-workspace.spec.ts:217:1 › Accounts 删除 409 关闭重开仍冻结，失败 reload 不解冻且 A/B hold 隔离 (1.2s)
  ✓  194 [foundation-mobile] › tests/e2e/platform-workspace.spec.ts:248:1 › Accounts 最新 query 移除目标后关闭删除 Dialog 且不提交陈旧请求 (349ms)
  ✓  195 [foundation-mobile] › tests/e2e/platform-workspace.spec.ts:270:1 › DirtyGuard 覆盖 Tab 离开；404/403/error retry 分别呈现 (1.6s)
  ✓  196 [foundation-mobile] › tests/e2e/platform-workspace.spec.ts:302:1 › 375/768/1024/1440 无页面横向溢出，read-only projection 不加载 Prompt options (227ms)
  ✓  197 [foundation-mobile] › tests/e2e/product-detail.spec.ts:71:1 › 从 Products 名称进入单请求详情，并支持 direct URL、refresh、Back/Forward 与导航上下文 (1.5s)
  ✓  198 [foundation-mobile] › tests/e2e/product-detail.spec.ts:94:1 › 按既定顺序展示 facts/content/publishing/GEO compact summary 与服务端已排序 Activity (197ms)
  ✓  199 [foundation-mobile] › tests/e2e/product-detail.spec.ts:120:1 › 空摘要只显示“暂无”，primary/overflow 只随服务端 token 与 projection 变化 (206ms)
  ✓  200 [foundation-mobile] › tests/e2e/product-detail.spec.ts:147:1 › UPDATE 仅发送 ProductUpdate；REVISION_CONFLICT 展示请求 ID 并刷新 canonical detail (803ms)
  ✓  201 [foundation-mobile] › tests/e2e/product-detail.spec.ts:182:1 › 删除入口消费 blocker、expected_revision；冲突刷新后可按 canonical projection 重试 (1.6s)
  ✓  202 [foundation-mobile] › tests/e2e/product-detail.spec.ts:216:1 › 明确区分 404、403、普通错误 retry，并在 375/768/1024/1440 保持键盘可达且无横向溢出 (653ms)
  -  203 [foundation-mobile] › tests/e2e/product-facts-real-stack.spec.ts:134:1 › Flow A：批准事实后展示不可变版本并交接 CREATE_CONTENT_TASK
  -  204 [foundation-mobile] › tests/e2e/product-facts-real-stack.spec.ts:231:1 › Flow B：退回后修订产生新版本，审核历史严格归属当前 FactVersion
  -  205 [foundation-mobile] › tests/e2e/product-facts-real-stack.spec.ts:319:1 › Flow D：过期 revision 真实返回 409，不重放并保留服务端最新状态
  -  206 [foundation-mobile] › tests/e2e/product-facts-real-stack.spec.ts:400:1 › Flow C：独立 ContentTask 经人工首稿、保存后提交审核
  ✓  207 [foundation-mobile] › tests/e2e/products-list.spec.ts:3:1 › Products 列表仅以 GET projection 驱动 URL 搜索、筛选、排序和分页 (665ms)
  ✓  208 [foundation-mobile] › tests/e2e/products-list.spec.ts:44:1 › Products URL 可刷新和历史恢复，非法参数由 route schema 规范化 (579ms)
  ✓  209 [foundation-mobile] › tests/e2e/products-list.spec.ts:76:1 › Products 行只呈现服务端 primary、overflow 与删除条件 (394ms)
  ✓  210 [foundation-mobile] › tests/e2e/products-list.spec.ts:94:1 › Products 明确呈现 loading、empty、filtered empty、error 与 retry (664ms)
  ✓  211 [foundation-mobile] › tests/e2e/products-list.spec.ts:117:1 › Products 在目标宽度无页面级横向溢出且键盘焦点可操作 (280ms)
  ✓  212 [foundation-mobile] › tests/e2e/prompt-workspace.spec.ts:14:1 › 管理员从导航进入 Prompt Workspace，并完成 create/update/delete revision 闭环 (1.4s)
  ✓  213 [foundation-mobile] › tests/e2e/prompt-workspace.spec.ts:78:1 › 新建 Prompt 后仅修改名称即可保存并采用 canonical revision (477ms)
  ✓  214 [foundation-mobile] › tests/e2e/prompt-workspace.spec.ts:115:1 › Preview 显式选择并确认真实首稿，按返回 Job 轮询到不可变版本 (3.5s)
  ✓  215 [foundation-mobile] › tests/e2e/prompt-workspace.spec.ts:160:1 › Preview 明确处理 empty、options error 和公开失败，且不提供自动重试 (3.6s)
  ✓  216 [foundation-mobile] › tests/e2e/prompt-workspace.spec.ts:196:1 › q-only 导航保留草稿，切换 Prompt 被阻断，四档宽度无页面横向溢出 (557ms)
  ✓  217 [foundation-mobile] › tests/e2e/prompt-workspace.spec.ts:232:1 › 创建和删除成功后，列表刷新挂起也立即完成 URL handoff 与关闭 Dialog (683ms)
  ✓  218 [foundation-mobile] › tests/e2e/prompt-workspace.spec.ts:283:3 › create 等待响应期间 Markdown 只读，键盘输入不会被成功响应覆盖 (304ms)
  ✓  219 [foundation-mobile] › tests/e2e/prompt-workspace.spec.ts:283:3 › update 等待响应期间 Markdown 只读，键盘输入不会被成功响应覆盖 (526ms)
  ✓  220 [foundation-mobile] › tests/e2e/publication-work-list.spec.ts:5:1 › Publishing Work 以三个窄 endpoint 绘制四指标、Ready Queue 与固定六列 (199ms)
  ✓  221 [foundation-mobile] › tests/e2e/publication-work-list.spec.ts:28:1 › URL 支持 direct、refresh、status、pagination 与 Back/Forward，并归一非法分页和额外参数 (551ms)
  ✓  222 [foundation-mobile] › tests/e2e/publication-work-list.spec.ts:50:1 › START 明确选账号、携带 CSRF/稳定 key；409 不重放，人工重试采用 canonical ID (790ms)
  ✓  223 [foundation-mobile] › tests/e2e/publication-work-list.spec.ts:81:1 › 三个 surface 状态独立，目标宽度只允许 TableRegion 局部滚动，Dialog 焦点返回 (1.0s)
  ✓  224 [foundation-mobile] › tests/e2e/publication-work-list.spec.ts:122:1 › 成功缓存经 hidden→visible focus 刷新失败时保留投影，并按区块独立恢复 (534ms)
  -  225 [foundation-mobile] › tests/e2e/publication-workspace-real-stack.spec.ts:145:1 › Flow A：V2 UI 从开始发布连续完成成果、修复任务与问题解决
  -  226 [foundation-mobile] › tests/e2e/publication-workspace-real-stack.spec.ts:466:1 › Flow B：失败核验经内容修订审批、换版和重登记后完成发布
  -  227 [foundation-mobile] › tests/e2e/publication-workspace-real-stack.spec.ts:653:1 › Published Article：真实栈列表进入单请求只读详情
  ✓  228 [foundation-mobile] › tests/e2e/publication-workspace.spec.ts:5:1 › Workspace direct/refresh/Back/Forward 只使用六个 canonical hash (281ms)
  ✓  229 [foundation-mobile] › tests/e2e/publication-workspace.spec.ts:26:1 › Package 按点击读取，Core UI 完成 preparation/review/upload/result 并明确交接 (1.2s)
  ✓  230 [foundation-mobile] › tests/e2e/publication-workspace.spec.ts:72:1 › 409 保留输入且不重放；pending 禁止双提交 (1.5s)
  ✓  231 [foundation-mobile] › tests/e2e/publication-workspace.spec.ts:103:1 › 证据上传完成前禁止登记，完成后携带已校验文件 ID (690ms)
  ✓  232 [foundation-mobile] › tests/e2e/publication-workspace.spec.ts:146:1 › Verification 完成 fail → candidate → switch → result → pass 只读闭环 (2.6s)
  ✓  233 [foundation-mobile] › tests/e2e/publication-workspace.spec.ts:231:1 › typed 初始错误与目标宽度不产生页面横向溢出 (696ms)
  ✓  234 [foundation-mobile] › tests/e2e/published-articles.spec.ts:11:1 › 从五列成果表以键盘进入单请求只读详情 (304ms)
  ✓  235 [foundation-mobile] › tests/e2e/published-articles.spec.ts:39:1 › canonical URL 支持 search/sort/pagination、refresh 与 Back/Forward (686ms)
  ✓  236 [foundation-mobile] › tests/e2e/published-articles.spec.ts:68:1 › 列表与详情诚实处理 empty/error，四档宽度保持 readonly (813ms)
  ✓  237 [foundation-mobile] › tests/e2e/published-content-issues.spec.ts:11:1 › Issues 六列表与 Workspace 使用 canonical 单读边界 (287ms)
  ✓  238 [foundation-mobile] › tests/e2e/published-content-issues.spec.ts:27:1 › Article 登记后交接 Workspace，repair 与 resolve 保持独立 (1.8s)
  ✓  239 [foundation-mobile] › tests/e2e/published-content-issues.spec.ts:91:1 › 非法列表状态与未知 Workspace hash 被 canonicalize，页面无根横向溢出 (266ms)
  ✓  240 [foundation-mobile] › tests/e2e/workbench.spec.ts:3:1 › 单一 aggregate 完整绘制 Operations Inbox、canonical links 和四档布局 (256ms)
  ✓  241 [foundation-mobile] › tests/e2e/workbench.spec.ts:61:1 › loading、fatal error、retry、empty、zero 与 nullable rate 彼此区分 (494ms)
(node:52462) Warning: The 'NO_COLOR' env is ignored due to the 'FORCE_COLOR' env being set.
(Use `node --trace-warnings ...` to show where the warning was created)
  ✓  242 [foundation-mobile] › tests/e2e/ai-channel-workspace-core.spec.ts:7:1 › List 创建后进入 canonical Workspace，并支持 direct/refresh/history (686ms)
  ✓  243 [foundation-mobile] › tests/e2e/ai-channel-workspace-core.spec.ts:54:1 › Basic/Request 共享草稿，dirty guard 与 409 显式 reload 成立 (1.0s)
  ✓  244 [foundation-mobile] › tests/e2e/ai-channel-workspace-core.spec.ts:96:1 › API Key 与 Header 只写不回显，Header 删除提交渠道 revision 并恢复焦点 (1.2s)
  ✓  245 [foundation-mobile] › tests/e2e/ai-channel-workspace-core.spec.ts:135:1 › Workspace 保持 ADMIN 边界、键盘可达且根节点无响应式溢出 (290ms)
  -  246 [foundation-mobile] › tests/e2e/auth-session-real-stack.spec.ts:101:1 › 同一 BrowserContext 双页面以 session binding 封闭 A→B→A 的迟到 mutation
  -  247 [foundation-mobile] › tests/e2e/auth-session-real-stack.spec.ts:257:1 › 退出已由服务端提交但响应丢失时发送页与同源页各自只做一次 canonical recovery
  -  248 [foundation-mobile] › tests/e2e/auth-session-real-stack.spec.ts:333:1 › 跨标签页 owner 终止后由 lease 回收存活页与全页面重载
  -  249 [foundation-mobile] › tests/e2e/auth-session-real-stack.spec.ts:445:1 › durable terminal reconciliation 与异常协议 marker 保持 fail-closed
  -  250 [foundation-mobile] › tests/e2e/auth-session-real-stack.spec.ts:624:1 › Auth 真实栈完成 login → forced change → admin 403 → logout
  ✓  251 [foundation-mobile] › tests/e2e/auth-session.spec.ts:115:1 › 匿名登录在权威生产 CSP 下无违规与运行时错误 (200ms)
  ✓  252 [foundation-mobile] › tests/e2e/auth-session.spec.ts:163:1 › 登录关键控件在移动端满足触控目标且桌面保持紧凑高度 (170ms)
  ✓  253 [foundation-mobile] › tests/e2e/auth-session.spec.ts:194:1 › Auth production artifact 完成强制改密、自助改密、ENGINEER 403 与退出 (963ms)
  -  254 [foundation-mobile] › tests/e2e/system-admin-real-stack.spec.ts:289:1 › 当前管理员自降权与自停用通过同一 BrowserContext principal boundary 收敛双页面
  -  255 [foundation-mobile] › tests/e2e/system-admin-real-stack.spec.ts:864:1 › System Admin 真实栈完成用户、权限、会话与审计闭环
  ✓  256 [foundation-mobile] › tests/e2e/system-audit.spec.ts:9:1 › canonical URL、七列、导航与全部 server 参数映射成立 (311ms)
  ✓  257 [foundation-mobile] › tests/e2e/system-audit.spec.ts:38:1 › 移动端筛选空态在 TableShell 初始可见区内且页面根无溢出 (268ms)
  ✓  258 [foundation-mobile] › tests/e2e/system-audit.spec.ts:89:1 › 详情严格 lazy，并由 row click/Enter/Space 驱动自适应容器与焦点恢复 (264ms)
  ✓  259 [foundation-mobile] › tests/e2e/system-audit.spec.ts:118:1 › deleted actor、三态结果、相关对象三态与安全投影错误均不泄漏 (1.3s)
  ✓  260 [foundation-mobile] › tests/e2e/system-audit.spec.ts:169:1 › 未知动作筛选项与当前 URL 筛选保持局部且可明确清除 (301ms)
  ✓  261 [foundation-mobile] › tests/e2e/system-audit.spec.ts:189:1 › 详情对象、嵌套数组与原型字段由局部严格投影拒绝且不进入 DOM (267ms)
  ✓  262 [foundation-mobile] › tests/e2e/system-audit.spec.ts:202:1 › 非法 related registry/status/parent 被拒绝且 sentinel 不进入 cache 可见面 (265ms)
  ✓  263 [foundation-mobile] › tests/e2e/system-audit.spec.ts:215:1 › AVAILABLE 非法 target UUID 被拒绝且 sentinel 不进入 DOM、链接或 URL (264ms)
  ✓  264 [foundation-mobile] › tests/e2e/system-audit.spec.ts:228:1 › 列表失败可重试、越界自动规范、四档无页面根溢出且 ENGINEER 被拒绝 (450ms)
  ✓  265 [foundation-mobile] › tests/e2e/system-users.spec.ts:6:1 › Users 由 canonical URL 与单次 UserList projection 驱动筛选、分页和历史 (575ms)
  ✓  266 [foundation-mobile] › tests/e2e/system-users.spec.ts:46:1 › Users 创建、编辑、reset 冲突与 blocker 均遵守 revision 和敏感字段边界 (1.6s)
  ✓  267 [foundation-mobile] › tests/e2e/system-users.spec.ts:108:1 › Users loading、空态、失败重试与越界页均由 UserList 合同驱动 (1.0s)
  ✓  268 [foundation-mobile] › tests/e2e/system-users.spec.ts:133:1 › Users export、启用、停用和删除传递 CSRF 与当前 revision (1.4s)
  ✓  269 [foundation-mobile] › tests/e2e/system-users.spec.ts:167:1 › User 删除 Dialog 重新聚焦后采用当前列表 projection 的最新 revision (477ms)
  ✓  270 [foundation-mobile] › tests/e2e/system-users.spec.ts:188:1 › Users 两个删除 409 各自保持冻结，失败重读不解冻 (1.8s)
  ✓  271 [foundation-mobile] › tests/e2e/system-users.spec.ts:221:1 › Users bulk 使用选择时 revision、custom 停用确认和 200 partial 反馈 (790ms)
  ✓  272 [foundation-mobile] › tests/e2e/system-users.spec.ts:250:1 › Users 管理员边界、四档响应式、键盘动作与无敏感响应成立 (271ms)
  -  273 [foundation-mobile] › tests/e2e/geo-api-real-stack.spec.ts:18:1 › API 自动轮询、原文引用、部分 usage、费用、429/未知结果与显式新尝试
  -  274 [foundation-mobile] › tests/e2e/geo-api-real-stack.spec.ts:125:1 › 关闭开关的新 API/Worker 消费真实 PENDING，明确失败且 provider 零调用
  -  275 [foundation-mobile] › tests/e2e/plans-real-stack.spec.ts:39:1 › 工程师八步创建、服务端预览、dirty、URL、启停修订复制归档与删除持久化
  -  276 [foundation-mobile] › tests/e2e/questions-real-stack.spec.ts:31:1 › 工程师创建、筛选、编辑、启停、复制与删除；刷新持久化，运行入口不可用
  -  277 [foundation-mobile] › tests/e2e/runs-real-stack.spec.ts:31:1 › 人工批次三次采样、URL、dirty、草稿刷新、截图、引用与不可变详情
  -  278 [foundation-mobile] › tests/e2e/surfaces-real-stack.spec.ts:33:1 › 管理员创建、启停和编辑后持久化，工程师仅看摘要，删除尊重真实子配置
  -  279 [foundation-desktop] › tests/e2e/ai-channel-configuration-real-stack.spec.ts:206:1 › AI Channel Configuration 真实栈闭环
(node:52512) Warning: The 'NO_COLOR' env is ignored due to the 'FORCE_COLOR' env being set.
(Use `node --trace-warnings ...` to show where the warning was created)
  ✓  280 [foundation-desktop] › tests/e2e/ai-channel-list.spec.ts:3:1 › AI Channel List 由安全 GET projection 驱动 canonical URL、筛选与分页 (996ms)
  ✓  281 [foundation-desktop] › tests/e2e/ai-channel-list.spec.ts:36:1 › AI Channel List 恢复历史并生成未来 Workspace href (344ms)
  ✓  282 [foundation-desktop] › tests/e2e/ai-channel-list.spec.ts:55:1 › AI Channel List 发送三类 revision command，冲突不自动重放 (2.4s)
  ✓  283 [foundation-desktop] › tests/e2e/ai-channel-list.spec.ts:97:1 › AI Channel List 删除 409 被动列表不解冻，显式刷新失败仍保留冲突 (790ms)
  ✓  284 [foundation-desktop] › tests/e2e/ai-channel-list.spec.ts:117:1 › AI Channel List 删除成功后列表刷新失败也不恢复旧行 (781ms)
  ✓  285 [foundation-desktop] › tests/e2e/ai-channel-list.spec.ts:132:1 › AI Channel List 管理员边界、移动响应式和敏感字段边界成立 (316ms)
  ✓  286 [foundation-desktop] › tests/e2e/ai-channel-workspace-models.spec.ts:3:1 › Models 完成发现、创建、冲突 reload、测试、启停与删除闭环 (2.4s)
  ✓  287 [foundation-desktop] › tests/e2e/ai-channel-workspace-models.spec.ts:70:1 › 模型命令先采用 canonical，deferred/reject refresh 只读重试且不重发 (542ms)
  ✓  288 [foundation-desktop] › tests/e2e/ai-channel-workspace-models.spec.ts:103:1 › discovery 409 关闭重开仍冻结，成功 channel reload 后拒绝未知 projection (955ms)
  ✓  289 [foundation-desktop] › tests/e2e/ai-channel-workspace-models.spec.ts:136:1 › dirty 配置进入 Models 需确认，确认后卸载表单且四档宽度无根溢出 (302ms)
  ✓  290 [foundation-desktop] › tests/e2e/ai-channel-workspace-runtime.spec.ts:9:1 › Usage canonical URL、服务端 period 与 history 恢复一致 (380ms)
  ✓  291 [foundation-desktop] › tests/e2e/ai-channel-workspace-runtime.spec.ts:40:1 › Channel 与 Model Runtime 主任务进入真实 Usage (365ms)
  ✓  292 [foundation-desktop] › tests/e2e/ai-channel-workspace-runtime.spec.ts:56:1 › Logs 保持服务端分页和 actor，详情按需读取且未知 shape 显式失败 (574ms)
  ✓  293 [foundation-desktop] › tests/e2e/ai-channel-workspace-runtime.spec.ts:114:1 › Runtime 局部错误、越界恢复与四档根溢出边界成立 (322ms)
  -  294 [foundation-desktop] › tests/e2e/catalog-real-stack.spec.ts:50:1 › 从已批准事实的 Product 建立唯一监测身份、竞品和字典，刷新及 ENGINEER 只读
  ✓  295 [foundation-desktop] › tests/e2e/catalog-ui.spec.ts:17:1 › Catalog 页面局部滚动、URL 恢复、键盘确认与焦点返回 (600ms)
  ✓  296 [foundation-desktop] › tests/e2e/catalog-ui.spec.ts:50:1 › ENGINEER 直接访问只读详情及 new URL，无配置入口或写操作 (264ms)
  -  297 [foundation-desktop] › tests/e2e/content-ai-real-stack.spec.ts:269:1 › AI Production：成功、自然化、失败详情与 exact snapshot retry
  ✓  298 [foundation-desktop] › tests/e2e/content-editor.spec.ts:6:1 › 从 List/Detail primary 进入 canonical Editor，direct/refresh 只读取 Editor Context (717ms)
  ✓  299 [foundation-desktop] › tests/e2e/content-editor.spec.ts:26:1 › no-draft 创建完整人工首稿，不创建 AI lineage，并携带 CSRF (347ms)
  ✓  300 [foundation-desktop] › tests/e2e/content-editor.spec.ts:60:1 › AI generation 按需确认 Prompt/model，terminal 后采用服务端 current pointer (2.9s)
  ✓  301 [foundation-desktop] › tests/e2e/content-editor.spec.ts:94:1 › generation failure 按需读取完整 snapshot，并只按原 job retry (5.7s)
  ✓  302 [foundation-desktop] › tests/e2e/content-editor.spec.ts:128:1 › HUMAN DRAFT DirtyGuard、Preview/Diff 与 Ctrl/Cmd+S 使用 canonical revision (1.1s)
  ✓  303 [foundation-desktop] › tests/e2e/content-editor.spec.ts:171:1 › DirtyGuard 覆盖浏览器 Back/Forward，确认离开后丢弃本地草稿 (536ms)
  ✓  304 [foundation-desktop] › tests/e2e/content-editor.spec.ts:188:1 › AI DRAFT 保持源版本只读，显示 snapshot 摘要并创建 based_on 人工 revision (286ms)
  ✓  305 [foundation-desktop] › tests/e2e/content-editor.spec.ts:217:1 › CREATE_HUMANIZATION_JOB 创建新 job/版本，源 AI DRAFT 保持只读 (3.1s)
  ✓  306 [foundation-desktop] › tests/e2e/content-editor.spec.ts:240:1 › CHANGES_REQUESTED 不原地编辑，创建 based_on 人工 revision (254ms)
  ✓  307 [foundation-desktop] › tests/e2e/content-editor.spec.ts:256:1 › 409 保留本地输入和请求 ID，只在显式 reload 后采用服务端版本 (437ms)
  ✓  308 [foundation-desktop] › tests/e2e/content-editor.spec.ts:275:1 › SUBMIT_REVIEW 409 保留 Dialog 与本地输入，失败 reload 不采用旧 cache，成功后采用 canonical context (624ms)
  ✓  309 [foundation-desktop] › tests/e2e/content-editor.spec.ts:332:1 › SUBMIT_REVIEW 冲突后取消只关闭 Dialog，不读不写并保留页面冲突 (443ms)
  ✓  310 [foundation-desktop] › tests/e2e/content-editor.spec.ts:356:1 › dirty 必须先保存再提交审核，提交后停留 Editor 且不暴露 Review actions (630ms)
  ✓  311 [foundation-desktop] › tests/e2e/content-editor.spec.ts:382:1 › DELETE 只物理删除人工草稿，并采用服务端恢复的父版本主线 (320ms)
  ✓  312 [foundation-desktop] › tests/e2e/content-editor.spec.ts:401:1 › ABANDON 保留历史且只采用服务端返回的新主线 (331ms)
  ✓  313 [foundation-desktop] › tests/e2e/content-editor.spec.ts:421:1 › 375/768/1024/1440 复用 Workspace 响应式、键盘焦点且 StickyActionBar 不遮挡正文 (299ms)
  ✓  314 [foundation-desktop] › tests/e2e/content-editor.spec.ts:450:1 › 后台主线变化保留 dirty 草稿与提交备注，显式重载才采用新主线 (427ms)
  ✓  315 [foundation-desktop] › tests/e2e/content-editor.spec.ts:476:1 › AI terminal 保留生成期间编辑的人工首稿 (3.0s)
  -  316 [foundation-desktop] › tests/e2e/content-review-real-stack.spec.ts:200:1 › Flow A：人工内容批准后进入只读版本并出现发布交接
  -  317 [foundation-desktop] › tests/e2e/content-review-real-stack.spec.ts:293:1 › Flow B：退回后创建 HUMAN revision，重新送审批准且历史不串线
  ✓  318 [foundation-desktop] › tests/e2e/content-review.spec.ts:6:1 › direct URL、refresh、Back 与 Forward 始终读取 task-scoped Review Context (642ms)
  ✓  319 [foundation-desktop] › tests/e2e/content-review.spec.ts:33:1 › 一次快照展示 canonical、blocking/warnings、fact、platform、diff 与 timeline (206ms)
  ✓  320 [foundation-desktop] › tests/e2e/content-review.spec.ts:53:3 › approved 状态只读且不从 status 推导审核动作 (188ms)
  ✓  321 [foundation-desktop] › tests/e2e/content-review.spec.ts:53:3 › changes-requested 状态只读且不从 status 推导审核动作 (187ms)
  ✓  322 [foundation-desktop] › tests/e2e/content-review.spec.ts:53:3 › readonly 状态只读且不从 status 推导审核动作 (246ms)
  ✓  323 [foundation-desktop] › tests/e2e/content-review.spec.ts:62:1 › APPROVE 携带 CSRF/expected_revision，成功后重新读取 canonical state (399ms)
  ✓  324 [foundation-desktop] › tests/e2e/content-review.spec.ts:82:1 › REQUEST_CHANGES 校验并修剪意见，Esc 后焦点返回真实触发器 (771ms)
  ✓  325 [foundation-desktop] › tests/e2e/content-review.spec.ts:114:1 › 409 保留用户输入和 request ID，刷新 canonical context 且不自动重放 (417ms)
  ✓  326 [foundation-desktop] › tests/e2e/content-review.spec.ts:132:1 › 结构化 422 回到意见字段并保留输入 (415ms)
  ✓  327 [foundation-desktop] › tests/e2e/content-review.spec.ts:146:1 › loading 完成后展示 canonical 页面 (197ms)
  ✓  328 [foundation-desktop] › tests/e2e/content-review.spec.ts:154:1 › error 展示 request ID，显式 retry 后恢复 (278ms)
  ✓  329 [foundation-desktop] › tests/e2e/content-review.spec.ts:164:1 › 375/1440 使用既有 WorkspaceShell 响应式形态 (185ms)
  ✓  330 [foundation-desktop] › tests/e2e/content-review.spec.ts:178:1 › 768/1024 保持 tabbed workspace 且内容无水平溢出 (380ms)
  ✓  331 [foundation-desktop] › tests/e2e/content-task-detail.spec.ts:7:1 › 从 Content Task List 进入，页面只以单一 Detail endpoint 绘制完整摘要 (354ms)
  ✓  332 [foundation-desktop] › tests/e2e/content-task-detail.spec.ts:25:1 › direct navigation、refresh、Back/Forward 保持 canonical Detail route (357ms)
  ✓  333 [foundation-desktop] › tests/e2e/content-task-detail.spec.ts:38:1 › compact section 没有数据时显式显示“暂无”，不触发 join API (156ms)
  ✓  334 [foundation-desktop] › tests/e2e/content-task-detail.spec.ts:46:1 › 服务端 primary_task 与 lifecycle overflow 生效，409 不重放并 canonical refetch (577ms)
  ✓  335 [foundation-desktop] › tests/e2e/content-task-detail.spec.ts:63:1 › loading、404、403 与 generic retry 都有明确状态 (650ms)
  ✓  336 [foundation-desktop] › tests/e2e/content-task-detail.spec.ts:89:1 › archived verified 与 cancelled Detail 明确只读，保留服务端 primary (331ms)
  ✓  337 [foundation-desktop] › tests/e2e/content-task-detail.spec.ts:103:1 › 375/768/1024/1440 无根横溢出，overflow 可键盘操作并返回焦点 (508ms)
  ✓  338 [foundation-desktop] › tests/e2e/content-task-list.spec.ts:5:1 › Content Tasks 由服务端 projection 驱动固定列、链接、搜索、筛选与分页 (667ms)
  ✓  339 [foundation-desktop] › tests/e2e/content-task-list.spec.ts:49:1 › Content Tasks URL 支持 direct、refresh、Back/Forward，并规范化非法参数 (435ms)
  ✓  340 [foundation-desktop] › tests/e2e/content-task-list.spec.ts:68:1 › Query Topic 两类 resolve URL 成对映射服务端筛选并可清除 (226ms)
  ✓  341 [foundation-desktop] › tests/e2e/content-task-list.spec.ts:79:1 › Content lifecycle 使用服务端 token、CSRF、comment 和 revision，409 不重放 (1.2s)
  ✓  342 [foundation-desktop] › tests/e2e/content-task-list.spec.ts:113:1 › 已归档视图使用实时永久删除 preview 和精确确认文本 (745ms)
  ✓  343 [foundation-desktop] › tests/e2e/content-task-list.spec.ts:135:1 › Content Tasks 明确呈现 loading、empty、filtered empty、error 与 retry (569ms)
  ✓  344 [foundation-desktop] › tests/e2e/content-task-list.spec.ts:157:1 › Content Tasks 在目标宽度无页面级横向溢出，键盘与 Dialog 焦点可恢复 (356ms)
  -  345 [foundation-desktop] › tests/e2e/content-version-detail-real-stack.spec.ts:135:1 › 独立真实栈：单一 detail GET 读取 HUMAN 当前版本且页面无写入口
  ✓  346 [foundation-desktop] › tests/e2e/content-version-detail.spec.ts:11:1 › 从 Content Task 以键盘进入只读详情，refresh 与 Back/Forward 保持单一 detail 数据边界 (584ms)
  ✓  347 [foundation-desktop] › tests/e2e/content-version-detail.spec.ts:67:1 › HUMAN/AI 与六种 status、当前和历史版本都不生成业务动作 (843ms)
  ✓  348 [foundation-desktop] › tests/e2e/content-version-detail.spec.ts:100:1 › 缺失 Prompt/model/generation/review snapshot 与更新时间时显示诚实空态 (188ms)
  ✓  349 [foundation-desktop] › tests/e2e/content-version-detail.spec.ts:130:1 › 覆盖 loading、404、403、通用错误与 retry (641ms)
  ✓  350 [foundation-desktop] › tests/e2e/fact-history.spec.ts:12:1 › VIEW_FACT_HISTORY 进入 canonical 列表，保持服务端顺序、URL 历史与只读详情导航 (610ms)
  ✓  351 [foundation-desktop] › tests/e2e/fact-history.spec.ts:58:1 › direct navigation 覆盖 loading、empty、404、403、通用错误与 retry (742ms)
  ✓  352 [foundation-desktop] › tests/e2e/fact-history.spec.ts:89:1 › 历史响应包含其他产品版本时阻断整张表 (157ms)
  ✓  353 [foundation-desktop] › tests/e2e/fact-history.spec.ts:104:1 › 事实历史在四档宽度无页面级横向溢出，表格区和版本链接可获得焦点 (177ms)
  ✓  354 [foundation-desktop] › tests/e2e/fact-review.spec.ts:16:1 › direct/refresh 只读一个审核 context，展示不可变 Markdown、Diff、历史并适配四档宽度 (323ms)
  ✓  355 [foundation-desktop] › tests/e2e/fact-review.spec.ts:53:1 › APPROVE 使用服务端 token、CSRF 与 expected_revision，成功后刷新 canonical context (387ms)
  ✓  356 [foundation-desktop] › tests/e2e/fact-review.spec.ts:81:1 › REQUEST_CHANGES 不从 status 推导动作，拒绝空意见并追加目标版本历史 (502ms)
  ✓  357 [foundation-desktop] › tests/e2e/fact-review.spec.ts:113:1 › 409 不重放命令，展示 request ID 并刷新最新 revision (300ms)
  ✓  358 [foundation-desktop] › tests/e2e/fact-review.spec.ts:144:1 › 覆盖 loading、empty、404、403、通用错误与 retry (728ms)
  ✓  359 [foundation-desktop] › tests/e2e/fact-version-detail.spec.ts:19:1 › 从 Product Detail 以键盘进入只读详情，refresh 保持单一 FactVersion 数据边界并适配四档宽度 (403ms)
  ✓  360 [foundation-desktop] › tests/e2e/fact-version-detail.spec.ts:66:1 › direct navigation 展示 approved、pending、changes requested，并保持返回导航与阅读焦点顺序 (496ms)
  ✓  361 [foundation-desktop] › tests/e2e/fact-version-detail.spec.ts:112:1 › productId 与 FactVersion.product_id 不一致时阻断全部 snapshot 内容 (180ms)
  ✓  362 [foundation-desktop] › tests/e2e/fact-version-detail.spec.ts:130:1 › 覆盖 loading、404、403、通用错误与 retry (622ms)
  ✓  363 [foundation-desktop] › tests/e2e/fact-workspace.spec.ts:16:1 › direct/refresh 只读取一个 workspace read model，并适配 375/768/1024/1440 (346ms)
  ✓  364 [foundation-desktop] › tests/e2e/fact-workspace.spec.ts:46:1 › DirtyGuard 保留编辑，Ctrl/Cmd+S 携带 CSRF/expected_revision 并采用 canonical response (341ms)
  ✓  365 [foundation-desktop] › tests/e2e/fact-workspace.spec.ts:73:1 › revision conflict 保留本地 Markdown，只有显式 reload 才采用服务端版本 (377ms)
  ✓  366 [foundation-desktop] › tests/e2e/fact-workspace.spec.ts:93:1 › 提交创建 PENDING_REVIEW 响应后停留工作台，并以 refetch actions 隐藏提交 (524ms)
  ✓  367 [foundation-desktop] › tests/e2e/fact-workspace.spec.ts:115:1 › 提交时 revision conflict 保留当前工作台并显示请求 ID (467ms)
  ✓  368 [foundation-desktop] › tests/e2e/fact-workspace.spec.ts:132:1 › 覆盖 loading、空 Markdown、预期错误、retry 与 RETIRED 只读状态 (628ms)
  ✓  369 [foundation-desktop] › tests/e2e/foundation-smoke.spec.ts:3:1 › production artifact 支持 App Shell 与响应式导航 (261ms)
  ✓  370 [foundation-desktop] › tests/e2e/geo-insights.spec.ts:6:1 › direct URL 映射筛选并完整呈现 read model、替代数据和精确 drill-down (225ms)
  ✓  371 [foundation-desktop] › tests/e2e/geo-insights.spec.ts:27:1 › 筛选写回 canonical URL，reset 与浏览器历史恢复 (444ms)
  ✓  372 [foundation-desktop] › tests/e2e/geo-insights.spec.ts:41:1 › loading、首次错误重试与 empty/unavailable 状态彼此区分 (506ms)
  ✓  373 [foundation-desktop] › tests/e2e/geo-insights.spec.ts:62:1 › 优化 Dialog 按需读取 options，以响应 ID 导航并携带稳定命令头 (791ms)
  ✓  374 [foundation-desktop] › tests/e2e/geo-insights.spec.ts:80:1 › 优化 POST pending 时取消、Escape 与外点都不能重建命令会话 (752ms)
  ✓  375 [foundation-desktop] › tests/e2e/geo-insights.spec.ts:100:1 › stale/409 不自动重放，保留选择并要求显式刷新 (962ms)
  ✓  376 [foundation-desktop] › tests/e2e/geo-insights.spec.ts:127:1 › stale 刷新后来源消失仍保留目标与 request ID，并禁止再次 POST (818ms)
  ✓  377 [foundation-desktop] › tests/e2e/geo-insights.spec.ts:144:1 › 后台撤销优化来源或创建选项失败时旧选择可见但不能提交 (760ms)
  ✓  378 [foundation-desktop] › tests/e2e/geo-insights.spec.ts:177:1 › 后台创建选项撤销已批准事实版本后阻止旧目标 POST (629ms)
  ✓  379 [foundation-desktop] › tests/e2e/geo-insights.spec.ts:195:1 › 打印报告使用相同查询，只呈现只读数据并调用浏览器打印 (271ms)
  ✓  380 [foundation-desktop] › tests/e2e/geo-insights.spec.ts:257:1 › Screen 打印入口完整保留七项筛选并支持浏览器历史 (299ms)
  ✓  381 [foundation-desktop] › tests/e2e/geo-insights.spec.ts:270:1 › 打印报告规范化参数，并区分 loading、error、empty 与 unavailable (493ms)
  ✓  382 [foundation-desktop] › tests/e2e/geo-observation-correction.spec.ts:48:1 › 从 Detail CORRECT 入口进入，历史 ID 先 replace 到服务端 canonical 尾 (558ms)
  ✓  383 [foundation-desktop] › tests/e2e/geo-observation-correction.spec.ts:81:1 › 校验显式事实；上传失败只重试 complete，POST 防重复并按响应 ID 交接 (1.1s)
  ✓  384 [foundation-desktop] › tests/e2e/geo-observation-correction.spec.ts:161:5 › 更正冲突 › publication-conflict 不重放；显式刷新按 ID 合并草稿、证据和新尾 (1.6s)
  ✓  385 [foundation-desktop] › tests/e2e/geo-observation-correction.spec.ts:161:5 › 更正冲突 › successor-conflict 不重放；显式刷新按 ID 合并草稿、证据和新尾 (1.6s)
  ✓  386 [foundation-desktop] › tests/e2e/geo-observation-correction.spec.ts:212:1 › successor 后显式上下文刷新失败仍冻结旧尾并保留草稿与 request ID (915ms)
  ✓  387 [foundation-desktop] › tests/e2e/geo-observation-correction.spec.ts:240:1 › 链上下文不完整后禁止重放，显式 GET 失败也不能用缓存旧数据解冻 (904ms)
  ✓  388 [foundation-desktop] › tests/e2e/geo-observation-correction.spec.ts:264:1 › upload complete 悬停跨布局时阻止 POST，成功后仅提交新证据 (941ms)
  ✓  389 [foundation-desktop] › tests/e2e/geo-observation-correction.spec.ts:290:1 › 空白草稿开始上传后，离开仍需确认 (581ms)
  ✓  390 [foundation-desktop] › tests/e2e/geo-observation-correction.spec.ts:309:1 › 后台读取撤销更正资格后冻结旧上下文与写入入口 (748ms)
  ✓  391 [foundation-desktop] › tests/e2e/geo-observation-correction.spec.ts:328:1 › loading、404、403、Legacy 与提交时权限变化均明确且保留输入 (3.1s)
  ✓  392 [foundation-desktop] › tests/e2e/geo-observation-correction.spec.ts:363:1 › DirtyGuard、键盘主动作与 375/768/1024/1440 布局可达 (462ms)
  ✓  393 [foundation-desktop] › tests/e2e/geo-observation-detail.spec.ts:8:1 › List 进入 Detail，direct URL、refresh、Back 和 Forward 保持 canonical route (402ms)
  ✓  394 [foundation-desktop] › tests/e2e/geo-observation-detail.spec.ts:28:1 › Manual 一次请求展示 selected record、完整 chain、direct evidence 和 tail actions (929ms)
  ✓  395 [foundation-desktop] › tests/e2e/geo-observation-detail.spec.ts:77:1 › Legacy 只展示合同真实存在的 recommendation、citation 与 frozen article (173ms)
  ✓  396 [foundation-desktop] › tests/e2e/geo-observation-detail.spec.ts:93:1 › loading、409、retry 与 contract error 均不回退到旧 GET (258ms)
  ✓  397 [foundation-desktop] › tests/e2e/geo-observation-detail.spec.ts:112:1 › 404、403 和普通读取失败明确展示错误，不使用旧单条 GET (673ms)
  ✓  398 [foundation-desktop] › tests/e2e/geo-observation-detail.spec.ts:130:1 › 删除确认期间后台撤销尾节点动作，确认禁用且焦点回到标题 (750ms)
  ✓  399 [foundation-desktop] › tests/e2e/geo-observation-detail.spec.ts:150:1 › DELETE 409 冻结旧确认，显式重载后需重新打开并人工确认 (1.4s)
  ✓  400 [foundation-desktop] › tests/e2e/geo-observation-detail.spec.ts:179:1 › 375/768/1024/1440 无根级横向溢出且键盘可达 (170ms)
  ✓  401 [foundation-desktop] › tests/e2e/geo-observations.spec.ts:5:1 › 八列紧凑列表只提供 canonical links 和服务端投影动作 (246ms)
  ✓  402 [foundation-desktop] › tests/e2e/geo-observations.spec.ts:31:1 › URL 参数逐项映射 API，支持排序、分页和 canonical replace (683ms)
  ✓  403 [foundation-desktop] › tests/e2e/geo-observations.spec.ts:77:1 › Query Topic resolve URL 精确映射服务端筛选并可清除 (195ms)
  ✓  404 [foundation-desktop] › tests/e2e/geo-observations.spec.ts:86:1 › loading、empty、filtered-empty、error 与 retry 诚实可见 (577ms)
  ✓  405 [foundation-desktop] › tests/e2e/geo-observations.spec.ts:108:1 › 键盘 Dialog 返回焦点，删除只发送一次且携带 CSRF (865ms)
  ✓  406 [foundation-desktop] › tests/e2e/geo-observations.spec.ts:130:1 › 375/768/1024/1440 页面根无横向溢出，表格只在区域内滚动 (166ms)
  ✓  407 [foundation-desktop] › tests/e2e/geo-observations.spec.ts:147:1 › 确认删除期间背景移除行仍保留 Dialog，取消后焦点回到标题 (741ms)
  -  408 [foundation-desktop] › tests/e2e/geo-real-stack.spec.ts:346:1 › Flow A：新建 Observation 后追加 Correction，原记录保持不可变
  -  409 [foundation-desktop] › tests/e2e/geo-real-stack.spec.ts:581:1 › Flow B：真实 Insights 复算异常并创建带不可变 GEO 来源的优化任务
  ✓  410 [foundation-desktop] › tests/e2e/geo-topics.spec.ts:5:1 › 五列只消费服务端动作，primary 携带 canonical handoff，引用链接精确可解析 (656ms)
  ✓  411 [foundation-desktop] › tests/e2e/geo-topics.spec.ts:48:1 › 引用 Dialog 从当前 exact list projection 实时更新 (358ms)
  ✓  412 [foundation-desktop] › tests/e2e/geo-topics.spec.ts:72:1 › 删除 Dialog 按最新 blocker/资格原位切换，并以最新 revision 确认 (443ms)
  ✓  413 [foundation-desktop] › tests/e2e/geo-topics.spec.ts:125:1 › 删除确认在 exact list fetching/error/目标消失时保持阻断 (383ms)
  ✓  414 [foundation-desktop] › tests/e2e/geo-topics.spec.ts:172:1 › 搜索、排序、分页进入 URL/API，direct、refresh、Back/Forward 保持 canonical (696ms)
  ✓  415 [foundation-desktop] › tests/e2e/geo-topics.spec.ts:204:1 › loading、empty、filtered-empty、error/retry 与四档根宽度状态诚实 (583ms)
  ✓  416 [foundation-desktop] › tests/e2e/geo-topics.spec.ts:237:1 › 创建与更新携带 CSRF/revision；409 保留草稿并只在显式 reload 后恢复 (1.3s)
  ✓  417 [foundation-desktop] › tests/e2e/geo-topics.spec.ts:323:1 › DELETE 只对服务端允许的行出现，确认后只发送一次 expected_revision (885ms)
  ✓  418 [foundation-desktop] › tests/e2e/geo-topics.spec.ts:350:1 › DELETE 409 不自动重放，显式 reload revision 后才允许再次确认 (795ms)
  ✓  419 [foundation-desktop] › tests/e2e/geo-topics.spec.ts:403:1 › DELETE 引用竞态显示服务端最新类型、数量和 canonical resolve links (499ms)
  ✓  420 [foundation-desktop] › tests/e2e/legacy-routing.spec.ts:10:1 › 全部登记 legacy pathname 进入唯一 canonical pathname (2.4s)
  ✓  421 [foundation-desktop] › tests/e2e/legacy-routing.spec.ts:39:1 › query 白名单、workspace 与 Publishing 优先级写入 canonical URL (1.0s)
  ✓  422 [foundation-desktop] › tests/e2e/legacy-routing.spec.ts:71:1 › replace 保留 refresh、Back 与 Forward 的 canonical 历史 (283ms)
  ✓  423 [foundation-desktop] › tests/e2e/legacy-routing.spec.ts:83:1 › 匿名 legacy deep link 登录后恢复并归一化，恶意 return-to 回安全默认 (397ms)
  ✓  424 [foundation-desktop] › tests/e2e/legacy-routing.spec.ts:103:1 › must-change 与 ENGINEER 权限由既有 boundary 裁决 (244ms)
  ✓  425 [foundation-desktop] › tests/e2e/legacy-routing.spec.ts:114:1 › 未知 path 显式 404，canonical 资源错误保留，Product Detail 保持 Facts 入口 (349ms)
  ✓  426 [foundation-desktop] › tests/e2e/new-content-task.spec.ts:27:1 › Content Task List Page Primary 进入可直达、刷新的三字段创建页 (379ms)
  ✓  427 [foundation-desktop] › tests/e2e/new-content-task.spec.ts:50:1 › Product Detail CREATE_CONTENT_TASK handoff 进入 URL 并经服务端资格确认后预选 (283ms)
  ✓  428 [foundation-desktop] › tests/e2e/new-content-task.spec.ts:65:1 › productId direct/refresh/Back/Forward 恢复，非法、不存在、停用和无事实都不静默改选 (2.5s)
  ✓  429 [foundation-desktop] › tests/e2e/new-content-task.spec.ts:120:1 › Product 只显示所属 approved facts，换 Product 清除旧事实，Platform 只显示活动具体平台 (1.1s)
  ✓  430 [foundation-desktop] › tests/e2e/new-content-task.spec.ts:141:1 › POST 发送精确 ContentTaskCreate 与稳定 Idempotency-Key，pending 防重，成功进入 canonical Detail (1.2s)
  ✓  431 [foundation-desktop] › tests/e2e/new-content-task.spec.ts:172:1 › 失败保留选择与同键重试，字段错误、403/404/409 与 IDEMPOTENCY_CONFLICT 显示 request ID (1.2s)
  ✓  432 [foundation-desktop] › tests/e2e/new-content-task.spec.ts:208:1 › options loading/error/retry/empty 均有明确恢复路径 (440ms)
  ✓  433 [foundation-desktop] › tests/e2e/new-content-task.spec.ts:225:1 › DirtyGuard 覆盖 Cancel (1.3s)
  ✓  434 [foundation-desktop] › tests/e2e/new-content-task.spec.ts:244:1 › DirtyGuard 覆盖浏览器 Back (796ms)
  ✓  435 [foundation-desktop] › tests/e2e/new-content-task.spec.ts:256:1 › 创建页在 375/768/1024/1440 无页面横溢出，键盘可选择且焦点可见 (370ms)
  ✓  436 [foundation-desktop] › tests/e2e/new-geo-observation.spec.ts:62:1 › 列表 Primary、直接访问和刷新都进入 canonical 创建 Workspace (414ms)
  ✓  437 [foundation-desktop] › tests/e2e/new-geo-observation.spec.ts:76:1 › queryTopicId 与 geoPlatform handoff 支持 direct URL 与刷新，不存在 Topic 时明确阻止提交 (366ms)
  ✓  438 [foundation-desktop] › tests/e2e/new-geo-observation.spec.ts:99:1 › 候选 loading 诚实可见且阻止创建 (428ms)
  ✓  439 [foundation-desktop] › tests/e2e/new-geo-observation.spec.ts:111:1 › 候选 empty 提供可用出口且阻止创建 (424ms)
  ✓  440 [foundation-desktop] › tests/e2e/new-geo-observation.spec.ts:124:1 › 客户端校验显式事实；上传后 POST 防重复并 canonical handoff (2.2s)
  ✓  441 [foundation-desktop] › tests/e2e/new-geo-observation.spec.ts:186:1 › 证据 complete 未结束且跨布局时不能创建，完成后才提交附件 (2.2s)
  ✓  442 [foundation-desktop] › tests/e2e/new-geo-observation.spec.ts:212:1 › 空白表单上传期间离开需确认，保留上传后可继续校验 (586ms)
  ✓  443 [foundation-desktop] › tests/e2e/new-geo-observation.spec.ts:236:1 › 候选冲突不重放创建，显式刷新后保留输入并允许人工重试 (2.2s)
  ✓  444 [foundation-desktop] › tests/e2e/new-geo-observation.spec.ts:256:1 › DirtyGuard 覆盖 Cancel，Back/Forward 可恢复 canonical 页面；四档宽度无溢出 (1.1s)
  ✓  445 [foundation-desktop] › tests/e2e/new-product.spec.ts:11:1 › Products 唯一 page Primary 进入可直达、刷新并保持导航上下文的新建页 (366ms)
  ✓  446 [foundation-desktop] › tests/e2e/new-product.spec.ts:27:1 › 客户端阻止必填和纯空白请求，并关联字段说明、错误与 ErrorSummary (189ms)
  ✓  447 [foundation-desktop] › tests/e2e/new-product.spec.ts:42:1 › POST 使用 trim body 与 CSRF，pending 防重复，成功清除 DirtyGuard 并使列表重新获取 (353ms)
  ✓  448 [foundation-desktop] › tests/e2e/new-product.spec.ts:70:1 › duplicate、字段校验与 forbidden 使用结构化位置/form summary，修正后可重试 (472ms)
  ✓  449 [foundation-desktop] › tests/e2e/new-product.spec.ts:102:1 › dirty Cancel 与浏览器返回均支持留在页面或确认离开 (992ms)
  ✓  450 [foundation-desktop] › tests/e2e/new-product.spec.ts:128:1 › 新建页在 375/1440 无页面级横向溢出，键盘可达且焦点可见 (163ms)
  ✓  451 [foundation-desktop] › tests/e2e/platform-list.spec.ts:3:1 › Platform List 由 GET projection 驱动搜索、筛选、分页与 canonical URL (861ms)
  ✓  452 [foundation-desktop] › tests/e2e/platform-list.spec.ts:40:1 › Platform List 刷新与历史恢复搜索状态，名称点击交接 canonical Workspace (347ms)
  ✓  453 [foundation-desktop] › tests/e2e/platform-list.spec.ts:59:1 › Platform List 呈现服务端 Primary、overflow、删除条件与 revision command (765ms)
  ✓  454 [foundation-desktop] › tests/e2e/platform-list.spec.ts:85:1 › Platform Profile 删除 Dialog 在 focus projection 更新后禁止陈旧提交并使用最新 revision (433ms)
  ✓  455 [foundation-desktop] › tests/e2e/platform-list.spec.ts:124:1 › Platform List 删除已接受但列表同步失败时冻结旧行，显式刷新后不重复删除 (618ms)
  ✓  456 [foundation-desktop] › tests/e2e/platform-list.spec.ts:142:1 › Platform List 删除 409 关闭重开后仍需显式成功重读 (1.0s)
  ✓  457 [foundation-desktop] › tests/e2e/platform-list.spec.ts:165:1 › Platform List 删除末页唯一行后返回上一页并恢复命令 (641ms)
  ✓  458 [foundation-desktop] › tests/e2e/platform-list.spec.ts:190:1 › Platform List 在 375/768/1024/1440 无页面级横向溢出且移动端动作可达 (204ms)
  ✓  459 [foundation-desktop] › tests/e2e/platform-types.spec.ts:5:1 › 从 Platform Settings 与 Workspace 进入 subsettings，支持 direct/refresh/back/forward (724ms)
  ✓  460 [foundation-desktop] › tests/e2e/platform-types.spec.ts:34:1 › 创建、编辑和删除只提交 Name、Slug、CSRF 与 canonical revision (1.3s)
  ✓  461 [foundation-desktop] › tests/e2e/platform-types.spec.ts:85:1 › blocker、编辑冲突和删除冲突均保留服务端权威与显式 reload (1.6s)
  ✓  462 [foundation-desktop] › tests/e2e/platform-types.spec.ts:139:1 › Platform Type 删除 Dialog 重新聚焦后采用最新 projection 与 revision (463ms)
  ✓  463 [foundation-desktop] › tests/e2e/platform-types.spec.ts:163:1 › 非管理员由 route 在业务请求前拒绝 (151ms)
  ✓  464 [foundation-desktop] › tests/e2e/platform-types.spec.ts:171:1 › error retry 与 375/768/1024/1440 production artifact 均保持四字段和动作可达 (285ms)
  ✓  465 [foundation-desktop] › tests/e2e/platform-workspace.spec.ts:5:1 › Platform List 进入 canonical Workspace，Tab URL 支持 refresh/back/forward (1.2s)
  ✓  466 [foundation-desktop] › tests/e2e/platform-workspace.spec.ts:43:1 › Overview 取消与保存只发送单个 revision PATCH，官网候选确认后才绑定 (403ms)
  ✓  467 [foundation-desktop] › tests/e2e/platform-workspace.spec.ts:82:1 › Logo 手工上传只接受图片并通过 PLATFORM_LOGO 生命周期，移除由下一次 PATCH 完成 (363ms)
  ✓  468 [foundation-desktop] › tests/e2e/platform-workspace.spec.ts:123:1 › Accounts 保持移动端可达，Generation 绑定/解绑并在 409 保留选择 (498ms)
  ✓  469 [foundation-desktop] › tests/e2e/platform-workspace.spec.ts:151:1 › Accounts 创建、编辑、停用与删除在响应式产物中保持 revision 闭环 (1.6s)
  ✓  470 [foundation-desktop] › tests/e2e/platform-workspace.spec.ts:194:1 › Accounts 删除 Dialog 只使用独立 accounts query 的 focus 最新 projection (491ms)
  ✓  471 [foundation-desktop] › tests/e2e/platform-workspace.spec.ts:217:1 › Accounts 删除 409 关闭重开仍冻结，失败 reload 不解冻且 A/B hold 隔离 (1.4s)
  ✓  472 [foundation-desktop] › tests/e2e/platform-workspace.spec.ts:248:1 › Accounts 最新 query 移除目标后关闭删除 Dialog 且不提交陈旧请求 (364ms)
  ✓  473 [foundation-desktop] › tests/e2e/platform-workspace.spec.ts:270:1 › DirtyGuard 覆盖 Tab 离开；404/403/error retry 分别呈现 (1.3s)
  ✓  474 [foundation-desktop] › tests/e2e/platform-workspace.spec.ts:302:1 › 375/768/1024/1440 无页面横向溢出，read-only projection 不加载 Prompt options (241ms)
  ✓  475 [foundation-desktop] › tests/e2e/product-detail.spec.ts:71:1 › 从 Products 名称进入单请求详情，并支持 direct URL、refresh、Back/Forward 与导航上下文 (1.5s)
  ✓  476 [foundation-desktop] › tests/e2e/product-detail.spec.ts:94:1 › 按既定顺序展示 facts/content/publishing/GEO compact summary 与服务端已排序 Activity (200ms)
  ✓  477 [foundation-desktop] › tests/e2e/product-detail.spec.ts:120:1 › 空摘要只显示“暂无”，primary/overflow 只随服务端 token 与 projection 变化 (225ms)
  ✓  478 [foundation-desktop] › tests/e2e/product-detail.spec.ts:147:1 › UPDATE 仅发送 ProductUpdate；REVISION_CONFLICT 展示请求 ID 并刷新 canonical detail (964ms)
  ✓  479 [foundation-desktop] › tests/e2e/product-detail.spec.ts:182:1 › 删除入口消费 blocker、expected_revision；冲突刷新后可按 canonical projection 重试 (1.7s)
  ✓  480 [foundation-desktop] › tests/e2e/product-detail.spec.ts:216:1 › 明确区分 404、403、普通错误 retry，并在 375/768/1024/1440 保持键盘可达且无横向溢出 (691ms)
  -  481 [foundation-desktop] › tests/e2e/product-facts-real-stack.spec.ts:134:1 › Flow A：批准事实后展示不可变版本并交接 CREATE_CONTENT_TASK
  -  482 [foundation-desktop] › tests/e2e/product-facts-real-stack.spec.ts:231:1 › Flow B：退回后修订产生新版本，审核历史严格归属当前 FactVersion
  -  483 [foundation-desktop] › tests/e2e/product-facts-real-stack.spec.ts:319:1 › Flow D：过期 revision 真实返回 409，不重放并保留服务端最新状态
  -  484 [foundation-desktop] › tests/e2e/product-facts-real-stack.spec.ts:400:1 › Flow C：独立 ContentTask 经人工首稿、保存后提交审核
  ✓  485 [foundation-desktop] › tests/e2e/products-list.spec.ts:3:1 › Products 列表仅以 GET projection 驱动 URL 搜索、筛选、排序和分页 (663ms)
  ✓  486 [foundation-desktop] › tests/e2e/products-list.spec.ts:44:1 › Products URL 可刷新和历史恢复，非法参数由 route schema 规范化 (545ms)
  ✓  487 [foundation-desktop] › tests/e2e/products-list.spec.ts:76:1 › Products 行只呈现服务端 primary、overflow 与删除条件 (407ms)
  ✓  488 [foundation-desktop] › tests/e2e/products-list.spec.ts:94:1 › Products 明确呈现 loading、empty、filtered empty、error 与 retry (703ms)
  ✓  489 [foundation-desktop] › tests/e2e/products-list.spec.ts:117:1 › Products 在目标宽度无页面级横向溢出且键盘焦点可操作 (285ms)
  ✓  490 [foundation-desktop] › tests/e2e/prompt-workspace.spec.ts:14:1 › 管理员从导航进入 Prompt Workspace，并完成 create/update/delete revision 闭环 (1.4s)
  ✓  491 [foundation-desktop] › tests/e2e/prompt-workspace.spec.ts:78:1 › 新建 Prompt 后仅修改名称即可保存并采用 canonical revision (480ms)
  ✓  492 [foundation-desktop] › tests/e2e/prompt-workspace.spec.ts:115:1 › Preview 显式选择并确认真实首稿，按返回 Job 轮询到不可变版本 (3.4s)
  ✓  493 [foundation-desktop] › tests/e2e/prompt-workspace.spec.ts:160:1 › Preview 明确处理 empty、options error 和公开失败，且不提供自动重试 (3.7s)
  ✓  494 [foundation-desktop] › tests/e2e/prompt-workspace.spec.ts:196:1 › q-only 导航保留草稿，切换 Prompt 被阻断，四档宽度无页面横向溢出 (640ms)
  ✓  495 [foundation-desktop] › tests/e2e/prompt-workspace.spec.ts:232:1 › 创建和删除成功后，列表刷新挂起也立即完成 URL handoff 与关闭 Dialog (724ms)
  ✓  496 [foundation-desktop] › tests/e2e/prompt-workspace.spec.ts:283:3 › create 等待响应期间 Markdown 只读，键盘输入不会被成功响应覆盖 (303ms)
  ✓  497 [foundation-desktop] › tests/e2e/prompt-workspace.spec.ts:283:3 › update 等待响应期间 Markdown 只读，键盘输入不会被成功响应覆盖 (533ms)
  ✓  498 [foundation-desktop] › tests/e2e/publication-work-list.spec.ts:5:1 › Publishing Work 以三个窄 endpoint 绘制四指标、Ready Queue 与固定六列 (200ms)
  ✓  499 [foundation-desktop] › tests/e2e/publication-work-list.spec.ts:28:1 › URL 支持 direct、refresh、status、pagination 与 Back/Forward，并归一非法分页和额外参数 (535ms)
  ✓  500 [foundation-desktop] › tests/e2e/publication-work-list.spec.ts:50:1 › START 明确选账号、携带 CSRF/稳定 key；409 不重放，人工重试采用 canonical ID (977ms)
  ✓  501 [foundation-desktop] › tests/e2e/publication-work-list.spec.ts:81:1 › 三个 surface 状态独立，目标宽度只允许 TableRegion 局部滚动，Dialog 焦点返回 (1.0s)
  ✓  502 [foundation-desktop] › tests/e2e/publication-work-list.spec.ts:122:1 › 成功缓存经 hidden→visible focus 刷新失败时保留投影，并按区块独立恢复 (542ms)
  -  503 [foundation-desktop] › tests/e2e/publication-workspace-real-stack.spec.ts:145:1 › Flow A：V2 UI 从开始发布连续完成成果、修复任务与问题解决
  -  504 [foundation-desktop] › tests/e2e/publication-workspace-real-stack.spec.ts:466:1 › Flow B：失败核验经内容修订审批、换版和重登记后完成发布
  -  505 [foundation-desktop] › tests/e2e/publication-workspace-real-stack.spec.ts:653:1 › Published Article：真实栈列表进入单请求只读详情
  ✓  506 [foundation-desktop] › tests/e2e/publication-workspace.spec.ts:5:1 › Workspace direct/refresh/Back/Forward 只使用六个 canonical hash (290ms)
  ✓  507 [foundation-desktop] › tests/e2e/publication-workspace.spec.ts:26:1 › Package 按点击读取，Core UI 完成 preparation/review/upload/result 并明确交接 (1.1s)
  ✓  508 [foundation-desktop] › tests/e2e/publication-workspace.spec.ts:72:1 › 409 保留输入且不重放；pending 禁止双提交 (1.5s)
  ✓  509 [foundation-desktop] › tests/e2e/publication-workspace.spec.ts:103:1 › 证据上传完成前禁止登记，完成后携带已校验文件 ID (686ms)
  ✓  510 [foundation-desktop] › tests/e2e/publication-workspace.spec.ts:146:1 › Verification 完成 fail → candidate → switch → result → pass 只读闭环 (2.7s)
  ✓  511 [foundation-desktop] › tests/e2e/publication-workspace.spec.ts:231:1 › typed 初始错误与目标宽度不产生页面横向溢出 (690ms)
  ✓  512 [foundation-desktop] › tests/e2e/published-articles.spec.ts:11:1 › 从五列成果表以键盘进入单请求只读详情 (310ms)
  ✓  513 [foundation-desktop] › tests/e2e/published-articles.spec.ts:39:1 › canonical URL 支持 search/sort/pagination、refresh 与 Back/Forward (681ms)
  ✓  514 [foundation-desktop] › tests/e2e/published-articles.spec.ts:68:1 › 列表与详情诚实处理 empty/error，四档宽度保持 readonly (823ms)
  ✓  515 [foundation-desktop] › tests/e2e/published-content-issues.spec.ts:11:1 › Issues 六列表与 Workspace 使用 canonical 单读边界 (296ms)
  ✓  516 [foundation-desktop] › tests/e2e/published-content-issues.spec.ts:27:1 › Article 登记后交接 Workspace，repair 与 resolve 保持独立 (2.0s)
  ✓  517 [foundation-desktop] › tests/e2e/published-content-issues.spec.ts:91:1 › 非法列表状态与未知 Workspace hash 被 canonicalize，页面无根横向溢出 (300ms)
  ✓  518 [foundation-desktop] › tests/e2e/workbench.spec.ts:3:1 › 单一 aggregate 完整绘制 Operations Inbox、canonical links 和四档布局 (262ms)
  ✓  519 [foundation-desktop] › tests/e2e/workbench.spec.ts:61:1 › loading、fatal error、retry、empty、zero 与 nullable rate 彼此区分 (471ms)
(node:52840) Warning: The 'NO_COLOR' env is ignored due to the 'FORCE_COLOR' env being set.
(Use `node --trace-warnings ...` to show where the warning was created)
  ✓  520 [foundation-desktop] › tests/e2e/ai-channel-workspace-core.spec.ts:7:1 › List 创建后进入 canonical Workspace，并支持 direct/refresh/history (699ms)
  ✓  521 [foundation-desktop] › tests/e2e/ai-channel-workspace-core.spec.ts:54:1 › Basic/Request 共享草稿，dirty guard 与 409 显式 reload 成立 (792ms)
  ✓  522 [foundation-desktop] › tests/e2e/ai-channel-workspace-core.spec.ts:96:1 › API Key 与 Header 只写不回显，Header 删除提交渠道 revision 并恢复焦点 (1.3s)
  ✓  523 [foundation-desktop] › tests/e2e/ai-channel-workspace-core.spec.ts:135:1 › Workspace 保持 ADMIN 边界、键盘可达且根节点无响应式溢出 (268ms)
  -  524 [foundation-desktop] › tests/e2e/auth-session-real-stack.spec.ts:101:1 › 同一 BrowserContext 双页面以 session binding 封闭 A→B→A 的迟到 mutation
  -  525 [foundation-desktop] › tests/e2e/auth-session-real-stack.spec.ts:257:1 › 退出已由服务端提交但响应丢失时发送页与同源页各自只做一次 canonical recovery
  -  526 [foundation-desktop] › tests/e2e/auth-session-real-stack.spec.ts:333:1 › 跨标签页 owner 终止后由 lease 回收存活页与全页面重载
  -  527 [foundation-desktop] › tests/e2e/auth-session-real-stack.spec.ts:445:1 › durable terminal reconciliation 与异常协议 marker 保持 fail-closed
  -  528 [foundation-desktop] › tests/e2e/auth-session-real-stack.spec.ts:624:1 › Auth 真实栈完成 login → forced change → admin 403 → logout
  ✓  529 [foundation-desktop] › tests/e2e/auth-session.spec.ts:115:1 › 匿名登录在权威生产 CSP 下无违规与运行时错误 (187ms)
  ✓  530 [foundation-desktop] › tests/e2e/auth-session.spec.ts:163:1 › 登录关键控件在移动端满足触控目标且桌面保持紧凑高度 (170ms)
  ✓  531 [foundation-desktop] › tests/e2e/auth-session.spec.ts:194:1 › Auth production artifact 完成强制改密、自助改密、ENGINEER 403 与退出 (985ms)
  -  532 [foundation-desktop] › tests/e2e/system-admin-real-stack.spec.ts:289:1 › 当前管理员自降权与自停用通过同一 BrowserContext principal boundary 收敛双页面
  -  533 [foundation-desktop] › tests/e2e/system-admin-real-stack.spec.ts:864:1 › System Admin 真实栈完成用户、权限、会话与审计闭环
  ✓  534 [foundation-desktop] › tests/e2e/system-audit.spec.ts:9:1 › canonical URL、七列、导航与全部 server 参数映射成立 (257ms)
  -  535 [foundation-desktop] › tests/e2e/system-audit.spec.ts:38:1 › 移动端筛选空态在 TableShell 初始可见区内且页面根无溢出
  ✓  536 [foundation-desktop] › tests/e2e/system-audit.spec.ts:89:1 › 详情严格 lazy，并由 row click/Enter/Space 驱动自适应容器与焦点恢复 (311ms)
  ✓  537 [foundation-desktop] › tests/e2e/system-audit.spec.ts:118:1 › deleted actor、三态结果、相关对象三态与安全投影错误均不泄漏 (1.4s)
  ✓  538 [foundation-desktop] › tests/e2e/system-audit.spec.ts:169:1 › 未知动作筛选项与当前 URL 筛选保持局部且可明确清除 (307ms)
  ✓  539 [foundation-desktop] › tests/e2e/system-audit.spec.ts:189:1 › 详情对象、嵌套数组与原型字段由局部严格投影拒绝且不进入 DOM (275ms)
  ✓  540 [foundation-desktop] › tests/e2e/system-audit.spec.ts:202:1 › 非法 related registry/status/parent 被拒绝且 sentinel 不进入 cache 可见面 (263ms)
  ✓  541 [foundation-desktop] › tests/e2e/system-audit.spec.ts:215:1 › AVAILABLE 非法 target UUID 被拒绝且 sentinel 不进入 DOM、链接或 URL (262ms)
  ✓  542 [foundation-desktop] › tests/e2e/system-audit.spec.ts:228:1 › 列表失败可重试、越界自动规范、四档无页面根溢出且 ENGINEER 被拒绝 (473ms)
  ✓  543 [foundation-desktop] › tests/e2e/system-users.spec.ts:6:1 › Users 由 canonical URL 与单次 UserList projection 驱动筛选、分页和历史 (547ms)
  ✓  544 [foundation-desktop] › tests/e2e/system-users.spec.ts:46:1 › Users 创建、编辑、reset 冲突与 blocker 均遵守 revision 和敏感字段边界 (1.3s)
  ✓  545 [foundation-desktop] › tests/e2e/system-users.spec.ts:108:1 › Users loading、空态、失败重试与越界页均由 UserList 合同驱动 (1.0s)
  ✓  546 [foundation-desktop] › tests/e2e/system-users.spec.ts:133:1 › Users export、启用、停用和删除传递 CSRF 与当前 revision (1.1s)
  ✓  547 [foundation-desktop] › tests/e2e/system-users.spec.ts:167:1 › User 删除 Dialog 重新聚焦后采用当前列表 projection 的最新 revision (464ms)
  ✓  548 [foundation-desktop] › tests/e2e/system-users.spec.ts:188:1 › Users 两个删除 409 各自保持冻结，失败重读不解冻 (1.8s)
  ✓  549 [foundation-desktop] › tests/e2e/system-users.spec.ts:221:1 › Users bulk 使用选择时 revision、custom 停用确认和 200 partial 反馈 (635ms)
  ✓  550 [foundation-desktop] › tests/e2e/system-users.spec.ts:250:1 › Users 管理员边界、四档响应式、键盘动作与无敏感响应成立 (267ms)
  -  551 [foundation-desktop] › tests/e2e/geo-api-real-stack.spec.ts:18:1 › API 自动轮询、原文引用、部分 usage、费用、429/未知结果与显式新尝试
  -  552 [foundation-desktop] › tests/e2e/geo-api-real-stack.spec.ts:125:1 › 关闭开关的新 API/Worker 消费真实 PENDING，明确失败且 provider 零调用
  -  553 [foundation-desktop] › tests/e2e/plans-real-stack.spec.ts:39:1 › 工程师八步创建、服务端预览、dirty、URL、启停修订复制归档与删除持久化
  -  554 [foundation-desktop] › tests/e2e/questions-real-stack.spec.ts:31:1 › 工程师创建、筛选、编辑、启停、复制与删除；刷新持久化，运行入口不可用
  -  555 [foundation-desktop] › tests/e2e/runs-real-stack.spec.ts:31:1 › 人工批次三次采样、URL、dirty、草稿刷新、截图、引用与不可变详情
  -  556 [foundation-desktop] › tests/e2e/surfaces-real-stack.spec.ts:33:1 › 管理员创建、启停和编辑后持久化，工程师仅看摘要，删除尊重真实子配置

  58 skipped
  498 passed (6.4m)
E2E_SECRET_SCAN status=clean
E2E_RESULT playwright=0 secret_scan=0
deploy/scripts/test-frontend-container.sh
curl: (52) Empty reply from server
canonical Frontend 容器 fallback、缓存和 source map 自检通过
UV_CACHE_DIR=/Users/sc/PycharmProjects/partsignal/.cache/uv uv run --project backend python deploy/scripts/test-geo-collector-contract.py
........................................................................ [ 37%]
........................................................................ [ 74%]
..................................................                       [100%]
194 passed in 10.43s
GEO_CONTRACT_RESULT tests=0 secret_scan=0 external_network=blocked
UV_CACHE_DIR=/Users/sc/PycharmProjects/partsignal/.cache/uv uv run --project backend python deploy/scripts/check-geo-fixtures.py
GEO fixture v1 校验通过：{'products': 2, 'questions': 4, 'answers': 13, 'citations': 4}；金标=13；外部调用=0
UV_CACHE_DIR=/Users/sc/PycharmProjects/partsignal/.cache/uv uv run --project backend python deploy/scripts/test-geo-configuration.py
GEO Compose/Settings/API/Worker/Beat：18 组配置一致，启动外部调用为 0
deploy/scripts/test-e2e-run-lifecycle.sh
E2E_LIFECYCLE_CASE name=int-scan-fails status=begin
E2E_LIFECYCLE_CASE name=int-scan-fails status=passed
E2E_LIFECYCLE_CASE name=term-clean status=begin
E2E_LIFECYCLE_CASE name=term-clean status=passed
E2E_LIFECYCLE_CASE name=playwright-wins status=begin
E2E_LIFECYCLE_CASE name=playwright-wins status=passed
E2E_LIFECYCLE_CASE name=scan-wins status=begin
E2E_LIFECYCLE_CASE name=scan-wins status=passed
E2E_LIFECYCLE_CASE name=cleanup-wins status=begin
E2E_LIFECYCLE_CASE name=cleanup-wins status=passed
E2E_LIFECYCLE_CASE name=stubborn-escalates status=begin
E2E_LIFECYCLE_CASE name=stubborn-escalates status=passed
E2E_LIFECYCLE_TEST status=passed
deploy/scripts/test-e2e-database-lifecycle.sh
E2E_DATABASE_LIFECYCLE_TEST scenarios=5 status=passed
frontend/tests/helpers/test-secret-artifact-post-run.sh
E2E_POST_RUN_SECRET_TEST status=passed
deploy/scripts/test-deploy-staging.sh
canonical Frontend Nginx 安全头、Markdown、HTML 与 DOM sink 校验通过
Preview env preparation: 2 positive / 6 negative; automatic secrets, no overwrite/output, staging boundary passed
Staging archive env allowlist: 3 public templates allowed / 6 private-or-unknown entries rejected
预发布 full/fast 与 Production canonical Frontend 边界自检通过
deploy/scripts/test-deploy-production-cleanup.sh
Production harness canonical TMPDIR 与 cleanup 生命周期回归检查通过
deploy/scripts/test-deploy-production.sh
canonical Frontend Nginx 安全头、Markdown、HTML 与 DOM sink 校验通过
Production network identity static: 3 networks / 7 services passed
Engine existing-label reuse: api passed
Engine existing-label reuse: migrate passed
Engine existing-label reuse: postgres passed
Engine existing-label reuse: redis passed
Engine existing-label reuse: worker passed
Engine existing-label reuse: scheduler passed
Engine existing-label reuse: frontend passed
Engine old-label rejection: partsignal-staging-internal passed
Engine old-label rejection: partsignal-staging-egress passed
Engine old-label rejection: partsignal-staging-edge passed
Production Engine network compatibility: 7 positive / 3 negative; containers=0 networks=0
Production input readiness: 2 positive / 37 negative; substitution rejected before deployment; secrets not echoed
deploy/activate/rollback identity: 3 paths / 8 local operations / manifest-first passed
Production V2 编排、两阶段激活、可续跑数据状态机与候选清单合同自检通过
docker compose -p partsignal-geo408 -f /Users/sc/PycharmProjects/partsignal/.trellis/tasks/10-03-geo-408-api-acceptance/evidence/validation-compose.yaml config --quiet
PARTSIGNAL_BACKEND_IMAGE=partsignal-backend PARTSIGNAL_FRONTEND_IMAGE=partsignal-frontend-v2 PARTSIGNAL_VERSION=test PARTSIGNAL_RUNTIME_ENV_FILE=/Users/sc/PycharmProjects/partsignal/.env PARTSIGNAL_DATA_ROOT=/Users/sc/PycharmProjects/partsignal/data docker compose --env-file .env -f deploy/compose.prod.yaml config --quiet
