PHASE4_GATE candidate=b5c5919d96f53d6b3feff4e21f97f87c9a9fc42e
PHASE4_GATE started_at=2026-08-12 16:17:15 +0800
PHASE4_GATE exported_dotenv_keys=DATABASE_URL,REDIS_URL
PHASE4_GATE forbidden_development_keys=absent
PHASE4_GATE command=make verify
UV_CACHE_DIR=/Users/sc/PycharmProjects/partsignal/.cache/uv uv run --project backend python -m app.tools.contract_check contracts/openapi.yaml
FastAPI 运行时操作与 OpenAPI 0.1.1 递归 Schema 语义一致。
npm --prefix frontend run api:check

> partsignal-frontend@0.1.0 api:check
> node scripts/check-openapi.mjs

✨ openapi-typescript 7.13.0
🚀 ../contracts/openapi.yaml → /var/folders/m5/j06tv2sn1hn93d6f33j559jm0000gn/T/partsignal-openapi-CFNZyy/schema.d.ts [107.2ms]
OpenAPI 类型与冻结契约一致。
npm --prefix frontend-v2 run api:check

> partsignal-frontend-v2@0.1.0 api:check
> node scripts/check-openapi.mjs

✨ openapi-typescript 7.13.0
🚀 ../contracts/openapi.yaml → /var/folders/m5/j06tv2sn1hn93d6f33j559jm0000gn/T/partsignal-v2-openapi-WwAg4S/schema.d.ts [102.8ms]
OpenAPI 类型与根合同一致。
UV_CACHE_DIR=/Users/sc/PycharmProjects/partsignal/.cache/uv uv run --project backend ruff check backend
All checks passed!
npm --prefix frontend run lint

> partsignal-frontend@0.1.0 lint
> eslint . --max-warnings 0 && node scripts/check-theme-colors.mjs

npm --prefix frontend-v2 run lint

> partsignal-frontend-v2@0.1.0 lint
> eslint . --max-warnings 0

UV_CACHE_DIR=/Users/sc/PycharmProjects/partsignal/.cache/uv uv run --project backend mypy --config-file backend/pyproject.toml backend/app
Success: no issues found in 77 source files
npm --prefix frontend run typecheck

> partsignal-frontend@0.1.0 typecheck
> tsc -b --pretty false

npm --prefix frontend-v2 run typecheck

> partsignal-frontend-v2@0.1.0 typecheck
> tsc -b --pretty false

UV_CACHE_DIR=/Users/sc/PycharmProjects/partsignal/.cache/uv uv run --project backend pytest backend/tests/unit
........................................................................ [ 39%]
........................................................................ [ 79%]
.....................................                                    [100%]
181 passed in 3.34s
npm --prefix frontend run test

> partsignal-frontend@0.1.0 test
> vitest run && npm run test:visual-contract


 RUN  v4.1.10 /Users/sc/PycharmProjects/partsignal/frontend

Could not parse CSS stylesheet
Could not parse CSS stylesheet
Not implemented: navigation to another Document
Could not parse CSS stylesheet
Could not parse CSS stylesheet
Could not parse CSS stylesheet
Could not parse CSS stylesheet
Could not parse CSS stylesheet
Could not parse CSS stylesheet
Could not parse CSS stylesheet
Could not parse CSS stylesheet
Could not parse CSS stylesheet
Could not parse CSS stylesheet
Could not parse CSS stylesheet
Could not parse CSS stylesheet
Could not parse CSS stylesheet
Could not parse CSS stylesheet
Could not parse CSS stylesheet
Could not parse CSS stylesheet
Could not parse CSS stylesheet
Could not parse CSS stylesheet
Could not parse CSS stylesheet
Could not parse CSS stylesheet
Could not parse CSS stylesheet
Could not parse CSS stylesheet
Could not parse CSS stylesheet
Could not parse CSS stylesheet
Could not parse CSS stylesheet
Could not parse CSS stylesheet
Could not parse CSS stylesheet
Could not parse CSS stylesheet
Could not parse CSS stylesheet
Could not parse CSS stylesheet
Could not parse CSS stylesheet
Could not parse CSS stylesheet
Could not parse CSS stylesheet
Could not parse CSS stylesheet
Could not parse CSS stylesheet
Could not parse CSS stylesheet
Could not parse CSS stylesheet
Could not parse CSS stylesheet
Could not parse CSS stylesheet
Could not parse CSS stylesheet
Could not parse CSS stylesheet
Could not parse CSS stylesheet
Could not parse CSS stylesheet
Could not parse CSS stylesheet
Could not parse CSS stylesheet
Could not parse CSS stylesheet
Could not parse CSS stylesheet
Could not parse CSS stylesheet
Could not parse CSS stylesheet
Could not parse CSS stylesheet
Could not parse CSS stylesheet
Could not parse CSS stylesheet
Could not parse CSS stylesheet
Could not parse CSS stylesheet
Could not parse CSS stylesheet
Could not parse CSS stylesheet
Could not parse CSS stylesheet
Could not parse CSS stylesheet
Could not parse CSS stylesheet
Could not parse CSS stylesheet
Could not parse CSS stylesheet
Could not parse CSS stylesheet
Could not parse CSS stylesheet
Could not parse CSS stylesheet
Could not parse CSS stylesheet
Could not parse CSS stylesheet
Could not parse CSS stylesheet
Could not parse CSS stylesheet
Could not parse CSS stylesheet
Could not parse CSS stylesheet
Could not parse CSS stylesheet
Could not parse CSS stylesheet
Could not parse CSS stylesheet
Could not parse CSS stylesheet
Could not parse CSS stylesheet
Could not parse CSS stylesheet
Could not parse CSS stylesheet
Could not parse CSS stylesheet
Could not parse CSS stylesheet
Could not parse CSS stylesheet
Could not parse CSS stylesheet
Could not parse CSS stylesheet
Could not parse CSS stylesheet
Could not parse CSS stylesheet
Could not parse CSS stylesheet
Could not parse CSS stylesheet
Could not parse CSS stylesheet
Could not parse CSS stylesheet
Could not parse CSS stylesheet
Could not parse CSS stylesheet
Could not parse CSS stylesheet
Could not parse CSS stylesheet
Could not parse CSS stylesheet
Could not parse CSS stylesheet
Could not parse CSS stylesheet
Could not parse CSS stylesheet
Could not parse CSS stylesheet
Could not parse CSS stylesheet
Could not parse CSS stylesheet
Could not parse CSS stylesheet
Could not parse CSS stylesheet
Could not parse CSS stylesheet
Could not parse CSS stylesheet
Could not parse CSS stylesheet
Could not parse CSS stylesheet
Could not parse CSS stylesheet
Could not parse CSS stylesheet
Could not parse CSS stylesheet
Could not parse CSS stylesheet
Could not parse CSS stylesheet
Could not parse CSS stylesheet
Could not parse CSS stylesheet
Could not parse CSS stylesheet
Could not parse CSS stylesheet
Could not parse CSS stylesheet
Could not parse CSS stylesheet
Could not parse CSS stylesheet
Could not parse CSS stylesheet
Could not parse CSS stylesheet
Could not parse CSS stylesheet
Could not parse CSS stylesheet
Could not parse CSS stylesheet
Could not parse CSS stylesheet
Could not parse CSS stylesheet
Could not parse CSS stylesheet
Could not parse CSS stylesheet
Could not parse CSS stylesheet
Could not parse CSS stylesheet
Could not parse CSS stylesheet
Could not parse CSS stylesheet
Could not parse CSS stylesheet
Could not parse CSS stylesheet
Could not parse CSS stylesheet
Could not parse CSS stylesheet
Could not parse CSS stylesheet
Could not parse CSS stylesheet
Could not parse CSS stylesheet
Could not parse CSS stylesheet

 Test Files  28 passed (28)
      Tests  203 passed (203)
   Start at  16:17:33
   Duration  242.37s (transform 608ms, setup 1.23s, import 9.48s, tests 468.06s, environment 4.40s)


> partsignal-frontend@0.1.0 test:visual-contract
> node --test scripts/*.test.mjs

✔ 完整且无敏感信息的公开资产通过 (27.765667ms)
✔ favicon 声明或资源缺失会阻断构建 (49.699375ms)
✔ 不完整 map、敏感凭据、env 和本机路径都会阻断构建 (354.782834ms)
✔ 旧索引策略和非最小 llms 内容会阻断构建 (25.385709ms)
✔ 容器固定 map 的 JSON/缓存，外层统一提供 nosniff (0.465833ms)
✔ raw-color 会报告文件、行号和规则 (27.69675ms)
✔ route-shell 会报告文件、行号和规则 (25.807833ms)
✔ page-token 会报告文件、行号和规则 (22.53425ms)
✔ page-font 会报告文件、行号和规则 (26.042542ms)
✔ external-visual 会报告文件、行号和规则 (22.765375ms)
✔ arbitrary-radius 会报告文件、行号和规则 (23.867875ms)
✔ arbitrary-shadow 会报告文件、行号和规则 (22.990167ms)
✔ primary-gradient 会报告文件、行号和规则 (23.546125ms)
✔ chart-color-mix 会报告文件、行号和规则 (22.917292ms)
✔ 条件路由壳层和 index.html 非启动颜色不能绕过门禁 (23.4945ms)
✔ CSS font 简写不能绕过页面字体门禁 (22.99925ms)
✔ 紧凑状态圆角、胶囊圆角和 inset 不能放宽任意视觉值 (24.137708ms)
✔ theme.ts 只有 projectThemes 主题值区允许原始颜色 (23.385333ms)
✔ 主题源、认证例外、语义变量和动态图形表达通过 (23.530042ms)
✔ 工作台样式与全局样式执行相同的视觉例外约束 (43.867ms)
✔ 显式浅色和深色不受系统配色影响 (1.100542ms)
✔ 跟随系统模式按媒体查询解析首帧 (0.821584ms)
✔ 无 localStorage 时回到跟随系统且不中断启动 (0.317125ms)
✔ 存储访问异常和无效值分别显式告警或清理 (0.433583ms)
ℹ tests 24
ℹ suites 0
ℹ pass 24
ℹ fail 0
ℹ cancelled 0
ℹ skipped 0
ℹ todo 0
ℹ duration_ms 487.259375
npm --prefix frontend-v2 run test

> partsignal-frontend-v2@0.1.0 test
> vitest run


 RUN  v4.1.10 /Users/sc/PycharmProjects/partsignal/frontend-v2


 Test Files  48 passed (48)
      Tests  282 passed (282)
   Start at  16:21:37
   Duration  7.94s (transform 4.93s, setup 3.48s, import 12.61s, tests 30.21s, environment 19.23s)

docker compose --env-file .env -f deploy/compose.dev.yaml run --rm backend-test
 Container partsignal-dev-redis-1 Running 
 Container partsignal-dev-postgres-1 Running 
 Container partsignal-dev-redis-1 Waiting 
 Container partsignal-dev-postgres-1 Waiting 
 Container partsignal-dev-redis-1 Healthy 
 Container partsignal-dev-postgres-1 Healthy 
 Container partsignal-dev-backend-test-run-5e79fdd808ee Creating 
 Container partsignal-dev-backend-test-run-5e79fdd808ee Created 
........................................................................ [ 77%]
.....................                                                    [100%]
93 passed in 119.49s (0:01:59)
docker build -f backend/Dockerfile -t partsignal-backend:test backend
DEPRECATED: The legacy builder is deprecated and will be removed in a future release.
            Install the buildx component to build images with BuildKit:
            https://docs.docker.com/go/buildx/

Sending build context to Docker daemon  6.892MB
Step 1/14 : FROM python:3.12-slim AS runtime
 ---> 423ed6ab25b1
Step 2/14 : ENV PYTHONDONTWRITEBYTECODE=1     PYTHONUNBUFFERED=1     UV_COMPILE_BYTECODE=1     UV_LINK_MODE=copy     UV_PROJECT_ENVIRONMENT=/opt/venv
 ---> Using cache
 ---> 7922e3de06f1
Step 3/14 : WORKDIR /app
 ---> Using cache
 ---> a8be8297fa40
Step 4/14 : COPY --from=ghcr.io/astral-sh/uv:0.7.13 /uv /uvx /bin/
 ---> Using cache
 ---> d1885d7994f8
Step 5/14 : COPY pyproject.toml uv.lock* ./
 ---> Using cache
 ---> 3dc21f045232
Step 6/14 : RUN uv sync --no-dev --no-install-project
 ---> Using cache
 ---> 21f0cf618cff
Step 7/14 : COPY . .
 ---> 6a84f92a6351
Step 8/14 : RUN uv sync --no-dev
 ---> Running in 04ecb04a2449
[91mResolved 83 packages in 0.34ms
[0m[91m   Building partsignal-backend @ file:///app
[0m[91m      Built partsignal-backend @ file:///app
[0m[91mPrepared 1 package in 4.32s[0m[91m
[0m[91mInstalled 1 package[0m[91m in 2ms
[0m[91mBytecode compiled 2466 files in 115ms
 +[0m[91m partsignal-backend==0.1.0 (from file:///app)
[0m ---> Removed intermediate container 04ecb04a2449
 ---> b240ec6aae8f
Step 9/14 : ENV PATH="/opt/venv/bin:$PATH"
 ---> Running in 338486a1c324
 ---> Removed intermediate container 338486a1c324
 ---> ffef4fb4cf01
Step 10/14 : CMD ["uvicorn", "app.main:app", "--host", "0.0.0.0", "--port", "8000"]
 ---> Running in d84d4b7b7ca0
 ---> Removed intermediate container d84d4b7b7ca0
 ---> 7fa0f19e3a6f
Step 11/14 : FROM runtime AS test
 ---> 7fa0f19e3a6f
Step 12/14 : RUN uv sync --all-extras
 ---> Running in b2e45e9d6e94
[91mResolved [0m[91m83 packages[0m[91m [0m[91min 0.32ms[0m[91m
[0m[91mDownloading pygments (1.2MiB)
[0m[91mDownloading mypy (13.1MiB)
[0m[91mDownloading ruff (10.5MiB)
[0m[91m Downloading pygments
[0m[91m Downloading ruff
[0m[91m Downloading mypy
[0m[91mPrepared 15 packages in 4.15s
[0m[91mInstalled 15 packages in 70ms
[0m[91mBytecode compiled 3363 files in 557ms
 + coverage==7.15.0
 + httpcore2==[0m[91m2.9.1
 + httpx2==2.9.1
 + iniconfig==2.3.0
 + librt==0.13.0
 + mypy==1.20.2
 + mypy-extensions==1.1.0
 + pathspec==1.1.1
 + pluggy==1.6.0
 + pygments==2.20.0
 + pytest==8.4.2
 + pytest-cov==6.3.0
 + ruff==0.15.21
 + truststore==0.10.4
 + types-pyyaml==6.0.12.20260518
[0m ---> Removed intermediate container b2e45e9d6e94
 ---> 4fcab3166e76
Step 13/14 : CMD ["pytest", "tests"]
 ---> Running in b33f79fe6f55
 ---> Removed intermediate container b33f79fe6f55
 ---> 95ad84b3f863
Step 14/14 : FROM runtime AS production
 ---> 7fa0f19e3a6f
Successfully built 7fa0f19e3a6f
Successfully tagged partsignal-backend:test
docker build -f frontend/Dockerfile -t partsignal-frontend:test frontend
DEPRECATED: The legacy builder is deprecated and will be removed in a future release.
            Install the buildx component to build images with BuildKit:
            https://docs.docker.com/go/buildx/

Sending build context to Docker daemon  4.088MB
Step 1/12 : FROM node:22-alpine AS development
 ---> 16e22a550f38
Step 2/12 : WORKDIR /app
 ---> Using cache
 ---> d76c2e91ef86
Step 3/12 : COPY package.json package-lock.json ./
 ---> Using cache
 ---> 60caa7ea328b
Step 4/12 : COPY patches ./patches
 ---> Using cache
 ---> fbf535eea5d0
Step 5/12 : RUN npm ci
 ---> Using cache
 ---> b2057c3d9cdf
Step 6/12 : COPY . .
 ---> 2b0b5da74e48
Step 7/12 : CMD ["npm", "run", "dev"]
 ---> Running in 53c64a888208
 ---> Removed intermediate container 53c64a888208
 ---> dbebdc83950a
Step 8/12 : FROM development AS build
 ---> dbebdc83950a
Step 9/12 : RUN npm run build
 ---> Running in 91f9dc4a722d

> partsignal-frontend@0.1.0 build
> tsc -b && vite build --config vite.config.ts && node scripts/check-production-assets.mjs

vite v7.3.6 building client environment for production...
transforming...
✓ 4927 modules transformed.
rendering chunks...
computing gzip size...
dist/index.html                                      0.86 kB │ gzip:   0.53 kB
dist/assets/index-DR1898Ft.css                      12.15 kB │ gzip:   3.02 kB
dist/assets/AppLayout-YWgmAjPj.css                 126.98 kB │ gzip:  19.71 kB
dist/assets/index-BJ2ywNdk.js                        0.16 kB │ gzip:   0.16 kB │ map:     0.57 kB
dist/assets/PlatformAvatar-l-6JoHPH.js               0.46 kB │ gzip:   0.36 kB │ map:     1.38 kB
dist/assets/contentValidation-hZdypUcp.js            0.62 kB │ gzip:   0.46 kB │ map:     2.05 kB
dist/assets/useFocusReturn-ZOPjmVBI.js               0.72 kB │ gzip:   0.45 kB │ map:     2.68 kB
dist/assets/MoreOutlined-DgY3gLuD.js                 0.82 kB │ gzip:   0.53 kB │ map:     2.90 kB
dist/assets/PlusOutlined-adgoccNV.js                 0.84 kB │ gzip:   0.56 kB │ map:     3.01 kB
dist/assets/UpOutlined-CirdDyrs.js                   0.87 kB │ gzip:   0.61 kB │ map:     3.00 kB
dist/assets/ArrowLeftOutlined-CWvBPJ_r.js            0.93 kB │ gzip:   0.65 kB │ map:     3.21 kB
dist/assets/ArrowRightOutlined-BHfZpcpK.js           0.94 kB │ gzip:   0.65 kB │ map:     3.24 kB
dist/assets/ThunderboltOutlined-DE1VFHpj.js          0.97 kB │ gzip:   0.68 kB │ map:     3.33 kB
dist/assets/WarningOutlined-Dfy8YbnC.js              1.00 kB │ gzip:   0.69 kB │ map:     3.36 kB
dist/assets/DeleteOutlined-BQLrwGyP.js               1.04 kB │ gzip:   0.70 kB │ map:     3.45 kB
dist/assets/AsyncState-DJk7ehEz.js                   1.07 kB │ gzip:   0.70 kB │ map:     2.79 kB
dist/assets/ClockCircleOutlined-Bk_Brjor.js          1.08 kB │ gzip:   0.69 kB │ map:     3.64 kB
dist/assets/ExportOutlined-aAIl4NfK.js               1.11 kB │ gzip:   0.72 kB │ map:     3.61 kB
dist/assets/CodeOutlined-DNhIaI7W.js                 1.11 kB │ gzip:   0.75 kB │ map:     3.58 kB
dist/assets/FileTextOutlined-DLFAOwOB.js             1.12 kB │ gzip:   0.73 kB │ map:     3.65 kB
dist/assets/SaveOutlined-BDtjQxHH.js                 1.13 kB │ gzip:   0.73 kB │ map:     3.62 kB
dist/assets/EyeOutlined-C0tyTUGA.js                  1.17 kB │ gzip:   0.75 kB │ map:     3.72 kB
dist/assets/KeyOutlined-C19pSVM8.js                  1.26 kB │ gzip:   0.76 kB │ map:     3.91 kB
dist/assets/ReloadOutlined-BVFP_xi3.js               1.39 kB │ gzip:   0.87 kB │ map:     4.26 kB
dist/assets/index-CspI2bFn.js                        1.45 kB │ gzip:   0.79 kB │ map:     6.57 kB
dist/assets/index-BQQMWFAp.js                        1.52 kB │ gzip:   0.79 kB │ map:     6.39 kB
dist/assets/useBreakpoint-EyHQgv-G.js                1.92 kB │ gzip:   0.94 kB │ map:     8.70 kB
dist/assets/ExclamationCircleOutlined-yxH12xgX.js    2.03 kB │ gzip:   0.88 kB │ map:     7.11 kB
dist/assets/ChangePasswordPage-CIrEEXhl.js           2.07 kB │ gzip:   1.11 kB │ map:     4.10 kB
dist/assets/DeletionError-B-QpAYwm.js                2.16 kB │ gzip:   1.32 kB │ map:     5.64 kB
dist/assets/SettingOutlined-DfcuMSpS.js              2.51 kB │ gzip:   1.32 kB │ map:     6.89 kB
dist/assets/queryOptions-DVrpcEyw.js                 2.72 kB │ gzip:   0.72 kB │ map:     9.34 kB
dist/assets/index-CmYI3hBq.js                        3.45 kB │ gzip:   1.54 kB │ map:    15.06 kB
dist/assets/DirectUpload-t7_7vYT8.js                 3.45 kB │ gzip:   1.91 kB │ map:    10.98 kB
dist/assets/RocketOutlined-CrfwR6NY.js               3.59 kB │ gzip:   1.45 kB │ map:    11.53 kB
dist/assets/index-Di_FexG3.js                        4.34 kB │ gzip:   1.94 kB │ map:    19.87 kB
dist/assets/index-CuV1tQIx.js                        4.52 kB │ gzip:   1.71 kB │ map:    17.91 kB
dist/assets/index-C4FqQBLK.js                        4.57 kB │ gzip:   2.04 kB │ map:    20.05 kB
dist/assets/index-CPf279bN.js                        4.80 kB │ gzip:   2.29 kB │ map:    22.56 kB
dist/assets/PlatformTypesPage-y3WjnlIZ.js            4.81 kB │ gzip:   2.39 kB │ map:    11.38 kB
dist/assets/useForm-B6Q78QXJ.js                      4.98 kB │ gzip:   2.28 kB │ map:    15.32 kB
dist/assets/Input-CXdjJ8Tx.js                        4.99 kB │ gzip:   2.20 kB │ map:    23.60 kB
dist/assets/GeoTopicsPage-C58PmKee.js                5.74 kB │ gzip:   2.78 kB │ map:    15.64 kB
dist/assets/PageHeader-DQueraIF.js                   5.77 kB │ gzip:   2.46 kB │ map:    27.03 kB
dist/assets/index-aJ6UBuiL.js                        6.47 kB │ gzip:   2.74 kB │ map:    27.59 kB
dist/assets/ProductsPage-6a4QJ1fB.js                 7.27 kB │ gzip:   3.50 kB │ map:    18.70 kB
dist/assets/index-Civ6cX-7.js                        7.55 kB │ gzip:   3.13 kB │ map:    37.27 kB
dist/assets/index-MDaS6HN3.js                        7.56 kB │ gzip:   2.60 kB │ map:    28.72 kB
dist/assets/index-C7za0xZm.js                        7.88 kB │ gzip:   2.79 kB │ map:    34.57 kB
dist/assets/SettingsPage-BA0sq2By.js                 9.07 kB │ gzip:   3.74 kB │ map:    26.06 kB
dist/assets/AntThemeProvider-D95QxLW-.js            10.22 kB │ gzip:   4.22 kB │ map:    28.21 kB
dist/assets/AuditLogDetailPanel-BmkQiYdz.js         10.24 kB │ gzip:   3.69 kB │ map:    20.57 kB
dist/assets/index-BHj-WENi.js                       10.89 kB │ gzip:   5.08 kB │ map:    49.49 kB
dist/assets/Drawer-DIZDOba6.js                      14.40 kB │ gzip:   5.57 kB │ map:    62.70 kB
dist/assets/StatusTag-CCs9rloU.js                   14.87 kB │ gzip:   6.40 kB │ map:    52.49 kB
dist/assets/MetricTile-BhbBPXNQ.js                  15.75 kB │ gzip:   6.08 kB │ map:    66.86 kB
dist/assets/ProductFactsPage-C22OxPc9.js            16.31 kB │ gzip:   5.70 kB │ map:    42.62 kB
dist/assets/AuditLogPage-BR95HRtx.js                16.94 kB │ gzip:   6.72 kB │ map:    48.90 kB
dist/assets/AppLayout-DZbDfK38.js                   18.28 kB │ gzip:   7.06 kB │ map:    61.24 kB
dist/assets/DashboardPage-CqMz0PKy.js               19.19 kB │ gzip:   6.54 kB │ map:    63.01 kB
dist/assets/index-pObIDzz_.js                       21.06 kB │ gzip:   7.61 kB │ map:    99.14 kB
dist/assets/UserManagementPage-BlkKigrY.js          21.86 kB │ gzip:   8.08 kB │ map:    58.50 kB
dist/assets/AIChannelsPage-BFBUWgOV.js              22.96 kB │ gzip:   9.29 kB │ map:    67.83 kB
dist/assets/index-BwNd0gR9.js                       24.43 kB │ gzip:   9.67 kB │ map:   114.01 kB
dist/assets/PlatformPromptsPage-BJAfEa6G.js         25.19 kB │ gzip:   8.86 kB │ map:    70.41 kB
dist/assets/ContentEditorPage-BL9bCN0H.js           25.40 kB │ gzip:   8.61 kB │ map:    66.86 kB
dist/assets/AIChannelDetailPage-AD5XcQ_g.js         26.96 kB │ gzip:   8.50 kB │ map:    69.56 kB
dist/assets/PlatformsPage-CpSoaoVU.js               29.33 kB │ gzip:  10.71 kB │ map:    78.56 kB
dist/assets/GeoInsightsPage-ZVjAEPOO.js             29.82 kB │ gzip:  10.25 kB │ map:    81.52 kB
dist/assets/index-CZG8qMl0.js                       32.75 kB │ gzip:  11.88 kB │ map:   139.48 kB
dist/assets/AdminRoute-DyJxJR70.js                  35.22 kB │ gzip:  11.24 kB │ map:    69.39 kB
dist/assets/Timeline-TXXTIXqU.js                    36.48 kB │ gzip:  10.40 kB │ map:   143.53 kB
dist/assets/GeoObservationsPage-DaPrQUEI.js         42.22 kB │ gzip:  13.87 kB │ map:   129.93 kB
dist/assets/index-DOEZecdZ.js                       43.84 kB │ gzip:  13.61 kB │ map:   179.62 kB
dist/assets/ContentTasksPage-C89eJNv5.js            46.42 kB │ gzip:  14.36 kB │ map:   124.25 kB
dist/assets/dropdown-CeJG-0rZ.js                    49.84 kB │ gzip:  14.57 kB │ map:   178.04 kB
dist/assets/PublicationsPage-xVTzw9Up.js            50.02 kB │ gzip:  15.10 kB │ map:   144.86 kB
dist/assets/index-B2rFR8UY.js                       52.03 kB │ gzip:  17.41 kB │ map:   243.07 kB
dist/assets/index-BrNOm8EW.js                       68.71 kB │ gzip:  24.26 kB │ map:   330.12 kB
dist/assets/markdown-DDuZ6yIA.js                    69.26 kB │ gzip:  23.05 kB │ map:   238.20 kB
dist/assets/index---URf6L9.js                      107.44 kB │ gzip:  35.50 kB │ map:   488.98 kB
dist/assets/Button-BSSXfzi7.js                     140.03 kB │ gzip:  51.15 kB │ map:   644.14 kB
dist/assets/index-Cxat7sEF.js                      170.35 kB │ gzip:  54.76 kB │ map:   755.91 kB
dist/assets/TableRegion-DGJYSvzl.js                186.18 kB │ gzip:  58.75 kB │ map:   808.08 kB
dist/assets/index-CoyMpxl-.js                      319.93 kB │ gzip: 102.86 kB │ map: 1,640.95 kB
✓ built in 4.08s
[91mnpm notice
npm notice New major version of npm available! 10.9.8 -> 12.0.2
npm notice Changelog: https://github.com/npm/cli/releases/tag/v12.0.2
npm notice To update run: npm install -g npm@12.0.2
npm notice
[0m ---> Removed intermediate container 91f9dc4a722d
 ---> ef9c35d8f607
Step 10/12 : FROM nginx:1.27-alpine
 ---> 65645c7bb6a0
Step 11/12 : COPY --from=build /app/dist /usr/share/nginx/html
 ---> Using cache
 ---> 589c8b2031fe
Step 12/12 : COPY nginx.conf /etc/nginx/conf.d/default.conf
 ---> Using cache
 ---> 26c9045ece4f
Successfully built 26c9045ece4f
Successfully tagged partsignal-frontend:test
npm --prefix frontend-v2 run build

> partsignal-frontend-v2@0.1.0 build
> tsc -b && vite build --config vite.config.ts

vite v8.2.1 building client environment for production...
[2Ktransforming...✓ 2756 modules transformed.
rendering chunks...
computing gzip size...
dist/index.html                                                    1.63 kB │ gzip:   0.56 kB
dist/assets/index-C8RG-v8k.css                                    70.93 kB │ gzip:  12.39 kB
dist/assets/route-BYbBUU4_.js                                      0.07 kB │ gzip:   0.08 kB
dist/assets/route-C1zKsv9X.js                                      0.07 kB │ gzip:   0.08 kB
dist/assets/route-CHLRmFte.js                                      0.07 kB │ gzip:   0.08 kB
dist/assets/route-CMXNmwzR.js                                      0.07 kB │ gzip:   0.08 kB
dist/assets/route-CwNVjCNl.js                                      0.07 kB │ gzip:   0.08 kB
dist/assets/route-DebDr6DZ.js                                      0.07 kB │ gzip:   0.08 kB
dist/assets/route-DfUt3zML.js                                      0.07 kB │ gzip:   0.08 kB
dist/assets/isElementDisabled-KSuuBj8D.js                          0.11 kB │ gzip:   0.11 kB
dist/assets/chevron-right-DfvmJTvw.js                              0.12 kB │ gzip:   0.14 kB
dist/assets/DirectionContext-CB69hrkd.js                           0.19 kB │ gzip:   0.16 kB
dist/assets/_taskId_.editor-MiNfMesD.js                            0.22 kB │ gzip:   0.20 kB
dist/assets/_taskId_.review-Ek7dIsRP.js                            0.22 kB │ gzip:   0.20 kB
dist/assets/_taskId-C_3M8AvC.js                                    0.22 kB │ gzip:   0.21 kB
dist/assets/versions_._versionId-CAYO7F20.js                       0.22 kB │ gzip:   0.21 kB
dist/assets/skeleton-gUPLty8P.js                                   0.24 kB │ gzip:   0.20 kB
dist/assets/useControlled-DmaWe-m-.js                              0.27 kB │ gzip:   0.23 kB
dist/assets/_app-DLSSzAs-.js                                       0.32 kB │ gzip:   0.27 kB
dist/assets/system.users-D8VKywjl.js                               0.35 kB │ gzip:   0.30 kB
dist/assets/table-toolbar-fQTZ6H-6.js                              0.42 kB │ gzip:   0.27 kB
dist/assets/route-error-BwBssg-U.js                                0.46 kB │ gzip:   0.31 kB
dist/assets/_productId-DpWC9toM.js                                 0.49 kB │ gzip:   0.35 kB
dist/assets/_productId_.facts-DF3Wjb5z.js                          0.50 kB │ gzip:   0.36 kB
dist/assets/_productId_.facts_.versions_._versionId-DRMyUlWC.js    0.50 kB │ gzip:   0.36 kB
dist/assets/_productId_.facts_.review-Dcg3Qfjs.js                  0.50 kB │ gzip:   0.37 kB
dist/assets/useCompositeItem-DwQp6Ed1.js                           0.59 kB │ gzip:   0.40 kB
dist/assets/content-version.model-BVKgM5xI.js                      0.61 kB │ gzip:   0.43 kB
dist/assets/detail-section-ZCzeyKHL.js                             0.62 kB │ gzip:   0.33 kB
dist/assets/timeline-Bpze7Stf.js                                   0.87 kB │ gzip:   0.47 kB
dist/assets/form-field-Dia2cHeF.js                                 0.99 kB │ gzip:   0.55 kB
dist/assets/jsx-runtime-Cx0BB4qO.js                                1.08 kB │ gzip:   0.61 kB
dist/assets/product-deletion-dialog-BLCRVZOm.js                    1.20 kB │ gzip:   0.76 kB
dist/assets/form-layout-tto6FtgS.js                                1.31 kB │ gzip:   0.70 kB
dist/assets/route-DAwcGuxd.js                                      1.52 kB │ gzip:   0.82 kB
dist/assets/badge-UgKHBIiA.js                                      1.60 kB │ gzip:   0.72 kB
dist/assets/composite-B_8tu0CF.js                                  2.14 kB │ gzip:   0.78 kB
dist/assets/useRegisterFieldControl-B_8JtoQx.js                    2.27 kB │ gzip:   1.09 kB
dist/assets/useStore-D5IsVbGr.js                                   2.30 kB │ gzip:   0.99 kB
dist/assets/dialog-BdMP2Fzq.js                                     2.41 kB │ gzip:   0.95 kB
dist/assets/input-DGLyHrW6.js                                      2.50 kB │ gzip:   1.26 kB
dist/assets/dirty-guard-CRrN8Bqd.js                                2.55 kB │ gzip:   1.22 kB
dist/assets/table-skeleton-CBmGBeAx.js                             2.63 kB │ gzip:   1.25 kB
dist/assets/CompositeList-2pPllnYE.js                              3.05 kB │ gzip:   1.38 kB
dist/assets/row-actions-DZl5pCL-.js                                3.19 kB │ gzip:   1.34 kB
dist/assets/workspace-shell-DJHdTFP0.js                            3.37 kB │ gzip:   1.50 kB
dist/assets/new-CBgxzD_D.js                                        4.22 kB │ gzip:   1.85 kB
dist/assets/product.model-DN9beBHp.js                              4.36 kB │ gzip:   1.99 kB
dist/assets/Match-CvW4MJas.js                                      4.37 kB │ gzip:   1.72 kB
dist/assets/issues-BR4Aa72C.js                                     4.95 kB │ gzip:   2.08 kB
dist/assets/_productId_.facts_.versions-DemcJqDc.js                5.09 kB │ gzip:   2.29 kB
dist/assets/useBaseUiId-CJDETaKW.js                                5.13 kB │ gzip:   2.29 kB
dist/assets/articles-BahGZJwa.js                                   5.82 kB │ gzip:   2.37 kB
dist/assets/button-BQkCEyiV.js                                     5.94 kB │ gzip:   2.33 kB
dist/assets/DialogTitle-CpDoUV80.js                                7.21 kB │ gzip:   2.82 kB
dist/assets/react-3BKWdGy3.js                                      7.52 kB │ gzip:   2.88 kB
dist/assets/product.api-BTuitTNE.js                                7.84 kB │ gzip:   2.55 kB
dist/assets/_productId_.facts_.versions_._versionId-Tok0wt_S.js    8.12 kB │ gzip:   2.60 kB
dist/assets/tasks-D0koXrSR.js                                      8.40 kB │ gzip:   3.35 kB
dist/assets/new-COGehMxZ.js                                        8.74 kB │ gzip:   3.70 kB
dist/assets/products-BPXPZLEt.js                                   9.59 kB │ gzip:   3.89 kB
dist/assets/getPseudoElementBounds-BfZb0QHq.js                    10.61 kB │ gzip:   4.30 kB
dist/assets/versions_._versionId-BDEXWhmp.js                      12.00 kB │ gzip:   3.81 kB
dist/assets/content-task-lifecycle-BRoEPIKu.js                    12.26 kB │ gzip:   4.50 kB
dist/assets/route-oDyYeGlY.js                                     13.32 kB │ gzip:   5.02 kB
dist/assets/content.api-BrgaQpft.js                               13.83 kB │ gzip:   4.04 kB
dist/assets/useScrollLock-N3WuCRNZ.js                             14.49 kB │ gzip:   5.71 kB
dist/assets/work-Biaii1iP.js                                      14.53 kB │ gzip:   4.85 kB
dist/assets/_productId_.facts-CLWwZj0x.js                         15.04 kB │ gzip:   5.20 kB
dist/assets/_taskId-CjrQm7kd.js                                   15.05 kB │ gzip:   4.71 kB
dist/assets/_productId_.facts_.review-i4P63avC.js                 15.41 kB │ gzip:   5.48 kB
dist/assets/publication.api-Cr7THSwQ.js                           15.74 kB │ gzip:   4.59 kB
dist/assets/_articleId-Na-b7xKZ.js                                15.79 kB │ gzip:   5.22 kB
dist/assets/_issueId-D5QLwY-U.js                                  16.93 kB │ gzip:   5.76 kB
dist/assets/_taskId_.review-Yq_G500b.js                           17.08 kB │ gzip:   5.93 kB
dist/assets/_productId-Db1tug98.js                                17.31 kB │ gzip:   5.79 kB
dist/assets/icon-button-wSZN91tj.js                               24.17 kB │ gzip:   8.32 kB
dist/assets/popupStateMapping-C-PPE31v.js                         25.76 kB │ gzip:   9.28 kB
dist/assets/usePositioner-DIUe1ovP.js                             26.20 kB │ gzip:  10.18 kB
dist/assets/_workId-D8_Tdozw.js                                   26.33 kB │ gzip:   8.26 kB
dist/assets/preload-helper-J7ij2GDC.js                            28.77 kB │ gzip:  10.58 kB
dist/assets/select-Bng0Sxmb.js                                    30.29 kB │ gzip:  10.99 kB
dist/assets/_taskId_.editor-mlfelQGP.js                           30.95 kB │ gzip:   9.79 kB
dist/assets/utils-XtkBNw_2.js                                     34.36 kB │ gzip:  11.54 kB
dist/assets/zod-DVADyB_X.js                                       36.21 kB │ gzip:  12.72 kB
dist/assets/filter-bar-CH12KVxd.js                                44.49 kB │ gzip:  13.39 kB
dist/assets/coerce-D-F0KN8w.js                                    80.53 kB │ gzip:  22.74 kB
dist/assets/index-DPubHZ1e.js                                    307.32 kB │ gzip:  96.84 kB
dist/assets/markdown-editor-BfwaimGW.js                          742.67 kB │ gzip: 249.51 kB

✓ built in 329ms
[plugin builtin:vite-reporter] 
(!) Some chunks are larger than 500 kB after minification. Consider:
- Using dynamic import() to code-split the application
- Use build.rolldownOptions.output.codeSplitting to improve chunking: https://rolldown.rs/reference/OutputOptions.codeSplitting
- Adjust chunk size limit for this warning via build.chunkSizeWarningLimit.
deploy/scripts/e2e-local.sh
INFO  [alembic.runtime.migration] Context impl PostgresqlImpl.
INFO  [alembic.runtime.migration] Will assume transactional DDL.
INFO  [alembic.runtime.migration] Running upgrade  -> 0001_identity_audit, 创建身份、会话和审计表。
INFO  [alembic.runtime.migration] Running upgrade 0001_identity_audit -> 0002_product_facts, 创建规范化产品事实和不可变事实版本。
INFO  [alembic.runtime.migration] Running upgrade 0002_product_facts -> 0003_content_planning, 创建目标问题、平台规则版本和内容任务。
INFO  [alembic.runtime.migration] Running upgrade 0003_content_planning -> 0004_content_production, 创建 PostgreSQL 权威生成作业和不可变 Markdown 内容版本。
INFO  [alembic.runtime.migration] Running upgrade 0004_content_production -> 0005_content_review, 创建追加式内容审核记录。
INFO  [alembic.runtime.migration] Running upgrade 0005_content_review -> 0006_publication, 创建平台账号、人工发布记录和状态事件。
INFO  [alembic.runtime.migration] Running upgrade 0006_publication -> 0007_geo_observation, 创建追加式 GEO 观测及引用关联。
INFO  [alembic.runtime.migration] Running upgrade 0007_geo_observation -> 0008_files, 创建文件生命周期、附件关联并补加证据文件外键。
INFO  [alembic.runtime.migration] Running upgrade 0008_files -> 0009_config_center, 迁移账号类型、配置中心与真实 AI 生成字段。
INFO  [alembic.runtime.migration] Running upgrade 0009_config_center -> 0010_user_cleanup, 清理旧版职责账号并强制既有内容工程师改密。
INFO  [alembic.runtime.migration] Running upgrade 0010_user_cleanup -> 0011_generation_reliability, 增加生成作业补投递诊断字段与到期扫描索引。
INFO  [alembic.runtime.migration] Running upgrade 0011_generation_reliability -> 0012_ai_data_classification, 为生成输入增加显式数据分级与责任人记录。
INFO  [alembic.runtime.migration] Running upgrade 0012_ai_data_classification -> 0013_publication_closure, 增加发布异常待办、修复任务来源和发布平台一致性门禁。
INFO  [alembic.runtime.migration] Running upgrade 0013_publication_closure -> 0014_platform_prompt_ownership, 将当前 Prompt 所有权从平台类型迁移到具体平台。
INFO  [alembic.runtime.migration] Running upgrade 0014_platform_prompt_ownership -> 0015_platform_rule_draft_editing, 允许按修订号编辑平台规则草稿，并继续冻结已激活或退役正文。
INFO  [alembic.runtime.migration] Running upgrade 0015_platform_rule_draft_editing -> 0016_fact_review_cleanup, 允许受约束删除事实版本时清理其从属审核记录。
INFO  [alembic.runtime.migration] Running upgrade 0016_fact_review_cleanup -> 0017_content_humanization, 增加全局自然化 Prompt，并让现有 AI 作业承载自然化修订。
INFO  [alembic.runtime.migration] Running upgrade 0017_content_humanization -> 0018_manual_geo_observation, 增加产品级人工 GEO 观测，并保留旧模型观测历史。
INFO  [alembic.runtime.migration] Running upgrade 0018_manual_geo_observation -> 0019_product_driven_tasks, 允许新内容任务直接围绕产品创建，同时保留历史目标问题关联。
INFO  [alembic.runtime.migration] Running upgrade 0019_product_driven_tasks -> 0020_platform_branding_task_list, 为具体平台增加官网与单一来源 Logo。
INFO  [alembic.runtime.migration] Running upgrade 0020_platform_branding_task_list -> 0021_ai_channel_model_management, 补齐 AI 渠道身份字段与使用统计索引。
INFO  [alembic.runtime.migration] Running upgrade 0021_ai_channel_model_management -> 0022_geo_observation_insights, 补充人工 GEO 逐篇阶段事实与问题主题约束。
INFO  [alembic.runtime.migration] Running upgrade 0022_geo_observation_insights -> 0023_platform_management, 增加具体平台启停状态与管理聚合索引。
INFO  [alembic.runtime.migration] Running upgrade 0023_platform_management -> 0024_audit_outcome, 补齐审计模块、命令结果和安全结果说明。
INFO  [alembic.runtime.migration] Running upgrade 0024_audit_outcome -> 0025_markdown_facts, 将结构化产品事实收敛为 Markdown，并让内容任务直接绑定平台。
INFO  [alembic.runtime.migration] Running upgrade 0025_markdown_facts -> 0026_publication_account_dedup, 补齐发布账号修订约束，并阻止同平台规范化账号标识重复。
INFO  [alembic.runtime.migration] Running upgrade 0026_publication_account_dedup -> 0027_audit_user_delete_guard, 只允许受约束用户删除把匹配审计操作者置空。
INFO  [alembic.runtime.migration] Running upgrade 0027_audit_user_delete_guard -> 0028_platform_logo_lifecycle, 增加平台 Logo 的未引用保留、幂等删除状态与数据库门禁。
INFO  [alembic.runtime.migration] Running upgrade 0028_platform_logo_lifecycle -> 0029_geo_evidence_management, 收敛人工 GEO 独立事实，并为完整更正链删除增加事务门禁。
INFO  [alembic.runtime.migration] Running upgrade 0029_geo_evidence_management -> 0030_publication_record_delete, 为从未公开的发布聚合增加事务级受控删除门禁。
INFO  [alembic.runtime.migration] Running upgrade 0030_publication_record_delete -> 0031_reusable_platform_prompts, 把平台私有 Prompt 收敛为可复用模板和平台当前绑定。
INFO  [alembic.runtime.migration] Running upgrade 0031_reusable_platform_prompts -> 0032_content_task_idempotency, 为普通内容任务创建增加持久化请求键幂等约束。
INFO  [alembic.runtime.migration] Running upgrade 0032_content_task_idempotency -> 0033_task_owned_history_delete, 允许受控删除已取消任务自有的未批准生产历史。
INFO  [alembic.runtime.migration] Running upgrade 0033_task_owned_history_delete -> 0034_publication_redesign, 以发布工作、首次核验成果和发布后内容问题替换旧发布记录。
INFO  [alembic.runtime.migration] Running upgrade 0034_publication_redesign -> 0035_business_workflow, 建立事实提交、内容单主线、发布版本快照与 GEO 来源合同。
INFO  [alembic.runtime.migration] Running upgrade 0035_business_workflow -> 0036_remove_section_url, 删除没有稳定业务含义的发布栏目地址。
INFO  [alembic.runtime.migration] Running upgrade 0036_remove_section_url -> 0037_simplify_deletion_lifecycle, 收缩任务、配置与审计的删除生命周期。
INFO  [alembic.runtime.migration] Running upgrade 0037_simplify_deletion_lifecycle -> 0038_published_article_delete, 允许受控删除无 GEO 引用的发布成果聚合。
INFO  [alembic.runtime.migration] Running upgrade 0038_published_article_delete -> 0039_article_delete_platform, 允许归档任务在删除失效平台的发布成果后转为已取消。
INFO  [alembic.runtime.migration] Running upgrade 0039_article_delete_platform -> 0040_content_draft_management, 允许当前人工未审核草稿受控保存和彻底删除。
INFO  [alembic.runtime.migration] Running upgrade 0040_content_draft_management -> 0041_content_task_list, 补齐内容任务列表的稳定更新时间与排序索引。
INFO  [alembic.runtime.migration] Running upgrade 0041_content_task_list -> 0042_content_version_detail, 记录内容版本自身的真实更新时间。

> partsignal-frontend@0.1.0 build
> tsc -b && vite build --config vite.config.ts && node scripts/check-production-assets.mjs

vite v7.3.6 building client environment for production...
transforming...
✓ 4927 modules transformed.
rendering chunks...
computing gzip size...
dist/index.html                                      0.86 kB │ gzip:   0.53 kB
dist/assets/index-DR1898Ft.css                      12.15 kB │ gzip:   3.02 kB
dist/assets/AppLayout-YWgmAjPj.css                 126.98 kB │ gzip:  19.71 kB
dist/assets/index-BJ2ywNdk.js                        0.16 kB │ gzip:   0.16 kB │ map:     0.57 kB
dist/assets/PlatformAvatar-l-6JoHPH.js               0.46 kB │ gzip:   0.36 kB │ map:     1.38 kB
dist/assets/contentValidation-hZdypUcp.js            0.62 kB │ gzip:   0.46 kB │ map:     2.05 kB
dist/assets/useFocusReturn-ZOPjmVBI.js               0.72 kB │ gzip:   0.45 kB │ map:     2.68 kB
dist/assets/MoreOutlined-DgY3gLuD.js                 0.82 kB │ gzip:   0.53 kB │ map:     2.90 kB
dist/assets/PlusOutlined-adgoccNV.js                 0.84 kB │ gzip:   0.56 kB │ map:     3.01 kB
dist/assets/UpOutlined-CirdDyrs.js                   0.87 kB │ gzip:   0.61 kB │ map:     3.00 kB
dist/assets/ArrowLeftOutlined-CWvBPJ_r.js            0.93 kB │ gzip:   0.65 kB │ map:     3.21 kB
dist/assets/ArrowRightOutlined-BHfZpcpK.js           0.94 kB │ gzip:   0.65 kB │ map:     3.24 kB
dist/assets/ThunderboltOutlined-DE1VFHpj.js          0.97 kB │ gzip:   0.68 kB │ map:     3.33 kB
dist/assets/WarningOutlined-Dfy8YbnC.js              1.00 kB │ gzip:   0.69 kB │ map:     3.36 kB
dist/assets/DeleteOutlined-BQLrwGyP.js               1.04 kB │ gzip:   0.70 kB │ map:     3.45 kB
dist/assets/AsyncState-DJk7ehEz.js                   1.07 kB │ gzip:   0.70 kB │ map:     2.79 kB
dist/assets/ClockCircleOutlined-Bk_Brjor.js          1.08 kB │ gzip:   0.69 kB │ map:     3.64 kB
dist/assets/ExportOutlined-aAIl4NfK.js               1.11 kB │ gzip:   0.72 kB │ map:     3.61 kB
dist/assets/CodeOutlined-DNhIaI7W.js                 1.11 kB │ gzip:   0.75 kB │ map:     3.58 kB
dist/assets/FileTextOutlined-DLFAOwOB.js             1.12 kB │ gzip:   0.73 kB │ map:     3.65 kB
dist/assets/SaveOutlined-BDtjQxHH.js                 1.13 kB │ gzip:   0.73 kB │ map:     3.62 kB
dist/assets/EyeOutlined-C0tyTUGA.js                  1.17 kB │ gzip:   0.75 kB │ map:     3.72 kB
dist/assets/KeyOutlined-C19pSVM8.js                  1.26 kB │ gzip:   0.76 kB │ map:     3.91 kB
dist/assets/ReloadOutlined-BVFP_xi3.js               1.39 kB │ gzip:   0.87 kB │ map:     4.26 kB
dist/assets/index-CspI2bFn.js                        1.45 kB │ gzip:   0.79 kB │ map:     6.57 kB
dist/assets/index-BQQMWFAp.js                        1.52 kB │ gzip:   0.79 kB │ map:     6.39 kB
dist/assets/useBreakpoint-EyHQgv-G.js                1.92 kB │ gzip:   0.94 kB │ map:     8.70 kB
dist/assets/ExclamationCircleOutlined-yxH12xgX.js    2.03 kB │ gzip:   0.88 kB │ map:     7.11 kB
dist/assets/ChangePasswordPage-CIrEEXhl.js           2.07 kB │ gzip:   1.11 kB │ map:     4.10 kB
dist/assets/DeletionError-B-QpAYwm.js                2.16 kB │ gzip:   1.32 kB │ map:     5.64 kB
dist/assets/SettingOutlined-DfcuMSpS.js              2.51 kB │ gzip:   1.32 kB │ map:     6.89 kB
dist/assets/queryOptions-DVrpcEyw.js                 2.72 kB │ gzip:   0.72 kB │ map:     9.34 kB
dist/assets/index-CmYI3hBq.js                        3.45 kB │ gzip:   1.54 kB │ map:    15.06 kB
dist/assets/DirectUpload-t7_7vYT8.js                 3.45 kB │ gzip:   1.91 kB │ map:    10.98 kB
dist/assets/RocketOutlined-CrfwR6NY.js               3.59 kB │ gzip:   1.45 kB │ map:    11.53 kB
dist/assets/index-Di_FexG3.js                        4.34 kB │ gzip:   1.94 kB │ map:    19.87 kB
dist/assets/index-CuV1tQIx.js                        4.52 kB │ gzip:   1.71 kB │ map:    17.91 kB
dist/assets/index-C4FqQBLK.js                        4.57 kB │ gzip:   2.04 kB │ map:    20.05 kB
dist/assets/index-CPf279bN.js                        4.80 kB │ gzip:   2.29 kB │ map:    22.56 kB
dist/assets/PlatformTypesPage-y3WjnlIZ.js            4.81 kB │ gzip:   2.39 kB │ map:    11.38 kB
dist/assets/useForm-B6Q78QXJ.js                      4.98 kB │ gzip:   2.28 kB │ map:    15.32 kB
dist/assets/Input-CXdjJ8Tx.js                        4.99 kB │ gzip:   2.20 kB │ map:    23.60 kB
dist/assets/GeoTopicsPage-C58PmKee.js                5.74 kB │ gzip:   2.78 kB │ map:    15.64 kB
dist/assets/PageHeader-DQueraIF.js                   5.77 kB │ gzip:   2.46 kB │ map:    27.03 kB
dist/assets/index-aJ6UBuiL.js                        6.47 kB │ gzip:   2.74 kB │ map:    27.59 kB
dist/assets/ProductsPage-6a4QJ1fB.js                 7.27 kB │ gzip:   3.50 kB │ map:    18.70 kB
dist/assets/index-Civ6cX-7.js                        7.55 kB │ gzip:   3.13 kB │ map:    37.27 kB
dist/assets/index-MDaS6HN3.js                        7.56 kB │ gzip:   2.60 kB │ map:    28.72 kB
dist/assets/index-C7za0xZm.js                        7.88 kB │ gzip:   2.79 kB │ map:    34.57 kB
dist/assets/SettingsPage-BA0sq2By.js                 9.07 kB │ gzip:   3.74 kB │ map:    26.06 kB
dist/assets/AntThemeProvider-D95QxLW-.js            10.22 kB │ gzip:   4.22 kB │ map:    28.21 kB
dist/assets/AuditLogDetailPanel-BmkQiYdz.js         10.24 kB │ gzip:   3.69 kB │ map:    20.57 kB
dist/assets/index-BHj-WENi.js                       10.89 kB │ gzip:   5.08 kB │ map:    49.49 kB
dist/assets/Drawer-DIZDOba6.js                      14.40 kB │ gzip:   5.57 kB │ map:    62.70 kB
dist/assets/StatusTag-CCs9rloU.js                   14.87 kB │ gzip:   6.40 kB │ map:    52.49 kB
dist/assets/MetricTile-BhbBPXNQ.js                  15.75 kB │ gzip:   6.08 kB │ map:    66.86 kB
dist/assets/ProductFactsPage-C22OxPc9.js            16.31 kB │ gzip:   5.70 kB │ map:    42.62 kB
dist/assets/AuditLogPage-BR95HRtx.js                16.94 kB │ gzip:   6.72 kB │ map:    48.90 kB
dist/assets/AppLayout-DZbDfK38.js                   18.28 kB │ gzip:   7.06 kB │ map:    61.24 kB
dist/assets/DashboardPage-CqMz0PKy.js               19.19 kB │ gzip:   6.54 kB │ map:    63.01 kB
dist/assets/index-pObIDzz_.js                       21.06 kB │ gzip:   7.61 kB │ map:    99.14 kB
dist/assets/UserManagementPage-BlkKigrY.js          21.86 kB │ gzip:   8.08 kB │ map:    58.50 kB
dist/assets/AIChannelsPage-BFBUWgOV.js              22.96 kB │ gzip:   9.29 kB │ map:    67.83 kB
dist/assets/index-BwNd0gR9.js                       24.43 kB │ gzip:   9.67 kB │ map:   114.01 kB
dist/assets/PlatformPromptsPage-BJAfEa6G.js         25.19 kB │ gzip:   8.86 kB │ map:    70.41 kB
dist/assets/ContentEditorPage-BL9bCN0H.js           25.40 kB │ gzip:   8.61 kB │ map:    66.86 kB
dist/assets/AIChannelDetailPage-AD5XcQ_g.js         26.96 kB │ gzip:   8.50 kB │ map:    69.56 kB
dist/assets/PlatformsPage-CpSoaoVU.js               29.33 kB │ gzip:  10.71 kB │ map:    78.56 kB
dist/assets/GeoInsightsPage-ZVjAEPOO.js             29.82 kB │ gzip:  10.25 kB │ map:    81.52 kB
dist/assets/index-CZG8qMl0.js                       32.75 kB │ gzip:  11.88 kB │ map:   139.48 kB
dist/assets/AdminRoute-DyJxJR70.js                  35.22 kB │ gzip:  11.24 kB │ map:    69.39 kB
dist/assets/Timeline-TXXTIXqU.js                    36.48 kB │ gzip:  10.40 kB │ map:   143.53 kB
dist/assets/GeoObservationsPage-DaPrQUEI.js         42.22 kB │ gzip:  13.87 kB │ map:   129.93 kB
dist/assets/index-DOEZecdZ.js                       43.84 kB │ gzip:  13.61 kB │ map:   179.62 kB
dist/assets/ContentTasksPage-C89eJNv5.js            46.42 kB │ gzip:  14.36 kB │ map:   124.25 kB
dist/assets/dropdown-CeJG-0rZ.js                    49.84 kB │ gzip:  14.57 kB │ map:   178.04 kB
dist/assets/PublicationsPage-xVTzw9Up.js            50.02 kB │ gzip:  15.10 kB │ map:   144.86 kB
dist/assets/index-B2rFR8UY.js                       52.03 kB │ gzip:  17.41 kB │ map:   243.07 kB
dist/assets/index-BrNOm8EW.js                       68.71 kB │ gzip:  24.26 kB │ map:   330.12 kB
dist/assets/markdown-DDuZ6yIA.js                    69.26 kB │ gzip:  23.05 kB │ map:   238.20 kB
dist/assets/index---URf6L9.js                      107.44 kB │ gzip:  35.50 kB │ map:   488.98 kB
dist/assets/Button-BSSXfzi7.js                     140.03 kB │ gzip:  51.15 kB │ map:   644.14 kB
dist/assets/index-Cxat7sEF.js                      170.35 kB │ gzip:  54.76 kB │ map:   755.91 kB
dist/assets/TableRegion-DGJYSvzl.js                186.18 kB │ gzip:  58.75 kB │ map:   808.08 kB
dist/assets/index-CoyMpxl-.js                      319.93 kB │ gzip: 102.86 kB │ map: 1,640.95 kB
✓ built in 2.33s

> partsignal-frontend-v2@0.1.0 build
> tsc -b && vite build --config vite.config.ts

vite v8.2.1 building client environment for production...
[2Ktransforming...✓ 2756 modules transformed.
rendering chunks...
computing gzip size...
dist/index.html                                                    1.63 kB │ gzip:   0.56 kB
dist/assets/index-C8RG-v8k.css                                    70.93 kB │ gzip:  12.39 kB
dist/assets/route-BYbBUU4_.js                                      0.07 kB │ gzip:   0.08 kB
dist/assets/route-C1zKsv9X.js                                      0.07 kB │ gzip:   0.08 kB
dist/assets/route-CHLRmFte.js                                      0.07 kB │ gzip:   0.08 kB
dist/assets/route-CMXNmwzR.js                                      0.07 kB │ gzip:   0.08 kB
dist/assets/route-CwNVjCNl.js                                      0.07 kB │ gzip:   0.08 kB
dist/assets/route-DebDr6DZ.js                                      0.07 kB │ gzip:   0.08 kB
dist/assets/route-DfUt3zML.js                                      0.07 kB │ gzip:   0.08 kB
dist/assets/isElementDisabled-KSuuBj8D.js                          0.11 kB │ gzip:   0.11 kB
dist/assets/chevron-right-DfvmJTvw.js                              0.12 kB │ gzip:   0.14 kB
dist/assets/DirectionContext-CB69hrkd.js                           0.19 kB │ gzip:   0.16 kB
dist/assets/_taskId_.editor-MiNfMesD.js                            0.22 kB │ gzip:   0.20 kB
dist/assets/_taskId_.review-Ek7dIsRP.js                            0.22 kB │ gzip:   0.20 kB
dist/assets/_taskId-C_3M8AvC.js                                    0.22 kB │ gzip:   0.21 kB
dist/assets/versions_._versionId-CAYO7F20.js                       0.22 kB │ gzip:   0.21 kB
dist/assets/skeleton-gUPLty8P.js                                   0.24 kB │ gzip:   0.20 kB
dist/assets/useControlled-DmaWe-m-.js                              0.27 kB │ gzip:   0.23 kB
dist/assets/_app-DLSSzAs-.js                                       0.32 kB │ gzip:   0.27 kB
dist/assets/system.users-D8VKywjl.js                               0.35 kB │ gzip:   0.30 kB
dist/assets/table-toolbar-fQTZ6H-6.js                              0.42 kB │ gzip:   0.27 kB
dist/assets/route-error-BwBssg-U.js                                0.46 kB │ gzip:   0.31 kB
dist/assets/_productId-DpWC9toM.js                                 0.49 kB │ gzip:   0.35 kB
dist/assets/_productId_.facts-DF3Wjb5z.js                          0.50 kB │ gzip:   0.36 kB
dist/assets/_productId_.facts_.versions_._versionId-DRMyUlWC.js    0.50 kB │ gzip:   0.36 kB
dist/assets/_productId_.facts_.review-Dcg3Qfjs.js                  0.50 kB │ gzip:   0.37 kB
dist/assets/useCompositeItem-DwQp6Ed1.js                           0.59 kB │ gzip:   0.40 kB
dist/assets/content-version.model-BVKgM5xI.js                      0.61 kB │ gzip:   0.43 kB
dist/assets/detail-section-ZCzeyKHL.js                             0.62 kB │ gzip:   0.33 kB
dist/assets/timeline-Bpze7Stf.js                                   0.87 kB │ gzip:   0.47 kB
dist/assets/form-field-Dia2cHeF.js                                 0.99 kB │ gzip:   0.55 kB
dist/assets/jsx-runtime-Cx0BB4qO.js                                1.08 kB │ gzip:   0.61 kB
dist/assets/product-deletion-dialog-BImJdLhv.js                    1.20 kB │ gzip:   0.76 kB
dist/assets/form-layout-tto6FtgS.js                                1.31 kB │ gzip:   0.70 kB
dist/assets/route-CPIQnCjL.js                                      1.52 kB │ gzip:   0.82 kB
dist/assets/badge-UgKHBIiA.js                                      1.60 kB │ gzip:   0.72 kB
dist/assets/composite-B_8tu0CF.js                                  2.14 kB │ gzip:   0.78 kB
dist/assets/useRegisterFieldControl-B_8JtoQx.js                    2.27 kB │ gzip:   1.09 kB
dist/assets/useStore-D5IsVbGr.js                                   2.30 kB │ gzip:   0.99 kB
dist/assets/dialog-BUK89BO2.js                                     2.41 kB │ gzip:   0.95 kB
dist/assets/input-DGLyHrW6.js                                      2.50 kB │ gzip:   1.26 kB
dist/assets/dirty-guard-zKsQGoVM.js                                2.55 kB │ gzip:   1.22 kB
dist/assets/table-skeleton-CBmGBeAx.js                             2.63 kB │ gzip:   1.25 kB
dist/assets/CompositeList-2pPllnYE.js                              3.05 kB │ gzip:   1.38 kB
dist/assets/row-actions-Bp5MlVkw.js                                3.19 kB │ gzip:   1.33 kB
dist/assets/workspace-shell-DzW2CsAQ.js                            3.37 kB │ gzip:   1.50 kB
dist/assets/new-B4U5zpHj.js                                        4.22 kB │ gzip:   1.85 kB
dist/assets/product.model-Bes70T5a.js                              4.36 kB │ gzip:   1.99 kB
dist/assets/Match-CvW4MJas.js                                      4.37 kB │ gzip:   1.72 kB
dist/assets/issues-B8U6OZ4N.js                                     4.95 kB │ gzip:   2.08 kB
dist/assets/_productId_.facts_.versions-B1cXEn2W.js                5.09 kB │ gzip:   2.29 kB
dist/assets/useBaseUiId-CJDETaKW.js                                5.13 kB │ gzip:   2.29 kB
dist/assets/articles-D4j9DZkY.js                                   5.82 kB │ gzip:   2.37 kB
dist/assets/button-BQkCEyiV.js                                     5.94 kB │ gzip:   2.33 kB
dist/assets/DialogTitle-Cv6ea0an.js                                7.21 kB │ gzip:   2.82 kB
dist/assets/react-3BKWdGy3.js                                      7.52 kB │ gzip:   2.88 kB
dist/assets/product.api-CZBJ2mMg.js                                7.84 kB │ gzip:   2.55 kB
dist/assets/_productId_.facts_.versions_._versionId-C1lKIk7L.js    8.12 kB │ gzip:   2.59 kB
dist/assets/tasks-C6IRt6hX.js                                      8.40 kB │ gzip:   3.34 kB
dist/assets/new-CyWpB8J5.js                                        8.74 kB │ gzip:   3.70 kB
dist/assets/products-C03yUJKP.js                                   9.59 kB │ gzip:   3.89 kB
dist/assets/getPseudoElementBounds-BfZb0QHq.js                    10.61 kB │ gzip:   4.30 kB
dist/assets/versions_._versionId-DxtRjMwy.js                      12.00 kB │ gzip:   3.81 kB
dist/assets/content-task-lifecycle-ibrpRsN8.js                    12.26 kB │ gzip:   4.50 kB
dist/assets/route-CPVUIGoK.js                                     13.32 kB │ gzip:   5.01 kB
dist/assets/content.api-DeDPRrIs.js                               13.83 kB │ gzip:   4.04 kB
dist/assets/useScrollLock-N3WuCRNZ.js                             14.49 kB │ gzip:   5.71 kB
dist/assets/work-VJ475GS3.js                                      14.53 kB │ gzip:   4.85 kB
dist/assets/_productId_.facts-BUJyKan1.js                         15.04 kB │ gzip:   5.20 kB
dist/assets/_taskId-CUs__zjl.js                                   15.05 kB │ gzip:   4.71 kB
dist/assets/_productId_.facts_.review-wXoENYHE.js                 15.41 kB │ gzip:   5.48 kB
dist/assets/publication.api-CVSXa1RG.js                           15.74 kB │ gzip:   4.59 kB
dist/assets/_articleId-DEtl-45s.js                                15.79 kB │ gzip:   5.22 kB
dist/assets/_issueId-DccDWxjR.js                                  16.93 kB │ gzip:   5.76 kB
dist/assets/_taskId_.review-Bys1MQVF.js                           17.08 kB │ gzip:   5.93 kB
dist/assets/_productId-BFoDyBpE.js                                17.31 kB │ gzip:   5.79 kB
dist/assets/icon-button-BN60kUNO.js                               24.17 kB │ gzip:   8.32 kB
dist/assets/popupStateMapping-C-PPE31v.js                         25.76 kB │ gzip:   9.28 kB
dist/assets/usePositioner-DIUe1ovP.js                             26.20 kB │ gzip:  10.18 kB
dist/assets/_workId-BbisXlGf.js                                   26.33 kB │ gzip:   8.26 kB
dist/assets/preload-helper-J7ij2GDC.js                            28.77 kB │ gzip:  10.58 kB
dist/assets/select-Bng0Sxmb.js                                    30.29 kB │ gzip:  10.99 kB
dist/assets/_taskId_.editor-CbEs-c6G.js                           30.95 kB │ gzip:   9.79 kB
dist/assets/utils-XtkBNw_2.js                                     34.36 kB │ gzip:  11.54 kB
dist/assets/zod-DVADyB_X.js                                       36.21 kB │ gzip:  12.72 kB
dist/assets/filter-bar-CH12KVxd.js                                44.49 kB │ gzip:  13.39 kB
dist/assets/coerce-kVKpmtCZ.js                                    80.53 kB │ gzip:  22.75 kB
dist/assets/index-BPBdwe4v.js                                    307.32 kB │ gzip:  96.86 kB
dist/assets/markdown-editor-BfwaimGW.js                          742.67 kB │ gzip: 249.51 kB

✓ built in 300ms
[plugin builtin:vite-reporter] 
(!) Some chunks are larger than 500 kB after minification. Consider:
- Using dynamic import() to code-split the application
- Use build.rolldownOptions.output.codeSplitting to improve chunking: https://rolldown.rs/reference/OutputOptions.codeSplitting
- Adjust chunk size limit for this warning via build.chunkSizeWarningLimit.
已创建或确认本地开发管理员和内容工程师账号。

> partsignal-frontend@0.1.0 dev
> vite --config vite.config.ts --host 0.0.0.0 --host 127.0.0.1 --config vite.config.ts

INFO:     Started server process [66559]
INFO:     Waiting for application startup.
INFO:     Application startup complete.
INFO:     Uvicorn running on http://127.0.0.1:9001 (Press CTRL+C to quit)

  VITE v7.3.6  ready in 114 ms

  ➜  Local:   http://127.0.0.1:5173/
INFO:     Started server process [66558]
INFO:     Waiting for application startup.
INFO:     Application startup complete.
INFO:     Uvicorn running on http://127.0.0.1:19009 (Press CTRL+C to quit)
  ➜  Local:   http://127.0.0.1:4173/
  ➜  Local:   http://127.0.0.1:4174/
 
 -------------- celery@scdeMacBook-Pro.local v5.6.3 (recovery)
--- ***** ----- 
-- ******* ---- macOS-26.5.1-arm64-arm-64bit 2026-08-12 16:24:33
- *** --- * --- 
- ** ---------- [config]
- ** ---------- .> app:         partsignal:0x10e8f19a0
- ** ---------- .> transport:   redis://127.0.0.1:56379/15
- ** ---------- .> results:     disabled://
- *** --- * --- .> concurrency: 1 (solo)
-- ******* ---- .> task events: OFF (enable -E to monitor tasks in this worker)
--- ***** ----- 
 -------------- [queues]
                .> celery           exchange=celery(direct) key=celery
                

INFO:     Started server process [66557]
INFO:     Waiting for application startup.
INFO:     Application startup complete.
INFO:     Uvicorn running on http://127.0.0.1:8000 (Press CTRL+C to quit)
INFO:     127.0.0.1:51113 - "GET /api/health/ready HTTP/1.1" 200 OK
INFO:     127.0.0.1:51116 - "GET /v1/models HTTP/1.1" 200 OK

> partsignal-frontend-v2@0.1.0 e2e
> playwright test tests/e2e/product-facts-real-stack.spec.ts tests/e2e/content-ai-real-stack.spec.ts tests/e2e/content-review-real-stack.spec.ts tests/e2e/content-version-detail-real-stack.spec.ts tests/e2e/publication-workspace-real-stack.spec.ts --project=foundation-desktop


Running 10 tests using 1 worker

(node:66648) Warning: The 'NO_COLOR' env is ignored due to the 'FORCE_COLOR' env being set.
(Use `node --trace-warnings ...` to show where the warning was created)
INFO:     127.0.0.1:51124 - "POST /api/v1/auth/login HTTP/1.1" 200 OK
INFO:     127.0.0.1:51124 - "POST /api/v1/platform-prompts HTTP/1.1" 201 Created
INFO:     127.0.0.1:51124 - "POST /api/v1/platform-types HTTP/1.1" 201 Created
INFO:     127.0.0.1:51124 - "POST /api/v1/platform-profiles HTTP/1.1" 201 Created
INFO:     127.0.0.1:51124 - "GET /api/v1/content-humanization-prompt HTTP/1.1" 204 No Content
INFO:     127.0.0.1:51124 - "PUT /api/v1/content-humanization-prompt HTTP/1.1" 200 OK
INFO:     127.0.0.1:51124 - "POST /api/v1/ai-channels HTTP/1.1" 201 Created
INFO:     127.0.0.1:51124 - "POST /api/v1/ai-channels/c7afce8c-631e-4dea-a227-f8ab5398fa8c/headers HTTP/1.1" 201 Created
INFO:     127.0.0.1:51124 - "POST /api/v1/ai-channels/c7afce8c-631e-4dea-a227-f8ab5398fa8c/headers HTTP/1.1" 201 Created
INFO:     127.0.0.1:51124 - "POST /api/v1/ai-channels/c7afce8c-631e-4dea-a227-f8ab5398fa8c/models HTTP/1.1" 201 Created
INFO:     127.0.0.1:51125 - "POST /v1/chat/completions HTTP/1.1" 200 OK
INFO:     127.0.0.1:51124 - "POST /api/v1/ai-models/e08cc485-5428-4493-9015-545bbe6afdfd/test HTTP/1.1" 200 OK
INFO:     127.0.0.1:51124 - "POST /api/v1/ai-models/e08cc485-5428-4493-9015-545bbe6afdfd/enable HTTP/1.1" 200 OK
INFO:     127.0.0.1:51124 - "POST /api/v1/ai-channels/c7afce8c-631e-4dea-a227-f8ab5398fa8c/enable HTTP/1.1" 200 OK
INFO:     127.0.0.1:51124 - "POST /api/v1/ai-channels HTTP/1.1" 201 Created
INFO:     127.0.0.1:51124 - "POST /api/v1/ai-channels/e3b051ee-8dc4-4148-8a07-ca1537ea4c59/headers HTTP/1.1" 201 Created
INFO:     127.0.0.1:51124 - "POST /api/v1/ai-channels/e3b051ee-8dc4-4148-8a07-ca1537ea4c59/headers HTTP/1.1" 201 Created
INFO:     127.0.0.1:51124 - "POST /api/v1/ai-channels/e3b051ee-8dc4-4148-8a07-ca1537ea4c59/models HTTP/1.1" 201 Created
INFO:     127.0.0.1:51126 - "POST /v1/chat/completions HTTP/1.1" 200 OK
INFO:     127.0.0.1:51124 - "POST /api/v1/ai-models/0549960a-b0c2-49fa-8558-427eb3738c9a/test HTTP/1.1" 200 OK
INFO:     127.0.0.1:51124 - "POST /api/v1/ai-models/0549960a-b0c2-49fa-8558-427eb3738c9a/enable HTTP/1.1" 200 OK
INFO:     127.0.0.1:51124 - "POST /api/v1/ai-channels/e3b051ee-8dc4-4148-8a07-ca1537ea4c59/enable HTTP/1.1" 200 OK
INFO:     127.0.0.1:51133 - "GET /api/v1/auth/me HTTP/1.1" 200 OK
INFO:     127.0.0.1:51133 - "GET /api/v1/auth/csrf HTTP/1.1" 200 OK
INFO:     127.0.0.1:51134 - "OPTIONS /api/v1/products HTTP/1.1" 200 OK
INFO:     127.0.0.1:51133 - "POST /api/v1/products HTTP/1.1" 201 Created
INFO:     127.0.0.1:51133 - "GET /api/v1/products/317c4eed-f7c7-4c12-abb3-1845427d6878/detail HTTP/1.1" 200 OK
INFO:     127.0.0.1:51133 - "GET /api/v1/products/317c4eed-f7c7-4c12-abb3-1845427d6878/facts HTTP/1.1" 200 OK
INFO:     127.0.0.1:51135 - "GET /api/v1/auth/me HTTP/1.1" 200 OK
INFO:     127.0.0.1:51135 - "GET /api/v1/auth/csrf HTTP/1.1" 200 OK
INFO:     127.0.0.1:51134 - "OPTIONS /api/v1/products/317c4eed-f7c7-4c12-abb3-1845427d6878/facts HTTP/1.1" 200 OK
INFO:     127.0.0.1:51135 - "PUT /api/v1/products/317c4eed-f7c7-4c12-abb3-1845427d6878/facts HTTP/1.1" 200 OK
INFO:     127.0.0.1:51134 - "OPTIONS /api/v1/products/317c4eed-f7c7-4c12-abb3-1845427d6878/fact-review-submissions HTTP/1.1" 200 OK
INFO:     127.0.0.1:51133 - "GET /api/v1/products?page=1&page_size=20&sort=UPDATED_DESC HTTP/1.1" 200 OK
INFO:     127.0.0.1:51137 - "GET /api/v1/auth/me HTTP/1.1" 200 OK
INFO:     127.0.0.1:51137 - "GET /api/v1/auth/csrf HTTP/1.1" 200 OK
INFO:     127.0.0.1:51137 - "GET /api/v1/products?page=1&page_size=20&search=AI-V2-8dd961f0&sort=UPDATED_DESC HTTP/1.1" 200 OK
INFO:     127.0.0.1:51133 - "GET /api/v1/auth/me HTTP/1.1" 200 OK
INFO:     127.0.0.1:51137 - "GET /api/v1/products/317c4eed-f7c7-4c12-abb3-1845427d6878/fact-review-context HTTP/1.1" 200 OK
INFO:     127.0.0.1:51133 - "GET /api/v1/auth/csrf HTTP/1.1" 200 OK
INFO:     127.0.0.1:51134 - "OPTIONS /api/v1/fact-versions/04b1db86-4151-4cb7-91db-e2a5a8a64d0c/approve HTTP/1.1" 200 OK
INFO:     127.0.0.1:51133 - "POST /api/v1/fact-versions/04b1db86-4151-4cb7-91db-e2a5a8a64d0c/approve HTTP/1.1" 200 OK
INFO:     127.0.0.1:51133 - "GET /api/v1/products/317c4eed-f7c7-4c12-abb3-1845427d6878/fact-review-context HTTP/1.1" 200 OK
INFO:     127.0.0.1:51137 - "GET /api/v1/auth/me HTTP/1.1" 200 OK
INFO:     127.0.0.1:51137 - "GET /api/v1/auth/csrf HTTP/1.1" 200 OK
INFO:     127.0.0.1:51133 - "GET /api/v1/products/317c4eed-f7c7-4c12-abb3-1845427d6878/detail HTTP/1.1" 200 OK
INFO:     127.0.0.1:51133 - "GET /api/v1/auth/me HTTP/1.1" 200 OK
INFO:     127.0.0.1:51133 - "GET /api/v1/auth/csrf HTTP/1.1" 200 OK
INFO:     127.0.0.1:51133 - "GET /api/v1/content-tasks/creation-options?requested_product_id=317c4eed-f7c7-4c12-abb3-1845427d6878 HTTP/1.1" 200 OK
INFO:     127.0.0.1:51134 - "OPTIONS /api/v1/content-tasks HTTP/1.1" 200 OK
INFO:     127.0.0.1:51133 - "POST /api/v1/content-tasks HTTP/1.1" 201 Created
INFO:     127.0.0.1:51133 - "GET /api/v1/content-tasks/aab509eb-086d-4be1-8d25-95a5da1f8ee4/detail HTTP/1.1" 200 OK
INFO:     127.0.0.1:51137 - "GET /api/v1/auth/me HTTP/1.1" 200 OK
INFO:     127.0.0.1:51137 - "GET /api/v1/auth/csrf HTTP/1.1" 200 OK
INFO:     127.0.0.1:51133 - "GET /api/v1/content-tasks/aab509eb-086d-4be1-8d25-95a5da1f8ee4/editor-context HTTP/1.1" 200 OK
INFO:     127.0.0.1:51133 - "GET /api/v1/content-tasks/aab509eb-086d-4be1-8d25-95a5da1f8ee4/generation-options HTTP/1.1" 200 OK
INFO:     127.0.0.1:51134 - "OPTIONS /api/v1/content-tasks/aab509eb-086d-4be1-8d25-95a5da1f8ee4/generation-jobs HTTP/1.1" 200 OK
INFO:     127.0.0.1:51133 - "POST /api/v1/content-tasks/aab509eb-086d-4be1-8d25-95a5da1f8ee4/generation-jobs HTTP/1.1" 202 Accepted
INFO:     127.0.0.1:51133 - "GET /api/v1/content-tasks/aab509eb-086d-4be1-8d25-95a5da1f8ee4/generation-jobs HTTP/1.1" 200 OK
INFO:     127.0.0.1:51142 - "POST /v1/chat/completions HTTP/1.1" 200 OK
INFO:     127.0.0.1:51133 - "GET /api/v1/content-tasks/aab509eb-086d-4be1-8d25-95a5da1f8ee4/generation-jobs HTTP/1.1" 200 OK
INFO:     127.0.0.1:51133 - "GET /api/v1/content-tasks/aab509eb-086d-4be1-8d25-95a5da1f8ee4/editor-context HTTP/1.1" 200 OK
INFO:     127.0.0.1:51133 - "GET /api/v1/content-tasks/aab509eb-086d-4be1-8d25-95a5da1f8ee4/generation-jobs HTTP/1.1" 200 OK
INFO:     127.0.0.1:51124 - "GET /api/v1/content-tasks/aab509eb-086d-4be1-8d25-95a5da1f8ee4/editor-context HTTP/1.1" 200 OK
INFO:     127.0.0.1:51124 - "GET /api/v1/content-versions/ff82f2a3-d877-4b13-951e-02c7b367ea57 HTTP/1.1" 200 OK
INFO:     127.0.0.1:51133 - "GET /api/v1/content-tasks/aab509eb-086d-4be1-8d25-95a5da1f8ee4/generation-options HTTP/1.1" 200 OK
INFO:     127.0.0.1:51134 - "OPTIONS /api/v1/content-versions/ff82f2a3-d877-4b13-951e-02c7b367ea57/humanization-jobs HTTP/1.1" 200 OK
INFO:     127.0.0.1:51133 - "POST /api/v1/content-versions/ff82f2a3-d877-4b13-951e-02c7b367ea57/humanization-jobs HTTP/1.1" 202 Accepted
{"event":"E2E_HUMANIZATION_RESPONSE","job_id":"528c6dd1-875e-4a98-95af-660fe08bde23","request_id":"f7d544af-8dfb-4b12-a284-4bf481c8e5a0","status":"PENDING"}
INFO:     127.0.0.1:51133 - "GET /api/v1/content-tasks/aab509eb-086d-4be1-8d25-95a5da1f8ee4/generation-jobs HTTP/1.1" 200 OK
INFO:     127.0.0.1:51143 - "POST /v1/chat/completions HTTP/1.1" 200 OK
INFO:     127.0.0.1:51133 - "GET /api/v1/content-tasks/aab509eb-086d-4be1-8d25-95a5da1f8ee4/generation-jobs HTTP/1.1" 200 OK
INFO:     127.0.0.1:51133 - "GET /api/v1/content-tasks/aab509eb-086d-4be1-8d25-95a5da1f8ee4/editor-context HTTP/1.1" 200 OK
INFO:     127.0.0.1:51133 - "GET /api/v1/content-tasks/aab509eb-086d-4be1-8d25-95a5da1f8ee4/generation-jobs HTTP/1.1" 200 OK
INFO:     127.0.0.1:51124 - "GET /api/v1/content-tasks/aab509eb-086d-4be1-8d25-95a5da1f8ee4/editor-context HTTP/1.1" 200 OK
INFO:     127.0.0.1:51124 - "GET /api/v1/generation-jobs/528c6dd1-875e-4a98-95af-660fe08bde23 HTTP/1.1" 200 OK
INFO:     127.0.0.1:51124 - "GET /api/v1/content-versions/ff82f2a3-d877-4b13-951e-02c7b367ea57 HTTP/1.1" 200 OK
{"attempt_count":1,"content_version_id":"39b97178-9be4-46d2-befc-6b14f431ae7f","event":"E2E_HUMANIZATION_TERMINAL","finished_at":"2026-08-12T08:24:40.824499Z","job_id":"528c6dd1-875e-4a98-95af-660fe08bde23","provider_request_id":"e2e-provider-request","started_at":"2026-08-12T08:24:40.793707Z","status":"SUCCEEDED"}
INFO:     127.0.0.1:51144 - "GET /api/v1/auth/me HTTP/1.1" 200 OK
INFO:     127.0.0.1:51144 - "GET /api/v1/auth/csrf HTTP/1.1" 200 OK
INFO:     127.0.0.1:51133 - "GET /api/v1/products/317c4eed-f7c7-4c12-abb3-1845427d6878/detail HTTP/1.1" 200 OK
INFO:     127.0.0.1:51133 - "GET /api/v1/auth/me HTTP/1.1" 200 OK
INFO:     127.0.0.1:51144 - "GET /api/v1/auth/csrf HTTP/1.1" 200 OK
INFO:     127.0.0.1:51133 - "GET /api/v1/content-tasks/creation-options?requested_product_id=317c4eed-f7c7-4c12-abb3-1845427d6878 HTTP/1.1" 200 OK
INFO:     127.0.0.1:51133 - "POST /api/v1/content-tasks HTTP/1.1" 201 Created
INFO:     127.0.0.1:51133 - "GET /api/v1/content-tasks/04443be3-50fa-453d-b429-1bb821ec2c75/detail HTTP/1.1" 200 OK
INFO:     127.0.0.1:51144 - "GET /api/v1/auth/me HTTP/1.1" 200 OK
INFO:     127.0.0.1:51144 - "GET /api/v1/auth/csrf HTTP/1.1" 200 OK
INFO:     127.0.0.1:51133 - "GET /api/v1/content-tasks/04443be3-50fa-453d-b429-1bb821ec2c75/editor-context HTTP/1.1" 200 OK
INFO:     127.0.0.1:51133 - "GET /api/v1/content-tasks/04443be3-50fa-453d-b429-1bb821ec2c75/generation-options HTTP/1.1" 200 OK
INFO:     127.0.0.1:51134 - "OPTIONS /api/v1/content-tasks/04443be3-50fa-453d-b429-1bb821ec2c75/generation-jobs HTTP/1.1" 200 OK
INFO:     127.0.0.1:51133 - "POST /api/v1/content-tasks/04443be3-50fa-453d-b429-1bb821ec2c75/generation-jobs HTTP/1.1" 202 Accepted
INFO:     127.0.0.1:51133 - "GET /api/v1/content-tasks/04443be3-50fa-453d-b429-1bb821ec2c75/generation-jobs HTTP/1.1" 200 OK
INFO:     127.0.0.1:51133 - "GET /api/v1/content-tasks/04443be3-50fa-453d-b429-1bb821ec2c75/generation-jobs HTTP/1.1" 200 OK
INFO:     127.0.0.1:51133 - "GET /api/v1/content-tasks/04443be3-50fa-453d-b429-1bb821ec2c75/generation-jobs HTTP/1.1" 200 OK
INFO:     127.0.0.1:51133 - "GET /api/v1/content-tasks/04443be3-50fa-453d-b429-1bb821ec2c75/generation-jobs HTTP/1.1" 200 OK
INFO:     127.0.0.1:51133 - "GET /api/v1/content-tasks/04443be3-50fa-453d-b429-1bb821ec2c75/generation-jobs HTTP/1.1" 200 OK
[2026-08-12 16:24:54,631: ERROR/MainProcess] AI 作业失败 job_id=961d73cb-79bb-483f-a404-6d7bd62343b6 job_type=GENERATE source_content_version_id=None status=FAILED error_code=AI_PROVIDER_TIMEOUT error_type=AppError
INFO:     127.0.0.1:51133 - "GET /api/v1/content-tasks/04443be3-50fa-453d-b429-1bb821ec2c75/generation-jobs HTTP/1.1" 200 OK
INFO:     127.0.0.1:51133 - "GET /api/v1/content-tasks/04443be3-50fa-453d-b429-1bb821ec2c75/editor-context HTTP/1.1" 200 OK
INFO:     127.0.0.1:51149 - "GET /api/v1/content-tasks/04443be3-50fa-453d-b429-1bb821ec2c75/editor-context HTTP/1.1" 200 OK
INFO:     127.0.0.1:51149 - "GET /api/v1/generation-jobs/961d73cb-79bb-483f-a404-6d7bd62343b6 HTTP/1.1" 200 OK
INFO:     127.0.0.1:51133 - "GET /api/v1/generation-jobs/961d73cb-79bb-483f-a404-6d7bd62343b6 HTTP/1.1" 200 OK
INFO:     127.0.0.1:51149 - "PUT /api/v1/ai-channels/e3b051ee-8dc4-4148-8a07-ca1537ea4c59/api-key HTTP/1.1" 200 OK
INFO:     127.0.0.1:51149 - "PATCH /api/v1/ai-channel-headers/aaf5346a-3849-4e64-a294-1018235d04ea HTTP/1.1" 200 OK
INFO:     127.0.0.1:51150 - "POST /v1/chat/completions HTTP/1.1" 200 OK
INFO:     127.0.0.1:51149 - "POST /api/v1/ai-models/0549960a-b0c2-49fa-8558-427eb3738c9a/test HTTP/1.1" 200 OK
INFO:     127.0.0.1:51149 - "POST /api/v1/ai-models/0549960a-b0c2-49fa-8558-427eb3738c9a/enable HTTP/1.1" 200 OK
INFO:     127.0.0.1:51149 - "POST /api/v1/ai-channels/e3b051ee-8dc4-4148-8a07-ca1537ea4c59/enable HTTP/1.1" 200 OK
INFO:     127.0.0.1:51151 - "OPTIONS /api/v1/generation-jobs/961d73cb-79bb-483f-a404-6d7bd62343b6/retry HTTP/1.1" 200 OK
INFO:     127.0.0.1:51133 - "POST /api/v1/generation-jobs/961d73cb-79bb-483f-a404-6d7bd62343b6/retry HTTP/1.1" 202 Accepted
INFO:     127.0.0.1:51152 - "POST /v1/chat/completions HTTP/1.1" 200 OK
INFO:     127.0.0.1:51133 - "GET /api/v1/content-tasks/04443be3-50fa-453d-b429-1bb821ec2c75/generation-jobs HTTP/1.1" 200 OK
INFO:     127.0.0.1:51133 - "GET /api/v1/content-tasks/04443be3-50fa-453d-b429-1bb821ec2c75/generation-jobs HTTP/1.1" 200 OK
INFO:     127.0.0.1:51133 - "GET /api/v1/content-tasks/04443be3-50fa-453d-b429-1bb821ec2c75/editor-context HTTP/1.1" 200 OK
INFO:     127.0.0.1:51133 - "GET /api/v1/content-tasks/04443be3-50fa-453d-b429-1bb821ec2c75/generation-jobs HTTP/1.1" 200 OK
INFO:     127.0.0.1:51149 - "GET /api/v1/content-tasks/04443be3-50fa-453d-b429-1bb821ec2c75/editor-context HTTP/1.1" 200 OK
INFO:     127.0.0.1:51149 - "GET /api/v1/generation-jobs/3070e2fe-f74b-47f8-b5a8-2e8dadb9ccd1 HTTP/1.1" 200 OK
INFO:     127.0.0.1:51154 - "GET /e2e/calls/e2e-timeout-model-8dd961f0 HTTP/1.1" 200 OK
  ✓   1 [foundation-desktop] › tests/e2e/content-ai-real-stack.spec.ts:246:1 › AI Production：成功、自然化、失败详情与 exact snapshot retry (23.3s)
INFO:     127.0.0.1:51149 - "POST /api/v1/auth/login HTTP/1.1" 200 OK
INFO:     127.0.0.1:51149 - "POST /api/v1/platform-types HTTP/1.1" 201 Created
INFO:     127.0.0.1:51149 - "POST /api/v1/platform-profiles HTTP/1.1" 201 Created
INFO:     127.0.0.1:51161 - "GET /api/v1/auth/me HTTP/1.1" 200 OK
INFO:     127.0.0.1:51161 - "GET /api/v1/auth/csrf HTTP/1.1" 200 OK
INFO:     127.0.0.1:51162 - "OPTIONS /api/v1/products HTTP/1.1" 200 OK
INFO:     127.0.0.1:51161 - "POST /api/v1/products HTTP/1.1" 201 Created
INFO:     127.0.0.1:51161 - "GET /api/v1/products/a7f95a56-d89c-479b-827d-5d6e2065d178/detail HTTP/1.1" 200 OK
INFO:     127.0.0.1:51163 - "GET /api/v1/auth/me HTTP/1.1" 200 OK
INFO:     127.0.0.1:51161 - "GET /api/v1/products/a7f95a56-d89c-479b-827d-5d6e2065d178/facts HTTP/1.1" 200 OK
INFO:     127.0.0.1:51163 - "GET /api/v1/auth/csrf HTTP/1.1" 200 OK
INFO:     127.0.0.1:51162 - "OPTIONS /api/v1/products/a7f95a56-d89c-479b-827d-5d6e2065d178/facts HTTP/1.1" 200 OK
INFO:     127.0.0.1:51163 - "PUT /api/v1/products/a7f95a56-d89c-479b-827d-5d6e2065d178/facts HTTP/1.1" 200 OK
INFO:     127.0.0.1:51162 - "OPTIONS /api/v1/products/a7f95a56-d89c-479b-827d-5d6e2065d178/fact-review-submissions HTTP/1.1" 200 OK
INFO:     127.0.0.1:51164 - "GET /api/v1/auth/me HTTP/1.1" 200 OK
INFO:     127.0.0.1:51164 - "GET /api/v1/auth/csrf HTTP/1.1" 200 OK
INFO:     127.0.0.1:51161 - "GET /api/v1/products?page=1&page_size=20&sort=UPDATED_DESC HTTP/1.1" 200 OK
INFO:     127.0.0.1:51161 - "GET /api/v1/products?page=1&page_size=20&search=CR-a1ee52a1&sort=UPDATED_DESC HTTP/1.1" 200 OK
INFO:     127.0.0.1:51164 - "GET /api/v1/auth/me HTTP/1.1" 200 OK
INFO:     127.0.0.1:51161 - "GET /api/v1/products/a7f95a56-d89c-479b-827d-5d6e2065d178/fact-review-context HTTP/1.1" 200 OK
INFO:     127.0.0.1:51161 - "GET /api/v1/auth/csrf HTTP/1.1" 200 OK
INFO:     127.0.0.1:51162 - "OPTIONS /api/v1/fact-versions/519988c4-a55c-4a44-9370-77a410af414b/approve HTTP/1.1" 200 OK
INFO:     127.0.0.1:51161 - "POST /api/v1/fact-versions/519988c4-a55c-4a44-9370-77a410af414b/approve HTTP/1.1" 200 OK
INFO:     127.0.0.1:51161 - "GET /api/v1/products/a7f95a56-d89c-479b-827d-5d6e2065d178/fact-review-context HTTP/1.1" 200 OK
INFO:     127.0.0.1:51164 - "GET /api/v1/auth/me HTTP/1.1" 200 OK
INFO:     127.0.0.1:51164 - "GET /api/v1/auth/csrf HTTP/1.1" 200 OK
INFO:     127.0.0.1:51161 - "GET /api/v1/products/a7f95a56-d89c-479b-827d-5d6e2065d178/detail HTTP/1.1" 200 OK
INFO:     127.0.0.1:51161 - "GET /api/v1/auth/me HTTP/1.1" 200 OK
INFO:     127.0.0.1:51161 - "GET /api/v1/auth/csrf HTTP/1.1" 200 OK
INFO:     127.0.0.1:51161 - "GET /api/v1/content-tasks/creation-options?requested_product_id=a7f95a56-d89c-479b-827d-5d6e2065d178 HTTP/1.1" 200 OK
INFO:     127.0.0.1:51162 - "OPTIONS /api/v1/content-tasks HTTP/1.1" 200 OK
INFO:     127.0.0.1:51161 - "POST /api/v1/content-tasks HTTP/1.1" 201 Created
INFO:     127.0.0.1:51161 - "GET /api/v1/content-tasks/f5fab74a-58ff-4e22-9291-a34dd9f36517/detail HTTP/1.1" 200 OK
INFO:     127.0.0.1:51164 - "GET /api/v1/auth/me HTTP/1.1" 200 OK
INFO:     127.0.0.1:51164 - "GET /api/v1/auth/csrf HTTP/1.1" 200 OK
INFO:     127.0.0.1:51161 - "GET /api/v1/content-tasks/f5fab74a-58ff-4e22-9291-a34dd9f36517/editor-context HTTP/1.1" 200 OK
INFO:     127.0.0.1:51162 - "OPTIONS /api/v1/content-tasks/f5fab74a-58ff-4e22-9291-a34dd9f36517/manual-versions HTTP/1.1" 200 OK
INFO:     127.0.0.1:51161 - "POST /api/v1/content-tasks/f5fab74a-58ff-4e22-9291-a34dd9f36517/manual-versions HTTP/1.1" 201 Created
INFO:     127.0.0.1:51161 - "GET /api/v1/content-tasks/f5fab74a-58ff-4e22-9291-a34dd9f36517/editor-context HTTP/1.1" 200 OK
INFO:     127.0.0.1:51162 - "OPTIONS /api/v1/content-versions/1f09a4b5-bb52-4aad-a431-60b36a245127 HTTP/1.1" 200 OK
INFO:     127.0.0.1:51161 - "PUT /api/v1/content-versions/1f09a4b5-bb52-4aad-a431-60b36a245127 HTTP/1.1" 200 OK
INFO:     127.0.0.1:51161 - "GET /api/v1/content-tasks/f5fab74a-58ff-4e22-9291-a34dd9f36517/editor-context HTTP/1.1" 200 OK
INFO:     127.0.0.1:51162 - "OPTIONS /api/v1/content-versions/1f09a4b5-bb52-4aad-a431-60b36a245127/submit-review HTTP/1.1" 200 OK
INFO:     127.0.0.1:51161 - "POST /api/v1/content-versions/1f09a4b5-bb52-4aad-a431-60b36a245127/submit-review HTTP/1.1" 200 OK
INFO:     127.0.0.1:51161 - "GET /api/v1/content-tasks/f5fab74a-58ff-4e22-9291-a34dd9f36517/editor-context HTTP/1.1" 200 OK
INFO:     127.0.0.1:51161 - "GET /api/v1/content-tasks/f5fab74a-58ff-4e22-9291-a34dd9f36517/detail HTTP/1.1" 200 OK
INFO:     127.0.0.1:51164 - "GET /api/v1/auth/me HTTP/1.1" 200 OK
INFO:     127.0.0.1:51164 - "GET /api/v1/auth/csrf HTTP/1.1" 200 OK
INFO:     127.0.0.1:51161 - "GET /api/v1/content-tasks/f5fab74a-58ff-4e22-9291-a34dd9f36517/review-context HTTP/1.1" 200 OK
INFO:     127.0.0.1:51149 - "GET /api/v1/content-tasks/f5fab74a-58ff-4e22-9291-a34dd9f36517/review-context HTTP/1.1" 200 OK
INFO:     127.0.0.1:51162 - "OPTIONS /api/v1/content-versions/1f09a4b5-bb52-4aad-a431-60b36a245127/approve HTTP/1.1" 200 OK
INFO:     127.0.0.1:51161 - "POST /api/v1/content-versions/1f09a4b5-bb52-4aad-a431-60b36a245127/approve HTTP/1.1" 200 OK
INFO:     127.0.0.1:51161 - "GET /api/v1/content-tasks/f5fab74a-58ff-4e22-9291-a34dd9f36517/review-context HTTP/1.1" 200 OK
INFO:     127.0.0.1:51149 - "GET /api/v1/content-tasks/f5fab74a-58ff-4e22-9291-a34dd9f36517/review-context HTTP/1.1" 200 OK
INFO:     127.0.0.1:51164 - "GET /api/v1/auth/me HTTP/1.1" 200 OK
INFO:     127.0.0.1:51164 - "GET /api/v1/auth/csrf HTTP/1.1" 200 OK
INFO:     127.0.0.1:51161 - "GET /api/v1/content-tasks/f5fab74a-58ff-4e22-9291-a34dd9f36517/detail HTTP/1.1" 200 OK
INFO:     127.0.0.1:51149 - "GET /api/v1/content-tasks/f5fab74a-58ff-4e22-9291-a34dd9f36517/detail HTTP/1.1" 200 OK
INFO:     127.0.0.1:51164 - "GET /api/v1/auth/me HTTP/1.1" 200 OK
INFO:     127.0.0.1:51161 - "GET /api/v1/content-versions/1f09a4b5-bb52-4aad-a431-60b36a245127/detail HTTP/1.1" 200 OK
INFO:     127.0.0.1:51161 - "GET /api/v1/auth/csrf HTTP/1.1" 200 OK
INFO:     127.0.0.1:51149 - "GET /api/v1/content-versions/1f09a4b5-bb52-4aad-a431-60b36a245127/detail HTTP/1.1" 200 OK
  ✓   2 [foundation-desktop] › tests/e2e/content-review-real-stack.spec.ts:196:1 › Flow A：人工内容批准后进入只读版本并出现发布交接 (3.4s)
INFO:     127.0.0.1:51149 - "POST /api/v1/auth/login HTTP/1.1" 200 OK
INFO:     127.0.0.1:51149 - "POST /api/v1/platform-types HTTP/1.1" 201 Created
INFO:     127.0.0.1:51149 - "POST /api/v1/platform-profiles HTTP/1.1" 201 Created
INFO:     127.0.0.1:51171 - "GET /api/v1/auth/me HTTP/1.1" 200 OK
INFO:     127.0.0.1:51171 - "GET /api/v1/auth/csrf HTTP/1.1" 200 OK
INFO:     127.0.0.1:51172 - "OPTIONS /api/v1/products HTTP/1.1" 200 OK
INFO:     127.0.0.1:51171 - "POST /api/v1/products HTTP/1.1" 201 Created
INFO:     127.0.0.1:51171 - "GET /api/v1/products/c8496e61-89a9-436e-ad86-ba035b63822f/detail HTTP/1.1" 200 OK
INFO:     127.0.0.1:51173 - "GET /api/v1/auth/me HTTP/1.1" 200 OK
INFO:     127.0.0.1:51171 - "GET /api/v1/products/c8496e61-89a9-436e-ad86-ba035b63822f/facts HTTP/1.1" 200 OK
INFO:     127.0.0.1:51173 - "GET /api/v1/auth/csrf HTTP/1.1" 200 OK
INFO:     127.0.0.1:51172 - "OPTIONS /api/v1/products/c8496e61-89a9-436e-ad86-ba035b63822f/facts HTTP/1.1" 200 OK
INFO:     127.0.0.1:51173 - "PUT /api/v1/products/c8496e61-89a9-436e-ad86-ba035b63822f/facts HTTP/1.1" 200 OK
INFO:     127.0.0.1:51172 - "OPTIONS /api/v1/products/c8496e61-89a9-436e-ad86-ba035b63822f/fact-review-submissions HTTP/1.1" 200 OK
INFO:     127.0.0.1:51174 - "GET /api/v1/auth/me HTTP/1.1" 200 OK
INFO:     127.0.0.1:51171 - "GET /api/v1/products?page=1&page_size=20&sort=UPDATED_DESC HTTP/1.1" 200 OK
INFO:     127.0.0.1:51171 - "GET /api/v1/auth/csrf HTTP/1.1" 200 OK
INFO:     127.0.0.1:51171 - "GET /api/v1/products?page=1&page_size=20&search=CR-6b385899&sort=UPDATED_DESC HTTP/1.1" 200 OK
INFO:     127.0.0.1:51174 - "GET /api/v1/auth/me HTTP/1.1" 200 OK
INFO:     127.0.0.1:51174 - "GET /api/v1/auth/csrf HTTP/1.1" 200 OK
INFO:     127.0.0.1:51171 - "GET /api/v1/products/c8496e61-89a9-436e-ad86-ba035b63822f/fact-review-context HTTP/1.1" 200 OK
INFO:     127.0.0.1:51172 - "OPTIONS /api/v1/fact-versions/25ede516-e81c-4c18-83b0-5e68ae16d618/approve HTTP/1.1" 200 OK
INFO:     127.0.0.1:51171 - "POST /api/v1/fact-versions/25ede516-e81c-4c18-83b0-5e68ae16d618/approve HTTP/1.1" 200 OK
INFO:     127.0.0.1:51171 - "GET /api/v1/products/c8496e61-89a9-436e-ad86-ba035b63822f/fact-review-context HTTP/1.1" 200 OK
INFO:     127.0.0.1:51174 - "GET /api/v1/auth/me HTTP/1.1" 200 OK
INFO:     127.0.0.1:51174 - "GET /api/v1/auth/csrf HTTP/1.1" 200 OK
INFO:     127.0.0.1:51171 - "GET /api/v1/products/c8496e61-89a9-436e-ad86-ba035b63822f/detail HTTP/1.1" 200 OK
INFO:     127.0.0.1:51171 - "GET /api/v1/auth/me HTTP/1.1" 200 OK
INFO:     127.0.0.1:51174 - "GET /api/v1/auth/csrf HTTP/1.1" 200 OK
INFO:     127.0.0.1:51171 - "GET /api/v1/content-tasks/creation-options?requested_product_id=c8496e61-89a9-436e-ad86-ba035b63822f HTTP/1.1" 200 OK
INFO:     127.0.0.1:51172 - "OPTIONS /api/v1/content-tasks HTTP/1.1" 200 OK
INFO:     127.0.0.1:51171 - "POST /api/v1/content-tasks HTTP/1.1" 201 Created
INFO:     127.0.0.1:51171 - "GET /api/v1/content-tasks/a92d3644-131a-4931-8a5e-a0380ea45320/detail HTTP/1.1" 200 OK
INFO:     127.0.0.1:51174 - "GET /api/v1/auth/me HTTP/1.1" 200 OK
INFO:     127.0.0.1:51171 - "GET /api/v1/content-tasks/a92d3644-131a-4931-8a5e-a0380ea45320/editor-context HTTP/1.1" 200 OK
INFO:     127.0.0.1:51174 - "GET /api/v1/auth/csrf HTTP/1.1" 200 OK
INFO:     127.0.0.1:51172 - "OPTIONS /api/v1/content-tasks/a92d3644-131a-4931-8a5e-a0380ea45320/manual-versions HTTP/1.1" 200 OK
INFO:     127.0.0.1:51174 - "POST /api/v1/content-tasks/a92d3644-131a-4931-8a5e-a0380ea45320/manual-versions HTTP/1.1" 201 Created
INFO:     127.0.0.1:51174 - "GET /api/v1/content-tasks/a92d3644-131a-4931-8a5e-a0380ea45320/editor-context HTTP/1.1" 200 OK
INFO:     127.0.0.1:51172 - "OPTIONS /api/v1/content-versions/3fd1c0b5-6ea6-412e-a29d-a0e878075867 HTTP/1.1" 200 OK
INFO:     127.0.0.1:51174 - "PUT /api/v1/content-versions/3fd1c0b5-6ea6-412e-a29d-a0e878075867 HTTP/1.1" 200 OK
INFO:     127.0.0.1:51174 - "GET /api/v1/content-tasks/a92d3644-131a-4931-8a5e-a0380ea45320/editor-context HTTP/1.1" 200 OK
INFO:     127.0.0.1:51172 - "OPTIONS /api/v1/content-versions/3fd1c0b5-6ea6-412e-a29d-a0e878075867/submit-review HTTP/1.1" 200 OK
INFO:     127.0.0.1:51174 - "POST /api/v1/content-versions/3fd1c0b5-6ea6-412e-a29d-a0e878075867/submit-review HTTP/1.1" 200 OK
INFO:     127.0.0.1:51174 - "GET /api/v1/content-tasks/a92d3644-131a-4931-8a5e-a0380ea45320/editor-context HTTP/1.1" 200 OK
INFO:     127.0.0.1:51174 - "GET /api/v1/content-tasks/a92d3644-131a-4931-8a5e-a0380ea45320/detail HTTP/1.1" 200 OK
INFO:     127.0.0.1:51171 - "GET /api/v1/auth/me HTTP/1.1" 200 OK
INFO:     127.0.0.1:51171 - "GET /api/v1/auth/csrf HTTP/1.1" 200 OK
INFO:     127.0.0.1:51174 - "GET /api/v1/content-tasks/a92d3644-131a-4931-8a5e-a0380ea45320/review-context HTTP/1.1" 200 OK
INFO:     127.0.0.1:51149 - "GET /api/v1/content-tasks/a92d3644-131a-4931-8a5e-a0380ea45320/review-context HTTP/1.1" 200 OK
INFO:     127.0.0.1:51172 - "OPTIONS /api/v1/content-versions/3fd1c0b5-6ea6-412e-a29d-a0e878075867/request-changes HTTP/1.1" 200 OK
INFO:     127.0.0.1:51174 - "POST /api/v1/content-versions/3fd1c0b5-6ea6-412e-a29d-a0e878075867/request-changes HTTP/1.1" 200 OK
INFO:     127.0.0.1:51174 - "GET /api/v1/content-tasks/a92d3644-131a-4931-8a5e-a0380ea45320/review-context HTTP/1.1" 200 OK
INFO:     127.0.0.1:51149 - "GET /api/v1/content-tasks/a92d3644-131a-4931-8a5e-a0380ea45320/review-context HTTP/1.1" 200 OK
INFO:     127.0.0.1:51171 - "GET /api/v1/auth/me HTTP/1.1" 200 OK
INFO:     127.0.0.1:51171 - "GET /api/v1/auth/csrf HTTP/1.1" 200 OK
INFO:     127.0.0.1:51174 - "GET /api/v1/content-tasks/a92d3644-131a-4931-8a5e-a0380ea45320/detail HTTP/1.1" 200 OK
INFO:     127.0.0.1:51171 - "GET /api/v1/auth/me HTTP/1.1" 200 OK
INFO:     127.0.0.1:51171 - "GET /api/v1/auth/csrf HTTP/1.1" 200 OK
INFO:     127.0.0.1:51174 - "GET /api/v1/content-tasks/a92d3644-131a-4931-8a5e-a0380ea45320/editor-context HTTP/1.1" 200 OK
INFO:     127.0.0.1:51172 - "OPTIONS /api/v1/content-versions/3fd1c0b5-6ea6-412e-a29d-a0e878075867/revisions HTTP/1.1" 200 OK
INFO:     127.0.0.1:51174 - "POST /api/v1/content-versions/3fd1c0b5-6ea6-412e-a29d-a0e878075867/revisions HTTP/1.1" 201 Created
INFO:     127.0.0.1:51174 - "GET /api/v1/content-tasks/a92d3644-131a-4931-8a5e-a0380ea45320/editor-context HTTP/1.1" 200 OK
INFO:     127.0.0.1:51172 - "OPTIONS /api/v1/content-versions/8908ea18-6f1d-4a9d-b301-7ca62cabe3ad HTTP/1.1" 200 OK
INFO:     127.0.0.1:51174 - "PUT /api/v1/content-versions/8908ea18-6f1d-4a9d-b301-7ca62cabe3ad HTTP/1.1" 200 OK
INFO:     127.0.0.1:51174 - "GET /api/v1/content-tasks/a92d3644-131a-4931-8a5e-a0380ea45320/editor-context HTTP/1.1" 200 OK
INFO:     127.0.0.1:51172 - "OPTIONS /api/v1/content-versions/8908ea18-6f1d-4a9d-b301-7ca62cabe3ad/submit-review HTTP/1.1" 200 OK
INFO:     127.0.0.1:51174 - "POST /api/v1/content-versions/8908ea18-6f1d-4a9d-b301-7ca62cabe3ad/submit-review HTTP/1.1" 200 OK
INFO:     127.0.0.1:51174 - "GET /api/v1/content-tasks/a92d3644-131a-4931-8a5e-a0380ea45320/editor-context HTTP/1.1" 200 OK
INFO:     127.0.0.1:51174 - "GET /api/v1/content-tasks/a92d3644-131a-4931-8a5e-a0380ea45320/detail HTTP/1.1" 200 OK
INFO:     127.0.0.1:51171 - "GET /api/v1/auth/me HTTP/1.1" 200 OK
INFO:     127.0.0.1:51171 - "GET /api/v1/auth/csrf HTTP/1.1" 200 OK
INFO:     127.0.0.1:51174 - "GET /api/v1/content-tasks/a92d3644-131a-4931-8a5e-a0380ea45320/review-context HTTP/1.1" 200 OK
INFO:     127.0.0.1:51172 - "OPTIONS /api/v1/content-versions/8908ea18-6f1d-4a9d-b301-7ca62cabe3ad/approve HTTP/1.1" 200 OK
INFO:     127.0.0.1:51174 - "POST /api/v1/content-versions/8908ea18-6f1d-4a9d-b301-7ca62cabe3ad/approve HTTP/1.1" 200 OK
INFO:     127.0.0.1:51174 - "GET /api/v1/content-tasks/a92d3644-131a-4931-8a5e-a0380ea45320/review-context HTTP/1.1" 200 OK
INFO:     127.0.0.1:51171 - "GET /api/v1/auth/me HTTP/1.1" 200 OK
INFO:     127.0.0.1:51171 - "GET /api/v1/auth/csrf HTTP/1.1" 200 OK
INFO:     127.0.0.1:51174 - "GET /api/v1/content-tasks/a92d3644-131a-4931-8a5e-a0380ea45320/detail HTTP/1.1" 200 OK
INFO:     127.0.0.1:51149 - "GET /api/v1/content-tasks/a92d3644-131a-4931-8a5e-a0380ea45320/review-context HTTP/1.1" 200 OK
INFO:     127.0.0.1:51149 - "GET /api/v1/content-tasks/a92d3644-131a-4931-8a5e-a0380ea45320/detail HTTP/1.1" 200 OK
INFO:     127.0.0.1:51149 - "GET /api/v1/content-versions/3fd1c0b5-6ea6-412e-a29d-a0e878075867/detail HTTP/1.1" 200 OK
INFO:     127.0.0.1:51175 - "GET /api/v1/content-versions/8908ea18-6f1d-4a9d-b301-7ca62cabe3ad/detail HTTP/1.1" 200 OK
  ✓   3 [foundation-desktop] › tests/e2e/content-review-real-stack.spec.ts:274:1 › Flow B：退回后创建 HUMAN revision，重新送审批准且历史不串线 (5.2s)
INFO:     127.0.0.1:51175 - "POST /api/v1/auth/login HTTP/1.1" 200 OK
INFO:     127.0.0.1:51175 - "POST /api/v1/platform-types HTTP/1.1" 201 Created
INFO:     127.0.0.1:51175 - "POST /api/v1/platform-profiles HTTP/1.1" 201 Created
INFO:     127.0.0.1:51175 - "POST /api/v1/products HTTP/1.1" 201 Created
INFO:     127.0.0.1:51175 - "GET /api/v1/products/4815aca7-46b9-4dbb-9af1-33f4cd9ccc99/facts HTTP/1.1" 200 OK
INFO:     127.0.0.1:51175 - "PUT /api/v1/products/4815aca7-46b9-4dbb-9af1-33f4cd9ccc99/facts HTTP/1.1" 200 OK
INFO:     127.0.0.1:51175 - "POST /api/v1/products/4815aca7-46b9-4dbb-9af1-33f4cd9ccc99/fact-review-submissions HTTP/1.1" 201 Created
INFO:     127.0.0.1:51175 - "POST /api/v1/fact-versions/b8f0a48c-8825-4802-aab7-28411a849df7/approve HTTP/1.1" 200 OK
INFO:     127.0.0.1:51175 - "POST /api/v1/content-tasks HTTP/1.1" 201 Created
INFO:     127.0.0.1:51175 - "POST /api/v1/content-tasks/141265a9-ffd5-484b-97de-cc1b0466b397/manual-versions HTTP/1.1" 201 Created
INFO:     127.0.0.1:51183 - "GET /api/v1/auth/me HTTP/1.1" 200 OK
INFO:     127.0.0.1:51183 - "GET /api/v1/auth/csrf HTTP/1.1" 200 OK
INFO:     127.0.0.1:51182 - "GET /api/v1/content-versions/94e74642-b9f9-410c-93ec-1fcd0112e699/detail HTTP/1.1" 200 OK
  ✓   4 [foundation-desktop] › tests/e2e/content-version-detail-real-stack.spec.ts:131:1 › 独立真实栈：单一 detail GET 读取 HUMAN 当前版本且页面无写入口 (311ms)
INFO:     127.0.0.1:51175 - "POST /api/v1/auth/login HTTP/1.1" 200 OK
INFO:     127.0.0.1:51175 - "POST /api/v1/platform-types HTTP/1.1" 201 Created
INFO:     127.0.0.1:51175 - "POST /api/v1/platform-profiles HTTP/1.1" 201 Created
INFO:     127.0.0.1:51190 - "GET /api/v1/auth/me HTTP/1.1" 200 OK
INFO:     127.0.0.1:51190 - "GET /api/v1/auth/csrf HTTP/1.1" 200 OK
INFO:     127.0.0.1:51191 - "OPTIONS /api/v1/products HTTP/1.1" 200 OK
INFO:     127.0.0.1:51190 - "POST /api/v1/products HTTP/1.1" 201 Created
INFO:     127.0.0.1:51190 - "GET /api/v1/products/bdd6766e-9704-435e-b71e-c2a70fc45fca/detail HTTP/1.1" 200 OK
INFO:     127.0.0.1:51192 - "GET /api/v1/auth/me HTTP/1.1" 200 OK
INFO:     127.0.0.1:51192 - "GET /api/v1/auth/csrf HTTP/1.1" 200 OK
INFO:     127.0.0.1:51190 - "GET /api/v1/products/bdd6766e-9704-435e-b71e-c2a70fc45fca/facts HTTP/1.1" 200 OK
INFO:     127.0.0.1:51191 - "OPTIONS /api/v1/products/bdd6766e-9704-435e-b71e-c2a70fc45fca/facts HTTP/1.1" 200 OK
INFO:     127.0.0.1:51190 - "PUT /api/v1/products/bdd6766e-9704-435e-b71e-c2a70fc45fca/facts HTTP/1.1" 200 OK
INFO:     127.0.0.1:51191 - "OPTIONS /api/v1/products/bdd6766e-9704-435e-b71e-c2a70fc45fca/fact-review-submissions HTTP/1.1" 200 OK
INFO:     127.0.0.1:51190 - "POST /api/v1/products/bdd6766e-9704-435e-b71e-c2a70fc45fca/fact-review-submissions HTTP/1.1" 201 Created
INFO:     127.0.0.1:51190 - "GET /api/v1/products/bdd6766e-9704-435e-b71e-c2a70fc45fca/facts HTTP/1.1" 200 OK
INFO:     127.0.0.1:51190 - "GET /api/v1/products?page=1&page_size=20&sort=UPDATED_DESC HTTP/1.1" 200 OK
INFO:     127.0.0.1:51190 - "GET /api/v1/products?page=1&page_size=20&search=PF-A-da0450ad&sort=UPDATED_DESC HTTP/1.1" 200 OK
INFO:     127.0.0.1:51192 - "GET /api/v1/auth/me HTTP/1.1" 200 OK
INFO:     127.0.0.1:51192 - "GET /api/v1/auth/csrf HTTP/1.1" 200 OK
INFO:     127.0.0.1:51190 - "GET /api/v1/products/bdd6766e-9704-435e-b71e-c2a70fc45fca/fact-review-context HTTP/1.1" 200 OK
INFO:     127.0.0.1:51191 - "OPTIONS /api/v1/fact-versions/55ca56ac-54ca-493f-afad-097454f24897/approve HTTP/1.1" 200 OK
INFO:     127.0.0.1:51190 - "POST /api/v1/fact-versions/55ca56ac-54ca-493f-afad-097454f24897/approve HTTP/1.1" 200 OK
INFO:     127.0.0.1:51190 - "GET /api/v1/products/bdd6766e-9704-435e-b71e-c2a70fc45fca/fact-review-context HTTP/1.1" 200 OK
INFO:     127.0.0.1:51190 - "GET /api/v1/products?page=1&page_size=20&sort=UPDATED_DESC HTTP/1.1" 200 OK
INFO:     127.0.0.1:51190 - "GET /api/v1/products?page=1&page_size=20&search=PF-A-da0450ad&sort=UPDATED_DESC HTTP/1.1" 200 OK
INFO:     127.0.0.1:51190 - "GET /api/v1/products/bdd6766e-9704-435e-b71e-c2a70fc45fca/detail HTTP/1.1" 200 OK
INFO:     127.0.0.1:51175 - "GET /api/v1/products/bdd6766e-9704-435e-b71e-c2a70fc45fca/detail HTTP/1.1" 200 OK
INFO:     127.0.0.1:51190 - "GET /api/v1/auth/me HTTP/1.1" 200 OK
INFO:     127.0.0.1:51190 - "GET /api/v1/content-tasks/creation-options?requested_product_id=bdd6766e-9704-435e-b71e-c2a70fc45fca HTTP/1.1" 200 OK
INFO:     127.0.0.1:51192 - "GET /api/v1/auth/csrf HTTP/1.1" 200 OK
INFO:     127.0.0.1:51191 - "OPTIONS /api/v1/content-tasks HTTP/1.1" 200 OK
INFO:     127.0.0.1:51192 - "POST /api/v1/content-tasks HTTP/1.1" 201 Created
INFO:     127.0.0.1:51192 - "GET /api/v1/content-tasks/bb872219-9d2e-445c-af2f-f677f92d8351/detail HTTP/1.1" 200 OK
INFO:     127.0.0.1:51192 - "GET /api/v1/products?page=1&page_size=20&sort=UPDATED_DESC HTTP/1.1" 200 OK
INFO:     127.0.0.1:51192 - "GET /api/v1/products?page=1&page_size=20&search=PF-A-da0450ad&sort=UPDATED_DESC HTTP/1.1" 200 OK
INFO:     127.0.0.1:51192 - "GET /api/v1/products/bdd6766e-9704-435e-b71e-c2a70fc45fca/detail HTTP/1.1" 200 OK
INFO:     127.0.0.1:51190 - "GET /api/v1/auth/me HTTP/1.1" 200 OK
INFO:     127.0.0.1:51192 - "GET /api/v1/fact-versions/55ca56ac-54ca-493f-afad-097454f24897 HTTP/1.1" 200 OK
INFO:     127.0.0.1:51192 - "GET /api/v1/auth/csrf HTTP/1.1" 200 OK
  ✓   5 [foundation-desktop] › tests/e2e/product-facts-real-stack.spec.ts:127:1 › Flow A：批准事实后展示不可变版本并交接 CREATE_CONTENT_TASK (2.8s)
INFO:     127.0.0.1:51175 - "POST /api/v1/auth/login HTTP/1.1" 200 OK
INFO:     127.0.0.1:51199 - "GET /api/v1/auth/me HTTP/1.1" 200 OK
INFO:     127.0.0.1:51199 - "GET /api/v1/auth/csrf HTTP/1.1" 200 OK
INFO:     127.0.0.1:51200 - "OPTIONS /api/v1/products HTTP/1.1" 200 OK
INFO:     127.0.0.1:51199 - "POST /api/v1/products HTTP/1.1" 201 Created
INFO:     127.0.0.1:51199 - "GET /api/v1/products/5f184d42-9cce-4913-ba16-ea8c5ad23b54/detail HTTP/1.1" 200 OK
INFO:     127.0.0.1:51201 - "GET /api/v1/auth/me HTTP/1.1" 200 OK
INFO:     127.0.0.1:51199 - "GET /api/v1/products/5f184d42-9cce-4913-ba16-ea8c5ad23b54/facts HTTP/1.1" 200 OK
INFO:     127.0.0.1:51201 - "GET /api/v1/auth/csrf HTTP/1.1" 200 OK
INFO:     127.0.0.1:51200 - "OPTIONS /api/v1/products/5f184d42-9cce-4913-ba16-ea8c5ad23b54/facts HTTP/1.1" 200 OK
INFO:     127.0.0.1:51201 - "PUT /api/v1/products/5f184d42-9cce-4913-ba16-ea8c5ad23b54/facts HTTP/1.1" 200 OK
INFO:     127.0.0.1:51200 - "OPTIONS /api/v1/products/5f184d42-9cce-4913-ba16-ea8c5ad23b54/fact-review-submissions HTTP/1.1" 200 OK
INFO:     127.0.0.1:51201 - "POST /api/v1/products/5f184d42-9cce-4913-ba16-ea8c5ad23b54/fact-review-submissions HTTP/1.1" 201 Created
INFO:     127.0.0.1:51201 - "GET /api/v1/products/5f184d42-9cce-4913-ba16-ea8c5ad23b54/facts HTTP/1.1" 200 OK
INFO:     127.0.0.1:51201 - "GET /api/v1/products?page=1&page_size=20&sort=UPDATED_DESC HTTP/1.1" 200 OK
INFO:     127.0.0.1:51201 - "GET /api/v1/products?page=1&page_size=20&search=PF-B-299856b0&sort=UPDATED_DESC HTTP/1.1" 200 OK
INFO:     127.0.0.1:51199 - "GET /api/v1/auth/me HTTP/1.1" 200 OK
INFO:     127.0.0.1:51199 - "GET /api/v1/auth/csrf HTTP/1.1" 200 OK
INFO:     127.0.0.1:51201 - "GET /api/v1/products/5f184d42-9cce-4913-ba16-ea8c5ad23b54/fact-review-context HTTP/1.1" 200 OK
INFO:     127.0.0.1:51200 - "OPTIONS /api/v1/fact-versions/865a46d5-6e3b-4e64-b344-9d0bcba4b542/request-changes HTTP/1.1" 200 OK
INFO:     127.0.0.1:51201 - "POST /api/v1/fact-versions/865a46d5-6e3b-4e64-b344-9d0bcba4b542/request-changes HTTP/1.1" 200 OK
INFO:     127.0.0.1:51201 - "GET /api/v1/products/5f184d42-9cce-4913-ba16-ea8c5ad23b54/fact-review-context HTTP/1.1" 200 OK
INFO:     127.0.0.1:51201 - "GET /api/v1/products?page=1&page_size=20&sort=UPDATED_DESC HTTP/1.1" 200 OK
INFO:     127.0.0.1:51201 - "GET /api/v1/products?page=1&page_size=20&search=PF-B-299856b0&sort=UPDATED_DESC HTTP/1.1" 200 OK
INFO:     127.0.0.1:51199 - "GET /api/v1/auth/me HTTP/1.1" 200 OK
INFO:     127.0.0.1:51201 - "GET /api/v1/products/5f184d42-9cce-4913-ba16-ea8c5ad23b54/facts HTTP/1.1" 200 OK
INFO:     127.0.0.1:51201 - "GET /api/v1/auth/csrf HTTP/1.1" 200 OK
INFO:     127.0.0.1:51201 - "PUT /api/v1/products/5f184d42-9cce-4913-ba16-ea8c5ad23b54/facts HTTP/1.1" 200 OK
INFO:     127.0.0.1:51201 - "POST /api/v1/products/5f184d42-9cce-4913-ba16-ea8c5ad23b54/fact-review-submissions HTTP/1.1" 201 Created
INFO:     127.0.0.1:51201 - "GET /api/v1/products/5f184d42-9cce-4913-ba16-ea8c5ad23b54/facts HTTP/1.1" 200 OK
INFO:     127.0.0.1:51201 - "GET /api/v1/products?page=1&page_size=20&sort=UPDATED_DESC HTTP/1.1" 200 OK
INFO:     127.0.0.1:51201 - "GET /api/v1/products?page=1&page_size=20&search=PF-B-299856b0&sort=UPDATED_DESC HTTP/1.1" 200 OK
INFO:     127.0.0.1:51199 - "GET /api/v1/auth/me HTTP/1.1" 200 OK
INFO:     127.0.0.1:51201 - "GET /api/v1/products/5f184d42-9cce-4913-ba16-ea8c5ad23b54/fact-review-context HTTP/1.1" 200 OK
INFO:     127.0.0.1:51201 - "GET /api/v1/auth/csrf HTTP/1.1" 200 OK
INFO:     127.0.0.1:51200 - "OPTIONS /api/v1/fact-versions/460c8103-da02-42f2-bb44-2b87699f578f/approve HTTP/1.1" 200 OK
INFO:     127.0.0.1:51201 - "POST /api/v1/fact-versions/460c8103-da02-42f2-bb44-2b87699f578f/approve HTTP/1.1" 200 OK
INFO:     127.0.0.1:51201 - "GET /api/v1/products/5f184d42-9cce-4913-ba16-ea8c5ad23b54/fact-review-context HTTP/1.1" 200 OK
INFO:     127.0.0.1:51175 - "GET /api/v1/products/5f184d42-9cce-4913-ba16-ea8c5ad23b54/fact-review-context HTTP/1.1" 200 OK
INFO:     127.0.0.1:51201 - "GET /api/v1/products?page=1&page_size=20&sort=UPDATED_DESC HTTP/1.1" 200 OK
INFO:     127.0.0.1:51201 - "GET /api/v1/products?page=1&page_size=20&search=PF-B-299856b0&sort=UPDATED_DESC HTTP/1.1" 200 OK
INFO:     127.0.0.1:51201 - "GET /api/v1/products/5f184d42-9cce-4913-ba16-ea8c5ad23b54/detail HTTP/1.1" 200 OK
INFO:     127.0.0.1:51199 - "GET /api/v1/auth/me HTTP/1.1" 200 OK
INFO:     127.0.0.1:51201 - "GET /api/v1/products/5f184d42-9cce-4913-ba16-ea8c5ad23b54/fact-history?page=1&page_size=20 HTTP/1.1" 200 OK
INFO:     127.0.0.1:51199 - "GET /api/v1/auth/csrf HTTP/1.1" 200 OK
INFO:     127.0.0.1:51201 - "GET /api/v1/auth/me HTTP/1.1" 200 OK
INFO:     127.0.0.1:51199 - "GET /api/v1/fact-versions/460c8103-da02-42f2-bb44-2b87699f578f HTTP/1.1" 200 OK
INFO:     127.0.0.1:51199 - "GET /api/v1/auth/csrf HTTP/1.1" 200 OK
  ✓   6 [foundation-desktop] › tests/e2e/product-facts-real-stack.spec.ts:209:1 › Flow B：退回后修订产生新版本，审核历史严格归属当前 FactVersion (2.9s)
INFO:     127.0.0.1:51175 - "POST /api/v1/auth/login HTTP/1.1" 200 OK
INFO:     127.0.0.1:51175 - "POST /api/v1/platform-types HTTP/1.1" 201 Created
INFO:     127.0.0.1:51175 - "POST /api/v1/platform-profiles HTTP/1.1" 201 Created
INFO:     127.0.0.1:51208 - "GET /api/v1/auth/me HTTP/1.1" 200 OK
INFO:     127.0.0.1:51208 - "GET /api/v1/auth/csrf HTTP/1.1" 200 OK
INFO:     127.0.0.1:51209 - "OPTIONS /api/v1/products HTTP/1.1" 200 OK
INFO:     127.0.0.1:51208 - "POST /api/v1/products HTTP/1.1" 201 Created
INFO:     127.0.0.1:51208 - "GET /api/v1/products/7f2b3597-44c9-45b0-99e1-2d05e6da411d/detail HTTP/1.1" 200 OK
INFO:     127.0.0.1:51210 - "GET /api/v1/auth/me HTTP/1.1" 200 OK
INFO:     127.0.0.1:51208 - "GET /api/v1/products/7f2b3597-44c9-45b0-99e1-2d05e6da411d/facts HTTP/1.1" 200 OK
INFO:     127.0.0.1:51210 - "GET /api/v1/auth/csrf HTTP/1.1" 200 OK
INFO:     127.0.0.1:51209 - "OPTIONS /api/v1/products/7f2b3597-44c9-45b0-99e1-2d05e6da411d/facts HTTP/1.1" 200 OK
INFO:     127.0.0.1:51210 - "PUT /api/v1/products/7f2b3597-44c9-45b0-99e1-2d05e6da411d/facts HTTP/1.1" 200 OK
INFO:     127.0.0.1:51209 - "OPTIONS /api/v1/products/7f2b3597-44c9-45b0-99e1-2d05e6da411d/fact-review-submissions HTTP/1.1" 200 OK
INFO:     127.0.0.1:51210 - "POST /api/v1/products/7f2b3597-44c9-45b0-99e1-2d05e6da411d/fact-review-submissions HTTP/1.1" 201 Created
INFO:     127.0.0.1:51210 - "GET /api/v1/products/7f2b3597-44c9-45b0-99e1-2d05e6da411d/facts HTTP/1.1" 200 OK
INFO:     127.0.0.1:51210 - "GET /api/v1/products?page=1&page_size=20&sort=UPDATED_DESC HTTP/1.1" 200 OK
INFO:     127.0.0.1:51210 - "GET /api/v1/products?page=1&page_size=20&search=CE-C-82129546&sort=UPDATED_DESC HTTP/1.1" 200 OK
INFO:     127.0.0.1:51208 - "GET /api/v1/auth/me HTTP/1.1" 200 OK
INFO:     127.0.0.1:51208 - "GET /api/v1/auth/csrf HTTP/1.1" 200 OK
INFO:     127.0.0.1:51210 - "GET /api/v1/products/7f2b3597-44c9-45b0-99e1-2d05e6da411d/fact-review-context HTTP/1.1" 200 OK
INFO:     127.0.0.1:51209 - "OPTIONS /api/v1/fact-versions/1763b691-3b8f-4158-9ce9-92d8f3a62f93/approve HTTP/1.1" 200 OK
INFO:     127.0.0.1:51210 - "POST /api/v1/fact-versions/1763b691-3b8f-4158-9ce9-92d8f3a62f93/approve HTTP/1.1" 200 OK
INFO:     127.0.0.1:51210 - "GET /api/v1/products/7f2b3597-44c9-45b0-99e1-2d05e6da411d/fact-review-context HTTP/1.1" 200 OK
INFO:     127.0.0.1:51210 - "GET /api/v1/products?page=1&page_size=20&sort=UPDATED_DESC HTTP/1.1" 200 OK
INFO:     127.0.0.1:51210 - "GET /api/v1/products?page=1&page_size=20&search=CE-C-82129546&sort=UPDATED_DESC HTTP/1.1" 200 OK
INFO:     127.0.0.1:51210 - "GET /api/v1/products/7f2b3597-44c9-45b0-99e1-2d05e6da411d/detail HTTP/1.1" 200 OK
INFO:     127.0.0.1:51175 - "GET /api/v1/products/7f2b3597-44c9-45b0-99e1-2d05e6da411d/detail HTTP/1.1" 200 OK
INFO:     127.0.0.1:51210 - "GET /api/v1/auth/me HTTP/1.1" 200 OK
INFO:     127.0.0.1:51208 - "GET /api/v1/auth/csrf HTTP/1.1" 200 OK
INFO:     127.0.0.1:51210 - "GET /api/v1/content-tasks/creation-options?requested_product_id=7f2b3597-44c9-45b0-99e1-2d05e6da411d HTTP/1.1" 200 OK
INFO:     127.0.0.1:51209 - "OPTIONS /api/v1/content-tasks HTTP/1.1" 200 OK
INFO:     127.0.0.1:51210 - "POST /api/v1/content-tasks HTTP/1.1" 201 Created
INFO:     127.0.0.1:51210 - "GET /api/v1/content-tasks/c2bb3bd0-0957-4d2c-9e55-84f4b237e919/detail HTTP/1.1" 200 OK
INFO:     127.0.0.1:51208 - "GET /api/v1/auth/me HTTP/1.1" 200 OK
INFO:     127.0.0.1:51210 - "GET /api/v1/content-tasks/c2bb3bd0-0957-4d2c-9e55-84f4b237e919/editor-context HTTP/1.1" 200 OK
INFO:     127.0.0.1:51210 - "GET /api/v1/auth/csrf HTTP/1.1" 200 OK
INFO:     127.0.0.1:51209 - "OPTIONS /api/v1/content-tasks/c2bb3bd0-0957-4d2c-9e55-84f4b237e919/manual-versions HTTP/1.1" 200 OK
INFO:     127.0.0.1:51210 - "POST /api/v1/content-tasks/c2bb3bd0-0957-4d2c-9e55-84f4b237e919/manual-versions HTTP/1.1" 201 Created
INFO:     127.0.0.1:51210 - "GET /api/v1/content-tasks/c2bb3bd0-0957-4d2c-9e55-84f4b237e919/editor-context HTTP/1.1" 200 OK
INFO:     127.0.0.1:51209 - "OPTIONS /api/v1/content-versions/f6551cb7-e5ab-485c-8f11-c3ebd4b4755b HTTP/1.1" 200 OK
INFO:     127.0.0.1:51210 - "PUT /api/v1/content-versions/f6551cb7-e5ab-485c-8f11-c3ebd4b4755b HTTP/1.1" 200 OK
INFO:     127.0.0.1:51210 - "GET /api/v1/content-tasks/c2bb3bd0-0957-4d2c-9e55-84f4b237e919/editor-context HTTP/1.1" 200 OK
INFO:     127.0.0.1:51209 - "OPTIONS /api/v1/content-versions/f6551cb7-e5ab-485c-8f11-c3ebd4b4755b/submit-review HTTP/1.1" 200 OK
INFO:     127.0.0.1:51210 - "POST /api/v1/content-versions/f6551cb7-e5ab-485c-8f11-c3ebd4b4755b/submit-review HTTP/1.1" 200 OK
INFO:     127.0.0.1:51210 - "GET /api/v1/content-tasks/c2bb3bd0-0957-4d2c-9e55-84f4b237e919/editor-context HTTP/1.1" 200 OK
INFO:     127.0.0.1:51175 - "GET /api/v1/content-tasks/c2bb3bd0-0957-4d2c-9e55-84f4b237e919/editor-context HTTP/1.1" 200 OK
  ✓   7 [foundation-desktop] › tests/e2e/product-facts-real-stack.spec.ts:297:1 › Flow C：独立 ContentTask 经人工首稿、保存后提交审核 (3.3s)
INFO:     127.0.0.1:51175 - "POST /api/v1/auth/login HTTP/1.1" 200 OK
INFO:     127.0.0.1:51175 - "POST /api/v1/platform-types HTTP/1.1" 201 Created
INFO:     127.0.0.1:51175 - "POST /api/v1/platform-profiles HTTP/1.1" 201 Created
INFO:     127.0.0.1:51175 - "POST /api/v1/platform-accounts HTTP/1.1" 201 Created
INFO:     127.0.0.1:51175 - "POST /api/v1/platform-accounts HTTP/1.1" 201 Created
INFO:     127.0.0.1:51175 - "POST /api/v1/products HTTP/1.1" 201 Created
INFO:     127.0.0.1:51175 - "GET /api/v1/products/c29da601-daf5-4006-a9e4-7a2b2ec9eb8e/facts HTTP/1.1" 200 OK
INFO:     127.0.0.1:51175 - "PUT /api/v1/products/c29da601-daf5-4006-a9e4-7a2b2ec9eb8e/facts HTTP/1.1" 200 OK
INFO:     127.0.0.1:51175 - "POST /api/v1/products/c29da601-daf5-4006-a9e4-7a2b2ec9eb8e/fact-review-submissions HTTP/1.1" 201 Created
INFO:     127.0.0.1:51175 - "POST /api/v1/fact-versions/6ce5f7ee-a943-4a56-ba32-a434dbc85311/approve HTTP/1.1" 200 OK
INFO:     127.0.0.1:51175 - "POST /api/v1/content-tasks HTTP/1.1" 201 Created
INFO:     127.0.0.1:51175 - "POST /api/v1/content-tasks/f510d7a7-5ade-472a-b84c-1bd1a257170c/manual-versions HTTP/1.1" 201 Created
INFO:     127.0.0.1:51175 - "POST /api/v1/content-versions/dade8951-30a1-4f43-ac54-a9fea0c9c4ba/submit-review HTTP/1.1" 200 OK
INFO:     127.0.0.1:51175 - "POST /api/v1/content-versions/dade8951-30a1-4f43-ac54-a9fea0c9c4ba/approve HTTP/1.1" 200 OK
INFO:     127.0.0.1:51218 - "GET /api/v1/auth/me HTTP/1.1" 200 OK
INFO:     127.0.0.1:51217 - "GET /api/v1/publication-works?page=1&page_size=20 HTTP/1.1" 200 OK
INFO:     127.0.0.1:51218 - "GET /api/v1/auth/csrf HTTP/1.1" 200 OK
INFO:     127.0.0.1:51217 - "GET /api/v1/publication-ready-items HTTP/1.1" 200 OK
INFO:     127.0.0.1:51218 - "GET /api/v1/publication-workbench-summary HTTP/1.1" 200 OK
INFO:     127.0.0.1:51219 - "OPTIONS /api/v1/publication-works HTTP/1.1" 200 OK
INFO:     127.0.0.1:51218 - "POST /api/v1/publication-works HTTP/1.1" 201 Created
INFO:     127.0.0.1:51218 - "GET /api/v1/publication-workbench-summary HTTP/1.1" 200 OK
INFO:     127.0.0.1:51217 - "GET /api/v1/publication-ready-items HTTP/1.1" 200 OK
INFO:     127.0.0.1:51220 - "GET /api/v1/publication-works?page=1&page_size=20 HTTP/1.1" 200 OK
INFO:     127.0.0.1:51217 - "GET /api/v1/auth/me HTTP/1.1" 200 OK
INFO:     127.0.0.1:51217 - "GET /api/v1/auth/csrf HTTP/1.1" 200 OK
INFO:     127.0.0.1:51220 - "GET /api/v1/publication-works/4e94d050-80c3-4884-bc0b-32b2030e984e/workspace-context HTTP/1.1" 200 OK
INFO:     127.0.0.1:51219 - "OPTIONS /api/v1/publication-works/4e94d050-80c3-4884-bc0b-32b2030e984e/preparation HTTP/1.1" 200 OK
INFO:     127.0.0.1:51220 - "PATCH /api/v1/publication-works/4e94d050-80c3-4884-bc0b-32b2030e984e/preparation HTTP/1.1" 200 OK
INFO:     127.0.0.1:51220 - "GET /api/v1/publication-works/4e94d050-80c3-4884-bc0b-32b2030e984e/workspace-context HTTP/1.1" 200 OK
INFO:     127.0.0.1:51219 - "OPTIONS /api/v1/publication-works/4e94d050-80c3-4884-bc0b-32b2030e984e/platform-review HTTP/1.1" 200 OK
INFO:     127.0.0.1:51220 - "POST /api/v1/publication-works/4e94d050-80c3-4884-bc0b-32b2030e984e/platform-review HTTP/1.1" 200 OK
INFO:     127.0.0.1:51220 - "GET /api/v1/publication-works/4e94d050-80c3-4884-bc0b-32b2030e984e/workspace-context HTTP/1.1" 200 OK
INFO:     127.0.0.1:51219 - "OPTIONS /api/v1/files/upload-intents HTTP/1.1" 200 OK
INFO:     127.0.0.1:51220 - "POST /api/v1/files/upload-intents HTTP/1.1" 201 Created
INFO:     127.0.0.1:51221 - "OPTIONS /objects/test/operation_screenshot/2026/08/138b51bf-a102-4d16-ad51-0a1b8bf8a59d.png?operation=upload&expires=1786523718&signature=a1c45a05a4f10ff1cde4eacf51ca719ede451f774f04681b7578b6d4ebece14a HTTP/1.1" 200 OK
INFO:     127.0.0.1:51221 - "PUT /objects/test/operation_screenshot/2026/08/138b51bf-a102-4d16-ad51-0a1b8bf8a59d.png?operation=upload&expires=1786523718&signature=a1c45a05a4f10ff1cde4eacf51ca719ede451f774f04681b7578b6d4ebece14a HTTP/1.1" 204 No Content
INFO:     127.0.0.1:51219 - "OPTIONS /api/v1/files/138b51bf-a102-4d16-ad51-0a1b8bf8a59d/complete HTTP/1.1" 200 OK
INFO:     127.0.0.1:51223 - "HEAD /objects/test/operation_screenshot/2026/08/138b51bf-a102-4d16-ad51-0a1b8bf8a59d.png?operation=head&expires=1786523178&signature=7ea02361a1476f88889453cf28aceec8147b0b905219873b55a4fc1fb159421c HTTP/1.1" 200 OK
INFO:     127.0.0.1:51220 - "POST /api/v1/files/138b51bf-a102-4d16-ad51-0a1b8bf8a59d/complete HTTP/1.1" 200 OK
INFO:     127.0.0.1:51219 - "OPTIONS /api/v1/publication-works/4e94d050-80c3-4884-bc0b-32b2030e984e/result HTTP/1.1" 200 OK
INFO:     127.0.0.1:51220 - "PUT /api/v1/publication-works/4e94d050-80c3-4884-bc0b-32b2030e984e/result HTTP/1.1" 200 OK
INFO:     127.0.0.1:51220 - "GET /api/v1/publication-works/4e94d050-80c3-4884-bc0b-32b2030e984e/workspace-context HTTP/1.1" 200 OK
INFO:     127.0.0.1:51219 - "OPTIONS /api/v1/publication-works/4e94d050-80c3-4884-bc0b-32b2030e984e/verifications HTTP/1.1" 200 OK
INFO:     127.0.0.1:51220 - "POST /api/v1/publication-works/4e94d050-80c3-4884-bc0b-32b2030e984e/verifications HTTP/1.1" 200 OK
INFO:     127.0.0.1:51220 - "GET /api/v1/publication-works/4e94d050-80c3-4884-bc0b-32b2030e984e/workspace-context HTTP/1.1" 200 OK
INFO:     127.0.0.1:51217 - "GET /api/v1/auth/me HTTP/1.1" 200 OK
INFO:     127.0.0.1:51217 - "GET /api/v1/auth/csrf HTTP/1.1" 200 OK
INFO:     127.0.0.1:51220 - "GET /api/v1/published-articles/4e94d050-80c3-4884-bc0b-32b2030e984e HTTP/1.1" 200 OK
INFO:     127.0.0.1:51219 - "OPTIONS /api/v1/published-articles/4e94d050-80c3-4884-bc0b-32b2030e984e/issues HTTP/1.1" 200 OK
INFO:     127.0.0.1:51220 - "POST /api/v1/published-articles/4e94d050-80c3-4884-bc0b-32b2030e984e/issues HTTP/1.1" 201 Created
INFO:     127.0.0.1:51220 - "GET /api/v1/published-articles/4e94d050-80c3-4884-bc0b-32b2030e984e HTTP/1.1" 200 OK
INFO:     127.0.0.1:51220 - "GET /api/v1/published-content-issues/1dac3add-3f6f-4d3a-8138-4fbbf1decc84/workspace-context HTTP/1.1" 200 OK
INFO:     127.0.0.1:51220 - "GET /api/v1/published-content-issues/1dac3add-3f6f-4d3a-8138-4fbbf1decc84/repair-context HTTP/1.1" 200 OK
INFO:     127.0.0.1:51219 - "OPTIONS /api/v1/published-content-issues/1dac3add-3f6f-4d3a-8138-4fbbf1decc84/repair-task HTTP/1.1" 200 OK
INFO:     127.0.0.1:51220 - "POST /api/v1/published-content-issues/1dac3add-3f6f-4d3a-8138-4fbbf1decc84/repair-task HTTP/1.1" 201 Created
INFO:     127.0.0.1:51217 - "GET /api/v1/published-content-issues/1dac3add-3f6f-4d3a-8138-4fbbf1decc84/repair-context HTTP/1.1" 200 OK
INFO:     127.0.0.1:51220 - "GET /api/v1/published-content-issues/1dac3add-3f6f-4d3a-8138-4fbbf1decc84/workspace-context HTTP/1.1" 200 OK
INFO:     127.0.0.1:51217 - "GET /api/v1/auth/me HTTP/1.1" 200 OK
INFO:     127.0.0.1:51220 - "GET /api/v1/published-content-issues?page=1&page_size=20&status=OPEN HTTP/1.1" 200 OK
INFO:     127.0.0.1:51220 - "GET /api/v1/auth/csrf HTTP/1.1" 200 OK
INFO:     127.0.0.1:51217 - "GET /api/v1/auth/me HTTP/1.1" 200 OK
INFO:     127.0.0.1:51217 - "GET /api/v1/auth/csrf HTTP/1.1" 200 OK
INFO:     127.0.0.1:51220 - "GET /api/v1/content-tasks/232eb2ec-23eb-45cd-a484-f5766cbc169d/detail HTTP/1.1" 200 OK
INFO:     127.0.0.1:51217 - "GET /api/v1/auth/me HTTP/1.1" 200 OK
INFO:     127.0.0.1:51217 - "GET /api/v1/auth/csrf HTTP/1.1" 200 OK
INFO:     127.0.0.1:51220 - "GET /api/v1/published-content-issues/1dac3add-3f6f-4d3a-8138-4fbbf1decc84/workspace-context HTTP/1.1" 200 OK
INFO:     127.0.0.1:51219 - "OPTIONS /api/v1/published-content-issues/1dac3add-3f6f-4d3a-8138-4fbbf1decc84/resolve HTTP/1.1" 200 OK
INFO:     127.0.0.1:51220 - "POST /api/v1/published-content-issues/1dac3add-3f6f-4d3a-8138-4fbbf1decc84/resolve HTTP/1.1" 200 OK
INFO:     127.0.0.1:51220 - "GET /api/v1/published-content-issues/1dac3add-3f6f-4d3a-8138-4fbbf1decc84/workspace-context HTTP/1.1" 200 OK
INFO:     127.0.0.1:51175 - "GET /api/v1/publication-works/4e94d050-80c3-4884-bc0b-32b2030e984e/workspace-context HTTP/1.1" 200 OK
INFO:     127.0.0.1:51175 - "GET /api/v1/published-articles/4e94d050-80c3-4884-bc0b-32b2030e984e HTTP/1.1" 200 OK
INFO:     127.0.0.1:51175 - "GET /api/v1/published-content-issues/1dac3add-3f6f-4d3a-8138-4fbbf1decc84/workspace-context HTTP/1.1" 200 OK
INFO:     127.0.0.1:51175 - "GET /api/v1/content-tasks/232eb2ec-23eb-45cd-a484-f5766cbc169d/detail HTTP/1.1" 200 OK
  ✓   8 [foundation-desktop] › tests/e2e/publication-workspace-real-stack.spec.ts:140:1 › Flow A：V2 UI 从开始发布连续完成成果、修复任务与问题解决 (4.5s)
INFO:     127.0.0.1:51175 - "POST /api/v1/auth/login HTTP/1.1" 200 OK
INFO:     127.0.0.1:51175 - "POST /api/v1/platform-types HTTP/1.1" 201 Created
INFO:     127.0.0.1:51175 - "POST /api/v1/platform-profiles HTTP/1.1" 201 Created
INFO:     127.0.0.1:51175 - "POST /api/v1/platform-accounts HTTP/1.1" 201 Created
INFO:     127.0.0.1:51175 - "POST /api/v1/platform-accounts HTTP/1.1" 201 Created
INFO:     127.0.0.1:51175 - "POST /api/v1/products HTTP/1.1" 201 Created
INFO:     127.0.0.1:51175 - "GET /api/v1/products/d52a76c6-97c7-4554-9016-a08c4aa52eaf/facts HTTP/1.1" 200 OK
INFO:     127.0.0.1:51175 - "PUT /api/v1/products/d52a76c6-97c7-4554-9016-a08c4aa52eaf/facts HTTP/1.1" 200 OK
INFO:     127.0.0.1:51175 - "POST /api/v1/products/d52a76c6-97c7-4554-9016-a08c4aa52eaf/fact-review-submissions HTTP/1.1" 201 Created
INFO:     127.0.0.1:51175 - "POST /api/v1/fact-versions/48e585ec-7ca6-4081-8d83-f8ac3f37e06f/approve HTTP/1.1" 200 OK
INFO:     127.0.0.1:51175 - "POST /api/v1/content-tasks HTTP/1.1" 201 Created
INFO:     127.0.0.1:51175 - "POST /api/v1/content-tasks/91465904-8eac-4c7f-869c-7233640ed78a/manual-versions HTTP/1.1" 201 Created
INFO:     127.0.0.1:51175 - "POST /api/v1/content-versions/886a1197-6083-4979-b1a1-dc86dc73c3c1/submit-review HTTP/1.1" 200 OK
INFO:     127.0.0.1:51175 - "POST /api/v1/content-versions/886a1197-6083-4979-b1a1-dc86dc73c3c1/approve HTTP/1.1" 200 OK
INFO:     127.0.0.1:51175 - "POST /api/v1/publication-works HTTP/1.1" 201 Created
INFO:     127.0.0.1:51231 - "GET /api/v1/auth/me HTTP/1.1" 200 OK
INFO:     127.0.0.1:51231 - "GET /api/v1/auth/csrf HTTP/1.1" 200 OK
INFO:     127.0.0.1:51230 - "GET /api/v1/publication-works/2a0cad90-ca57-4564-abe2-2bc8ed923e17/workspace-context HTTP/1.1" 200 OK
INFO:     127.0.0.1:51232 - "OPTIONS /api/v1/publication-works/2a0cad90-ca57-4564-abe2-2bc8ed923e17/result HTTP/1.1" 200 OK
INFO:     127.0.0.1:51230 - "PUT /api/v1/publication-works/2a0cad90-ca57-4564-abe2-2bc8ed923e17/result HTTP/1.1" 200 OK
INFO:     127.0.0.1:51230 - "GET /api/v1/publication-works/2a0cad90-ca57-4564-abe2-2bc8ed923e17/workspace-context HTTP/1.1" 200 OK
INFO:     127.0.0.1:51232 - "OPTIONS /api/v1/publication-works/2a0cad90-ca57-4564-abe2-2bc8ed923e17/verifications HTTP/1.1" 200 OK
INFO:     127.0.0.1:51230 - "POST /api/v1/publication-works/2a0cad90-ca57-4564-abe2-2bc8ed923e17/verifications HTTP/1.1" 200 OK
INFO:     127.0.0.1:51230 - "GET /api/v1/publication-works/2a0cad90-ca57-4564-abe2-2bc8ed923e17/workspace-context HTTP/1.1" 200 OK
INFO:     127.0.0.1:51231 - "GET /api/v1/auth/me HTTP/1.1" 200 OK
INFO:     127.0.0.1:51231 - "GET /api/v1/auth/csrf HTTP/1.1" 200 OK
INFO:     127.0.0.1:51230 - "GET /api/v1/content-tasks/91465904-8eac-4c7f-869c-7233640ed78a/detail HTTP/1.1" 200 OK
INFO:     127.0.0.1:51231 - "GET /api/v1/auth/me HTTP/1.1" 200 OK
INFO:     127.0.0.1:51231 - "GET /api/v1/auth/csrf HTTP/1.1" 200 OK
INFO:     127.0.0.1:51230 - "GET /api/v1/content-tasks/91465904-8eac-4c7f-869c-7233640ed78a/editor-context HTTP/1.1" 200 OK
INFO:     127.0.0.1:51232 - "OPTIONS /api/v1/content-versions/886a1197-6083-4979-b1a1-dc86dc73c3c1/revisions HTTP/1.1" 200 OK
INFO:     127.0.0.1:51230 - "POST /api/v1/content-versions/886a1197-6083-4979-b1a1-dc86dc73c3c1/revisions HTTP/1.1" 201 Created
INFO:     127.0.0.1:51230 - "GET /api/v1/content-tasks/91465904-8eac-4c7f-869c-7233640ed78a/editor-context HTTP/1.1" 200 OK
INFO:     127.0.0.1:51232 - "OPTIONS /api/v1/content-versions/706b6f42-45b7-4f7f-afc1-0e7db28acc10 HTTP/1.1" 200 OK
INFO:     127.0.0.1:51230 - "PUT /api/v1/content-versions/706b6f42-45b7-4f7f-afc1-0e7db28acc10 HTTP/1.1" 200 OK
INFO:     127.0.0.1:51230 - "GET /api/v1/content-tasks/91465904-8eac-4c7f-869c-7233640ed78a/editor-context HTTP/1.1" 200 OK
INFO:     127.0.0.1:51232 - "OPTIONS /api/v1/content-versions/706b6f42-45b7-4f7f-afc1-0e7db28acc10/submit-review HTTP/1.1" 200 OK
INFO:     127.0.0.1:51230 - "POST /api/v1/content-versions/706b6f42-45b7-4f7f-afc1-0e7db28acc10/submit-review HTTP/1.1" 200 OK
INFO:     127.0.0.1:51230 - "GET /api/v1/content-tasks/91465904-8eac-4c7f-869c-7233640ed78a/editor-context HTTP/1.1" 200 OK
INFO:     127.0.0.1:51230 - "GET /api/v1/content-tasks/91465904-8eac-4c7f-869c-7233640ed78a/detail HTTP/1.1" 200 OK
INFO:     127.0.0.1:51231 - "GET /api/v1/auth/me HTTP/1.1" 200 OK
INFO:     127.0.0.1:51231 - "GET /api/v1/auth/csrf HTTP/1.1" 200 OK
INFO:     127.0.0.1:51230 - "GET /api/v1/content-tasks/91465904-8eac-4c7f-869c-7233640ed78a/review-context HTTP/1.1" 200 OK
INFO:     127.0.0.1:51232 - "OPTIONS /api/v1/content-versions/706b6f42-45b7-4f7f-afc1-0e7db28acc10/approve HTTP/1.1" 200 OK
INFO:     127.0.0.1:51230 - "POST /api/v1/content-versions/706b6f42-45b7-4f7f-afc1-0e7db28acc10/approve HTTP/1.1" 200 OK
INFO:     127.0.0.1:51230 - "GET /api/v1/content-tasks/91465904-8eac-4c7f-869c-7233640ed78a/review-context HTTP/1.1" 200 OK
INFO:     127.0.0.1:51231 - "GET /api/v1/auth/me HTTP/1.1" 200 OK
INFO:     127.0.0.1:51231 - "GET /api/v1/auth/csrf HTTP/1.1" 200 OK
INFO:     127.0.0.1:51230 - "GET /api/v1/content-tasks/91465904-8eac-4c7f-869c-7233640ed78a/detail HTTP/1.1" 200 OK
INFO:     127.0.0.1:51231 - "GET /api/v1/auth/me HTTP/1.1" 200 OK
INFO:     127.0.0.1:51230 - "GET /api/v1/publication-works/2a0cad90-ca57-4564-abe2-2bc8ed923e17/workspace-context HTTP/1.1" 200 OK
INFO:     127.0.0.1:51231 - "GET /api/v1/auth/csrf HTTP/1.1" 200 OK
INFO:     127.0.0.1:51232 - "OPTIONS /api/v1/publication-works/2a0cad90-ca57-4564-abe2-2bc8ed923e17/content-version HTTP/1.1" 200 OK
INFO:     127.0.0.1:51231 - "POST /api/v1/publication-works/2a0cad90-ca57-4564-abe2-2bc8ed923e17/content-version HTTP/1.1" 200 OK
INFO:     127.0.0.1:51231 - "GET /api/v1/publication-works/2a0cad90-ca57-4564-abe2-2bc8ed923e17/workspace-context HTTP/1.1" 200 OK
INFO:     127.0.0.1:51231 - "PUT /api/v1/publication-works/2a0cad90-ca57-4564-abe2-2bc8ed923e17/result HTTP/1.1" 200 OK
INFO:     127.0.0.1:51231 - "GET /api/v1/publication-works/2a0cad90-ca57-4564-abe2-2bc8ed923e17/workspace-context HTTP/1.1" 200 OK
INFO:     127.0.0.1:51231 - "POST /api/v1/publication-works/2a0cad90-ca57-4564-abe2-2bc8ed923e17/verifications HTTP/1.1" 200 OK
INFO:     127.0.0.1:51231 - "GET /api/v1/publication-works/2a0cad90-ca57-4564-abe2-2bc8ed923e17/workspace-context HTTP/1.1" 200 OK
INFO:     127.0.0.1:51175 - "GET /api/v1/publication-works/2a0cad90-ca57-4564-abe2-2bc8ed923e17/workspace-context HTTP/1.1" 200 OK
INFO:     127.0.0.1:51175 - "GET /api/v1/content-tasks/91465904-8eac-4c7f-869c-7233640ed78a/detail HTTP/1.1" 200 OK
INFO:     127.0.0.1:51175 - "GET /api/v1/published-articles/2a0cad90-ca57-4564-abe2-2bc8ed923e17 HTTP/1.1" 200 OK
  ✓   9 [foundation-desktop] › tests/e2e/publication-workspace-real-stack.spec.ts:407:1 › Flow B：失败核验经内容修订审批、换版和重登记后完成发布 (3.4s)
INFO:     127.0.0.1:51175 - "POST /api/v1/auth/login HTTP/1.1" 200 OK
INFO:     127.0.0.1:51175 - "POST /api/v1/platform-types HTTP/1.1" 201 Created
INFO:     127.0.0.1:51175 - "POST /api/v1/platform-profiles HTTP/1.1" 201 Created
INFO:     127.0.0.1:51175 - "POST /api/v1/platform-accounts HTTP/1.1" 201 Created
INFO:     127.0.0.1:51175 - "POST /api/v1/platform-accounts HTTP/1.1" 201 Created
INFO:     127.0.0.1:51175 - "POST /api/v1/products HTTP/1.1" 201 Created
INFO:     127.0.0.1:51175 - "GET /api/v1/products/2eba64cb-1503-46b7-a359-388e1e177fd4/facts HTTP/1.1" 200 OK
INFO:     127.0.0.1:51175 - "PUT /api/v1/products/2eba64cb-1503-46b7-a359-388e1e177fd4/facts HTTP/1.1" 200 OK
INFO:     127.0.0.1:51175 - "POST /api/v1/products/2eba64cb-1503-46b7-a359-388e1e177fd4/fact-review-submissions HTTP/1.1" 201 Created
INFO:     127.0.0.1:51175 - "POST /api/v1/fact-versions/ff955aad-1aa8-4f77-8f5a-36987ecaf4a3/approve HTTP/1.1" 200 OK
INFO:     127.0.0.1:51175 - "POST /api/v1/content-tasks HTTP/1.1" 201 Created
INFO:     127.0.0.1:51175 - "POST /api/v1/content-tasks/33009ded-2939-44ad-a741-a2a2fc760c07/manual-versions HTTP/1.1" 201 Created
INFO:     127.0.0.1:51175 - "POST /api/v1/content-versions/da4f6b32-b324-4435-8f16-96d1aa0a438a/submit-review HTTP/1.1" 200 OK
INFO:     127.0.0.1:51175 - "POST /api/v1/content-versions/da4f6b32-b324-4435-8f16-96d1aa0a438a/approve HTTP/1.1" 200 OK
INFO:     127.0.0.1:51175 - "POST /api/v1/publication-works HTTP/1.1" 201 Created
INFO:     127.0.0.1:51175 - "PUT /api/v1/publication-works/b9798cd9-ef52-4134-89cf-45db856cac9f/result HTTP/1.1" 200 OK
INFO:     127.0.0.1:51175 - "POST /api/v1/publication-works/b9798cd9-ef52-4134-89cf-45db856cac9f/verifications HTTP/1.1" 200 OK
INFO:     127.0.0.1:51240 - "GET /api/v1/auth/me HTTP/1.1" 200 OK
INFO:     127.0.0.1:51239 - "GET /api/v1/published-articles?page=1&page_size=20&search=b5edba6f&sort=VERIFIED_DESC HTTP/1.1" 200 OK
INFO:     127.0.0.1:51239 - "GET /api/v1/auth/csrf HTTP/1.1" 200 OK
INFO:     127.0.0.1:51239 - "GET /api/v1/published-articles/b9798cd9-ef52-4134-89cf-45db856cac9f HTTP/1.1" 200 OK
INFO:     127.0.0.1:51240 - "GET /api/v1/auth/me HTTP/1.1" 200 OK
INFO:     127.0.0.1:51240 - "GET /api/v1/auth/csrf HTTP/1.1" 200 OK
  ✓  10 [foundation-desktop] › tests/e2e/publication-workspace-real-stack.spec.ts:551:1 › Published Article：真实栈列表进入单请求只读详情 (610ms)

  10 passed (50.2s)

> partsignal-frontend@0.1.0 e2e
> playwright test


Running 52 tests using 1 worker

(node:66700) Warning: The 'NO_COLOR' env is ignored due to the 'FORCE_COLOR' env being set.
(Use `node --trace-warnings ...` to show where the warning was created)
INFO:     127.0.0.1:51249 - "GET /api/v1/auth/me HTTP/1.1" 204 No Content
INFO:     127.0.0.1:51251 - "POST /api/v1/auth/login HTTP/1.1" 200 OK
INFO:     127.0.0.1:51253 - "GET /api/v1/auth/me HTTP/1.1" 200 OK
INFO:     127.0.0.1:51255 - "GET /api/v1/auth/csrf HTTP/1.1" 200 OK
INFO:     127.0.0.1:51261 - "GET /api/v1/auth/csrf HTTP/1.1" 200 OK
INFO:     127.0.0.1:51264 - "GET /api/v1/content-tasks HTTP/1.1" 200 OK
INFO:     127.0.0.1:51267 - "POST /api/v1/products HTTP/1.1" 201 Created
INFO:     127.0.0.1:51270 - "PUT /api/v1/products/16bba9b2-2e5d-4287-924e-489382741cc0/facts HTTP/1.1" 200 OK
INFO:     127.0.0.1:51273 - "POST /api/v1/products/16bba9b2-2e5d-4287-924e-489382741cc0/fact-review-submissions HTTP/1.1" 201 Created
INFO:     127.0.0.1:51276 - "POST /api/v1/fact-versions/e714ca42-4590-47e2-b82a-86820256c08b/approve HTTP/1.1" 200 OK
INFO:     127.0.0.1:51279 - "POST /api/v1/platform-types HTTP/1.1" 201 Created
INFO:     127.0.0.1:51282 - "POST /api/v1/platform-prompts HTTP/1.1" 201 Created
INFO:     127.0.0.1:51285 - "POST /api/v1/platform-profiles HTTP/1.1" 201 Created
INFO:     127.0.0.1:51288 - "POST /api/v1/content-tasks HTTP/1.1" 201 Created
INFO:     127.0.0.1:51291 - "POST /api/v1/ai-channels HTTP/1.1" 201 Created
INFO:     127.0.0.1:51294 - "POST /api/v1/ai-channels/1109e059-e263-4293-a6d4-f0c6c71884d1/headers HTTP/1.1" 201 Created
INFO:     127.0.0.1:51297 - "GET /api/v1/dashboard/summary HTTP/1.1" 200 OK
INFO:     127.0.0.1:51298 - "GET /api/v1/geo-metrics HTTP/1.1" 200 OK
INFO:     127.0.0.1:51301 - "POST /api/v1/ai-channels/1109e059-e263-4293-a6d4-f0c6c71884d1/headers HTTP/1.1" 201 Created
INFO:     127.0.0.1:51303 - "GET /api/v1/products?page=1&page_size=100 HTTP/1.1" 200 OK
INFO:     127.0.0.1:51309 - "POST /api/v1/ai-channels/1109e059-e263-4293-a6d4-f0c6c71884d1/models HTTP/1.1" 201 Created
INFO:     127.0.0.1:51313 - "POST /v1/chat/completions HTTP/1.1" 200 OK
INFO:     127.0.0.1:51312 - "POST /api/v1/ai-models/6c5ef742-a993-4c25-aabb-850cd9a10e0b/test HTTP/1.1" 200 OK
INFO:     127.0.0.1:51316 - "POST /api/v1/ai-models/6c5ef742-a993-4c25-aabb-850cd9a10e0b/enable HTTP/1.1" 200 OK
INFO:     127.0.0.1:51319 - "POST /api/v1/ai-channels/1109e059-e263-4293-a6d4-f0c6c71884d1/enable HTTP/1.1" 200 OK
INFO:     127.0.0.1:51322 - "POST /api/v1/content-tasks/1d7456c3-32cd-4d2b-859c-cbeb55da88dd/generation-jobs HTTP/1.1" 202 Accepted
INFO:     127.0.0.1:51326 - "POST /v1/chat/completions HTTP/1.1" 200 OK
INFO:     127.0.0.1:51325 - "GET /api/v1/generation-jobs/d7d7bede-ae9a-46aa-9eed-198ee8836556 HTTP/1.1" 200 OK
INFO:     127.0.0.1:51329 - "GET /api/v1/generation-jobs/d7d7bede-ae9a-46aa-9eed-198ee8836556 HTTP/1.1" 200 OK
INFO:     127.0.0.1:51332 - "GET /api/v1/generation-jobs/d7d7bede-ae9a-46aa-9eed-198ee8836556 HTTP/1.1" 200 OK
INFO:     127.0.0.1:51335 - "POST /api/v1/content-versions/2dd4bf4a-47dc-4388-acb2-614fe8c8d2f7/revisions HTTP/1.1" 201 Created
INFO:     127.0.0.1:51338 - "POST /api/v1/content-versions/ec413b17-f012-4551-9a48-7d56f8dcfaa0/submit-review HTTP/1.1" 200 OK
INFO:     127.0.0.1:51341 - "POST /api/v1/content-versions/ec413b17-f012-4551-9a48-7d56f8dcfaa0/approve HTTP/1.1" 200 OK
INFO:     127.0.0.1:51344 - "POST /api/v1/platform-accounts HTTP/1.1" 201 Created
INFO:     127.0.0.1:51347 - "POST /api/v1/files/upload-intents HTTP/1.1" 201 Created
INFO:     127.0.0.1:51348 - "PUT /objects/test/operation_screenshot/2026/08/22ff62ef-3bd2-47d8-bec0-745bb061463f.png?operation=upload&expires=1786523726&signature=7f06816c603c836eb5972548467ea886c0449b72f35a9ee63ab8e6e46645d809 HTTP/1.1" 204 No Content
INFO:     127.0.0.1:51352 - "HEAD /objects/test/operation_screenshot/2026/08/22ff62ef-3bd2-47d8-bec0-745bb061463f.png?operation=head&expires=1786523186&signature=2461f17488bd1e73266016b2876c86447a6aaf6f5a3375d97729de552090a307 HTTP/1.1" 200 OK
INFO:     127.0.0.1:51351 - "POST /api/v1/files/22ff62ef-3bd2-47d8-bec0-745bb061463f/complete HTTP/1.1" 200 OK
INFO:     127.0.0.1:51355 - "POST /api/v1/publication-works HTTP/1.1" 201 Created
INFO:     127.0.0.1:51358 - "POST /api/v1/publication-works/ef5db8c2-77e6-4d29-a90d-b21ce8084162/platform-review HTTP/1.1" 200 OK
INFO:     127.0.0.1:51361 - "PUT /api/v1/publication-works/ef5db8c2-77e6-4d29-a90d-b21ce8084162/result HTTP/1.1" 200 OK
INFO:     127.0.0.1:51364 - "POST /api/v1/publication-works/ef5db8c2-77e6-4d29-a90d-b21ce8084162/verifications HTTP/1.1" 200 OK
INFO:     127.0.0.1:51367 - "POST /api/v1/query-topics HTTP/1.1" 201 Created
INFO:     127.0.0.1:51370 - "GET /api/v1/geo-observation-publications?product_id=16bba9b2-2e5d-4287-924e-489382741cc0 HTTP/1.1" 200 OK
INFO:     127.0.0.1:51373 - "POST /api/v1/geo-observations HTTP/1.1" 201 Created
INFO:     127.0.0.1:51376 - "POST /api/v1/geo-observations HTTP/1.1" 201 Created
INFO:     127.0.0.1:51379 - "POST /api/v1/geo-observations HTTP/1.1" 201 Created
INFO:     127.0.0.1:51382 - "POST /api/v1/published-articles/ef5db8c2-77e6-4d29-a90d-b21ce8084162/issues HTTP/1.1" 201 Created
INFO:     127.0.0.1:51385 - "POST /api/v1/published-content-issues/58d3e486-6f1b-4dfe-b2e5-18c963deb3c8/resolve HTTP/1.1" 200 OK
INFO:     127.0.0.1:51388 - "GET /api/v1/content-tasks HTTP/1.1" 200 OK
INFO:     127.0.0.1:51391 - "GET /api/v1/content-tasks/1d7456c3-32cd-4d2b-859c-cbeb55da88dd/content-versions HTTP/1.1" 200 OK
INFO:     127.0.0.1:51394 - "GET /api/v1/content-tasks/1d7456c3-32cd-4d2b-859c-cbeb55da88dd/generation-jobs HTTP/1.1" 200 OK
INFO:     127.0.0.1:51397 - "GET /api/v1/geo-observation-publications?product_id=16bba9b2-2e5d-4287-924e-489382741cc0 HTTP/1.1" 200 OK
INFO:     127.0.0.1:51400 - "GET /api/v1/geo-observations?product_id=16bba9b2-2e5d-4287-924e-489382741cc0&page_size=100 HTTP/1.1" 200 OK
INFO:     127.0.0.1:51403 - "GET /api/v1/ai-channels?q=%E5%85%B1%E4%BA%AB%E8%A7%86%E8%A7%89%E6%B8%A0%E9%81%93%2022441ddb&page=1&page_size=50 HTTP/1.1" 200 OK
INFO:     127.0.0.1:51406 - "GET /api/v1/published-content-issues?status=RESOLVED&page=1&page_size=100 HTTP/1.1" 200 OK
INFO:     127.0.0.1:51409 - "GET /api/v1/ai-channels/1109e059-e263-4293-a6d4-f0c6c71884d1 HTTP/1.1" 200 OK
INFO:     127.0.0.1:51412 - "GET /api/v1/ai-channels/1109e059-e263-4293-a6d4-f0c6c71884d1/models HTTP/1.1" 200 OK
INFO:     127.0.0.1:51415 - "GET /api/v1/ai-channels/1109e059-e263-4293-a6d4-f0c6c71884d1/audit-logs?page=1&page_size=20 HTTP/1.1" 200 OK
INFO:     127.0.0.1:51418 - "GET /api/v1/geo-insights?published_article_id=ef5db8c2-77e6-4d29-a90d-b21ce8084162 HTTP/1.1" 200 OK
  ✓   1 [setup] › tests/e2e/shared-data.setup.ts:62:1 › 准备共享视觉验收数据 (1.6s)
(node:66715) Warning: The 'NO_COLOR' env is ignored due to the 'FORCE_COLOR' env being set.
(Use `node --trace-warnings ...` to show where the warning was created)
  ✓   2 [trusted-types-firefox] › tests/e2e/compatibility.spec.ts:54:1 › 登录装饰、主题单选和 backdrop 在支持与降级路径均保持可用 (680ms)
  ✓   3 [trusted-types-firefox] › tests/e2e/compatibility.spec.ts:86:1 › 显式组件类保留长标签、横向滚动和 Modal 焦点回收 (2.6s)
  ✓   4 [trusted-types-firefox] › tests/e2e/compatibility.spec.ts:153:1 › 打印路由由显式壳层类控制且保持可读宽度 (1.1s)
  ✓   5 [trusted-types-firefox] › tests/e2e/trusted-types.spec.ts:18:1 › 注入权威完整 CSP 后命名策略支持 Ant 交互并清洗 Markdown (1.5s)
  ✓   6 [trusted-types-firefox] › tests/e2e/trusted-types.spec.ts:120:1 › 登录和改密入口保持可访问且不加载工作台资源 (1.1s)
(node:66730) Warning: The 'NO_COLOR' env is ignored due to the 'FORCE_COLOR' env being set.
(Use `node --trace-warnings ...` to show where the warning was created)
  ✓   7 [trusted-types-webkit] › tests/e2e/compatibility.spec.ts:54:1 › 登录装饰、主题单选和 backdrop 在支持与降级路径均保持可用 (947ms)
  ✓   8 [trusted-types-webkit] › tests/e2e/compatibility.spec.ts:86:1 › 显式组件类保留长标签、横向滚动和 Modal 焦点回收 (2.1s)
  ✓   9 [trusted-types-webkit] › tests/e2e/compatibility.spec.ts:153:1 › 打印路由由显式壳层类控制且保持可读宽度 (693ms)
  ✓  10 [trusted-types-webkit] › tests/e2e/trusted-types.spec.ts:18:1 › 注入权威完整 CSP 后命名策略支持 Ant 交互并清洗 Markdown (1.6s)
  ✓  11 [trusted-types-webkit] › tests/e2e/trusted-types.spec.ts:120:1 › 登录和改密入口保持可访问且不加载工作台资源 (695ms)
(node:66748) Warning: The 'NO_COLOR' env is ignored due to the 'FORCE_COLOR' env being set.
(Use `node --trace-warnings ...` to show where the warning was created)
  ✓  12 [compatibility-firefox-no-backdrop] › tests/e2e/compatibility.spec.ts:54:1 › 登录装饰、主题单选和 backdrop 在支持与降级路径均保持可用 (665ms)
(node:66756) Warning: The 'NO_COLOR' env is ignored due to the 'FORCE_COLOR' env being set.
(Use `node --trace-warnings ...` to show where the warning was created)
INFO:     127.0.0.1:51508 - "GET /api/v1/auth/me HTTP/1.1" 204 No Content
INFO:     127.0.0.1:51510 - "POST /api/v1/auth/login HTTP/1.1" 200 OK
INFO:     127.0.0.1:51512 - "GET /api/v1/auth/me HTTP/1.1" 200 OK
INFO:     127.0.0.1:51514 - "GET /api/v1/auth/csrf HTTP/1.1" 200 OK
INFO:     127.0.0.1:51520 - "GET /api/v1/auth/csrf HTTP/1.1" 200 OK
INFO:     127.0.0.1:51523 - "POST /api/v1/ai-channels HTTP/1.1" 201 Created
INFO:     127.0.0.1:51526 - "POST /api/v1/ai-channels HTTP/1.1" 201 Created
INFO:     127.0.0.1:51529 - "POST /api/v1/ai-channels HTTP/1.1" 201 Created
INFO:     127.0.0.1:51532 - "POST /api/v1/ai-channels/da8e5203-ff75-46b7-8b91-b4f6f0abc754/headers HTTP/1.1" 201 Created
INFO:     127.0.0.1:51535 - "POST /api/v1/ai-channels/da8e5203-ff75-46b7-8b91-b4f6f0abc754/headers HTTP/1.1" 201 Created
INFO:     127.0.0.1:51538 - "POST /api/v1/ai-channels/da8e5203-ff75-46b7-8b91-b4f6f0abc754/models HTTP/1.1" 201 Created
INFO:     127.0.0.1:51542 - "POST /v1/chat/completions HTTP/1.1" 200 OK
INFO:     127.0.0.1:51541 - "POST /api/v1/ai-models/0176f67e-a872-4cd1-82a4-271462155944/test HTTP/1.1" 200 OK
INFO:     127.0.0.1:51545 - "POST /api/v1/ai-models/0176f67e-a872-4cd1-82a4-271462155944/enable HTTP/1.1" 200 OK
INFO:     127.0.0.1:51548 - "POST /api/v1/ai-channels/da8e5203-ff75-46b7-8b91-b4f6f0abc754/enable HTTP/1.1" 200 OK
INFO:     127.0.0.1:51551 - "POST /api/v1/ai-channels HTTP/1.1" 201 Created
INFO:     127.0.0.1:51554 - "POST /api/v1/ai-channels/0be51a29-6599-4a36-8564-3dec97870b56/headers HTTP/1.1" 201 Created
INFO:     127.0.0.1:51557 - "POST /api/v1/ai-channels/0be51a29-6599-4a36-8564-3dec97870b56/headers HTTP/1.1" 201 Created
INFO:     127.0.0.1:51560 - "POST /api/v1/ai-channels/0be51a29-6599-4a36-8564-3dec97870b56/models HTTP/1.1" 201 Created
INFO:     127.0.0.1:51564 - "POST /v1/chat/completions HTTP/1.1" 200 OK
INFO:     127.0.0.1:51563 - "POST /api/v1/ai-models/f6c3f748-b0f9-4f9d-8f2d-9fa4d4a00558/test HTTP/1.1" 200 OK
INFO:     127.0.0.1:51567 - "POST /api/v1/ai-models/f6c3f748-b0f9-4f9d-8f2d-9fa4d4a00558/enable HTTP/1.1" 200 OK
INFO:     127.0.0.1:51570 - "POST /api/v1/ai-channels/0be51a29-6599-4a36-8564-3dec97870b56/enable HTTP/1.1" 200 OK
INFO:     127.0.0.1:51573 - "POST /api/v1/ai-channels HTTP/1.1" 201 Created
INFO:     127.0.0.1:51576 - "POST /api/v1/ai-channels/eb259e99-6fad-4c28-829b-4a3075687b78/headers HTTP/1.1" 201 Created
INFO:     127.0.0.1:51580 - "GET /api/v1/dashboard/summary HTTP/1.1" 200 OK
INFO:     127.0.0.1:51581 - "GET /api/v1/geo-metrics HTTP/1.1" 200 OK
INFO:     127.0.0.1:51583 - "POST /api/v1/ai-channels/eb259e99-6fad-4c28-829b-4a3075687b78/headers HTTP/1.1" 201 Created
INFO:     127.0.0.1:51585 - "GET /api/v1/products?page=1&page_size=100 HTTP/1.1" 200 OK
INFO:     127.0.0.1:51589 - "POST /api/v1/ai-channels/eb259e99-6fad-4c28-829b-4a3075687b78/models HTTP/1.1" 201 Created
INFO:     127.0.0.1:51593 - "POST /v1/chat/completions HTTP/1.1" 200 OK
INFO:     127.0.0.1:51592 - "POST /api/v1/ai-models/c205a204-bb82-4a63-8901-1b5424fa5dc6/test HTTP/1.1" 200 OK
INFO:     127.0.0.1:51596 - "POST /api/v1/ai-models/c205a204-bb82-4a63-8901-1b5424fa5dc6/enable HTTP/1.1" 200 OK
INFO:     127.0.0.1:51599 - "POST /api/v1/ai-channels/eb259e99-6fad-4c28-829b-4a3075687b78/enable HTTP/1.1" 200 OK
INFO:     127.0.0.1:51605 - "GET /api/v1/auth/me HTTP/1.1" 200 OK
INFO:     127.0.0.1:51607 - "GET /api/v1/auth/csrf HTTP/1.1" 200 OK
INFO:     127.0.0.1:51611 - "GET /api/v1/ai-channels?page=1&page_size=20&sort=CREATED_DESC HTTP/1.1" 200 OK
INFO:     127.0.0.1:51615 - "GET /api/v1/dashboard/summary HTTP/1.1" 200 OK
INFO:     127.0.0.1:51617 - "GET /api/v1/products?page=1&page_size=100 HTTP/1.1" 200 OK
INFO:     127.0.0.1:51616 - "GET /api/v1/geo-metrics HTTP/1.1" 200 OK
INFO:     127.0.0.1:51623 - "GET /api/v1/ai-channels/eb259e99-6fad-4c28-829b-4a3075687b78/models HTTP/1.1" 200 OK
INFO:     127.0.0.1:51620 - "GET /api/v1/ai-channels/eb259e99-6fad-4c28-829b-4a3075687b78 HTTP/1.1" 200 OK
INFO:     127.0.0.1:51624 - "GET /api/v1/users?page=1&page_size=100 HTTP/1.1" 200 OK
INFO:     127.0.0.1:51627 - "POST /api/v1/ai-channels HTTP/1.1" 201 Created
INFO:     127.0.0.1:51630 - "GET /api/v1/ai-channels?page=1&page_size=20&sort=CREATED_DESC HTTP/1.1" 200 OK
INFO:     127.0.0.1:51636 - "GET /api/v1/ai-channels/4247672b-f439-4375-9058-420ed9696f34 HTTP/1.1" 200 OK
INFO:     127.0.0.1:51635 - "GET /api/v1/ai-channels/4247672b-f439-4375-9058-420ed9696f34/models HTTP/1.1" 200 OK
INFO:     127.0.0.1:51639 - "PATCH /api/v1/ai-channels/4247672b-f439-4375-9058-420ed9696f34 HTTP/1.1" 200 OK
INFO:     127.0.0.1:51645 - "GET /api/v1/ai-channels/4247672b-f439-4375-9058-420ed9696f34 HTTP/1.1" 200 OK
INFO:     127.0.0.1:51648 - "GET /api/v1/ai-channels/4247672b-f439-4375-9058-420ed9696f34/models HTTP/1.1" 200 OK
INFO:     127.0.0.1:51647 - "GET /api/v1/ai-channels?page=1&page_size=20&sort=CREATED_DESC HTTP/1.1" 200 OK
INFO:     127.0.0.1:51651 - "PUT /api/v1/ai-channels/4247672b-f439-4375-9058-420ed9696f34/api-key HTTP/1.1" 200 OK
INFO:     127.0.0.1:51657 - "GET /api/v1/ai-channels/4247672b-f439-4375-9058-420ed9696f34 HTTP/1.1" 200 OK
INFO:     127.0.0.1:51660 - "GET /api/v1/ai-channels/4247672b-f439-4375-9058-420ed9696f34/models HTTP/1.1" 200 OK
INFO:     127.0.0.1:51659 - "GET /api/v1/ai-channels?page=1&page_size=20&sort=CREATED_DESC HTTP/1.1" 200 OK
INFO:     127.0.0.1:51663 - "POST /api/v1/ai-channels/4247672b-f439-4375-9058-420ed9696f34/headers HTTP/1.1" 201 Created
INFO:     127.0.0.1:51671 - "GET /api/v1/ai-channels/4247672b-f439-4375-9058-420ed9696f34/models HTTP/1.1" 200 OK
INFO:     127.0.0.1:51668 - "GET /api/v1/ai-channels/4247672b-f439-4375-9058-420ed9696f34 HTTP/1.1" 200 OK
INFO:     127.0.0.1:51672 - "GET /api/v1/ai-channels?page=1&page_size=20&sort=CREATED_DESC HTTP/1.1" 200 OK
INFO:     127.0.0.1:51675 - "POST /api/v1/ai-channels/4247672b-f439-4375-9058-420ed9696f34/headers HTTP/1.1" 201 Created
INFO:     127.0.0.1:51680 - "GET /api/v1/ai-channels/4247672b-f439-4375-9058-420ed9696f34 HTTP/1.1" 200 OK
INFO:     127.0.0.1:51684 - "GET /api/v1/ai-channels?page=1&page_size=20&sort=CREATED_DESC HTTP/1.1" 200 OK
INFO:     127.0.0.1:51683 - "GET /api/v1/ai-channels/4247672b-f439-4375-9058-420ed9696f34/models HTTP/1.1" 200 OK
INFO:     127.0.0.1:51688 - "GET /v1/models HTTP/1.1" 200 OK
INFO:     127.0.0.1:51687 - "POST /api/v1/ai-channels/4247672b-f439-4375-9058-420ed9696f34/discover-models HTTP/1.1" 200 OK
INFO:     127.0.0.1:51691 - "POST /api/v1/ai-channels/4247672b-f439-4375-9058-420ed9696f34/models HTTP/1.1" 201 Created
INFO:     127.0.0.1:51699 - "GET /api/v1/ai-channels?page=1&page_size=20&sort=CREATED_DESC HTTP/1.1" 200 OK
INFO:     127.0.0.1:51700 - "GET /api/v1/ai-channels/4247672b-f439-4375-9058-420ed9696f34/models HTTP/1.1" 200 OK
INFO:     127.0.0.1:51696 - "GET /api/v1/ai-channels/4247672b-f439-4375-9058-420ed9696f34 HTTP/1.1" 200 OK
INFO:     127.0.0.1:51704 - "POST /v1/chat/completions HTTP/1.1" 200 OK
INFO:     127.0.0.1:51703 - "POST /api/v1/ai-models/07436b71-9b65-45b1-bef2-c9bdf419e009/test HTTP/1.1" 200 OK
INFO:     127.0.0.1:51711 - "GET /api/v1/ai-channels/4247672b-f439-4375-9058-420ed9696f34 HTTP/1.1" 200 OK
INFO:     127.0.0.1:51712 - "GET /api/v1/ai-channels?page=1&page_size=20&sort=CREATED_DESC HTTP/1.1" 200 OK
INFO:     127.0.0.1:51713 - "GET /api/v1/ai-channels/4247672b-f439-4375-9058-420ed9696f34/models HTTP/1.1" 200 OK
INFO:     127.0.0.1:51716 - "POST /api/v1/ai-models/07436b71-9b65-45b1-bef2-c9bdf419e009/enable HTTP/1.1" 200 OK
INFO:     127.0.0.1:51724 - "GET /api/v1/ai-channels?page=1&page_size=20&sort=CREATED_DESC HTTP/1.1" 200 OK
INFO:     127.0.0.1:51725 - "GET /api/v1/ai-channels/4247672b-f439-4375-9058-420ed9696f34/models HTTP/1.1" 200 OK
INFO:     127.0.0.1:51722 - "GET /api/v1/ai-channels/4247672b-f439-4375-9058-420ed9696f34 HTTP/1.1" 200 OK
INFO:     127.0.0.1:51728 - "POST /api/v1/ai-channels/4247672b-f439-4375-9058-420ed9696f34/enable HTTP/1.1" 200 OK
INFO:     127.0.0.1:51734 - "GET /api/v1/ai-channels?page=1&page_size=20&sort=CREATED_DESC HTTP/1.1" 200 OK
INFO:     127.0.0.1:51733 - "GET /api/v1/ai-channels/4247672b-f439-4375-9058-420ed9696f34 HTTP/1.1" 200 OK
INFO:     127.0.0.1:51737 - "GET /api/v1/ai-channels?page=1&page_size=20&sort=CREATED_DESC&q=%E8%A7%86%E8%A7%8961da657c HTTP/1.1" 200 OK
INFO:     127.0.0.1:51740 - "GET /api/v1/ai-channels?page=1&page_size=20&sort=CREATED_DESC&q=%E8%A7%86%E8%A7%8961da657c&status=ENABLED HTTP/1.1" 200 OK
INFO:     127.0.0.1:51743 - "GET /api/v1/ai-channels?page=1&page_size=20&sort=CREATED_DESC&q=%E8%A7%86%E8%A7%8961da657c&status=ENABLED&provider_brand=OPENAI HTTP/1.1" 200 OK
INFO:     127.0.0.1:51746 - "GET /api/v1/ai-channels?page=1&page_size=20&sort=NAME_ASC&q=%E8%A7%86%E8%A7%8961da657c&status=ENABLED&provider_brand=OPENAI HTTP/1.1" 200 OK
INFO:     127.0.0.1:51749 - "POST /api/v1/ai-channels HTTP/1.1" 201 Created
INFO:     127.0.0.1:51752 - "POST /api/v1/ai-channels HTTP/1.1" 201 Created
INFO:     127.0.0.1:51755 - "POST /api/v1/ai-channels HTTP/1.1" 201 Created
INFO:     127.0.0.1:51758 - "POST /api/v1/ai-channels HTTP/1.1" 201 Created
INFO:     127.0.0.1:51761 - "POST /api/v1/ai-channels HTTP/1.1" 201 Created
INFO:     127.0.0.1:51769 - "GET /api/v1/auth/me HTTP/1.1" 200 OK
INFO:     127.0.0.1:51771 - "GET /api/v1/auth/csrf HTTP/1.1" 200 OK
INFO:     127.0.0.1:51775 - "GET /api/v1/ai-channels?page=1&page_size=10&sort=CREATED_DESC HTTP/1.1" 200 OK
INFO:     127.0.0.1:51782 - "GET /api/v1/products?page=1&page_size=100 HTTP/1.1" 200 OK
INFO:     127.0.0.1:51779 - "GET /api/v1/dashboard/summary HTTP/1.1" 200 OK
INFO:     127.0.0.1:51780 - "GET /api/v1/geo-metrics HTTP/1.1" 200 OK
INFO:     127.0.0.1:51786 - "GET /api/v1/ai-channels/ce0e1950-23ed-4c7e-b7b3-d7df8987c50f HTTP/1.1" 200 OK
INFO:     127.0.0.1:51790 - "GET /api/v1/users?page=1&page_size=100 HTTP/1.1" 200 OK
INFO:     127.0.0.1:51789 - "GET /api/v1/ai-channels/ce0e1950-23ed-4c7e-b7b3-d7df8987c50f/models HTTP/1.1" 200 OK
INFO:     127.0.0.1:51798 - "GET /api/v1/auth/me HTTP/1.1" 200 OK
INFO:     127.0.0.1:51800 - "GET /api/v1/auth/csrf HTTP/1.1" 200 OK
INFO:     127.0.0.1:51808 - "GET /api/v1/ai-channels/4247672b-f439-4375-9058-420ed9696f34/models HTTP/1.1" 200 OK
INFO:     127.0.0.1:51809 - "GET /api/v1/ai-channels/4247672b-f439-4375-9058-420ed9696f34 HTTP/1.1" 200 OK
INFO:     127.0.0.1:51812 - "GET /api/v1/ai-channels?page=1&page_size=20&sort=CREATED_DESC HTTP/1.1" 200 OK
INFO:     127.0.0.1:51810 - "GET /api/v1/users?page=1&page_size=100 HTTP/1.1" 200 OK
INFO:     127.0.0.1:51821 - "GET /api/v1/products?page=1&page_size=100 HTTP/1.1" 200 OK
INFO:     127.0.0.1:51815 - "GET /api/v1/dashboard/summary HTTP/1.1" 200 OK
INFO:     127.0.0.1:51816 - "GET /api/v1/geo-metrics HTTP/1.1" 200 OK
INFO:     127.0.0.1:51824 - "GET /api/v1/ai-channels/4247672b-f439-4375-9058-420ed9696f34/usage-summary?period=30d HTTP/1.1" 200 OK
INFO:     127.0.0.1:51827 - "GET /api/v1/ai-channels/4247672b-f439-4375-9058-420ed9696f34/audit-logs?page=1&page_size=20 HTTP/1.1" 200 OK
INFO:     127.0.0.1:51835 - "GET /api/v1/auth/me HTTP/1.1" 200 OK
INFO:     127.0.0.1:51837 - "GET /api/v1/auth/csrf HTTP/1.1" 200 OK
INFO:     127.0.0.1:51844 - "GET /api/v1/ai-channels/4247672b-f439-4375-9058-420ed9696f34/models HTTP/1.1" 200 OK
INFO:     127.0.0.1:51848 - "GET /api/v1/ai-channels?page=1&page_size=20&sort=CREATED_DESC&q=%E8%A7%86%E8%A7%8961da657c HTTP/1.1" 200 OK
INFO:     127.0.0.1:51843 - "GET /api/v1/ai-channels/4247672b-f439-4375-9058-420ed9696f34 HTTP/1.1" 200 OK
INFO:     127.0.0.1:51847 - "GET /api/v1/users?page=1&page_size=100 HTTP/1.1" 200 OK
INFO:     127.0.0.1:51851 - "GET /api/v1/dashboard/summary HTTP/1.1" 200 OK
INFO:     127.0.0.1:51856 - "GET /api/v1/products?page=1&page_size=100 HTTP/1.1" 200 OK
INFO:     127.0.0.1:51852 - "GET /api/v1/geo-metrics HTTP/1.1" 200 OK
INFO:     127.0.0.1:51860 - "PATCH /api/v1/ai-channels/4247672b-f439-4375-9058-420ed9696f34 HTTP/1.1" 200 OK
INFO:     127.0.0.1:51865 - "GET /api/v1/ai-channels/4247672b-f439-4375-9058-420ed9696f34 HTTP/1.1" 200 OK
INFO:     127.0.0.1:51869 - "GET /api/v1/ai-channels/4247672b-f439-4375-9058-420ed9696f34/models HTTP/1.1" 200 OK
INFO:     127.0.0.1:51868 - "GET /api/v1/ai-channels?page=1&page_size=20&sort=CREATED_DESC&q=%E8%A7%86%E8%A7%8961da657c HTTP/1.1" 200 OK
INFO:     127.0.0.1:51873 - "POST /missing/chat/completions HTTP/1.1" 404 Not Found
INFO:     127.0.0.1:51872 - "POST /api/v1/ai-models/07436b71-9b65-45b1-bef2-c9bdf419e009/test HTTP/1.1" 200 OK
INFO:     127.0.0.1:51880 - "GET /api/v1/ai-channels?page=1&page_size=20&sort=CREATED_DESC&q=%E8%A7%86%E8%A7%8961da657c HTTP/1.1" 200 OK
INFO:     127.0.0.1:51881 - "GET /api/v1/ai-channels/4247672b-f439-4375-9058-420ed9696f34 HTTP/1.1" 200 OK
INFO:     127.0.0.1:51882 - "GET /api/v1/ai-channels/4247672b-f439-4375-9058-420ed9696f34/models HTTP/1.1" 200 OK
INFO:     127.0.0.1:51885 - "DELETE /api/v1/ai-channels/4247672b-f439-4375-9058-420ed9696f34 HTTP/1.1" 204 No Content
INFO:     127.0.0.1:51888 - "GET /api/v1/ai-channels?page=1&page_size=20&sort=CREATED_DESC&q=%E8%A7%86%E8%A7%8961da657c HTTP/1.1" 200 OK
INFO:     127.0.0.1:51892 - "GET /api/v1/ai-channels/eb259e99-6fad-4c28-829b-4a3075687b78 HTTP/1.1" 200 OK
INFO:     127.0.0.1:51894 - "GET /api/v1/ai-channels/eb259e99-6fad-4c28-829b-4a3075687b78/models HTTP/1.1" 200 OK
INFO:     127.0.0.1:51897 - "DELETE /api/v1/ai-channels/e3d43007-9f77-4bdf-b7df-a20c2737217e HTTP/1.1" 204 No Content
INFO:     127.0.0.1:51900 - "DELETE /api/v1/ai-channels/adb1f6bd-0d03-4846-882d-279a47343697 HTTP/1.1" 204 No Content
INFO:     127.0.0.1:51903 - "DELETE /api/v1/ai-channels/da8e5203-ff75-46b7-8b91-b4f6f0abc754 HTTP/1.1" 204 No Content
INFO:     127.0.0.1:51906 - "DELETE /api/v1/ai-channels/0be51a29-6599-4a36-8564-3dec97870b56 HTTP/1.1" 204 No Content
INFO:     127.0.0.1:51909 - "DELETE /api/v1/ai-channels/eb259e99-6fad-4c28-829b-4a3075687b78 HTTP/1.1" 204 No Content
INFO:     127.0.0.1:51912 - "DELETE /api/v1/ai-channels/e81272a6-a2b0-4ed5-a22f-d19e610a3748 HTTP/1.1" 204 No Content
INFO:     127.0.0.1:51915 - "DELETE /api/v1/ai-channels/0caa692b-98ea-4dab-ace0-9ad6d2272b4e HTTP/1.1" 204 No Content
INFO:     127.0.0.1:51918 - "DELETE /api/v1/ai-channels/b3e8ebad-f5b6-4a19-968d-8b4e4cddf119 HTTP/1.1" 204 No Content
INFO:     127.0.0.1:51921 - "DELETE /api/v1/ai-channels/9392091a-0a03-48c7-bdae-6697cecdb220 HTTP/1.1" 204 No Content
INFO:     127.0.0.1:51924 - "DELETE /api/v1/ai-channels/ce0e1950-23ed-4c7e-b7b3-d7df8987c50f HTTP/1.1" 204 No Content
INFO:     127.0.0.1:51927 - "GET /api/v1/auth/csrf HTTP/1.1" 200 OK
  ✓  13 [e2e] › tests/e2e/ai-channel-management.spec.ts:130:1 › 管理员通过三栏页面完成渠道、凭据、Header、模型、测试与删除闭环 (13.7s)
INFO:     127.0.0.1:51936 - "GET /api/v1/auth/me HTTP/1.1" 204 No Content
INFO:     127.0.0.1:51938 - "POST /api/v1/auth/login HTTP/1.1" 200 OK
INFO:     127.0.0.1:51940 - "GET /api/v1/auth/me HTTP/1.1" 200 OK
INFO:     127.0.0.1:51942 - "GET /api/v1/auth/csrf HTTP/1.1" 200 OK
INFO:     127.0.0.1:51948 - "GET /api/v1/auth/csrf HTTP/1.1" 200 OK
INFO:     127.0.0.1:51951 - "POST /api/v1/users HTTP/1.1" 201 Created
INFO:     127.0.0.1:51954 - "POST /api/v1/users/27520535-dc0e-4e1c-98b9-192b31205826/reset-password HTTP/1.1" 204 No Content
INFO:     127.0.0.1:51963 - "GET /api/v1/auth/me HTTP/1.1" 204 No Content
INFO:     127.0.0.1:51966 - "GET /api/v1/dashboard/summary HTTP/1.1" 200 OK
INFO:     127.0.0.1:51967 - "GET /api/v1/geo-metrics HTTP/1.1" 200 OK
INFO:     127.0.0.1:51970 - "GET /api/v1/products?page=1&page_size=100 HTTP/1.1" 200 OK
INFO:     127.0.0.1:51972 - "POST /api/v1/auth/login HTTP/1.1" 200 OK
INFO:     127.0.0.1:51974 - "GET /api/v1/auth/me HTTP/1.1" 200 OK
INFO:     127.0.0.1:51976 - "GET /api/v1/auth/csrf HTTP/1.1" 200 OK
INFO:     127.0.0.1:51978 - "POST /api/v1/auth/change-password HTTP/1.1" 204 No Content
INFO:     127.0.0.1:51980 - "GET /api/v1/auth/me HTTP/1.1" 200 OK
INFO:     127.0.0.1:51988 - "GET /api/v1/auth/me HTTP/1.1" 200 OK
INFO:     127.0.0.1:51990 - "GET /api/v1/auth/csrf HTTP/1.1" 200 OK
INFO:     127.0.0.1:51995 - "GET /api/v1/dashboard/summary HTTP/1.1" 200 OK
INFO:     127.0.0.1:52002 - "GET /api/v1/ai-channels?page=1&page_size=20 HTTP/1.1" 403 Forbidden
INFO:     127.0.0.1:52005 - "GET /api/v1/auth/csrf HTTP/1.1" 200 OK
INFO:     127.0.0.1:51998 - "GET /api/v1/products?page=1&page_size=100 HTTP/1.1" 200 OK
INFO:     127.0.0.1:51996 - "GET /api/v1/geo-metrics HTTP/1.1" 200 OK
INFO:     127.0.0.1:52008 - "POST /api/v1/ai-channels HTTP/1.1" 403 Forbidden
INFO:     127.0.0.1:52011 - "POST /api/v1/ai-models/e4f30ccb-b2ea-4fcf-8e98-ae77ceabdc5b/test HTTP/1.1" 403 Forbidden
INFO:     127.0.0.1:52014 - "GET /api/v1/users HTTP/1.1" 200 OK
INFO:     127.0.0.1:52017 - "PATCH /api/v1/users/27520535-dc0e-4e1c-98b9-192b31205826 HTTP/1.1" 200 OK
INFO:     127.0.0.1:52020 - "GET /api/v1/auth/csrf HTTP/1.1" 200 OK
  ✓  14 [e2e] › tests/e2e/ai-channel-management.spec.ts:564:1 › 普通工程师无法通过直接路由或 API 访问 AI 渠道配置 (2.6s)
  ✓  15 [e2e] › tests/e2e/compatibility.spec.ts:54:1 › 登录装饰、主题单选和 backdrop 在支持与降级路径均保持可用 (336ms)
  ✓  16 [e2e] › tests/e2e/compatibility.spec.ts:86:1 › 显式组件类保留长标签、横向滚动和 Modal 焦点回收 (1.9s)
  ✓  17 [e2e] › tests/e2e/compatibility.spec.ts:153:1 › 打印路由由显式壳层类控制且保持可读宽度 (644ms)
INFO:     127.0.0.1:52050 - "GET /api/v1/auth/me HTTP/1.1" 204 No Content
INFO:     127.0.0.1:52052 - "POST /api/v1/auth/login HTTP/1.1" 200 OK
INFO:     127.0.0.1:52054 - "GET /api/v1/auth/me HTTP/1.1" 200 OK
INFO:     127.0.0.1:52056 - "GET /api/v1/auth/csrf HTTP/1.1" 200 OK
INFO:     127.0.0.1:52062 - "GET /api/v1/auth/me HTTP/1.1" 200 OK
INFO:     127.0.0.1:52065 - "GET /api/v1/content-tasks HTTP/1.1" 200 OK
INFO:     127.0.0.1:52068 - "GET /api/v1/content-tasks/1d7456c3-32cd-4d2b-859c-cbeb55da88dd/content-versions HTTP/1.1" 200 OK
INFO:     127.0.0.1:52071 - "GET /api/v1/content-tasks/1d7456c3-32cd-4d2b-859c-cbeb55da88dd/generation-jobs HTTP/1.1" 200 OK
INFO:     127.0.0.1:52074 - "GET /api/v1/ai-channels?q=%E5%85%B1%E4%BA%AB%E8%A7%86%E8%A7%89%E6%B8%A0%E9%81%93%2022441ddb&page=1&page_size=50 HTTP/1.1" 200 OK
INFO:     127.0.0.1:52078 - "GET /api/v1/auth/me HTTP/1.1" 200 OK
INFO:     127.0.0.1:52080 - "GET /api/v1/auth/csrf HTTP/1.1" 200 OK
INFO:     127.0.0.1:52083 - "GET /api/v1/dashboard/summary HTTP/1.1" 200 OK
INFO:     127.0.0.1:52085 - "GET /api/v1/geo-metrics HTTP/1.1" 200 OK
INFO:     127.0.0.1:52093 - "GET /api/v1/auth/me HTTP/1.1" 200 OK
INFO:     127.0.0.1:52095 - "GET /api/v1/auth/csrf HTTP/1.1" 200 OK
INFO:     127.0.0.1:52100 - "GET /api/v1/products?page=1&page_size=100 HTTP/1.1" 200 OK
INFO:     127.0.0.1:52103 - "GET /api/v1/dashboard/summary HTTP/1.1" 200 OK
INFO:     127.0.0.1:52110 - "GET /api/v1/auth/me HTTP/1.1" 200 OK
INFO:     127.0.0.1:52112 - "GET /api/v1/auth/csrf HTTP/1.1" 200 OK
INFO:     127.0.0.1:52116 - "GET /api/v1/content-tasks?archive_status=ACTIVE HTTP/1.1" 200 OK
INFO:     127.0.0.1:52122 - "GET /api/v1/products?page=1&page_size=100 HTTP/1.1" 200 OK
INFO:     127.0.0.1:52121 - "GET /api/v1/dashboard/summary HTTP/1.1" 200 OK
INFO:     127.0.0.1:52119 - "GET /api/v1/geo-metrics HTTP/1.1" 200 OK
INFO:     127.0.0.1:52129 - "GET /api/v1/auth/me HTTP/1.1" 200 OK
INFO:     127.0.0.1:52131 - "GET /api/v1/auth/csrf HTTP/1.1" 200 OK
INFO:     127.0.0.1:52137 - "GET /api/v1/publication-ready-items HTTP/1.1" 200 OK
INFO:     127.0.0.1:52140 - "GET /api/v1/published-content-issues?page=1&page_size=20&status=OPEN HTTP/1.1" 200 OK
INFO:     127.0.0.1:52135 - "GET /api/v1/publication-workbench-summary HTTP/1.1" 200 OK
INFO:     127.0.0.1:52141 - "GET /api/v1/publication-works?page=1&page_size=20 HTTP/1.1" 200 OK
INFO:     127.0.0.1:52144 - "GET /api/v1/dashboard/summary HTTP/1.1" 200 OK
INFO:     127.0.0.1:52156 - "GET /api/v1/auth/me HTTP/1.1" 200 OK
INFO:     127.0.0.1:52158 - "GET /api/v1/auth/csrf HTTP/1.1" 200 OK
INFO:     127.0.0.1:52168 - "GET /api/v1/publication-ready-items HTTP/1.1" 200 OK
INFO:     127.0.0.1:52170 - "GET /api/v1/published-content-issues?page=1&page_size=20&status=OPEN HTTP/1.1" 200 OK
INFO:     127.0.0.1:52167 - "GET /api/v1/publication-works?page=1&page_size=20 HTTP/1.1" 200 OK
INFO:     127.0.0.1:52164 - "GET /api/v1/publication-workbench-summary HTTP/1.1" 200 OK
INFO:     127.0.0.1:52173 - "GET /api/v1/geo-metrics HTTP/1.1" 200 OK
INFO:     127.0.0.1:52185 - "GET /api/v1/auth/me HTTP/1.1" 200 OK
INFO:     127.0.0.1:52187 - "GET /api/v1/auth/csrf HTTP/1.1" 200 OK
INFO:     127.0.0.1:52197 - "GET /api/v1/publication-ready-items HTTP/1.1" 200 OK
INFO:     127.0.0.1:52194 - "GET /api/v1/publication-workbench-summary HTTP/1.1" 200 OK
INFO:     127.0.0.1:52199 - "GET /api/v1/published-content-issues?page=1&page_size=20&status=OPEN HTTP/1.1" 200 OK
INFO:     127.0.0.1:52195 - "GET /api/v1/publication-works?page=1&page_size=20&status=ACTION_REQUIRED HTTP/1.1" 200 OK
INFO:     127.0.0.1:52215 - "GET /api/v1/auth/me HTTP/1.1" 200 OK
INFO:     127.0.0.1:52217 - "GET /api/v1/auth/csrf HTTP/1.1" 200 OK
INFO:     127.0.0.1:52222 - "GET /api/v1/published-articles?page=1&page_size=20 HTTP/1.1" 200 OK
INFO:     127.0.0.1:52234 - "GET /api/v1/auth/me HTTP/1.1" 200 OK
INFO:     127.0.0.1:52236 - "GET /api/v1/auth/csrf HTTP/1.1" 200 OK
INFO:     127.0.0.1:52241 - "GET /api/v1/published-content-issues?page=1&page_size=20&status=RESOLVED HTTP/1.1" 200 OK
INFO:     127.0.0.1:52247 - "GET /api/v1/products?page=1&page_size=100 HTTP/1.1" 200 OK
INFO:     127.0.0.1:52246 - "GET /api/v1/geo-metrics HTTP/1.1" 200 OK
INFO:     127.0.0.1:52245 - "GET /api/v1/dashboard/summary HTTP/1.1" 200 OK
INFO:     127.0.0.1:52254 - "GET /api/v1/auth/me HTTP/1.1" 200 OK
INFO:     127.0.0.1:52256 - "GET /api/v1/auth/csrf HTTP/1.1" 200 OK
INFO:     127.0.0.1:52266 - "GET /api/v1/query-topics HTTP/1.1" 200 OK
INFO:     127.0.0.1:52265 - "GET /api/v1/products?page=1&page_size=100 HTTP/1.1" 200 OK
INFO:     127.0.0.1:52262 - "GET /api/v1/geo-metrics?date_from=2026-07-14&date_to=2026-08-12 HTTP/1.1" 200 OK
INFO:     127.0.0.1:52261 - "GET /api/v1/geo-observations?page=1&page_size=20&sort_order=DESC&date_from=2026-07-14&date_to=2026-08-12 HTTP/1.1" 200 OK
INFO:     127.0.0.1:52269 - "GET /api/v1/dashboard/summary HTTP/1.1" 200 OK
INFO:     127.0.0.1:52270 - "GET /api/v1/geo-metrics HTTP/1.1" 200 OK
INFO:     127.0.0.1:52278 - "GET /api/v1/auth/me HTTP/1.1" 200 OK
INFO:     127.0.0.1:52280 - "GET /api/v1/auth/csrf HTTP/1.1" 200 OK
INFO:     127.0.0.1:52284 - "GET /api/v1/geo-insights?date_from=2026-07-14&date_to=2026-08-12 HTTP/1.1" 200 OK
INFO:     127.0.0.1:52288 - "GET /api/v1/dashboard/summary HTTP/1.1" 200 OK
INFO:     127.0.0.1:52298 - "GET /api/v1/auth/me HTTP/1.1" 200 OK
INFO:     127.0.0.1:52300 - "GET /api/v1/auth/csrf HTTP/1.1" 200 OK
INFO:     127.0.0.1:52304 - "GET /api/v1/query-topics HTTP/1.1" 200 OK
INFO:     127.0.0.1:52318 - "GET /api/v1/auth/me HTTP/1.1" 200 OK
INFO:     127.0.0.1:52320 - "GET /api/v1/auth/csrf HTTP/1.1" 200 OK
INFO:     127.0.0.1:52325 - "GET /api/v1/platform-profiles HTTP/1.1" 200 OK
INFO:     127.0.0.1:52324 - "GET /api/v1/platform-accounts HTTP/1.1" 200 OK
INFO:     127.0.0.1:52328 - "GET /api/v1/dashboard/summary HTTP/1.1" 200 OK
INFO:     127.0.0.1:52331 - "GET /api/v1/products?page=1&page_size=100 HTTP/1.1" 200 OK
INFO:     127.0.0.1:52332 - "GET /api/v1/geo-metrics HTTP/1.1" 200 OK
INFO:     127.0.0.1:52339 - "GET /api/v1/auth/me HTTP/1.1" 200 OK
INFO:     127.0.0.1:52341 - "GET /api/v1/auth/csrf HTTP/1.1" 200 OK
INFO:     127.0.0.1:52346 - "GET /api/v1/platform-accounts HTTP/1.1" 200 OK
INFO:     127.0.0.1:52347 - "GET /api/v1/platform-profiles HTTP/1.1" 200 OK
INFO:     127.0.0.1:52352 - "GET /api/v1/dashboard/summary HTTP/1.1" 200 OK
INFO:     127.0.0.1:52360 - "GET /api/v1/auth/me HTTP/1.1" 200 OK
INFO:     127.0.0.1:52362 - "GET /api/v1/auth/csrf HTTP/1.1" 200 OK
INFO:     127.0.0.1:52368 - "GET /api/v1/users?status=ENABLED&page=1&page_size=20 HTTP/1.1" 200 OK
INFO:     127.0.0.1:52371 - "GET /api/v1/dashboard/summary HTTP/1.1" 200 OK
INFO:     127.0.0.1:52374 - "GET /api/v1/products?page=1&page_size=100 HTTP/1.1" 200 OK
INFO:     127.0.0.1:52372 - "GET /api/v1/geo-metrics HTTP/1.1" 200 OK
INFO:     127.0.0.1:52379 - "GET /api/v1/auth/me HTTP/1.1" 200 OK
INFO:     127.0.0.1:52381 - "GET /api/v1/auth/csrf HTTP/1.1" 200 OK
INFO:     127.0.0.1:52387 - "GET /api/v1/audit-logs?page=1&page_size=20&created_from=2026-08-09T08%3A26%3A09.812Z&created_to=2026-08-12T08%3A26%3A09.812Z HTTP/1.1" 200 OK
INFO:     127.0.0.1:52390 - "GET /api/v1/audit-logs/filter-options HTTP/1.1" 200 OK
INFO:     127.0.0.1:52391 - "GET /api/v1/users?page=1&page_size=50 HTTP/1.1" 200 OK
INFO:     127.0.0.1:52406 - "GET /api/v1/auth/me HTTP/1.1" 200 OK
INFO:     127.0.0.1:52408 - "GET /api/v1/auth/csrf HTTP/1.1" 200 OK
INFO:     127.0.0.1:52412 - "GET /api/v1/ai-channels?page=1&page_size=20&sort=CREATED_DESC HTTP/1.1" 200 OK
INFO:     127.0.0.1:52418 - "GET /api/v1/products?page=1&page_size=100 HTTP/1.1" 200 OK
INFO:     127.0.0.1:52417 - "GET /api/v1/geo-metrics HTTP/1.1" 200 OK
INFO:     127.0.0.1:52416 - "GET /api/v1/dashboard/summary HTTP/1.1" 200 OK
INFO:     127.0.0.1:52432 - "GET /api/v1/auth/me HTTP/1.1" 200 OK
INFO:     127.0.0.1:52434 - "GET /api/v1/auth/csrf HTTP/1.1" 200 OK
INFO:     127.0.0.1:52439 - "GET /api/v1/ai-channels?page=1&page_size=20&sort=CREATED_DESC HTTP/1.1" 200 OK
INFO:     127.0.0.1:52446 - "GET /api/v1/products?page=1&page_size=100 HTTP/1.1" 200 OK
INFO:     127.0.0.1:52444 - "GET /api/v1/dashboard/summary HTTP/1.1" 200 OK
INFO:     127.0.0.1:52445 - "GET /api/v1/geo-metrics HTTP/1.1" 200 OK
INFO:     127.0.0.1:52462 - "GET /api/v1/auth/me HTTP/1.1" 200 OK
INFO:     127.0.0.1:52464 - "GET /api/v1/auth/csrf HTTP/1.1" 200 OK
INFO:     127.0.0.1:52468 - "GET /api/v1/ai-channels/1109e059-e263-4293-a6d4-f0c6c71884d1/models HTTP/1.1" 200 OK
INFO:     127.0.0.1:52472 - "GET /api/v1/users?page=1&page_size=100 HTTP/1.1" 200 OK
INFO:     127.0.0.1:52473 - "GET /api/v1/ai-channels?page=1&page_size=20&sort=CREATED_DESC HTTP/1.1" 200 OK
INFO:     127.0.0.1:52469 - "GET /api/v1/ai-channels/1109e059-e263-4293-a6d4-f0c6c71884d1 HTTP/1.1" 200 OK
INFO:     127.0.0.1:52476 - "GET /api/v1/dashboard/summary HTTP/1.1" 200 OK
INFO:     127.0.0.1:52482 - "GET /api/v1/products?page=1&page_size=100 HTTP/1.1" 200 OK
INFO:     127.0.0.1:52478 - "GET /api/v1/geo-metrics HTTP/1.1" 200 OK
INFO:     127.0.0.1:52490 - "GET /api/v1/auth/me HTTP/1.1" 200 OK
INFO:     127.0.0.1:52492 - "GET /api/v1/auth/csrf HTTP/1.1" 200 OK
INFO:     127.0.0.1:52498 - "GET /api/v1/ai-channels/1109e059-e263-4293-a6d4-f0c6c71884d1/models HTTP/1.1" 200 OK
INFO:     127.0.0.1:52502 - "GET /api/v1/users?page=1&page_size=100 HTTP/1.1" 200 OK
INFO:     127.0.0.1:52497 - "GET /api/v1/ai-channels/1109e059-e263-4293-a6d4-f0c6c71884d1 HTTP/1.1" 200 OK
INFO:     127.0.0.1:52501 - "GET /api/v1/ai-channels?page=1&page_size=20&sort=CREATED_DESC HTTP/1.1" 200 OK
INFO:     127.0.0.1:52505 - "GET /api/v1/dashboard/summary HTTP/1.1" 200 OK
INFO:     127.0.0.1:52511 - "GET /api/v1/products?page=1&page_size=100 HTTP/1.1" 200 OK
INFO:     127.0.0.1:52507 - "GET /api/v1/geo-metrics HTTP/1.1" 200 OK
INFO:     127.0.0.1:52518 - "GET /api/v1/auth/me HTTP/1.1" 200 OK
INFO:     127.0.0.1:52520 - "GET /api/v1/auth/csrf HTTP/1.1" 200 OK
INFO:     127.0.0.1:52530 - "GET /api/v1/ai-channels/1109e059-e263-4293-a6d4-f0c6c71884d1/models HTTP/1.1" 200 OK
INFO:     127.0.0.1:52534 - "GET /api/v1/ai-channels?page=1&page_size=20&sort=CREATED_DESC HTTP/1.1" 200 OK
INFO:     127.0.0.1:52532 - "GET /api/v1/ai-channels/1109e059-e263-4293-a6d4-f0c6c71884d1/audit-logs?page=1&page_size=20 HTTP/1.1" 200 OK
INFO:     127.0.0.1:52529 - "GET /api/v1/ai-channels/1109e059-e263-4293-a6d4-f0c6c71884d1 HTTP/1.1" 200 OK
INFO:     127.0.0.1:52533 - "GET /api/v1/users?page=1&page_size=100 HTTP/1.1" 200 OK
INFO:     127.0.0.1:52540 - "GET /api/v1/geo-metrics HTTP/1.1" 200 OK
INFO:     127.0.0.1:52536 - "GET /api/v1/dashboard/summary HTTP/1.1" 200 OK
INFO:     127.0.0.1:52543 - "GET /api/v1/products?page=1&page_size=100 HTTP/1.1" 200 OK
INFO:     127.0.0.1:52550 - "GET /api/v1/auth/me HTTP/1.1" 200 OK
INFO:     127.0.0.1:52552 - "GET /api/v1/auth/csrf HTTP/1.1" 200 OK
INFO:     127.0.0.1:52558 - "GET /api/v1/platform-types HTTP/1.1" 200 OK
INFO:     127.0.0.1:52563 - "GET /api/v1/geo-metrics HTTP/1.1" 200 OK
INFO:     127.0.0.1:52570 - "GET /api/v1/auth/me HTTP/1.1" 200 OK
INFO:     127.0.0.1:52572 - "GET /api/v1/auth/csrf HTTP/1.1" 200 OK
INFO:     127.0.0.1:52578 - "GET /api/v1/platform-profiles?page=1&page_size=20 HTTP/1.1" 200 OK
INFO:     127.0.0.1:52580 - "GET /api/v1/platform-prompts HTTP/1.1" 200 OK
INFO:     127.0.0.1:52581 - "GET /api/v1/platform-types HTTP/1.1" 200 OK
INFO:     127.0.0.1:52587 - "GET /api/v1/auth/me HTTP/1.1" 200 OK
INFO:     127.0.0.1:52589 - "GET /api/v1/auth/csrf HTTP/1.1" 200 OK
INFO:     127.0.0.1:52593 - "GET /api/v1/products/16bba9b2-2e5d-4287-924e-489382741cc0 HTTP/1.1" 200 OK
INFO:     127.0.0.1:52596 - "GET /api/v1/products/16bba9b2-2e5d-4287-924e-489382741cc0/facts HTTP/1.1" 200 OK
INFO:     127.0.0.1:52597 - "GET /api/v1/products/16bba9b2-2e5d-4287-924e-489382741cc0/fact-versions HTTP/1.1" 200 OK
INFO:     127.0.0.1:52602 - "GET /api/v1/products?page=1&page_size=100 HTTP/1.1" 200 OK
INFO:     127.0.0.1:52600 - "GET /api/v1/dashboard/summary HTTP/1.1" 200 OK
INFO:     127.0.0.1:52603 - "GET /api/v1/geo-metrics HTTP/1.1" 200 OK
INFO:     127.0.0.1:52611 - "GET /api/v1/auth/me HTTP/1.1" 200 OK
INFO:     127.0.0.1:52613 - "GET /api/v1/auth/csrf HTTP/1.1" 200 OK
INFO:     127.0.0.1:52619 - "GET /api/v1/content-tasks/1d7456c3-32cd-4d2b-859c-cbeb55da88dd HTTP/1.1" 200 OK
INFO:     127.0.0.1:52623 - "GET /api/v1/dashboard/summary HTTP/1.1" 200 OK
INFO:     127.0.0.1:52625 - "GET /api/v1/products?page=1&page_size=100 HTTP/1.1" 200 OK
INFO:     127.0.0.1:52624 - "GET /api/v1/geo-metrics HTTP/1.1" 200 OK
INFO:     127.0.0.1:52635 - "GET /api/v1/content-tasks/1d7456c3-32cd-4d2b-859c-cbeb55da88dd/generation-jobs HTTP/1.1" 200 OK
INFO:     127.0.0.1:52634 - "GET /api/v1/content-tasks/1d7456c3-32cd-4d2b-859c-cbeb55da88dd/content-versions HTTP/1.1" 200 OK
INFO:     127.0.0.1:52630 - "GET /api/v1/fact-versions/e714ca42-4590-47e2-b82a-86820256c08b HTTP/1.1" 200 OK
INFO:     127.0.0.1:52631 - "GET /api/v1/content-tasks?archive_status=ALL HTTP/1.1" 200 OK
INFO:     127.0.0.1:52638 - "GET /api/v1/generation-jobs/d7d7bede-ae9a-46aa-9eed-198ee8836556 HTTP/1.1" 200 OK
INFO:     127.0.0.1:52645 - "GET /api/v1/auth/me HTTP/1.1" 200 OK
INFO:     127.0.0.1:52647 - "GET /api/v1/auth/csrf HTTP/1.1" 200 OK
INFO:     127.0.0.1:52653 - "GET /api/v1/content-versions/ec413b17-f012-4551-9a48-7d56f8dcfaa0/review-context HTTP/1.1" 200 OK
INFO:     127.0.0.1:52658 - "GET /api/v1/dashboard/summary HTTP/1.1" 200 OK
INFO:     127.0.0.1:52659 - "GET /api/v1/geo-metrics HTTP/1.1" 200 OK
INFO:     127.0.0.1:52660 - "GET /api/v1/products?page=1&page_size=100 HTTP/1.1" 200 OK
INFO:     127.0.0.1:52663 - "GET /api/v1/content-tasks HTTP/1.1" 200 OK
INFO:     127.0.0.1:52664 - "GET /api/v1/content-tasks/1d7456c3-32cd-4d2b-859c-cbeb55da88dd/content-versions HTTP/1.1" 200 OK
INFO:     127.0.0.1:52672 - "GET /api/v1/auth/me HTTP/1.1" 200 OK
INFO:     127.0.0.1:52674 - "GET /api/v1/auth/csrf HTTP/1.1" 200 OK
INFO:     127.0.0.1:52677 - "GET /api/v1/content-tasks HTTP/1.1" 200 OK
INFO:     127.0.0.1:52680 - "GET /api/v1/platform-prompts HTTP/1.1" 200 OK
INFO:     127.0.0.1:52681 - "GET /api/v1/users?page=1&page_size=100 HTTP/1.1" 200 OK
INFO:     127.0.0.1:52687 - "GET /api/v1/dashboard/summary HTTP/1.1" 200 OK
INFO:     127.0.0.1:52685 - "GET /api/v1/geo-metrics HTTP/1.1" 200 OK
INFO:     127.0.0.1:52689 - "GET /api/v1/products?page=1&page_size=100 HTTP/1.1" 200 OK
INFO:     127.0.0.1:52697 - "GET /api/v1/auth/me HTTP/1.1" 200 OK
INFO:     127.0.0.1:52699 - "GET /api/v1/auth/csrf HTTP/1.1" 200 OK
INFO:     127.0.0.1:52704 - "GET /api/v1/dashboard/summary HTTP/1.1" 200 OK
INFO:     127.0.0.1:52705 - "GET /api/v1/geo-metrics HTTP/1.1" 200 OK
INFO:     127.0.0.1:52708 - "GET /api/v1/products?page=1&page_size=100 HTTP/1.1" 200 OK
INFO:     127.0.0.1:52713 - "GET /api/v1/auth/me HTTP/1.1" 200 OK
INFO:     127.0.0.1:52715 - "GET /api/v1/auth/csrf HTTP/1.1" 200 OK
INFO:     127.0.0.1:52721 - "GET /api/v1/products?page=1&page_size=100 HTTP/1.1" 200 OK
INFO:     127.0.0.1:52724 - "GET /api/v1/dashboard/summary HTTP/1.1" 200 OK
INFO:     127.0.0.1:52729 - "GET /api/v1/auth/me HTTP/1.1" 200 OK
INFO:     127.0.0.1:52731 - "GET /api/v1/auth/csrf HTTP/1.1" 200 OK
INFO:     127.0.0.1:52737 - "GET /api/v1/content-tasks?archive_status=ACTIVE HTTP/1.1" 200 OK
INFO:     127.0.0.1:52743 - "GET /api/v1/products?page=1&page_size=100 HTTP/1.1" 200 OK
INFO:     127.0.0.1:52742 - "GET /api/v1/dashboard/summary HTTP/1.1" 200 OK
INFO:     127.0.0.1:52741 - "GET /api/v1/geo-metrics HTTP/1.1" 200 OK
INFO:     127.0.0.1:52750 - "GET /api/v1/auth/me HTTP/1.1" 200 OK
INFO:     127.0.0.1:52752 - "GET /api/v1/auth/csrf HTTP/1.1" 200 OK
INFO:     127.0.0.1:52758 - "GET /api/v1/publication-ready-items HTTP/1.1" 200 OK
INFO:     127.0.0.1:52756 - "GET /api/v1/publication-workbench-summary HTTP/1.1" 200 OK
INFO:     127.0.0.1:52766 - "GET /api/v1/geo-metrics HTTP/1.1" 200 OK
INFO:     127.0.0.1:52762 - "GET /api/v1/publication-works?page=1&page_size=20 HTTP/1.1" 200 OK
INFO:     127.0.0.1:52761 - "GET /api/v1/published-content-issues?page=1&page_size=20&status=OPEN HTTP/1.1" 200 OK
INFO:     127.0.0.1:52765 - "GET /api/v1/dashboard/summary HTTP/1.1" 200 OK
INFO:     127.0.0.1:52770 - "GET /api/v1/products?page=1&page_size=100 HTTP/1.1" 200 OK
INFO:     127.0.0.1:52777 - "GET /api/v1/auth/me HTTP/1.1" 200 OK
INFO:     127.0.0.1:52779 - "GET /api/v1/auth/csrf HTTP/1.1" 200 OK
INFO:     127.0.0.1:52785 - "GET /api/v1/publication-workbench-summary HTTP/1.1" 200 OK
INFO:     127.0.0.1:52789 - "GET /api/v1/publication-works?page=1&page_size=20 HTTP/1.1" 200 OK
INFO:     127.0.0.1:52787 - "GET /api/v1/publication-ready-items HTTP/1.1" 200 OK
INFO:     127.0.0.1:52791 - "GET /api/v1/published-content-issues?page=1&page_size=20&status=OPEN HTTP/1.1" 200 OK
INFO:     127.0.0.1:52806 - "GET /api/v1/auth/me HTTP/1.1" 200 OK
INFO:     127.0.0.1:52808 - "GET /api/v1/auth/csrf HTTP/1.1" 200 OK
INFO:     127.0.0.1:52815 - "GET /api/v1/publication-ready-items HTTP/1.1" 200 OK
INFO:     127.0.0.1:52818 - "GET /api/v1/publication-works?page=1&page_size=20&status=ACTION_REQUIRED HTTP/1.1" 200 OK
INFO:     127.0.0.1:52814 - "GET /api/v1/publication-workbench-summary HTTP/1.1" 200 OK
INFO:     127.0.0.1:52819 - "GET /api/v1/published-content-issues?page=1&page_size=20&status=OPEN HTTP/1.1" 200 OK
INFO:     127.0.0.1:52821 - "GET /api/v1/dashboard/summary HTTP/1.1" 200 OK
INFO:     127.0.0.1:52827 - "GET /api/v1/products?page=1&page_size=100 HTTP/1.1" 200 OK
INFO:     127.0.0.1:52823 - "GET /api/v1/geo-metrics HTTP/1.1" 200 OK
INFO:     127.0.0.1:52834 - "GET /api/v1/auth/me HTTP/1.1" 200 OK
INFO:     127.0.0.1:52836 - "GET /api/v1/auth/csrf HTTP/1.1" 200 OK
INFO:     127.0.0.1:52842 - "GET /api/v1/published-articles?page=1&page_size=20 HTTP/1.1" 200 OK
INFO:     127.0.0.1:52847 - "GET /api/v1/dashboard/summary HTTP/1.1" 200 OK
INFO:     127.0.0.1:52845 - "GET /api/v1/geo-metrics HTTP/1.1" 200 OK
INFO:     127.0.0.1:52848 - "GET /api/v1/products?page=1&page_size=100 HTTP/1.1" 200 OK
INFO:     127.0.0.1:52854 - "GET /api/v1/auth/me HTTP/1.1" 200 OK
INFO:     127.0.0.1:52856 - "GET /api/v1/auth/csrf HTTP/1.1" 200 OK
INFO:     127.0.0.1:52861 - "GET /api/v1/published-content-issues?page=1&page_size=20&status=RESOLVED HTTP/1.1" 200 OK
INFO:     127.0.0.1:52863 - "GET /api/v1/dashboard/summary HTTP/1.1" 200 OK
INFO:     127.0.0.1:52873 - "GET /api/v1/auth/me HTTP/1.1" 200 OK
INFO:     127.0.0.1:52875 - "GET /api/v1/auth/csrf HTTP/1.1" 200 OK
INFO:     127.0.0.1:52884 - "GET /api/v1/products?page=1&page_size=100 HTTP/1.1" 200 OK
INFO:     127.0.0.1:52886 - "GET /api/v1/query-topics HTTP/1.1" 200 OK
INFO:     127.0.0.1:52883 - "GET /api/v1/geo-metrics?date_from=2026-07-14&date_to=2026-08-12 HTTP/1.1" 200 OK
INFO:     127.0.0.1:52880 - "GET /api/v1/geo-observations?page=1&page_size=20&sort_order=DESC&date_from=2026-07-14&date_to=2026-08-12 HTTP/1.1" 200 OK
INFO:     127.0.0.1:52892 - "GET /api/v1/dashboard/summary HTTP/1.1" 200 OK
INFO:     127.0.0.1:52898 - "GET /api/v1/auth/me HTTP/1.1" 200 OK
INFO:     127.0.0.1:52900 - "GET /api/v1/auth/csrf HTTP/1.1" 200 OK
INFO:     127.0.0.1:52903 - "GET /api/v1/geo-insights?date_from=2026-07-14&date_to=2026-08-12 HTTP/1.1" 200 OK
INFO:     127.0.0.1:52908 - "GET /api/v1/products?page=1&page_size=100 HTTP/1.1" 200 OK
INFO:     127.0.0.1:52916 - "GET /api/v1/auth/me HTTP/1.1" 200 OK
INFO:     127.0.0.1:52918 - "GET /api/v1/auth/csrf HTTP/1.1" 200 OK
INFO:     127.0.0.1:52923 - "GET /api/v1/query-topics HTTP/1.1" 200 OK
INFO:     127.0.0.1:52935 - "GET /api/v1/auth/me HTTP/1.1" 200 OK
INFO:     127.0.0.1:52937 - "GET /api/v1/auth/csrf HTTP/1.1" 200 OK
INFO:     127.0.0.1:52942 - "GET /api/v1/platform-accounts HTTP/1.1" 200 OK
INFO:     127.0.0.1:52944 - "GET /api/v1/platform-profiles HTTP/1.1" 200 OK
INFO:     127.0.0.1:52958 - "GET /api/v1/auth/me HTTP/1.1" 200 OK
INFO:     127.0.0.1:52960 - "GET /api/v1/auth/csrf HTTP/1.1" 200 OK
INFO:     127.0.0.1:52965 - "GET /api/v1/platform-accounts HTTP/1.1" 200 OK
INFO:     127.0.0.1:52966 - "GET /api/v1/platform-profiles HTTP/1.1" 200 OK
INFO:     127.0.0.1:52971 - "GET /api/v1/dashboard/summary HTTP/1.1" 200 OK
INFO:     127.0.0.1:52979 - "GET /api/v1/auth/me HTTP/1.1" 200 OK
INFO:     127.0.0.1:52981 - "GET /api/v1/auth/csrf HTTP/1.1" 200 OK
INFO:     127.0.0.1:52987 - "GET /api/v1/users?status=ENABLED&page=1&page_size=20 HTTP/1.1" 200 OK
INFO:     127.0.0.1:52991 - "GET /api/v1/dashboard/summary HTTP/1.1" 200 OK
INFO:     127.0.0.1:52999 - "GET /api/v1/auth/me HTTP/1.1" 200 OK
INFO:     127.0.0.1:53001 - "GET /api/v1/auth/csrf HTTP/1.1" 200 OK
INFO:     127.0.0.1:53010 - "GET /api/v1/audit-logs/filter-options HTTP/1.1" 200 OK
INFO:     127.0.0.1:53009 - "GET /api/v1/users?page=1&page_size=50 HTTP/1.1" 200 OK
INFO:     127.0.0.1:53006 - "GET /api/v1/audit-logs?page=1&page_size=20&created_from=2026-08-09T08%3A26%3A25.238Z&created_to=2026-08-12T08%3A26%3A25.238Z HTTP/1.1" 200 OK
INFO:     127.0.0.1:53023 - "GET /api/v1/auth/me HTTP/1.1" 200 OK
INFO:     127.0.0.1:53025 - "GET /api/v1/auth/csrf HTTP/1.1" 200 OK
INFO:     127.0.0.1:53035 - "GET /api/v1/products?page=1&page_size=100 HTTP/1.1" 200 OK
INFO:     127.0.0.1:53031 - "GET /api/v1/dashboard/summary HTTP/1.1" 200 OK
INFO:     127.0.0.1:53034 - "GET /api/v1/geo-metrics HTTP/1.1" 200 OK
INFO:     127.0.0.1:53037 - "GET /api/v1/ai-channels?page=1&page_size=20&sort=CREATED_DESC HTTP/1.1" 200 OK
INFO:     127.0.0.1:53040 - "GET /api/v1/ai-channels/1109e059-e263-4293-a6d4-f0c6c71884d1 HTTP/1.1" 200 OK
INFO:     127.0.0.1:53043 - "GET /api/v1/ai-channels/1109e059-e263-4293-a6d4-f0c6c71884d1/models HTTP/1.1" 200 OK
INFO:     127.0.0.1:53044 - "GET /api/v1/users?page=1&page_size=100 HTTP/1.1" 200 OK
INFO:     127.0.0.1:53051 - "GET /api/v1/auth/me HTTP/1.1" 200 OK
INFO:     127.0.0.1:53053 - "GET /api/v1/auth/csrf HTTP/1.1" 200 OK
INFO:     127.0.0.1:53058 - "GET /api/v1/ai-channels?page=1&page_size=20&sort=CREATED_DESC HTTP/1.1" 200 OK
INFO:     127.0.0.1:53065 - "GET /api/v1/products?page=1&page_size=100 HTTP/1.1" 200 OK
INFO:     127.0.0.1:53063 - "GET /api/v1/dashboard/summary HTTP/1.1" 200 OK
INFO:     127.0.0.1:53062 - "GET /api/v1/geo-metrics HTTP/1.1" 200 OK
INFO:     127.0.0.1:53080 - "GET /api/v1/auth/me HTTP/1.1" 200 OK
INFO:     127.0.0.1:53082 - "GET /api/v1/auth/csrf HTTP/1.1" 200 OK
INFO:     127.0.0.1:53086 - "GET /api/v1/ai-channels/1109e059-e263-4293-a6d4-f0c6c71884d1 HTTP/1.1" 200 OK
INFO:     127.0.0.1:53090 - "GET /api/v1/users?page=1&page_size=100 HTTP/1.1" 200 OK
INFO:     127.0.0.1:53089 - "GET /api/v1/ai-channels/1109e059-e263-4293-a6d4-f0c6c71884d1/models HTTP/1.1" 200 OK
INFO:     127.0.0.1:53092 - "GET /api/v1/ai-channels?page=1&page_size=20&sort=CREATED_DESC HTTP/1.1" 200 OK
INFO:     127.0.0.1:53095 - "GET /api/v1/dashboard/summary HTTP/1.1" 200 OK
INFO:     127.0.0.1:53101 - "GET /api/v1/products?page=1&page_size=100 HTTP/1.1" 200 OK
INFO:     127.0.0.1:53097 - "GET /api/v1/geo-metrics HTTP/1.1" 200 OK
INFO:     127.0.0.1:53110 - "GET /api/v1/auth/me HTTP/1.1" 200 OK
INFO:     127.0.0.1:53112 - "GET /api/v1/auth/csrf HTTP/1.1" 200 OK
INFO:     127.0.0.1:53121 - "GET /api/v1/users?page=1&page_size=100 HTTP/1.1" 200 OK
INFO:     127.0.0.1:53117 - "GET /api/v1/ai-channels/1109e059-e263-4293-a6d4-f0c6c71884d1 HTTP/1.1" 200 OK
INFO:     127.0.0.1:53120 - "GET /api/v1/ai-channels?page=1&page_size=20&sort=CREATED_DESC HTTP/1.1" 200 OK
INFO:     127.0.0.1:53116 - "GET /api/v1/ai-channels/1109e059-e263-4293-a6d4-f0c6c71884d1/models HTTP/1.1" 200 OK
INFO:     127.0.0.1:53124 - "GET /api/v1/dashboard/summary HTTP/1.1" 200 OK
INFO:     127.0.0.1:53130 - "GET /api/v1/products?page=1&page_size=100 HTTP/1.1" 200 OK
INFO:     127.0.0.1:53126 - "GET /api/v1/geo-metrics HTTP/1.1" 200 OK
INFO:     127.0.0.1:53137 - "GET /api/v1/auth/me HTTP/1.1" 200 OK
INFO:     127.0.0.1:53139 - "GET /api/v1/auth/csrf HTTP/1.1" 200 OK
INFO:     127.0.0.1:53152 - "GET /api/v1/users?page=1&page_size=100 HTTP/1.1" 200 OK
INFO:     127.0.0.1:53147 - "GET /api/v1/ai-channels/1109e059-e263-4293-a6d4-f0c6c71884d1/models HTTP/1.1" 200 OK
INFO:     127.0.0.1:53150 - "GET /api/v1/ai-channels/1109e059-e263-4293-a6d4-f0c6c71884d1/audit-logs?page=1&page_size=20 HTTP/1.1" 200 OK
INFO:     127.0.0.1:53169 - "GET /api/v1/auth/me HTTP/1.1" 200 OK
INFO:     127.0.0.1:53171 - "GET /api/v1/auth/csrf HTTP/1.1" 200 OK
INFO:     127.0.0.1:53176 - "GET /api/v1/platform-types HTTP/1.1" 200 OK
INFO:     127.0.0.1:53181 - "GET /api/v1/dashboard/summary HTTP/1.1" 200 OK
INFO:     127.0.0.1:53183 - "GET /api/v1/products?page=1&page_size=100 HTTP/1.1" 200 OK
INFO:     127.0.0.1:53182 - "GET /api/v1/geo-metrics HTTP/1.1" 200 OK
INFO:     127.0.0.1:53188 - "GET /api/v1/auth/me HTTP/1.1" 200 OK
INFO:     127.0.0.1:53190 - "GET /api/v1/auth/csrf HTTP/1.1" 200 OK
INFO:     127.0.0.1:53196 - "GET /api/v1/platform-profiles?page=1&page_size=20 HTTP/1.1" 200 OK
INFO:     127.0.0.1:53199 - "GET /api/v1/platform-types HTTP/1.1" 200 OK
INFO:     127.0.0.1:53200 - "GET /api/v1/platform-prompts HTTP/1.1" 200 OK
INFO:     127.0.0.1:53205 - "GET /api/v1/dashboard/summary HTTP/1.1" 200 OK
INFO:     127.0.0.1:53215 - "GET /api/v1/auth/me HTTP/1.1" 200 OK
INFO:     127.0.0.1:53217 - "GET /api/v1/auth/csrf HTTP/1.1" 200 OK
INFO:     127.0.0.1:53224 - "GET /api/v1/products/16bba9b2-2e5d-4287-924e-489382741cc0/fact-versions HTTP/1.1" 200 OK
INFO:     127.0.0.1:53220 - "GET /api/v1/products/16bba9b2-2e5d-4287-924e-489382741cc0 HTTP/1.1" 200 OK
INFO:     127.0.0.1:53223 - "GET /api/v1/products/16bba9b2-2e5d-4287-924e-489382741cc0/facts HTTP/1.1" 200 OK
INFO:     127.0.0.1:53229 - "GET /api/v1/geo-metrics HTTP/1.1" 200 OK
INFO:     127.0.0.1:53231 - "GET /api/v1/products?page=1&page_size=100 HTTP/1.1" 200 OK
INFO:     127.0.0.1:53230 - "GET /api/v1/dashboard/summary HTTP/1.1" 200 OK
INFO:     127.0.0.1:53240 - "GET /api/v1/auth/me HTTP/1.1" 200 OK
INFO:     127.0.0.1:53242 - "GET /api/v1/auth/csrf HTTP/1.1" 200 OK
INFO:     127.0.0.1:53247 - "GET /api/v1/content-tasks/1d7456c3-32cd-4d2b-859c-cbeb55da88dd HTTP/1.1" 200 OK
INFO:     127.0.0.1:53251 - "GET /api/v1/dashboard/summary HTTP/1.1" 200 OK
INFO:     127.0.0.1:53253 - "GET /api/v1/products?page=1&page_size=100 HTTP/1.1" 200 OK
INFO:     127.0.0.1:53252 - "GET /api/v1/geo-metrics HTTP/1.1" 200 OK
INFO:     127.0.0.1:53257 - "GET /api/v1/content-tasks?archive_status=ALL HTTP/1.1" 200 OK
INFO:     127.0.0.1:53263 - "GET /api/v1/content-tasks/1d7456c3-32cd-4d2b-859c-cbeb55da88dd/generation-jobs HTTP/1.1" 200 OK
INFO:     127.0.0.1:53260 - "GET /api/v1/content-tasks/1d7456c3-32cd-4d2b-859c-cbeb55da88dd/content-versions HTTP/1.1" 200 OK
INFO:     127.0.0.1:53261 - "GET /api/v1/fact-versions/e714ca42-4590-47e2-b82a-86820256c08b HTTP/1.1" 200 OK
INFO:     127.0.0.1:53266 - "GET /api/v1/generation-jobs/d7d7bede-ae9a-46aa-9eed-198ee8836556 HTTP/1.1" 200 OK
INFO:     127.0.0.1:53273 - "GET /api/v1/auth/me HTTP/1.1" 200 OK
INFO:     127.0.0.1:53275 - "GET /api/v1/auth/csrf HTTP/1.1" 200 OK
INFO:     127.0.0.1:53280 - "GET /api/v1/content-versions/ec413b17-f012-4551-9a48-7d56f8dcfaa0/review-context HTTP/1.1" 200 OK
INFO:     127.0.0.1:53287 - "GET /api/v1/products?page=1&page_size=100 HTTP/1.1" 200 OK
INFO:     127.0.0.1:53284 - "GET /api/v1/dashboard/summary HTTP/1.1" 200 OK
INFO:     127.0.0.1:53285 - "GET /api/v1/geo-metrics HTTP/1.1" 200 OK
INFO:     127.0.0.1:53291 - "GET /api/v1/content-tasks HTTP/1.1" 200 OK
INFO:     127.0.0.1:53289 - "GET /api/v1/content-tasks/1d7456c3-32cd-4d2b-859c-cbeb55da88dd/content-versions HTTP/1.1" 200 OK
INFO:     127.0.0.1:53298 - "GET /api/v1/auth/me HTTP/1.1" 200 OK
INFO:     127.0.0.1:53300 - "GET /api/v1/auth/csrf HTTP/1.1" 200 OK
INFO:     127.0.0.1:53307 - "GET /api/v1/content-tasks HTTP/1.1" 200 OK
INFO:     127.0.0.1:53308 - "GET /api/v1/users?page=1&page_size=100 HTTP/1.1" 200 OK
INFO:     127.0.0.1:53306 - "GET /api/v1/platform-prompts HTTP/1.1" 200 OK
INFO:     127.0.0.1:53315 - "GET /api/v1/products?page=1&page_size=100 HTTP/1.1" 200 OK
INFO:     127.0.0.1:53314 - "GET /api/v1/geo-metrics HTTP/1.1" 200 OK
INFO:     127.0.0.1:53316 - "GET /api/v1/dashboard/summary HTTP/1.1" 200 OK
INFO:     127.0.0.1:53320 - "GET /api/v1/platform-prompts/26e1e65d-d07a-472a-aa97-e5020426b8f3 HTTP/1.1" 200 OK
INFO:     127.0.0.1:53323 - "GET /api/v1/content-tasks?platform_profile_id=2f4a7e23-8fab-4b92-a040-f5b32e806b51 HTTP/1.1" 200 OK
  ✓  18 [e2e] › tests/e2e/cross-page-visual-convergence.spec.ts:440:1 › 主要静态与动态路由在明暗主题下共享唯一桌面壳层 (32.3s)
INFO:     127.0.0.1:53332 - "GET /api/v1/auth/me HTTP/1.1" 204 No Content
INFO:     127.0.0.1:53334 - "POST /api/v1/auth/login HTTP/1.1" 200 OK
INFO:     127.0.0.1:53336 - "GET /api/v1/auth/me HTTP/1.1" 200 OK
INFO:     127.0.0.1:53338 - "GET /api/v1/auth/csrf HTTP/1.1" 200 OK
INFO:     127.0.0.1:53344 - "GET /api/v1/auth/me HTTP/1.1" 200 OK
INFO:     127.0.0.1:53347 - "GET /api/v1/content-tasks HTTP/1.1" 200 OK
INFO:     127.0.0.1:53350 - "GET /api/v1/content-tasks/1d7456c3-32cd-4d2b-859c-cbeb55da88dd/content-versions HTTP/1.1" 200 OK
INFO:     127.0.0.1:53353 - "GET /api/v1/content-tasks/1d7456c3-32cd-4d2b-859c-cbeb55da88dd/generation-jobs HTTP/1.1" 200 OK
INFO:     127.0.0.1:53356 - "GET /api/v1/ai-channels?q=%E5%85%B1%E4%BA%AB%E8%A7%86%E8%A7%89%E6%B8%A0%E9%81%93%2022441ddb&page=1&page_size=50 HTTP/1.1" 200 OK
INFO:     127.0.0.1:53360 - "GET /api/v1/auth/me HTTP/1.1" 200 OK
INFO:     127.0.0.1:53362 - "GET /api/v1/auth/csrf HTTP/1.1" 200 OK
INFO:     127.0.0.1:53366 - "GET /api/v1/users?status=ENABLED&page=1&page_size=20 HTTP/1.1" 200 OK
INFO:     127.0.0.1:53372 - "GET /api/v1/products?page=1&page_size=100 HTTP/1.1" 200 OK
INFO:     127.0.0.1:53369 - "GET /api/v1/dashboard/summary HTTP/1.1" 200 OK
INFO:     127.0.0.1:53370 - "GET /api/v1/geo-metrics HTTP/1.1" 200 OK
INFO:     127.0.0.1:53377 - "GET /api/v1/auth/me HTTP/1.1" 200 OK
INFO:     127.0.0.1:53379 - "GET /api/v1/auth/csrf HTTP/1.1" 200 OK
INFO:     127.0.0.1:53387 - "GET /api/v1/users?page=1&page_size=100 HTTP/1.1" 200 OK
INFO:     127.0.0.1:53383 - "GET /api/v1/content-tasks HTTP/1.1" 200 OK
INFO:     127.0.0.1:53385 - "GET /api/v1/platform-prompts HTTP/1.1" 200 OK
INFO:     127.0.0.1:53392 - "GET /api/v1/products?page=1&page_size=100 HTTP/1.1" 200 OK
INFO:     127.0.0.1:53395 - "GET /api/v1/geo-metrics HTTP/1.1" 200 OK
INFO:     127.0.0.1:53396 - "GET /api/v1/dashboard/summary HTTP/1.1" 200 OK
INFO:     127.0.0.1:53404 - "GET /api/v1/auth/me HTTP/1.1" 200 OK
INFO:     127.0.0.1:53406 - "GET /api/v1/auth/csrf HTTP/1.1" 200 OK
INFO:     127.0.0.1:53409 - "GET /api/v1/geo-insights?date_from=2026-07-14&date_to=2026-08-12 HTTP/1.1" 200 OK
INFO:     127.0.0.1:53412 - "GET /api/v1/dashboard/summary HTTP/1.1" 200 OK
INFO:     127.0.0.1:53415 - "GET /api/v1/products?page=1&page_size=100 HTTP/1.1" 200 OK
INFO:     127.0.0.1:53413 - "GET /api/v1/geo-metrics HTTP/1.1" 200 OK
INFO:     127.0.0.1:53422 - "GET /api/v1/auth/me HTTP/1.1" 200 OK
INFO:     127.0.0.1:53424 - "GET /api/v1/auth/csrf HTTP/1.1" 200 OK
INFO:     127.0.0.1:53428 - "GET /api/v1/users?status=ENABLED&page=1&page_size=20 HTTP/1.1" 200 OK
INFO:     127.0.0.1:53431 - "GET /api/v1/dashboard/summary HTTP/1.1" 200 OK
INFO:     127.0.0.1:53434 - "GET /api/v1/products?page=1&page_size=100 HTTP/1.1" 200 OK
INFO:     127.0.0.1:53433 - "GET /api/v1/geo-metrics HTTP/1.1" 200 OK
INFO:     127.0.0.1:53440 - "GET /api/v1/auth/me HTTP/1.1" 200 OK
INFO:     127.0.0.1:53442 - "GET /api/v1/auth/csrf HTTP/1.1" 200 OK
INFO:     127.0.0.1:53446 - "GET /api/v1/content-tasks HTTP/1.1" 200 OK
INFO:     127.0.0.1:53449 - "GET /api/v1/users?page=1&page_size=100 HTTP/1.1" 200 OK
INFO:     127.0.0.1:53450 - "GET /api/v1/platform-prompts HTTP/1.1" 200 OK
INFO:     127.0.0.1:53454 - "GET /api/v1/dashboard/summary HTTP/1.1" 200 OK
INFO:     127.0.0.1:53456 - "GET /api/v1/geo-metrics HTTP/1.1" 200 OK
INFO:     127.0.0.1:53458 - "GET /api/v1/products?page=1&page_size=100 HTTP/1.1" 200 OK
INFO:     127.0.0.1:53462 - "GET /api/v1/platform-prompts/26e1e65d-d07a-472a-aa97-e5020426b8f3 HTTP/1.1" 200 OK
INFO:     127.0.0.1:53465 - "GET /api/v1/content-tasks?platform_profile_id=2f4a7e23-8fab-4b92-a040-f5b32e806b51 HTTP/1.1" 200 OK
INFO:     127.0.0.1:53472 - "GET /api/v1/auth/me HTTP/1.1" 200 OK
INFO:     127.0.0.1:53474 - "GET /api/v1/auth/csrf HTTP/1.1" 200 OK
INFO:     127.0.0.1:53478 - "GET /api/v1/geo-insights?date_from=2026-07-14&date_to=2026-08-12 HTTP/1.1" 200 OK
INFO:     127.0.0.1:53483 - "GET /api/v1/dashboard/summary HTTP/1.1" 200 OK
INFO:     127.0.0.1:53486 - "GET /api/v1/products?page=1&page_size=100 HTTP/1.1" 200 OK
INFO:     127.0.0.1:53484 - "GET /api/v1/geo-metrics HTTP/1.1" 200 OK
INFO:     127.0.0.1:53493 - "GET /api/v1/auth/me HTTP/1.1" 200 OK
INFO:     127.0.0.1:53495 - "GET /api/v1/auth/csrf HTTP/1.1" 200 OK
INFO:     127.0.0.1:53498 - "GET /api/v1/users?status=ENABLED&page=1&page_size=20 HTTP/1.1" 200 OK
INFO:     127.0.0.1:53505 - "GET /api/v1/products?page=1&page_size=100 HTTP/1.1" 200 OK
INFO:     127.0.0.1:53501 - "GET /api/v1/dashboard/summary HTTP/1.1" 200 OK
INFO:     127.0.0.1:53503 - "GET /api/v1/geo-metrics HTTP/1.1" 200 OK
INFO:     127.0.0.1:53510 - "GET /api/v1/auth/me HTTP/1.1" 200 OK
INFO:     127.0.0.1:53512 - "GET /api/v1/auth/csrf HTTP/1.1" 200 OK
INFO:     127.0.0.1:53516 - "GET /api/v1/content-tasks HTTP/1.1" 200 OK
INFO:     127.0.0.1:53519 - "GET /api/v1/platform-prompts HTTP/1.1" 200 OK
INFO:     127.0.0.1:53520 - "GET /api/v1/users?page=1&page_size=100 HTTP/1.1" 200 OK
INFO:     127.0.0.1:53526 - "GET /api/v1/dashboard/summary HTTP/1.1" 200 OK
INFO:     127.0.0.1:53524 - "GET /api/v1/geo-metrics HTTP/1.1" 200 OK
INFO:     127.0.0.1:53528 - "GET /api/v1/products?page=1&page_size=100 HTTP/1.1" 200 OK
INFO:     127.0.0.1:53532 - "GET /api/v1/platform-prompts/26e1e65d-d07a-472a-aa97-e5020426b8f3 HTTP/1.1" 200 OK
INFO:     127.0.0.1:53535 - "GET /api/v1/content-tasks?platform_profile_id=2f4a7e23-8fab-4b92-a040-f5b32e806b51 HTTP/1.1" 200 OK
INFO:     127.0.0.1:53543 - "GET /api/v1/auth/me HTTP/1.1" 200 OK
INFO:     127.0.0.1:53545 - "GET /api/v1/auth/csrf HTTP/1.1" 200 OK
INFO:     127.0.0.1:53548 - "GET /api/v1/geo-insights?date_from=2026-07-14&date_to=2026-08-12 HTTP/1.1" 200 OK
INFO:     127.0.0.1:53556 - "GET /api/v1/products?page=1&page_size=100 HTTP/1.1" 200 OK
INFO:     127.0.0.1:53554 - "GET /api/v1/dashboard/summary HTTP/1.1" 200 OK
INFO:     127.0.0.1:53555 - "GET /api/v1/geo-metrics HTTP/1.1" 200 OK
INFO:     127.0.0.1:53561 - "GET /api/v1/auth/me HTTP/1.1" 200 OK
INFO:     127.0.0.1:53563 - "GET /api/v1/auth/csrf HTTP/1.1" 200 OK
INFO:     127.0.0.1:53569 - "GET /api/v1/users?status=ENABLED&page=1&page_size=20 HTTP/1.1" 200 OK
INFO:     127.0.0.1:53572 - "GET /api/v1/dashboard/summary HTTP/1.1" 200 OK
INFO:     127.0.0.1:53575 - "GET /api/v1/products?page=1&page_size=100 HTTP/1.1" 200 OK
INFO:     127.0.0.1:53574 - "GET /api/v1/geo-metrics HTTP/1.1" 200 OK
INFO:     127.0.0.1:53582 - "GET /api/v1/auth/me HTTP/1.1" 200 OK
INFO:     127.0.0.1:53584 - "GET /api/v1/auth/csrf HTTP/1.1" 200 OK
INFO:     127.0.0.1:53588 - "GET /api/v1/content-tasks HTTP/1.1" 200 OK
INFO:     127.0.0.1:53591 - "GET /api/v1/users?page=1&page_size=100 HTTP/1.1" 200 OK
INFO:     127.0.0.1:53589 - "GET /api/v1/platform-prompts HTTP/1.1" 200 OK
INFO:     127.0.0.1:53595 - "GET /api/v1/dashboard/summary HTTP/1.1" 200 OK
INFO:     127.0.0.1:53598 - "GET /api/v1/geo-metrics HTTP/1.1" 200 OK
INFO:     127.0.0.1:53599 - "GET /api/v1/products?page=1&page_size=100 HTTP/1.1" 200 OK
INFO:     127.0.0.1:53603 - "GET /api/v1/platform-prompts/26e1e65d-d07a-472a-aa97-e5020426b8f3 HTTP/1.1" 200 OK
INFO:     127.0.0.1:53606 - "GET /api/v1/content-tasks?platform_profile_id=2f4a7e23-8fab-4b92-a040-f5b32e806b51 HTTP/1.1" 200 OK
INFO:     127.0.0.1:53614 - "GET /api/v1/auth/me HTTP/1.1" 200 OK
INFO:     127.0.0.1:53616 - "GET /api/v1/auth/csrf HTTP/1.1" 200 OK
INFO:     127.0.0.1:53619 - "GET /api/v1/geo-insights?date_from=2026-07-14&date_to=2026-08-12 HTTP/1.1" 200 OK
INFO:     127.0.0.1:53626 - "GET /api/v1/products?page=1&page_size=100 HTTP/1.1" 200 OK
INFO:     127.0.0.1:53622 - "GET /api/v1/dashboard/summary HTTP/1.1" 200 OK
INFO:     127.0.0.1:53625 - "GET /api/v1/geo-metrics HTTP/1.1" 200 OK
  ✓  19 [e2e] › tests/e2e/cross-page-visual-convergence.spec.ts:473:1 › 三个页面类型在代表窄屏保持统一边距、280px Drawer 和无文档溢出 (15.4s)
INFO:     127.0.0.1:53637 - "GET /api/v1/auth/me HTTP/1.1" 204 No Content
INFO:     127.0.0.1:53639 - "POST /api/v1/auth/login HTTP/1.1" 200 OK
INFO:     127.0.0.1:53641 - "GET /api/v1/auth/me HTTP/1.1" 200 OK
INFO:     127.0.0.1:53643 - "GET /api/v1/auth/csrf HTTP/1.1" 200 OK
INFO:     127.0.0.1:53649 - "GET /api/v1/auth/me HTTP/1.1" 200 OK
INFO:     127.0.0.1:53652 - "GET /api/v1/content-tasks HTTP/1.1" 200 OK
INFO:     127.0.0.1:53655 - "GET /api/v1/content-tasks/1d7456c3-32cd-4d2b-859c-cbeb55da88dd/content-versions HTTP/1.1" 200 OK
INFO:     127.0.0.1:53658 - "GET /api/v1/content-tasks/1d7456c3-32cd-4d2b-859c-cbeb55da88dd/generation-jobs HTTP/1.1" 200 OK
INFO:     127.0.0.1:53661 - "GET /api/v1/ai-channels?q=%E5%85%B1%E4%BA%AB%E8%A7%86%E8%A7%89%E6%B8%A0%E9%81%93%2022441ddb&page=1&page_size=50 HTTP/1.1" 200 OK
INFO:     127.0.0.1:53664 - "GET /api/v1/auth/me HTTP/1.1" 200 OK
INFO:     127.0.0.1:53666 - "GET /api/v1/auth/csrf HTTP/1.1" 200 OK
INFO:     127.0.0.1:53671 - "GET /api/v1/users?q=admin&status=ENABLED&page=1&page_size=20 HTTP/1.1" 200 OK
INFO:     127.0.0.1:53675 - "GET /api/v1/geo-metrics HTTP/1.1" 200 OK
INFO:     127.0.0.1:53674 - "GET /api/v1/dashboard/summary HTTP/1.1" 200 OK
INFO:     127.0.0.1:53677 - "GET /api/v1/products?page=1&page_size=100 HTTP/1.1" 200 OK
INFO:     127.0.0.1:53684 - "GET /api/v1/auth/me HTTP/1.1" 200 OK
INFO:     127.0.0.1:53686 - "GET /api/v1/auth/csrf HTTP/1.1" 200 OK
INFO:     127.0.0.1:53688 - "GET /api/v1/content-tasks HTTP/1.1" 200 OK
INFO:     127.0.0.1:53691 - "GET /api/v1/platform-prompts HTTP/1.1" 200 OK
INFO:     127.0.0.1:53692 - "GET /api/v1/users?page=1&page_size=100 HTTP/1.1" 200 OK
INFO:     127.0.0.1:53699 - "GET /api/v1/dashboard/summary HTTP/1.1" 200 OK
INFO:     127.0.0.1:53696 - "GET /api/v1/geo-metrics HTTP/1.1" 200 OK
INFO:     127.0.0.1:53700 - "GET /api/v1/products?page=1&page_size=100 HTTP/1.1" 200 OK
INFO:     127.0.0.1:53704 - "GET /api/v1/platform-prompts/26e1e65d-d07a-472a-aa97-e5020426b8f3 HTTP/1.1" 200 OK
INFO:     127.0.0.1:53707 - "GET /api/v1/content-tasks?platform_profile_id=2f4a7e23-8fab-4b92-a040-f5b32e806b51 HTTP/1.1" 200 OK
INFO:     127.0.0.1:53715 - "GET /api/v1/auth/me HTTP/1.1" 200 OK
INFO:     127.0.0.1:53717 - "GET /api/v1/auth/csrf HTTP/1.1" 200 OK
INFO:     127.0.0.1:53721 - "GET /api/v1/geo-insights?date_from=2000-01-01&date_to=2000-01-30 HTTP/1.1" 200 OK
INFO:     127.0.0.1:53725 - "GET /api/v1/dashboard/summary HTTP/1.1" 200 OK
INFO:     127.0.0.1:53727 - "GET /api/v1/products?page=1&page_size=100 HTTP/1.1" 200 OK
INFO:     127.0.0.1:53726 - "GET /api/v1/geo-metrics HTTP/1.1" 200 OK
INFO:     127.0.0.1:53733 - "GET /api/v1/auth/me HTTP/1.1" 200 OK
INFO:     127.0.0.1:53735 - "GET /api/v1/auth/csrf HTTP/1.1" 200 OK
INFO:     127.0.0.1:53741 - "GET /api/v1/users?q=admin&status=ENABLED&page=1&page_size=20 HTTP/1.1" 200 OK
INFO:     127.0.0.1:53744 - "GET /api/v1/dashboard/summary HTTP/1.1" 200 OK
INFO:     127.0.0.1:53745 - "GET /api/v1/geo-metrics HTTP/1.1" 200 OK
INFO:     127.0.0.1:53747 - "GET /api/v1/products?page=1&page_size=100 HTTP/1.1" 200 OK
INFO:     127.0.0.1:53753 - "GET /api/v1/auth/me HTTP/1.1" 200 OK
INFO:     127.0.0.1:53755 - "GET /api/v1/auth/csrf HTTP/1.1" 200 OK
INFO:     127.0.0.1:53760 - "GET /api/v1/content-tasks HTTP/1.1" 200 OK
INFO:     127.0.0.1:53759 - "GET /api/v1/platform-prompts HTTP/1.1" 200 OK
INFO:     127.0.0.1:53762 - "GET /api/v1/users?page=1&page_size=100 HTTP/1.1" 200 OK
INFO:     127.0.0.1:53766 - "GET /api/v1/dashboard/summary HTTP/1.1" 200 OK
INFO:     127.0.0.1:53769 - "GET /api/v1/products?page=1&page_size=100 HTTP/1.1" 200 OK
INFO:     127.0.0.1:53770 - "GET /api/v1/geo-metrics HTTP/1.1" 200 OK
INFO:     127.0.0.1:53774 - "GET /api/v1/platform-prompts/26e1e65d-d07a-472a-aa97-e5020426b8f3 HTTP/1.1" 200 OK
INFO:     127.0.0.1:53777 - "GET /api/v1/content-tasks?platform_profile_id=2f4a7e23-8fab-4b92-a040-f5b32e806b51 HTTP/1.1" 200 OK
INFO:     127.0.0.1:53784 - "GET /api/v1/auth/me HTTP/1.1" 200 OK
INFO:     127.0.0.1:53786 - "GET /api/v1/auth/csrf HTTP/1.1" 200 OK
INFO:     127.0.0.1:53790 - "GET /api/v1/geo-insights?date_from=2000-01-01&date_to=2000-01-30 HTTP/1.1" 200 OK
INFO:     127.0.0.1:53798 - "GET /api/v1/products?page=1&page_size=100 HTTP/1.1" 200 OK
INFO:     127.0.0.1:53797 - "GET /api/v1/geo-metrics HTTP/1.1" 200 OK
INFO:     127.0.0.1:53796 - "GET /api/v1/dashboard/summary HTTP/1.1" 200 OK
INFO:     127.0.0.1:53803 - "GET /api/v1/auth/me HTTP/1.1" 200 OK
INFO:     127.0.0.1:53805 - "GET /api/v1/auth/csrf HTTP/1.1" 200 OK
INFO:     127.0.0.1:53811 - "GET /api/v1/users?q=admin&status=ENABLED&page=1&page_size=20 HTTP/1.1" 200 OK
INFO:     127.0.0.1:53817 - "GET /api/v1/products?page=1&page_size=100 HTTP/1.1" 200 OK
INFO:     127.0.0.1:53815 - "GET /api/v1/dashboard/summary HTTP/1.1" 200 OK
INFO:     127.0.0.1:53816 - "GET /api/v1/geo-metrics HTTP/1.1" 200 OK
INFO:     127.0.0.1:53824 - "GET /api/v1/auth/me HTTP/1.1" 200 OK
INFO:     127.0.0.1:53826 - "GET /api/v1/auth/csrf HTTP/1.1" 200 OK
INFO:     127.0.0.1:53829 - "GET /api/v1/content-tasks HTTP/1.1" 200 OK
INFO:     127.0.0.1:53833 - "GET /api/v1/platform-prompts HTTP/1.1" 200 OK
INFO:     127.0.0.1:53832 - "GET /api/v1/users?page=1&page_size=100 HTTP/1.1" 200 OK
INFO:     127.0.0.1:53837 - "GET /api/v1/dashboard/summary HTTP/1.1" 200 OK
INFO:     127.0.0.1:53839 - "GET /api/v1/geo-metrics HTTP/1.1" 200 OK
INFO:     127.0.0.1:53841 - "GET /api/v1/products?page=1&page_size=100 HTTP/1.1" 200 OK
INFO:     127.0.0.1:53845 - "GET /api/v1/platform-prompts/26e1e65d-d07a-472a-aa97-e5020426b8f3 HTTP/1.1" 200 OK
INFO:     127.0.0.1:53848 - "GET /api/v1/content-tasks?platform_profile_id=2f4a7e23-8fab-4b92-a040-f5b32e806b51 HTTP/1.1" 200 OK
INFO:     127.0.0.1:53855 - "GET /api/v1/auth/me HTTP/1.1" 200 OK
INFO:     127.0.0.1:53857 - "GET /api/v1/auth/csrf HTTP/1.1" 200 OK
INFO:     127.0.0.1:53861 - "GET /api/v1/geo-insights?date_from=2000-01-01&date_to=2000-01-30 HTTP/1.1" 200 OK
INFO:     127.0.0.1:53868 - "GET /api/v1/products?page=1&page_size=100 HTTP/1.1" 200 OK
INFO:     127.0.0.1:53865 - "GET /api/v1/dashboard/summary HTTP/1.1" 200 OK
INFO:     127.0.0.1:53869 - "GET /api/v1/geo-metrics HTTP/1.1" 200 OK
INFO:     127.0.0.1:53874 - "GET /api/v1/auth/me HTTP/1.1" 200 OK
INFO:     127.0.0.1:53876 - "GET /api/v1/auth/csrf HTTP/1.1" 200 OK
INFO:     127.0.0.1:53880 - "GET /api/v1/dashboard/summary HTTP/1.1" 200 OK
INFO:     127.0.0.1:53881 - "GET /api/v1/geo-metrics HTTP/1.1" 200 OK
INFO:     127.0.0.1:53884 - "GET /api/v1/products?page=1&page_size=100 HTTP/1.1" 200 OK
INFO:     127.0.0.1:53890 - "GET /api/v1/auth/me HTTP/1.1" 200 OK
INFO:     127.0.0.1:53892 - "GET /api/v1/auth/csrf HTTP/1.1" 200 OK
INFO:     127.0.0.1:53897 - "GET /api/v1/content-versions/ec413b17-f012-4551-9a48-7d56f8dcfaa0/review-context HTTP/1.1" 200 OK
INFO:     127.0.0.1:53904 - "GET /api/v1/geo-metrics HTTP/1.1" 200 OK
INFO:     127.0.0.1:53903 - "GET /api/v1/products?page=1&page_size=100 HTTP/1.1" 200 OK
INFO:     127.0.0.1:53900 - "GET /api/v1/dashboard/summary HTTP/1.1" 200 OK
INFO:     127.0.0.1:53908 - "GET /api/v1/content-tasks HTTP/1.1" 200 OK
INFO:     127.0.0.1:53907 - "GET /api/v1/content-tasks/1d7456c3-32cd-4d2b-859c-cbeb55da88dd/content-versions HTTP/1.1" 200 OK
  ✓  20 [e2e] › tests/e2e/cross-page-visual-convergence.spec.ts:496:1 › 九张代表页基线与 Dashboard、内容审核桌面锚点可重复 (9.9s)
INFO:     127.0.0.1:53917 - "GET /api/v1/auth/me HTTP/1.1" 204 No Content
INFO:     127.0.0.1:53919 - "POST /api/v1/auth/login HTTP/1.1" 200 OK
INFO:     127.0.0.1:53921 - "GET /api/v1/auth/me HTTP/1.1" 200 OK
INFO:     127.0.0.1:53923 - "GET /api/v1/auth/csrf HTTP/1.1" 200 OK
INFO:     127.0.0.1:53929 - "GET /api/v1/auth/me HTTP/1.1" 200 OK
INFO:     127.0.0.1:53932 - "GET /api/v1/content-tasks HTTP/1.1" 200 OK
INFO:     127.0.0.1:53935 - "GET /api/v1/content-tasks/1d7456c3-32cd-4d2b-859c-cbeb55da88dd/content-versions HTTP/1.1" 200 OK
INFO:     127.0.0.1:53938 - "GET /api/v1/content-tasks/1d7456c3-32cd-4d2b-859c-cbeb55da88dd/generation-jobs HTTP/1.1" 200 OK
INFO:     127.0.0.1:53941 - "GET /api/v1/ai-channels?q=%E5%85%B1%E4%BA%AB%E8%A7%86%E8%A7%89%E6%B8%A0%E9%81%93%2022441ddb&page=1&page_size=50 HTTP/1.1" 200 OK
INFO:     127.0.0.1:53944 - "GET /api/v1/auth/me HTTP/1.1" 200 OK
INFO:     127.0.0.1:53946 - "GET /api/v1/auth/csrf HTTP/1.1" 200 OK
INFO:     127.0.0.1:53951 - "GET /api/v1/users?status=ENABLED&page=1&page_size=20 HTTP/1.1" 200 OK
INFO:     127.0.0.1:53955 - "GET /api/v1/dashboard/summary HTTP/1.1" 200 OK
INFO:     127.0.0.1:53957 - "GET /api/v1/products?page=1&page_size=100 HTTP/1.1" 200 OK
INFO:     127.0.0.1:53956 - "GET /api/v1/geo-metrics HTTP/1.1" 200 OK
INFO:     127.0.0.1:53965 - "GET /api/v1/users?page=1&page_size=50 HTTP/1.1" 200 OK
INFO:     127.0.0.1:53961 - "GET /api/v1/audit-logs?page=1&page_size=20&created_from=2026-08-09T08%3A27%3A00.634Z&created_to=2026-08-12T08%3A27%3A00.634Z HTTP/1.1" 200 OK
INFO:     127.0.0.1:53964 - "GET /api/v1/audit-logs/filter-options HTTP/1.1" 200 OK
INFO:     127.0.0.1:53973 - "GET /api/v1/auth/me HTTP/1.1" 200 OK
INFO:     127.0.0.1:53975 - "GET /api/v1/auth/csrf HTTP/1.1" 200 OK
INFO:     127.0.0.1:53979 - "GET /api/v1/geo-insights?date_from=2026-07-14&date_to=2026-08-12 HTTP/1.1" 200 OK
  ✓  21 [e2e] › tests/e2e/cross-page-visual-convergence.spec.ts:556:1 › system、reduced-motion、键盘焦点和打印边界可用 (2.2s)
INFO:     127.0.0.1:53997 - "GET /api/v1/auth/me HTTP/1.1" 204 No Content
INFO:     127.0.0.1:53999 - "POST /api/v1/auth/login HTTP/1.1" 200 OK
INFO:     127.0.0.1:54001 - "GET /api/v1/auth/me HTTP/1.1" 200 OK
INFO:     127.0.0.1:54003 - "GET /api/v1/auth/csrf HTTP/1.1" 200 OK
INFO:     127.0.0.1:54009 - "GET /api/v1/auth/me HTTP/1.1" 200 OK
INFO:     127.0.0.1:54012 - "GET /api/v1/content-tasks HTTP/1.1" 200 OK
INFO:     127.0.0.1:54015 - "GET /api/v1/content-tasks/1d7456c3-32cd-4d2b-859c-cbeb55da88dd/content-versions HTTP/1.1" 200 OK
INFO:     127.0.0.1:54018 - "GET /api/v1/content-tasks/1d7456c3-32cd-4d2b-859c-cbeb55da88dd/generation-jobs HTTP/1.1" 200 OK
INFO:     127.0.0.1:54021 - "GET /api/v1/ai-channels?q=%E5%85%B1%E4%BA%AB%E8%A7%86%E8%A7%89%E6%B8%A0%E9%81%93%2022441ddb&page=1&page_size=50 HTTP/1.1" 200 OK
INFO:     127.0.0.1:54024 - "GET /api/v1/auth/me HTTP/1.1" 200 OK
INFO:     127.0.0.1:54026 - "GET /api/v1/auth/csrf HTTP/1.1" 200 OK
INFO:     127.0.0.1:54031 - "GET /api/v1/content-tasks?archive_status=ACTIVE HTTP/1.1" 200 OK
INFO:     127.0.0.1:54037 - "GET /api/v1/products?page=1&page_size=100 HTTP/1.1" 200 OK
INFO:     127.0.0.1:54035 - "GET /api/v1/dashboard/summary HTTP/1.1" 200 OK
INFO:     127.0.0.1:54036 - "GET /api/v1/geo-metrics HTTP/1.1" 200 OK
INFO:     127.0.0.1:54044 - "GET /api/v1/auth/me HTTP/1.1" 200 OK
INFO:     127.0.0.1:54046 - "GET /api/v1/auth/csrf HTTP/1.1" 200 OK
INFO:     127.0.0.1:54050 - "GET /api/v1/content-tasks/1d7456c3-32cd-4d2b-859c-cbeb55da88dd HTTP/1.1" 200 OK
INFO:     127.0.0.1:54052 - "GET /api/v1/dashboard/summary HTTP/1.1" 200 OK
INFO:     127.0.0.1:54054 - "GET /api/v1/products?page=1&page_size=100 HTTP/1.1" 200 OK
INFO:     127.0.0.1:54056 - "GET /api/v1/geo-metrics HTTP/1.1" 200 OK
INFO:     127.0.0.1:54065 - "GET /api/v1/content-tasks/1d7456c3-32cd-4d2b-859c-cbeb55da88dd/generation-jobs HTTP/1.1" 200 OK
INFO:     127.0.0.1:54066 - "GET /api/v1/content-tasks/1d7456c3-32cd-4d2b-859c-cbeb55da88dd/content-versions HTTP/1.1" 200 OK
INFO:     127.0.0.1:54062 - "GET /api/v1/content-tasks?archive_status=ALL HTTP/1.1" 200 OK
INFO:     127.0.0.1:54061 - "GET /api/v1/fact-versions/e714ca42-4590-47e2-b82a-86820256c08b HTTP/1.1" 200 OK
INFO:     127.0.0.1:54069 - "GET /api/v1/generation-jobs/d7d7bede-ae9a-46aa-9eed-198ee8836556 HTTP/1.1" 200 OK
INFO:     127.0.0.1:54078 - "GET /api/v1/auth/me HTTP/1.1" 200 OK
INFO:     127.0.0.1:54080 - "GET /api/v1/auth/csrf HTTP/1.1" 200 OK
INFO:     127.0.0.1:54083 - "GET /api/v1/products?page=1&page_size=100 HTTP/1.1" 200 OK
INFO:     127.0.0.1:54086 - "GET /api/v1/dashboard/summary HTTP/1.1" 200 OK
INFO:     127.0.0.1:54087 - "GET /api/v1/geo-metrics HTTP/1.1" 200 OK
INFO:     127.0.0.1:54093 - "GET /api/v1/auth/me HTTP/1.1" 200 OK
INFO:     127.0.0.1:54095 - "GET /api/v1/auth/csrf HTTP/1.1" 200 OK
INFO:     127.0.0.1:54104 - "GET /api/v1/products/16bba9b2-2e5d-4287-924e-489382741cc0/fact-versions HTTP/1.1" 200 OK
INFO:     127.0.0.1:54102 - "GET /api/v1/products/16bba9b2-2e5d-4287-924e-489382741cc0 HTTP/1.1" 200 OK
INFO:     127.0.0.1:54103 - "GET /api/v1/products/16bba9b2-2e5d-4287-924e-489382741cc0/facts HTTP/1.1" 200 OK
INFO:     127.0.0.1:54108 - "GET /api/v1/dashboard/summary HTTP/1.1" 200 OK
INFO:     127.0.0.1:54109 - "GET /api/v1/geo-metrics HTTP/1.1" 200 OK
INFO:     127.0.0.1:54110 - "GET /api/v1/products?page=1&page_size=100 HTTP/1.1" 200 OK
INFO:     127.0.0.1:54119 - "GET /api/v1/auth/me HTTP/1.1" 200 OK
INFO:     127.0.0.1:54121 - "GET /api/v1/auth/csrf HTTP/1.1" 200 OK
INFO:     127.0.0.1:54127 - "GET /api/v1/publication-workbench-summary HTTP/1.1" 200 OK
INFO:     127.0.0.1:54128 - "GET /api/v1/publication-ready-items HTTP/1.1" 200 OK
INFO:     127.0.0.1:54131 - "GET /api/v1/publication-works?page=1&page_size=20 HTTP/1.1" 200 OK
INFO:     127.0.0.1:54132 - "GET /api/v1/published-content-issues?page=1&page_size=20&status=OPEN HTTP/1.1" 200 OK
INFO:     127.0.0.1:54138 - "GET /api/v1/dashboard/summary HTTP/1.1" 200 OK
INFO:     127.0.0.1:54137 - "GET /api/v1/geo-metrics HTTP/1.1" 200 OK
INFO:     127.0.0.1:54139 - "GET /api/v1/products?page=1&page_size=100 HTTP/1.1" 200 OK
INFO:     127.0.0.1:54147 - "GET /api/v1/auth/me HTTP/1.1" 200 OK
INFO:     127.0.0.1:54149 - "GET /api/v1/auth/csrf HTTP/1.1" 200 OK
INFO:     127.0.0.1:54156 - "GET /api/v1/publication-workbench-summary HTTP/1.1" 200 OK
INFO:     127.0.0.1:54160 - "GET /api/v1/publication-ready-items HTTP/1.1" 200 OK
INFO:     127.0.0.1:54157 - "GET /api/v1/publication-works?page=1&page_size=20&status=ACTION_REQUIRED HTTP/1.1" 200 OK
INFO:     127.0.0.1:54161 - "GET /api/v1/published-content-issues?page=1&page_size=20&status=OPEN HTTP/1.1" 200 OK
INFO:     127.0.0.1:54164 - "GET /api/v1/dashboard/summary HTTP/1.1" 200 OK
INFO:     127.0.0.1:54169 - "GET /api/v1/products?page=1&page_size=100 HTTP/1.1" 200 OK
INFO:     127.0.0.1:54165 - "GET /api/v1/geo-metrics HTTP/1.1" 200 OK
INFO:     127.0.0.1:54176 - "GET /api/v1/auth/me HTTP/1.1" 200 OK
INFO:     127.0.0.1:54178 - "GET /api/v1/auth/csrf HTTP/1.1" 200 OK
INFO:     127.0.0.1:54184 - "GET /api/v1/published-articles?page=1&page_size=20 HTTP/1.1" 200 OK
INFO:     127.0.0.1:54189 - "GET /api/v1/products?page=1&page_size=100 HTTP/1.1" 200 OK
INFO:     127.0.0.1:54186 - "GET /api/v1/dashboard/summary HTTP/1.1" 200 OK
INFO:     127.0.0.1:54190 - "GET /api/v1/geo-metrics HTTP/1.1" 200 OK
INFO:     127.0.0.1:54197 - "GET /api/v1/auth/me HTTP/1.1" 200 OK
INFO:     127.0.0.1:54199 - "GET /api/v1/auth/csrf HTTP/1.1" 200 OK
INFO:     127.0.0.1:54204 - "GET /api/v1/published-content-issues?page=1&page_size=20&status=RESOLVED HTTP/1.1" 200 OK
INFO:     127.0.0.1:54210 - "GET /api/v1/products?page=1&page_size=100 HTTP/1.1" 200 OK
INFO:     127.0.0.1:54208 - "GET /api/v1/dashboard/summary HTTP/1.1" 200 OK
INFO:     127.0.0.1:54209 - "GET /api/v1/geo-metrics HTTP/1.1" 200 OK
INFO:     127.0.0.1:54217 - "GET /api/v1/auth/me HTTP/1.1" 200 OK
INFO:     127.0.0.1:54219 - "GET /api/v1/auth/csrf HTTP/1.1" 200 OK
INFO:     127.0.0.1:54228 - "GET /api/v1/query-topics HTTP/1.1" 200 OK
INFO:     127.0.0.1:54229 - "GET /api/v1/products?page=1&page_size=100 HTTP/1.1" 200 OK
INFO:     127.0.0.1:54225 - "GET /api/v1/geo-observations?page=1&page_size=20&sort_order=DESC&date_from=2026-07-14&date_to=2026-08-12 HTTP/1.1" 200 OK
INFO:     127.0.0.1:54226 - "GET /api/v1/geo-metrics?date_from=2026-07-14&date_to=2026-08-12 HTTP/1.1" 200 OK
INFO:     127.0.0.1:54232 - "GET /api/v1/dashboard/summary HTTP/1.1" 200 OK
INFO:     127.0.0.1:54233 - "GET /api/v1/geo-metrics HTTP/1.1" 200 OK
INFO:     127.0.0.1:54240 - "GET /api/v1/auth/me HTTP/1.1" 200 OK
INFO:     127.0.0.1:54242 - "GET /api/v1/auth/csrf HTTP/1.1" 200 OK
INFO:     127.0.0.1:54254 - "GET /api/v1/query-topics HTTP/1.1" 200 OK
INFO:     127.0.0.1:54253 - "GET /api/v1/products?page=1&page_size=100 HTTP/1.1" 200 OK
INFO:     127.0.0.1:54249 - "GET /api/v1/geo-observations?page=1&page_size=20&sort_order=DESC&date_from=2026-07-14&date_to=2026-08-12 HTTP/1.1" 200 OK
INFO:     127.0.0.1:54250 - "GET /api/v1/geo-metrics?date_from=2026-07-14&date_to=2026-08-12 HTTP/1.1" 200 OK
INFO:     127.0.0.1:54256 - "GET /api/v1/dashboard/summary HTTP/1.1" 200 OK
INFO:     127.0.0.1:54258 - "GET /api/v1/geo-metrics HTTP/1.1" 200 OK
INFO:     127.0.0.1:54262 - "GET /api/v1/products?page=1&page_size=100&search=VISUAL-22441ddb HTTP/1.1" 200 OK
INFO:     127.0.0.1:54265 - "GET /api/v1/geo-observation-publications?product_id=16bba9b2-2e5d-4287-924e-489382741cc0 HTTP/1.1" 200 OK
INFO:     127.0.0.1:54272 - "GET /api/v1/auth/me HTTP/1.1" 200 OK
INFO:     127.0.0.1:54274 - "GET /api/v1/auth/csrf HTTP/1.1" 200 OK
INFO:     127.0.0.1:54279 - "GET /api/v1/query-topics HTTP/1.1" 200 OK
INFO:     127.0.0.1:54285 - "GET /api/v1/products?page=1&page_size=100 HTTP/1.1" 200 OK
INFO:     127.0.0.1:54283 - "GET /api/v1/dashboard/summary HTTP/1.1" 200 OK
INFO:     127.0.0.1:54287 - "GET /api/v1/geo-metrics HTTP/1.1" 200 OK
INFO:     127.0.0.1:54292 - "GET /api/v1/auth/me HTTP/1.1" 200 OK
INFO:     127.0.0.1:54294 - "GET /api/v1/auth/csrf HTTP/1.1" 200 OK
INFO:     127.0.0.1:54298 - "GET /api/v1/geo-insights?date_from=2026-07-14&date_to=2026-08-12 HTTP/1.1" 200 OK
INFO:     127.0.0.1:54305 - "GET /api/v1/products?page=1&page_size=100 HTTP/1.1" 200 OK
INFO:     127.0.0.1:54302 - "GET /api/v1/dashboard/summary HTTP/1.1" 200 OK
INFO:     127.0.0.1:54303 - "GET /api/v1/geo-metrics HTTP/1.1" 200 OK
INFO:     127.0.0.1:54311 - "GET /api/v1/auth/me HTTP/1.1" 200 OK
INFO:     127.0.0.1:54313 - "GET /api/v1/auth/csrf HTTP/1.1" 200 OK
INFO:     127.0.0.1:54318 - "GET /api/v1/ai-channels?page=1&page_size=20&sort=CREATED_DESC HTTP/1.1" 200 OK
INFO:     127.0.0.1:54322 - "GET /api/v1/ai-channels/1109e059-e263-4293-a6d4-f0c6c71884d1/models HTTP/1.1" 200 OK
INFO:     127.0.0.1:54320 - "GET /api/v1/ai-channels/1109e059-e263-4293-a6d4-f0c6c71884d1 HTTP/1.1" 200 OK
INFO:     127.0.0.1:54324 - "GET /api/v1/users?page=1&page_size=100 HTTP/1.1" 200 OK
INFO:     127.0.0.1:54328 - "GET /api/v1/geo-metrics HTTP/1.1" 200 OK
INFO:     127.0.0.1:54331 - "GET /api/v1/products?page=1&page_size=100 HTTP/1.1" 200 OK
INFO:     127.0.0.1:54329 - "GET /api/v1/dashboard/summary HTTP/1.1" 200 OK
INFO:     127.0.0.1:54341 - "GET /api/v1/auth/me HTTP/1.1" 200 OK
INFO:     127.0.0.1:54343 - "GET /api/v1/auth/csrf HTTP/1.1" 200 OK
INFO:     127.0.0.1:54348 - "GET /api/v1/ai-channels/1109e059-e263-4293-a6d4-f0c6c71884d1/models HTTP/1.1" 200 OK
INFO:     127.0.0.1:54347 - "GET /api/v1/ai-channels/1109e059-e263-4293-a6d4-f0c6c71884d1 HTTP/1.1" 200 OK
INFO:     127.0.0.1:54351 - "GET /api/v1/users?page=1&page_size=100 HTTP/1.1" 200 OK
INFO:     127.0.0.1:54352 - "GET /api/v1/ai-channels?page=1&page_size=20&sort=CREATED_DESC HTTP/1.1" 200 OK
INFO:     127.0.0.1:54362 - "GET /api/v1/products?page=1&page_size=100 HTTP/1.1" 200 OK
INFO:     127.0.0.1:54361 - "GET /api/v1/geo-metrics HTTP/1.1" 200 OK
INFO:     127.0.0.1:54359 - "GET /api/v1/dashboard/summary HTTP/1.1" 200 OK
INFO:     127.0.0.1:54367 - "GET /api/v1/auth/me HTTP/1.1" 200 OK
INFO:     127.0.0.1:54369 - "GET /api/v1/auth/csrf HTTP/1.1" 200 OK
INFO:     127.0.0.1:54376 - "GET /api/v1/ai-channels/1109e059-e263-4293-a6d4-f0c6c71884d1/models HTTP/1.1" 200 OK
INFO:     127.0.0.1:54380 - "GET /api/v1/ai-channels?page=1&page_size=20&sort=CREATED_DESC HTTP/1.1" 200 OK
INFO:     127.0.0.1:54379 - "GET /api/v1/users?page=1&page_size=100 HTTP/1.1" 200 OK
INFO:     127.0.0.1:54375 - "GET /api/v1/ai-channels/1109e059-e263-4293-a6d4-f0c6c71884d1 HTTP/1.1" 200 OK
INFO:     127.0.0.1:54390 - "GET /api/v1/products?page=1&page_size=100 HTTP/1.1" 200 OK
INFO:     127.0.0.1:54388 - "GET /api/v1/dashboard/summary HTTP/1.1" 200 OK
INFO:     127.0.0.1:54389 - "GET /api/v1/geo-metrics HTTP/1.1" 200 OK
INFO:     127.0.0.1:54397 - "GET /api/v1/auth/me HTTP/1.1" 200 OK
INFO:     127.0.0.1:54399 - "GET /api/v1/auth/csrf HTTP/1.1" 200 OK
INFO:     127.0.0.1:54406 - "GET /api/v1/ai-channels/1109e059-e263-4293-a6d4-f0c6c71884d1/audit-logs?page=1&page_size=20 HTTP/1.1" 200 OK
INFO:     127.0.0.1:54409 - "GET /api/v1/ai-channels?page=1&page_size=20&sort=CREATED_DESC HTTP/1.1" 200 OK
INFO:     127.0.0.1:54410 - "GET /api/v1/users?page=1&page_size=100 HTTP/1.1" 200 OK
INFO:     127.0.0.1:54404 - "GET /api/v1/ai-channels/1109e059-e263-4293-a6d4-f0c6c71884d1/models HTTP/1.1" 200 OK
INFO:     127.0.0.1:54402 - "GET /api/v1/ai-channels/1109e059-e263-4293-a6d4-f0c6c71884d1 HTTP/1.1" 200 OK
INFO:     127.0.0.1:54416 - "GET /api/v1/dashboard/summary HTTP/1.1" 200 OK
INFO:     127.0.0.1:54417 - "GET /api/v1/geo-metrics HTTP/1.1" 200 OK
INFO:     127.0.0.1:54419 - "GET /api/v1/products?page=1&page_size=100 HTTP/1.1" 200 OK
INFO:     127.0.0.1:54427 - "GET /api/v1/auth/me HTTP/1.1" 200 OK
INFO:     127.0.0.1:54429 - "GET /api/v1/auth/csrf HTTP/1.1" 200 OK
INFO:     127.0.0.1:54439 - "GET /api/v1/users?page=1&page_size=50 HTTP/1.1" 200 OK
INFO:     127.0.0.1:54436 - "GET /api/v1/audit-logs?page=1&page_size=20&created_from=2026-08-09T08%3A27%3A20.842Z&created_to=2026-08-12T08%3A27%3A20.842Z HTTP/1.1" 200 OK
INFO:     127.0.0.1:54438 - "GET /api/v1/audit-logs/filter-options HTTP/1.1" 200 OK
INFO:     127.0.0.1:54443 - "GET /api/v1/dashboard/summary HTTP/1.1" 200 OK
INFO:     127.0.0.1:54446 - "GET /api/v1/products?page=1&page_size=100 HTTP/1.1" 200 OK
INFO:     127.0.0.1:54447 - "GET /api/v1/geo-metrics HTTP/1.1" 200 OK
INFO:     127.0.0.1:54452 - "GET /api/v1/auth/me HTTP/1.1" 200 OK
INFO:     127.0.0.1:54454 - "GET /api/v1/auth/csrf HTTP/1.1" 200 OK
INFO:     127.0.0.1:54459 - "GET /api/v1/ai-channels/1109e059-e263-4293-a6d4-f0c6c71884d1 HTTP/1.1" 200 OK
INFO:     127.0.0.1:54464 - "GET /api/v1/ai-channels/1109e059-e263-4293-a6d4-f0c6c71884d1/models HTTP/1.1" 200 OK
INFO:     127.0.0.1:54465 - "GET /api/v1/ai-channels?page=1&page_size=20&sort=CREATED_DESC HTTP/1.1" 200 OK
INFO:     127.0.0.1:54462 - "GET /api/v1/users?page=1&page_size=100 HTTP/1.1" 200 OK
INFO:     127.0.0.1:54469 - "GET /api/v1/dashboard/summary HTTP/1.1" 200 OK
INFO:     127.0.0.1:54474 - "GET /api/v1/products?page=1&page_size=100 HTTP/1.1" 200 OK
INFO:     127.0.0.1:54470 - "GET /api/v1/geo-metrics HTTP/1.1" 200 OK
INFO:     127.0.0.1:54478 - "GET /v1/models HTTP/1.1" 200 OK
INFO:     127.0.0.1:54477 - "POST /api/v1/ai-channels/1109e059-e263-4293-a6d4-f0c6c71884d1/discover-models HTTP/1.1" 200 OK
INFO:     127.0.0.1:54485 - "GET /api/v1/auth/me HTTP/1.1" 200 OK
INFO:     127.0.0.1:54487 - "GET /api/v1/auth/csrf HTTP/1.1" 200 OK
INFO:     127.0.0.1:54496 - "GET /api/v1/platform-profiles?page=1&page_size=20 HTTP/1.1" 200 OK
INFO:     127.0.0.1:54497 - "GET /api/v1/platform-prompts HTTP/1.1" 200 OK
INFO:     127.0.0.1:54494 - "GET /api/v1/platform-types HTTP/1.1" 200 OK
INFO:     127.0.0.1:54505 - "GET /api/v1/products?page=1&page_size=100 HTTP/1.1" 200 OK
INFO:     127.0.0.1:54502 - "GET /api/v1/dashboard/summary HTTP/1.1" 200 OK
INFO:     127.0.0.1:54503 - "GET /api/v1/geo-metrics HTTP/1.1" 200 OK
INFO:     127.0.0.1:54510 - "GET /api/v1/auth/me HTTP/1.1" 200 OK
INFO:     127.0.0.1:54512 - "GET /api/v1/auth/csrf HTTP/1.1" 200 OK
INFO:     127.0.0.1:54517 - "GET /api/v1/platform-types HTTP/1.1" 200 OK
INFO:     127.0.0.1:54524 - "GET /api/v1/products?page=1&page_size=100 HTTP/1.1" 200 OK
INFO:     127.0.0.1:54521 - "GET /api/v1/dashboard/summary HTTP/1.1" 200 OK
INFO:     127.0.0.1:54522 - "GET /api/v1/geo-metrics HTTP/1.1" 200 OK
INFO:     127.0.0.1:54529 - "GET /api/v1/auth/me HTTP/1.1" 200 OK
INFO:     127.0.0.1:54531 - "GET /api/v1/auth/csrf HTTP/1.1" 200 OK
INFO:     127.0.0.1:54538 - "GET /api/v1/platform-accounts HTTP/1.1" 200 OK
INFO:     127.0.0.1:54537 - "GET /api/v1/platform-profiles HTTP/1.1" 200 OK
INFO:     127.0.0.1:54544 - "GET /api/v1/dashboard/summary HTTP/1.1" 200 OK
INFO:     127.0.0.1:54546 - "GET /api/v1/products?page=1&page_size=100 HTTP/1.1" 200 OK
INFO:     127.0.0.1:54545 - "GET /api/v1/geo-metrics HTTP/1.1" 200 OK
INFO:     127.0.0.1:54552 - "GET /api/v1/auth/me HTTP/1.1" 200 OK
INFO:     127.0.0.1:54554 - "GET /api/v1/auth/csrf HTTP/1.1" 200 OK
INFO:     127.0.0.1:54559 - "GET /api/v1/users?status=ENABLED&page=1&page_size=20 HTTP/1.1" 200 OK
INFO:     127.0.0.1:54564 - "GET /api/v1/dashboard/summary HTTP/1.1" 200 OK
INFO:     127.0.0.1:54563 - "GET /api/v1/geo-metrics HTTP/1.1" 200 OK
INFO:     127.0.0.1:54565 - "GET /api/v1/products?page=1&page_size=100 HTTP/1.1" 200 OK
INFO:     127.0.0.1:54570 - "GET /api/v1/auth/me HTTP/1.1" 200 OK
INFO:     127.0.0.1:54572 - "GET /api/v1/auth/csrf HTTP/1.1" 200 OK
INFO:     127.0.0.1:54578 - "GET /api/v1/content-tasks?archive_status=ACTIVE HTTP/1.1" 200 OK
INFO:     127.0.0.1:54583 - "GET /api/v1/geo-metrics HTTP/1.1" 200 OK
INFO:     127.0.0.1:54584 - "GET /api/v1/products?page=1&page_size=100 HTTP/1.1" 200 OK
INFO:     127.0.0.1:54582 - "GET /api/v1/dashboard/summary HTTP/1.1" 200 OK
INFO:     127.0.0.1:54589 - "GET /api/v1/auth/me HTTP/1.1" 200 OK
INFO:     127.0.0.1:54591 - "GET /api/v1/auth/csrf HTTP/1.1" 200 OK
INFO:     127.0.0.1:54597 - "GET /api/v1/content-tasks/1d7456c3-32cd-4d2b-859c-cbeb55da88dd HTTP/1.1" 200 OK
INFO:     127.0.0.1:54601 - "GET /api/v1/dashboard/summary HTTP/1.1" 200 OK
INFO:     127.0.0.1:54603 - "GET /api/v1/products?page=1&page_size=100 HTTP/1.1" 200 OK
INFO:     127.0.0.1:54602 - "GET /api/v1/geo-metrics HTTP/1.1" 200 OK
INFO:     127.0.0.1:54610 - "GET /api/v1/fact-versions/e714ca42-4590-47e2-b82a-86820256c08b HTTP/1.1" 200 OK
INFO:     127.0.0.1:54612 - "GET /api/v1/content-tasks/1d7456c3-32cd-4d2b-859c-cbeb55da88dd/content-versions HTTP/1.1" 200 OK
INFO:     127.0.0.1:54613 - "GET /api/v1/content-tasks/1d7456c3-32cd-4d2b-859c-cbeb55da88dd/generation-jobs HTTP/1.1" 200 OK
INFO:     127.0.0.1:54609 - "GET /api/v1/content-tasks?archive_status=ALL HTTP/1.1" 200 OK
INFO:     127.0.0.1:54619 - "GET /api/v1/content-tasks/1d7456c3-32cd-4d2b-859c-cbeb55da88dd/content-versions HTTP/1.1" 200 OK
INFO:     127.0.0.1:54617 - "GET /api/v1/generation-jobs/d7d7bede-ae9a-46aa-9eed-198ee8836556 HTTP/1.1" 200 OK
INFO:     127.0.0.1:54627 - "GET /api/v1/auth/me HTTP/1.1" 200 OK
INFO:     127.0.0.1:54629 - "GET /api/v1/auth/csrf HTTP/1.1" 200 OK
INFO:     127.0.0.1:54633 - "GET /api/v1/products?page=1&page_size=100 HTTP/1.1" 200 OK
INFO:     127.0.0.1:54636 - "GET /api/v1/dashboard/summary HTTP/1.1" 200 OK
INFO:     127.0.0.1:54637 - "GET /api/v1/geo-metrics HTTP/1.1" 200 OK
INFO:     127.0.0.1:54642 - "GET /api/v1/auth/me HTTP/1.1" 200 OK
INFO:     127.0.0.1:54644 - "GET /api/v1/auth/csrf HTTP/1.1" 200 OK
INFO:     127.0.0.1:54653 - "GET /api/v1/products/16bba9b2-2e5d-4287-924e-489382741cc0 HTTP/1.1" 200 OK
INFO:     127.0.0.1:54654 - "GET /api/v1/products/16bba9b2-2e5d-4287-924e-489382741cc0/fact-versions HTTP/1.1" 200 OK
INFO:     127.0.0.1:54652 - "GET /api/v1/products/16bba9b2-2e5d-4287-924e-489382741cc0/facts HTTP/1.1" 200 OK
INFO:     127.0.0.1:54659 - "GET /api/v1/geo-metrics HTTP/1.1" 200 OK
INFO:     127.0.0.1:54660 - "GET /api/v1/products?page=1&page_size=100 HTTP/1.1" 200 OK
INFO:     127.0.0.1:54658 - "GET /api/v1/dashboard/summary HTTP/1.1" 200 OK
INFO:     127.0.0.1:54668 - "GET /api/v1/auth/me HTTP/1.1" 200 OK
INFO:     127.0.0.1:54670 - "GET /api/v1/auth/csrf HTTP/1.1" 200 OK
INFO:     127.0.0.1:54679 - "GET /api/v1/publication-ready-items HTTP/1.1" 200 OK
INFO:     127.0.0.1:54677 - "GET /api/v1/publication-workbench-summary HTTP/1.1" 200 OK
INFO:     127.0.0.1:54682 - "GET /api/v1/published-content-issues?page=1&page_size=20&status=OPEN HTTP/1.1" 200 OK
INFO:     127.0.0.1:54680 - "GET /api/v1/publication-works?page=1&page_size=20 HTTP/1.1" 200 OK
INFO:     127.0.0.1:54684 - "GET /api/v1/dashboard/summary HTTP/1.1" 200 OK
INFO:     127.0.0.1:54690 - "GET /api/v1/products?page=1&page_size=100 HTTP/1.1" 200 OK
INFO:     127.0.0.1:54686 - "GET /api/v1/geo-metrics HTTP/1.1" 200 OK
INFO:     127.0.0.1:54697 - "GET /api/v1/auth/me HTTP/1.1" 200 OK
INFO:     127.0.0.1:54699 - "GET /api/v1/auth/csrf HTTP/1.1" 200 OK
INFO:     127.0.0.1:54705 - "GET /api/v1/publication-workbench-summary HTTP/1.1" 200 OK
INFO:     127.0.0.1:54711 - "GET /api/v1/publication-works?page=1&page_size=20&status=ACTION_REQUIRED HTTP/1.1" 200 OK
INFO:     127.0.0.1:54707 - "GET /api/v1/publication-ready-items HTTP/1.1" 200 OK
INFO:     127.0.0.1:54709 - "GET /api/v1/published-content-issues?page=1&page_size=20&status=OPEN HTTP/1.1" 200 OK
INFO:     127.0.0.1:54715 - "GET /api/v1/dashboard/summary HTTP/1.1" 200 OK
INFO:     127.0.0.1:54716 - "GET /api/v1/geo-metrics HTTP/1.1" 200 OK
INFO:     127.0.0.1:54718 - "GET /api/v1/products?page=1&page_size=100 HTTP/1.1" 200 OK
INFO:     127.0.0.1:54727 - "GET /api/v1/auth/me HTTP/1.1" 200 OK
INFO:     127.0.0.1:54729 - "GET /api/v1/auth/csrf HTTP/1.1" 200 OK
INFO:     127.0.0.1:54734 - "GET /api/v1/published-articles?page=1&page_size=20 HTTP/1.1" 200 OK
INFO:     127.0.0.1:54739 - "GET /api/v1/products?page=1&page_size=100 HTTP/1.1" 200 OK
INFO:     127.0.0.1:54738 - "GET /api/v1/dashboard/summary HTTP/1.1" 200 OK
INFO:     127.0.0.1:54740 - "GET /api/v1/geo-metrics HTTP/1.1" 200 OK
INFO:     127.0.0.1:54746 - "GET /api/v1/auth/me HTTP/1.1" 200 OK
INFO:     127.0.0.1:54748 - "GET /api/v1/auth/csrf HTTP/1.1" 200 OK
INFO:     127.0.0.1:54753 - "GET /api/v1/published-content-issues?page=1&page_size=20&status=RESOLVED HTTP/1.1" 200 OK
INFO:     127.0.0.1:54755 - "GET /api/v1/dashboard/summary HTTP/1.1" 200 OK
INFO:     127.0.0.1:54759 - "GET /api/v1/products?page=1&page_size=100 HTTP/1.1" 200 OK
INFO:     127.0.0.1:54758 - "GET /api/v1/geo-metrics HTTP/1.1" 200 OK
INFO:     127.0.0.1:54765 - "GET /api/v1/auth/me HTTP/1.1" 200 OK
INFO:     127.0.0.1:54767 - "GET /api/v1/auth/csrf HTTP/1.1" 200 OK
INFO:     127.0.0.1:54778 - "GET /api/v1/query-topics HTTP/1.1" 200 OK
INFO:     127.0.0.1:54777 - "GET /api/v1/products?page=1&page_size=100 HTTP/1.1" 200 OK
INFO:     127.0.0.1:54774 - "GET /api/v1/geo-metrics?date_from=2026-07-14&date_to=2026-08-12 HTTP/1.1" 200 OK
INFO:     127.0.0.1:54772 - "GET /api/v1/geo-observations?page=1&page_size=20&sort_order=DESC&date_from=2026-07-14&date_to=2026-08-12 HTTP/1.1" 200 OK
INFO:     127.0.0.1:54780 - "GET /api/v1/dashboard/summary HTTP/1.1" 200 OK
INFO:     127.0.0.1:54782 - "GET /api/v1/geo-metrics HTTP/1.1" 200 OK
INFO:     127.0.0.1:54791 - "GET /api/v1/auth/me HTTP/1.1" 200 OK
INFO:     127.0.0.1:54793 - "GET /api/v1/auth/csrf HTTP/1.1" 200 OK
INFO:     127.0.0.1:54803 - "GET /api/v1/products?page=1&page_size=100 HTTP/1.1" 200 OK
INFO:     127.0.0.1:54804 - "GET /api/v1/query-topics HTTP/1.1" 200 OK
INFO:     127.0.0.1:54799 - "GET /api/v1/geo-observations?page=1&page_size=20&sort_order=DESC&date_from=2026-07-14&date_to=2026-08-12 HTTP/1.1" 200 OK
INFO:     127.0.0.1:54800 - "GET /api/v1/geo-metrics?date_from=2026-07-14&date_to=2026-08-12 HTTP/1.1" 200 OK
INFO:     127.0.0.1:54810 - "GET /api/v1/dashboard/summary HTTP/1.1" 200 OK
INFO:     127.0.0.1:54809 - "GET /api/v1/geo-metrics HTTP/1.1" 200 OK
INFO:     127.0.0.1:54812 - "GET /api/v1/products?page=1&page_size=100&search=VISUAL-22441ddb HTTP/1.1" 200 OK
INFO:     127.0.0.1:54814 - "GET /api/v1/geo-observation-publications?product_id=16bba9b2-2e5d-4287-924e-489382741cc0 HTTP/1.1" 200 OK
INFO:     127.0.0.1:54821 - "GET /api/v1/auth/me HTTP/1.1" 200 OK
INFO:     127.0.0.1:54823 - "GET /api/v1/auth/csrf HTTP/1.1" 200 OK
INFO:     127.0.0.1:54828 - "GET /api/v1/query-topics HTTP/1.1" 200 OK
INFO:     127.0.0.1:54834 - "GET /api/v1/products?page=1&page_size=100 HTTP/1.1" 200 OK
INFO:     127.0.0.1:54830 - "GET /api/v1/dashboard/summary HTTP/1.1" 200 OK
INFO:     127.0.0.1:54832 - "GET /api/v1/geo-metrics HTTP/1.1" 200 OK
INFO:     127.0.0.1:54840 - "GET /api/v1/auth/me HTTP/1.1" 200 OK
INFO:     127.0.0.1:54842 - "GET /api/v1/auth/csrf HTTP/1.1" 200 OK
INFO:     127.0.0.1:54846 - "GET /api/v1/geo-insights?date_from=2026-07-14&date_to=2026-08-12 HTTP/1.1" 200 OK
INFO:     127.0.0.1:54854 - "GET /api/v1/products?page=1&page_size=100 HTTP/1.1" 200 OK
INFO:     127.0.0.1:54851 - "GET /api/v1/dashboard/summary HTTP/1.1" 200 OK
INFO:     127.0.0.1:54852 - "GET /api/v1/geo-metrics HTTP/1.1" 200 OK
INFO:     127.0.0.1:54860 - "GET /api/v1/auth/me HTTP/1.1" 200 OK
INFO:     127.0.0.1:54862 - "GET /api/v1/auth/csrf HTTP/1.1" 200 OK
INFO:     127.0.0.1:54866 - "GET /api/v1/ai-channels?page=1&page_size=20&sort=CREATED_DESC HTTP/1.1" 200 OK
INFO:     127.0.0.1:54871 - "GET /api/v1/dashboard/summary HTTP/1.1" 200 OK
INFO:     127.0.0.1:54873 - "GET /api/v1/products?page=1&page_size=100 HTTP/1.1" 200 OK
INFO:     127.0.0.1:54872 - "GET /api/v1/geo-metrics HTTP/1.1" 200 OK
INFO:     127.0.0.1:54880 - "GET /api/v1/users?page=1&page_size=100 HTTP/1.1" 200 OK
INFO:     127.0.0.1:54878 - "GET /api/v1/ai-channels/1109e059-e263-4293-a6d4-f0c6c71884d1/models HTTP/1.1" 200 OK
INFO:     127.0.0.1:54877 - "GET /api/v1/ai-channels/1109e059-e263-4293-a6d4-f0c6c71884d1 HTTP/1.1" 200 OK
INFO:     127.0.0.1:54887 - "GET /api/v1/auth/me HTTP/1.1" 200 OK
INFO:     127.0.0.1:54889 - "GET /api/v1/auth/csrf HTTP/1.1" 200 OK
INFO:     127.0.0.1:54894 - "GET /api/v1/ai-channels/1109e059-e263-4293-a6d4-f0c6c71884d1 HTTP/1.1" 200 OK
INFO:     127.0.0.1:54896 - "GET /api/v1/users?page=1&page_size=100 HTTP/1.1" 200 OK
INFO:     127.0.0.1:54899 - "GET /api/v1/ai-channels?page=1&page_size=20&sort=CREATED_DESC HTTP/1.1" 200 OK
INFO:     127.0.0.1:54900 - "GET /api/v1/ai-channels/1109e059-e263-4293-a6d4-f0c6c71884d1/models HTTP/1.1" 200 OK
INFO:     127.0.0.1:54904 - "GET /api/v1/dashboard/summary HTTP/1.1" 200 OK
INFO:     127.0.0.1:54909 - "GET /api/v1/products?page=1&page_size=100 HTTP/1.1" 200 OK
INFO:     127.0.0.1:54905 - "GET /api/v1/geo-metrics HTTP/1.1" 200 OK
INFO:     127.0.0.1:54916 - "GET /api/v1/auth/me HTTP/1.1" 200 OK
INFO:     127.0.0.1:54918 - "GET /api/v1/auth/csrf HTTP/1.1" 200 OK
INFO:     127.0.0.1:54926 - "GET /api/v1/ai-channels/1109e059-e263-4293-a6d4-f0c6c71884d1/models HTTP/1.1" 200 OK
INFO:     127.0.0.1:54923 - "GET /api/v1/ai-channels/1109e059-e263-4293-a6d4-f0c6c71884d1 HTTP/1.1" 200 OK
INFO:     127.0.0.1:54927 - "GET /api/v1/users?page=1&page_size=100 HTTP/1.1" 200 OK
INFO:     127.0.0.1:54929 - "GET /api/v1/ai-channels?page=1&page_size=20&sort=CREATED_DESC HTTP/1.1" 200 OK
INFO:     127.0.0.1:54933 - "GET /api/v1/geo-metrics HTTP/1.1" 200 OK
INFO:     127.0.0.1:54934 - "GET /api/v1/dashboard/summary HTTP/1.1" 200 OK
INFO:     127.0.0.1:54938 - "GET /api/v1/products?page=1&page_size=100 HTTP/1.1" 200 OK
INFO:     127.0.0.1:54945 - "GET /api/v1/auth/me HTTP/1.1" 200 OK
INFO:     127.0.0.1:54947 - "GET /api/v1/auth/csrf HTTP/1.1" 200 OK
INFO:     127.0.0.1:54953 - "GET /api/v1/ai-channels/1109e059-e263-4293-a6d4-f0c6c71884d1 HTTP/1.1" 200 OK
INFO:     127.0.0.1:54959 - "GET /api/v1/ai-channels/1109e059-e263-4293-a6d4-f0c6c71884d1/audit-logs?page=1&page_size=20 HTTP/1.1" 200 OK
INFO:     127.0.0.1:54957 - "GET /api/v1/users?page=1&page_size=100 HTTP/1.1" 200 OK
INFO:     127.0.0.1:54960 - "GET /api/v1/ai-channels?page=1&page_size=20&sort=CREATED_DESC HTTP/1.1" 200 OK
INFO:     127.0.0.1:54954 - "GET /api/v1/ai-channels/1109e059-e263-4293-a6d4-f0c6c71884d1/models HTTP/1.1" 200 OK
INFO:     127.0.0.1:54967 - "GET /api/v1/geo-metrics HTTP/1.1" 200 OK
INFO:     127.0.0.1:54963 - "GET /api/v1/dashboard/summary HTTP/1.1" 200 OK
INFO:     127.0.0.1:54970 - "GET /api/v1/products?page=1&page_size=100 HTTP/1.1" 200 OK
INFO:     127.0.0.1:54977 - "GET /api/v1/auth/me HTTP/1.1" 200 OK
INFO:     127.0.0.1:54979 - "GET /api/v1/auth/csrf HTTP/1.1" 200 OK
INFO:     127.0.0.1:54988 - "GET /api/v1/users?page=1&page_size=50 HTTP/1.1" 200 OK
INFO:     127.0.0.1:54984 - "GET /api/v1/audit-logs?page=1&page_size=20&created_from=2026-08-09T08%3A27%3A44.925Z&created_to=2026-08-12T08%3A27%3A44.925Z HTTP/1.1" 200 OK
INFO:     127.0.0.1:54987 - "GET /api/v1/audit-logs/filter-options HTTP/1.1" 200 OK
INFO:     127.0.0.1:54996 - "GET /api/v1/dashboard/summary HTTP/1.1" 200 OK
INFO:     127.0.0.1:54997 - "GET /api/v1/products?page=1&page_size=100 HTTP/1.1" 200 OK
INFO:     127.0.0.1:54995 - "GET /api/v1/geo-metrics HTTP/1.1" 200 OK
INFO:     127.0.0.1:55003 - "GET /api/v1/auth/me HTTP/1.1" 200 OK
INFO:     127.0.0.1:55005 - "GET /api/v1/auth/csrf HTTP/1.1" 200 OK
INFO:     127.0.0.1:55010 - "GET /api/v1/ai-channels/1109e059-e263-4293-a6d4-f0c6c71884d1 HTTP/1.1" 200 OK
INFO:     127.0.0.1:55014 - "GET /api/v1/users?page=1&page_size=100 HTTP/1.1" 200 OK
INFO:     127.0.0.1:55015 - "GET /api/v1/ai-channels?page=1&page_size=20&sort=CREATED_DESC HTTP/1.1" 200 OK
INFO:     127.0.0.1:55016 - "GET /api/v1/ai-channels/1109e059-e263-4293-a6d4-f0c6c71884d1/models HTTP/1.1" 200 OK
INFO:     127.0.0.1:55023 - "GET /api/v1/dashboard/summary HTTP/1.1" 200 OK
INFO:     127.0.0.1:55024 - "GET /api/v1/products?page=1&page_size=100 HTTP/1.1" 200 OK
INFO:     127.0.0.1:55021 - "GET /api/v1/geo-metrics HTTP/1.1" 200 OK
INFO:     127.0.0.1:55027 - "GET /v1/models HTTP/1.1" 200 OK
INFO:     127.0.0.1:55026 - "POST /api/v1/ai-channels/1109e059-e263-4293-a6d4-f0c6c71884d1/discover-models HTTP/1.1" 200 OK
INFO:     127.0.0.1:55034 - "GET /api/v1/auth/me HTTP/1.1" 200 OK
INFO:     127.0.0.1:55036 - "GET /api/v1/auth/csrf HTTP/1.1" 200 OK
INFO:     127.0.0.1:55042 - "GET /api/v1/platform-profiles?page=1&page_size=20 HTTP/1.1" 200 OK
INFO:     127.0.0.1:55046 - "GET /api/v1/platform-prompts HTTP/1.1" 200 OK
INFO:     127.0.0.1:55044 - "GET /api/v1/platform-types HTTP/1.1" 200 OK
INFO:     127.0.0.1:55048 - "GET /api/v1/dashboard/summary HTTP/1.1" 200 OK
INFO:     127.0.0.1:55051 - "GET /api/v1/geo-metrics HTTP/1.1" 200 OK
INFO:     127.0.0.1:55052 - "GET /api/v1/products?page=1&page_size=100 HTTP/1.1" 200 OK
INFO:     127.0.0.1:55061 - "GET /api/v1/auth/me HTTP/1.1" 200 OK
INFO:     127.0.0.1:55063 - "GET /api/v1/auth/csrf HTTP/1.1" 200 OK
INFO:     127.0.0.1:55067 - "GET /api/v1/platform-types HTTP/1.1" 200 OK
INFO:     127.0.0.1:55073 - "GET /api/v1/geo-metrics HTTP/1.1" 200 OK
INFO:     127.0.0.1:55071 - "GET /api/v1/dashboard/summary HTTP/1.1" 200 OK
INFO:     127.0.0.1:55072 - "GET /api/v1/products?page=1&page_size=100 HTTP/1.1" 200 OK
INFO:     127.0.0.1:55081 - "GET /api/v1/auth/me HTTP/1.1" 200 OK
INFO:     127.0.0.1:55083 - "GET /api/v1/auth/csrf HTTP/1.1" 200 OK
INFO:     127.0.0.1:55087 - "GET /api/v1/platform-profiles HTTP/1.1" 200 OK
INFO:     127.0.0.1:55088 - "GET /api/v1/platform-accounts HTTP/1.1" 200 OK
INFO:     127.0.0.1:55093 - "GET /api/v1/products?page=1&page_size=100 HTTP/1.1" 200 OK
INFO:     127.0.0.1:55090 - "GET /api/v1/dashboard/summary HTTP/1.1" 200 OK
INFO:     127.0.0.1:55094 - "GET /api/v1/geo-metrics HTTP/1.1" 200 OK
INFO:     127.0.0.1:55101 - "GET /api/v1/auth/me HTTP/1.1" 200 OK
INFO:     127.0.0.1:55103 - "GET /api/v1/auth/csrf HTTP/1.1" 200 OK
INFO:     127.0.0.1:55109 - "GET /api/v1/users?status=ENABLED&page=1&page_size=20 HTTP/1.1" 200 OK
INFO:     127.0.0.1:55115 - "GET /api/v1/products?page=1&page_size=100 HTTP/1.1" 200 OK
INFO:     127.0.0.1:55114 - "GET /api/v1/dashboard/summary HTTP/1.1" 200 OK
INFO:     127.0.0.1:55113 - "GET /api/v1/geo-metrics HTTP/1.1" 200 OK
  ✓  22 [e2e] › tests/e2e/cross-page-visual-convergence.spec.ts:604:1 › 全站 25 张业务表的源码清单与桌面、移动页面边界保持一致 (50.9s)
INFO:     127.0.0.1:55127 - "GET /api/v1/auth/me HTTP/1.1" 204 No Content
INFO:     127.0.0.1:55134 - "POST /api/v1/auth/login HTTP/1.1" 200 OK
INFO:     127.0.0.1:55137 - "GET /api/v1/auth/me HTTP/1.1" 200 OK
INFO:     127.0.0.1:55140 - "GET /api/v1/auth/csrf HTTP/1.1" 200 OK
INFO:     127.0.0.1:55149 - "GET /api/v1/auth/me HTTP/1.1" 200 OK
INFO:     127.0.0.1:55152 - "GET /api/v1/content-tasks HTTP/1.1" 200 OK
INFO:     127.0.0.1:55155 - "GET /api/v1/content-tasks/1d7456c3-32cd-4d2b-859c-cbeb55da88dd/content-versions HTTP/1.1" 200 OK
INFO:     127.0.0.1:55158 - "GET /api/v1/content-tasks/1d7456c3-32cd-4d2b-859c-cbeb55da88dd/generation-jobs HTTP/1.1" 200 OK
INFO:     127.0.0.1:55161 - "GET /api/v1/ai-channels?q=%E5%85%B1%E4%BA%AB%E8%A7%86%E8%A7%89%E6%B8%A0%E9%81%93%2022441ddb&page=1&page_size=50 HTTP/1.1" 200 OK
INFO:     127.0.0.1:55164 - "GET /api/v1/dashboard/summary HTTP/1.1" 200 OK
INFO:     127.0.0.1:55165 - "GET /api/v1/geo-metrics HTTP/1.1" 200 OK
INFO:     127.0.0.1:55170 - "GET /api/v1/products?page=1&page_size=100 HTTP/1.1" 200 OK
INFO:     127.0.0.1:55174 - "GET /api/v1/auth/me HTTP/1.1" 200 OK
INFO:     127.0.0.1:55176 - "GET /api/v1/auth/csrf HTTP/1.1" 200 OK
INFO:     127.0.0.1:55180 - "GET /api/v1/content-tasks?archive_status=ACTIVE HTTP/1.1" 200 OK
INFO:     127.0.0.1:55183 - "GET /api/v1/dashboard/summary HTTP/1.1" 200 OK
INFO:     127.0.0.1:55184 - "GET /api/v1/geo-metrics HTTP/1.1" 200 OK
INFO:     127.0.0.1:55186 - "GET /api/v1/products?page=1&page_size=100 HTTP/1.1" 200 OK
INFO:     127.0.0.1:55192 - "GET /api/v1/auth/me HTTP/1.1" 200 OK
INFO:     127.0.0.1:55194 - "GET /api/v1/auth/csrf HTTP/1.1" 200 OK
INFO:     127.0.0.1:55203 - "GET /api/v1/publication-ready-items HTTP/1.1" 200 OK
INFO:     127.0.0.1:55208 - "GET /api/v1/dashboard/summary HTTP/1.1" 200 OK
INFO:     127.0.0.1:55204 - "GET /api/v1/publication-works?page=1&page_size=20 HTTP/1.1" 200 OK
INFO:     127.0.0.1:55200 - "GET /api/v1/publication-workbench-summary HTTP/1.1" 200 OK
INFO:     127.0.0.1:55205 - "GET /api/v1/published-content-issues?page=1&page_size=20&status=OPEN HTTP/1.1" 200 OK
INFO:     127.0.0.1:55209 - "GET /api/v1/geo-metrics HTTP/1.1" 200 OK
INFO:     127.0.0.1:55213 - "GET /api/v1/products?page=1&page_size=100 HTTP/1.1" 200 OK
INFO:     127.0.0.1:55219 - "GET /api/v1/auth/me HTTP/1.1" 200 OK
INFO:     127.0.0.1:55221 - "GET /api/v1/auth/csrf HTTP/1.1" 200 OK
INFO:     127.0.0.1:55233 - "GET /api/v1/query-topics HTTP/1.1" 200 OK
INFO:     127.0.0.1:55232 - "GET /api/v1/products?page=1&page_size=100 HTTP/1.1" 200 OK
INFO:     127.0.0.1:55228 - "GET /api/v1/geo-observations?page=1&page_size=20&sort_order=DESC&date_from=2026-07-14&date_to=2026-08-12 HTTP/1.1" 200 OK
INFO:     127.0.0.1:55229 - "GET /api/v1/geo-metrics?date_from=2026-07-14&date_to=2026-08-12 HTTP/1.1" 200 OK
INFO:     127.0.0.1:55236 - "GET /api/v1/dashboard/summary HTTP/1.1" 200 OK
INFO:     127.0.0.1:55238 - "GET /api/v1/geo-metrics HTTP/1.1" 200 OK
INFO:     127.0.0.1:55247 - "GET /api/v1/auth/me HTTP/1.1" 200 OK
INFO:     127.0.0.1:55249 - "GET /api/v1/auth/csrf HTTP/1.1" 200 OK
INFO:     127.0.0.1:55253 - "GET /api/v1/users?status=ENABLED&page=1&page_size=20 HTTP/1.1" 200 OK
INFO:     127.0.0.1:55256 - "GET /api/v1/dashboard/summary HTTP/1.1" 200 OK
INFO:     127.0.0.1:55260 - "GET /api/v1/products?page=1&page_size=100 HTTP/1.1" 200 OK
INFO:     127.0.0.1:55259 - "GET /api/v1/geo-metrics HTTP/1.1" 200 OK
INFO:     127.0.0.1:55268 - "GET /api/v1/auth/me HTTP/1.1" 200 OK
INFO:     127.0.0.1:55270 - "GET /api/v1/auth/csrf HTTP/1.1" 200 OK
INFO:     127.0.0.1:55275 - "GET /api/v1/ai-channels?page=1&page_size=20&sort=CREATED_DESC HTTP/1.1" 200 OK
INFO:     127.0.0.1:55281 - "GET /api/v1/products?page=1&page_size=100 HTTP/1.1" 200 OK
INFO:     127.0.0.1:55278 - "GET /api/v1/dashboard/summary HTTP/1.1" 200 OK
INFO:     127.0.0.1:55280 - "GET /api/v1/geo-metrics HTTP/1.1" 200 OK
INFO:     127.0.0.1:55287 - "GET /api/v1/users?page=1&page_size=100 HTTP/1.1" 200 OK
INFO:     127.0.0.1:55288 - "GET /api/v1/ai-channels/1109e059-e263-4293-a6d4-f0c6c71884d1/models HTTP/1.1" 200 OK
INFO:     127.0.0.1:55284 - "GET /api/v1/ai-channels/1109e059-e263-4293-a6d4-f0c6c71884d1 HTTP/1.1" 200 OK
  ✓  23 [e2e] › tests/e2e/cross-page-visual-convergence.spec.ts:660:1 › 五类业务表在真实浏览器 200% tab zoom 下保持关键内容与响应式边界 (8.4s)
INFO:     127.0.0.1:55297 - "GET /api/v1/auth/me HTTP/1.1" 204 No Content
INFO:     127.0.0.1:55299 - "POST /api/v1/auth/login HTTP/1.1" 200 OK
INFO:     127.0.0.1:55301 - "GET /api/v1/auth/me HTTP/1.1" 200 OK
INFO:     127.0.0.1:55303 - "GET /api/v1/auth/csrf HTTP/1.1" 200 OK
INFO:     127.0.0.1:55309 - "GET /api/v1/auth/me HTTP/1.1" 200 OK
INFO:     127.0.0.1:55312 - "GET /api/v1/auth/me HTTP/1.1" 200 OK
INFO:     127.0.0.1:55314 - "GET /api/v1/auth/csrf HTTP/1.1" 200 OK
INFO:     127.0.0.1:55316 - "GET /api/v1/dashboard/summary HTTP/1.1" 200 OK
INFO:     127.0.0.1:55318 - "GET /api/v1/geo-metrics HTTP/1.1" 200 OK
INFO:     127.0.0.1:55321 - "GET /api/v1/products?page=1&page_size=100 HTTP/1.1" 200 OK
INFO:     127.0.0.1:55328 - "GET /api/v1/auth/me HTTP/1.1" 200 OK
INFO:     127.0.0.1:55330 - "GET /api/v1/auth/csrf HTTP/1.1" 200 OK
INFO:     127.0.0.1:55338 - "GET /api/v1/query-topics HTTP/1.1" 200 OK
INFO:     127.0.0.1:55341 - "GET /api/v1/products?page=1&page_size=100 HTTP/1.1" 200 OK
INFO:     127.0.0.1:55339 - "GET /api/v1/geo-metrics?date_from=2026-07-14&date_to=2026-08-12 HTTP/1.1" 200 OK
INFO:     127.0.0.1:55335 - "GET /api/v1/geo-observations?page=1&page_size=20&sort_order=DESC&date_from=2026-07-14&date_to=2026-08-12 HTTP/1.1" 200 OK
INFO:     127.0.0.1:55343 - "GET /api/v1/dashboard/summary HTTP/1.1" 200 OK
INFO:     127.0.0.1:55345 - "GET /api/v1/geo-metrics HTTP/1.1" 200 OK
INFO:     127.0.0.1:55354 - "GET /api/v1/auth/me HTTP/1.1" 200 OK
INFO:     127.0.0.1:55356 - "GET /api/v1/auth/csrf HTTP/1.1" 200 OK
INFO:     127.0.0.1:55360 - "GET /api/v1/geo-insights?date_from=2026-07-14&date_to=2026-08-12 HTTP/1.1" 200 OK
INFO:     127.0.0.1:55365 - "GET /api/v1/dashboard/summary HTTP/1.1" 200 OK
INFO:     127.0.0.1:55368 - "GET /api/v1/products?page=1&page_size=100 HTTP/1.1" 200 OK
INFO:     127.0.0.1:55366 - "GET /api/v1/geo-metrics HTTP/1.1" 200 OK
INFO:     127.0.0.1:55372 - "GET /api/v1/auth/me HTTP/1.1" 200 OK
INFO:     127.0.0.1:55374 - "GET /api/v1/auth/csrf HTTP/1.1" 200 OK
INFO:     127.0.0.1:55378 - "GET /api/v1/dashboard/summary HTTP/1.1" 200 OK
INFO:     127.0.0.1:55379 - "GET /api/v1/geo-metrics HTTP/1.1" 200 OK
INFO:     127.0.0.1:55383 - "GET /api/v1/products?page=1&page_size=100 HTTP/1.1" 200 OK
INFO:     127.0.0.1:55389 - "GET /api/v1/auth/me HTTP/1.1" 200 OK
INFO:     127.0.0.1:55391 - "GET /api/v1/auth/csrf HTTP/1.1" 200 OK
INFO:     127.0.0.1:55402 - "GET /api/v1/query-topics HTTP/1.1" 200 OK
INFO:     127.0.0.1:55400 - "GET /api/v1/products?page=1&page_size=100 HTTP/1.1" 200 OK
INFO:     127.0.0.1:55398 - "GET /api/v1/geo-observations?page=1&page_size=20&sort_order=DESC&date_from=2026-07-14&date_to=2026-08-12 HTTP/1.1" 200 OK
INFO:     127.0.0.1:55399 - "GET /api/v1/geo-metrics?date_from=2026-07-14&date_to=2026-08-12 HTTP/1.1" 200 OK
INFO:     127.0.0.1:55405 - "GET /api/v1/dashboard/summary HTTP/1.1" 200 OK
INFO:     127.0.0.1:55406 - "GET /api/v1/geo-metrics HTTP/1.1" 200 OK
INFO:     127.0.0.1:55414 - "GET /api/v1/auth/me HTTP/1.1" 200 OK
INFO:     127.0.0.1:55416 - "GET /api/v1/auth/csrf HTTP/1.1" 200 OK
INFO:     127.0.0.1:55420 - "GET /api/v1/geo-insights?date_from=2026-07-14&date_to=2026-08-12 HTTP/1.1" 200 OK
INFO:     127.0.0.1:55428 - "GET /api/v1/products?page=1&page_size=100 HTTP/1.1" 200 OK
INFO:     127.0.0.1:55425 - "GET /api/v1/dashboard/summary HTTP/1.1" 200 OK
INFO:     127.0.0.1:55426 - "GET /api/v1/geo-metrics HTTP/1.1" 200 OK
  ✓  24 [e2e] › tests/e2e/dashboard-geo-convergence.spec.ts:64:1 › 三页在浅色和深色主题下统一使用 PageHeader、指标状态和真实 API (4.8s)
INFO:     127.0.0.1:55439 - "GET /api/v1/auth/me HTTP/1.1" 204 No Content
INFO:     127.0.0.1:55441 - "POST /api/v1/auth/login HTTP/1.1" 200 OK
INFO:     127.0.0.1:55443 - "GET /api/v1/auth/me HTTP/1.1" 200 OK
INFO:     127.0.0.1:55445 - "GET /api/v1/auth/csrf HTTP/1.1" 200 OK
INFO:     127.0.0.1:55451 - "GET /api/v1/auth/me HTTP/1.1" 200 OK
INFO:     127.0.0.1:55455 - "GET /api/v1/auth/me HTTP/1.1" 200 OK
INFO:     127.0.0.1:55457 - "GET /api/v1/auth/csrf HTTP/1.1" 200 OK
INFO:     127.0.0.1:55459 - "GET /api/v1/dashboard/summary HTTP/1.1" 200 OK
INFO:     127.0.0.1:55461 - "GET /api/v1/geo-metrics HTTP/1.1" 200 OK
INFO:     127.0.0.1:55464 - "GET /api/v1/products?page=1&page_size=100 HTTP/1.1" 200 OK
INFO:     127.0.0.1:55471 - "GET /api/v1/auth/me HTTP/1.1" 200 OK
INFO:     127.0.0.1:55473 - "GET /api/v1/auth/csrf HTTP/1.1" 200 OK
INFO:     127.0.0.1:55484 - "GET /api/v1/products?page=1&page_size=100 HTTP/1.1" 200 OK
INFO:     127.0.0.1:55480 - "GET /api/v1/query-topics HTTP/1.1" 200 OK
INFO:     127.0.0.1:55479 - "GET /api/v1/geo-observations?page=1&page_size=20&sort_order=DESC&date_from=2026-07-14&date_to=2026-08-12 HTTP/1.1" 200 OK
INFO:     127.0.0.1:55482 - "GET /api/v1/geo-metrics?date_from=2026-07-14&date_to=2026-08-12 HTTP/1.1" 200 OK
INFO:     127.0.0.1:55486 - "GET /api/v1/dashboard/summary HTTP/1.1" 200 OK
INFO:     127.0.0.1:55488 - "GET /api/v1/geo-metrics HTTP/1.1" 200 OK
INFO:     127.0.0.1:55498 - "GET /api/v1/auth/me HTTP/1.1" 200 OK
INFO:     127.0.0.1:55500 - "GET /api/v1/auth/csrf HTTP/1.1" 200 OK
INFO:     127.0.0.1:55503 - "GET /api/v1/geo-insights?date_from=2026-07-14&date_to=2026-08-12 HTTP/1.1" 200 OK
INFO:     127.0.0.1:55509 - "GET /api/v1/products?page=1&page_size=100 HTTP/1.1" 200 OK
INFO:     127.0.0.1:55508 - "GET /api/v1/dashboard/summary HTTP/1.1" 200 OK
INFO:     127.0.0.1:55516 - "GET /api/v1/auth/me HTTP/1.1" 200 OK
INFO:     127.0.0.1:55518 - "GET /api/v1/auth/csrf HTTP/1.1" 200 OK
INFO:     127.0.0.1:55522 - "GET /api/v1/dashboard/summary HTTP/1.1" 200 OK
INFO:     127.0.0.1:55523 - "GET /api/v1/geo-metrics HTTP/1.1" 200 OK
INFO:     127.0.0.1:55525 - "GET /api/v1/products?page=1&page_size=100 HTTP/1.1" 200 OK
INFO:     127.0.0.1:55532 - "GET /api/v1/auth/me HTTP/1.1" 200 OK
INFO:     127.0.0.1:55534 - "GET /api/v1/auth/csrf HTTP/1.1" 200 OK
INFO:     127.0.0.1:55545 - "GET /api/v1/query-topics HTTP/1.1" 200 OK
INFO:     127.0.0.1:55544 - "GET /api/v1/products?page=1&page_size=100 HTTP/1.1" 200 OK
INFO:     127.0.0.1:55543 - "GET /api/v1/geo-metrics?date_from=2026-07-14&date_to=2026-08-12 HTTP/1.1" 200 OK
INFO:     127.0.0.1:55542 - "GET /api/v1/geo-observations?page=1&page_size=20&sort_order=DESC&date_from=2026-07-14&date_to=2026-08-12 HTTP/1.1" 200 OK
INFO:     127.0.0.1:55547 - "GET /api/v1/dashboard/summary HTTP/1.1" 200 OK
INFO:     127.0.0.1:55549 - "GET /api/v1/geo-metrics HTTP/1.1" 200 OK
INFO:     127.0.0.1:55559 - "GET /api/v1/auth/me HTTP/1.1" 200 OK
INFO:     127.0.0.1:55561 - "GET /api/v1/auth/csrf HTTP/1.1" 200 OK
INFO:     127.0.0.1:55564 - "GET /api/v1/geo-insights?date_from=2026-07-14&date_to=2026-08-12 HTTP/1.1" 200 OK
INFO:     127.0.0.1:55568 - "GET /api/v1/dashboard/summary HTTP/1.1" 200 OK
INFO:     127.0.0.1:55570 - "GET /api/v1/products?page=1&page_size=100 HTTP/1.1" 200 OK
INFO:     127.0.0.1:55569 - "GET /api/v1/geo-metrics HTTP/1.1" 200 OK
INFO:     127.0.0.1:55579 - "GET /api/v1/auth/me HTTP/1.1" 200 OK
INFO:     127.0.0.1:55581 - "GET /api/v1/auth/csrf HTTP/1.1" 200 OK
INFO:     127.0.0.1:55584 - "GET /api/v1/dashboard/summary HTTP/1.1" 200 OK
INFO:     127.0.0.1:55585 - "GET /api/v1/geo-metrics HTTP/1.1" 200 OK
INFO:     127.0.0.1:55587 - "GET /api/v1/products?page=1&page_size=100 HTTP/1.1" 200 OK
INFO:     127.0.0.1:55594 - "GET /api/v1/auth/me HTTP/1.1" 200 OK
INFO:     127.0.0.1:55596 - "GET /api/v1/auth/csrf HTTP/1.1" 200 OK
INFO:     127.0.0.1:55606 - "GET /api/v1/products?page=1&page_size=100 HTTP/1.1" 200 OK
INFO:     127.0.0.1:55602 - "GET /api/v1/geo-observations?page=1&page_size=20&sort_order=DESC&date_from=2026-07-14&date_to=2026-08-12 HTTP/1.1" 200 OK
INFO:     127.0.0.1:55603 - "GET /api/v1/geo-metrics?date_from=2026-07-14&date_to=2026-08-12 HTTP/1.1" 200 OK
INFO:     127.0.0.1:55607 - "GET /api/v1/query-topics HTTP/1.1" 200 OK
INFO:     127.0.0.1:55609 - "GET /api/v1/dashboard/summary HTTP/1.1" 200 OK
INFO:     127.0.0.1:55611 - "GET /api/v1/geo-metrics HTTP/1.1" 200 OK
INFO:     127.0.0.1:55620 - "GET /api/v1/auth/me HTTP/1.1" 200 OK
INFO:     127.0.0.1:55622 - "GET /api/v1/auth/csrf HTTP/1.1" 200 OK
INFO:     127.0.0.1:55625 - "GET /api/v1/geo-insights?date_from=2026-07-14&date_to=2026-08-12 HTTP/1.1" 200 OK
INFO:     127.0.0.1:55631 - "GET /api/v1/products?page=1&page_size=100 HTTP/1.1" 200 OK
INFO:     127.0.0.1:55629 - "GET /api/v1/dashboard/summary HTTP/1.1" 200 OK
INFO:     127.0.0.1:55628 - "GET /api/v1/geo-metrics HTTP/1.1" 200 OK
INFO:     127.0.0.1:55639 - "GET /api/v1/auth/me HTTP/1.1" 200 OK
INFO:     127.0.0.1:55641 - "GET /api/v1/auth/csrf HTTP/1.1" 200 OK
INFO:     127.0.0.1:55645 - "GET /api/v1/dashboard/summary HTTP/1.1" 200 OK
INFO:     127.0.0.1:55648 - "GET /api/v1/products?page=1&page_size=100 HTTP/1.1" 200 OK
INFO:     127.0.0.1:55646 - "GET /api/v1/geo-metrics HTTP/1.1" 200 OK
INFO:     127.0.0.1:55655 - "GET /api/v1/auth/me HTTP/1.1" 200 OK
INFO:     127.0.0.1:55657 - "GET /api/v1/auth/csrf HTTP/1.1" 200 OK
INFO:     127.0.0.1:55665 - "GET /api/v1/products?page=1&page_size=100 HTTP/1.1" 200 OK
INFO:     127.0.0.1:55662 - "GET /api/v1/geo-observations?page=1&page_size=20&sort_order=DESC&date_from=2026-07-14&date_to=2026-08-12 HTTP/1.1" 200 OK
INFO:     127.0.0.1:55668 - "GET /api/v1/query-topics HTTP/1.1" 200 OK
INFO:     127.0.0.1:55666 - "GET /api/v1/geo-metrics?date_from=2026-07-14&date_to=2026-08-12 HTTP/1.1" 200 OK
INFO:     127.0.0.1:55671 - "GET /api/v1/dashboard/summary HTTP/1.1" 200 OK
INFO:     127.0.0.1:55672 - "GET /api/v1/geo-metrics HTTP/1.1" 200 OK
INFO:     127.0.0.1:55680 - "GET /api/v1/auth/me HTTP/1.1" 200 OK
INFO:     127.0.0.1:55682 - "GET /api/v1/auth/csrf HTTP/1.1" 200 OK
INFO:     127.0.0.1:55686 - "GET /api/v1/geo-insights?date_from=2026-07-14&date_to=2026-08-12 HTTP/1.1" 200 OK
INFO:     127.0.0.1:55690 - "GET /api/v1/dashboard/summary HTTP/1.1" 200 OK
INFO:     127.0.0.1:55692 - "GET /api/v1/products?page=1&page_size=100 HTTP/1.1" 200 OK
INFO:     127.0.0.1:55700 - "GET /api/v1/auth/me HTTP/1.1" 200 OK
INFO:     127.0.0.1:55702 - "GET /api/v1/auth/csrf HTTP/1.1" 200 OK
INFO:     127.0.0.1:55705 - "GET /api/v1/geo-insights?date_from=2026-07-14&date_to=2026-08-12 HTTP/1.1" 200 OK
INFO:     127.0.0.1:55712 - "GET /api/v1/dashboard/summary HTTP/1.1" 200 OK
INFO:     127.0.0.1:55711 - "GET /api/v1/products?page=1&page_size=100 HTTP/1.1" 200 OK
INFO:     127.0.0.1:55709 - "GET /api/v1/geo-metrics HTTP/1.1" 200 OK
  ✓  25 [e2e] › tests/e2e/dashboard-geo-convergence.spec.ts:103:1 › 1024 至 320px 与 200% 缩放不产生页面横向溢出或指标图标重叠 (7.9s)
INFO:     127.0.0.1:55723 - "GET /api/v1/auth/me HTTP/1.1" 204 No Content
INFO:     127.0.0.1:55725 - "POST /api/v1/auth/login HTTP/1.1" 200 OK
INFO:     127.0.0.1:55727 - "GET /api/v1/auth/me HTTP/1.1" 200 OK
INFO:     127.0.0.1:55729 - "GET /api/v1/auth/csrf HTTP/1.1" 200 OK
INFO:     127.0.0.1:55735 - "GET /api/v1/auth/me HTTP/1.1" 200 OK
INFO:     127.0.0.1:55739 - "GET /api/v1/auth/me HTTP/1.1" 200 OK
INFO:     127.0.0.1:55741 - "GET /api/v1/auth/csrf HTTP/1.1" 200 OK
INFO:     127.0.0.1:55749 - "GET /api/v1/query-topics HTTP/1.1" 200 OK
INFO:     127.0.0.1:55748 - "GET /api/v1/products?page=1&page_size=100 HTTP/1.1" 200 OK
INFO:     127.0.0.1:55752 - "GET /api/v1/geo-observations?page=1&page_size=20&sort_order=DESC HTTP/1.1" 200 OK
INFO:     127.0.0.1:55745 - "GET /api/v1/geo-metrics HTTP/1.1" 200 OK
INFO:     127.0.0.1:55754 - "GET /api/v1/dashboard/summary HTTP/1.1" 200 OK
  ✓  26 [e2e] › tests/e2e/dashboard-geo-convergence.spec.ts:137:1 › GEO 长平台名与问题各自收敛在单元格内并支持完整值提示 (3.8s)
INFO:     127.0.0.1:55763 - "GET /api/v1/auth/me HTTP/1.1" 204 No Content
INFO:     127.0.0.1:55765 - "POST /api/v1/auth/login HTTP/1.1" 200 OK
INFO:     127.0.0.1:55767 - "GET /api/v1/auth/me HTTP/1.1" 200 OK
INFO:     127.0.0.1:55769 - "GET /api/v1/auth/csrf HTTP/1.1" 200 OK
INFO:     127.0.0.1:55775 - "GET /api/v1/auth/me HTTP/1.1" 200 OK
INFO:     127.0.0.1:55778 - "GET /api/v1/auth/me HTTP/1.1" 200 OK
INFO:     127.0.0.1:55780 - "GET /api/v1/auth/csrf HTTP/1.1" 200 OK
INFO:     127.0.0.1:55784 - "GET /api/v1/geo-insights?date_from=2026-07-14&date_to=2026-08-12 HTTP/1.1" 200 OK
INFO:     127.0.0.1:55790 - "GET /api/v1/geo-metrics HTTP/1.1" 200 OK
INFO:     127.0.0.1:55789 - "GET /api/v1/dashboard/summary HTTP/1.1" 200 OK
INFO:     127.0.0.1:55791 - "GET /api/v1/products?page=1&page_size=100 HTTP/1.1" 200 OK
  ✓  27 [e2e] › tests/e2e/dashboard-geo-convergence.spec.ts:268:1 › 真实洞察图表提供坐标、Token、单停靠点键盘导航与可聚焦 Tooltip (1.4s)
INFO:     127.0.0.1:55801 - "GET /api/v1/auth/me HTTP/1.1" 204 No Content
INFO:     127.0.0.1:55803 - "POST /api/v1/auth/login HTTP/1.1" 200 OK
INFO:     127.0.0.1:55805 - "GET /api/v1/auth/me HTTP/1.1" 200 OK
INFO:     127.0.0.1:55807 - "GET /api/v1/auth/csrf HTTP/1.1" 200 OK
INFO:     127.0.0.1:55813 - "GET /api/v1/auth/me HTTP/1.1" 200 OK
INFO:     127.0.0.1:55816 - "GET /api/v1/auth/me HTTP/1.1" 200 OK
INFO:     127.0.0.1:55818 - "GET /api/v1/auth/csrf HTTP/1.1" 200 OK
INFO:     127.0.0.1:55822 - "GET /api/v1/geo-insights?date_from=2026-07-14&date_to=2026-08-12 HTTP/1.1" 200 OK
INFO:     127.0.0.1:55829 - "GET /api/v1/products?page=1&page_size=100 HTTP/1.1" 200 OK
INFO:     127.0.0.1:55826 - "GET /api/v1/dashboard/summary HTTP/1.1" 200 OK
INFO:     127.0.0.1:55828 - "GET /api/v1/geo-metrics HTTP/1.1" 200 OK
INFO:     127.0.0.1:55836 - "GET /api/v1/auth/me HTTP/1.1" 200 OK
INFO:     127.0.0.1:55838 - "GET /api/v1/auth/csrf HTTP/1.1" 200 OK
INFO:     127.0.0.1:55840 - "GET /api/v1/geo-insights?date_from=2026-06-30&date_to=2026-07-29 HTTP/1.1" 200 OK
INFO:     127.0.0.1:55848 - "GET /api/v1/products?page=1&page_size=100 HTTP/1.1" 200 OK
INFO:     127.0.0.1:55845 - "GET /api/v1/dashboard/summary HTTP/1.1" 200 OK
INFO:     127.0.0.1:55846 - "GET /api/v1/geo-metrics HTTP/1.1" 200 OK
  ✓  28 [e2e] › tests/e2e/dashboard-geo-convergence.spec.ts:331:1 › 跟随系统、reduced-motion 与打印视图保留信息且移除非必要界面 (1.9s)
INFO:     127.0.0.1:55857 - "GET /api/v1/auth/me HTTP/1.1" 204 No Content
INFO:     127.0.0.1:55859 - "POST /api/v1/auth/login HTTP/1.1" 200 OK
INFO:     127.0.0.1:55861 - "GET /api/v1/auth/me HTTP/1.1" 200 OK
INFO:     127.0.0.1:55863 - "GET /api/v1/auth/csrf HTTP/1.1" 200 OK
INFO:     127.0.0.1:55869 - "GET /api/v1/auth/me HTTP/1.1" 200 OK
INFO:     127.0.0.1:55871 - "GET /api/v1/dashboard/summary HTTP/1.1" 200 OK
INFO:     127.0.0.1:55875 - "GET /api/v1/products?page=1&page_size=100 HTTP/1.1" 200 OK
INFO:     127.0.0.1:55873 - "GET /api/v1/geo-metrics HTTP/1.1" 200 OK
INFO:     127.0.0.1:55882 - "GET /api/v1/auth/me HTTP/1.1" 200 OK
INFO:     127.0.0.1:55884 - "GET /api/v1/auth/csrf HTTP/1.1" 200 OK
INFO:     127.0.0.1:55889 - "GET /api/v1/content-tasks HTTP/1.1" 200 OK
INFO:     127.0.0.1:55888 - "GET /api/v1/users?page=1&page_size=100 HTTP/1.1" 200 OK
INFO:     127.0.0.1:55894 - "GET /api/v1/dashboard/summary HTTP/1.1" 200 OK
INFO:     127.0.0.1:55896 - "GET /api/v1/geo-metrics HTTP/1.1" 200 OK
INFO:     127.0.0.1:55897 - "GET /api/v1/products?page=1&page_size=100 HTTP/1.1" 200 OK
  ✓  29 [e2e] › tests/e2e/editor-workspace-convergence.spec.ts:81:1 › 未配置自然化 Prompt 时空编辑器可用且浏览器无失败信号 (2.5s)
INFO:     127.0.0.1:55907 - "GET /api/v1/auth/me HTTP/1.1" 204 No Content
INFO:     127.0.0.1:55909 - "POST /api/v1/auth/login HTTP/1.1" 200 OK
INFO:     127.0.0.1:55911 - "GET /api/v1/auth/me HTTP/1.1" 200 OK
INFO:     127.0.0.1:55913 - "GET /api/v1/auth/csrf HTTP/1.1" 200 OK
INFO:     127.0.0.1:55919 - "GET /api/v1/auth/me HTTP/1.1" 200 OK
INFO:     127.0.0.1:55922 - "GET /api/v1/products HTTP/1.1" 200 OK
INFO:     127.0.0.1:55925 - "GET /api/v1/content-tasks HTTP/1.1" 200 OK
INFO:     127.0.0.1:55928 - "GET /api/v1/content-tasks/1d7456c3-32cd-4d2b-859c-cbeb55da88dd/content-versions HTTP/1.1" 200 OK
INFO:     127.0.0.1:55931 - "GET /api/v1/platform-profiles HTTP/1.1" 200 OK
INFO:     127.0.0.1:55934 - "GET /api/v1/auth/me HTTP/1.1" 200 OK
INFO:     127.0.0.1:55936 - "GET /api/v1/auth/csrf HTTP/1.1" 200 OK
INFO:     127.0.0.1:55941 - "GET /api/v1/products?page=1&page_size=100 HTTP/1.1" 200 OK
INFO:     127.0.0.1:55943 - "GET /api/v1/dashboard/summary HTTP/1.1" 200 OK
INFO:     127.0.0.1:55945 - "GET /api/v1/geo-metrics HTTP/1.1" 200 OK
INFO:     127.0.0.1:55949 - "GET /api/v1/auth/me HTTP/1.1" 200 OK
INFO:     127.0.0.1:55951 - "GET /api/v1/auth/csrf HTTP/1.1" 200 OK
INFO:     127.0.0.1:55961 - "GET /api/v1/products/16bba9b2-2e5d-4287-924e-489382741cc0/fact-versions HTTP/1.1" 200 OK
INFO:     127.0.0.1:55958 - "GET /api/v1/products/16bba9b2-2e5d-4287-924e-489382741cc0 HTTP/1.1" 200 OK
INFO:     127.0.0.1:55959 - "GET /api/v1/products/16bba9b2-2e5d-4287-924e-489382741cc0/facts HTTP/1.1" 200 OK
INFO:     127.0.0.1:55964 - "GET /api/v1/dashboard/summary HTTP/1.1" 200 OK
INFO:     127.0.0.1:55967 - "GET /api/v1/products?page=1&page_size=100 HTTP/1.1" 200 OK
INFO:     127.0.0.1:55966 - "GET /api/v1/geo-metrics HTTP/1.1" 200 OK
INFO:     127.0.0.1:55977 - "GET /api/v1/auth/me HTTP/1.1" 200 OK
INFO:     127.0.0.1:55979 - "GET /api/v1/auth/csrf HTTP/1.1" 200 OK
INFO:     127.0.0.1:55982 - "GET /api/v1/content-versions/ec413b17-f012-4551-9a48-7d56f8dcfaa0/review-context HTTP/1.1" 200 OK
INFO:     127.0.0.1:55985 - "GET /api/v1/dashboard/summary HTTP/1.1" 200 OK
INFO:     127.0.0.1:55988 - "GET /api/v1/products?page=1&page_size=100 HTTP/1.1" 200 OK
INFO:     127.0.0.1:55989 - "GET /api/v1/geo-metrics HTTP/1.1" 200 OK
INFO:     127.0.0.1:55991 - "GET /api/v1/content-tasks/1d7456c3-32cd-4d2b-859c-cbeb55da88dd/content-versions HTTP/1.1" 200 OK
INFO:     127.0.0.1:55993 - "GET /api/v1/content-tasks HTTP/1.1" 200 OK
INFO:     127.0.0.1:56008 - "GET /api/v1/auth/me HTTP/1.1" 200 OK
INFO:     127.0.0.1:56010 - "GET /api/v1/auth/csrf HTTP/1.1" 200 OK
INFO:     127.0.0.1:56017 - "GET /api/v1/content-tasks HTTP/1.1" 200 OK
INFO:     127.0.0.1:56014 - "GET /api/v1/platform-prompts HTTP/1.1" 200 OK
INFO:     127.0.0.1:56018 - "GET /api/v1/users?page=1&page_size=100 HTTP/1.1" 200 OK
INFO:     127.0.0.1:56025 - "GET /api/v1/geo-metrics HTTP/1.1" 200 OK
INFO:     127.0.0.1:56023 - "GET /api/v1/dashboard/summary HTTP/1.1" 200 OK
INFO:     127.0.0.1:56026 - "GET /api/v1/products?page=1&page_size=100 HTTP/1.1" 200 OK
INFO:     127.0.0.1:56030 - "GET /api/v1/platform-prompts/26e1e65d-d07a-472a-aa97-e5020426b8f3 HTTP/1.1" 200 OK
INFO:     127.0.0.1:56033 - "GET /api/v1/content-tasks?platform_profile_id=2f4a7e23-8fab-4b92-a040-f5b32e806b51 HTTP/1.1" 200 OK
INFO:     127.0.0.1:56040 - "GET /api/v1/auth/me HTTP/1.1" 200 OK
INFO:     127.0.0.1:56042 - "GET /api/v1/auth/csrf HTTP/1.1" 200 OK
INFO:     127.0.0.1:56055 - "GET /api/v1/products?page=1&page_size=100 HTTP/1.1" 200 OK
INFO:     127.0.0.1:56058 - "GET /api/v1/dashboard/summary HTTP/1.1" 200 OK
INFO:     127.0.0.1:56059 - "GET /api/v1/geo-metrics HTTP/1.1" 200 OK
INFO:     127.0.0.1:56066 - "GET /api/v1/auth/me HTTP/1.1" 200 OK
INFO:     127.0.0.1:56068 - "GET /api/v1/auth/csrf HTTP/1.1" 200 OK
INFO:     127.0.0.1:56072 - "GET /api/v1/products/16bba9b2-2e5d-4287-924e-489382741cc0 HTTP/1.1" 200 OK
INFO:     127.0.0.1:56076 - "GET /api/v1/products/16bba9b2-2e5d-4287-924e-489382741cc0/fact-versions HTTP/1.1" 200 OK
INFO:     127.0.0.1:56074 - "GET /api/v1/products/16bba9b2-2e5d-4287-924e-489382741cc0/facts HTTP/1.1" 200 OK
INFO:     127.0.0.1:56078 - "GET /api/v1/dashboard/summary HTTP/1.1" 200 OK
INFO:     127.0.0.1:56081 - "GET /api/v1/geo-metrics HTTP/1.1" 200 OK
INFO:     127.0.0.1:56082 - "GET /api/v1/products?page=1&page_size=100 HTTP/1.1" 200 OK
INFO:     127.0.0.1:56090 - "GET /api/v1/auth/me HTTP/1.1" 200 OK
INFO:     127.0.0.1:56092 - "GET /api/v1/auth/csrf HTTP/1.1" 200 OK
INFO:     127.0.0.1:56097 - "GET /api/v1/content-versions/ec413b17-f012-4551-9a48-7d56f8dcfaa0/review-context HTTP/1.1" 200 OK
INFO:     127.0.0.1:56102 - "GET /api/v1/dashboard/summary HTTP/1.1" 200 OK
INFO:     127.0.0.1:56104 - "GET /api/v1/products?page=1&page_size=100 HTTP/1.1" 200 OK
INFO:     127.0.0.1:56103 - "GET /api/v1/geo-metrics HTTP/1.1" 200 OK
INFO:     127.0.0.1:56106 - "GET /api/v1/content-tasks/1d7456c3-32cd-4d2b-859c-cbeb55da88dd/content-versions HTTP/1.1" 200 OK
INFO:     127.0.0.1:56108 - "GET /api/v1/content-tasks HTTP/1.1" 200 OK
INFO:     127.0.0.1:56115 - "GET /api/v1/auth/me HTTP/1.1" 200 OK
INFO:     127.0.0.1:56117 - "GET /api/v1/auth/csrf HTTP/1.1" 200 OK
INFO:     127.0.0.1:56121 - "GET /api/v1/content-tasks HTTP/1.1" 200 OK
INFO:     127.0.0.1:56125 - "GET /api/v1/users?page=1&page_size=100 HTTP/1.1" 200 OK
INFO:     127.0.0.1:56124 - "GET /api/v1/platform-prompts HTTP/1.1" 200 OK
INFO:     127.0.0.1:56129 - "GET /api/v1/dashboard/summary HTTP/1.1" 200 OK
INFO:     127.0.0.1:56133 - "GET /api/v1/geo-metrics HTTP/1.1" 200 OK
INFO:     127.0.0.1:56132 - "GET /api/v1/products?page=1&page_size=100 HTTP/1.1" 200 OK
INFO:     127.0.0.1:56137 - "GET /api/v1/platform-prompts/26e1e65d-d07a-472a-aa97-e5020426b8f3 HTTP/1.1" 200 OK
INFO:     127.0.0.1:56140 - "GET /api/v1/content-tasks?platform_profile_id=2f4a7e23-8fab-4b92-a040-f5b32e806b51 HTTP/1.1" 200 OK
  ✓  30 [e2e] › tests/e2e/editor-workspace-convergence.spec.ts:120:1 › 四个目标路由在明暗主题下统一使用 PageHeader 与语义表面 (8.8s)
INFO:     127.0.0.1:56149 - "GET /api/v1/auth/me HTTP/1.1" 204 No Content
INFO:     127.0.0.1:56151 - "POST /api/v1/auth/login HTTP/1.1" 200 OK
INFO:     127.0.0.1:56153 - "GET /api/v1/auth/me HTTP/1.1" 200 OK
INFO:     127.0.0.1:56155 - "GET /api/v1/auth/csrf HTTP/1.1" 200 OK
INFO:     127.0.0.1:56161 - "GET /api/v1/auth/me HTTP/1.1" 200 OK
INFO:     127.0.0.1:56164 - "GET /api/v1/products HTTP/1.1" 200 OK
INFO:     127.0.0.1:56167 - "GET /api/v1/content-tasks HTTP/1.1" 200 OK
INFO:     127.0.0.1:56170 - "GET /api/v1/content-tasks/1d7456c3-32cd-4d2b-859c-cbeb55da88dd/content-versions HTTP/1.1" 200 OK
INFO:     127.0.0.1:56173 - "GET /api/v1/platform-profiles HTTP/1.1" 200 OK
INFO:     127.0.0.1:56176 - "GET /api/v1/auth/me HTTP/1.1" 200 OK
INFO:     127.0.0.1:56178 - "GET /api/v1/auth/csrf HTTP/1.1" 200 OK
INFO:     127.0.0.1:56183 - "GET /api/v1/products?page=1&page_size=100 HTTP/1.1" 200 OK
INFO:     127.0.0.1:56192 - "GET /api/v1/auth/me HTTP/1.1" 200 OK
INFO:     127.0.0.1:56194 - "GET /api/v1/auth/csrf HTTP/1.1" 200 OK
INFO:     127.0.0.1:56200 - "GET /api/v1/products/16bba9b2-2e5d-4287-924e-489382741cc0 HTTP/1.1" 200 OK
INFO:     127.0.0.1:56203 - "GET /api/v1/products/16bba9b2-2e5d-4287-924e-489382741cc0/fact-versions HTTP/1.1" 200 OK
INFO:     127.0.0.1:56202 - "GET /api/v1/products/16bba9b2-2e5d-4287-924e-489382741cc0/facts HTTP/1.1" 200 OK
INFO:     127.0.0.1:56209 - "GET /api/v1/products?page=1&page_size=100 HTTP/1.1" 200 OK
INFO:     127.0.0.1:56206 - "GET /api/v1/dashboard/summary HTTP/1.1" 200 OK
INFO:     127.0.0.1:56208 - "GET /api/v1/geo-metrics HTTP/1.1" 200 OK
INFO:     127.0.0.1:56218 - "GET /api/v1/auth/me HTTP/1.1" 200 OK
INFO:     127.0.0.1:56220 - "GET /api/v1/auth/csrf HTTP/1.1" 200 OK
INFO:     127.0.0.1:56224 - "GET /api/v1/content-versions/ec413b17-f012-4551-9a48-7d56f8dcfaa0/review-context HTTP/1.1" 200 OK
INFO:     127.0.0.1:56229 - "GET /api/v1/geo-metrics HTTP/1.1" 200 OK
INFO:     127.0.0.1:56231 - "GET /api/v1/products?page=1&page_size=100 HTTP/1.1" 200 OK
INFO:     127.0.0.1:56230 - "GET /api/v1/dashboard/summary HTTP/1.1" 200 OK
INFO:     127.0.0.1:56235 - "GET /api/v1/content-tasks/1d7456c3-32cd-4d2b-859c-cbeb55da88dd/content-versions HTTP/1.1" 200 OK
INFO:     127.0.0.1:56234 - "GET /api/v1/content-tasks HTTP/1.1" 200 OK
INFO:     127.0.0.1:56243 - "GET /api/v1/auth/me HTTP/1.1" 200 OK
INFO:     127.0.0.1:56245 - "GET /api/v1/auth/csrf HTTP/1.1" 200 OK
INFO:     127.0.0.1:56251 - "GET /api/v1/content-tasks HTTP/1.1" 200 OK
INFO:     127.0.0.1:56268 - "GET /api/v1/auth/me HTTP/1.1" 200 OK
INFO:     127.0.0.1:56270 - "GET /api/v1/auth/csrf HTTP/1.1" 200 OK
INFO:     127.0.0.1:56275 - "GET /api/v1/products?page=1&page_size=100 HTTP/1.1" 200 OK
INFO:     127.0.0.1:56277 - "GET /api/v1/dashboard/summary HTTP/1.1" 200 OK
INFO:     127.0.0.1:56279 - "GET /api/v1/geo-metrics HTTP/1.1" 200 OK
INFO:     127.0.0.1:56285 - "GET /api/v1/auth/me HTTP/1.1" 200 OK
INFO:     127.0.0.1:56287 - "GET /api/v1/auth/csrf HTTP/1.1" 200 OK
INFO:     127.0.0.1:56295 - "GET /api/v1/products/16bba9b2-2e5d-4287-924e-489382741cc0 HTTP/1.1" 200 OK
INFO:     127.0.0.1:56294 - "GET /api/v1/products/16bba9b2-2e5d-4287-924e-489382741cc0/facts HTTP/1.1" 200 OK
INFO:     127.0.0.1:56296 - "GET /api/v1/products/16bba9b2-2e5d-4287-924e-489382741cc0/fact-versions HTTP/1.1" 200 OK
INFO:     127.0.0.1:56300 - "GET /api/v1/dashboard/summary HTTP/1.1" 200 OK
INFO:     127.0.0.1:56302 - "GET /api/v1/geo-metrics HTTP/1.1" 200 OK
INFO:     127.0.0.1:56301 - "GET /api/v1/products?page=1&page_size=100 HTTP/1.1" 200 OK
INFO:     127.0.0.1:56310 - "GET /api/v1/auth/me HTTP/1.1" 200 OK
INFO:     127.0.0.1:56312 - "GET /api/v1/auth/csrf HTTP/1.1" 200 OK
INFO:     127.0.0.1:56324 - "GET /api/v1/products?page=1&page_size=100 HTTP/1.1" 200 OK
INFO:     127.0.0.1:56321 - "GET /api/v1/dashboard/summary HTTP/1.1" 200 OK
INFO:     127.0.0.1:56323 - "GET /api/v1/geo-metrics HTTP/1.1" 200 OK
INFO:     127.0.0.1:56317 - "GET /api/v1/content-versions/ec413b17-f012-4551-9a48-7d56f8dcfaa0/review-context HTTP/1.1" 200 OK
INFO:     127.0.0.1:56326 - "GET /api/v1/content-tasks/1d7456c3-32cd-4d2b-859c-cbeb55da88dd/content-versions HTTP/1.1" 200 OK
INFO:     127.0.0.1:56328 - "GET /api/v1/content-tasks HTTP/1.1" 200 OK
INFO:     127.0.0.1:56336 - "GET /api/v1/auth/me HTTP/1.1" 200 OK
INFO:     127.0.0.1:56338 - "GET /api/v1/auth/csrf HTTP/1.1" 200 OK
INFO:     127.0.0.1:56345 - "GET /api/v1/content-tasks HTTP/1.1" 200 OK
INFO:     127.0.0.1:56341 - "GET /api/v1/platform-prompts HTTP/1.1" 200 OK
INFO:     127.0.0.1:56362 - "GET /api/v1/auth/me HTTP/1.1" 200 OK
INFO:     127.0.0.1:56364 - "GET /api/v1/auth/csrf HTTP/1.1" 200 OK
INFO:     127.0.0.1:56368 - "GET /api/v1/products?page=1&page_size=100 HTTP/1.1" 200 OK
INFO:     127.0.0.1:56370 - "GET /api/v1/dashboard/summary HTTP/1.1" 200 OK
INFO:     127.0.0.1:56372 - "GET /api/v1/geo-metrics HTTP/1.1" 200 OK
INFO:     127.0.0.1:56378 - "GET /api/v1/auth/me HTTP/1.1" 200 OK
INFO:     127.0.0.1:56380 - "GET /api/v1/auth/csrf HTTP/1.1" 200 OK
INFO:     127.0.0.1:56388 - "GET /api/v1/products/16bba9b2-2e5d-4287-924e-489382741cc0 HTTP/1.1" 200 OK
INFO:     127.0.0.1:56389 - "GET /api/v1/products/16bba9b2-2e5d-4287-924e-489382741cc0/fact-versions HTTP/1.1" 200 OK
INFO:     127.0.0.1:56387 - "GET /api/v1/products/16bba9b2-2e5d-4287-924e-489382741cc0/facts HTTP/1.1" 200 OK
INFO:     127.0.0.1:56395 - "GET /api/v1/products?page=1&page_size=100 HTTP/1.1" 200 OK
INFO:     127.0.0.1:56392 - "GET /api/v1/geo-metrics HTTP/1.1" 200 OK
INFO:     127.0.0.1:56394 - "GET /api/v1/dashboard/summary HTTP/1.1" 200 OK
INFO:     127.0.0.1:56405 - "GET /api/v1/auth/me HTTP/1.1" 200 OK
INFO:     127.0.0.1:56407 - "GET /api/v1/auth/csrf HTTP/1.1" 200 OK
INFO:     127.0.0.1:56410 - "GET /api/v1/content-versions/ec413b17-f012-4551-9a48-7d56f8dcfaa0/review-context HTTP/1.1" 200 OK
INFO:     127.0.0.1:56416 - "GET /api/v1/dashboard/summary HTTP/1.1" 200 OK
INFO:     127.0.0.1:56417 - "GET /api/v1/products?page=1&page_size=100 HTTP/1.1" 200 OK
INFO:     127.0.0.1:56415 - "GET /api/v1/geo-metrics HTTP/1.1" 200 OK
INFO:     127.0.0.1:56419 - "GET /api/v1/content-tasks/1d7456c3-32cd-4d2b-859c-cbeb55da88dd/content-versions HTTP/1.1" 200 OK
INFO:     127.0.0.1:56421 - "GET /api/v1/content-tasks HTTP/1.1" 200 OK
INFO:     127.0.0.1:56430 - "GET /api/v1/auth/me HTTP/1.1" 200 OK
INFO:     127.0.0.1:56432 - "GET /api/v1/auth/csrf HTTP/1.1" 200 OK
INFO:     127.0.0.1:56436 - "GET /api/v1/content-tasks HTTP/1.1" 200 OK
INFO:     127.0.0.1:56439 - "GET /api/v1/platform-prompts HTTP/1.1" 200 OK
INFO:     127.0.0.1:56455 - "GET /api/v1/auth/me HTTP/1.1" 200 OK
INFO:     127.0.0.1:56457 - "GET /api/v1/auth/csrf HTTP/1.1" 200 OK
INFO:     127.0.0.1:56462 - "GET /api/v1/products?page=1&page_size=100 HTTP/1.1" 200 OK
INFO:     127.0.0.1:56465 - "GET /api/v1/dashboard/summary HTTP/1.1" 200 OK
INFO:     127.0.0.1:56466 - "GET /api/v1/geo-metrics HTTP/1.1" 200 OK
INFO:     127.0.0.1:56473 - "GET /api/v1/auth/me HTTP/1.1" 200 OK
INFO:     127.0.0.1:56475 - "GET /api/v1/auth/csrf HTTP/1.1" 200 OK
INFO:     127.0.0.1:56481 - "GET /api/v1/products/16bba9b2-2e5d-4287-924e-489382741cc0 HTTP/1.1" 200 OK
INFO:     127.0.0.1:56482 - "GET /api/v1/products/16bba9b2-2e5d-4287-924e-489382741cc0/facts HTTP/1.1" 200 OK
INFO:     127.0.0.1:56483 - "GET /api/v1/products/16bba9b2-2e5d-4287-924e-489382741cc0/fact-versions HTTP/1.1" 200 OK
INFO:     127.0.0.1:56485 - "GET /api/v1/dashboard/summary HTTP/1.1" 200 OK
INFO:     127.0.0.1:56489 - "GET /api/v1/products?page=1&page_size=100 HTTP/1.1" 200 OK
INFO:     127.0.0.1:56488 - "GET /api/v1/geo-metrics HTTP/1.1" 200 OK
INFO:     127.0.0.1:56498 - "GET /api/v1/auth/me HTTP/1.1" 200 OK
INFO:     127.0.0.1:56500 - "GET /api/v1/auth/csrf HTTP/1.1" 200 OK
INFO:     127.0.0.1:56504 - "GET /api/v1/content-versions/ec413b17-f012-4551-9a48-7d56f8dcfaa0/review-context HTTP/1.1" 200 OK
INFO:     127.0.0.1:56511 - "GET /api/v1/products?page=1&page_size=100 HTTP/1.1" 200 OK
INFO:     127.0.0.1:56509 - "GET /api/v1/dashboard/summary HTTP/1.1" 200 OK
INFO:     127.0.0.1:56510 - "GET /api/v1/geo-metrics HTTP/1.1" 200 OK
INFO:     127.0.0.1:56515 - "GET /api/v1/content-tasks HTTP/1.1" 200 OK
INFO:     127.0.0.1:56514 - "GET /api/v1/content-tasks/1d7456c3-32cd-4d2b-859c-cbeb55da88dd/content-versions HTTP/1.1" 200 OK
INFO:     127.0.0.1:56523 - "GET /api/v1/auth/me HTTP/1.1" 200 OK
INFO:     127.0.0.1:56525 - "GET /api/v1/auth/csrf HTTP/1.1" 200 OK
INFO:     127.0.0.1:56530 - "GET /api/v1/content-tasks HTTP/1.1" 200 OK
INFO:     127.0.0.1:56549 - "GET /api/v1/auth/me HTTP/1.1" 200 OK
INFO:     127.0.0.1:56551 - "GET /api/v1/auth/csrf HTTP/1.1" 200 OK
INFO:     127.0.0.1:56557 - "GET /api/v1/platform-prompts HTTP/1.1" 200 OK
INFO:     127.0.0.1:56558 - "GET /api/v1/users?page=1&page_size=100 HTTP/1.1" 200 OK
INFO:     127.0.0.1:56556 - "GET /api/v1/content-tasks HTTP/1.1" 200 OK
INFO:     127.0.0.1:56560 - "GET /api/v1/platform-prompts/26e1e65d-d07a-472a-aa97-e5020426b8f3 HTTP/1.1" 200 OK
  ✓  31 [e2e] › tests/e2e/editor-workspace-convergence.spec.ts:165:1 › 1024 至 320px 无页面横向溢出，Prompt 列表保持有界 (12.8s)
INFO:     127.0.0.1:56569 - "GET /api/v1/auth/me HTTP/1.1" 204 No Content
INFO:     127.0.0.1:56571 - "POST /api/v1/auth/login HTTP/1.1" 200 OK
INFO:     127.0.0.1:56573 - "GET /api/v1/auth/me HTTP/1.1" 200 OK
INFO:     127.0.0.1:56575 - "GET /api/v1/auth/csrf HTTP/1.1" 200 OK
INFO:     127.0.0.1:56581 - "GET /api/v1/auth/me HTTP/1.1" 200 OK
INFO:     127.0.0.1:56584 - "GET /api/v1/products HTTP/1.1" 200 OK
INFO:     127.0.0.1:56587 - "GET /api/v1/content-tasks HTTP/1.1" 200 OK
INFO:     127.0.0.1:56590 - "GET /api/v1/content-tasks/1d7456c3-32cd-4d2b-859c-cbeb55da88dd/content-versions HTTP/1.1" 200 OK
INFO:     127.0.0.1:56593 - "GET /api/v1/platform-profiles HTTP/1.1" 200 OK
INFO:     127.0.0.1:56596 - "GET /api/v1/auth/me HTTP/1.1" 200 OK
INFO:     127.0.0.1:56598 - "GET /api/v1/auth/csrf HTTP/1.1" 200 OK
INFO:     127.0.0.1:56603 - "GET /api/v1/products?page=1&page_size=100 HTTP/1.1" 200 OK
INFO:     127.0.0.1:56606 - "GET /api/v1/dashboard/summary HTTP/1.1" 200 OK
INFO:     127.0.0.1:56607 - "GET /api/v1/geo-metrics HTTP/1.1" 200 OK
INFO:     127.0.0.1:56611 - "GET /api/v1/auth/me HTTP/1.1" 200 OK
INFO:     127.0.0.1:56613 - "GET /api/v1/auth/csrf HTTP/1.1" 200 OK
INFO:     127.0.0.1:56623 - "GET /api/v1/products/16bba9b2-2e5d-4287-924e-489382741cc0/fact-versions HTTP/1.1" 200 OK
INFO:     127.0.0.1:56621 - "GET /api/v1/products/16bba9b2-2e5d-4287-924e-489382741cc0 HTTP/1.1" 200 OK
INFO:     127.0.0.1:56622 - "GET /api/v1/products/16bba9b2-2e5d-4287-924e-489382741cc0/facts HTTP/1.1" 200 OK
INFO:     127.0.0.1:56629 - "GET /api/v1/products?page=1&page_size=100 HTTP/1.1" 200 OK
INFO:     127.0.0.1:56626 - "GET /api/v1/dashboard/summary HTTP/1.1" 200 OK
INFO:     127.0.0.1:56627 - "GET /api/v1/geo-metrics HTTP/1.1" 200 OK
INFO:     127.0.0.1:56638 - "GET /api/v1/auth/me HTTP/1.1" 200 OK
INFO:     127.0.0.1:56640 - "GET /api/v1/auth/csrf HTTP/1.1" 200 OK
INFO:     127.0.0.1:56644 - "GET /api/v1/content-versions/ec413b17-f012-4551-9a48-7d56f8dcfaa0/review-context HTTP/1.1" 200 OK
INFO:     127.0.0.1:56647 - "GET /api/v1/dashboard/summary HTTP/1.1" 200 OK
INFO:     127.0.0.1:56649 - "GET /api/v1/geo-metrics HTTP/1.1" 200 OK
INFO:     127.0.0.1:56651 - "GET /api/v1/products?page=1&page_size=100 HTTP/1.1" 200 OK
INFO:     127.0.0.1:56655 - "GET /api/v1/content-tasks HTTP/1.1" 200 OK
INFO:     127.0.0.1:56653 - "GET /api/v1/content-tasks/1d7456c3-32cd-4d2b-859c-cbeb55da88dd/content-versions HTTP/1.1" 200 OK
INFO:     127.0.0.1:56663 - "GET /api/v1/auth/me HTTP/1.1" 200 OK
INFO:     127.0.0.1:56665 - "GET /api/v1/auth/csrf HTTP/1.1" 200 OK
INFO:     127.0.0.1:56672 - "GET /api/v1/users?page=1&page_size=100 HTTP/1.1" 200 OK
INFO:     127.0.0.1:56671 - "GET /api/v1/content-tasks HTTP/1.1" 200 OK
INFO:     127.0.0.1:56668 - "GET /api/v1/platform-prompts HTTP/1.1" 200 OK
INFO:     127.0.0.1:56679 - "GET /api/v1/dashboard/summary HTTP/1.1" 200 OK
INFO:     127.0.0.1:56678 - "GET /api/v1/geo-metrics HTTP/1.1" 200 OK
INFO:     127.0.0.1:56680 - "GET /api/v1/products?page=1&page_size=100 HTTP/1.1" 200 OK
INFO:     127.0.0.1:56684 - "GET /api/v1/platform-prompts/26e1e65d-d07a-472a-aa97-e5020426b8f3 HTTP/1.1" 200 OK
INFO:     127.0.0.1:56687 - "GET /api/v1/content-tasks?platform_profile_id=2f4a7e23-8fab-4b92-a040-f5b32e806b51 HTTP/1.1" 200 OK
  ✓  32 [e2e] › tests/e2e/editor-workspace-convergence.spec.ts:186:1 › 键盘、错误聚焦和未保存提示保留本地输入 (4.7s)
INFO:     127.0.0.1:56696 - "GET /api/v1/auth/me HTTP/1.1" 204 No Content
INFO:     127.0.0.1:56698 - "POST /api/v1/auth/login HTTP/1.1" 200 OK
INFO:     127.0.0.1:56700 - "GET /api/v1/auth/me HTTP/1.1" 200 OK
INFO:     127.0.0.1:56702 - "GET /api/v1/auth/csrf HTTP/1.1" 200 OK
INFO:     127.0.0.1:56708 - "GET /api/v1/auth/me HTTP/1.1" 200 OK
INFO:     127.0.0.1:56711 - "GET /api/v1/products HTTP/1.1" 200 OK
INFO:     127.0.0.1:56714 - "GET /api/v1/content-tasks HTTP/1.1" 200 OK
INFO:     127.0.0.1:56717 - "GET /api/v1/content-tasks/1d7456c3-32cd-4d2b-859c-cbeb55da88dd/content-versions HTTP/1.1" 200 OK
INFO:     127.0.0.1:56720 - "GET /api/v1/platform-profiles HTTP/1.1" 200 OK
INFO:     127.0.0.1:56724 - "GET /api/v1/auth/me HTTP/1.1" 200 OK
INFO:     127.0.0.1:56726 - "GET /api/v1/auth/csrf HTTP/1.1" 200 OK
INFO:     127.0.0.1:56731 - "GET /api/v1/content-tasks HTTP/1.1" 200 OK
INFO:     127.0.0.1:56730 - "GET /api/v1/platform-prompts HTTP/1.1" 200 OK
INFO:     127.0.0.1:56732 - "GET /api/v1/users?page=1&page_size=100 HTTP/1.1" 200 OK
INFO:     127.0.0.1:56740 - "GET /api/v1/products?page=1&page_size=100 HTTP/1.1" 200 OK
INFO:     127.0.0.1:56736 - "GET /api/v1/dashboard/summary HTTP/1.1" 200 OK
INFO:     127.0.0.1:56738 - "GET /api/v1/geo-metrics HTTP/1.1" 200 OK
INFO:     127.0.0.1:56744 - "GET /api/v1/platform-prompts/26e1e65d-d07a-472a-aa97-e5020426b8f3 HTTP/1.1" 200 OK
INFO:     127.0.0.1:56747 - "GET /api/v1/content-tasks?platform_profile_id=2f4a7e23-8fab-4b92-a040-f5b32e806b51 HTTP/1.1" 200 OK
  ✓  33 [e2e] › tests/e2e/editor-workspace-convergence.spec.ts:231:1 › Prompt 放弃站内导航只确认一次 (2.1s)
INFO:     127.0.0.1:56756 - "GET /api/v1/auth/me HTTP/1.1" 204 No Content
INFO:     127.0.0.1:56758 - "POST /api/v1/auth/login HTTP/1.1" 200 OK
INFO:     127.0.0.1:56760 - "GET /api/v1/auth/me HTTP/1.1" 200 OK
INFO:     127.0.0.1:56762 - "GET /api/v1/auth/csrf HTTP/1.1" 200 OK
INFO:     127.0.0.1:56768 - "GET /api/v1/auth/me HTTP/1.1" 200 OK
INFO:     127.0.0.1:56771 - "GET /api/v1/products HTTP/1.1" 200 OK
INFO:     127.0.0.1:56774 - "GET /api/v1/content-tasks HTTP/1.1" 200 OK
INFO:     127.0.0.1:56777 - "GET /api/v1/content-tasks/1d7456c3-32cd-4d2b-859c-cbeb55da88dd/content-versions HTTP/1.1" 200 OK
INFO:     127.0.0.1:56780 - "GET /api/v1/platform-profiles HTTP/1.1" 200 OK
INFO:     127.0.0.1:56783 - "GET /api/v1/auth/me HTTP/1.1" 200 OK
INFO:     127.0.0.1:56785 - "GET /api/v1/auth/csrf HTTP/1.1" 200 OK
INFO:     127.0.0.1:56791 - "GET /api/v1/products?page=1&page_size=100 HTTP/1.1" 200 OK
INFO:     127.0.0.1:56793 - "GET /api/v1/dashboard/summary HTTP/1.1" 200 OK
INFO:     127.0.0.1:56795 - "GET /api/v1/geo-metrics HTTP/1.1" 200 OK
INFO:     127.0.0.1:56801 - "GET /api/v1/auth/me HTTP/1.1" 200 OK
INFO:     127.0.0.1:56803 - "GET /api/v1/auth/csrf HTTP/1.1" 200 OK
INFO:     127.0.0.1:56806 - "GET /api/v1/products?page=1&page_size=100 HTTP/1.1" 200 OK
INFO:     127.0.0.1:56815 - "GET /api/v1/auth/me HTTP/1.1" 200 OK
INFO:     127.0.0.1:56817 - "GET /api/v1/auth/csrf HTTP/1.1" 200 OK
INFO:     127.0.0.1:56827 - "GET /api/v1/products/16bba9b2-2e5d-4287-924e-489382741cc0/fact-versions HTTP/1.1" 200 OK
INFO:     127.0.0.1:56825 - "GET /api/v1/products/16bba9b2-2e5d-4287-924e-489382741cc0 HTTP/1.1" 200 OK
INFO:     127.0.0.1:56826 - "GET /api/v1/products/16bba9b2-2e5d-4287-924e-489382741cc0/facts HTTP/1.1" 200 OK
INFO:     127.0.0.1:56829 - "GET /api/v1/dashboard/summary HTTP/1.1" 200 OK
INFO:     127.0.0.1:56832 - "GET /api/v1/geo-metrics HTTP/1.1" 200 OK
INFO:     127.0.0.1:56833 - "GET /api/v1/products?page=1&page_size=100 HTTP/1.1" 200 OK
INFO:     127.0.0.1:56844 - "GET /api/v1/auth/me HTTP/1.1" 200 OK
INFO:     127.0.0.1:56846 - "GET /api/v1/auth/csrf HTTP/1.1" 200 OK
INFO:     127.0.0.1:56849 - "GET /api/v1/content-versions/ec413b17-f012-4551-9a48-7d56f8dcfaa0/review-context HTTP/1.1" 200 OK
INFO:     127.0.0.1:56854 - "GET /api/v1/dashboard/summary HTTP/1.1" 200 OK
INFO:     127.0.0.1:56855 - "GET /api/v1/geo-metrics HTTP/1.1" 200 OK
INFO:     127.0.0.1:56856 - "GET /api/v1/products?page=1&page_size=100 HTTP/1.1" 200 OK
INFO:     127.0.0.1:56860 - "GET /api/v1/content-tasks HTTP/1.1" 200 OK
INFO:     127.0.0.1:56858 - "GET /api/v1/content-tasks/1d7456c3-32cd-4d2b-859c-cbeb55da88dd/content-versions HTTP/1.1" 200 OK
INFO:     127.0.0.1:56867 - "GET /api/v1/auth/me HTTP/1.1" 200 OK
INFO:     127.0.0.1:56869 - "GET /api/v1/auth/csrf HTTP/1.1" 200 OK
INFO:     127.0.0.1:56876 - "GET /api/v1/content-tasks HTTP/1.1" 200 OK
  ✓  34 [e2e] › tests/e2e/editor-workspace-convergence.spec.ts:267:1 › 服务端错误聚焦 Alert，跟随系统与 reduced-motion 保留工作区信息 (6.0s)
INFO:     127.0.0.1:56898 - "GET /api/v1/auth/me HTTP/1.1" 204 No Content
INFO:     127.0.0.1:56900 - "POST /api/v1/auth/login HTTP/1.1" 200 OK
INFO:     127.0.0.1:56902 - "GET /api/v1/auth/me HTTP/1.1" 200 OK
INFO:     127.0.0.1:56904 - "GET /api/v1/auth/csrf HTTP/1.1" 200 OK
INFO:     127.0.0.1:56910 - "GET /api/v1/auth/me HTTP/1.1" 200 OK
INFO:     127.0.0.1:56914 - "GET /api/v1/auth/me HTTP/1.1" 200 OK
INFO:     127.0.0.1:56916 - "GET /api/v1/auth/csrf HTTP/1.1" 200 OK
INFO:     127.0.0.1:56921 - "GET /api/v1/users?status=ENABLED&page=1&page_size=20 HTTP/1.1" 200 OK
INFO:     127.0.0.1:56923 - "GET /api/v1/dashboard/summary HTTP/1.1" 200 OK
INFO:     127.0.0.1:56926 - "GET /api/v1/products?page=1&page_size=100 HTTP/1.1" 200 OK
INFO:     127.0.0.1:56927 - "GET /api/v1/geo-metrics HTTP/1.1" 200 OK
INFO:     127.0.0.1:56932 - "GET /api/v1/auth/me HTTP/1.1" 200 OK
INFO:     127.0.0.1:56934 - "GET /api/v1/auth/csrf HTTP/1.1" 200 OK
INFO:     127.0.0.1:56940 - "GET /api/v1/platform-profiles?page=1&page_size=20 HTTP/1.1" 200 OK
INFO:     127.0.0.1:56942 - "GET /api/v1/platform-types HTTP/1.1" 200 OK
INFO:     127.0.0.1:56944 - "GET /api/v1/platform-prompts HTTP/1.1" 200 OK
INFO:     127.0.0.1:56946 - "GET /api/v1/dashboard/summary HTTP/1.1" 200 OK
INFO:     127.0.0.1:56948 - "GET /api/v1/products?page=1&page_size=100 HTTP/1.1" 200 OK
INFO:     127.0.0.1:56950 - "GET /api/v1/geo-metrics HTTP/1.1" 200 OK
INFO:     127.0.0.1:56958 - "GET /api/v1/auth/me HTTP/1.1" 200 OK
INFO:     127.0.0.1:56960 - "GET /api/v1/auth/csrf HTTP/1.1" 200 OK
INFO:     127.0.0.1:56966 - "GET /api/v1/ai-channels?page=1&page_size=20&sort=CREATED_DESC HTTP/1.1" 200 OK
INFO:     127.0.0.1:56969 - "GET /api/v1/dashboard/summary HTTP/1.1" 200 OK
INFO:     127.0.0.1:56971 - "GET /api/v1/products?page=1&page_size=100 HTTP/1.1" 200 OK
INFO:     127.0.0.1:56972 - "GET /api/v1/geo-metrics HTTP/1.1" 200 OK
INFO:     127.0.0.1:56977 - "GET /api/v1/ai-channels/1109e059-e263-4293-a6d4-f0c6c71884d1/models HTTP/1.1" 200 OK
INFO:     127.0.0.1:56976 - "GET /api/v1/ai-channels/1109e059-e263-4293-a6d4-f0c6c71884d1 HTTP/1.1" 200 OK
INFO:     127.0.0.1:56979 - "GET /api/v1/users?page=1&page_size=100 HTTP/1.1" 200 OK
INFO:     127.0.0.1:56987 - "GET /api/v1/auth/me HTTP/1.1" 200 OK
INFO:     127.0.0.1:56989 - "GET /api/v1/auth/csrf HTTP/1.1" 200 OK
INFO:     127.0.0.1:56997 - "GET /api/v1/audit-logs/filter-options HTTP/1.1" 200 OK
INFO:     127.0.0.1:56996 - "GET /api/v1/audit-logs?page=1&page_size=20&created_from=2026-08-09T08%3A29%3A00.574Z&created_to=2026-08-12T08%3A29%3A00.574Z HTTP/1.1" 200 OK
INFO:     127.0.0.1:56998 - "GET /api/v1/users?page=1&page_size=50 HTTP/1.1" 200 OK
INFO:     127.0.0.1:57006 - "GET /api/v1/products?page=1&page_size=100 HTTP/1.1" 200 OK
INFO:     127.0.0.1:57003 - "GET /api/v1/dashboard/summary HTTP/1.1" 200 OK
INFO:     127.0.0.1:57005 - "GET /api/v1/geo-metrics HTTP/1.1" 200 OK
INFO:     127.0.0.1:57013 - "GET /api/v1/auth/me HTTP/1.1" 200 OK
INFO:     127.0.0.1:57015 - "GET /api/v1/auth/csrf HTTP/1.1" 200 OK
INFO:     127.0.0.1:57019 - "GET /api/v1/users?status=ENABLED&page=1&page_size=20 HTTP/1.1" 200 OK
INFO:     127.0.0.1:57024 - "GET /api/v1/products?page=1&page_size=100 HTTP/1.1" 200 OK
INFO:     127.0.0.1:57025 - "GET /api/v1/geo-metrics HTTP/1.1" 200 OK
INFO:     127.0.0.1:57021 - "GET /api/v1/dashboard/summary HTTP/1.1" 200 OK
INFO:     127.0.0.1:57030 - "GET /api/v1/auth/me HTTP/1.1" 200 OK
INFO:     127.0.0.1:57032 - "GET /api/v1/auth/csrf HTTP/1.1" 200 OK
INFO:     127.0.0.1:57040 - "GET /api/v1/platform-profiles?page=1&page_size=20 HTTP/1.1" 200 OK
INFO:     127.0.0.1:57041 - "GET /api/v1/platform-types HTTP/1.1" 200 OK
INFO:     127.0.0.1:57042 - "GET /api/v1/platform-prompts HTTP/1.1" 200 OK
INFO:     127.0.0.1:57045 - "GET /api/v1/dashboard/summary HTTP/1.1" 200 OK
INFO:     127.0.0.1:57046 - "GET /api/v1/geo-metrics HTTP/1.1" 200 OK
INFO:     127.0.0.1:57048 - "GET /api/v1/products?page=1&page_size=100 HTTP/1.1" 200 OK
INFO:     127.0.0.1:57056 - "GET /api/v1/auth/me HTTP/1.1" 200 OK
INFO:     127.0.0.1:57058 - "GET /api/v1/auth/csrf HTTP/1.1" 200 OK
INFO:     127.0.0.1:57063 - "GET /api/v1/ai-channels?page=1&page_size=20&sort=CREATED_DESC HTTP/1.1" 200 OK
INFO:     127.0.0.1:57070 - "GET /api/v1/products?page=1&page_size=100 HTTP/1.1" 200 OK
INFO:     127.0.0.1:57069 - "GET /api/v1/geo-metrics HTTP/1.1" 200 OK
INFO:     127.0.0.1:57068 - "GET /api/v1/dashboard/summary HTTP/1.1" 200 OK
INFO:     127.0.0.1:57075 - "GET /api/v1/ai-channels/1109e059-e263-4293-a6d4-f0c6c71884d1/models HTTP/1.1" 200 OK
INFO:     127.0.0.1:57074 - "GET /api/v1/ai-channels/1109e059-e263-4293-a6d4-f0c6c71884d1 HTTP/1.1" 200 OK
INFO:     127.0.0.1:57077 - "GET /api/v1/users?page=1&page_size=100 HTTP/1.1" 200 OK
INFO:     127.0.0.1:57085 - "GET /api/v1/auth/me HTTP/1.1" 200 OK
INFO:     127.0.0.1:57087 - "GET /api/v1/auth/csrf HTTP/1.1" 200 OK
INFO:     127.0.0.1:57096 - "GET /api/v1/audit-logs/filter-options HTTP/1.1" 200 OK
INFO:     127.0.0.1:57097 - "GET /api/v1/users?page=1&page_size=50 HTTP/1.1" 200 OK
INFO:     127.0.0.1:57095 - "GET /api/v1/audit-logs?page=1&page_size=20&created_from=2026-08-09T08%3A29%3A03.624Z&created_to=2026-08-12T08%3A29%3A03.624Z HTTP/1.1" 200 OK
INFO:     127.0.0.1:57102 - "GET /api/v1/dashboard/summary HTTP/1.1" 200 OK
INFO:     127.0.0.1:57105 - "GET /api/v1/products?page=1&page_size=100 HTTP/1.1" 200 OK
INFO:     127.0.0.1:57104 - "GET /api/v1/geo-metrics HTTP/1.1" 200 OK
  ✓  35 [e2e] › tests/e2e/list-workbench-convergence.spec.ts:75:1 › 四个工作台统一使用真实 PageHeader、指标卡、筛选和表格入口 (6.8s)
INFO:     127.0.0.1:57114 - "GET /api/v1/auth/me HTTP/1.1" 204 No Content
INFO:     127.0.0.1:57116 - "POST /api/v1/auth/login HTTP/1.1" 200 OK
INFO:     127.0.0.1:57118 - "GET /api/v1/auth/me HTTP/1.1" 200 OK
INFO:     127.0.0.1:57120 - "GET /api/v1/auth/csrf HTTP/1.1" 200 OK
INFO:     127.0.0.1:57126 - "GET /api/v1/auth/me HTTP/1.1" 200 OK
INFO:     127.0.0.1:57129 - "GET /api/v1/auth/me HTTP/1.1" 200 OK
INFO:     127.0.0.1:57131 - "GET /api/v1/auth/csrf HTTP/1.1" 200 OK
INFO:     127.0.0.1:57136 - "GET /api/v1/users?status=ENABLED&page=1&page_size=20 HTTP/1.1" 200 OK
INFO:     127.0.0.1:57141 - "GET /api/v1/dashboard/summary HTTP/1.1" 200 OK
INFO:     127.0.0.1:57148 - "GET /api/v1/auth/me HTTP/1.1" 200 OK
INFO:     127.0.0.1:57150 - "GET /api/v1/auth/csrf HTTP/1.1" 200 OK
INFO:     127.0.0.1:57157 - "GET /api/v1/platform-profiles?page=1&page_size=20 HTTP/1.1" 200 OK
INFO:     127.0.0.1:57158 - "GET /api/v1/platform-types HTTP/1.1" 200 OK
INFO:     127.0.0.1:57159 - "GET /api/v1/platform-prompts HTTP/1.1" 200 OK
INFO:     127.0.0.1:57164 - "GET /api/v1/products?page=1&page_size=100 HTTP/1.1" 200 OK
INFO:     127.0.0.1:57162 - "GET /api/v1/geo-metrics HTTP/1.1" 200 OK
INFO:     127.0.0.1:57165 - "GET /api/v1/dashboard/summary HTTP/1.1" 200 OK
INFO:     127.0.0.1:57174 - "GET /api/v1/auth/me HTTP/1.1" 200 OK
INFO:     127.0.0.1:57176 - "GET /api/v1/auth/csrf HTTP/1.1" 200 OK
INFO:     127.0.0.1:57181 - "GET /api/v1/ai-channels?page=1&page_size=20&sort=CREATED_DESC HTTP/1.1" 200 OK
INFO:     127.0.0.1:57183 - "GET /api/v1/dashboard/summary HTTP/1.1" 200 OK
INFO:     127.0.0.1:57187 - "GET /api/v1/products?page=1&page_size=100 HTTP/1.1" 200 OK
INFO:     127.0.0.1:57186 - "GET /api/v1/geo-metrics HTTP/1.1" 200 OK
INFO:     127.0.0.1:57203 - "GET /api/v1/auth/me HTTP/1.1" 200 OK
INFO:     127.0.0.1:57205 - "GET /api/v1/auth/csrf HTTP/1.1" 200 OK
INFO:     127.0.0.1:57209 - "GET /api/v1/audit-logs?page=1&page_size=20&created_from=2026-08-09T08%3A29%3A06.994Z&created_to=2026-08-12T08%3A29%3A06.994Z HTTP/1.1" 200 OK
INFO:     127.0.0.1:57213 - "GET /api/v1/users?page=1&page_size=50 HTTP/1.1" 200 OK
INFO:     127.0.0.1:57212 - "GET /api/v1/audit-logs/filter-options HTTP/1.1" 200 OK
INFO:     127.0.0.1:57217 - "GET /api/v1/dashboard/summary HTTP/1.1" 200 OK
INFO:     127.0.0.1:57220 - "GET /api/v1/products?page=1&page_size=100 HTTP/1.1" 200 OK
INFO:     127.0.0.1:57226 - "GET /api/v1/auth/me HTTP/1.1" 200 OK
INFO:     127.0.0.1:57228 - "GET /api/v1/auth/csrf HTTP/1.1" 200 OK
INFO:     127.0.0.1:57234 - "GET /api/v1/users?status=ENABLED&page=1&page_size=20 HTTP/1.1" 200 OK
INFO:     127.0.0.1:57240 - "GET /api/v1/geo-metrics HTTP/1.1" 200 OK
INFO:     127.0.0.1:57239 - "GET /api/v1/products?page=1&page_size=100 HTTP/1.1" 200 OK
INFO:     127.0.0.1:57238 - "GET /api/v1/dashboard/summary HTTP/1.1" 200 OK
INFO:     127.0.0.1:57247 - "GET /api/v1/auth/me HTTP/1.1" 200 OK
INFO:     127.0.0.1:57249 - "GET /api/v1/auth/csrf HTTP/1.1" 200 OK
INFO:     127.0.0.1:57257 - "GET /api/v1/platform-prompts HTTP/1.1" 200 OK
INFO:     127.0.0.1:57253 - "GET /api/v1/platform-profiles?page=1&page_size=20 HTTP/1.1" 200 OK
INFO:     127.0.0.1:57255 - "GET /api/v1/platform-types HTTP/1.1" 200 OK
INFO:     127.0.0.1:57259 - "GET /api/v1/dashboard/summary HTTP/1.1" 200 OK
INFO:     127.0.0.1:57262 - "GET /api/v1/geo-metrics HTTP/1.1" 200 OK
INFO:     127.0.0.1:57263 - "GET /api/v1/products?page=1&page_size=100 HTTP/1.1" 200 OK
INFO:     127.0.0.1:57271 - "GET /api/v1/auth/me HTTP/1.1" 200 OK
INFO:     127.0.0.1:57273 - "GET /api/v1/auth/csrf HTTP/1.1" 200 OK
INFO:     127.0.0.1:57278 - "GET /api/v1/ai-channels?page=1&page_size=20&sort=CREATED_DESC HTTP/1.1" 200 OK
INFO:     127.0.0.1:57281 - "GET /api/v1/dashboard/summary HTTP/1.1" 200 OK
INFO:     127.0.0.1:57285 - "GET /api/v1/products?page=1&page_size=100 HTTP/1.1" 200 OK
INFO:     127.0.0.1:57284 - "GET /api/v1/geo-metrics HTTP/1.1" 200 OK
INFO:     127.0.0.1:57300 - "GET /api/v1/auth/me HTTP/1.1" 200 OK
INFO:     127.0.0.1:57302 - "GET /api/v1/auth/csrf HTTP/1.1" 200 OK
INFO:     127.0.0.1:57309 - "GET /api/v1/audit-logs/filter-options HTTP/1.1" 200 OK
INFO:     127.0.0.1:57311 - "GET /api/v1/users?page=1&page_size=50 HTTP/1.1" 200 OK
INFO:     127.0.0.1:57307 - "GET /api/v1/audit-logs?page=1&page_size=20&created_from=2026-08-09T08%3A29%3A09.231Z&created_to=2026-08-12T08%3A29%3A09.231Z HTTP/1.1" 200 OK
INFO:     127.0.0.1:57318 - "GET /api/v1/geo-metrics HTTP/1.1" 200 OK
INFO:     127.0.0.1:57319 - "GET /api/v1/products?page=1&page_size=100 HTTP/1.1" 200 OK
INFO:     127.0.0.1:57316 - "GET /api/v1/dashboard/summary HTTP/1.1" 200 OK
INFO:     127.0.0.1:57326 - "GET /api/v1/auth/me HTTP/1.1" 200 OK
INFO:     127.0.0.1:57328 - "GET /api/v1/auth/csrf HTTP/1.1" 200 OK
INFO:     127.0.0.1:57332 - "GET /api/v1/users?status=ENABLED&page=1&page_size=20 HTTP/1.1" 200 OK
INFO:     127.0.0.1:57338 - "GET /api/v1/products?page=1&page_size=100 HTTP/1.1" 200 OK
INFO:     127.0.0.1:57335 - "GET /api/v1/dashboard/summary HTTP/1.1" 200 OK
INFO:     127.0.0.1:57339 - "GET /api/v1/geo-metrics HTTP/1.1" 200 OK
INFO:     127.0.0.1:57344 - "GET /api/v1/auth/me HTTP/1.1" 200 OK
INFO:     127.0.0.1:57346 - "GET /api/v1/auth/csrf HTTP/1.1" 200 OK
INFO:     127.0.0.1:57353 - "GET /api/v1/platform-profiles?page=1&page_size=20 HTTP/1.1" 200 OK
INFO:     127.0.0.1:57354 - "GET /api/v1/platform-types HTTP/1.1" 200 OK
INFO:     127.0.0.1:57356 - "GET /api/v1/platform-prompts HTTP/1.1" 200 OK
INFO:     127.0.0.1:57358 - "GET /api/v1/dashboard/summary HTTP/1.1" 200 OK
INFO:     127.0.0.1:57362 - "GET /api/v1/geo-metrics HTTP/1.1" 200 OK
INFO:     127.0.0.1:57361 - "GET /api/v1/products?page=1&page_size=100 HTTP/1.1" 200 OK
INFO:     127.0.0.1:57370 - "GET /api/v1/auth/me HTTP/1.1" 200 OK
INFO:     127.0.0.1:57372 - "GET /api/v1/auth/csrf HTTP/1.1" 200 OK
INFO:     127.0.0.1:57377 - "GET /api/v1/ai-channels?page=1&page_size=20&sort=CREATED_DESC HTTP/1.1" 200 OK
INFO:     127.0.0.1:57380 - "GET /api/v1/dashboard/summary HTTP/1.1" 200 OK
INFO:     127.0.0.1:57384 - "GET /api/v1/products?page=1&page_size=100 HTTP/1.1" 200 OK
INFO:     127.0.0.1:57381 - "GET /api/v1/geo-metrics HTTP/1.1" 200 OK
INFO:     127.0.0.1:57399 - "GET /api/v1/auth/me HTTP/1.1" 200 OK
INFO:     127.0.0.1:57401 - "GET /api/v1/auth/csrf HTTP/1.1" 200 OK
INFO:     127.0.0.1:57407 - "GET /api/v1/audit-logs/filter-options HTTP/1.1" 200 OK
INFO:     127.0.0.1:57408 - "GET /api/v1/audit-logs?page=1&page_size=20&created_from=2026-08-09T08%3A29%3A11.563Z&created_to=2026-08-12T08%3A29%3A11.563Z HTTP/1.1" 200 OK
INFO:     127.0.0.1:57409 - "GET /api/v1/users?page=1&page_size=50 HTTP/1.1" 200 OK
INFO:     127.0.0.1:57417 - "GET /api/v1/products?page=1&page_size=100 HTTP/1.1" 200 OK
INFO:     127.0.0.1:57424 - "GET /api/v1/auth/me HTTP/1.1" 200 OK
INFO:     127.0.0.1:57426 - "GET /api/v1/auth/csrf HTTP/1.1" 200 OK
INFO:     127.0.0.1:57431 - "GET /api/v1/users?status=ENABLED&page=1&page_size=20 HTTP/1.1" 200 OK
INFO:     127.0.0.1:57437 - "GET /api/v1/products?page=1&page_size=100 HTTP/1.1" 200 OK
INFO:     127.0.0.1:57434 - "GET /api/v1/dashboard/summary HTTP/1.1" 200 OK
INFO:     127.0.0.1:57436 - "GET /api/v1/geo-metrics HTTP/1.1" 200 OK
INFO:     127.0.0.1:57443 - "GET /api/v1/auth/me HTTP/1.1" 200 OK
INFO:     127.0.0.1:57445 - "GET /api/v1/auth/csrf HTTP/1.1" 200 OK
INFO:     127.0.0.1:57451 - "GET /api/v1/platform-profiles?page=1&page_size=20 HTTP/1.1" 200 OK
INFO:     127.0.0.1:57454 - "GET /api/v1/platform-prompts HTTP/1.1" 200 OK
INFO:     127.0.0.1:57452 - "GET /api/v1/platform-types HTTP/1.1" 200 OK
INFO:     127.0.0.1:57460 - "GET /api/v1/geo-metrics HTTP/1.1" 200 OK
INFO:     127.0.0.1:57456 - "GET /api/v1/dashboard/summary HTTP/1.1" 200 OK
INFO:     127.0.0.1:57459 - "GET /api/v1/products?page=1&page_size=100 HTTP/1.1" 200 OK
INFO:     127.0.0.1:57469 - "GET /api/v1/auth/me HTTP/1.1" 200 OK
INFO:     127.0.0.1:57471 - "GET /api/v1/auth/csrf HTTP/1.1" 200 OK
INFO:     127.0.0.1:57474 - "GET /api/v1/ai-channels?page=1&page_size=20&sort=CREATED_DESC HTTP/1.1" 200 OK
INFO:     127.0.0.1:57480 - "GET /api/v1/dashboard/summary HTTP/1.1" 200 OK
INFO:     127.0.0.1:57481 - "GET /api/v1/geo-metrics HTTP/1.1" 200 OK
INFO:     127.0.0.1:57482 - "GET /api/v1/products?page=1&page_size=100 HTTP/1.1" 200 OK
INFO:     127.0.0.1:57486 - "GET /api/v1/ai-channels/1109e059-e263-4293-a6d4-f0c6c71884d1 HTTP/1.1" 200 OK
INFO:     127.0.0.1:57497 - "GET /api/v1/auth/me HTTP/1.1" 200 OK
INFO:     127.0.0.1:57499 - "GET /api/v1/auth/csrf HTTP/1.1" 200 OK
INFO:     127.0.0.1:57506 - "GET /api/v1/users?page=1&page_size=50 HTTP/1.1" 200 OK
INFO:     127.0.0.1:57507 - "GET /api/v1/audit-logs/filter-options HTTP/1.1" 200 OK
INFO:     127.0.0.1:57503 - "GET /api/v1/audit-logs?page=1&page_size=20&created_from=2026-08-09T08%3A29%3A13.719Z&created_to=2026-08-12T08%3A29%3A13.719Z HTTP/1.1" 200 OK
INFO:     127.0.0.1:57515 - "GET /api/v1/dashboard/summary HTTP/1.1" 200 OK
INFO:     127.0.0.1:57516 - "GET /api/v1/products?page=1&page_size=100 HTTP/1.1" 200 OK
INFO:     127.0.0.1:57521 - "GET /api/v1/auth/me HTTP/1.1" 200 OK
INFO:     127.0.0.1:57523 - "GET /api/v1/auth/csrf HTTP/1.1" 200 OK
INFO:     127.0.0.1:57529 - "GET /api/v1/users?status=ENABLED&page=1&page_size=20 HTTP/1.1" 200 OK
INFO:     127.0.0.1:57535 - "GET /api/v1/products?page=1&page_size=100 HTTP/1.1" 200 OK
INFO:     127.0.0.1:57536 - "GET /api/v1/dashboard/summary HTTP/1.1" 200 OK
INFO:     127.0.0.1:57532 - "GET /api/v1/geo-metrics HTTP/1.1" 200 OK
INFO:     127.0.0.1:57538 - "GET /api/v1/users?status=ENABLED&page=1&page_size=50 HTTP/1.1" 200 OK
INFO:     127.0.0.1:57544 - "GET /api/v1/auth/me HTTP/1.1" 200 OK
INFO:     127.0.0.1:57546 - "GET /api/v1/auth/csrf HTTP/1.1" 200 OK
INFO:     127.0.0.1:57556 - "GET /api/v1/platform-types HTTP/1.1" 200 OK
INFO:     127.0.0.1:57552 - "GET /api/v1/platform-profiles?page=1&page_size=20 HTTP/1.1" 200 OK
INFO:     127.0.0.1:57555 - "GET /api/v1/platform-prompts HTTP/1.1" 200 OK
INFO:     127.0.0.1:57558 - "GET /api/v1/geo-metrics HTTP/1.1" 200 OK
INFO:     127.0.0.1:57561 - "GET /api/v1/dashboard/summary HTTP/1.1" 200 OK
INFO:     127.0.0.1:57562 - "GET /api/v1/products?page=1&page_size=100 HTTP/1.1" 200 OK
INFO:     127.0.0.1:57566 - "GET /api/v1/platform-profiles/2f4a7e23-8fab-4b92-a040-f5b32e806b51 HTTP/1.1" 200 OK
  ✓  36 [e2e] › tests/e2e/list-workbench-convergence.spec.ts:115:1 › 窄屏只允许 TableRegion 内横向滚动，并保留键盘操作 (12.4s)
INFO:     127.0.0.1:57575 - "GET /api/v1/auth/me HTTP/1.1" 204 No Content
INFO:     127.0.0.1:57577 - "POST /api/v1/auth/login HTTP/1.1" 200 OK
INFO:     127.0.0.1:57579 - "GET /api/v1/auth/me HTTP/1.1" 200 OK
INFO:     127.0.0.1:57581 - "GET /api/v1/auth/csrf HTTP/1.1" 200 OK
INFO:     127.0.0.1:57587 - "GET /api/v1/auth/me HTTP/1.1" 200 OK
INFO:     127.0.0.1:57590 - "GET /api/v1/auth/me HTTP/1.1" 200 OK
INFO:     127.0.0.1:57592 - "GET /api/v1/auth/csrf HTTP/1.1" 200 OK
INFO:     127.0.0.1:57597 - "GET /api/v1/users?status=ENABLED&page=1&page_size=20 HTTP/1.1" 200 OK
INFO:     127.0.0.1:57599 - "GET /api/v1/dashboard/summary HTTP/1.1" 200 OK
INFO:     127.0.0.1:57601 - "GET /api/v1/products?page=1&page_size=100 HTTP/1.1" 200 OK
INFO:     127.0.0.1:57603 - "GET /api/v1/geo-metrics HTTP/1.1" 200 OK
INFO:     127.0.0.1:57610 - "GET /api/v1/auth/me HTTP/1.1" 200 OK
INFO:     127.0.0.1:57612 - "GET /api/v1/auth/csrf HTTP/1.1" 200 OK
INFO:     127.0.0.1:57620 - "GET /api/v1/platform-prompts HTTP/1.1" 200 OK
INFO:     127.0.0.1:57617 - "GET /api/v1/platform-profiles?page=1&page_size=20 HTTP/1.1" 200 OK
INFO:     127.0.0.1:57619 - "GET /api/v1/platform-types HTTP/1.1" 200 OK
INFO:     127.0.0.1:57623 - "GET /api/v1/dashboard/summary HTTP/1.1" 200 OK
INFO:     127.0.0.1:57627 - "GET /api/v1/products?page=1&page_size=100 HTTP/1.1" 200 OK
INFO:     127.0.0.1:57625 - "GET /api/v1/geo-metrics HTTP/1.1" 200 OK
INFO:     127.0.0.1:57634 - "GET /api/v1/auth/me HTTP/1.1" 200 OK
INFO:     127.0.0.1:57636 - "GET /api/v1/auth/csrf HTTP/1.1" 200 OK
INFO:     127.0.0.1:57640 - "GET /api/v1/ai-channels?page=1&page_size=20&sort=CREATED_DESC HTTP/1.1" 200 OK
INFO:     127.0.0.1:57643 - "GET /api/v1/dashboard/summary HTTP/1.1" 200 OK
INFO:     127.0.0.1:57647 - "GET /api/v1/products?page=1&page_size=100 HTTP/1.1" 200 OK
INFO:     127.0.0.1:57645 - "GET /api/v1/geo-metrics HTTP/1.1" 200 OK
INFO:     127.0.0.1:57652 - "GET /api/v1/ai-channels/1109e059-e263-4293-a6d4-f0c6c71884d1/models HTTP/1.1" 200 OK
INFO:     127.0.0.1:57661 - "GET /api/v1/auth/me HTTP/1.1" 200 OK
INFO:     127.0.0.1:57663 - "GET /api/v1/auth/csrf HTTP/1.1" 200 OK
INFO:     127.0.0.1:57669 - "GET /api/v1/audit-logs?page=1&page_size=20&created_from=2026-08-09T08%3A29%3A19.375Z&created_to=2026-08-12T08%3A29%3A19.375Z HTTP/1.1" 200 OK
INFO:     127.0.0.1:57671 - "GET /api/v1/audit-logs/filter-options HTTP/1.1" 200 OK
INFO:     127.0.0.1:57673 - "GET /api/v1/users?page=1&page_size=50 HTTP/1.1" 200 OK
INFO:     127.0.0.1:57678 - "GET /api/v1/dashboard/summary HTTP/1.1" 200 OK
INFO:     127.0.0.1:57681 - "GET /api/v1/products?page=1&page_size=100 HTTP/1.1" 200 OK
INFO:     127.0.0.1:57679 - "GET /api/v1/geo-metrics HTTP/1.1" 200 OK
  ✓  37 [e2e] › tests/e2e/list-workbench-convergence.spec.ts:187:1 › 跟随系统主题与 reduced-motion 不改变工作台信息和操作入口 (3.2s)
INFO:     127.0.0.1:57691 - "GET /api/v1/auth/me HTTP/1.1" 204 No Content
INFO:     127.0.0.1:57693 - "POST /api/v1/auth/login HTTP/1.1" 200 OK
INFO:     127.0.0.1:57695 - "GET /api/v1/auth/me HTTP/1.1" 200 OK
INFO:     127.0.0.1:57697 - "GET /api/v1/auth/csrf HTTP/1.1" 200 OK
INFO:     127.0.0.1:57703 - "GET /api/v1/auth/csrf HTTP/1.1" 200 OK
INFO:     127.0.0.1:57706 - "GET /api/v1/dashboard/summary HTTP/1.1" 200 OK
INFO:     127.0.0.1:57707 - "GET /api/v1/geo-metrics HTTP/1.1" 200 OK
INFO:     127.0.0.1:57715 - "GET /api/v1/auth/me HTTP/1.1" 200 OK
INFO:     127.0.0.1:57717 - "GET /api/v1/auth/csrf HTTP/1.1" 200 OK
INFO:     127.0.0.1:57722 - "GET /api/v1/audit-logs?page=1&page_size=20&created_from=2026-08-09T08%3A29%3A21.094Z&created_to=2026-08-12T08%3A29%3A21.094Z HTTP/1.1" 200 OK
INFO:     127.0.0.1:57726 - "GET /api/v1/users?page=1&page_size=50 HTTP/1.1" 200 OK
INFO:     127.0.0.1:57725 - "GET /api/v1/audit-logs/filter-options HTTP/1.1" 200 OK
INFO:     127.0.0.1:57730 - "GET /api/v1/products?page=1&page_size=100 HTTP/1.1" 200 OK
INFO:     127.0.0.1:57734 - "GET /api/v1/geo-metrics HTTP/1.1" 200 OK
INFO:     127.0.0.1:57733 - "GET /api/v1/dashboard/summary HTTP/1.1" 200 OK
INFO:     127.0.0.1:57736 - "GET /api/v1/audit-logs/6275c8f2-ecc6-4e9f-95ba-a82387fa6409 HTTP/1.1" 200 OK
INFO:     127.0.0.1:57739 - "GET /api/v1/users?q=admin-&page=1&page_size=100 HTTP/1.1" 200 OK
INFO:     127.0.0.1:57742 - "GET /api/v1/users?q=engineer-&page=1&page_size=100 HTTP/1.1" 200 OK
INFO:     127.0.0.1:57745 - "GET /api/v1/users?q=admin&page=1&page_size=100 HTTP/1.1" 200 OK
INFO:     127.0.0.1:57748 - "POST /api/v1/auth/change-password HTTP/1.1" 401 Unauthorized
INFO:     127.0.0.1:57751 - "PATCH /api/v1/users/81998469-6736-48c7-9456-916fe486d5e2 HTTP/1.1" 409 Conflict
INFO:     127.0.0.1:57754 - "POST /api/v1/users HTTP/1.1" 201 Created
INFO:     127.0.0.1:57757 - "POST /api/v1/users/a7cf8d75-df7b-4a79-a20b-a4beab4a9380/reset-password HTTP/1.1" 422 Unprocessable Entity
INFO:     127.0.0.1:57760 - "POST /api/v1/users/a7cf8d75-df7b-4a79-a20b-a4beab4a9380/reset-password HTTP/1.1" 204 No Content
INFO:     127.0.0.1:57769 - "GET /api/v1/auth/me HTTP/1.1" 204 No Content
INFO:     127.0.0.1:57771 - "POST /api/v1/auth/login HTTP/1.1" 200 OK
INFO:     127.0.0.1:57773 - "GET /api/v1/auth/me HTTP/1.1" 200 OK
INFO:     127.0.0.1:57775 - "GET /api/v1/auth/csrf HTTP/1.1" 200 OK
INFO:     127.0.0.1:57778 - "GET /api/v1/platform-types HTTP/1.1" 403 Forbidden
INFO:     127.0.0.1:57780 - "POST /api/v1/auth/change-password HTTP/1.1" 204 No Content
INFO:     127.0.0.1:57782 - "GET /api/v1/auth/me HTTP/1.1" 200 OK
INFO:     127.0.0.1:57790 - "GET /api/v1/auth/me HTTP/1.1" 200 OK
INFO:     127.0.0.1:57793 - "GET /api/v1/audit-logs HTTP/1.1" 403 Forbidden
INFO:     127.0.0.1:57795 - "GET /api/v1/auth/csrf HTTP/1.1" 200 OK
INFO:     127.0.0.1:57807 - "GET /api/v1/users HTTP/1.1" 403 Forbidden
INFO:     127.0.0.1:57799 - "GET /api/v1/dashboard/summary HTTP/1.1" 200 OK
INFO:     127.0.0.1:57810 - "GET /api/v1/auth/csrf HTTP/1.1" 200 OK
INFO:     127.0.0.1:57803 - "GET /api/v1/products?page=1&page_size=100 HTTP/1.1" 200 OK
INFO:     127.0.0.1:57801 - "GET /api/v1/geo-metrics HTTP/1.1" 200 OK
INFO:     127.0.0.1:57813 - "DELETE /api/v1/products/e20829e6-1d09-40bc-8330-eb133ea1f44a?expected_revision=0 HTTP/1.1" 403 Forbidden
INFO:     127.0.0.1:57816 - "DELETE /api/v1/platform-types/e20829e6-1d09-40bc-8330-eb133ea1f44a HTTP/1.1" 403 Forbidden
INFO:     127.0.0.1:57819 - "DELETE /api/v1/platform-profiles/e20829e6-1d09-40bc-8330-eb133ea1f44a HTTP/1.1" 403 Forbidden
INFO:     127.0.0.1:57822 - "DELETE /api/v1/platform-prompts/e20829e6-1d09-40bc-8330-eb133ea1f44a?expected_revision=0 HTTP/1.1" 403 Forbidden
INFO:     127.0.0.1:57825 - "DELETE /api/v1/platform-accounts/e20829e6-1d09-40bc-8330-eb133ea1f44a HTTP/1.1" 403 Forbidden
INFO:     127.0.0.1:57828 - "DELETE /api/v1/fact-versions/e20829e6-1d09-40bc-8330-eb133ea1f44a HTTP/1.1" 403 Forbidden
INFO:     127.0.0.1:57831 - "DELETE /api/v1/users/e20829e6-1d09-40bc-8330-eb133ea1f44a HTTP/1.1" 403 Forbidden
INFO:     127.0.0.1:57834 - "GET /api/v1/published-articles/e20829e6-1d09-40bc-8330-eb133ea1f44a/permanent-deletion-preview HTTP/1.1" 403 Forbidden
INFO:     127.0.0.1:57837 - "POST /api/v1/published-articles/e20829e6-1d09-40bc-8330-eb133ea1f44a/permanent-delete HTTP/1.1" 403 Forbidden
INFO:     127.0.0.1:57840 - "POST /api/v1/platform-types HTTP/1.1" 403 Forbidden
INFO:     127.0.0.1:57843 - "POST /api/v1/users HTTP/1.1" 201 Created
INFO:     127.0.0.1:57852 - "GET /api/v1/auth/me HTTP/1.1" 204 No Content
INFO:     127.0.0.1:57855 - "POST /api/v1/auth/login HTTP/1.1" 200 OK
INFO:     127.0.0.1:57857 - "GET /api/v1/auth/me HTTP/1.1" 200 OK
INFO:     127.0.0.1:57859 - "GET /api/v1/auth/csrf HTTP/1.1" 200 OK
INFO:     127.0.0.1:57861 - "POST /api/v1/auth/change-password HTTP/1.1" 204 No Content
INFO:     127.0.0.1:57863 - "GET /api/v1/auth/me HTTP/1.1" 200 OK
INFO:     127.0.0.1:57869 - "GET /api/v1/auth/csrf HTTP/1.1" 200 OK
INFO:     127.0.0.1:57881 - "GET /api/v1/dashboard/summary HTTP/1.1" 200 OK
INFO:     127.0.0.1:57887 - "GET /api/v1/auth/me HTTP/1.1" 204 No Content
INFO:     127.0.0.1:57885 - "GET /api/v1/products?page=1&page_size=100 HTTP/1.1" 200 OK
INFO:     127.0.0.1:57882 - "GET /api/v1/geo-metrics HTTP/1.1" 200 OK
INFO:     127.0.0.1:57889 - "POST /api/v1/auth/login HTTP/1.1" 200 OK
INFO:     127.0.0.1:57891 - "GET /api/v1/auth/me HTTP/1.1" 200 OK
INFO:     127.0.0.1:57893 - "GET /api/v1/auth/csrf HTTP/1.1" 200 OK
INFO:     127.0.0.1:57899 - "GET /api/v1/auth/csrf HTTP/1.1" 200 OK
INFO:     127.0.0.1:57902 - "POST /api/v1/users/f5cdbfb1-72a2-461a-88ac-e59ae84fa4a8/reset-password HTTP/1.1" 422 Unprocessable Entity
INFO:     127.0.0.1:57904 - "POST /api/v1/auth/change-password HTTP/1.1" 204 No Content
INFO:     127.0.0.1:57906 - "GET /api/v1/auth/me HTTP/1.1" 200 OK
INFO:     127.0.0.1:57909 - "GET /api/v1/auth/me HTTP/1.1" 200 OK
INFO:     127.0.0.1:57912 - "GET /api/v1/auth/me HTTP/1.1" 401 Unauthorized
INFO:     127.0.0.1:57915 - "GET /api/v1/users?q=24724237&page=1&page_size=100 HTTP/1.1" 200 OK
INFO:     127.0.0.1:57919 - "GET /api/v1/geo-metrics HTTP/1.1" 401 Unauthorized
INFO:     127.0.0.1:57917 - "GET /api/v1/dashboard/summary HTTP/1.1" 401 Unauthorized
INFO:     127.0.0.1:57924 - "GET /api/v1/auth/me HTTP/1.1" 401 Unauthorized
INFO:     127.0.0.1:57922 - "PATCH /api/v1/users/a7cf8d75-df7b-4a79-a20b-a4beab4a9380 HTTP/1.1" 200 OK
INFO:     127.0.0.1:57927 - "PATCH /api/v1/users/f5cdbfb1-72a2-461a-88ac-e59ae84fa4a8 HTTP/1.1" 200 OK
INFO:     127.0.0.1:57930 - "GET /api/v1/auth/me HTTP/1.1" 401 Unauthorized
INFO:     127.0.0.1:57933 - "DELETE /api/v1/users/a7cf8d75-df7b-4a79-a20b-a4beab4a9380 HTTP/1.1" 204 No Content
INFO:     127.0.0.1:57936 - "DELETE /api/v1/users/f5cdbfb1-72a2-461a-88ac-e59ae84fa4a8 HTTP/1.1" 204 No Content
INFO:     127.0.0.1:57939 - "GET /api/v1/users?q=24724237&page=1&page_size=100 HTTP/1.1" 200 OK
INFO:     127.0.0.1:57942 - "GET /api/v1/audit-logs?page=1&page_size=100 HTTP/1.1" 200 OK
  ✓  38 [e2e] › tests/e2e/mvp-flow.spec.ts:40:1 › 账号类型、最后管理员、临时密码和停用会话由服务端强制执行 (7.3s)
INFO:     127.0.0.1:57951 - "GET /api/v1/auth/me HTTP/1.1" 204 No Content
INFO:     127.0.0.1:57953 - "POST /api/v1/auth/login HTTP/1.1" 200 OK
INFO:     127.0.0.1:57955 - "GET /api/v1/auth/me HTTP/1.1" 200 OK
INFO:     127.0.0.1:57957 - "GET /api/v1/auth/csrf HTTP/1.1" 200 OK
INFO:     127.0.0.1:57963 - "GET /api/v1/auth/csrf HTTP/1.1" 200 OK
INFO:     127.0.0.1:57966 - "GET /api/v1/content-humanization-prompt HTTP/1.1" 200 OK
INFO:     127.0.0.1:57969 - "DELETE /api/v1/products/559826e4-8da0-4d47-b71a-49650864d6d0?expected_revision=0 HTTP/1.1" 404 Not Found
INFO:     127.0.0.1:57972 - "DELETE /api/v1/platform-types/559826e4-8da0-4d47-b71a-49650864d6d0 HTTP/1.1" 404 Not Found
INFO:     127.0.0.1:57975 - "DELETE /api/v1/platform-profiles/559826e4-8da0-4d47-b71a-49650864d6d0 HTTP/1.1" 404 Not Found
INFO:     127.0.0.1:57978 - "DELETE /api/v1/platform-prompts/559826e4-8da0-4d47-b71a-49650864d6d0?expected_revision=0 HTTP/1.1" 404 Not Found
INFO:     127.0.0.1:57981 - "DELETE /api/v1/platform-accounts/559826e4-8da0-4d47-b71a-49650864d6d0 HTTP/1.1" 404 Not Found
INFO:     127.0.0.1:57984 - "DELETE /api/v1/fact-versions/559826e4-8da0-4d47-b71a-49650864d6d0 HTTP/1.1" 404 Not Found
INFO:     127.0.0.1:57988 - "GET /api/v1/geo-metrics HTTP/1.1" 200 OK
INFO:     127.0.0.1:57987 - "GET /api/v1/dashboard/summary HTTP/1.1" 200 OK
INFO:     127.0.0.1:57990 - "GET /api/v1/products?page=1&page_size=100 HTTP/1.1" 200 OK
INFO:     127.0.0.1:57993 - "POST /api/v1/products HTTP/1.1" 201 Created
INFO:     127.0.0.1:57995 - "GET /api/v1/products?page=1&page_size=100 HTTP/1.1" 200 OK
INFO:     127.0.0.1:57997 - "GET /api/v1/products?page=1&page_size=100&search=DEMO-ef7bb4cc HTTP/1.1" 200 OK
INFO:     127.0.0.1:58000 - "GET /api/v1/products?page=1&page_size=100&search=DEMO-ef7bb4cc HTTP/1.1" 200 OK
INFO:     127.0.0.1:58003 - "PUT /api/v1/products/bbb4a716-c866-4c8b-8100-b59a6fd9185d/facts HTTP/1.1" 422 Unprocessable Entity
INFO:     127.0.0.1:58006 - "PUT /api/v1/products/bbb4a716-c866-4c8b-8100-b59a6fd9185d/facts HTTP/1.1" 200 OK
INFO:     127.0.0.1:58009 - "POST /api/v1/products/bbb4a716-c866-4c8b-8100-b59a6fd9185d/fact-review-submissions HTTP/1.1" 201 Created
INFO:     127.0.0.1:58017 - "GET /api/v1/auth/me HTTP/1.1" 200 OK
INFO:     127.0.0.1:58019 - "GET /api/v1/auth/csrf HTTP/1.1" 200 OK
INFO:     127.0.0.1:58024 - "GET /api/v1/products/bbb4a716-c866-4c8b-8100-b59a6fd9185d HTTP/1.1" 200 OK
INFO:     127.0.0.1:58028 - "GET /api/v1/products/bbb4a716-c866-4c8b-8100-b59a6fd9185d/fact-versions HTTP/1.1" 200 OK
INFO:     127.0.0.1:58027 - "GET /api/v1/products/bbb4a716-c866-4c8b-8100-b59a6fd9185d/facts HTTP/1.1" 200 OK
INFO:     127.0.0.1:58030 - "GET /api/v1/dashboard/summary HTTP/1.1" 200 OK
INFO:     127.0.0.1:58032 - "GET /api/v1/geo-metrics HTTP/1.1" 200 OK
INFO:     127.0.0.1:58034 - "GET /api/v1/products?page=1&page_size=100 HTTP/1.1" 200 OK
INFO:     127.0.0.1:58038 - "GET /api/v1/fact-versions/1db06701-d94e-4cad-be19-d8857e4ea2d2/review-context HTTP/1.1" 200 OK
INFO:     127.0.0.1:58042 - "POST /api/v1/fact-versions/1db06701-d94e-4cad-be19-d8857e4ea2d2/approve HTTP/1.1" 200 OK
INFO:     127.0.0.1:58046 - "GET /api/v1/products/bbb4a716-c866-4c8b-8100-b59a6fd9185d/fact-versions HTTP/1.1" 200 OK
INFO:     127.0.0.1:58048 - "GET /api/v1/fact-versions/1db06701-d94e-4cad-be19-d8857e4ea2d2/review-context HTTP/1.1" 200 OK
INFO:     127.0.0.1:58051 - "POST /api/v1/products/bbb4a716-c866-4c8b-8100-b59a6fd9185d/fact-review-submissions HTTP/1.1" 201 Created
INFO:     127.0.0.1:58054 - "DELETE /api/v1/fact-versions/2b2a4597-6db1-4661-b9db-04858e22f4a3 HTTP/1.1" 204 No Content
INFO:     127.0.0.1:58057 - "GET /api/v1/fact-versions/2b2a4597-6db1-4661-b9db-04858e22f4a3 HTTP/1.1" 404 Not Found
INFO:     127.0.0.1:58060 - "POST /api/v1/platform-types HTTP/1.1" 201 Created
INFO:     127.0.0.1:58063 - "POST /api/v1/platform-prompts HTTP/1.1" 201 Created
INFO:     127.0.0.1:58066 - "POST /api/v1/platform-profiles HTTP/1.1" 201 Created
INFO:     127.0.0.1:58069 - "POST /api/v1/platform-prompts HTTP/1.1" 409 Conflict
INFO:     127.0.0.1:58072 - "DELETE /api/v1/platform-types/2d40f0fd-fcd4-4875-ac74-11d99a4b64c1 HTTP/1.1" 409 Conflict
INFO:     127.0.0.1:58075 - "POST /api/v1/ai-channels HTTP/1.1" 201 Created
INFO:     127.0.0.1:58078 - "POST /api/v1/ai-channels HTTP/1.1" 201 Created
INFO:     127.0.0.1:58081 - "POST /api/v1/ai-channels/cb6ff233-6968-49c0-aec5-91add12a822a/models HTTP/1.1" 201 Created
INFO:     127.0.0.1:58084 - "POST /api/v1/ai-channels/cb6ff233-6968-49c0-aec5-91add12a822a/models HTTP/1.1" 201 Created
INFO:     127.0.0.1:58087 - "POST /api/v1/ai-channels/cb6ff233-6968-49c0-aec5-91add12a822a/headers HTTP/1.1" 201 Created
INFO:     127.0.0.1:58090 - "POST /api/v1/ai-channels/cb6ff233-6968-49c0-aec5-91add12a822a/headers HTTP/1.1" 201 Created
INFO:     127.0.0.1:58093 - "POST /api/v1/ai-channels/cb6ff233-6968-49c0-aec5-91add12a822a/headers HTTP/1.1" 409 Conflict
INFO:     127.0.0.1:58097 - "GET /v1/models HTTP/1.1" 200 OK
INFO:     127.0.0.1:58096 - "POST /api/v1/ai-channels/cb6ff233-6968-49c0-aec5-91add12a822a/discover-models HTTP/1.1" 200 OK
INFO:     127.0.0.1:58101 - "POST /v1/chat/completions HTTP/1.1" 200 OK
INFO:     127.0.0.1:58100 - "POST /api/v1/ai-models/590760cb-12e0-4fb1-8d87-775ac1585c34/test HTTP/1.1" 200 OK
INFO:     127.0.0.1:58102 - "GET /e2e/payloads/e2e-model HTTP/1.1" 200 OK
INFO:     127.0.0.1:58105 - "POST /api/v1/ai-models/590760cb-12e0-4fb1-8d87-775ac1585c34/enable HTTP/1.1" 200 OK
INFO:     127.0.0.1:58108 - "POST /api/v1/ai-channels/cb6ff233-6968-49c0-aec5-91add12a822a/enable HTTP/1.1" 200 OK
INFO:     127.0.0.1:58111 - "PATCH /api/v1/ai-channel-headers/8224f9e5-918b-444a-b813-0a53663849bf HTTP/1.1" 200 OK
INFO:     127.0.0.1:58114 - "GET /api/v1/ai-channels/cb6ff233-6968-49c0-aec5-91add12a822a/models HTTP/1.1" 200 OK
INFO:     127.0.0.1:58118 - "POST /v1/chat/completions HTTP/1.1" 200 OK
INFO:     127.0.0.1:58117 - "POST /api/v1/ai-models/590760cb-12e0-4fb1-8d87-775ac1585c34/test HTTP/1.1" 200 OK
INFO:     127.0.0.1:58121 - "POST /api/v1/ai-models/590760cb-12e0-4fb1-8d87-775ac1585c34/enable HTTP/1.1" 200 OK
INFO:     127.0.0.1:58124 - "POST /api/v1/ai-channels/cb6ff233-6968-49c0-aec5-91add12a822a/enable HTTP/1.1" 200 OK
INFO:     127.0.0.1:58127 - "POST /api/v1/ai-channels/7b4e78ba-e144-4175-980a-41b496780446/headers HTTP/1.1" 201 Created
INFO:     127.0.0.1:58130 - "POST /api/v1/ai-channels/7b4e78ba-e144-4175-980a-41b496780446/headers HTTP/1.1" 201 Created
INFO:     127.0.0.1:58133 - "POST /api/v1/ai-channels/7b4e78ba-e144-4175-980a-41b496780446/models HTTP/1.1" 201 Created
INFO:     127.0.0.1:58137 - "POST /v1/chat/completions HTTP/1.1" 200 OK
INFO:     127.0.0.1:58136 - "POST /api/v1/ai-models/eb12936d-ba11-4ce0-9c2e-46405ddbdb84/test HTTP/1.1" 200 OK
INFO:     127.0.0.1:58140 - "POST /api/v1/ai-models/eb12936d-ba11-4ce0-9c2e-46405ddbdb84/enable HTTP/1.1" 200 OK
INFO:     127.0.0.1:58143 - "POST /api/v1/ai-channels/7b4e78ba-e144-4175-980a-41b496780446/enable HTTP/1.1" 200 OK
INFO:     127.0.0.1:58151 - "GET /api/v1/auth/me HTTP/1.1" 200 OK
INFO:     127.0.0.1:58153 - "GET /api/v1/auth/csrf HTTP/1.1" 200 OK
INFO:     127.0.0.1:58157 - "GET /api/v1/ai-channels?page=1&page_size=20&sort=CREATED_DESC HTTP/1.1" 200 OK
INFO:     127.0.0.1:58164 - "GET /api/v1/products?page=1&page_size=100 HTTP/1.1" 200 OK
INFO:     127.0.0.1:58162 - "GET /api/v1/dashboard/summary HTTP/1.1" 200 OK
INFO:     127.0.0.1:58163 - "GET /api/v1/geo-metrics HTTP/1.1" 200 OK
INFO:     127.0.0.1:58169 - "GET /api/v1/ai-channels/7b4e78ba-e144-4175-980a-41b496780446 HTTP/1.1" 200 OK
INFO:     127.0.0.1:58170 - "GET /api/v1/users?page=1&page_size=100 HTTP/1.1" 200 OK
INFO:     127.0.0.1:58171 - "GET /api/v1/ai-channels/7b4e78ba-e144-4175-980a-41b496780446/models HTTP/1.1" 200 OK
INFO:     127.0.0.1:58176 - "GET /api/v1/ai-channels/cb6ff233-6968-49c0-aec5-91add12a822a HTTP/1.1" 200 OK
INFO:     127.0.0.1:58180 - "GET /api/v1/ai-channels/cb6ff233-6968-49c0-aec5-91add12a822a/usage-summary?period=30d HTTP/1.1" 200 OK
INFO:     127.0.0.1:58178 - "GET /api/v1/ai-channels/cb6ff233-6968-49c0-aec5-91add12a822a/models HTTP/1.1" 200 OK
INFO:     127.0.0.1:58187 - "GET /api/v1/auth/me HTTP/1.1" 200 OK
INFO:     127.0.0.1:58189 - "GET /api/v1/auth/csrf HTTP/1.1" 200 OK
INFO:     127.0.0.1:58195 - "GET /api/v1/platform-profiles?page=1&page_size=20 HTTP/1.1" 200 OK
INFO:     127.0.0.1:58199 - "GET /api/v1/platform-prompts HTTP/1.1" 200 OK
INFO:     127.0.0.1:58198 - "GET /api/v1/platform-types HTTP/1.1" 200 OK
INFO:     127.0.0.1:58202 - "GET /api/v1/dashboard/summary HTTP/1.1" 200 OK
INFO:     127.0.0.1:58205 - "GET /api/v1/products?page=1&page_size=100 HTTP/1.1" 200 OK
INFO:     127.0.0.1:58203 - "GET /api/v1/geo-metrics HTTP/1.1" 200 OK
INFO:     127.0.0.1:58208 - "POST /api/v1/content-tasks HTTP/1.1" 201 Created
INFO:     127.0.0.1:58211 - "POST /api/v1/content-tasks HTTP/1.1" 201 Created
INFO:     127.0.0.1:58218 - "GET /api/v1/auth/me HTTP/1.1" 200 OK
INFO:     127.0.0.1:58220 - "GET /api/v1/auth/csrf HTTP/1.1" 200 OK
INFO:     127.0.0.1:58226 - "GET /api/v1/content-tasks/0955d03f-2a5d-47b7-a04d-c1faf6c2584b HTTP/1.1" 200 OK
INFO:     127.0.0.1:58230 - "GET /api/v1/dashboard/summary HTTP/1.1" 200 OK
INFO:     127.0.0.1:58232 - "GET /api/v1/products?page=1&page_size=100 HTTP/1.1" 200 OK
INFO:     127.0.0.1:58231 - "GET /api/v1/geo-metrics HTTP/1.1" 200 OK
INFO:     127.0.0.1:58240 - "GET /api/v1/content-tasks/0955d03f-2a5d-47b7-a04d-c1faf6c2584b/generation-jobs HTTP/1.1" 200 OK
INFO:     127.0.0.1:58236 - "GET /api/v1/content-tasks?archive_status=ALL HTTP/1.1" 200 OK
INFO:     127.0.0.1:58238 - "GET /api/v1/fact-versions/1db06701-d94e-4cad-be19-d8857e4ea2d2 HTTP/1.1" 200 OK
INFO:     127.0.0.1:58242 - "GET /api/v1/content-tasks/0955d03f-2a5d-47b7-a04d-c1faf6c2584b/content-versions HTTP/1.1" 200 OK
INFO:     127.0.0.1:58245 - "GET /api/v1/content-tasks/0955d03f-2a5d-47b7-a04d-c1faf6c2584b/generation-options HTTP/1.1" 200 OK
INFO:     127.0.0.1:58251 - "GET /api/v1/content-tasks/0955d03f-2a5d-47b7-a04d-c1faf6c2584b/generation-jobs HTTP/1.1" 200 OK
INFO:     127.0.0.1:58248 - "POST /api/v1/content-tasks/0955d03f-2a5d-47b7-a04d-c1faf6c2584b/generation-jobs HTTP/1.1" 202 Accepted
INFO:     127.0.0.1:58255 - "POST /v1/chat/completions HTTP/1.1" 200 OK
INFO:     127.0.0.1:58254 - "GET /api/v1/content-tasks/0955d03f-2a5d-47b7-a04d-c1faf6c2584b/generation-jobs HTTP/1.1" 200 OK
INFO:     127.0.0.1:58258 - "GET /api/v1/generation-jobs/31900f6d-cecb-4c37-81cc-aae1e508b518 HTTP/1.1" 200 OK
INFO:     127.0.0.1:58261 - "GET /api/v1/content-tasks/0955d03f-2a5d-47b7-a04d-c1faf6c2584b/generation-jobs HTTP/1.1" 200 OK
INFO:     127.0.0.1:58264 - "GET /api/v1/generation-jobs/31900f6d-cecb-4c37-81cc-aae1e508b518 HTTP/1.1" 200 OK
INFO:     127.0.0.1:58267 - "GET /api/v1/content-versions/3ee8fb72-6975-4a45-b1b4-207498593722 HTTP/1.1" 200 OK
INFO:     127.0.0.1:58270 - "DELETE /api/v1/fact-versions/1db06701-d94e-4cad-be19-d8857e4ea2d2 HTTP/1.1" 409 Conflict
INFO:     127.0.0.1:58102 - "GET /e2e/payloads/e2e-model HTTP/1.1" 200 OK
INFO:     127.0.0.1:58278 - "GET /api/v1/auth/me HTTP/1.1" 200 OK
INFO:     127.0.0.1:58280 - "GET /api/v1/auth/csrf HTTP/1.1" 200 OK
INFO:     127.0.0.1:58290 - "GET /api/v1/users?page=1&page_size=100 HTTP/1.1" 200 OK
INFO:     127.0.0.1:58288 - "GET /api/v1/platform-prompts/58a60ca1-85d7-48db-884a-aac61ab10b42 HTTP/1.1" 200 OK
INFO:     127.0.0.1:58284 - "GET /api/v1/content-tasks HTTP/1.1" 200 OK
INFO:     127.0.0.1:58287 - "GET /api/v1/platform-prompts HTTP/1.1" 200 OK
INFO:     127.0.0.1:58294 - "GET /api/v1/dashboard/summary HTTP/1.1" 200 OK
INFO:     127.0.0.1:58300 - "GET /api/v1/products?page=1&page_size=100 HTTP/1.1" 200 OK
INFO:     127.0.0.1:58296 - "GET /api/v1/geo-metrics HTTP/1.1" 200 OK
INFO:     127.0.0.1:58303 - "GET /api/v1/content-tasks?platform_profile_id=26333b72-eab7-46a2-8582-f37c32efa6a5 HTTP/1.1" 200 OK
INFO:     127.0.0.1:58306 - "GET /api/v1/content-tasks/27ae702a-8d15-490b-9e93-68e376ab8c24/generation-options HTTP/1.1" 200 OK
INFO:     127.0.0.1:58309 - "POST /api/v1/content-tasks/27ae702a-8d15-490b-9e93-68e376ab8c24/generation-jobs HTTP/1.1" 202 Accepted
INFO:     127.0.0.1:58310 - "POST /v1/chat/completions HTTP/1.1" 200 OK
INFO:     127.0.0.1:58313 - "GET /api/v1/content-tasks/27ae702a-8d15-490b-9e93-68e376ab8c24/generation-jobs HTTP/1.1" 200 OK
INFO:     127.0.0.1:58316 - "GET /api/v1/generation-jobs/55d93262-dd32-4d79-a71f-ca955c76f80b HTTP/1.1" 200 OK
INFO:     127.0.0.1:58319 - "GET /api/v1/content-versions/572d0d3b-2673-4832-ba88-a8f3b7373300 HTTP/1.1" 200 OK
INFO:     127.0.0.1:58322 - "GET /api/v1/content-humanization-prompt HTTP/1.1" 200 OK
INFO:     127.0.0.1:58325 - "PUT /api/v1/content-humanization-prompt HTTP/1.1" 200 OK
INFO:     127.0.0.1:58331 - "GET /api/v1/content-tasks/27ae702a-8d15-490b-9e93-68e376ab8c24/generation-options HTTP/1.1" 200 OK
INFO:     127.0.0.1:58330 - "GET /api/v1/content-tasks/27ae702a-8d15-490b-9e93-68e376ab8c24/content-versions HTTP/1.1" 200 OK
INFO:     127.0.0.1:58334 - "POST /api/v1/content-versions/572d0d3b-2673-4832-ba88-a8f3b7373300/humanization-jobs HTTP/1.1" 202 Accepted
INFO:     127.0.0.1:58337 - "GET /api/v1/content-tasks/27ae702a-8d15-490b-9e93-68e376ab8c24/generation-jobs HTTP/1.1" 200 OK
INFO:     127.0.0.1:58338 - "POST /v1/chat/completions HTTP/1.1" 200 OK
INFO:     127.0.0.1:58341 - "GET /api/v1/generation-jobs/d75f68c8-4891-49d0-b6a1-401afd563ffa HTTP/1.1" 200 OK
INFO:     127.0.0.1:58344 - "GET /api/v1/generation-jobs/d75f68c8-4891-49d0-b6a1-401afd563ffa HTTP/1.1" 200 OK
INFO:     127.0.0.1:58347 - "GET /api/v1/content-tasks/27ae702a-8d15-490b-9e93-68e376ab8c24/generation-jobs HTTP/1.1" 200 OK
INFO:     127.0.0.1:58350 - "GET /api/v1/content-versions/ceceeebc-2337-4c8a-909b-49bc8fe6a7b0 HTTP/1.1" 200 OK
INFO:     127.0.0.1:58359 - "GET /api/v1/auth/me HTTP/1.1" 200 OK
INFO:     127.0.0.1:58361 - "GET /api/v1/auth/csrf HTTP/1.1" 200 OK
INFO:     127.0.0.1:58366 - "GET /api/v1/content-tasks/0955d03f-2a5d-47b7-a04d-c1faf6c2584b HTTP/1.1" 200 OK
INFO:     127.0.0.1:58368 - "GET /api/v1/dashboard/summary HTTP/1.1" 200 OK
INFO:     127.0.0.1:58372 - "GET /api/v1/products?page=1&page_size=100 HTTP/1.1" 200 OK
INFO:     127.0.0.1:58370 - "GET /api/v1/geo-metrics HTTP/1.1" 200 OK
INFO:     127.0.0.1:58380 - "GET /api/v1/content-tasks/0955d03f-2a5d-47b7-a04d-c1faf6c2584b/content-versions HTTP/1.1" 200 OK
INFO:     127.0.0.1:58377 - "GET /api/v1/content-tasks?archive_status=ALL HTTP/1.1" 200 OK
INFO:     127.0.0.1:58378 - "GET /api/v1/fact-versions/1db06701-d94e-4cad-be19-d8857e4ea2d2 HTTP/1.1" 200 OK
INFO:     127.0.0.1:58382 - "GET /api/v1/content-tasks/0955d03f-2a5d-47b7-a04d-c1faf6c2584b/generation-jobs HTTP/1.1" 200 OK
INFO:     127.0.0.1:58387 - "GET /api/v1/generation-jobs/31900f6d-cecb-4c37-81cc-aae1e508b518 HTTP/1.1" 200 OK
INFO:     127.0.0.1:58388 - "GET /api/v1/content-tasks/0955d03f-2a5d-47b7-a04d-c1faf6c2584b/content-versions HTTP/1.1" 200 OK
INFO:     127.0.0.1:58389 - "GET /e2e/calls/e2e-model HTTP/1.1" 200 OK
INFO:     127.0.0.1:58392 - "GET /api/v1/content-tasks/0955d03f-2a5d-47b7-a04d-c1faf6c2584b/generation-options HTTP/1.1" 200 OK
INFO:     127.0.0.1:58395 - "POST /api/v1/content-versions/3ee8fb72-6975-4a45-b1b4-207498593722/humanization-jobs HTTP/1.1" 202 Accepted
INFO:     127.0.0.1:58402 - "POST /v1/chat/completions HTTP/1.1" 200 OK
INFO:     127.0.0.1:58401 - "GET /api/v1/content-tasks/0955d03f-2a5d-47b7-a04d-c1faf6c2584b/content-versions HTTP/1.1" 200 OK
INFO:     127.0.0.1:58399 - "GET /api/v1/content-tasks/0955d03f-2a5d-47b7-a04d-c1faf6c2584b/generation-jobs HTTP/1.1" 200 OK
INFO:     127.0.0.1:58405 - "GET /api/v1/generation-jobs/91bde0ae-6254-4b8f-8404-500ec08fffd6 HTTP/1.1" 200 OK
INFO:     127.0.0.1:58389 - "GET /e2e/calls/e2e-model HTTP/1.1" 200 OK
INFO:     127.0.0.1:58408 - "GET /api/v1/generation-jobs/91bde0ae-6254-4b8f-8404-500ec08fffd6 HTTP/1.1" 200 OK
INFO:     127.0.0.1:58411 - "GET /api/v1/content-versions/3ee8fb72-6975-4a45-b1b4-207498593722 HTTP/1.1" 200 OK
INFO:     127.0.0.1:58415 - "GET /api/v1/generation-jobs/91bde0ae-6254-4b8f-8404-500ec08fffd6 HTTP/1.1" 200 OK
INFO:     127.0.0.1:58417 - "GET /api/v1/content-tasks/0955d03f-2a5d-47b7-a04d-c1faf6c2584b/content-versions HTTP/1.1" 200 OK
INFO:     127.0.0.1:58420 - "GET /api/v1/content-versions/948082bf-507f-4ab5-b512-094fb783a260 HTTP/1.1" 200 OK
INFO:     127.0.0.1:58426 - "GET /api/v1/auth/me HTTP/1.1" 200 OK
INFO:     127.0.0.1:58428 - "GET /api/v1/auth/csrf HTTP/1.1" 200 OK
INFO:     127.0.0.1:58434 - "GET /api/v1/content-versions/948082bf-507f-4ab5-b512-094fb783a260/review-context HTTP/1.1" 200 OK
INFO:     127.0.0.1:58439 - "GET /api/v1/dashboard/summary HTTP/1.1" 200 OK
INFO:     127.0.0.1:58441 - "GET /api/v1/products?page=1&page_size=100 HTTP/1.1" 200 OK
INFO:     127.0.0.1:58440 - "GET /api/v1/geo-metrics HTTP/1.1" 200 OK
INFO:     127.0.0.1:58444 - "GET /api/v1/content-tasks/0955d03f-2a5d-47b7-a04d-c1faf6c2584b/content-versions HTTP/1.1" 200 OK
INFO:     127.0.0.1:58445 - "GET /api/v1/content-tasks HTTP/1.1" 200 OK
INFO:     127.0.0.1:58448 - "PUT /api/v1/platform-prompts/58a60ca1-85d7-48db-884a-aac61ab10b42 HTTP/1.1" 200 OK
INFO:     127.0.0.1:58451 - "POST /api/v1/content-tasks HTTP/1.1" 201 Created
INFO:     127.0.0.1:58454 - "POST /api/v1/content-tasks/0f348920-4db6-48ca-ade2-565bfe787774/generation-jobs HTTP/1.1" 202 Accepted
INFO:     127.0.0.1:58458 - "POST /v1/chat/completions HTTP/1.1" 200 OK
INFO:     127.0.0.1:58457 - "GET /api/v1/generation-jobs/fbf0d9f8-a3e8-49ca-8a91-43616dd83427 HTTP/1.1" 200 OK
INFO:     127.0.0.1:58461 - "GET /api/v1/generation-jobs/fbf0d9f8-a3e8-49ca-8a91-43616dd83427 HTTP/1.1" 200 OK
INFO:     127.0.0.1:58464 - "GET /api/v1/generation-jobs/fbf0d9f8-a3e8-49ca-8a91-43616dd83427 HTTP/1.1" 200 OK
INFO:     127.0.0.1:58467 - "POST /api/v1/content-tasks HTTP/1.1" 201 Created
INFO:     127.0.0.1:58470 - "POST /api/v1/content-tasks/5c3ec700-b306-439c-a8e4-5b46b2378dfe/manual-versions HTTP/1.1" 201 Created
INFO:     127.0.0.1:58473 - "POST /api/v1/content-tasks HTTP/1.1" 201 Created
INFO:     127.0.0.1:58476 - "POST /api/v1/content-tasks/84ca814a-3b75-461e-96b8-4ee141f58794/generation-jobs HTTP/1.1" 202 Accepted
INFO:     127.0.0.1:58479 - "GET /api/v1/generation-jobs/876cbd08-998d-4c69-a984-fadbe36aab93 HTTP/1.1" 200 OK
INFO:     127.0.0.1:58483 - "GET /api/v1/generation-jobs/876cbd08-998d-4c69-a984-fadbe36aab93 HTTP/1.1" 200 OK
INFO:     127.0.0.1:58486 - "GET /api/v1/generation-jobs/876cbd08-998d-4c69-a984-fadbe36aab93 HTTP/1.1" 200 OK
INFO:     127.0.0.1:58489 - "GET /api/v1/generation-jobs/876cbd08-998d-4c69-a984-fadbe36aab93 HTTP/1.1" 200 OK
INFO:     127.0.0.1:58492 - "GET /api/v1/generation-jobs/876cbd08-998d-4c69-a984-fadbe36aab93 HTTP/1.1" 200 OK
INFO:     127.0.0.1:58496 - "GET /api/v1/generation-jobs/876cbd08-998d-4c69-a984-fadbe36aab93 HTTP/1.1" 200 OK
INFO:     127.0.0.1:58499 - "GET /api/v1/generation-jobs/876cbd08-998d-4c69-a984-fadbe36aab93 HTTP/1.1" 200 OK
INFO:     127.0.0.1:58502 - "GET /api/v1/generation-jobs/876cbd08-998d-4c69-a984-fadbe36aab93 HTTP/1.1" 200 OK
INFO:     127.0.0.1:58505 - "GET /api/v1/generation-jobs/876cbd08-998d-4c69-a984-fadbe36aab93 HTTP/1.1" 200 OK
INFO:     127.0.0.1:58508 - "GET /api/v1/generation-jobs/876cbd08-998d-4c69-a984-fadbe36aab93 HTTP/1.1" 200 OK
INFO:     127.0.0.1:58512 - "GET /api/v1/generation-jobs/876cbd08-998d-4c69-a984-fadbe36aab93 HTTP/1.1" 200 OK
INFO:     127.0.0.1:58515 - "GET /api/v1/generation-jobs/876cbd08-998d-4c69-a984-fadbe36aab93 HTTP/1.1" 200 OK
[2026-08-12 16:29:54,872: ERROR/MainProcess] AI 作业失败 job_id=876cbd08-998d-4c69-a984-fadbe36aab93 job_type=GENERATE source_content_version_id=None status=FAILED error_code=AI_PROVIDER_TIMEOUT error_type=AppError
INFO:     127.0.0.1:58518 - "GET /api/v1/generation-jobs/876cbd08-998d-4c69-a984-fadbe36aab93 HTTP/1.1" 200 OK
INFO:     127.0.0.1:58521 - "GET /api/v1/generation-jobs/876cbd08-998d-4c69-a984-fadbe36aab93 HTTP/1.1" 200 OK
INFO:     127.0.0.1:58522 - "GET /e2e/calls/e2e-timeout-model-ef7bb4cc HTTP/1.1" 200 OK
INFO:     127.0.0.1:58525 - "PUT /api/v1/ai-channels/7b4e78ba-e144-4175-980a-41b496780446/api-key HTTP/1.1" 200 OK
INFO:     127.0.0.1:58528 - "PATCH /api/v1/ai-channel-headers/7e54982f-f05d-48f0-b9b7-1e3b06133d1b HTTP/1.1" 200 OK
INFO:     127.0.0.1:58532 - "POST /v1/chat/completions HTTP/1.1" 200 OK
INFO:     127.0.0.1:58531 - "POST /api/v1/ai-models/eb12936d-ba11-4ce0-9c2e-46405ddbdb84/test HTTP/1.1" 200 OK
INFO:     127.0.0.1:58535 - "POST /api/v1/ai-models/eb12936d-ba11-4ce0-9c2e-46405ddbdb84/enable HTTP/1.1" 200 OK
INFO:     127.0.0.1:58538 - "POST /api/v1/ai-channels/7b4e78ba-e144-4175-980a-41b496780446/enable HTTP/1.1" 200 OK
INFO:     127.0.0.1:58541 - "POST /api/v1/generation-jobs/876cbd08-998d-4c69-a984-fadbe36aab93/retry HTTP/1.1" 202 Accepted
INFO:     127.0.0.1:58545 - "POST /v1/chat/completions HTTP/1.1" 200 OK
INFO:     127.0.0.1:58544 - "GET /api/v1/generation-jobs/774c8b1d-ab9a-42f2-85aa-27d11beda727 HTTP/1.1" 200 OK
INFO:     127.0.0.1:58548 - "GET /api/v1/generation-jobs/774c8b1d-ab9a-42f2-85aa-27d11beda727 HTTP/1.1" 200 OK
INFO:     127.0.0.1:58551 - "GET /api/v1/generation-jobs/774c8b1d-ab9a-42f2-85aa-27d11beda727 HTTP/1.1" 200 OK
INFO:     127.0.0.1:58522 - "GET /e2e/calls/e2e-timeout-model-ef7bb4cc HTTP/1.1" 200 OK
INFO:     127.0.0.1:58554 - "DELETE /api/v1/platform-prompts/58a60ca1-85d7-48db-884a-aac61ab10b42?expected_revision=1 HTTP/1.1" 204 No Content
INFO:     127.0.0.1:58557 - "GET /api/v1/platform-profiles/26333b72-eab7-46a2-8582-f37c32efa6a5 HTTP/1.1" 200 OK
INFO:     127.0.0.1:58560 - "POST /api/v1/content-tasks HTTP/1.1" 201 Created
INFO:     127.0.0.1:58563 - "POST /api/v1/content-tasks/9682b0f4-2be6-4811-99ff-936390075d13/generation-jobs HTTP/1.1" 409 Conflict
INFO:     127.0.0.1:58566 - "POST /api/v1/platform-prompts HTTP/1.1" 201 Created
INFO:     127.0.0.1:58569 - "PATCH /api/v1/platform-profiles/26333b72-eab7-46a2-8582-f37c32efa6a5 HTTP/1.1" 200 OK
INFO:     127.0.0.1:58572 - "POST /api/v1/content-versions/948082bf-507f-4ab5-b512-094fb783a260/revisions HTTP/1.1" 201 Created
INFO:     127.0.0.1:58579 - "GET /api/v1/auth/me HTTP/1.1" 200 OK
INFO:     127.0.0.1:58581 - "GET /api/v1/auth/csrf HTTP/1.1" 200 OK
INFO:     127.0.0.1:58587 - "GET /api/v1/content-tasks/0955d03f-2a5d-47b7-a04d-c1faf6c2584b HTTP/1.1" 200 OK
INFO:     127.0.0.1:58590 - "GET /api/v1/dashboard/summary HTTP/1.1" 200 OK
INFO:     127.0.0.1:58593 - "GET /api/v1/products?page=1&page_size=100 HTTP/1.1" 200 OK
INFO:     127.0.0.1:58591 - "GET /api/v1/geo-metrics HTTP/1.1" 200 OK
INFO:     127.0.0.1:58600 - "GET /api/v1/fact-versions/1db06701-d94e-4cad-be19-d8857e4ea2d2 HTTP/1.1" 200 OK
INFO:     127.0.0.1:58603 - "GET /api/v1/content-tasks/0955d03f-2a5d-47b7-a04d-c1faf6c2584b/generation-jobs HTTP/1.1" 200 OK
INFO:     127.0.0.1:58601 - "GET /api/v1/content-tasks/0955d03f-2a5d-47b7-a04d-c1faf6c2584b/content-versions HTTP/1.1" 200 OK
INFO:     127.0.0.1:58598 - "GET /api/v1/content-tasks?archive_status=ALL HTTP/1.1" 200 OK
INFO:     127.0.0.1:58606 - "GET /api/v1/generation-jobs/91bde0ae-6254-4b8f-8404-500ec08fffd6 HTTP/1.1" 200 OK
INFO:     127.0.0.1:58613 - "GET /api/v1/auth/me HTTP/1.1" 200 OK
INFO:     127.0.0.1:58615 - "GET /api/v1/auth/csrf HTTP/1.1" 200 OK
INFO:     127.0.0.1:58620 - "GET /api/v1/content-versions/1e42b9ad-588f-41ae-94cd-c8652988ab7a/review-context HTTP/1.1" 200 OK
INFO:     127.0.0.1:58625 - "GET /api/v1/products?page=1&page_size=100 HTTP/1.1" 200 OK
INFO:     127.0.0.1:58627 - "GET /api/v1/geo-metrics HTTP/1.1" 200 OK
INFO:     127.0.0.1:58623 - "GET /api/v1/dashboard/summary HTTP/1.1" 200 OK
INFO:     127.0.0.1:58631 - "GET /api/v1/content-tasks/0955d03f-2a5d-47b7-a04d-c1faf6c2584b/content-versions HTTP/1.1" 200 OK
INFO:     127.0.0.1:58630 - "GET /api/v1/content-tasks HTTP/1.1" 200 OK
INFO:     127.0.0.1:58634 - "POST /api/v1/content-versions/1e42b9ad-588f-41ae-94cd-c8652988ab7a/submit-review HTTP/1.1" 200 OK
INFO:     127.0.0.1:58637 - "GET /api/v1/content-versions/1e42b9ad-588f-41ae-94cd-c8652988ab7a/review-context HTTP/1.1" 200 OK
INFO:     127.0.0.1:58640 - "GET /api/v1/content-versions/1e42b9ad-588f-41ae-94cd-c8652988ab7a HTTP/1.1" 200 OK
INFO:     127.0.0.1:58643 - "POST /api/v1/content-versions/1e42b9ad-588f-41ae-94cd-c8652988ab7a/request-changes HTTP/1.1" 200 OK
INFO:     127.0.0.1:58646 - "POST /api/v1/content-versions/1e42b9ad-588f-41ae-94cd-c8652988ab7a/revisions HTTP/1.1" 201 Created
INFO:     127.0.0.1:58653 - "GET /api/v1/auth/me HTTP/1.1" 200 OK
INFO:     127.0.0.1:58655 - "GET /api/v1/auth/csrf HTTP/1.1" 200 OK
INFO:     127.0.0.1:58660 - "GET /api/v1/content-versions/23c01040-ad05-4c5e-a645-1bb9716186c9/review-context HTTP/1.1" 200 OK
INFO:     127.0.0.1:58667 - "GET /api/v1/products?page=1&page_size=100 HTTP/1.1" 200 OK
INFO:     127.0.0.1:58664 - "GET /api/v1/dashboard/summary HTTP/1.1" 200 OK
INFO:     127.0.0.1:58665 - "GET /api/v1/geo-metrics HTTP/1.1" 200 OK
INFO:     127.0.0.1:58671 - "GET /api/v1/content-tasks HTTP/1.1" 200 OK
INFO:     127.0.0.1:58669 - "GET /api/v1/content-tasks/0955d03f-2a5d-47b7-a04d-c1faf6c2584b/content-versions HTTP/1.1" 200 OK
INFO:     127.0.0.1:58674 - "POST /api/v1/content-versions/23c01040-ad05-4c5e-a645-1bb9716186c9/submit-review HTTP/1.1" 200 OK
INFO:     127.0.0.1:58677 - "GET /api/v1/content-versions/23c01040-ad05-4c5e-a645-1bb9716186c9/review-context HTTP/1.1" 200 OK
INFO:     127.0.0.1:58685 - "GET /api/v1/auth/me HTTP/1.1" 200 OK
INFO:     127.0.0.1:58687 - "GET /api/v1/auth/csrf HTTP/1.1" 200 OK
INFO:     127.0.0.1:58691 - "GET /api/v1/content-versions/23c01040-ad05-4c5e-a645-1bb9716186c9/review-context HTTP/1.1" 200 OK
INFO:     127.0.0.1:58695 - "GET /api/v1/dashboard/summary HTTP/1.1" 200 OK
INFO:     127.0.0.1:58696 - "GET /api/v1/geo-metrics HTTP/1.1" 200 OK
INFO:     127.0.0.1:58698 - "GET /api/v1/products?page=1&page_size=100 HTTP/1.1" 200 OK
INFO:     127.0.0.1:58700 - "GET /api/v1/content-tasks/0955d03f-2a5d-47b7-a04d-c1faf6c2584b/content-versions HTTP/1.1" 200 OK
INFO:     127.0.0.1:58702 - "GET /api/v1/content-tasks HTTP/1.1" 200 OK
INFO:     127.0.0.1:58705 - "POST /api/v1/content-versions/23c01040-ad05-4c5e-a645-1bb9716186c9/approve HTTP/1.1" 200 OK
INFO:     127.0.0.1:58708 - "GET /api/v1/content-versions/23c01040-ad05-4c5e-a645-1bb9716186c9/review-context HTTP/1.1" 200 OK
INFO:     127.0.0.1:58711 - "POST /api/v1/platform-accounts HTTP/1.1" 201 Created
INFO:     127.0.0.1:58714 - "POST /api/v1/files/upload-intents HTTP/1.1" 201 Created
INFO:     127.0.0.1:58715 - "PUT /objects/test/operation_screenshot/2026/08/a66c47fe-7572-4927-97ea-7d96efd9c7de.png?operation=upload&expires=1786524000&signature=2fed787e353170e314f36932b3e170efac3ba01ef831f57f7f788cc24ff4b829 HTTP/1.1" 204 No Content
INFO:     127.0.0.1:58719 - "HEAD /objects/test/operation_screenshot/2026/08/a66c47fe-7572-4927-97ea-7d96efd9c7de.png?operation=head&expires=1786523460&signature=9c7f0dfc9d5bcdd0279d2f7ccc513318a1f90394f3368ceda09042d264ccdf8e HTTP/1.1" 200 OK
INFO:     127.0.0.1:58718 - "POST /api/v1/files/a66c47fe-7572-4927-97ea-7d96efd9c7de/complete HTTP/1.1" 200 OK
INFO:     127.0.0.1:58722 - "POST /api/v1/publication-works HTTP/1.1" 201 Created
INFO:     127.0.0.1:58725 - "POST /api/v1/publication-works/3f86de75-6b44-4708-aa22-d7d26ff32a0b/platform-review HTTP/1.1" 200 OK
INFO:     127.0.0.1:58728 - "PUT /api/v1/publication-works/3f86de75-6b44-4708-aa22-d7d26ff32a0b/result HTTP/1.1" 200 OK
INFO:     127.0.0.1:58731 - "POST /api/v1/publication-works/3f86de75-6b44-4708-aa22-d7d26ff32a0b/verifications HTTP/1.1" 200 OK
INFO:     127.0.0.1:58734 - "POST /api/v1/content-versions/23c01040-ad05-4c5e-a645-1bb9716186c9/revisions HTTP/1.1" 201 Created
INFO:     127.0.0.1:58737 - "POST /api/v1/content-versions/eb14fe12-f4d4-43cd-a6e1-70ce46bb596e/submit-review HTTP/1.1" 200 OK
INFO:     127.0.0.1:58740 - "POST /api/v1/content-versions/eb14fe12-f4d4-43cd-a6e1-70ce46bb596e/approve HTTP/1.1" 200 OK
INFO:     127.0.0.1:58743 - "POST /api/v1/publication-works/3f86de75-6b44-4708-aa22-d7d26ff32a0b/content-version HTTP/1.1" 200 OK
INFO:     127.0.0.1:58751 - "GET /api/v1/auth/me HTTP/1.1" 200 OK
INFO:     127.0.0.1:58753 - "GET /api/v1/auth/csrf HTTP/1.1" 200 OK
INFO:     127.0.0.1:58759 - "GET /api/v1/publication-ready-items HTTP/1.1" 200 OK
INFO:     127.0.0.1:58763 - "GET /api/v1/published-content-issues?page=1&page_size=20&status=OPEN HTTP/1.1" 200 OK
INFO:     127.0.0.1:58760 - "GET /api/v1/publication-workbench-summary HTTP/1.1" 200 OK
INFO:     127.0.0.1:58764 - "GET /api/v1/publication-works?page=1&page_size=20&status=ACTION_REQUIRED HTTP/1.1" 200 OK
INFO:     127.0.0.1:58767 - "GET /api/v1/dashboard/summary HTTP/1.1" 200 OK
INFO:     127.0.0.1:58768 - "GET /api/v1/geo-metrics HTTP/1.1" 200 OK
INFO:     127.0.0.1:58772 - "GET /api/v1/products?page=1&page_size=100 HTTP/1.1" 200 OK
INFO:     127.0.0.1:58775 - "GET /api/v1/publication-works/3f86de75-6b44-4708-aa22-d7d26ff32a0b HTTP/1.1" 200 OK
INFO:     127.0.0.1:58778 - "PUT /api/v1/publication-works/3f86de75-6b44-4708-aa22-d7d26ff32a0b/result HTTP/1.1" 200 OK
INFO:     127.0.0.1:58785 - "GET /api/v1/publication-workbench-summary HTTP/1.1" 200 OK
INFO:     127.0.0.1:58786 - "GET /api/v1/publication-ready-items HTTP/1.1" 200 OK
INFO:     127.0.0.1:58790 - "GET /api/v1/published-content-issues?page=1&page_size=20&status=OPEN HTTP/1.1" 200 OK
INFO:     127.0.0.1:58789 - "GET /api/v1/publication-works?page=1&page_size=20&status=ACTION_REQUIRED HTTP/1.1" 200 OK
INFO:     127.0.0.1:58799 - "GET /api/v1/auth/me HTTP/1.1" 200 OK
INFO:     127.0.0.1:58801 - "GET /api/v1/auth/csrf HTTP/1.1" 200 OK
INFO:     127.0.0.1:58812 - "GET /api/v1/publication-works?page=1&page_size=20&status=AWAITING_VERIFICATION HTTP/1.1" 200 OK
INFO:     127.0.0.1:58808 - "GET /api/v1/publication-ready-items HTTP/1.1" 200 OK
INFO:     127.0.0.1:58811 - "GET /api/v1/published-content-issues?page=1&page_size=20&status=OPEN HTTP/1.1" 200 OK
INFO:     127.0.0.1:58806 - "GET /api/v1/publication-workbench-summary HTTP/1.1" 200 OK
INFO:     127.0.0.1:58820 - "GET /api/v1/products?page=1&page_size=100 HTTP/1.1" 200 OK
INFO:     127.0.0.1:58819 - "GET /api/v1/dashboard/summary HTTP/1.1" 200 OK
INFO:     127.0.0.1:58818 - "GET /api/v1/geo-metrics HTTP/1.1" 200 OK
INFO:     127.0.0.1:58827 - "GET /api/v1/auth/me HTTP/1.1" 200 OK
INFO:     127.0.0.1:58829 - "GET /api/v1/auth/csrf HTTP/1.1" 200 OK
INFO:     127.0.0.1:58838 - "GET /api/v1/publication-workbench-summary HTTP/1.1" 200 OK
INFO:     127.0.0.1:58839 - "GET /api/v1/publication-works?page=1&page_size=20&status=AWAITING_VERIFICATION HTTP/1.1" 200 OK
INFO:     127.0.0.1:58836 - "GET /api/v1/publication-ready-items HTTP/1.1" 200 OK
INFO:     127.0.0.1:58840 - "GET /api/v1/published-content-issues?page=1&page_size=20&status=OPEN HTTP/1.1" 200 OK
INFO:     127.0.0.1:58848 - "GET /api/v1/products?page=1&page_size=100 HTTP/1.1" 200 OK
INFO:     127.0.0.1:58847 - "GET /api/v1/dashboard/summary HTTP/1.1" 200 OK
INFO:     127.0.0.1:58846 - "GET /api/v1/geo-metrics HTTP/1.1" 200 OK
INFO:     127.0.0.1:58850 - "POST /api/v1/publication-works/3f86de75-6b44-4708-aa22-d7d26ff32a0b/verifications HTTP/1.1" 200 OK
INFO:     127.0.0.1:58856 - "GET /api/v1/publication-workbench-summary HTTP/1.1" 200 OK
INFO:     127.0.0.1:58858 - "GET /api/v1/publication-ready-items HTTP/1.1" 200 OK
INFO:     127.0.0.1:58862 - "GET /api/v1/published-content-issues?page=1&page_size=20&status=OPEN HTTP/1.1" 200 OK
INFO:     127.0.0.1:58861 - "GET /api/v1/publication-works?page=1&page_size=20&status=AWAITING_VERIFICATION HTTP/1.1" 200 OK
INFO:     127.0.0.1:58865 - "GET /api/v1/content-tasks/0955d03f-2a5d-47b7-a04d-c1faf6c2584b HTTP/1.1" 200 OK
INFO:     127.0.0.1:58872 - "GET /api/v1/auth/me HTTP/1.1" 200 OK
INFO:     127.0.0.1:58874 - "GET /api/v1/auth/csrf HTTP/1.1" 200 OK
INFO:     127.0.0.1:58882 - "GET /api/v1/publication-works?page=1&page_size=20 HTTP/1.1" 200 OK
INFO:     127.0.0.1:58884 - "GET /api/v1/published-content-issues?page=1&page_size=20&status=OPEN HTTP/1.1" 200 OK
INFO:     127.0.0.1:58880 - "GET /api/v1/publication-workbench-summary HTTP/1.1" 200 OK
INFO:     127.0.0.1:58885 - "GET /api/v1/publication-ready-items HTTP/1.1" 200 OK
INFO:     127.0.0.1:58890 - "GET /api/v1/geo-metrics HTTP/1.1" 200 OK
INFO:     127.0.0.1:58894 - "GET /api/v1/products?page=1&page_size=100 HTTP/1.1" 200 OK
INFO:     127.0.0.1:58888 - "GET /api/v1/dashboard/summary HTTP/1.1" 200 OK
INFO:     127.0.0.1:58901 - "GET /api/v1/auth/me HTTP/1.1" 200 OK
INFO:     127.0.0.1:58903 - "GET /api/v1/auth/csrf HTTP/1.1" 200 OK
INFO:     127.0.0.1:58921 - "GET /api/v1/auth/me HTTP/1.1" 200 OK
INFO:     127.0.0.1:58923 - "GET /api/v1/auth/csrf HTTP/1.1" 200 OK
INFO:     127.0.0.1:58928 - "GET /api/v1/publication-workbench-summary HTTP/1.1" 200 OK
INFO:     127.0.0.1:58933 - "GET /api/v1/publication-works?page=1&page_size=20 HTTP/1.1" 200 OK
INFO:     127.0.0.1:58934 - "GET /api/v1/published-content-issues?page=1&page_size=20&status=OPEN HTTP/1.1" 200 OK
INFO:     127.0.0.1:58931 - "GET /api/v1/publication-ready-items HTTP/1.1" 200 OK
INFO:     127.0.0.1:58937 - "GET /api/v1/dashboard/summary HTTP/1.1" 200 OK
INFO:     127.0.0.1:58940 - "GET /api/v1/products?page=1&page_size=100 HTTP/1.1" 200 OK
INFO:     127.0.0.1:58941 - "GET /api/v1/geo-metrics HTTP/1.1" 200 OK
INFO:     127.0.0.1:58949 - "GET /api/v1/auth/me HTTP/1.1" 200 OK
INFO:     127.0.0.1:58951 - "GET /api/v1/auth/csrf HTTP/1.1" 200 OK
INFO:     127.0.0.1:58959 - "GET /api/v1/publication-ready-items HTTP/1.1" 200 OK
INFO:     127.0.0.1:58957 - "GET /api/v1/publication-workbench-summary HTTP/1.1" 200 OK
INFO:     127.0.0.1:58963 - "GET /api/v1/published-content-issues?page=1&page_size=20&status=OPEN HTTP/1.1" 200 OK
INFO:     127.0.0.1:58961 - "GET /api/v1/publication-works?page=1&page_size=20 HTTP/1.1" 200 OK
INFO:     127.0.0.1:58965 - "GET /api/v1/published-articles?page=1&page_size=20 HTTP/1.1" 200 OK
INFO:     127.0.0.1:58971 - "GET /api/v1/dashboard/summary HTTP/1.1" 200 OK
INFO:     127.0.0.1:58974 - "GET /api/v1/geo-metrics HTTP/1.1" 200 OK
INFO:     127.0.0.1:58975 - "GET /api/v1/products?page=1&page_size=100 HTTP/1.1" 200 OK
INFO:     127.0.0.1:58977 - "GET /api/v1/published-articles/3f86de75-6b44-4708-aa22-d7d26ff32a0b HTTP/1.1" 200 OK
INFO:     127.0.0.1:58979 - "GET /api/v1/published-articles/3f86de75-6b44-4708-aa22-d7d26ff32a0b/permanent-deletion-preview HTTP/1.1" 200 OK
INFO:     127.0.0.1:58982 - "POST /api/v1/query-topics HTTP/1.1" 201 Created
INFO:     127.0.0.1:58989 - "GET /api/v1/auth/me HTTP/1.1" 200 OK
INFO:     127.0.0.1:58991 - "GET /api/v1/auth/csrf HTTP/1.1" 200 OK
INFO:     127.0.0.1:59003 - "GET /api/v1/products?page=1&page_size=100 HTTP/1.1" 200 OK
INFO:     127.0.0.1:59002 - "GET /api/v1/query-topics HTTP/1.1" 200 OK
INFO:     127.0.0.1:58999 - "GET /api/v1/geo-metrics?date_from=2026-07-14&date_to=2026-08-12 HTTP/1.1" 200 OK
INFO:     127.0.0.1:58997 - "GET /api/v1/geo-observations?page=1&page_size=20&sort_order=DESC&date_from=2026-07-14&date_to=2026-08-12 HTTP/1.1" 200 OK
INFO:     127.0.0.1:59007 - "GET /api/v1/dashboard/summary HTTP/1.1" 200 OK
INFO:     127.0.0.1:59009 - "GET /api/v1/geo-metrics HTTP/1.1" 200 OK
INFO:     127.0.0.1:59011 - "GET /api/v1/products?page=1&page_size=100&search=DEMO-ef7bb4cc HTTP/1.1" 200 OK
INFO:     127.0.0.1:59013 - "GET /api/v1/geo-observation-publications?product_id=bbb4a716-c866-4c8b-8100-b59a6fd9185d HTTP/1.1" 200 OK
INFO:     127.0.0.1:59016 - "POST /api/v1/files/upload-intents HTTP/1.1" 201 Created
INFO:     127.0.0.1:59017 - "OPTIONS /objects/test/operation_screenshot/2026/08/2557e3ed-855a-4cdb-8b60-5deac33bff8a.png?operation=upload&expires=1786524012&signature=80a6ff26dd928c5b6157cb8a5ce3fb9955ef13ad16943d75e0e66a671a855941 HTTP/1.1" 200 OK
INFO:     127.0.0.1:59017 - "PUT /objects/test/operation_screenshot/2026/08/2557e3ed-855a-4cdb-8b60-5deac33bff8a.png?operation=upload&expires=1786524012&signature=80a6ff26dd928c5b6157cb8a5ce3fb9955ef13ad16943d75e0e66a671a855941 HTTP/1.1" 204 No Content
INFO:     127.0.0.1:59022 - "HEAD /objects/test/operation_screenshot/2026/08/2557e3ed-855a-4cdb-8b60-5deac33bff8a.png?operation=head&expires=1786523472&signature=eba35a81fee19d1db1c09c5b2e5eeb226ce07475b9f79ba6fc698d0efd4ca374 HTTP/1.1" 200 OK
INFO:     127.0.0.1:59021 - "POST /api/v1/files/2557e3ed-855a-4cdb-8b60-5deac33bff8a/complete HTTP/1.1" 200 OK
INFO:     127.0.0.1:59025 - "POST /api/v1/geo-observations HTTP/1.1" 201 Created
INFO:     127.0.0.1:59030 - "GET /api/v1/geo-observations?page=1&page_size=20&sort_order=DESC&date_from=2026-07-14&date_to=2026-08-12 HTTP/1.1" 200 OK
INFO:     127.0.0.1:59033 - "GET /api/v1/geo-metrics?date_from=2026-07-14&date_to=2026-08-12 HTTP/1.1" 200 OK
INFO:     127.0.0.1:59034 - "GET /api/v1/geo-observation-publications?product_id=bbb4a716-c866-4c8b-8100-b59a6fd9185d HTTP/1.1" 200 OK
INFO:     127.0.0.1:59037 - "GET /api/v1/geo-observations/b96caacf-bee4-42ba-8586-595726e55cf9 HTTP/1.1" 200 OK
INFO:     127.0.0.1:59040 - "GET /api/v1/files/2557e3ed-855a-4cdb-8b60-5deac33bff8a HTTP/1.1" 200 OK
INFO:     127.0.0.1:59043 - "GET /api/v1/files/2557e3ed-855a-4cdb-8b60-5deac33bff8a/download-url HTTP/1.1" 200 OK
INFO:     127.0.0.1:59044 - "GET /objects/test/operation_screenshot/2026/08/2557e3ed-855a-4cdb-8b60-5deac33bff8a.png?operation=download&expires=1786523712&signature=4f85980b3023c5c182acb0e2c1601651823715ce49f02a5252782c8123c578b6 HTTP/1.1" 200 OK
INFO:     127.0.0.1:59047 - "GET /api/v1/geo-metrics?product_id=bbb4a716-c866-4c8b-8100-b59a6fd9185d HTTP/1.1" 200 OK
INFO:     127.0.0.1:59053 - "GET /api/v1/geo-metrics?date_from=2026-07-14&date_to=2026-08-12&search=DEMO-ef7bb4cc HTTP/1.1" 200 OK
INFO:     127.0.0.1:59051 - "GET /api/v1/geo-observations?page=1&page_size=20&sort_order=DESC&date_from=2026-07-14&date_to=2026-08-12&search=DEMO-ef7bb4cc HTTP/1.1" 200 OK
INFO:     127.0.0.1:59056 - "GET /api/v1/geo-observations?page=1&page_size=20&sort_order=ASC&date_from=2026-07-14&date_to=2026-08-12&search=DEMO-ef7bb4cc HTTP/1.1" 200 OK
INFO:     127.0.0.1:59059 - "GET /api/v1/geo-observations?page=1&page_size=100&sort_order=ASC&date_from=2026-07-14&date_to=2026-08-12&search=DEMO-ef7bb4cc HTTP/1.1" 200 OK
INFO:     127.0.0.1:59062 - "GET /api/v1/files/2557e3ed-855a-4cdb-8b60-5deac33bff8a/download-url HTTP/1.1" 200 OK
INFO:     127.0.0.1:59044 - "GET /objects/test/operation_screenshot/2026/08/2557e3ed-855a-4cdb-8b60-5deac33bff8a.png?operation=download&expires=1786523714&signature=60ee534affac000e922392c4af37bf1991c8cd355bf461fc413c2c3c8d91da4f HTTP/1.1" 200 OK
INFO:     127.0.0.1:59065 - "GET /api/v1/files/2557e3ed-855a-4cdb-8b60-5deac33bff8a/download-url HTTP/1.1" 200 OK
INFO:     127.0.0.1:59068 - "POST /api/v1/geo-observations HTTP/1.1" 201 Created
INFO:     127.0.0.1:59074 - "GET /api/v1/geo-observations/b96caacf-bee4-42ba-8586-595726e55cf9 HTTP/1.1" 200 OK
INFO:     127.0.0.1:59075 - "GET /api/v1/geo-metrics?date_from=2026-07-14&date_to=2026-08-12&search=DEMO-ef7bb4cc HTTP/1.1" 200 OK
INFO:     127.0.0.1:59077 - "GET /api/v1/geo-observations?page=1&page_size=100&sort_order=ASC&date_from=2026-07-14&date_to=2026-08-12&search=DEMO-ef7bb4cc HTTP/1.1" 200 OK
INFO:     127.0.0.1:59080 - "GET /api/v1/geo-observations/b7d33cb5-d4f7-4407-93dd-f915907159f6 HTTP/1.1" 200 OK
INFO:     127.0.0.1:59083 - "GET /api/v1/files/2557e3ed-855a-4cdb-8b60-5deac33bff8a/download-url HTTP/1.1" 200 OK
INFO:     127.0.0.1:59044 - "GET /objects/test/operation_screenshot/2026/08/2557e3ed-855a-4cdb-8b60-5deac33bff8a.png?operation=download&expires=1786523715&signature=e823d4c6bc6a61cd268bc0a07418a909d2c3821702432c426e6ad89bb1a78d2e HTTP/1.1" 200 OK
INFO:     127.0.0.1:59089 - "GET /api/v1/geo-metrics?date_from=2026-07-14&date_to=2026-08-12&search=DEMO-ef7bb4cc&include_history=true HTTP/1.1" 200 OK
INFO:     127.0.0.1:59088 - "GET /api/v1/geo-observations?page=1&page_size=100&sort_order=ASC&date_from=2026-07-14&date_to=2026-08-12&search=DEMO-ef7bb4cc&include_history=true HTTP/1.1" 200 OK
INFO:     127.0.0.1:59092 - "POST /api/v1/geo-observations HTTP/1.1" 201 Created
INFO:     127.0.0.1:59095 - "POST /api/v1/geo-observations HTTP/1.1" 201 Created
INFO:     127.0.0.1:59098 - "POST /api/v1/geo-observations HTTP/1.1" 201 Created
INFO:     127.0.0.1:59101 - "GET /api/v1/geo-insights?date_from=2026-07-14&date_to=2026-08-12&product_id=bbb4a716-c866-4c8b-8100-b59a6fd9185d&geo_platform=DeepSeek%20E2E HTTP/1.1" 200 OK
INFO:     127.0.0.1:59104 - "POST /api/v1/geo-insights/optimization-content-tasks HTTP/1.1" 201 Created
INFO:     127.0.0.1:59107 - "GET /api/v1/geo-insights?date_from=2026-07-14&date_to=2026-08-12 HTTP/1.1" 200 OK
INFO:     127.0.0.1:59116 - "GET /api/v1/auth/me HTTP/1.1" 200 OK
INFO:     127.0.0.1:59118 - "GET /api/v1/auth/csrf HTTP/1.1" 200 OK
INFO:     127.0.0.1:59120 - "GET /api/v1/geo-insights?date_from=2026-07-14&date_to=2026-08-12 HTTP/1.1" 200 OK
INFO:     127.0.0.1:59128 - "GET /api/v1/geo-metrics HTTP/1.1" 200 OK
INFO:     127.0.0.1:59125 - "GET /api/v1/products?page=1&page_size=100 HTTP/1.1" 200 OK
INFO:     127.0.0.1:59123 - "GET /api/v1/dashboard/summary HTTP/1.1" 200 OK
INFO:     127.0.0.1:59131 - "POST /api/v1/published-articles/3f86de75-6b44-4708-aa22-d7d26ff32a0b/issues HTTP/1.1" 201 Created
INFO:     127.0.0.1:59134 - "GET /api/v1/content-tasks/0955d03f-2a5d-47b7-a04d-c1faf6c2584b HTTP/1.1" 200 OK
INFO:     127.0.0.1:59137 - "GET /api/v1/geo-observation-publications?product_id=bbb4a716-c866-4c8b-8100-b59a6fd9185d HTTP/1.1" 200 OK
INFO:     127.0.0.1:59144 - "GET /api/v1/auth/me HTTP/1.1" 200 OK
INFO:     127.0.0.1:59146 - "GET /api/v1/auth/csrf HTTP/1.1" 200 OK
INFO:     127.0.0.1:59156 - "GET /api/v1/publication-works?page=1&page_size=20 HTTP/1.1" 200 OK
INFO:     127.0.0.1:59155 - "GET /api/v1/publication-ready-items HTTP/1.1" 200 OK
INFO:     127.0.0.1:59157 - "GET /api/v1/published-content-issues?page=1&page_size=20&status=OPEN HTTP/1.1" 200 OK
INFO:     127.0.0.1:59150 - "GET /api/v1/published-content-issues/258a11c2-b00b-445e-a07b-28f86820b304 HTTP/1.1" 200 OK
INFO:     127.0.0.1:59151 - "GET /api/v1/publication-workbench-summary HTTP/1.1" 200 OK
INFO:     127.0.0.1:59160 - "GET /api/v1/dashboard/summary HTTP/1.1" 200 OK
INFO:     127.0.0.1:59164 - "GET /api/v1/geo-metrics HTTP/1.1" 200 OK
INFO:     127.0.0.1:59167 - "GET /api/v1/products?page=1&page_size=100 HTTP/1.1" 200 OK
INFO:     127.0.0.1:59170 - "GET /api/v1/published-content-issues/258a11c2-b00b-445e-a07b-28f86820b304/repair-context HTTP/1.1" 200 OK
INFO:     127.0.0.1:59173 - "POST /api/v1/published-content-issues/258a11c2-b00b-445e-a07b-28f86820b304/repair-task HTTP/1.1" 201 Created
INFO:     127.0.0.1:59185 - "GET /api/v1/publication-works?page=1&page_size=20 HTTP/1.1" 200 OK
INFO:     127.0.0.1:59182 - "GET /api/v1/publication-workbench-summary HTTP/1.1" 200 OK
INFO:     127.0.0.1:59183 - "GET /api/v1/publication-ready-items HTTP/1.1" 200 OK
INFO:     127.0.0.1:59188 - "GET /api/v1/published-content-issues/258a11c2-b00b-445e-a07b-28f86820b304 HTTP/1.1" 200 OK
INFO:     127.0.0.1:59191 - "GET /api/v1/published-content-issues/258a11c2-b00b-445e-a07b-28f86820b304/repair-context HTTP/1.1" 200 OK
INFO:     127.0.0.1:59194 - "GET /api/v1/published-content-issues/258a11c2-b00b-445e-a07b-28f86820b304 HTTP/1.1" 200 OK
INFO:     127.0.0.1:59189 - "GET /api/v1/published-content-issues?page=1&page_size=20&status=OPEN HTTP/1.1" 200 OK
INFO:     127.0.0.1:59199 - "POST /api/v1/published-content-issues/258a11c2-b00b-445e-a07b-28f86820b304/resolve HTTP/1.1" 200 OK
INFO:     127.0.0.1:59210 - "GET /api/v1/publication-works?page=1&page_size=20 HTTP/1.1" 200 OK
INFO:     127.0.0.1:59215 - "GET /api/v1/published-content-issues?page=1&page_size=20&status=OPEN HTTP/1.1" 200 OK
INFO:     127.0.0.1:59214 - "GET /api/v1/published-content-issues/258a11c2-b00b-445e-a07b-28f86820b304 HTTP/1.1" 200 OK
INFO:     127.0.0.1:59211 - "GET /api/v1/publication-ready-items HTTP/1.1" 200 OK
INFO:     127.0.0.1:59207 - "GET /api/v1/publication-workbench-summary HTTP/1.1" 200 OK
INFO:     127.0.0.1:59217 - "GET /api/v1/published-content-issues/258a11c2-b00b-445e-a07b-28f86820b304 HTTP/1.1" 200 OK
INFO:     127.0.0.1:59221 - "DELETE /api/v1/ai-channels/cb6ff233-6968-49c0-aec5-91add12a822a HTTP/1.1" 204 No Content
INFO:     127.0.0.1:59224 - "DELETE /api/v1/ai-channels/7b4e78ba-e144-4175-980a-41b496780446 HTTP/1.1" 204 No Content
INFO:     127.0.0.1:59227 - "POST /api/v1/generation-jobs/876cbd08-998d-4c69-a984-fadbe36aab93/retry HTTP/1.1" 409 Conflict
INFO:     127.0.0.1:59230 - "GET /api/v1/generation-jobs/31900f6d-cecb-4c37-81cc-aae1e508b518 HTTP/1.1" 200 OK
INFO:     127.0.0.1:59237 - "GET /api/v1/auth/me HTTP/1.1" 200 OK
INFO:     127.0.0.1:59239 - "GET /api/v1/auth/csrf HTTP/1.1" 200 OK
INFO:     127.0.0.1:59245 - "GET /api/v1/content-tasks/9682b0f4-2be6-4811-99ff-936390075d13 HTTP/1.1" 200 OK
INFO:     127.0.0.1:59249 - "GET /api/v1/geo-metrics HTTP/1.1" 200 OK
INFO:     127.0.0.1:59250 - "GET /api/v1/products?page=1&page_size=100 HTTP/1.1" 200 OK
INFO:     127.0.0.1:59251 - "GET /api/v1/dashboard/summary HTTP/1.1" 200 OK
INFO:     127.0.0.1:59255 - "GET /api/v1/content-tasks?archive_status=ALL HTTP/1.1" 200 OK
INFO:     127.0.0.1:59261 - "GET /api/v1/content-tasks/9682b0f4-2be6-4811-99ff-936390075d13/generation-jobs HTTP/1.1" 200 OK
INFO:     127.0.0.1:59258 - "GET /api/v1/fact-versions/1db06701-d94e-4cad-be19-d8857e4ea2d2 HTTP/1.1" 200 OK
INFO:     127.0.0.1:59259 - "GET /api/v1/content-tasks/9682b0f4-2be6-4811-99ff-936390075d13/content-versions HTTP/1.1" 200 OK
INFO:     127.0.0.1:59264 - "DELETE /api/v1/content-tasks/9682b0f4-2be6-4811-99ff-936390075d13?expected_revision=0 HTTP/1.1" 204 No Content
INFO:     127.0.0.1:59267 - "GET /api/v1/content-tasks?archive_status=ALL HTTP/1.1" 200 OK
INFO:     127.0.0.1:59270 - "GET /api/v1/content-tasks/9682b0f4-2be6-4811-99ff-936390075d13 HTTP/1.1" 404 Not Found
INFO:     127.0.0.1:59273 - "GET /api/v1/platform-profiles/26333b72-eab7-46a2-8582-f37c32efa6a5 HTTP/1.1" 200 OK
INFO:     127.0.0.1:59276 - "POST /api/v1/platform-profiles/26333b72-eab7-46a2-8582-f37c32efa6a5/disable HTTP/1.1" 200 OK
INFO:     127.0.0.1:59279 - "DELETE /api/v1/platform-profiles/26333b72-eab7-46a2-8582-f37c32efa6a5 HTTP/1.1" 409 Conflict
INFO:     127.0.0.1:59282 - "GET /api/v1/content-tasks?archive_status=ACTIVE&platform_profile_id=26333b72-eab7-46a2-8582-f37c32efa6a5 HTTP/1.1" 200 OK
INFO:     127.0.0.1:59285 - "DELETE /api/v1/content-tasks/1fd5d3f3-5b4e-4486-9386-2f0463dbd060?expected_revision=0 HTTP/1.1" 204 No Content
INFO:     127.0.0.1:59289 - "GET /api/v1/content-tasks?archive_status=ACTIVE HTTP/1.1" 200 OK
INFO:     127.0.0.1:59291 - "DELETE /api/v1/content-tasks/ef70f0fc-5646-430e-81c9-25974323e9db?expected_revision=0 HTTP/1.1" 204 No Content
INFO:     127.0.0.1:59294 - "DELETE /api/v1/content-tasks/84ca814a-3b75-461e-96b8-4ee141f58794?expected_revision=1 HTTP/1.1" 204 No Content
INFO:     127.0.0.1:59297 - "DELETE /api/v1/content-tasks/5c3ec700-b306-439c-a8e4-5b46b2378dfe?expected_revision=1 HTTP/1.1" 204 No Content
INFO:     127.0.0.1:59300 - "DELETE /api/v1/content-tasks/0f348920-4db6-48ca-ade2-565bfe787774?expected_revision=1 HTTP/1.1" 204 No Content
INFO:     127.0.0.1:59303 - "DELETE /api/v1/content-tasks/27ae702a-8d15-490b-9e93-68e376ab8c24?expected_revision=2 HTTP/1.1" 204 No Content
INFO:     127.0.0.1:59307 - "DELETE /api/v1/platform-profiles/26333b72-eab7-46a2-8582-f37c32efa6a5 HTTP/1.1" 204 No Content
INFO:     127.0.0.1:59310 - "GET /api/v1/platform-profiles/26333b72-eab7-46a2-8582-f37c32efa6a5 HTTP/1.1" 404 Not Found
INFO:     127.0.0.1:59313 - "GET /api/v1/content-tasks/0955d03f-2a5d-47b7-a04d-c1faf6c2584b HTTP/1.1" 200 OK
INFO:     127.0.0.1:59321 - "GET /api/v1/auth/me HTTP/1.1" 200 OK
INFO:     127.0.0.1:59323 - "GET /api/v1/auth/csrf HTTP/1.1" 200 OK
INFO:     127.0.0.1:59329 - "GET /api/v1/content-tasks/0955d03f-2a5d-47b7-a04d-c1faf6c2584b HTTP/1.1" 200 OK
INFO:     127.0.0.1:59332 - "GET /api/v1/dashboard/summary HTTP/1.1" 200 OK
INFO:     127.0.0.1:59335 - "GET /api/v1/products?page=1&page_size=100 HTTP/1.1" 200 OK
INFO:     127.0.0.1:59333 - "GET /api/v1/geo-metrics HTTP/1.1" 200 OK
INFO:     127.0.0.1:59343 - "GET /api/v1/content-tasks/0955d03f-2a5d-47b7-a04d-c1faf6c2584b/content-versions HTTP/1.1" 200 OK
INFO:     127.0.0.1:59341 - "GET /api/v1/fact-versions/1db06701-d94e-4cad-be19-d8857e4ea2d2 HTTP/1.1" 200 OK
INFO:     127.0.0.1:59340 - "GET /api/v1/content-tasks?archive_status=ALL HTTP/1.1" 200 OK
INFO:     127.0.0.1:59345 - "GET /api/v1/content-tasks/0955d03f-2a5d-47b7-a04d-c1faf6c2584b/generation-jobs HTTP/1.1" 200 OK
INFO:     127.0.0.1:59350 - "GET /api/v1/content-tasks/0955d03f-2a5d-47b7-a04d-c1faf6c2584b/content-versions HTTP/1.1" 200 OK
INFO:     127.0.0.1:59351 - "GET /api/v1/generation-jobs/91bde0ae-6254-4b8f-8404-500ec08fffd6 HTTP/1.1" 200 OK
INFO:     127.0.0.1:59354 - "POST /api/v1/content-tasks/0955d03f-2a5d-47b7-a04d-c1faf6c2584b/archive HTTP/1.1" 200 OK
INFO:     127.0.0.1:59359 - "GET /api/v1/content-tasks?archive_status=ALL HTTP/1.1" 200 OK
INFO:     127.0.0.1:59360 - "GET /api/v1/content-tasks/0955d03f-2a5d-47b7-a04d-c1faf6c2584b HTTP/1.1" 200 OK
INFO:     127.0.0.1:59363 - "GET /api/v1/content-tasks/0955d03f-2a5d-47b7-a04d-c1faf6c2584b HTTP/1.1" 200 OK
INFO:     127.0.0.1:59366 - "POST /api/v1/users HTTP/1.1" 201 Created
INFO:     127.0.0.1:59375 - "GET /api/v1/auth/me HTTP/1.1" 204 No Content
INFO:     127.0.0.1:59377 - "POST /api/v1/auth/login HTTP/1.1" 200 OK
INFO:     127.0.0.1:59379 - "GET /api/v1/auth/me HTTP/1.1" 200 OK
INFO:     127.0.0.1:59381 - "GET /api/v1/auth/csrf HTTP/1.1" 200 OK
INFO:     127.0.0.1:59383 - "POST /api/v1/auth/change-password HTTP/1.1" 204 No Content
INFO:     127.0.0.1:59385 - "GET /api/v1/auth/me HTTP/1.1" 200 OK
INFO:     127.0.0.1:59391 - "GET /api/v1/auth/csrf HTTP/1.1" 200 OK
INFO:     127.0.0.1:59394 - "POST /api/v1/content-tasks/0955d03f-2a5d-47b7-a04d-c1faf6c2584b/permanent-delete HTTP/1.1" 403 Forbidden
INFO:     127.0.0.1:59397 - "GET /api/v1/published-articles/3f86de75-6b44-4708-aa22-d7d26ff32a0b/permanent-deletion-preview HTTP/1.1" 403 Forbidden
INFO:     127.0.0.1:59400 - "POST /api/v1/published-articles/3f86de75-6b44-4708-aa22-d7d26ff32a0b/permanent-delete HTTP/1.1" 403 Forbidden
INFO:     127.0.0.1:59403 - "POST /api/v1/content-tasks/0955d03f-2a5d-47b7-a04d-c1faf6c2584b/restore HTTP/1.1" 200 OK
INFO:     127.0.0.1:59409 - "GET /api/v1/content-tasks?archive_status=ALL HTTP/1.1" 200 OK
INFO:     127.0.0.1:59407 - "GET /api/v1/content-tasks/0955d03f-2a5d-47b7-a04d-c1faf6c2584b HTTP/1.1" 200 OK
INFO:     127.0.0.1:59412 - "POST /api/v1/content-tasks/0955d03f-2a5d-47b7-a04d-c1faf6c2584b/archive HTTP/1.1" 200 OK
INFO:     127.0.0.1:59418 - "GET /api/v1/content-tasks?archive_status=ALL HTTP/1.1" 200 OK
INFO:     127.0.0.1:59416 - "GET /api/v1/content-tasks/0955d03f-2a5d-47b7-a04d-c1faf6c2584b HTTP/1.1" 200 OK
INFO:     127.0.0.1:59421 - "GET /api/v1/content-tasks/0955d03f-2a5d-47b7-a04d-c1faf6c2584b/permanent-deletion-preview HTTP/1.1" 200 OK
INFO:     127.0.0.1:59424 - "POST /api/v1/content-tasks/0955d03f-2a5d-47b7-a04d-c1faf6c2584b/permanent-delete HTTP/1.1" 204 No Content
INFO:     127.0.0.1:59427 - "GET /api/v1/content-tasks?archive_status=ALL HTTP/1.1" 200 OK
INFO:     127.0.0.1:59430 - "GET /api/v1/content-tasks/0955d03f-2a5d-47b7-a04d-c1faf6c2584b HTTP/1.1" 404 Not Found
INFO:     127.0.0.1:59433 - "GET /api/v1/users?q=lifecycle-engineer-ef7bb4cc&page=1&page_size=100 HTTP/1.1" 200 OK
INFO:     127.0.0.1:59436 - "PATCH /api/v1/users/478af09e-f205-45f3-9090-fe2877d423c7 HTTP/1.1" 200 OK
INFO:     127.0.0.1:59439 - "DELETE /api/v1/users/478af09e-f205-45f3-9090-fe2877d423c7 HTTP/1.1" 204 No Content
INFO:     127.0.0.1:59442 - "DELETE /api/v1/platform-prompts/7015be71-a420-4544-a886-717b4adc194e?expected_revision=0 HTTP/1.1" 204 No Content
INFO:     127.0.0.1:59445 - "DELETE /api/v1/platform-types/2d40f0fd-fcd4-4875-ac74-11d99a4b64c1 HTTP/1.1" 204 No Content
INFO:     127.0.0.1:59455 - "GET /api/v1/auth/me HTTP/1.1" 200 OK
INFO:     127.0.0.1:59457 - "GET /api/v1/auth/csrf HTTP/1.1" 200 OK
INFO:     127.0.0.1:59462 - "GET /api/v1/dashboard/summary HTTP/1.1" 200 OK
INFO:     127.0.0.1:59463 - "GET /api/v1/geo-metrics HTTP/1.1" 200 OK
  ✓  39 [e2e] › tests/e2e/mvp-flow.spec.ts:284:1 › 批准事实到人工发布、GEO 观测及删除与归档生命周期保持完整追溯 (1.0m)
  ✓  40 [e2e] › tests/e2e/theme.spec.ts:19:1 › 匿名根路径经过无内容会话探测进入登录页且 CLS 达标 (247ms)
  ✓  41 [e2e] › tests/e2e/theme.spec.ts:92:1 › 直接进入改密路由不加载工作台资源并保留移动端按钮尺寸 (473ms)
  ✓  42 [e2e] › tests/e2e/theme.spec.ts:125:1 › 阻断 React 主模块后首屏脚本仍与主题画布一致 (90ms)
  ✓  43 [e2e] › tests/e2e/theme.spec.ts:140:1 › 无 localStorage 时外置主题脚本仍按系统配色完成首帧 (49ms)
  ✓  44 [e2e] › tests/e2e/theme.spec.ts:155:1 › localStorage 访问异常时外置主题脚本显式告警并继续启动 (49ms)
INFO:     127.0.0.1:59503 - "GET /api/v1/auth/me HTTP/1.1" 204 No Content
  ✓  45 [e2e] › tests/e2e/theme.spec.ts:176:1 › 跟随系统模式实时响应系统配色变化 (203ms)
INFO:     127.0.0.1:59512 - "GET /api/v1/auth/me HTTP/1.1" 204 No Content
  ✓  46 [e2e] › tests/e2e/theme.spec.ts:185:1 › 登录页主题控件可通过 Tab 进入 (190ms)
INFO:     127.0.0.1:59521 - "GET /api/v1/auth/me HTTP/1.1" 204 No Content
  ✓  47 [e2e] › tests/e2e/theme.spec.ts:191:1 › 减少动态效果时取消页面与主题过渡 (192ms)
INFO:     127.0.0.1:59530 - "GET /api/v1/auth/me HTTP/1.1" 204 No Content
  ✓  48 [e2e] › tests/e2e/theme.spec.ts:198:1 › 普通动态偏好下登录装饰路径保持静态虚线 (196ms)
  ✓  49 [e2e] › tests/e2e/theme.spec.ts:213:1 › 公开发现资产允许抓取且不泄露内部能力 (5ms)
INFO:     127.0.0.1:59540 - "GET /api/v1/auth/me HTTP/1.1" 204 No Content
  ✓  50 [e2e] › tests/e2e/theme.spec.ts:231:1 › 登录页主题玻璃控件禁用模糊后仍可辨识和操作 (323ms)
  ✓  51 [e2e] › tests/e2e/trusted-types.spec.ts:18:1 › 注入权威完整 CSP 后命名策略支持 Ant 交互并清洗 Markdown (1.4s)
  ✓  52 [e2e] › tests/e2e/trusted-types.spec.ts:120:1 › 登录和改密入口保持可访问且不加载工作台资源 (621ms)

  52 passed (5.1m)

worker: Warm shutdown (MainProcess)
INFO:     Shutting down
INFO:     Shutting down
celery beat v5.6.3 (recovery) is starting.
__    -    ... __   -        _
LocalTime -> 2026-08-12 16:24:33
Configuration ->
    . broker -> redis://127.0.0.1:56379/15
    . loader -> celery.loaders.app.AppLoader
    . scheduler -> celery.beat.PersistentScheduler
    . db -> /var/folders/m5/j06tv2sn1hn93d6f33j559jm0000gn/T//partsignal-e2e-storage.wRFthJ/celerybeat
    . logfile -> [stderr]@%WARNING
    . maxinterval -> 5.00 minutes (300s)
INFO:     Shutting down
INFO:     Waiting for application shutdown.
INFO:     Application shutdown complete.
INFO:     Finished server process [66559]
INFO:     Waiting for application shutdown.
INFO:     Application shutdown complete.
INFO:     Finished server process [66557]
INFO:     Waiting for application shutdown.
INFO:     Application shutdown complete.
INFO:     Finished server process [66558]
E2E_CLEANUP database=partsignal_e2e_20260812_66472 status=deleted
deploy/scripts/e2e-local.sh: line 33: 66557 Terminated: 15          OBJECT_STORAGE_ENDPOINT="$storage_endpoint" OBJECT_STORAGE_PUBLIC_ENDPOINT="$storage_endpoint" OBJECT_STORAGE_PATH="$storage_dir" backend/.venv/bin/uvicorn app.main:app --host 127.0.0.1 --port 8000
deploy/scripts/e2e-local.sh: line 33: 66558 Terminated: 15          OBJECT_STORAGE_PATH="$storage_dir" backend/.venv/bin/uvicorn app.dev_storage:app --host 127.0.0.1 --port "$PARTSIGNAL_E2E_STORAGE_PORT"
deploy/scripts/e2e-local.sh: line 33: 66559 Terminated: 15          backend/.venv/bin/uvicorn app.ai_fake_server:app --host 127.0.0.1 --port 9001
E2E_CLEANUP storage=/var/folders/m5/j06tv2sn1hn93d6f33j559jm0000gn/T//partsignal-e2e-storage.wRFthJ status=deleted
npm --prefix frontend-v2 run e2e

> partsignal-frontend-v2@0.1.0 e2e
> playwright test

[WebServer] (node:67005) Warning: The 'NO_COLOR' env is ignored due to the 'FORCE_COLOR' env being set.
[WebServer] (Use `node --trace-warnings ...` to show where the warning was created)
[WebServer] [plugin builtin:vite-reporter] 
[WebServer] (!) Some chunks are larger than 500 kB after minification. Consider:
[WebServer] - Using dynamic import() to code-split the application
[WebServer] - Use build.rolldownOptions.output.codeSplitting to improve chunking: https://rolldown.rs/reference/OutputOptions.codeSplitting
[WebServer] - Adjust chunk size limit for this warning via build.chunkSizeWarningLimit.
[WebServer] (node:67015) Warning: The 'NO_COLOR' env is ignored due to the 'FORCE_COLOR' env being set.
[WebServer] (Use `node --trace-warnings ...` to show where the warning was created)
[WebServer] (node:67039) Warning: The 'NO_COLOR' env is ignored due to the 'FORCE_COLOR' env being set.
[WebServer] (Use `node --trace-warnings ...` to show where the warning was created)

Running 230 tests using 1 worker

  -    1 [foundation-mobile] › tests/e2e/content-ai-real-stack.spec.ts:246:1 › AI Production：成功、自然化、失败详情与 exact snapshot retry
(node:67040) Warning: The 'NO_COLOR' env is ignored due to the 'FORCE_COLOR' env being set.
(Use `node --trace-warnings ...` to show where the warning was created)
  ✓    2 [foundation-mobile] › tests/e2e/content-editor.spec.ts:6:1 › 从 List/Detail primary 进入 canonical Editor，direct/refresh 只读取 Editor Context (573ms)
  ✓    3 [foundation-mobile] › tests/e2e/content-editor.spec.ts:26:1 › no-draft 创建完整人工首稿，不创建 AI lineage，并携带 CSRF (382ms)
  ✓    4 [foundation-mobile] › tests/e2e/content-editor.spec.ts:60:1 › AI generation 按需确认 Prompt/model，terminal 后采用服务端 current pointer (3.0s)
  ✓    5 [foundation-mobile] › tests/e2e/content-editor.spec.ts:94:1 › generation failure 按需读取完整 snapshot，并只按原 job retry (5.7s)
  ✓    6 [foundation-mobile] › tests/e2e/content-editor.spec.ts:128:1 › HUMAN DRAFT DirtyGuard、Preview/Diff 与 Ctrl/Cmd+S 使用 canonical revision (984ms)
  ✓    7 [foundation-mobile] › tests/e2e/content-editor.spec.ts:171:1 › DirtyGuard 覆盖浏览器 Back/Forward，确认离开后丢弃本地草稿 (385ms)
  ✓    8 [foundation-mobile] › tests/e2e/content-editor.spec.ts:188:1 › AI DRAFT 保持源版本只读，显示 snapshot 摘要并创建 based_on 人工 revision (355ms)
  ✓    9 [foundation-mobile] › tests/e2e/content-editor.spec.ts:217:1 › CREATE_HUMANIZATION_JOB 创建新 job/版本，源 AI DRAFT 保持只读 (3.0s)
  ✓   10 [foundation-mobile] › tests/e2e/content-editor.spec.ts:240:1 › CHANGES_REQUESTED 不原地编辑，创建 based_on 人工 revision (222ms)
  ✓   11 [foundation-mobile] › tests/e2e/content-editor.spec.ts:256:1 › 409 保留本地输入和请求 ID，只在显式 reload 后采用服务端版本 (352ms)
  ✓   12 [foundation-mobile] › tests/e2e/content-editor.spec.ts:274:1 › dirty 必须先保存再提交审核，提交后停留 Editor 且不暴露 Review actions (654ms)
  ✓   13 [foundation-mobile] › tests/e2e/content-editor.spec.ts:300:1 › DELETE 只物理删除人工草稿，并采用服务端恢复的父版本主线 (265ms)
  ✓   14 [foundation-mobile] › tests/e2e/content-editor.spec.ts:319:1 › ABANDON 保留历史且只采用服务端返回的新主线 (266ms)
  ✓   15 [foundation-mobile] › tests/e2e/content-editor.spec.ts:339:1 › 375/768/1024/1440 复用 Workspace 响应式、键盘焦点且 StickyActionBar 不遮挡正文 (293ms)
  -   16 [foundation-mobile] › tests/e2e/content-review-real-stack.spec.ts:196:1 › Flow A：人工内容批准后进入只读版本并出现发布交接
  -   17 [foundation-mobile] › tests/e2e/content-review-real-stack.spec.ts:274:1 › Flow B：退回后创建 HUMAN revision，重新送审批准且历史不串线
  ✓   18 [foundation-mobile] › tests/e2e/content-review.spec.ts:6:1 › direct URL、refresh、Back 与 Forward 始终读取 task-scoped Review Context (541ms)
  ✓   19 [foundation-mobile] › tests/e2e/content-review.spec.ts:33:1 › 一次快照展示 canonical、blocking/warnings、fact、platform、diff 与 timeline (204ms)
  ✓   20 [foundation-mobile] › tests/e2e/content-review.spec.ts:53:3 › approved 状态只读且不从 status 推导审核动作 (144ms)
  ✓   21 [foundation-mobile] › tests/e2e/content-review.spec.ts:53:3 › changes-requested 状态只读且不从 status 推导审核动作 (146ms)
  ✓   22 [foundation-mobile] › tests/e2e/content-review.spec.ts:53:3 › readonly 状态只读且不从 status 推导审核动作 (145ms)
  ✓   23 [foundation-mobile] › tests/e2e/content-review.spec.ts:62:1 › APPROVE 携带 CSRF/expected_revision，成功后重新读取 canonical state (244ms)
  ✓   24 [foundation-mobile] › tests/e2e/content-review.spec.ts:82:1 › REQUEST_CHANGES 校验并修剪意见，Esc 后焦点返回真实触发器 (711ms)
  ✓   25 [foundation-mobile] › tests/e2e/content-review.spec.ts:114:1 › 409 保留用户输入和 request ID，刷新 canonical context 且不自动重放 (360ms)
  ✓   26 [foundation-mobile] › tests/e2e/content-review.spec.ts:132:1 › 结构化 422 回到意见字段并保留输入 (350ms)
  ✓   27 [foundation-mobile] › tests/e2e/content-review.spec.ts:146:1 › loading 完成后展示 canonical 页面 (145ms)
  ✓   28 [foundation-mobile] › tests/e2e/content-review.spec.ts:154:1 › error 展示 request ID，显式 retry 后恢复 (255ms)
  ✓   29 [foundation-mobile] › tests/e2e/content-review.spec.ts:164:1 › 375/1440 使用既有 WorkspaceShell 响应式形态 (139ms)
  -   30 [foundation-mobile] › tests/e2e/content-review.spec.ts:178:1 › 768/1024 保持 tabbed workspace 且内容无水平溢出
  ✓   31 [foundation-mobile] › tests/e2e/content-task-detail.spec.ts:7:1 › 从 Content Task List 进入，页面只以单一 Detail endpoint 绘制完整摘要 (283ms)
  ✓   32 [foundation-mobile] › tests/e2e/content-task-detail.spec.ts:25:1 › direct navigation、refresh、Back/Forward 保持 canonical Detail route (295ms)
  ✓   33 [foundation-mobile] › tests/e2e/content-task-detail.spec.ts:38:1 › compact section 没有数据时显式显示“暂无”，不触发 join API (118ms)
  ✓   34 [foundation-mobile] › tests/e2e/content-task-detail.spec.ts:46:1 › 服务端 primary_task 与 lifecycle overflow 生效，409 不重放并 canonical refetch (546ms)
  ✓   35 [foundation-mobile] › tests/e2e/content-task-detail.spec.ts:63:1 › loading、404、403 与 generic retry 都有明确状态 (447ms)
  ✓   36 [foundation-mobile] › tests/e2e/content-task-detail.spec.ts:89:1 › archived verified 与 cancelled Detail 明确只读，保留服务端 primary (266ms)
  ✓   37 [foundation-mobile] › tests/e2e/content-task-detail.spec.ts:103:1 › 375/768/1024/1440 无根横溢出，overflow 可键盘操作并返回焦点 (463ms)
  ✓   38 [foundation-mobile] › tests/e2e/content-task-list.spec.ts:5:1 › Content Tasks 由服务端 projection 驱动固定列、链接、搜索、筛选与分页 (641ms)
  ✓   39 [foundation-mobile] › tests/e2e/content-task-list.spec.ts:49:1 › Content Tasks URL 支持 direct、refresh、Back/Forward，并规范化非法参数 (279ms)
  ✓   40 [foundation-mobile] › tests/e2e/content-task-list.spec.ts:68:1 › Content lifecycle 使用服务端 token、CSRF、comment 和 revision，409 不重放 (1.1s)
  ✓   41 [foundation-mobile] › tests/e2e/content-task-list.spec.ts:102:1 › 已归档视图使用实时永久删除 preview 和精确确认文本 (765ms)
  ✓   42 [foundation-mobile] › tests/e2e/content-task-list.spec.ts:124:1 › Content Tasks 明确呈现 loading、empty、filtered empty、error 与 retry (372ms)
  ✓   43 [foundation-mobile] › tests/e2e/content-task-list.spec.ts:146:1 › Content Tasks 在目标宽度无页面级横向溢出，键盘与 Dialog 焦点可恢复 (329ms)
  -   44 [foundation-mobile] › tests/e2e/content-version-detail-real-stack.spec.ts:131:1 › 独立真实栈：单一 detail GET 读取 HUMAN 当前版本且页面无写入口
  ✓   45 [foundation-mobile] › tests/e2e/content-version-detail.spec.ts:11:1 › 从 Content Task 以键盘进入只读详情，refresh 与 Back/Forward 保持单一 detail 数据边界 (476ms)
  ✓   46 [foundation-mobile] › tests/e2e/content-version-detail.spec.ts:67:1 › HUMAN/AI 与六种 status、当前和历史版本都不生成业务动作 (585ms)
  ✓   47 [foundation-mobile] › tests/e2e/content-version-detail.spec.ts:100:1 › 缺失 Prompt/model/generation/review snapshot 与更新时间时显示诚实空态 (147ms)
  ✓   48 [foundation-mobile] › tests/e2e/content-version-detail.spec.ts:130:1 › 覆盖 loading、404、403、通用错误与 retry (478ms)
  ✓   49 [foundation-mobile] › tests/e2e/fact-history.spec.ts:11:1 › VIEW_FACT_HISTORY 进入 canonical 列表，保持服务端顺序、URL 历史与只读详情导航 (483ms)
  ✓   50 [foundation-mobile] › tests/e2e/fact-history.spec.ts:57:1 › direct navigation 覆盖 loading、empty、404、403、通用错误与 retry (454ms)
  ✓   51 [foundation-mobile] › tests/e2e/fact-history.spec.ts:88:1 › 事实历史在四档宽度无页面级横向溢出，表格区和版本链接可获得焦点 (140ms)
  ✓   52 [foundation-mobile] › tests/e2e/fact-review.spec.ts:16:1 › direct/refresh 只读一个审核 context，展示不可变 Markdown、Diff、历史并适配四档宽度 (299ms)
  ✓   53 [foundation-mobile] › tests/e2e/fact-review.spec.ts:53:1 › APPROVE 使用服务端 token、CSRF 与 expected_revision，成功后刷新 canonical context (350ms)
  ✓   54 [foundation-mobile] › tests/e2e/fact-review.spec.ts:81:1 › REQUEST_CHANGES 不从 status 推导动作，拒绝空意见并追加目标版本历史 (475ms)
  ✓   55 [foundation-mobile] › tests/e2e/fact-review.spec.ts:113:1 › 409 不重放命令，展示 request ID 并刷新最新 revision (383ms)
  ✓   56 [foundation-mobile] › tests/e2e/fact-review.spec.ts:142:1 › 覆盖 loading、empty、404、403、通用错误与 retry (565ms)
  ✓   57 [foundation-mobile] › tests/e2e/fact-version-detail.spec.ts:19:1 › 从 Product Detail 以键盘进入只读详情，refresh 保持单一 FactVersion 数据边界并适配四档宽度 (309ms)
  ✓   58 [foundation-mobile] › tests/e2e/fact-version-detail.spec.ts:66:1 › direct navigation 展示 approved、pending、changes requested，并保持返回导航与阅读焦点顺序 (313ms)
  ✓   59 [foundation-mobile] › tests/e2e/fact-version-detail.spec.ts:112:1 › productId 与 FactVersion.product_id 不一致时阻断全部 snapshot 内容 (137ms)
  ✓   60 [foundation-mobile] › tests/e2e/fact-version-detail.spec.ts:130:1 › 覆盖 loading、404、403、通用错误与 retry (491ms)
  ✓   61 [foundation-mobile] › tests/e2e/fact-workspace.spec.ts:16:1 › direct/refresh 只读取一个 workspace read model，并适配 375/768/1024/1440 (340ms)
  ✓   62 [foundation-mobile] › tests/e2e/fact-workspace.spec.ts:46:1 › DirtyGuard 保留编辑，Ctrl/Cmd+S 携带 CSRF/expected_revision 并采用 canonical response (480ms)
  ✓   63 [foundation-mobile] › tests/e2e/fact-workspace.spec.ts:73:1 › revision conflict 保留本地 Markdown，只有显式 reload 才采用服务端版本 (363ms)
  ✓   64 [foundation-mobile] › tests/e2e/fact-workspace.spec.ts:93:1 › 提交创建 PENDING_REVIEW 响应后停留工作台，并以 refetch actions 隐藏提交 (364ms)
  ✓   65 [foundation-mobile] › tests/e2e/fact-workspace.spec.ts:115:1 › 提交时 revision conflict 保留当前工作台并显示请求 ID (351ms)
  ✓   66 [foundation-mobile] › tests/e2e/fact-workspace.spec.ts:132:1 › 覆盖 loading、空 Markdown、预期错误、retry 与 RETIRED 只读状态 (501ms)
  ✓   67 [foundation-mobile] › tests/e2e/foundation-smoke.spec.ts:3:1 › production artifact 支持 App Shell 与响应式导航 (204ms)
  ✓   68 [foundation-mobile] › tests/e2e/new-content-task.spec.ts:27:1 › Content Task List Page Primary 进入可直达、刷新的三字段创建页 (310ms)
  ✓   69 [foundation-mobile] › tests/e2e/new-content-task.spec.ts:50:1 › Product Detail CREATE_CONTENT_TASK handoff 进入 URL 并经服务端资格确认后预选 (216ms)
  ✓   70 [foundation-mobile] › tests/e2e/new-content-task.spec.ts:65:1 › productId direct/refresh/Back/Forward 恢复，非法、不存在、停用和无事实都不静默改选 (1.7s)
  ✓   71 [foundation-mobile] › tests/e2e/new-content-task.spec.ts:120:1 › Product 只显示所属 approved facts，换 Product 清除旧事实，Platform 只显示活动具体平台 (1.1s)
  ✓   72 [foundation-mobile] › tests/e2e/new-content-task.spec.ts:141:1 › POST 发送精确 ContentTaskCreate 与稳定 Idempotency-Key，pending 防重，成功进入 canonical Detail (1.1s)
  ✓   73 [foundation-mobile] › tests/e2e/new-content-task.spec.ts:172:1 › 失败保留选择与同键重试，字段错误、403/404/409 与 IDEMPOTENCY_CONFLICT 显示 request ID (979ms)
  ✓   74 [foundation-mobile] › tests/e2e/new-content-task.spec.ts:208:1 › options loading/error/retry/empty 均有明确恢复路径 (313ms)
  ✓   75 [foundation-mobile] › tests/e2e/new-content-task.spec.ts:225:1 › DirtyGuard 覆盖 Cancel (1.3s)
  ✓   76 [foundation-mobile] › tests/e2e/new-content-task.spec.ts:244:1 › DirtyGuard 覆盖浏览器 Back (657ms)
  ✓   77 [foundation-mobile] › tests/e2e/new-content-task.spec.ts:256:1 › 创建页在 375/768/1024/1440 无页面横溢出，键盘可选择且焦点可见 (160ms)
  ✓   78 [foundation-mobile] › tests/e2e/new-product.spec.ts:11:1 › Products 唯一 page Primary 进入可直达、刷新并保持导航上下文的新建页 (294ms)
  ✓   79 [foundation-mobile] › tests/e2e/new-product.spec.ts:27:1 › 客户端阻止必填和纯空白请求，并关联字段说明、错误与 ErrorSummary (158ms)
  ✓   80 [foundation-mobile] › tests/e2e/new-product.spec.ts:42:1 › POST 使用 trim body 与 CSRF，pending 防重复，成功清除 DirtyGuard 并使列表重新获取 (287ms)
  ✓   81 [foundation-mobile] › tests/e2e/new-product.spec.ts:70:1 › duplicate、字段校验与 forbidden 使用结构化位置/form summary，修正后可重试 (449ms)
  ✓   82 [foundation-mobile] › tests/e2e/new-product.spec.ts:102:1 › dirty Cancel 与浏览器返回均支持留在页面或确认离开 (1.0s)
  ✓   83 [foundation-mobile] › tests/e2e/new-product.spec.ts:128:1 › 新建页在 375/1440 无页面级横向溢出，键盘可达且焦点可见 (139ms)
  ✓   84 [foundation-mobile] › tests/e2e/product-detail.spec.ts:71:1 › 从 Products 名称进入单请求详情，并支持 direct URL、refresh、Back/Forward 与导航上下文 (1.5s)
  ✓   85 [foundation-mobile] › tests/e2e/product-detail.spec.ts:94:1 › 按既定顺序展示 facts/content/publishing/GEO compact summary 与服务端已排序 Activity (172ms)
  ✓   86 [foundation-mobile] › tests/e2e/product-detail.spec.ts:116:1 › 空摘要只显示“暂无”，primary/overflow 只随服务端 token 与 projection 变化 (204ms)
  ✓   87 [foundation-mobile] › tests/e2e/product-detail.spec.ts:143:1 › UPDATE 仅发送 ProductUpdate；REVISION_CONFLICT 展示请求 ID 并刷新 canonical detail (917ms)
  ✓   88 [foundation-mobile] › tests/e2e/product-detail.spec.ts:178:1 › 删除入口消费 blocker、expected_revision；冲突刷新后可按 canonical projection 重试 (1.6s)
  ✓   89 [foundation-mobile] › tests/e2e/product-detail.spec.ts:212:1 › 明确区分 404、403、普通错误 retry，并在 375/768/1024/1440 保持键盘可达且无横向溢出 (572ms)
  -   90 [foundation-mobile] › tests/e2e/product-facts-real-stack.spec.ts:127:1 › Flow A：批准事实后展示不可变版本并交接 CREATE_CONTENT_TASK
  -   91 [foundation-mobile] › tests/e2e/product-facts-real-stack.spec.ts:209:1 › Flow B：退回后修订产生新版本，审核历史严格归属当前 FactVersion
  -   92 [foundation-mobile] › tests/e2e/product-facts-real-stack.spec.ts:297:1 › Flow C：独立 ContentTask 经人工首稿、保存后提交审核
  ✓   93 [foundation-mobile] › tests/e2e/products-list.spec.ts:3:1 › Products 列表仅以 GET projection 驱动 URL 搜索、筛选、排序和分页 (646ms)
  ✓   94 [foundation-mobile] › tests/e2e/products-list.spec.ts:44:1 › Products URL 可刷新和历史恢复，非法参数由 route schema 规范化 (416ms)
  ✓   95 [foundation-mobile] › tests/e2e/products-list.spec.ts:76:1 › Products 行只呈现服务端 primary、overflow 与删除条件 (386ms)
  ✓   96 [foundation-mobile] › tests/e2e/products-list.spec.ts:94:1 › Products 明确呈现 loading、empty、filtered empty、error 与 retry (453ms)
  ✓   97 [foundation-mobile] › tests/e2e/products-list.spec.ts:117:1 › Products 在目标宽度无页面级横向溢出且键盘焦点可操作 (230ms)
  ✓   98 [foundation-mobile] › tests/e2e/publication-work-list.spec.ts:5:1 › Publishing Work 以三个窄 endpoint 绘制四指标、Ready Queue 与固定六列 (170ms)
  ✓   99 [foundation-mobile] › tests/e2e/publication-work-list.spec.ts:28:1 › URL 支持 direct、refresh、status、pagination 与 Back/Forward，并归一非法参数 (454ms)
  ✓  100 [foundation-mobile] › tests/e2e/publication-work-list.spec.ts:50:1 › START 明确选账号、携带 CSRF/稳定 key；409 不重放，人工重试采用 canonical ID (678ms)
  ✓  101 [foundation-mobile] › tests/e2e/publication-work-list.spec.ts:81:1 › 三个 surface 状态独立，目标宽度只允许 TableRegion 局部滚动，Dialog 焦点返回 (697ms)
  -  102 [foundation-mobile] › tests/e2e/publication-workspace-real-stack.spec.ts:140:1 › Flow A：V2 UI 从开始发布连续完成成果、修复任务与问题解决
  -  103 [foundation-mobile] › tests/e2e/publication-workspace-real-stack.spec.ts:407:1 › Flow B：失败核验经内容修订审批、换版和重登记后完成发布
  -  104 [foundation-mobile] › tests/e2e/publication-workspace-real-stack.spec.ts:551:1 › Published Article：真实栈列表进入单请求只读详情
  ✓  105 [foundation-mobile] › tests/e2e/publication-workspace.spec.ts:5:1 › Workspace direct/refresh/Back/Forward 只使用六个 canonical hash (238ms)
  ✓  106 [foundation-mobile] › tests/e2e/publication-workspace.spec.ts:26:1 › Package 按点击读取，Core UI 完成 preparation/review/upload/result 并明确交接 (1.2s)
  ✓  107 [foundation-mobile] › tests/e2e/publication-workspace.spec.ts:72:1 › 409 保留输入且不重放；pending 禁止双提交 (995ms)
  ✓  108 [foundation-mobile] › tests/e2e/publication-workspace.spec.ts:97:1 › Verification 完成 fail → candidate → switch → result → pass 只读闭环 (2.5s)
  ✓  109 [foundation-mobile] › tests/e2e/publication-workspace.spec.ts:180:1 › typed 初始错误与目标宽度不产生页面横向溢出 (543ms)
  ✓  110 [foundation-mobile] › tests/e2e/published-articles.spec.ts:11:1 › 从五列成果表以键盘进入单请求只读详情 (252ms)
  ✓  111 [foundation-mobile] › tests/e2e/published-articles.spec.ts:39:1 › canonical URL 支持 search/sort/pagination、refresh 与 Back/Forward (555ms)
  ✓  112 [foundation-mobile] › tests/e2e/published-articles.spec.ts:68:1 › 列表与详情诚实处理 empty/error，四档宽度保持 readonly (563ms)
  ✓  113 [foundation-mobile] › tests/e2e/published-content-issues.spec.ts:11:1 › Issues 六列表与 Workspace 使用 canonical 单读边界 (264ms)
  ✓  114 [foundation-mobile] › tests/e2e/published-content-issues.spec.ts:27:1 › Article 登记后交接 Workspace，repair 与 resolve 保持独立 (1.2s)
  ✓  115 [foundation-mobile] › tests/e2e/published-content-issues.spec.ts:66:1 › 非法列表状态与未知 Workspace hash 被 canonicalize，页面无根横向溢出 (171ms)
  -  116 [foundation-desktop] › tests/e2e/content-ai-real-stack.spec.ts:246:1 › AI Production：成功、自然化、失败详情与 exact snapshot retry
(node:67172) Warning: The 'NO_COLOR' env is ignored due to the 'FORCE_COLOR' env being set.
(Use `node --trace-warnings ...` to show where the warning was created)
  ✓  117 [foundation-desktop] › tests/e2e/content-editor.spec.ts:6:1 › 从 List/Detail primary 进入 canonical Editor，direct/refresh 只读取 Editor Context (590ms)
  ✓  118 [foundation-desktop] › tests/e2e/content-editor.spec.ts:26:1 › no-draft 创建完整人工首稿，不创建 AI lineage，并携带 CSRF (328ms)
  ✓  119 [foundation-desktop] › tests/e2e/content-editor.spec.ts:60:1 › AI generation 按需确认 Prompt/model，terminal 后采用服务端 current pointer (3.0s)
  ✓  120 [foundation-desktop] › tests/e2e/content-editor.spec.ts:94:1 › generation failure 按需读取完整 snapshot，并只按原 job retry (5.6s)
  ✓  121 [foundation-desktop] › tests/e2e/content-editor.spec.ts:128:1 › HUMAN DRAFT DirtyGuard、Preview/Diff 与 Ctrl/Cmd+S 使用 canonical revision (940ms)
  ✓  122 [foundation-desktop] › tests/e2e/content-editor.spec.ts:171:1 › DirtyGuard 覆盖浏览器 Back/Forward，确认离开后丢弃本地草稿 (505ms)
  ✓  123 [foundation-desktop] › tests/e2e/content-editor.spec.ts:188:1 › AI DRAFT 保持源版本只读，显示 snapshot 摘要并创建 based_on 人工 revision (236ms)
  ✓  124 [foundation-desktop] › tests/e2e/content-editor.spec.ts:217:1 › CREATE_HUMANIZATION_JOB 创建新 job/版本，源 AI DRAFT 保持只读 (3.0s)
  ✓  125 [foundation-desktop] › tests/e2e/content-editor.spec.ts:240:1 › CHANGES_REQUESTED 不原地编辑，创建 based_on 人工 revision (228ms)
  ✓  126 [foundation-desktop] › tests/e2e/content-editor.spec.ts:256:1 › 409 保留本地输入和请求 ID，只在显式 reload 后采用服务端版本 (368ms)
  ✓  127 [foundation-desktop] › tests/e2e/content-editor.spec.ts:274:1 › dirty 必须先保存再提交审核，提交后停留 Editor 且不暴露 Review actions (405ms)
  ✓  128 [foundation-desktop] › tests/e2e/content-editor.spec.ts:300:1 › DELETE 只物理删除人工草稿，并采用服务端恢复的父版本主线 (480ms)
  ✓  129 [foundation-desktop] › tests/e2e/content-editor.spec.ts:319:1 › ABANDON 保留历史且只采用服务端返回的新主线 (451ms)
  ✓  130 [foundation-desktop] › tests/e2e/content-editor.spec.ts:339:1 › 375/768/1024/1440 复用 Workspace 响应式、键盘焦点且 StickyActionBar 不遮挡正文 (280ms)
  -  131 [foundation-desktop] › tests/e2e/content-review-real-stack.spec.ts:196:1 › Flow A：人工内容批准后进入只读版本并出现发布交接
  -  132 [foundation-desktop] › tests/e2e/content-review-real-stack.spec.ts:274:1 › Flow B：退回后创建 HUMAN revision，重新送审批准且历史不串线
  ✓  133 [foundation-desktop] › tests/e2e/content-review.spec.ts:6:1 › direct URL、refresh、Back 与 Forward 始终读取 task-scoped Review Context (490ms)
  ✓  134 [foundation-desktop] › tests/e2e/content-review.spec.ts:33:1 › 一次快照展示 canonical、blocking/warnings、fact、platform、diff 与 timeline (163ms)
  ✓  135 [foundation-desktop] › tests/e2e/content-review.spec.ts:53:3 › approved 状态只读且不从 status 推导审核动作 (154ms)
  ✓  136 [foundation-desktop] › tests/e2e/content-review.spec.ts:53:3 › changes-requested 状态只读且不从 status 推导审核动作 (151ms)
  ✓  137 [foundation-desktop] › tests/e2e/content-review.spec.ts:53:3 › readonly 状态只读且不从 status 推导审核动作 (156ms)
  ✓  138 [foundation-desktop] › tests/e2e/content-review.spec.ts:62:1 › APPROVE 携带 CSRF/expected_revision，成功后重新读取 canonical state (251ms)
  ✓  139 [foundation-desktop] › tests/e2e/content-review.spec.ts:82:1 › REQUEST_CHANGES 校验并修剪意见，Esc 后焦点返回真实触发器 (562ms)
  ✓  140 [foundation-desktop] › tests/e2e/content-review.spec.ts:114:1 › 409 保留用户输入和 request ID，刷新 canonical context 且不自动重放 (374ms)
  ✓  141 [foundation-desktop] › tests/e2e/content-review.spec.ts:132:1 › 结构化 422 回到意见字段并保留输入 (364ms)
  ✓  142 [foundation-desktop] › tests/e2e/content-review.spec.ts:146:1 › loading 完成后展示 canonical 页面 (152ms)
  ✓  143 [foundation-desktop] › tests/e2e/content-review.spec.ts:154:1 › error 展示 request ID，显式 retry 后恢复 (239ms)
  ✓  144 [foundation-desktop] › tests/e2e/content-review.spec.ts:164:1 › 375/1440 使用既有 WorkspaceShell 响应式形态 (152ms)
  ✓  145 [foundation-desktop] › tests/e2e/content-review.spec.ts:178:1 › 768/1024 保持 tabbed workspace 且内容无水平溢出 (328ms)
  ✓  146 [foundation-desktop] › tests/e2e/content-task-detail.spec.ts:7:1 › 从 Content Task List 进入，页面只以单一 Detail endpoint 绘制完整摘要 (338ms)
  ✓  147 [foundation-desktop] › tests/e2e/content-task-detail.spec.ts:25:1 › direct navigation、refresh、Back/Forward 保持 canonical Detail route (326ms)
  ✓  148 [foundation-desktop] › tests/e2e/content-task-detail.spec.ts:38:1 › compact section 没有数据时显式显示“暂无”，不触发 join API (121ms)
  ✓  149 [foundation-desktop] › tests/e2e/content-task-detail.spec.ts:46:1 › 服务端 primary_task 与 lifecycle overflow 生效，409 不重放并 canonical refetch (560ms)
  ✓  150 [foundation-desktop] › tests/e2e/content-task-detail.spec.ts:63:1 › loading、404、403 与 generic retry 都有明确状态 (419ms)
  ✓  151 [foundation-desktop] › tests/e2e/content-task-detail.spec.ts:89:1 › archived verified 与 cancelled Detail 明确只读，保留服务端 primary (266ms)
  ✓  152 [foundation-desktop] › tests/e2e/content-task-detail.spec.ts:103:1 › 375/768/1024/1440 无根横溢出，overflow 可键盘操作并返回焦点 (488ms)
  ✓  153 [foundation-desktop] › tests/e2e/content-task-list.spec.ts:5:1 › Content Tasks 由服务端 projection 驱动固定列、链接、搜索、筛选与分页 (647ms)
  ✓  154 [foundation-desktop] › tests/e2e/content-task-list.spec.ts:49:1 › Content Tasks URL 支持 direct、refresh、Back/Forward，并规范化非法参数 (317ms)
  ✓  155 [foundation-desktop] › tests/e2e/content-task-list.spec.ts:68:1 › Content lifecycle 使用服务端 token、CSRF、comment 和 revision，409 不重放 (1.2s)
  ✓  156 [foundation-desktop] › tests/e2e/content-task-list.spec.ts:102:1 › 已归档视图使用实时永久删除 preview 和精确确认文本 (615ms)
  ✓  157 [foundation-desktop] › tests/e2e/content-task-list.spec.ts:124:1 › Content Tasks 明确呈现 loading、empty、filtered empty、error 与 retry (384ms)
  ✓  158 [foundation-desktop] › tests/e2e/content-task-list.spec.ts:146:1 › Content Tasks 在目标宽度无页面级横向溢出，键盘与 Dialog 焦点可恢复 (411ms)
  -  159 [foundation-desktop] › tests/e2e/content-version-detail-real-stack.spec.ts:131:1 › 独立真实栈：单一 detail GET 读取 HUMAN 当前版本且页面无写入口
  ✓  160 [foundation-desktop] › tests/e2e/content-version-detail.spec.ts:11:1 › 从 Content Task 以键盘进入只读详情，refresh 与 Back/Forward 保持单一 detail 数据边界 (489ms)
  ✓  161 [foundation-desktop] › tests/e2e/content-version-detail.spec.ts:67:1 › HUMAN/AI 与六种 status、当前和历史版本都不生成业务动作 (591ms)
  ✓  162 [foundation-desktop] › tests/e2e/content-version-detail.spec.ts:100:1 › 缺失 Prompt/model/generation/review snapshot 与更新时间时显示诚实空态 (151ms)
  ✓  163 [foundation-desktop] › tests/e2e/content-version-detail.spec.ts:130:1 › 覆盖 loading、404、403、通用错误与 retry (487ms)
  ✓  164 [foundation-desktop] › tests/e2e/fact-history.spec.ts:11:1 › VIEW_FACT_HISTORY 进入 canonical 列表，保持服务端顺序、URL 历史与只读详情导航 (520ms)
  ✓  165 [foundation-desktop] › tests/e2e/fact-history.spec.ts:57:1 › direct navigation 覆盖 loading、empty、404、403、通用错误与 retry (470ms)
  ✓  166 [foundation-desktop] › tests/e2e/fact-history.spec.ts:88:1 › 事实历史在四档宽度无页面级横向溢出，表格区和版本链接可获得焦点 (142ms)
  ✓  167 [foundation-desktop] › tests/e2e/fact-review.spec.ts:16:1 › direct/refresh 只读一个审核 context，展示不可变 Markdown、Diff、历史并适配四档宽度 (256ms)
  ✓  168 [foundation-desktop] › tests/e2e/fact-review.spec.ts:53:1 › APPROVE 使用服务端 token、CSRF 与 expected_revision，成功后刷新 canonical context (601ms)
  ✓  169 [foundation-desktop] › tests/e2e/fact-review.spec.ts:81:1 › REQUEST_CHANGES 不从 status 推导动作，拒绝空意见并追加目标版本历史 (462ms)
  ✓  170 [foundation-desktop] › tests/e2e/fact-review.spec.ts:113:1 › 409 不重放命令，展示 request ID 并刷新最新 revision (236ms)
  ✓  171 [foundation-desktop] › tests/e2e/fact-review.spec.ts:142:1 › 覆盖 loading、empty、404、403、通用错误与 retry (577ms)
  ✓  172 [foundation-desktop] › tests/e2e/fact-version-detail.spec.ts:19:1 › 从 Product Detail 以键盘进入只读详情，refresh 保持单一 FactVersion 数据边界并适配四档宽度 (335ms)
  ✓  173 [foundation-desktop] › tests/e2e/fact-version-detail.spec.ts:66:1 › direct navigation 展示 approved、pending、changes requested，并保持返回导航与阅读焦点顺序 (321ms)
  ✓  174 [foundation-desktop] › tests/e2e/fact-version-detail.spec.ts:112:1 › productId 与 FactVersion.product_id 不一致时阻断全部 snapshot 内容 (141ms)
  ✓  175 [foundation-desktop] › tests/e2e/fact-version-detail.spec.ts:130:1 › 覆盖 loading、404、403、通用错误与 retry (486ms)
  ✓  176 [foundation-desktop] › tests/e2e/fact-workspace.spec.ts:16:1 › direct/refresh 只读取一个 workspace read model，并适配 375/768/1024/1440 (277ms)
  ✓  177 [foundation-desktop] › tests/e2e/fact-workspace.spec.ts:46:1 › DirtyGuard 保留编辑，Ctrl/Cmd+S 携带 CSRF/expected_revision 并采用 canonical response (506ms)
  ✓  178 [foundation-desktop] › tests/e2e/fact-workspace.spec.ts:73:1 › revision conflict 保留本地 Markdown，只有显式 reload 才采用服务端版本 (363ms)
  ✓  179 [foundation-desktop] › tests/e2e/fact-workspace.spec.ts:93:1 › 提交创建 PENDING_REVIEW 响应后停留工作台，并以 refetch actions 隐藏提交 (408ms)
  ✓  180 [foundation-desktop] › tests/e2e/fact-workspace.spec.ts:115:1 › 提交时 revision conflict 保留当前工作台并显示请求 ID (364ms)
  ✓  181 [foundation-desktop] › tests/e2e/fact-workspace.spec.ts:132:1 › 覆盖 loading、空 Markdown、预期错误、retry 与 RETIRED 只读状态 (498ms)
  ✓  182 [foundation-desktop] › tests/e2e/foundation-smoke.spec.ts:3:1 › production artifact 支持 App Shell 与响应式导航 (139ms)
  ✓  183 [foundation-desktop] › tests/e2e/new-content-task.spec.ts:27:1 › Content Task List Page Primary 进入可直达、刷新的三字段创建页 (316ms)
  ✓  184 [foundation-desktop] › tests/e2e/new-content-task.spec.ts:50:1 › Product Detail CREATE_CONTENT_TASK handoff 进入 URL 并经服务端资格确认后预选 (231ms)
  ✓  185 [foundation-desktop] › tests/e2e/new-content-task.spec.ts:65:1 › productId direct/refresh/Back/Forward 恢复，非法、不存在、停用和无事实都不静默改选 (2.2s)
  ✓  186 [foundation-desktop] › tests/e2e/new-content-task.spec.ts:120:1 › Product 只显示所属 approved facts，换 Product 清除旧事实，Platform 只显示活动具体平台 (1.0s)
  ✓  187 [foundation-desktop] › tests/e2e/new-content-task.spec.ts:141:1 › POST 发送精确 ContentTaskCreate 与稳定 Idempotency-Key，pending 防重，成功进入 canonical Detail (1.2s)
  ✓  188 [foundation-desktop] › tests/e2e/new-content-task.spec.ts:172:1 › 失败保留选择与同键重试，字段错误、403/404/409 与 IDEMPOTENCY_CONFLICT 显示 request ID (1.2s)
  ✓  189 [foundation-desktop] › tests/e2e/new-content-task.spec.ts:208:1 › options loading/error/retry/empty 均有明确恢复路径 (327ms)
  ✓  190 [foundation-desktop] › tests/e2e/new-content-task.spec.ts:225:1 › DirtyGuard 覆盖 Cancel (1.3s)
  ✓  191 [foundation-desktop] › tests/e2e/new-content-task.spec.ts:244:1 › DirtyGuard 覆盖浏览器 Back (809ms)
  ✓  192 [foundation-desktop] › tests/e2e/new-content-task.spec.ts:256:1 › 创建页在 375/768/1024/1440 无页面横溢出，键盘可选择且焦点可见 (341ms)
  ✓  193 [foundation-desktop] › tests/e2e/new-product.spec.ts:11:1 › Products 唯一 page Primary 进入可直达、刷新并保持导航上下文的新建页 (298ms)
  ✓  194 [foundation-desktop] › tests/e2e/new-product.spec.ts:27:1 › 客户端阻止必填和纯空白请求，并关联字段说明、错误与 ErrorSummary (154ms)
  ✓  195 [foundation-desktop] › tests/e2e/new-product.spec.ts:42:1 › POST 使用 trim body 与 CSRF，pending 防重复，成功清除 DirtyGuard 并使列表重新获取 (298ms)
  ✓  196 [foundation-desktop] › tests/e2e/new-product.spec.ts:70:1 › duplicate、字段校验与 forbidden 使用结构化位置/form summary，修正后可重试 (459ms)
  ✓  197 [foundation-desktop] › tests/e2e/new-product.spec.ts:102:1 › dirty Cancel 与浏览器返回均支持留在页面或确认离开 (901ms)
  ✓  198 [foundation-desktop] › tests/e2e/new-product.spec.ts:128:1 › 新建页在 375/1440 无页面级横向溢出，键盘可达且焦点可见 (127ms)
  ✓  199 [foundation-desktop] › tests/e2e/product-detail.spec.ts:71:1 › 从 Products 名称进入单请求详情，并支持 direct URL、refresh、Back/Forward 与导航上下文 (1.5s)
  ✓  200 [foundation-desktop] › tests/e2e/product-detail.spec.ts:94:1 › 按既定顺序展示 facts/content/publishing/GEO compact summary 与服务端已排序 Activity (171ms)
  ✓  201 [foundation-desktop] › tests/e2e/product-detail.spec.ts:116:1 › 空摘要只显示“暂无”，primary/overflow 只随服务端 token 与 projection 变化 (211ms)
  ✓  202 [foundation-desktop] › tests/e2e/product-detail.spec.ts:143:1 › UPDATE 仅发送 ProductUpdate；REVISION_CONFLICT 展示请求 ID 并刷新 canonical detail (859ms)
  ✓  203 [foundation-desktop] › tests/e2e/product-detail.spec.ts:178:1 › 删除入口消费 blocker、expected_revision；冲突刷新后可按 canonical projection 重试 (1.8s)
  ✓  204 [foundation-desktop] › tests/e2e/product-detail.spec.ts:212:1 › 明确区分 404、403、普通错误 retry，并在 375/768/1024/1440 保持键盘可达且无横向溢出 (547ms)
  -  205 [foundation-desktop] › tests/e2e/product-facts-real-stack.spec.ts:127:1 › Flow A：批准事实后展示不可变版本并交接 CREATE_CONTENT_TASK
  -  206 [foundation-desktop] › tests/e2e/product-facts-real-stack.spec.ts:209:1 › Flow B：退回后修订产生新版本，审核历史严格归属当前 FactVersion
  -  207 [foundation-desktop] › tests/e2e/product-facts-real-stack.spec.ts:297:1 › Flow C：独立 ContentTask 经人工首稿、保存后提交审核
  ✓  208 [foundation-desktop] › tests/e2e/products-list.spec.ts:3:1 › Products 列表仅以 GET projection 驱动 URL 搜索、筛选、排序和分页 (643ms)
  ✓  209 [foundation-desktop] › tests/e2e/products-list.spec.ts:44:1 › Products URL 可刷新和历史恢复，非法参数由 route schema 规范化 (466ms)
  ✓  210 [foundation-desktop] › tests/e2e/products-list.spec.ts:76:1 › Products 行只呈现服务端 primary、overflow 与删除条件 (383ms)
  ✓  211 [foundation-desktop] › tests/e2e/products-list.spec.ts:94:1 › Products 明确呈现 loading、empty、filtered empty、error 与 retry (442ms)
  ✓  212 [foundation-desktop] › tests/e2e/products-list.spec.ts:117:1 › Products 在目标宽度无页面级横向溢出且键盘焦点可操作 (407ms)
  ✓  213 [foundation-desktop] › tests/e2e/publication-work-list.spec.ts:5:1 › Publishing Work 以三个窄 endpoint 绘制四指标、Ready Queue 与固定六列 (178ms)
  ✓  214 [foundation-desktop] › tests/e2e/publication-work-list.spec.ts:28:1 › URL 支持 direct、refresh、status、pagination 与 Back/Forward，并归一非法参数 (413ms)
  ✓  215 [foundation-desktop] › tests/e2e/publication-work-list.spec.ts:50:1 › START 明确选账号、携带 CSRF/稳定 key；409 不重放，人工重试采用 canonical ID (607ms)
  ✓  216 [foundation-desktop] › tests/e2e/publication-work-list.spec.ts:81:1 › 三个 surface 状态独立，目标宽度只允许 TableRegion 局部滚动，Dialog 焦点返回 (722ms)
  -  217 [foundation-desktop] › tests/e2e/publication-workspace-real-stack.spec.ts:140:1 › Flow A：V2 UI 从开始发布连续完成成果、修复任务与问题解决
  -  218 [foundation-desktop] › tests/e2e/publication-workspace-real-stack.spec.ts:407:1 › Flow B：失败核验经内容修订审批、换版和重登记后完成发布
  -  219 [foundation-desktop] › tests/e2e/publication-workspace-real-stack.spec.ts:551:1 › Published Article：真实栈列表进入单请求只读详情
  ✓  220 [foundation-desktop] › tests/e2e/publication-workspace.spec.ts:5:1 › Workspace direct/refresh/Back/Forward 只使用六个 canonical hash (233ms)
  ✓  221 [foundation-desktop] › tests/e2e/publication-workspace.spec.ts:26:1 › Package 按点击读取，Core UI 完成 preparation/review/upload/result 并明确交接 (1.3s)
  ✓  222 [foundation-desktop] › tests/e2e/publication-workspace.spec.ts:72:1 › 409 保留输入且不重放；pending 禁止双提交 (944ms)
  ✓  223 [foundation-desktop] › tests/e2e/publication-workspace.spec.ts:97:1 › Verification 完成 fail → candidate → switch → result → pass 只读闭环 (2.8s)
  ✓  224 [foundation-desktop] › tests/e2e/publication-workspace.spec.ts:180:1 › typed 初始错误与目标宽度不产生页面横向溢出 (547ms)
  ✓  225 [foundation-desktop] › tests/e2e/published-articles.spec.ts:11:1 › 从五列成果表以键盘进入单请求只读详情 (257ms)
  ✓  226 [foundation-desktop] › tests/e2e/published-articles.spec.ts:39:1 › canonical URL 支持 search/sort/pagination、refresh 与 Back/Forward (560ms)
  ✓  227 [foundation-desktop] › tests/e2e/published-articles.spec.ts:68:1 › 列表与详情诚实处理 empty/error，四档宽度保持 readonly (560ms)
  ✓  228 [foundation-desktop] › tests/e2e/published-content-issues.spec.ts:11:1 › Issues 六列表与 Workspace 使用 canonical 单读边界 (252ms)
  ✓  229 [foundation-desktop] › tests/e2e/published-content-issues.spec.ts:27:1 › Article 登记后交接 Workspace，repair 与 resolve 保持独立 (1.3s)
  ✓  230 [foundation-desktop] › tests/e2e/published-content-issues.spec.ts:66:1 › 非法列表状态与未知 Workspace hash 被 canonicalize，页面无根横向溢出 (170ms)

  21 skipped
  209 passed (2.2m)
docker compose --env-file .env -f deploy/compose.dev.yaml config --quiet
PARTSIGNAL_BACKEND_IMAGE=partsignal-backend PARTSIGNAL_VERSION=test docker compose --env-file .env -f deploy/compose.prod.yaml config --quiet
PHASE4_GATE finished_at=2026-08-12 16:32:47 +0800
PHASE4_GATE exit_code=0
