constraint_name,table,columns_or_predicate,type,migration/model/database_contract,service_command,operation_id,current_precheck,current_integrity_handling,current_http_status_code_details,recommended_status_code_details,transaction_owner,required_tests
pk_ai_channel_headers,ai_channel_headers,id,PRIMARY KEY,backend/alembic/versions/0009_config_center.py:183-208 ; backend/app/models/ai_generation.py:29-228 ; contracts/database.md:79,ai_configuration.create_ai_channel_header; ai_configuration.update_ai_channel_header,createAIChannelHeader;updateAIChannelHeader,ai_configuration.create_ai_channel_header; ai_configuration.update_ai_channel_header: 直接构造/写入 ai_channel_headers.id；未见针对 pk_ai_channel_headers 的独立预检，数据库 PK 是 authority,ai_configuration.create_ai_channel_header; ai_configuration.update_ai_channel_header: 无 pk_ai_channel_headers 专用 diagnostics mapper；flush/commit 异常进入 errors.py:76-79 全局 IntegrityError handler,当前 HTTP owner 全局 409 REVISION_CONFLICT / 数据约束冲突（不泄漏 DB）,pk_ai_channel_headers 未有已批准领域 code；未知 PK 应 default500 或 contract-decision required，不能伪装 revision,ai_configuration.create_ai_channel_header; ai_configuration.update_ai_channel_header 的直接 command 顶层 Session（由 owner 负责 flush/commit/rollback）,真实 PostgreSQL PRIMARY KEY sentinel：pk_ai_channel_headers；仅覆盖直接 owner ai_configuration.create_ai_channel_header; ai_configuration.update_ai_channel_header / operation createAIChannelHeader;updateAIChannelHeader；断言 diagnostics/HTTP 或 worker 失败边界、rollback、无 SUCCESS audit
pk_ai_channels,ai_channels,id,PRIMARY KEY,"backend/alembic/versions/0009_config_center.py:163-182; backend/alembic/versions/0021_ai_channel_model_management.py:17-52 ; backend/app/models/ai_generation.py:29-228 ; contracts/database.md:79,169-177",ai_configuration.create_ai_channel; ai_configuration.update_ai_channel; ai_configuration.replace_ai_channel_api_key; ai_configuration.set_channel_enabled; ai_configuration.delete_ai_channel,createAIChannel;updateAIChannel;replaceAIChannelApiKey;enableAIChannel;disableAIChannel;deleteAIChannel,ai_configuration.create_ai_channel; ai_configuration.update_ai_channel; ai_configuration.replace_ai_channel_api_key; ai_configuration.set_channel_enabled; ai_configuration.delete_ai_channel: 直接构造/写入 ai_channels.id；未见针对 pk_ai_channels 的独立预检，数据库 PK 是 authority,ai_configuration.create_ai_channel; ai_configuration.update_ai_channel; ai_configuration.replace_ai_channel_api_key; ai_configuration.set_channel_enabled; ai_configuration.delete_ai_channel: 无 pk_ai_channels 专用 diagnostics mapper；flush/commit 异常进入 errors.py:76-79 全局 IntegrityError handler,当前 HTTP owner 全局 409 REVISION_CONFLICT / 数据约束冲突（不泄漏 DB）,pk_ai_channels 未有已批准领域 code；未知 PK 应 default500 或 contract-decision required，不能伪装 revision,ai_configuration.create_ai_channel; ai_configuration.update_ai_channel; ai_configuration.replace_ai_channel_api_key; ai_configuration.set_channel_enabled; ai_configuration.delete_ai_channel 的直接 command 顶层 Session（由 owner 负责 flush/commit/rollback）,真实 PostgreSQL PRIMARY KEY sentinel：pk_ai_channels；仅覆盖直接 owner ai_configuration.create_ai_channel; ai_configuration.update_ai_channel; ai_configuration.replace_ai_channel_api_key; ai_configuration.set_channel_enabled; ai_configuration.delete_ai_channel / operation createAIChannel;updateAIChannel;replaceAIChannelApiKey;enableAIChannel;disableAIChannel;deleteAIChannel；断言 diagnostics/HTTP 或 worker 失败边界、rollback、无 SUCCESS audit
pk_ai_models,ai_models,id,PRIMARY KEY,"backend/alembic/versions/0009_config_center.py:208-234 ; backend/app/models/ai_generation.py:29-228 ; contracts/database.md:79,437",ai_configuration.create_ai_model; ai_configuration.update_ai_model; ai_configuration.test_ai_model; ai_configuration.set_model_enabled; ai_configuration.delete_ai_model,createAIModel;updateAIModel;testAIModel;enableAIModel;disableAIModel;deleteAIModel,ai_configuration.create_ai_model; ai_configuration.update_ai_model; ai_configuration.test_ai_model; ai_configuration.set_model_enabled; ai_configuration.delete_ai_model: 直接构造/写入 ai_models.id；未见针对 pk_ai_models 的独立预检，数据库 PK 是 authority,ai_configuration.create_ai_model; ai_configuration.update_ai_model; ai_configuration.test_ai_model; ai_configuration.set_model_enabled; ai_configuration.delete_ai_model: 无 pk_ai_models 专用 diagnostics mapper；flush/commit 异常进入 errors.py:76-79 全局 IntegrityError handler,当前 HTTP owner 全局 409 REVISION_CONFLICT / 数据约束冲突（不泄漏 DB）,pk_ai_models 未有已批准领域 code；未知 PK 应 default500 或 contract-decision required，不能伪装 revision,ai_configuration.create_ai_model; ai_configuration.update_ai_model; ai_configuration.test_ai_model; ai_configuration.set_model_enabled; ai_configuration.delete_ai_model 的直接 command 顶层 Session（由 owner 负责 flush/commit/rollback）,真实 PostgreSQL PRIMARY KEY sentinel：pk_ai_models；仅覆盖直接 owner ai_configuration.create_ai_model; ai_configuration.update_ai_model; ai_configuration.test_ai_model; ai_configuration.set_model_enabled; ai_configuration.delete_ai_model / operation createAIModel;updateAIModel;testAIModel;enableAIModel;disableAIModel;deleteAIModel；断言 diagnostics/HTTP 或 worker 失败边界、rollback、无 SUCCESS audit
pk_audit_logs,audit_logs,id,PRIMARY KEY,"backend/alembic/versions/0001_identity_audit.py:1-120 ; backend/app/models/identity.py:28-112 ; contracts/database.md:203-211,337,460","app.audit.append_audit（间接 writer）← identity.export_users@272, identity.change_password@360, identity.create_user@399, identity.update_user/bulk_update_user_status→identity._update_user_locked@431, identity.delete_user@597, identity.reset_user_password@652, product_facts.create_product@395, product_facts.update_product@427, product_facts.delete_product@488, product_facts.delete_fact_version@560, review.transition_fact_version@283, review.transition_content_version@340, content_production.delete_content_draft@817, content_planning.create_query_topic@197, content_planning.update_query_topic@226, content_planning.delete_query_topic@264, platform_configuration.set_platform_profile_enabled@343, platform_configuration.delete_platform_type@502, platform_configuration.create_platform_prompt@615, platform_configuration.update_platform_prompt@656, platform_configuration.put_content_humanization_prompt@745, platform_configuration.delete_platform_prompt@795, platform_configuration.delete_platform_profile@903, ai_configuration.create_ai_channel@461, ai_configuration.delete_ai_channel@511, ai_configuration.create_ai_channel_header@542, ai_configuration.update_ai_channel_header@591, ai_configuration.delete_ai_channel_header@641, ai_configuration.create_ai_model@680, ai_configuration.delete_ai_model@718, ai_configuration.update_ai_channel@748, ai_configuration.replace_ai_channel_api_key@802, ai_configuration.set_channel_enabled@838, ai_configuration.update_ai_model@881, ai_configuration.set_model_enabled@1020, publication.delete_platform_account@336, publication.verify_publication_work@716, publication.permanently_delete_published_article@1097, publication.delete_content_task@1533, publication.permanently_delete_content_task@1590, geo_observation.delete_geo_observation@2557",exportUsers;changePassword;createUser;updateUser;bulkUpdateUserStatus;deleteUser;resetUserPassword;createQueryTopic;updateQueryTopic;deleteQueryTopic;createProduct;updateProduct;deleteProduct;deleteFactVersion;approveFactVersion;approveContentVersion;deleteContentDraft;deleteGeoObservation;enablePlatformProfile;disablePlatformProfile;deletePlatformType;createPlatformPrompt;updatePlatformPrompt;putContentHumanizationPrompt;deletePlatformPrompt;deletePlatformProfile;createAIChannel;deleteAIChannel;createAIChannelHeader;updateAIChannelHeader;deleteAIChannelHeader;createAIModel;deleteAIModel;updateAIChannel;replaceAIChannelApiKey;enableAIChannel;disableAIChannel;updateAIModel;enableAIModel;disableAIModel;deletePlatformAccount;verifyPublicationWork;permanentlyDeletePublishedArticle;deleteContentTask;permanentlyDeleteContentTask,append_audit.validate_audit_entry@audit.py:72-139 校验字段/敏感信息；db.add 后由上述 caller commit，DB constraint 仍是 authority,app.audit.append_audit 仅间接 db.add，不 flush/commit；各 caller 无 audit constraint 专用 catch，异常进入 errors.py:76-79 全局 handler,列出的 HTTP caller 当前未捕获 audit constraint 异常，统一返回 409 REVISION_CONFLICT / 数据约束冲突；无独立 worker caller,audit constraint 失败不应伪装 revision；需 contract-decision required，未知 default500，禁止泄漏 audit/DB details,列出的各 HTTP service caller 顶层 Session；app.audit.append_audit 是间接 writer，不拥有事务,真实 PostgreSQL PRIMARY KEY sentinel：pk_audit_logs；从真实 caller 调用 append_audit 并 commit；断言 diagnostics/HTTP 结果、rollback、无 SUCCESS audit
pk_content_humanization_prompts,content_humanization_prompts,id,PRIMARY KEY,backend/alembic/versions/0017_content_humanization.py:16-36 ; backend/app/models/configuration.py:26-125 ; contracts/database.md:129,platform_configuration.put_content_humanization_prompt,putContentHumanizationPrompt,platform_configuration.put_content_humanization_prompt: 直接构造/写入 content_humanization_prompts.id；未见针对 pk_content_humanization_prompts 的独立预检，数据库 PK 是 authority,platform_configuration.put_content_humanization_prompt: 无 pk_content_humanization_prompts 专用 diagnostics mapper；flush/commit 异常进入 errors.py:76-79 全局 IntegrityError handler,当前 HTTP owner 全局 409 REVISION_CONFLICT / 数据约束冲突（不泄漏 DB）,pk_content_humanization_prompts 未有已批准领域 code；未知 PK 应 default500 或 contract-decision required，不能伪装 revision,platform_configuration.put_content_humanization_prompt 的直接 command 顶层 Session（由 owner 负责 flush/commit/rollback）,真实 PostgreSQL PRIMARY KEY sentinel：pk_content_humanization_prompts；仅覆盖直接 owner platform_configuration.put_content_humanization_prompt / operation putContentHumanizationPrompt；断言 diagnostics/HTTP 或 worker 失败边界、rollback、无 SUCCESS audit
pk_content_review_records,content_review_records,id,PRIMARY KEY,"backend/app/migration_schema_v1.py:519-528 ; backend/app/models/content.py:28-210 ; contracts/database.md:418,455",review.transition_content_version; publication.permanently_delete_content_task,submitContentVersion;approveContentVersion;requestContentVersionChanges;permanentlyDeleteContentTask,review.transition_content_version; publication.permanently_delete_content_task: 直接构造/写入 content_review_records.id；未见针对 pk_content_review_records 的独立预检，数据库 PK 是 authority,review.transition_content_version; publication.permanently_delete_content_task: 无 pk_content_review_records 专用 diagnostics mapper；flush/commit 异常进入 errors.py:76-79 全局 IntegrityError handler,当前 HTTP owner 全局 409 REVISION_CONFLICT / 数据约束冲突（不泄漏 DB）,pk_content_review_records 未有已批准领域 code；未知 PK 应 default500 或 contract-decision required，不能伪装 revision,review.transition_content_version; publication.permanently_delete_content_task 的直接 command 顶层 Session（由 owner 负责 flush/commit/rollback）,真实 PostgreSQL PRIMARY KEY sentinel：pk_content_review_records；仅覆盖直接 owner review.transition_content_version; publication.permanently_delete_content_task / operation submitContentVersion;approveContentVersion;requestContentVersionChanges;permanentlyDeleteContentTask；断言 diagnostics/HTTP 或 worker 失败边界、rollback、无 SUCCESS audit
pk_content_task_geo_sources,content_task_geo_sources,content_task_id,PRIMARY KEY,"backend/alembic/versions/0035_business_workflow_primary_tasks.py:200-254 ; backend/app/models/content.py:28-210 ; contracts/database.md:315,459",geo_observation.create_geo_optimization_content_task; publication.permanently_delete_content_task,createGeoOptimizationContentTask;permanentlyDeleteContentTask,geo_observation.create_geo_optimization_content_task; publication.permanently_delete_content_task: 直接写入/修改/删除链按该列或触发器语义执行；未见 pk_content_task_geo_sources 专用预检，数据库 PRIMARY KEY 是 authority,geo_observation.create_geo_optimization_content_task; publication.permanently_delete_content_task: 未见按 pk_content_task_geo_sources 专用 diagnostics mapper；SQL 约束/trigger 失败由 owner rollback，HTTP 进入 errors.py:76-79 全局 handler,HTTP owner 当前未捕获时进入全局 409 REVISION_CONFLICT / 数据约束冲突（不泄漏 DB）。,pk_content_task_geo_sources：按 PostgreSQL diagnostics 精确映射；未批准领域 code 时 default500/contract-decision required，禁止错误文本映射。,geo_observation.create_geo_optimization_content_task；publication.permanently_delete_content_task 的直接 command/worker 顶层 Session（间接 helper 不拥有事务；owner 负责 flush/commit/rollback）,真实 PostgreSQL PRIMARY KEY sentinel：pk_content_task_geo_sources；仅覆盖直接 owner geo_observation.create_geo_optimization_content_task; publication.permanently_delete_content_task / operation createGeoOptimizationContentTask;permanentlyDeleteContentTask；断言 diagnostics/HTTP 或 worker 失败边界、rollback、无 SUCCESS audit
pk_content_tasks,content_tasks,id,PRIMARY KEY,"backend/app/migration_schema_v1.py:390-417; backend/alembic/versions/0025_markdown_facts_direct_platform.py:528-541; backend/alembic/versions/0035_business_workflow_primary_tasks.py:67-90 ; backend/app/models/content.py:28-210 ; contracts/database.md:37,153-159,221-225,327-341,412,419,434-435",content_planning.create_content_task; geo_observation.create_geo_optimization_content_task; publication.create_repair_task; publication.delete_content_task; publication.permanently_delete_content_task,createContentTask;createGeoOptimizationContentTask;createPublishedContentRepairTask;deleteContentTask;permanentlyDeleteContentTask,content_planning.create_content_task; geo_observation.create_geo_optimization_content_task; publication.create_repair_task; publication.delete_content_task; publication.permanently_delete_content_task: 直接写入/修改/删除链按该列或触发器语义执行；未见 pk_content_tasks 专用预检，数据库 PRIMARY KEY 是 authority,content_planning.create_content_task; geo_observation.create_geo_optimization_content_task; publication.create_repair_task; publication.delete_content_task; publication.permanently_delete_content_task: 未见按 pk_content_tasks 专用 diagnostics mapper；SQL 约束/trigger 失败由 owner rollback，HTTP 进入 errors.py:76-79 全局 handler,HTTP owner 当前未捕获时进入全局 409 REVISION_CONFLICT / 数据约束冲突（不泄漏 DB）。,pk_content_tasks：按 PostgreSQL diagnostics 精确映射；未批准领域 code 时 default500/contract-decision required，禁止错误文本映射。,content_planning.create_content_task；geo_observation.create_geo_optimization_content_task；publication.create_repair_task；publication.delete_content_task；publication.permanently_delete_content_task 的直接 command/worker 顶层 Session（间接 helper 不拥有事务；owner 负责 flush/commit/rollback）,真实 PostgreSQL PRIMARY KEY sentinel：pk_content_tasks；仅覆盖直接 owner content_planning.create_content_task; geo_observation.create_geo_optimization_content_task; publication.create_repair_task; publication.delete_content_task; publication.permanently_delete_content_task / operation createContentTask;createGeoOptimizationContentTask;createPublishedContentRepairTask;deleteContentTask;permanentlyDeleteContentTask；断言 diagnostics/HTTP 或 worker 失败边界、rollback、无 SUCCESS audit
pk_content_versions,content_versions,id,PRIMARY KEY,backend/app/migration_schema_v1.py:466-508; backend/alembic/versions/0035_business_workflow_primary_tasks.py:174-198; backend/app/models/content.py:91-150; contracts/database.md:418-421,content_production._create_human_content←create_manual_content_version/create_content_revision（INSERT）; generation.process_generation_job（INSERT）,createManualContentVersion;createContentRevision;无 HTTP operationId（generation.process_generation_job worker）,ContentVersion.id 由 ORM new_uuid default 生成；人工与 worker INSERT 均无 PK 专用预检，数据库 PK 是 authority。,人工版本 HTTP 失败由 get_db request Session 回滚，当前 235xx 进入全局 IntegrityError handler 并误报 409 REVISION_CONFLICT；worker 无 HTTP，通用异常分支回滚结果事务并持久化 Job FAILED/GENERATION_FAILED。,人工 INSERT 的 23505 当前误报 409 REVISION_CONFLICT/数据约束冲突/details={}；worker 失败不生成 HTTP 响应。,无已批准 PK 领域 code；unknown 23505 应 default500，禁止伪装 revision。,create_manual_content_version/create_content_revision 持有 request Session 并最终 commit；generation.process_generation_job 持有独立 SessionLocal，失败 rollback 后提交 Job FAILED；_create_human_content 不拥有根事务。,真实 PostgreSQL 分别在人工 HTTP INSERT 与 worker finalize 强制重复 UUID；断言 23505+pk_content_versions、无第二版本/任务指针或 revision 残留；worker 仅保留 FAILED Job。
pk_fact_review_records,fact_review_records,id,PRIMARY KEY,"backend/app/migration_schema_v1.py:330-339 ; backend/app/models/product_facts.py:27-116 ; contracts/database.md:417,455",review.transition_fact_version; product_facts.delete_fact_version,submitProductFactReview;approveFactVersion;requestFactVersionChanges;retireFactVersion;deleteFactVersion,review.transition_fact_version; product_facts.delete_fact_version: 直接写入/修改/删除链按该列或触发器语义执行；未见 pk_fact_review_records 专用预检，数据库 PRIMARY KEY 是 authority,review.transition_fact_version; product_facts.delete_fact_version: 未见按 pk_fact_review_records 专用 diagnostics mapper；失败由最终 owner rollback，异常进入全局 handler（worker 则由独立 Session 处理）,HTTP owner 当前未捕获时全局 409 REVISION_CONFLICT / 数据约束冲突（不泄漏 DB）。,pk_fact_review_records：按 PostgreSQL diagnostics 精确映射；未批准领域 code 时 default500/contract-decision required，禁止错误文本映射。,review.transition_fact_version; product_facts.delete_fact_version 的最终 flush/commit command 或独立 worker Session（间接 helper 不拥有事务）,真实 PostgreSQL PRIMARY KEY sentinel：pk_fact_review_records；仅覆盖直接 owner review.transition_fact_version; product_facts.delete_fact_version / operation submitProductFactReview;approveFactVersion;requestFactVersionChanges;retireFactVersion;deleteFactVersion；断言失败边界、rollback、无 SUCCESS audit
pk_fact_versions,fact_versions,id,PRIMARY KEY,"backend/app/migration_schema_v1.py:304-314; backend/alembic/versions/0035_business_workflow_primary_tasks.py:174-198 ; backend/app/models/product_facts.py:27-116 ; contracts/database.md:217,309,416-417",product_facts.replace_product_facts; product_facts.delete_fact_version,replaceProductFactsDraft;deleteFactVersion,product_facts.replace_product_facts; product_facts.delete_fact_version: 直接写入/修改/删除链按该列或触发器语义执行；未见 pk_fact_versions 专用预检，数据库 PRIMARY KEY 是 authority,product_facts.replace_product_facts; product_facts.delete_fact_version: 未见按 pk_fact_versions 专用 diagnostics mapper；失败由最终 owner rollback，异常进入全局 handler（worker 则由独立 Session 处理）,HTTP owner 当前未捕获时全局 409 REVISION_CONFLICT / 数据约束冲突（不泄漏 DB）。,pk_fact_versions：按 PostgreSQL diagnostics 精确映射；未批准领域 code 时 default500/contract-decision required，禁止错误文本映射。,product_facts.replace_product_facts; product_facts.delete_fact_version 的最终 flush/commit command 或独立 worker Session（间接 helper 不拥有事务）,真实 PostgreSQL PRIMARY KEY sentinel：pk_fact_versions；仅覆盖直接 owner product_facts.replace_product_facts; product_facts.delete_fact_version / operation replaceProductFactsDraft;deleteFactVersion；断言失败边界、rollback、无 SUCCESS audit
pk_file_records,file_records,id,PRIMARY KEY,"backend/app/migration_schema_v1.py:657-669; backend/alembic/versions/0008_files.py:20-30 ; backend/app/models/geo_files.py:24-125 ; contracts/database.md:65-69,431-432",file_records.create_upload_intent; platform_logo_files.create_platform_logo_candidate; file_records.cleanup_file_records,createFileUploadIntent;createPlatformLogoCandidate;无 HTTP operationId（file_records.cleanup_file_records worker）,file_records.create_upload_intent; platform_logo_files.create_platform_logo_candidate; file_records.cleanup_file_records: 直接写入/修改/删除链按该列或触发器语义执行；未见 pk_file_records 专用预检，数据库 PRIMARY KEY 是 authority,file_records.create_upload_intent; platform_logo_files.create_platform_logo_candidate; file_records.cleanup_file_records: 未见按 pk_file_records 专用 diagnostics mapper；失败由最终 owner rollback，异常进入全局 handler（worker 则由独立 Session 处理）,HTTP owner 当前未捕获时全局 409 REVISION_CONFLICT；worker 无 HTTP operationId，失败由 worker Session rollback/FAILED 记录。,pk_file_records：按 PostgreSQL diagnostics 精确映射；未批准领域 code 时 default500/contract-decision required，禁止错误文本映射。,file_records.create_upload_intent; platform_logo_files.create_platform_logo_candidate; file_records.cleanup_file_records 的最终 flush/commit command 或独立 worker Session（间接 helper 不拥有事务）,真实 PostgreSQL PRIMARY KEY sentinel：pk_file_records；仅覆盖直接 owner file_records.create_upload_intent; platform_logo_files.create_platform_logo_candidate; file_records.cleanup_file_records / operation createFileUploadIntent;createPlatformLogoCandidate;无 HTTP operationId（file_records.cleanup_file_records worker）；断言失败边界、rollback、无 SUCCESS audit
pk_generation_jobs,generation_jobs,id,PRIMARY KEY,"backend/app/migration_schema_v1.py:426-465; backend/alembic/versions/0009_config_center.py:244-280; backend/alembic/versions/0011_generation_reliability.py:22-34 ; backend/app/models/ai_generation.py:29-228 ; contracts/database.md:43,81,91,129,436-440",content_production.create_generation_job; content_production.create_humanization_job; content_production.retry_generation_job; publication.permanently_delete_content_task,createGenerationJob;createHumanizationJob;retryGenerationJob;permanentlyDeleteContentTask,content_production.create_generation_job; content_production.create_humanization_job; content_production.retry_generation_job; publication.permanently_delete_content_task: 直接写入/修改/删除链按该约束列或触发器语义执行；未见 pk_generation_jobs 专用预检，数据库 PRIMARY KEY 是 authority,content_production.create_generation_job; content_production.create_humanization_job; content_production.retry_generation_job; publication.permanently_delete_content_task: 未见按 pk_generation_jobs 专用 diagnostics mapper；失败由最终 owner rollback，异常进入全局 handler（worker 则由独立 Session 处理）,HTTP owner 当前未捕获时全局 409 REVISION_CONFLICT / 数据约束冲突（不泄漏 DB）。,pk_generation_jobs：按 PostgreSQL diagnostics 精确映射；未批准领域 code 时 default500/contract-decision required，禁止错误文本映射。,content_production.create_generation_job; content_production.create_humanization_job; content_production.retry_generation_job; publication.permanently_delete_content_task 的最终 flush/commit command 或独立 worker Session（间接 helper 不拥有事务）,真实 PostgreSQL PRIMARY KEY sentinel：pk_generation_jobs；仅覆盖直接 owner content_production.create_generation_job; content_production.create_humanization_job; content_production.retry_generation_job; publication.permanently_delete_content_task / operation createGenerationJob;createHumanizationJob;retryGenerationJob;permanentlyDeleteContentTask；断言失败边界、rollback、无 SUCCESS audit
pk_geo_observation_attachments,geo_observation_attachments,"observation_id,file_id",PRIMARY KEY,"backend/app/migration_schema_v1.py:680-704; backend/alembic/versions/0008_files.py:25-30 ; backend/app/models/geo_files.py:24-125 ; contracts/database.md:69,267-269,432",geo_observation.create_geo_observation; geo_observation.delete_geo_observation; publication.permanently_delete_content_task,createGeoObservation;deleteGeoObservation;permanentlyDeleteContentTask,geo_observation.create_geo_observation; geo_observation.delete_geo_observation; publication.permanently_delete_content_task: 直接写入/修改/删除链按该约束列或触发器语义执行；未见 pk_geo_observation_attachments 专用预检，数据库 PRIMARY KEY 是 authority,geo_observation.create_geo_observation; geo_observation.delete_geo_observation; publication.permanently_delete_content_task: 未见按 pk_geo_observation_attachments 专用 diagnostics mapper；失败由最终 owner rollback，异常进入全局 handler（worker 则由独立 Session 处理）,HTTP owner 当前未捕获时全局 409 REVISION_CONFLICT / 数据约束冲突（不泄漏 DB）。,pk_geo_observation_attachments：按 PostgreSQL diagnostics 精确映射；未批准领域 code 时 default500/contract-decision required，禁止错误文本映射。,geo_observation.create_geo_observation; geo_observation.delete_geo_observation; publication.permanently_delete_content_task 的最终 flush/commit command 或独立 worker Session（间接 helper 不拥有事务）,真实 PostgreSQL PRIMARY KEY sentinel：pk_geo_observation_attachments；仅覆盖直接 owner geo_observation.create_geo_observation; geo_observation.delete_geo_observation; publication.permanently_delete_content_task / operation createGeoObservation;deleteGeoObservation;permanentlyDeleteContentTask；断言失败边界、rollback、无 SUCCESS audit
pk_geo_observation_citations,geo_observation_citations,id,PRIMARY KEY,"backend/app/migration_schema_v1.py:628-637; backend/alembic/versions/0034_publication_workflow_redesign.py:729-736; backend/alembic/versions/0037_simplify_deletion_lifecycle.py:194-199 ; backend/app/models/geo_files.py:24-125 ; contracts/database.md:305,333,457-458",geo_observation.create_geo_observation; geo_observation.delete_geo_observation; publication.permanently_delete_content_task,createGeoObservation;deleteGeoObservation;permanentlyDeleteContentTask,geo_observation.create_geo_observation; geo_observation.delete_geo_observation; publication.permanently_delete_content_task: 直接写入/修改/删除链按该约束列或触发器语义执行；未见 pk_geo_observation_citations 专用预检，数据库 PRIMARY KEY 是 authority,geo_observation.create_geo_observation; geo_observation.delete_geo_observation; publication.permanently_delete_content_task: 未见按 pk_geo_observation_citations 专用 diagnostics mapper；失败由最终 owner rollback，异常进入全局 handler（worker 则由独立 Session 处理）,HTTP owner 当前未捕获时全局 409 REVISION_CONFLICT / 数据约束冲突（不泄漏 DB）。,pk_geo_observation_citations：按 PostgreSQL diagnostics 精确映射；未批准领域 code 时 default500/contract-decision required，禁止错误文本映射。,geo_observation.create_geo_observation; geo_observation.delete_geo_observation; publication.permanently_delete_content_task 的最终 flush/commit command 或独立 worker Session（间接 helper 不拥有事务）,真实 PostgreSQL PRIMARY KEY sentinel：pk_geo_observation_citations；仅覆盖直接 owner geo_observation.create_geo_observation; geo_observation.delete_geo_observation; publication.permanently_delete_content_task / operation createGeoObservation;deleteGeoObservation;permanentlyDeleteContentTask；断言失败边界、rollback、无 SUCCESS audit
pk_geo_observation_publications,geo_observation_publications,"observation_id,published_article_id",PRIMARY KEY,"backend/app/migration_schema_v1.py:643-652; backend/alembic/versions/0034_publication_workflow_redesign.py:737-743; backend/alembic/versions/0037_simplify_deletion_lifecycle.py:200-206 ; backend/app/models/geo_files.py:24-125 ; contracts/database.md:305,333,457-458",geo_observation.create_geo_observation; geo_observation.delete_geo_observation; publication.permanently_delete_content_task,createGeoObservation;deleteGeoObservation;permanentlyDeleteContentTask,geo_observation.create_geo_observation; geo_observation.delete_geo_observation; publication.permanently_delete_content_task: 直接写入/修改/删除链按该约束列或触发器语义执行；未见 pk_geo_observation_publications 专用预检，数据库 PRIMARY KEY 是 authority,geo_observation.create_geo_observation; geo_observation.delete_geo_observation; publication.permanently_delete_content_task: 未见按 pk_geo_observation_publications 专用 diagnostics mapper；失败由最终 owner rollback，异常进入全局 handler（worker 则由独立 Session 处理）,HTTP owner 当前未捕获时全局 409 REVISION_CONFLICT / 数据约束冲突（不泄漏 DB）。,pk_geo_observation_publications：按 PostgreSQL diagnostics 精确映射；未批准领域 code 时 default500/contract-decision required，禁止错误文本映射。,geo_observation.create_geo_observation; geo_observation.delete_geo_observation; publication.permanently_delete_content_task 的最终 flush/commit command 或独立 worker Session（间接 helper 不拥有事务）,真实 PostgreSQL PRIMARY KEY sentinel：pk_geo_observation_publications；仅覆盖直接 owner geo_observation.create_geo_observation; geo_observation.delete_geo_observation; publication.permanently_delete_content_task / operation createGeoObservation;deleteGeoObservation;permanentlyDeleteContentTask；断言失败边界、rollback、无 SUCCESS audit
pk_geo_observations,geo_observations,id,PRIMARY KEY,"backend/app/migration_schema_v1.py:596-619; backend/alembic/versions/0007_geo_observation.py:1-40 ; backend/app/models/geo_files.py:24-125 ; contracts/database.md:63,185,457-459",geo_observation.create_geo_observation; geo_observation.delete_geo_observation; publication.permanently_delete_content_task,createGeoObservation;deleteGeoObservation;permanentlyDeleteContentTask,geo_observation.create_geo_observation; geo_observation.delete_geo_observation; publication.permanently_delete_content_task: 直接写入/修改/删除链按该约束列或触发器语义执行；未见 pk_geo_observations 专用预检，数据库 PRIMARY KEY 是 authority,geo_observation.create_geo_observation; geo_observation.delete_geo_observation; publication.permanently_delete_content_task: 未见按 pk_geo_observations 专用 diagnostics mapper；失败由最终 owner rollback，异常进入全局 handler（worker 则由独立 Session 处理）,HTTP owner 当前未捕获时全局 409 REVISION_CONFLICT / 数据约束冲突（不泄漏 DB）。,pk_geo_observations：按 PostgreSQL diagnostics 精确映射；未批准领域 code 时 default500/contract-decision required，禁止错误文本映射。,geo_observation.create_geo_observation; geo_observation.delete_geo_observation; publication.permanently_delete_content_task 的最终 flush/commit command 或独立 worker Session（间接 helper 不拥有事务）,真实 PostgreSQL PRIMARY KEY sentinel：pk_geo_observations；仅覆盖直接 owner geo_observation.create_geo_observation; geo_observation.delete_geo_observation; publication.permanently_delete_content_task / operation createGeoObservation;deleteGeoObservation;permanentlyDeleteContentTask；断言失败边界、rollback、无 SUCCESS audit
pk_platform_accounts,platform_accounts,id,PRIMARY KEY,"backend/alembic/versions/0026_publication_account_dedup.py:47-71 ; backend/app/models/publication.py:28-290 ; contracts/database.md:201,335,446",publication.create_platform_account; publication.update_platform_account; publication.set_platform_account_enabled; publication.delete_platform_account,createPlatformAccount;updatePlatformAccount;enablePlatformAccount;disablePlatformAccount;deletePlatformAccount,publication.create_platform_account; publication.update_platform_account; publication.set_platform_account_enabled; publication.delete_platform_account: 直接构造/写入 platform_accounts.id；未见针对 pk_platform_accounts 的独立预检，数据库 PK 是 authority,publication.create_platform_account; publication.update_platform_account; publication.set_platform_account_enabled; publication.delete_platform_account: 无 pk_platform_accounts 专用 diagnostics mapper；flush/commit 异常进入 errors.py:76-79 全局 IntegrityError handler,当前 HTTP owner 全局 409 REVISION_CONFLICT / 数据约束冲突（不泄漏 DB）,pk_platform_accounts 未有已批准领域 code；未知 PK 应 default500 或 contract-decision required，不能伪装 revision,publication.create_platform_account; publication.update_platform_account; publication.set_platform_account_enabled; publication.delete_platform_account 的直接 command 顶层 Session（由 owner 负责 flush/commit/rollback）,真实 PostgreSQL PRIMARY KEY sentinel：pk_platform_accounts；仅覆盖直接 owner publication.create_platform_account; publication.update_platform_account; publication.set_platform_account_enabled; publication.delete_platform_account / operation createPlatformAccount;updatePlatformAccount;enablePlatformAccount;disablePlatformAccount;deletePlatformAccount；断言 diagnostics/HTTP 或 worker 失败边界、rollback、无 SUCCESS audit
pk_platform_profiles,platform_profiles,id,PRIMARY KEY,"backend/app/migration_schema_v1.py:362-381; backend/alembic/versions/0009_config_center.py:847-855; backend/alembic/versions/0031_reusable_platform_prompts.py:45-56 ; backend/app/models/configuration.py:26-125 ; contracts/database.md:193-201,221-225,431",content_planning.create_platform_profile; platform_configuration.delete_platform_profile,createPlatformProfile;deletePlatformProfile,content_planning.create_platform_profile; platform_configuration.delete_platform_profile: 直接写入/修改/删除链按该约束列或触发器语义执行；未见 pk_platform_profiles 专用预检，数据库 PRIMARY KEY 是 authority,content_planning.create_platform_profile; platform_configuration.delete_platform_profile: 未见按 pk_platform_profiles 专用 diagnostics mapper；失败由最终 owner rollback，异常进入全局 handler（worker 则由独立 Session 处理）,HTTP owner 当前未捕获时全局 409 REVISION_CONFLICT / 数据约束冲突（不泄漏 DB）。,pk_platform_profiles：按 PostgreSQL diagnostics 精确映射；未批准领域 code 时 default500/contract-decision required，禁止错误文本映射。,content_planning.create_platform_profile; platform_configuration.delete_platform_profile 的最终 flush/commit command 或独立 worker Session（间接 helper 不拥有事务）,真实 PostgreSQL PRIMARY KEY sentinel：pk_platform_profiles；仅覆盖直接 owner content_planning.create_platform_profile; platform_configuration.delete_platform_profile / operation createPlatformProfile;deletePlatformProfile；断言失败边界、rollback、无 SUCCESS audit
pk_platform_prompt_templates,platform_prompts,id,PRIMARY KEY,backend/alembic/versions/0031_reusable_platform_prompts.py:16-56 ; backend/app/models/configuration.py:26-125 ; contracts/database.md:281-285,platform_configuration.create_platform_prompt; platform_configuration.update_platform_prompt; platform_configuration.delete_platform_prompt,createPlatformPrompt;updatePlatformPrompt;deletePlatformPrompt,platform_configuration.create_platform_prompt; platform_configuration.update_platform_prompt; platform_configuration.delete_platform_prompt: 直接构造/写入 platform_prompts.id；未见针对 pk_platform_prompt_templates 的独立预检，数据库 PK 是 authority,platform_configuration.create_platform_prompt; platform_configuration.update_platform_prompt; platform_configuration.delete_platform_prompt: 无 pk_platform_prompt_templates 专用 diagnostics mapper；flush/commit 异常进入 errors.py:76-79 全局 IntegrityError handler,当前 HTTP owner 全局 409 REVISION_CONFLICT / 数据约束冲突（不泄漏 DB）,pk_platform_prompt_templates 未有已批准领域 code；未知 PK 应 default500 或 contract-decision required，不能伪装 revision,platform_configuration.create_platform_prompt; platform_configuration.update_platform_prompt; platform_configuration.delete_platform_prompt 的直接 command 顶层 Session（由 owner 负责 flush/commit/rollback）,真实 PostgreSQL PRIMARY KEY sentinel：pk_platform_prompt_templates；仅覆盖直接 owner platform_configuration.create_platform_prompt; platform_configuration.update_platform_prompt; platform_configuration.delete_platform_prompt / operation createPlatformPrompt;updatePlatformPrompt;deletePlatformPrompt；断言 diagnostics/HTTP 或 worker 失败边界、rollback、无 SUCCESS audit
pk_platform_types,platform_types,id,PRIMARY KEY,backend/alembic/versions/0009_config_center.py:818-828 ; backend/app/models/configuration.py:26-125 ; contracts/database.md:77,platform_configuration.create_platform_type; platform_configuration.update_platform_type; platform_configuration.delete_platform_type,createPlatformType;updatePlatformType;deletePlatformType,platform_configuration.create_platform_type; platform_configuration.update_platform_type; platform_configuration.delete_platform_type: 直接构造/写入 platform_types.id；未见针对 pk_platform_types 的独立预检，数据库 PK 是 authority,platform_configuration.create_platform_type; platform_configuration.update_platform_type; platform_configuration.delete_platform_type: 无 pk_platform_types 专用 diagnostics mapper；flush/commit 异常进入 errors.py:76-79 全局 IntegrityError handler,当前 HTTP owner 全局 409 REVISION_CONFLICT / 数据约束冲突（不泄漏 DB）,pk_platform_types 未有已批准领域 code；未知 PK 应 default500 或 contract-decision required，不能伪装 revision,platform_configuration.create_platform_type; platform_configuration.update_platform_type; platform_configuration.delete_platform_type 的直接 command 顶层 Session（由 owner 负责 flush/commit/rollback）,真实 PostgreSQL PRIMARY KEY sentinel：pk_platform_types；仅覆盖直接 owner platform_configuration.create_platform_type; platform_configuration.update_platform_type; platform_configuration.delete_platform_type / operation createPlatformType;updatePlatformType;deletePlatformType；断言 diagnostics/HTTP 或 worker 失败边界、rollback、无 SUCCESS audit
pk_products,products,id,PRIMARY KEY,"backend/alembic/versions/0002_product_facts.py:1-130; backend/alembic/versions/0025_markdown_facts_direct_platform.py:491-526 ; backend/app/models/product_facts.py:27-116 ; contracts/database.md:217,411,415",product_facts.create_product; product_facts.update_product; product_facts.replace_product_facts,createProduct;updateProduct;replaceProductFactsDraft,product_facts.create_product; product_facts.update_product; product_facts.replace_product_facts: 直接构造/写入 products.id；未见针对 pk_products 的独立预检，数据库 PK 是 authority,product_facts.create_product; product_facts.update_product; product_facts.replace_product_facts: 无 pk_products 专用 diagnostics mapper；flush/commit 异常进入 errors.py:76-79 全局 IntegrityError handler,当前 HTTP owner 全局 409 REVISION_CONFLICT / 数据约束冲突（不泄漏 DB）,pk_products 未有已批准领域 code；未知 PK 应 default500 或 contract-decision required，不能伪装 revision,product_facts.create_product; product_facts.update_product; product_facts.replace_product_facts 的直接 command 顶层 Session（由 owner 负责 flush/commit/rollback）,真实 PostgreSQL PRIMARY KEY sentinel：pk_products；仅覆盖直接 owner product_facts.create_product; product_facts.update_product; product_facts.replace_product_facts / operation createProduct;updateProduct;replaceProductFactsDraft；断言 diagnostics/HTTP 或 worker 失败边界、rollback、无 SUCCESS audit
pk_publication_attachments,publication_attachments,"publication_work_id,file_id",PRIMARY KEY,"backend/alembic/versions/0034_publication_workflow_redesign.py:330-351 ; backend/app/models/publication.py:28-290 ; contracts/database.md:299,305,432,453",publication.create_publication_work; publication.permanently_delete_published_article; publication.permanently_delete_content_task,createPublicationWork;permanentlyDeletePublishedArticle;permanentlyDeleteContentTask,publication.create_publication_work; publication.permanently_delete_published_article; publication.permanently_delete_content_task: 直接写入/修改/删除链按该列或触发器语义执行；未见 pk_publication_attachments 专用预检，数据库 PRIMARY KEY 是 authority,publication.create_publication_work; publication.permanently_delete_published_article; publication.permanently_delete_content_task: 未见按 pk_publication_attachments 专用 diagnostics mapper；失败由最终 owner rollback，异常进入全局 handler（worker 则由独立 Session 处理）,HTTP owner 当前未捕获时全局 409 REVISION_CONFLICT / 数据约束冲突（不泄漏 DB）。,pk_publication_attachments：按 PostgreSQL diagnostics 精确映射；未批准领域 code 时 default500/contract-decision required，禁止错误文本映射。,publication.create_publication_work; publication.permanently_delete_published_article; publication.permanently_delete_content_task 的最终 flush/commit command 或独立 worker Session（间接 helper 不拥有事务）,真实 PostgreSQL PRIMARY KEY sentinel：pk_publication_attachments；仅覆盖直接 owner publication.create_publication_work; publication.permanently_delete_published_article; publication.permanently_delete_content_task / operation createPublicationWork;permanentlyDeletePublishedArticle;permanentlyDeleteContentTask；断言失败边界、rollback、无 SUCCESS audit
pk_publication_verifications,publication_verifications,id,PRIMARY KEY,"backend/alembic/versions/0034_publication_workflow_redesign.py:188-232; backend/alembic/versions/0035_business_workflow_primary_tasks.py:141-170 ; backend/app/models/publication.py:28-290 ; contracts/database.md:303,448-451",publication.verify_publication_work; publication.permanently_delete_published_article; publication.permanently_delete_content_task,verifyPublicationWork;permanentlyDeletePublishedArticle;permanentlyDeleteContentTask,publication.verify_publication_work; publication.permanently_delete_published_article; publication.permanently_delete_content_task: 直接写入/修改/删除链按该列或触发器语义执行；未见 pk_publication_verifications 专用预检，数据库 PRIMARY KEY 是 authority,publication.verify_publication_work; publication.permanently_delete_published_article; publication.permanently_delete_content_task: 未见按 pk_publication_verifications 专用 diagnostics mapper；失败由最终 owner rollback，异常进入全局 handler（worker 则由独立 Session 处理）,HTTP owner 当前未捕获时全局 409 REVISION_CONFLICT / 数据约束冲突（不泄漏 DB）。,pk_publication_verifications：按 PostgreSQL diagnostics 精确映射；未批准领域 code 时 default500/contract-decision required，禁止错误文本映射。,publication.verify_publication_work; publication.permanently_delete_published_article; publication.permanently_delete_content_task 的最终 flush/commit command 或独立 worker Session（间接 helper 不拥有事务）,真实 PostgreSQL PRIMARY KEY sentinel：pk_publication_verifications；仅覆盖直接 owner publication.verify_publication_work; publication.permanently_delete_published_article; publication.permanently_delete_content_task / operation verifyPublicationWork;permanentlyDeletePublishedArticle;permanentlyDeleteContentTask；断言失败边界、rollback、无 SUCCESS audit
pk_publication_work_events,publication_work_events,id,PRIMARY KEY,"backend/alembic/versions/0034_publication_workflow_redesign.py:159-187; backend/alembic/versions/0035_business_workflow_primary_tasks.py:123-139 ; backend/app/models/publication.py:28-290 ; contracts/database.md:303,313,448,453",publication._work_event←create_publication_work/update_publication_preparation/mark_publication_platform_review/register_publication_result/switch_publication_content_version/verify_publication_work/close_publication_work; publication.permanently_delete_published_article; publication.permanently_delete_content_task,createPublicationWork;updatePublicationPreparation;markPublicationPlatformReview;registerPublicationResult;switchPublicationContentVersion;verifyPublicationWork;closePublicationWork;permanentlyDeletePublishedArticle;permanentlyDeleteContentTask,publication._work_event←create_publication_work/update_publication_preparation/mark_publication_platform_review/register_publication_result/switch_publication_content_version/verify_publication_work/close_publication_work; publication.permanently_delete_published_article; publication.permanently_delete_content_task: 直接写入/修改/删除链按该列或触发器语义执行；未见 pk_publication_work_events 专用预检，数据库 PRIMARY KEY 是 authority,publication._work_event←create_publication_work/update_publication_preparation/mark_publication_platform_review/register_publication_result/switch_publication_content_version/verify_publication_work/close_publication_work; publication.permanently_delete_published_article; publication.permanently_delete_content_task: 未见按 pk_publication_work_events 专用 diagnostics mapper；失败由最终 owner rollback，异常进入全局 handler（worker 则由独立 Session 处理）,HTTP owner 当前未捕获时全局 409 REVISION_CONFLICT / 数据约束冲突（不泄漏 DB）。,pk_publication_work_events：按 PostgreSQL diagnostics 精确映射；未批准领域 code 时 default500/contract-decision required，禁止错误文本映射。,publication._work_event←create_publication_work/update_publication_preparation/mark_publication_platform_review/register_publication_result/switch_publication_content_version/verify_publication_work/close_publication_work; publication.permanently_delete_published_article; publication.permanently_delete_content_task 的最终 flush/commit command 或独立 worker Session（间接 helper 不拥有事务）,真实 PostgreSQL PRIMARY KEY sentinel：pk_publication_work_events；仅覆盖直接 owner publication._work_event←create_publication_work/update_publication_preparation/mark_publication_platform_review/register_publication_result/switch_publication_content_version/verify_publication_work/close_publication_work; publication.permanently_delete_published_article; publication.permanently_delete_content_task / operation createPublicationWork;updatePublicationPreparation;markPublicationPlatformReview;registerPublicationResult;switchPublicationContentVersion;verifyPublicationWork;closePublicationWork;permanentlyDeletePublishedArticle;permanentlyDeleteContentTask；断言失败边界、rollback、无 SUCCESS audit
pk_publication_works,publication_works,id,PRIMARY KEY,"backend/alembic/versions/0034_publication_workflow_redesign.py:49-158; backend/alembic/versions/0035_business_workflow_primary_tasks.py:83-121; backend/alembic/versions/0037_simplify_deletion_lifecycle.py:166-185 ; backend/app/models/publication.py:28-290 ; contracts/database.md:329,333,434-448",publication.create_publication_work; publication.permanently_delete_published_article; publication.permanently_delete_content_task,createPublicationWork;permanentlyDeletePublishedArticle;permanentlyDeleteContentTask,publication.create_publication_work; publication.permanently_delete_published_article; publication.permanently_delete_content_task: 直接写入/修改/删除链按该列或触发器语义执行；未见 pk_publication_works 专用预检，数据库 PRIMARY KEY 是 authority,publication.create_publication_work; publication.permanently_delete_published_article; publication.permanently_delete_content_task: 未见按 pk_publication_works 专用 diagnostics mapper；失败由最终 owner rollback，异常进入全局 handler（worker 则由独立 Session 处理）,HTTP owner 当前未捕获时全局 409 REVISION_CONFLICT / 数据约束冲突（不泄漏 DB）。,pk_publication_works：按 PostgreSQL diagnostics 精确映射；未批准领域 code 时 default500/contract-decision required，禁止错误文本映射。,publication.create_publication_work; publication.permanently_delete_published_article; publication.permanently_delete_content_task 的最终 flush/commit command 或独立 worker Session（间接 helper 不拥有事务）,真实 PostgreSQL PRIMARY KEY sentinel：pk_publication_works；仅覆盖直接 owner publication.create_publication_work; publication.permanently_delete_published_article; publication.permanently_delete_content_task / operation createPublicationWork;permanentlyDeletePublishedArticle;permanentlyDeleteContentTask；断言失败边界、rollback、无 SUCCESS audit
pk_published_articles,published_articles,id,PRIMARY KEY,"backend/alembic/versions/0034_publication_workflow_redesign.py:233-254 ; backend/app/models/publication.py:28-290 ; contracts/database.md:303,451-453",publication.verify_publication_work; publication.permanently_delete_published_article; publication.permanently_delete_content_task,verifyPublicationWork;permanentlyDeletePublishedArticle;permanentlyDeleteContentTask,publication.verify_publication_work; publication.permanently_delete_published_article; publication.permanently_delete_content_task: 直接写入/修改/删除链按该列或触发器语义执行；未见 pk_published_articles 专用预检，数据库 PRIMARY KEY 是 authority,publication.verify_publication_work; publication.permanently_delete_published_article; publication.permanently_delete_content_task: 未见按 pk_published_articles 专用 diagnostics mapper；失败由最终 owner rollback，异常进入全局 handler（worker 则由独立 Session 处理）,HTTP owner 当前未捕获时全局 409 REVISION_CONFLICT / 数据约束冲突（不泄漏 DB）。,pk_published_articles：按 PostgreSQL diagnostics 精确映射；未批准领域 code 时 default500/contract-decision required，禁止错误文本映射。,publication.verify_publication_work; publication.permanently_delete_published_article; publication.permanently_delete_content_task 的最终 flush/commit command 或独立 worker Session（间接 helper 不拥有事务）,真实 PostgreSQL PRIMARY KEY sentinel：pk_published_articles；仅覆盖直接 owner publication.verify_publication_work; publication.permanently_delete_published_article; publication.permanently_delete_content_task / operation verifyPublicationWork;permanentlyDeletePublishedArticle;permanentlyDeleteContentTask；断言失败边界、rollback、无 SUCCESS audit
pk_published_content_issues,published_content_issues,id,PRIMARY KEY,"backend/alembic/versions/0034_publication_workflow_redesign.py:255-329 ; backend/app/models/publication.py:28-290 ; contracts/database.md:303,333,454",publication.open_published_content_issue; publication.resolve_published_content_issue; publication.permanently_delete_published_article; publication.permanently_delete_content_task,openPublishedContentIssue;resolvePublishedContentIssue;permanentlyDeletePublishedArticle;permanentlyDeleteContentTask,publication.open_published_content_issue; publication.resolve_published_content_issue; publication.permanently_delete_published_article; publication.permanently_delete_content_task: 直接写入/修改/删除链按该列或触发器语义执行；未见 pk_published_content_issues 专用预检，数据库 PRIMARY KEY 是 authority,publication.open_published_content_issue; publication.resolve_published_content_issue; publication.permanently_delete_published_article; publication.permanently_delete_content_task: 未见按 pk_published_content_issues 专用 diagnostics mapper；失败由最终 owner rollback，异常进入全局 handler（worker 则由独立 Session 处理）,HTTP owner 当前未捕获时全局 409 REVISION_CONFLICT / 数据约束冲突（不泄漏 DB）。,pk_published_content_issues：按 PostgreSQL diagnostics 精确映射；未批准领域 code 时 default500/contract-decision required，禁止错误文本映射。,publication.open_published_content_issue; publication.resolve_published_content_issue; publication.permanently_delete_published_article; publication.permanently_delete_content_task 的最终 flush/commit command 或独立 worker Session（间接 helper 不拥有事务）,真实 PostgreSQL PRIMARY KEY sentinel：pk_published_content_issues；仅覆盖直接 owner publication.open_published_content_issue; publication.resolve_published_content_issue; publication.permanently_delete_published_article; publication.permanently_delete_content_task / operation openPublishedContentIssue;resolvePublishedContentIssue;permanentlyDeletePublishedArticle;permanentlyDeleteContentTask；断言失败边界、rollback、无 SUCCESS audit
pk_query_topics,query_topics,id,PRIMARY KEY,"backend/app/migration_schema_v1.py:348-356 ; backend/app/models/configuration.py:26-125 ; contracts/database.md:153-159,185",content_planning.create_query_topic; content_planning.update_query_topic; content_planning.delete_query_topic,createQueryTopic;updateQueryTopic;deleteQueryTopic,content_planning.create_query_topic; content_planning.update_query_topic; content_planning.delete_query_topic: 直接构造/写入 query_topics.id；未见针对 pk_query_topics 的独立预检，数据库 PK 是 authority,content_planning.create_query_topic; content_planning.update_query_topic; content_planning.delete_query_topic: 无 pk_query_topics 专用 diagnostics mapper；flush/commit 异常进入 errors.py:76-79 全局 IntegrityError handler,当前 HTTP owner 全局 409 REVISION_CONFLICT / 数据约束冲突（不泄漏 DB）,pk_query_topics 未有已批准领域 code；未知 PK 应 default500 或 contract-decision required，不能伪装 revision,content_planning.create_query_topic; content_planning.update_query_topic; content_planning.delete_query_topic 的直接 command 顶层 Session（由 owner 负责 flush/commit/rollback）,真实 PostgreSQL PRIMARY KEY sentinel：pk_query_topics；仅覆盖直接 owner content_planning.create_query_topic; content_planning.update_query_topic; content_planning.delete_query_topic / operation createQueryTopic;updateQueryTopic;deleteQueryTopic；断言 diagnostics/HTTP 或 worker 失败边界、rollback、无 SUCCESS audit
pk_sessions,sessions,id,PRIMARY KEY,"backend/alembic/versions/0001_identity_audit.py:1-120 ; backend/app/models/identity.py:28-112 ; contracts/database.md:73,424",identity.login,login,identity.login: 直接写入/修改/删除链按该列或触发器语义执行；未见 pk_sessions 专用预检，数据库 PRIMARY KEY 是 authority,identity.login: 未见按 pk_sessions 专用 diagnostics mapper；失败由最终 owner rollback，异常进入全局 handler（worker 则由独立 Session 处理）,HTTP owner 当前未捕获时全局 409 REVISION_CONFLICT / 数据约束冲突（不泄漏 DB）。,pk_sessions：按 PostgreSQL diagnostics 精确映射；未批准领域 code 时 default500/contract-decision required，禁止错误文本映射。,identity.login 的最终 flush/commit command 或独立 worker Session（间接 helper 不拥有事务）,真实 PostgreSQL PRIMARY KEY sentinel：pk_sessions；仅覆盖直接 owner identity.login / operation login；断言失败边界、rollback、无 SUCCESS audit
pk_users,users,id,PRIMARY KEY,"backend/alembic/versions/0001_identity_audit.py:1-120 ; backend/app/models/identity.py:28-112 ; contracts/database.md:73-75,409-424",identity.create_user; identity.delete_user,createUser;deleteUser,identity.create_user; identity.delete_user: 直接写入/修改/删除链按该列或触发器语义执行；未见 pk_users 专用预检，数据库 PRIMARY KEY 是 authority,identity.create_user; identity.delete_user: 未见按 pk_users 专用 diagnostics mapper；失败由最终 owner rollback，异常进入全局 handler（worker 则由独立 Session 处理）,HTTP owner 当前未捕获时全局 409 REVISION_CONFLICT / 数据约束冲突（不泄漏 DB）。,pk_users：按 PostgreSQL diagnostics 精确映射；未批准领域 code 时 default500/contract-decision required，禁止错误文本映射。,identity.create_user; identity.delete_user 的最终 flush/commit command 或独立 worker Session（间接 helper 不拥有事务）,真实 PostgreSQL PRIMARY KEY sentinel：pk_users；仅覆盖直接 owner identity.create_user; identity.delete_user / operation createUser;deleteUser；断言失败边界、rollback、无 SUCCESS audit
fk_ai_channel_headers_channel_id_ai_channels,ai_channel_headers,channel_id -> ai_channels.id [CASCADE],FOREIGN KEY,backend/alembic/versions/0009_config_center.py:183-208 ; backend/app/models/ai_generation.py:29-228 ; contracts/database.md:79,ai_configuration.create_ai_channel_header; ai_configuration.update_ai_channel_header,createAIChannelHeader;updateAIChannelHeader,ai_configuration.create_ai_channel_header; ai_configuration.update_ai_channel_header: 直接写入/删除链对 ai_channels.id [CASCADE] 的加载或锁定仅作业务门禁；未见针对 fk_ai_channel_headers_channel_id_ai_channels 的 conname 预检，FK 仍是 authority,ai_configuration.create_ai_channel_header; ai_configuration.update_ai_channel_header: 无 fk_ai_channel_headers_channel_id_ai_channels 专用 diagnostics mapper；HTTP 异常进入 errors.py:76-79 全局 handler，无 HTTP owner 仅由 worker 失败,当前 HTTP owner 全局 409 REVISION_CONFLICT / 数据约束冲突（不泄漏 DB）,fk_ai_channel_headers_channel_id_ai_channels 仅批准的引用/删除语义可 409；应按 diag.constraint_name 精确映射，未知 default500/contract-decision required,ai_configuration.create_ai_channel_header; ai_configuration.update_ai_channel_header 的直接 command 顶层 Session（由 owner 负责 flush/commit/rollback）,真实 PostgreSQL FOREIGN KEY sentinel：fk_ai_channel_headers_channel_id_ai_channels；仅覆盖直接 owner ai_configuration.create_ai_channel_header; ai_configuration.update_ai_channel_header / operation createAIChannelHeader;updateAIChannelHeader；断言 diagnostics/HTTP 或 worker 失败边界、rollback、无 SUCCESS audit
fk_ai_channels_created_by_users,ai_channels,created_by -> users.id [RESTRICT],FOREIGN KEY,"backend/alembic/versions/0009_config_center.py:163-182; backend/alembic/versions/0021_ai_channel_model_management.py:17-52 ; backend/app/models/ai_generation.py:29-228 ; contracts/database.md:79,169-177",ai_configuration.create_ai_channel; ai_configuration.update_ai_channel; ai_configuration.replace_ai_channel_api_key; ai_configuration.set_channel_enabled; ai_configuration.delete_ai_channel,createAIChannel;updateAIChannel;replaceAIChannelApiKey;enableAIChannel;disableAIChannel;deleteAIChannel,ai_configuration.create_ai_channel; ai_configuration.update_ai_channel; ai_configuration.replace_ai_channel_api_key; ai_configuration.set_channel_enabled; ai_configuration.delete_ai_channel: 直接写入/删除链对 users.id [RESTRICT] 的加载或锁定仅作业务门禁；未见针对 fk_ai_channels_created_by_users 的 conname 预检，FK 仍是 authority,ai_configuration.create_ai_channel; ai_configuration.update_ai_channel; ai_configuration.replace_ai_channel_api_key; ai_configuration.set_channel_enabled; ai_configuration.delete_ai_channel: 无 fk_ai_channels_created_by_users 专用 diagnostics mapper；HTTP 异常进入 errors.py:76-79 全局 handler，无 HTTP owner 仅由 worker 失败,当前 HTTP owner 全局 409 REVISION_CONFLICT / 数据约束冲突（不泄漏 DB）,fk_ai_channels_created_by_users 仅批准的引用/删除语义可 409；应按 diag.constraint_name 精确映射，未知 default500/contract-decision required,ai_configuration.create_ai_channel; ai_configuration.update_ai_channel; ai_configuration.replace_ai_channel_api_key; ai_configuration.set_channel_enabled; ai_configuration.delete_ai_channel 的直接 command 顶层 Session（由 owner 负责 flush/commit/rollback）,真实 PostgreSQL FOREIGN KEY sentinel：fk_ai_channels_created_by_users；仅覆盖直接 owner ai_configuration.create_ai_channel; ai_configuration.update_ai_channel; ai_configuration.replace_ai_channel_api_key; ai_configuration.set_channel_enabled; ai_configuration.delete_ai_channel / operation createAIChannel;updateAIChannel;replaceAIChannelApiKey;enableAIChannel;disableAIChannel;deleteAIChannel；断言 diagnostics/HTTP 或 worker 失败边界、rollback、无 SUCCESS audit
fk_ai_models_channel_id_ai_channels,ai_models,channel_id -> ai_channels.id [CASCADE],FOREIGN KEY,"backend/alembic/versions/0009_config_center.py:208-234 ; backend/app/models/ai_generation.py:29-228 ; contracts/database.md:79,437",ai_configuration.create_ai_model; ai_configuration.update_ai_model; ai_configuration.test_ai_model; ai_configuration.set_model_enabled; ai_configuration.delete_ai_model,createAIModel;updateAIModel;testAIModel;enableAIModel;disableAIModel;deleteAIModel,ai_configuration.create_ai_model; ai_configuration.update_ai_model; ai_configuration.test_ai_model; ai_configuration.set_model_enabled; ai_configuration.delete_ai_model: 直接写入/删除链对 ai_channels.id [CASCADE] 的加载或锁定仅作业务门禁；未见针对 fk_ai_models_channel_id_ai_channels 的 conname 预检，FK 仍是 authority,ai_configuration.create_ai_model; ai_configuration.update_ai_model; ai_configuration.test_ai_model; ai_configuration.set_model_enabled; ai_configuration.delete_ai_model: 无 fk_ai_models_channel_id_ai_channels 专用 diagnostics mapper；HTTP 异常进入 errors.py:76-79 全局 handler，无 HTTP owner 仅由 worker 失败,当前 HTTP owner 全局 409 REVISION_CONFLICT / 数据约束冲突（不泄漏 DB）,fk_ai_models_channel_id_ai_channels 仅批准的引用/删除语义可 409；应按 diag.constraint_name 精确映射，未知 default500/contract-decision required,ai_configuration.create_ai_model; ai_configuration.update_ai_model; ai_configuration.test_ai_model; ai_configuration.set_model_enabled; ai_configuration.delete_ai_model 的直接 command 顶层 Session（由 owner 负责 flush/commit/rollback）,真实 PostgreSQL FOREIGN KEY sentinel：fk_ai_models_channel_id_ai_channels；仅覆盖直接 owner ai_configuration.create_ai_model; ai_configuration.update_ai_model; ai_configuration.test_ai_model; ai_configuration.set_model_enabled; ai_configuration.delete_ai_model / operation createAIModel;updateAIModel;testAIModel;enableAIModel;disableAIModel;deleteAIModel；断言 diagnostics/HTTP 或 worker 失败边界、rollback、无 SUCCESS audit
fk_ai_models_created_by_users,ai_models,created_by -> users.id [RESTRICT],FOREIGN KEY,"backend/alembic/versions/0009_config_center.py:208-234 ; backend/app/models/ai_generation.py:29-228 ; contracts/database.md:79,437",ai_configuration.create_ai_model; ai_configuration.update_ai_model; ai_configuration.test_ai_model; ai_configuration.set_model_enabled; ai_configuration.delete_ai_model,createAIModel;updateAIModel;testAIModel;enableAIModel;disableAIModel;deleteAIModel,ai_configuration.create_ai_model; ai_configuration.update_ai_model; ai_configuration.test_ai_model; ai_configuration.set_model_enabled; ai_configuration.delete_ai_model: 直接写入/删除链对 users.id [RESTRICT] 的加载或锁定仅作业务门禁；未见针对 fk_ai_models_created_by_users 的 conname 预检，FK 仍是 authority,ai_configuration.create_ai_model; ai_configuration.update_ai_model; ai_configuration.test_ai_model; ai_configuration.set_model_enabled; ai_configuration.delete_ai_model: 无 fk_ai_models_created_by_users 专用 diagnostics mapper；HTTP 异常进入 errors.py:76-79 全局 handler，无 HTTP owner 仅由 worker 失败,当前 HTTP owner 全局 409 REVISION_CONFLICT / 数据约束冲突（不泄漏 DB）,fk_ai_models_created_by_users 仅批准的引用/删除语义可 409；应按 diag.constraint_name 精确映射，未知 default500/contract-decision required,ai_configuration.create_ai_model; ai_configuration.update_ai_model; ai_configuration.test_ai_model; ai_configuration.set_model_enabled; ai_configuration.delete_ai_model 的直接 command 顶层 Session（由 owner 负责 flush/commit/rollback）,真实 PostgreSQL FOREIGN KEY sentinel：fk_ai_models_created_by_users；仅覆盖直接 owner ai_configuration.create_ai_model; ai_configuration.update_ai_model; ai_configuration.test_ai_model; ai_configuration.set_model_enabled; ai_configuration.delete_ai_model / operation createAIModel;updateAIModel;testAIModel;enableAIModel;disableAIModel;deleteAIModel；断言 diagnostics/HTTP 或 worker 失败边界、rollback、无 SUCCESS audit
fk_audit_logs_actor_id_users,audit_logs,actor_id -> users.id [SET NULL],FOREIGN KEY,"backend/alembic/versions/0001_identity_audit.py:1-120 ; backend/app/models/identity.py:28-112 ; contracts/database.md:203-211,337,460","app.audit.append_audit（间接 writer）← identity.export_users@272, identity.change_password@360, identity.create_user@399, identity.update_user/bulk_update_user_status→identity._update_user_locked@431, identity.delete_user@597, identity.reset_user_password@652, product_facts.create_product@395, product_facts.update_product@427, product_facts.delete_product@488, product_facts.delete_fact_version@560, review.transition_fact_version@283, review.transition_content_version@340, content_production.delete_content_draft@817, content_planning.create_query_topic@197, content_planning.update_query_topic@226, content_planning.delete_query_topic@264, platform_configuration.set_platform_profile_enabled@343, platform_configuration.delete_platform_type@502, platform_configuration.create_platform_prompt@615, platform_configuration.update_platform_prompt@656, platform_configuration.put_content_humanization_prompt@745, platform_configuration.delete_platform_prompt@795, platform_configuration.delete_platform_profile@903, ai_configuration.create_ai_channel@461, ai_configuration.delete_ai_channel@511, ai_configuration.create_ai_channel_header@542, ai_configuration.update_ai_channel_header@591, ai_configuration.delete_ai_channel_header@641, ai_configuration.create_ai_model@680, ai_configuration.delete_ai_model@718, ai_configuration.update_ai_channel@748, ai_configuration.replace_ai_channel_api_key@802, ai_configuration.set_channel_enabled@838, ai_configuration.update_ai_model@881, ai_configuration.set_model_enabled@1020, publication.delete_platform_account@336, publication.verify_publication_work@716, publication.permanently_delete_published_article@1097, publication.delete_content_task@1533, publication.permanently_delete_content_task@1590, geo_observation.delete_geo_observation@2557",exportUsers;changePassword;createUser;updateUser;bulkUpdateUserStatus;deleteUser;resetUserPassword;createQueryTopic;updateQueryTopic;deleteQueryTopic;createProduct;updateProduct;deleteProduct;deleteFactVersion;approveFactVersion;approveContentVersion;deleteContentDraft;deleteGeoObservation;enablePlatformProfile;disablePlatformProfile;deletePlatformType;createPlatformPrompt;updatePlatformPrompt;putContentHumanizationPrompt;deletePlatformPrompt;deletePlatformProfile;createAIChannel;deleteAIChannel;createAIChannelHeader;updateAIChannelHeader;deleteAIChannelHeader;createAIModel;deleteAIModel;updateAIChannel;replaceAIChannelApiKey;enableAIChannel;disableAIChannel;updateAIModel;enableAIModel;disableAIModel;deletePlatformAccount;verifyPublicationWork;permanentlyDeletePublishedArticle;deleteContentTask;permanentlyDeleteContentTask,append_audit.validate_audit_entry@audit.py:72-139 校验字段/敏感信息；db.add 后由上述 caller commit，DB constraint 仍是 authority,app.audit.append_audit 仅间接 db.add，不 flush/commit；各 caller 无 audit constraint 专用 catch，异常进入 errors.py:76-79 全局 handler,列出的 HTTP caller 当前未捕获 audit constraint 异常，统一返回 409 REVISION_CONFLICT / 数据约束冲突；无独立 worker caller,audit constraint 失败不应伪装 revision；需 contract-decision required，未知 default500，禁止泄漏 audit/DB details,列出的各 HTTP service caller 顶层 Session；app.audit.append_audit 是间接 writer，不拥有事务,真实 PostgreSQL FOREIGN KEY sentinel：fk_audit_logs_actor_id_users；从真实 caller 调用 append_audit 并 commit；断言 diagnostics/HTTP 结果、rollback、无 SUCCESS audit
fk_content_humanization_prompts_updated_by_users,content_humanization_prompts,updated_by -> users.id [RESTRICT],FOREIGN KEY,backend/alembic/versions/0017_content_humanization.py:16-36 ; backend/app/models/configuration.py:26-125 ; contracts/database.md:129,platform_configuration.put_content_humanization_prompt,putContentHumanizationPrompt,platform_configuration.put_content_humanization_prompt: 直接写入/删除链对 users.id [RESTRICT] 的加载或锁定仅作业务门禁；未见针对 fk_content_humanization_prompts_updated_by_users 的 conname 预检，FK 仍是 authority,platform_configuration.put_content_humanization_prompt: 无 fk_content_humanization_prompts_updated_by_users 专用 diagnostics mapper；HTTP 异常进入 errors.py:76-79 全局 handler，无 HTTP owner 仅由 worker 失败,当前 HTTP owner 全局 409 REVISION_CONFLICT / 数据约束冲突（不泄漏 DB）,fk_content_humanization_prompts_updated_by_users 仅批准的引用/删除语义可 409；应按 diag.constraint_name 精确映射，未知 default500/contract-decision required,platform_configuration.put_content_humanization_prompt 的直接 command 顶层 Session（由 owner 负责 flush/commit/rollback）,真实 PostgreSQL FOREIGN KEY sentinel：fk_content_humanization_prompts_updated_by_users；仅覆盖直接 owner platform_configuration.put_content_humanization_prompt / operation putContentHumanizationPrompt；断言 diagnostics/HTTP 或 worker 失败边界、rollback、无 SUCCESS audit
fk_content_review_records_actor_id_users,content_review_records,actor_id -> users.id [RESTRICT],FOREIGN KEY,"backend/app/migration_schema_v1.py:519-528 ; backend/app/models/content.py:28-210 ; contracts/database.md:418,455",review.transition_content_version; publication.permanently_delete_content_task,submitContentVersion;approveContentVersion;requestContentVersionChanges;permanentlyDeleteContentTask,review.transition_content_version; publication.permanently_delete_content_task: 直接写入/删除链对 users.id [RESTRICT] 的加载或锁定仅作业务门禁；未见针对 fk_content_review_records_actor_id_users 的 conname 预检，FK 仍是 authority,review.transition_content_version; publication.permanently_delete_content_task: 无 fk_content_review_records_actor_id_users 专用 diagnostics mapper；HTTP 异常进入 errors.py:76-79 全局 handler，无 HTTP owner 仅由 worker 失败,当前 HTTP owner 全局 409 REVISION_CONFLICT / 数据约束冲突（不泄漏 DB）,fk_content_review_records_actor_id_users 仅批准的引用/删除语义可 409；应按 diag.constraint_name 精确映射，未知 default500/contract-decision required,review.transition_content_version; publication.permanently_delete_content_task 的直接 command 顶层 Session（由 owner 负责 flush/commit/rollback）,真实 PostgreSQL FOREIGN KEY sentinel：fk_content_review_records_actor_id_users；仅覆盖直接 owner review.transition_content_version; publication.permanently_delete_content_task / operation submitContentVersion;approveContentVersion;requestContentVersionChanges;permanentlyDeleteContentTask；断言 diagnostics/HTTP 或 worker 失败边界、rollback、无 SUCCESS audit
fk_content_review_records_content_version_id_content_versions,content_review_records,content_version_id -> content_versions.id [RESTRICT],FOREIGN KEY,"backend/app/migration_schema_v1.py:519-528 ; backend/app/models/content.py:28-210 ; contracts/database.md:418,455",review.transition_content_version; publication.permanently_delete_content_task,submitContentVersion;approveContentVersion;requestContentVersionChanges;permanentlyDeleteContentTask,review.transition_content_version; publication.permanently_delete_content_task: 直接写入/删除链对 content_versions.id [RESTRICT] 的加载或锁定仅作业务门禁；未见针对 fk_content_review_records_content_version_id_content_versions 的 conname 预检，FK 仍是 authority,review.transition_content_version; publication.permanently_delete_content_task: 无 fk_content_review_records_content_version_id_content_versions 专用 diagnostics mapper；HTTP 异常进入 errors.py:76-79 全局 handler，无 HTTP owner 仅由 worker 失败,当前 HTTP owner 全局 409 REVISION_CONFLICT / 数据约束冲突（不泄漏 DB）,fk_content_review_records_content_version_id_content_versions 仅批准的引用/删除语义可 409；应按 diag.constraint_name 精确映射，未知 default500/contract-decision required,review.transition_content_version; publication.permanently_delete_content_task 的直接 command 顶层 Session（由 owner 负责 flush/commit/rollback）,真实 PostgreSQL FOREIGN KEY sentinel：fk_content_review_records_content_version_id_content_versions；仅覆盖直接 owner review.transition_content_version; publication.permanently_delete_content_task / operation submitContentVersion;approveContentVersion;requestContentVersionChanges;permanentlyDeleteContentTask；断言 diagnostics/HTTP 或 worker 失败边界、rollback、无 SUCCESS audit
fk_content_task_geo_sources_task,content_task_geo_sources,content_task_id -> content_tasks.id [RESTRICT],FOREIGN KEY,"backend/alembic/versions/0035_business_workflow_primary_tasks.py:200-254 ; backend/app/models/content.py:28-210 ; contracts/database.md:315,459",geo_observation.create_geo_optimization_content_task; publication.permanently_delete_content_task,createGeoOptimizationContentTask;permanentlyDeleteContentTask,geo_observation.create_geo_optimization_content_task; publication.permanently_delete_content_task: 直接写入/修改/删除链按该列或触发器语义执行；未见 fk_content_task_geo_sources_task 专用预检，数据库 FOREIGN KEY 是 authority,geo_observation.create_geo_optimization_content_task; publication.permanently_delete_content_task: 未见按 fk_content_task_geo_sources_task 专用 diagnostics mapper；SQL 约束/trigger 失败由 owner rollback，HTTP 进入 errors.py:76-79 全局 handler,HTTP owner 当前未捕获时进入全局 409 REVISION_CONFLICT / 数据约束冲突（不泄漏 DB）。,fk_content_task_geo_sources_task：按 PostgreSQL diagnostics 精确映射；未批准领域 code 时 default500/contract-decision required，禁止错误文本映射。,geo_observation.create_geo_optimization_content_task；publication.permanently_delete_content_task 的直接 command/worker 顶层 Session（间接 helper 不拥有事务；owner 负责 flush/commit/rollback）,真实 PostgreSQL FOREIGN KEY sentinel：fk_content_task_geo_sources_task；仅覆盖直接 owner geo_observation.create_geo_optimization_content_task; publication.permanently_delete_content_task / operation createGeoOptimizationContentTask;permanentlyDeleteContentTask；断言 diagnostics/HTTP 或 worker 失败边界、rollback、无 SUCCESS audit
fk_content_task_geo_sources_actor,content_task_geo_sources,created_by -> users.id [RESTRICT],FOREIGN KEY,"backend/alembic/versions/0035_business_workflow_primary_tasks.py:200-254 ; backend/app/models/content.py:28-210 ; contracts/database.md:315,459",geo_observation.create_geo_optimization_content_task; publication.permanently_delete_content_task,createGeoOptimizationContentTask;permanentlyDeleteContentTask,geo_observation.create_geo_optimization_content_task; publication.permanently_delete_content_task: 直接写入/修改/删除链按该列或触发器语义执行；未见 fk_content_task_geo_sources_actor 专用预检，数据库 FOREIGN KEY 是 authority,geo_observation.create_geo_optimization_content_task; publication.permanently_delete_content_task: 未见按 fk_content_task_geo_sources_actor 专用 diagnostics mapper；SQL 约束/trigger 失败由 owner rollback，HTTP 进入 errors.py:76-79 全局 handler,HTTP owner 当前未捕获时进入全局 409 REVISION_CONFLICT / 数据约束冲突（不泄漏 DB）。,fk_content_task_geo_sources_actor：按 PostgreSQL diagnostics 精确映射；未批准领域 code 时 default500/contract-decision required，禁止错误文本映射。,geo_observation.create_geo_optimization_content_task；publication.permanently_delete_content_task 的直接 command/worker 顶层 Session（间接 helper 不拥有事务；owner 负责 flush/commit/rollback）,真实 PostgreSQL FOREIGN KEY sentinel：fk_content_task_geo_sources_actor；仅覆盖直接 owner geo_observation.create_geo_optimization_content_task; publication.permanently_delete_content_task / operation createGeoOptimizationContentTask;permanentlyDeleteContentTask；断言 diagnostics/HTTP 或 worker 失败边界、rollback、无 SUCCESS audit
fk_content_task_geo_sources_article,content_task_geo_sources,published_article_id -> published_articles.id [SET NULL],FOREIGN KEY,"backend/alembic/versions/0035_business_workflow_primary_tasks.py:200-254 ; backend/app/models/content.py:28-210 ; contracts/database.md:315,459",geo_observation.create_geo_optimization_content_task; publication.permanently_delete_content_task,createGeoOptimizationContentTask;permanentlyDeleteContentTask,geo_observation.create_geo_optimization_content_task; publication.permanently_delete_content_task: 直接写入/修改/删除链按该列或触发器语义执行；未见 fk_content_task_geo_sources_article 专用预检，数据库 FOREIGN KEY 是 authority,geo_observation.create_geo_optimization_content_task; publication.permanently_delete_content_task: 未见按 fk_content_task_geo_sources_article 专用 diagnostics mapper；SQL 约束/trigger 失败由 owner rollback，HTTP 进入 errors.py:76-79 全局 handler,HTTP owner 当前未捕获时进入全局 409 REVISION_CONFLICT / 数据约束冲突（不泄漏 DB）。,fk_content_task_geo_sources_article：按 PostgreSQL diagnostics 精确映射；未批准领域 code 时 default500/contract-decision required，禁止错误文本映射。,geo_observation.create_geo_optimization_content_task；publication.permanently_delete_content_task 的直接 command/worker 顶层 Session（间接 helper 不拥有事务；owner 负责 flush/commit/rollback）,真实 PostgreSQL FOREIGN KEY sentinel：fk_content_task_geo_sources_article；仅覆盖直接 owner geo_observation.create_geo_optimization_content_task; publication.permanently_delete_content_task / operation createGeoOptimizationContentTask;permanentlyDeleteContentTask；断言 diagnostics/HTTP 或 worker 失败边界、rollback、无 SUCCESS audit
fk_content_task_geo_sources_topic,content_task_geo_sources,query_topic_id -> query_topics.id [RESTRICT],FOREIGN KEY,"backend/alembic/versions/0035_business_workflow_primary_tasks.py:200-254 ; backend/app/models/content.py:28-210 ; contracts/database.md:315,459",geo_observation.create_geo_optimization_content_task; publication.permanently_delete_content_task,createGeoOptimizationContentTask;permanentlyDeleteContentTask,geo_observation.create_geo_optimization_content_task; publication.permanently_delete_content_task: 直接写入/修改/删除链按该列或触发器语义执行；未见 fk_content_task_geo_sources_topic 专用预检，数据库 FOREIGN KEY 是 authority,geo_observation.create_geo_optimization_content_task; publication.permanently_delete_content_task: 未见按 fk_content_task_geo_sources_topic 专用 diagnostics mapper；SQL 约束/trigger 失败由 owner rollback，HTTP 进入 errors.py:76-79 全局 handler,HTTP owner 当前未捕获时进入全局 409 REVISION_CONFLICT / 数据约束冲突（不泄漏 DB）。,fk_content_task_geo_sources_topic：按 PostgreSQL diagnostics 精确映射；未批准领域 code 时 default500/contract-decision required，禁止错误文本映射。,geo_observation.create_geo_optimization_content_task；publication.permanently_delete_content_task 的直接 command/worker 顶层 Session（间接 helper 不拥有事务；owner 负责 flush/commit/rollback）,真实 PostgreSQL FOREIGN KEY sentinel：fk_content_task_geo_sources_topic；仅覆盖直接 owner geo_observation.create_geo_optimization_content_task; publication.permanently_delete_content_task / operation createGeoOptimizationContentTask;permanentlyDeleteContentTask；断言 diagnostics/HTTP 或 worker 失败边界、rollback、无 SUCCESS audit
fk_content_tasks_created_by_users,content_tasks,created_by -> users.id [RESTRICT],FOREIGN KEY,"backend/app/migration_schema_v1.py:390-417; backend/alembic/versions/0025_markdown_facts_direct_platform.py:528-541; backend/alembic/versions/0035_business_workflow_primary_tasks.py:67-90 ; backend/app/models/content.py:28-210 ; contracts/database.md:37,153-159,221-225,327-341,412,419,434-435",content_planning.create_content_task; geo_observation.create_geo_optimization_content_task; publication.create_repair_task,createContentTask;createGeoOptimizationContentTask;createPublishedContentRepairTask,content_planning.create_content_task; geo_observation.create_geo_optimization_content_task; publication.create_repair_task: 直接写入/修改/删除链按该列或触发器语义执行；未见 fk_content_tasks_created_by_users 专用预检，数据库 FOREIGN KEY 是 authority,content_planning.create_content_task; geo_observation.create_geo_optimization_content_task; publication.create_repair_task: 未见按 fk_content_tasks_created_by_users 专用 diagnostics mapper；SQL 约束/trigger 失败由 owner rollback，HTTP 进入 errors.py:76-79 全局 handler,HTTP owner 当前未捕获时进入全局 409 REVISION_CONFLICT / 数据约束冲突（不泄漏 DB）。,fk_content_tasks_created_by_users：按 PostgreSQL diagnostics 精确映射；未批准领域 code 时 default500/contract-decision required，禁止错误文本映射。,content_planning.create_content_task；geo_observation.create_geo_optimization_content_task；publication.create_repair_task 的直接 command/worker 顶层 Session（间接 helper 不拥有事务；owner 负责 flush/commit/rollback）,真实 PostgreSQL FOREIGN KEY sentinel：fk_content_tasks_created_by_users；仅覆盖直接 owner content_planning.create_content_task; geo_observation.create_geo_optimization_content_task; publication.create_repair_task / operation createContentTask;createGeoOptimizationContentTask;createPublishedContentRepairTask；断言 diagnostics/HTTP 或 worker 失败边界、rollback、无 SUCCESS audit
fk_content_tasks_current_content_version_id,content_tasks,current_content_version_id -> content_versions.id [RESTRICT],FOREIGN KEY,"backend/app/migration_schema_v1.py:390-417; backend/alembic/versions/0025_markdown_facts_direct_platform.py:528-541; backend/alembic/versions/0035_business_workflow_primary_tasks.py:67-90 ; backend/app/models/content.py:28-210 ; contracts/database.md:37,153-159,221-225,327-341,412,419,434-435",content_production._create_human_content←create_manual_content_version/create_content_revision; content_production.delete_content_draft; content_production.abandon_content_version; generation.process_generation_job; publication._delete_task_core←delete_content_task/permanently_delete_content_task,createManualContentVersion;createContentRevision;deleteContentDraft;abandonContentVersion;无 HTTP operationId（generation.process_generation_job worker）;deleteContentTask;permanentlyDeleteContentTask,content_production._create_human_content←create_manual_content_version/create_content_revision; content_production.delete_content_draft; content_production.abandon_content_version; generation.process_generation_job; publication._delete_task_core←delete_content_task/permanently_delete_content_task: 直接写入/修改/删除链按该列或触发器语义执行；未见 fk_content_tasks_current_content_version_id 专用预检，数据库 FOREIGN KEY 是 authority,content_production._create_human_content←create_manual_content_version/create_content_revision; content_production.delete_content_draft; content_production.abandon_content_version; generation.process_generation_job; publication._delete_task_core←delete_content_task/permanently_delete_content_task: 未见按 fk_content_tasks_current_content_version_id 专用 diagnostics mapper；SQL 约束/trigger 失败由 owner rollback，HTTP 进入 errors.py:76-79 全局 handler,HTTP owner 当前未捕获时进入全局 409 REVISION_CONFLICT；generation/process worker 无 HTTP 响应，失败由 worker Session rollback/记录。,fk_content_tasks_current_content_version_id：按 PostgreSQL diagnostics 精确映射；未批准领域 code 时 default500/contract-decision required，禁止错误文本映射。,content_production._create_human_content←create_manual_content_version/create_content_revision；content_production.delete_content_draft；content_production.abandon_content_version；generation.process_generation_job；publication._delete_task_core←delete_content_task/permanently_delete_content_task 的直接 command/worker 顶层 Session（间接 helper 不拥有事务；owner 负责 flush/commit/rollback）,真实 PostgreSQL FOREIGN KEY sentinel：fk_content_tasks_current_content_version_id；仅覆盖直接 owner content_production._create_human_content←create_manual_content_version/create_content_revision; content_production.delete_content_draft; content_production.abandon_content_version; generation.process_generation_job; publication._delete_task_core←delete_content_task/permanently_delete_content_task / operation createManualContentVersion;createContentRevision;deleteContentDraft;abandonContentVersion;无 HTTP operationId（generation.process_generation_job worker）;deleteContentTask;permanentlyDeleteContentTask；断言 diagnostics/HTTP 或 worker 失败边界、rollback、无 SUCCESS audit
fk_content_tasks_fact_version_id_fact_versions,content_tasks,fact_version_id -> fact_versions.id [RESTRICT],FOREIGN KEY,"backend/app/migration_schema_v1.py:390-417; backend/alembic/versions/0025_markdown_facts_direct_platform.py:528-541; backend/alembic/versions/0035_business_workflow_primary_tasks.py:67-90 ; backend/app/models/content.py:28-210 ; contracts/database.md:37,153-159,221-225,327-341,412,419,434-435",content_planning.create_content_task; geo_observation.create_geo_optimization_content_task; publication.create_repair_task,createContentTask;createGeoOptimizationContentTask;createPublishedContentRepairTask,content_planning.create_content_task; geo_observation.create_geo_optimization_content_task; publication.create_repair_task: 直接写入/修改/删除链按该列或触发器语义执行；未见 fk_content_tasks_fact_version_id_fact_versions 专用预检，数据库 FOREIGN KEY 是 authority,content_planning.create_content_task; geo_observation.create_geo_optimization_content_task; publication.create_repair_task: 未见按 fk_content_tasks_fact_version_id_fact_versions 专用 diagnostics mapper；SQL 约束/trigger 失败由 owner rollback，HTTP 进入 errors.py:76-79 全局 handler,HTTP owner 当前未捕获时进入全局 409 REVISION_CONFLICT / 数据约束冲突（不泄漏 DB）。,fk_content_tasks_fact_version_id_fact_versions：按 PostgreSQL diagnostics 精确映射；未批准领域 code 时 default500/contract-decision required，禁止错误文本映射。,content_planning.create_content_task；geo_observation.create_geo_optimization_content_task；publication.create_repair_task 的直接 command/worker 顶层 Session（间接 helper 不拥有事务；owner 负责 flush/commit/rollback）,真实 PostgreSQL FOREIGN KEY sentinel：fk_content_tasks_fact_version_id_fact_versions；仅覆盖直接 owner content_planning.create_content_task; geo_observation.create_geo_optimization_content_task; publication.create_repair_task / operation createContentTask;createGeoOptimizationContentTask;createPublishedContentRepairTask；断言 diagnostics/HTTP 或 worker 失败边界、rollback、无 SUCCESS audit
fk_content_tasks_platform_profile_id,content_tasks,platform_profile_id -> platform_profiles.id [SET NULL],FOREIGN KEY,"backend/app/migration_schema_v1.py:390-417; backend/alembic/versions/0025_markdown_facts_direct_platform.py:528-541; backend/alembic/versions/0035_business_workflow_primary_tasks.py:67-90 ; backend/app/models/content.py:28-210 ; contracts/database.md:37,153-159,221-225,327-341,412,419,434-435",content_planning.create_content_task; geo_observation.create_geo_optimization_content_task; publication.create_repair_task,createContentTask;createGeoOptimizationContentTask;createPublishedContentRepairTask,content_planning.create_content_task; geo_observation.create_geo_optimization_content_task; publication.create_repair_task: 直接写入/修改/删除链按该列或触发器语义执行；未见 fk_content_tasks_platform_profile_id 专用预检，数据库 FOREIGN KEY 是 authority,content_planning.create_content_task; geo_observation.create_geo_optimization_content_task; publication.create_repair_task: 未见按 fk_content_tasks_platform_profile_id 专用 diagnostics mapper；SQL 约束/trigger 失败由 owner rollback，HTTP 进入 errors.py:76-79 全局 handler,HTTP owner 当前未捕获时进入全局 409 REVISION_CONFLICT / 数据约束冲突（不泄漏 DB）。,fk_content_tasks_platform_profile_id：按 PostgreSQL diagnostics 精确映射；未批准领域 code 时 default500/contract-decision required，禁止错误文本映射。,content_planning.create_content_task；geo_observation.create_geo_optimization_content_task；publication.create_repair_task 的直接 command/worker 顶层 Session（间接 helper 不拥有事务；owner 负责 flush/commit/rollback）,真实 PostgreSQL FOREIGN KEY sentinel：fk_content_tasks_platform_profile_id；仅覆盖直接 owner content_planning.create_content_task; geo_observation.create_geo_optimization_content_task; publication.create_repair_task / operation createContentTask;createGeoOptimizationContentTask;createPublishedContentRepairTask；断言 diagnostics/HTTP 或 worker 失败边界、rollback、无 SUCCESS audit
fk_content_tasks_product_id_products,content_tasks,product_id -> products.id [RESTRICT],FOREIGN KEY,"backend/app/migration_schema_v1.py:390-417; backend/alembic/versions/0025_markdown_facts_direct_platform.py:528-541; backend/alembic/versions/0035_business_workflow_primary_tasks.py:67-90 ; backend/app/models/content.py:28-210 ; contracts/database.md:37,153-159,221-225,327-341,412,419,434-435",content_planning.create_content_task; geo_observation.create_geo_optimization_content_task; publication.create_repair_task,createContentTask;createGeoOptimizationContentTask;createPublishedContentRepairTask,content_planning.create_content_task; geo_observation.create_geo_optimization_content_task; publication.create_repair_task: 直接写入/修改/删除链按该列或触发器语义执行；未见 fk_content_tasks_product_id_products 专用预检，数据库 FOREIGN KEY 是 authority,content_planning.create_content_task; geo_observation.create_geo_optimization_content_task; publication.create_repair_task: 未见按 fk_content_tasks_product_id_products 专用 diagnostics mapper；SQL 约束/trigger 失败由 owner rollback，HTTP 进入 errors.py:76-79 全局 handler,HTTP owner 当前未捕获时进入全局 409 REVISION_CONFLICT / 数据约束冲突（不泄漏 DB）。,fk_content_tasks_product_id_products：按 PostgreSQL diagnostics 精确映射；未批准领域 code 时 default500/contract-decision required，禁止错误文本映射。,content_planning.create_content_task；geo_observation.create_geo_optimization_content_task；publication.create_repair_task 的直接 command/worker 顶层 Session（间接 helper 不拥有事务；owner 负责 flush/commit/rollback）,真实 PostgreSQL FOREIGN KEY sentinel：fk_content_tasks_product_id_products；仅覆盖直接 owner content_planning.create_content_task; geo_observation.create_geo_optimization_content_task; publication.create_repair_task / operation createContentTask;createGeoOptimizationContentTask;createPublishedContentRepairTask；断言 diagnostics/HTTP 或 worker 失败边界、rollback、无 SUCCESS audit
fk_content_tasks_query_topic_id_query_topics,content_tasks,query_topic_id -> query_topics.id [RESTRICT],FOREIGN KEY,"backend/app/migration_schema_v1.py:390-417; backend/alembic/versions/0025_markdown_facts_direct_platform.py:528-541; backend/alembic/versions/0035_business_workflow_primary_tasks.py:67-90 ; backend/app/models/content.py:28-210 ; contracts/database.md:37,153-159,221-225,327-341,412,419,434-435",content_planning.create_content_task; geo_observation.create_geo_optimization_content_task; publication.create_repair_task,createContentTask;createGeoOptimizationContentTask;createPublishedContentRepairTask,content_planning.create_content_task; geo_observation.create_geo_optimization_content_task; publication.create_repair_task: 直接写入/修改/删除链按该列或触发器语义执行；未见 fk_content_tasks_query_topic_id_query_topics 专用预检，数据库 FOREIGN KEY 是 authority,content_planning.create_content_task; geo_observation.create_geo_optimization_content_task; publication.create_repair_task: 未见按 fk_content_tasks_query_topic_id_query_topics 专用 diagnostics mapper；SQL 约束/trigger 失败由 owner rollback，HTTP 进入 errors.py:76-79 全局 handler,HTTP owner 当前未捕获时进入全局 409 REVISION_CONFLICT / 数据约束冲突（不泄漏 DB）。,fk_content_tasks_query_topic_id_query_topics：按 PostgreSQL diagnostics 精确映射；未批准领域 code 时 default500/contract-decision required，禁止错误文本映射。,content_planning.create_content_task；geo_observation.create_geo_optimization_content_task；publication.create_repair_task 的直接 command/worker 顶层 Session（间接 helper 不拥有事务；owner 负责 flush/commit/rollback）,真实 PostgreSQL FOREIGN KEY sentinel：fk_content_tasks_query_topic_id_query_topics；仅覆盖直接 owner content_planning.create_content_task; geo_observation.create_geo_optimization_content_task; publication.create_repair_task / operation createContentTask;createGeoOptimizationContentTask;createPublishedContentRepairTask；断言 diagnostics/HTTP 或 worker 失败边界、rollback、无 SUCCESS audit
fk_content_tasks_published_issue,content_tasks,source_published_content_issue_id -> published_content_issues.id [SET NULL],FOREIGN KEY,"backend/app/migration_schema_v1.py:390-417; backend/alembic/versions/0025_markdown_facts_direct_platform.py:528-541; backend/alembic/versions/0035_business_workflow_primary_tasks.py:67-90 ; backend/app/models/content.py:28-210 ; contracts/database.md:37,153-159,221-225,327-341,412,419,434-435",publication.create_repair_task,createPublishedContentRepairTask,publication.create_repair_task: 直接写入/修改/删除链按该列或触发器语义执行；未见 fk_content_tasks_published_issue 专用预检，数据库 FOREIGN KEY 是 authority,publication.create_repair_task: 未见按 fk_content_tasks_published_issue 专用 diagnostics mapper；SQL 约束/trigger 失败由 owner rollback，HTTP 进入 errors.py:76-79 全局 handler,HTTP owner 当前未捕获时进入全局 409 REVISION_CONFLICT / 数据约束冲突（不泄漏 DB）。,fk_content_tasks_published_issue：按 PostgreSQL diagnostics 精确映射；未批准领域 code 时 default500/contract-decision required，禁止错误文本映射。,publication.create_repair_task 的直接 command/worker 顶层 Session（间接 helper 不拥有事务；owner 负责 flush/commit/rollback）,真实 PostgreSQL FOREIGN KEY sentinel：fk_content_tasks_published_issue；仅覆盖直接 owner publication.create_repair_task / operation createPublishedContentRepairTask；断言 diagnostics/HTTP 或 worker 失败边界、rollback、无 SUCCESS audit
fk_content_versions_based_on_id_content_versions,content_versions,based_on_id -> content_versions.id [RESTRICT],FOREIGN KEY,backend/app/migration_schema_v1.py:466-508; backend/alembic/versions/0035_business_workflow_primary_tasks.py:174-198; backend/app/models/content.py:91-150; contracts/database.md:418-421,content_production.create_content_revision→_create_human_content（INSERT 非空 based_on_id）; generation.process_generation_job（仅 HUMANIZE INSERT）,createContentRevision;无 HTTP operationId（HUMANIZE generation.process_generation_job worker）,create_content_revision 加载 source、锁定 task 并校验 current/fact；HUMANIZE worker 校验 source identity/lineage；FK 仍是最终 authority。,createContentRevision 无专用 diagnostics mapper，23503 当前全局误报 409 REVISION_CONFLICT并由 request rollback；HUMANIZE worker rollback 后 Job FAILED。,createContentRevision 的 23503 当前为 409 REVISION_CONFLICT/数据约束冲突/details={}；worker 无 HTTP。,无已批准该 FK 专用领域 code；unknown 23503 default500，worker遵循失败策略。,create_content_revision 持有 get_db request Session并最终commit；generation.process_generation_job持有独立SessionLocal，失败rollback后提交Job FAILED；_create_human_content不拥有根事务。,真实 PostgreSQL 在 createContentRevision 与 HUMANIZE worker 最终 INSERT 前使父版本失效；断言 23503+该 conname、无子版本/指针变化；worker只保留FAILED Job。
fk_content_versions_created_by_users,content_versions,created_by -> users.id [RESTRICT],FOREIGN KEY,backend/app/migration_schema_v1.py:466-508; backend/alembic/versions/0035_business_workflow_primary_tasks.py:174-198; backend/app/models/content.py:91-150; contracts/database.md:418-421,content_production._create_human_content←create_manual_content_version/create_content_revision（INSERT created_by）; generation.process_generation_job（INSERT created_by）,createManualContentVersion;createContentRevision;无 HTTP operationId（generation.process_generation_job worker）,人工使用认证 actor.id；worker 使用已持久化 job.created_by；无 conname 预检，FK 是 authority。,人工版本 HTTP 失败由 get_db request Session 回滚，当前 235xx 进入全局 IntegrityError handler 并误报 409 REVISION_CONFLICT；worker 无 HTTP，通用异常分支回滚结果事务并持久化 Job FAILED/GENERATION_FAILED。,人工 INSERT 的 23503 当前误报 409 REVISION_CONFLICT/数据约束冲突/details={}；worker 无 HTTP并转为 FAILED。,无已批准 fk_content_versions_created_by_users 专用领域 code；unknown 23503 default500，worker遵循失败策略。,create_manual_content_version/create_content_revision 持有 request Session 并最终 commit；generation.process_generation_job 持有独立 SessionLocal，失败 rollback 后提交 Job FAILED；_create_human_content 不拥有根事务。,真实 PostgreSQL 在人工 INSERT 与 worker finalize 前使 created_by 引用失效；断言 23503+fk_content_versions_created_by_users、无版本/指针/成功 Job及部分提交。
fk_content_versions_fact_version_id_fact_versions,content_versions,fact_version_id -> fact_versions.id [RESTRICT],FOREIGN KEY,backend/app/migration_schema_v1.py:466-508; backend/alembic/versions/0035_business_workflow_primary_tasks.py:174-198; backend/app/models/content.py:91-150; contracts/database.md:418-421,content_production._create_human_content←create_manual_content_version/create_content_revision（INSERT fact_version_id）; generation.process_generation_job（INSERT fact_version_id）,createManualContentVersion;createContentRevision;无 HTTP operationId（generation.process_generation_job worker）,人工经 _require_approved_task_fact 校验；worker 经 validate_generation_context 校验；FK 是 authority。,人工版本 HTTP 失败由 get_db request Session 回滚，当前 235xx 进入全局 IntegrityError handler 并误报 409 REVISION_CONFLICT；worker 无 HTTP，通用异常分支回滚结果事务并持久化 Job FAILED/GENERATION_FAILED。,人工 INSERT 的 23503 当前误报 409 REVISION_CONFLICT/数据约束冲突/details={}；worker 无 HTTP并转为 FAILED。,无已批准 fk_content_versions_fact_version_id_fact_versions 专用领域 code；unknown 23503 default500，worker遵循失败策略。,create_manual_content_version/create_content_revision 持有 request Session 并最终 commit；generation.process_generation_job 持有独立 SessionLocal，失败 rollback 后提交 Job FAILED；_create_human_content 不拥有根事务。,真实 PostgreSQL 在人工 INSERT 与 worker finalize 前使 fact_version_id 引用失效；断言 23503+fk_content_versions_fact_version_id_fact_versions、无版本/指针/成功 Job及部分提交。
fk_content_versions_source_job_id_generation_jobs,content_versions,source_job_id -> generation_jobs.id [RESTRICT],FOREIGN KEY,backend/app/migration_schema_v1.py:466-508; backend/alembic/versions/0035_business_workflow_primary_tasks.py:174-198; backend/app/models/content.py:91-150; contracts/database.md:418-421,generation.process_generation_job（INSERT 非空 source_job_id）,无 HTTP operationId（generation.process_generation_job worker）,worker 已锁定 GenerationJob；publication._delete_task_core 在 deleteContentTask/permanentlyDeleteContentTask 中仅将 source_job_id 置 NULL，这是 guard 允许的清理，不会制造非 NULL FK 冲突。,该 FK 的可失败生产 owner 是 worker INSERT；无专用 mapper，失败由 worker rollback 并持久化 Job FAILED。PN/PP 的 NULL 清理不作为此 FK 错误 owner。,无 HTTP owner；worker 失败不生成 HTTP 响应。,worker 按精确 23503+conname 记录失败；未知约束不得猜测领域错误。PN/PP NULL 清理保持既有成功语义。,generation.process_generation_job 独立 SessionLocal；publication._delete_task_core 仅为 caller-owned request Session 内的受控 NULL 清理，不是该 FK 冲突 owner。,真实 PostgreSQL worker INSERT 强制无效 source_job_id，断言 23503+该 conname、无 ContentVersion/指针且 Job FAILED；另测 PN/PP 成功置 NULL并保持受控清理原子性。
fk_content_versions_task_id_content_tasks,content_versions,task_id -> content_tasks.id [RESTRICT],FOREIGN KEY,backend/app/migration_schema_v1.py:466-508; backend/alembic/versions/0035_business_workflow_primary_tasks.py:174-198; backend/app/models/content.py:91-150; contracts/database.md:418-421,content_production._create_human_content←create_manual_content_version/create_content_revision（INSERT task_id）; generation.process_generation_job（INSERT task_id）,createManualContentVersion;createContentRevision;无 HTTP operationId（generation.process_generation_job worker）,人工锁定并校验 task；worker finalize 再锁 task；FK 是 authority。,人工版本 HTTP 失败由 get_db request Session 回滚，当前 235xx 进入全局 IntegrityError handler 并误报 409 REVISION_CONFLICT；worker 无 HTTP，通用异常分支回滚结果事务并持久化 Job FAILED/GENERATION_FAILED。,人工 INSERT 的 23503 当前误报 409 REVISION_CONFLICT/数据约束冲突/details={}；worker 无 HTTP并转为 FAILED。,无已批准 fk_content_versions_task_id_content_tasks 专用领域 code；unknown 23503 default500，worker遵循失败策略。,create_manual_content_version/create_content_revision 持有 request Session 并最终 commit；generation.process_generation_job 持有独立 SessionLocal，失败 rollback 后提交 Job FAILED；_create_human_content 不拥有根事务。,真实 PostgreSQL 在人工 INSERT 与 worker finalize 前使 task_id 引用失效；断言 23503+fk_content_versions_task_id_content_tasks、无版本/指针/成功 Job及部分提交。
fk_fact_review_records_actor_id_users,fact_review_records,actor_id -> users.id [RESTRICT],FOREIGN KEY,"backend/app/migration_schema_v1.py:330-339 ; backend/app/models/product_facts.py:27-116 ; contracts/database.md:417,455",review.transition_fact_version; product_facts.delete_fact_version,submitProductFactReview;approveFactVersion;requestFactVersionChanges;retireFactVersion;deleteFactVersion,review.transition_fact_version; product_facts.delete_fact_version: 直接写入/修改/删除链按该列或触发器语义执行；未见 fk_fact_review_records_actor_id_users 专用预检，数据库 FOREIGN KEY 是 authority,review.transition_fact_version; product_facts.delete_fact_version: 未见按 fk_fact_review_records_actor_id_users 专用 diagnostics mapper；失败由最终 owner rollback，异常进入全局 handler（worker 则由独立 Session 处理）,HTTP owner 当前未捕获时全局 409 REVISION_CONFLICT / 数据约束冲突（不泄漏 DB）。,fk_fact_review_records_actor_id_users：按 PostgreSQL diagnostics 精确映射；未批准领域 code 时 default500/contract-decision required，禁止错误文本映射。,review.transition_fact_version; product_facts.delete_fact_version 的最终 flush/commit command 或独立 worker Session（间接 helper 不拥有事务）,真实 PostgreSQL FOREIGN KEY sentinel：fk_fact_review_records_actor_id_users；仅覆盖直接 owner review.transition_fact_version; product_facts.delete_fact_version / operation submitProductFactReview;approveFactVersion;requestFactVersionChanges;retireFactVersion;deleteFactVersion；断言失败边界、rollback、无 SUCCESS audit
fk_fact_review_records_fact_version_id_fact_versions,fact_review_records,fact_version_id -> fact_versions.id [RESTRICT],FOREIGN KEY,"backend/app/migration_schema_v1.py:330-339 ; backend/app/models/product_facts.py:27-116 ; contracts/database.md:417,455",review.transition_fact_version; product_facts.delete_fact_version,submitProductFactReview;approveFactVersion;requestFactVersionChanges;retireFactVersion;deleteFactVersion,review.transition_fact_version; product_facts.delete_fact_version: 直接写入/修改/删除链按该列或触发器语义执行；未见 fk_fact_review_records_fact_version_id_fact_versions 专用预检，数据库 FOREIGN KEY 是 authority,review.transition_fact_version; product_facts.delete_fact_version: 未见按 fk_fact_review_records_fact_version_id_fact_versions 专用 diagnostics mapper；失败由最终 owner rollback，异常进入全局 handler（worker 则由独立 Session 处理）,HTTP owner 当前未捕获时全局 409 REVISION_CONFLICT / 数据约束冲突（不泄漏 DB）。,fk_fact_review_records_fact_version_id_fact_versions：按 PostgreSQL diagnostics 精确映射；未批准领域 code 时 default500/contract-decision required，禁止错误文本映射。,review.transition_fact_version; product_facts.delete_fact_version 的最终 flush/commit command 或独立 worker Session（间接 helper 不拥有事务）,真实 PostgreSQL FOREIGN KEY sentinel：fk_fact_review_records_fact_version_id_fact_versions；仅覆盖直接 owner review.transition_fact_version; product_facts.delete_fact_version / operation submitProductFactReview;approveFactVersion;requestFactVersionChanges;retireFactVersion;deleteFactVersion；断言失败边界、rollback、无 SUCCESS audit
fk_fact_versions_approved_by_users,fact_versions,approved_by -> users.id [RESTRICT],FOREIGN KEY,"backend/app/migration_schema_v1.py:304-314; backend/alembic/versions/0035_business_workflow_primary_tasks.py:174-198 ; backend/app/models/product_facts.py:27-116 ; contracts/database.md:217,309,416-417",product_facts.replace_product_facts; review.transition_fact_version,replaceProductFactsDraft;submitProductFactReview;approveFactVersion;requestFactVersionChanges;retireFactVersion,product_facts.replace_product_facts; review.transition_fact_version: 直接写入/修改/删除链按该列或触发器语义执行；未见 fk_fact_versions_approved_by_users 专用预检，数据库 FOREIGN KEY 是 authority,product_facts.replace_product_facts; review.transition_fact_version: 未见按 fk_fact_versions_approved_by_users 专用 diagnostics mapper；失败由最终 owner rollback，异常进入全局 handler（worker 则由独立 Session 处理）,HTTP owner 当前未捕获时全局 409 REVISION_CONFLICT / 数据约束冲突（不泄漏 DB）。,fk_fact_versions_approved_by_users：按 PostgreSQL diagnostics 精确映射；未批准领域 code 时 default500/contract-decision required，禁止错误文本映射。,product_facts.replace_product_facts; review.transition_fact_version 的最终 flush/commit command 或独立 worker Session（间接 helper 不拥有事务）,真实 PostgreSQL FOREIGN KEY sentinel：fk_fact_versions_approved_by_users；仅覆盖直接 owner product_facts.replace_product_facts; review.transition_fact_version / operation replaceProductFactsDraft;submitProductFactReview;approveFactVersion;requestFactVersionChanges;retireFactVersion；断言失败边界、rollback、无 SUCCESS audit
fk_fact_versions_created_by_users,fact_versions,created_by -> users.id [RESTRICT],FOREIGN KEY,"backend/app/migration_schema_v1.py:304-314; backend/alembic/versions/0035_business_workflow_primary_tasks.py:174-198 ; backend/app/models/product_facts.py:27-116 ; contracts/database.md:217,309,416-417",product_facts.replace_product_facts,replaceProductFactsDraft,product_facts.replace_product_facts: 直接写入/修改/删除链按该列或触发器语义执行；未见 fk_fact_versions_created_by_users 专用预检，数据库 FOREIGN KEY 是 authority,product_facts.replace_product_facts: 未见按 fk_fact_versions_created_by_users 专用 diagnostics mapper；失败由最终 owner rollback，异常进入全局 handler（worker 则由独立 Session 处理）,HTTP owner 当前未捕获时全局 409 REVISION_CONFLICT / 数据约束冲突（不泄漏 DB）。,fk_fact_versions_created_by_users：按 PostgreSQL diagnostics 精确映射；未批准领域 code 时 default500/contract-decision required，禁止错误文本映射。,product_facts.replace_product_facts 的最终 flush/commit command 或独立 worker Session（间接 helper 不拥有事务）,真实 PostgreSQL FOREIGN KEY sentinel：fk_fact_versions_created_by_users；仅覆盖直接 owner product_facts.replace_product_facts / operation replaceProductFactsDraft；断言失败边界、rollback、无 SUCCESS audit
fk_fact_versions_product_id_products,fact_versions,product_id -> products.id [RESTRICT],FOREIGN KEY,"backend/app/migration_schema_v1.py:304-314; backend/alembic/versions/0035_business_workflow_primary_tasks.py:174-198 ; backend/app/models/product_facts.py:27-116 ; contracts/database.md:217,309,416-417",product_facts.replace_product_facts,replaceProductFactsDraft,product_facts.replace_product_facts: 直接写入/修改/删除链按该列或触发器语义执行；未见 fk_fact_versions_product_id_products 专用预检，数据库 FOREIGN KEY 是 authority,product_facts.replace_product_facts: 未见按 fk_fact_versions_product_id_products 专用 diagnostics mapper；失败由最终 owner rollback，异常进入全局 handler（worker 则由独立 Session 处理）,HTTP owner 当前未捕获时全局 409 REVISION_CONFLICT / 数据约束冲突（不泄漏 DB）。,fk_fact_versions_product_id_products：按 PostgreSQL diagnostics 精确映射；未批准领域 code 时 default500/contract-decision required，禁止错误文本映射。,product_facts.replace_product_facts 的最终 flush/commit command 或独立 worker Session（间接 helper 不拥有事务）,真实 PostgreSQL FOREIGN KEY sentinel：fk_fact_versions_product_id_products；仅覆盖直接 owner product_facts.replace_product_facts / operation replaceProductFactsDraft；断言失败边界、rollback、无 SUCCESS audit
fk_file_records_uploader_id_users,file_records,uploader_id -> users.id [RESTRICT],FOREIGN KEY,"backend/app/migration_schema_v1.py:657-669; backend/alembic/versions/0008_files.py:20-30 ; backend/app/models/geo_files.py:24-125 ; contracts/database.md:65-69,431-432",file_records.create_upload_intent; platform_logo_files.create_platform_logo_candidate,createFileUploadIntent;createPlatformLogoCandidate,file_records.create_upload_intent; platform_logo_files.create_platform_logo_candidate: 直接写入/修改/删除链按该列或触发器语义执行；未见 fk_file_records_uploader_id_users 专用预检，数据库 FOREIGN KEY 是 authority,file_records.create_upload_intent; platform_logo_files.create_platform_logo_candidate: 未见按 fk_file_records_uploader_id_users 专用 diagnostics mapper；失败由最终 owner rollback，异常进入全局 handler（worker 则由独立 Session 处理）,HTTP owner 当前未捕获时全局 409 REVISION_CONFLICT / 数据约束冲突（不泄漏 DB）。,fk_file_records_uploader_id_users：按 PostgreSQL diagnostics 精确映射；未批准领域 code 时 default500/contract-decision required，禁止错误文本映射。,file_records.create_upload_intent; platform_logo_files.create_platform_logo_candidate 的最终 flush/commit command 或独立 worker Session（间接 helper 不拥有事务）,真实 PostgreSQL FOREIGN KEY sentinel：fk_file_records_uploader_id_users；仅覆盖直接 owner file_records.create_upload_intent; platform_logo_files.create_platform_logo_candidate / operation createFileUploadIntent;createPlatformLogoCandidate；断言失败边界、rollback、无 SUCCESS audit
fk_generation_jobs_ai_channel_id,generation_jobs,ai_channel_id -> ai_channels.id [SET NULL],FOREIGN KEY,"backend/app/migration_schema_v1.py:426-465; backend/alembic/versions/0009_config_center.py:244-280; backend/alembic/versions/0011_generation_reliability.py:22-34 ; backend/app/models/ai_generation.py:29-228 ; contracts/database.md:43,81,91,129,436-440",content_production.create_generation_job; content_production.create_humanization_job; content_production.retry_generation_job,createGenerationJob;createHumanizationJob;retryGenerationJob,content_production.create_generation_job; content_production.create_humanization_job; content_production.retry_generation_job: 直接写入/修改/删除链按该约束列或触发器语义执行；未见 fk_generation_jobs_ai_channel_id 专用预检，数据库 FOREIGN KEY 是 authority,content_production.create_generation_job; content_production.create_humanization_job; content_production.retry_generation_job: 未见按 fk_generation_jobs_ai_channel_id 专用 diagnostics mapper；失败由最终 owner rollback，异常进入全局 handler（worker 则由独立 Session 处理）,HTTP owner 当前未捕获时全局 409 REVISION_CONFLICT / 数据约束冲突（不泄漏 DB）。,fk_generation_jobs_ai_channel_id：按 PostgreSQL diagnostics 精确映射；未批准领域 code 时 default500/contract-decision required，禁止错误文本映射。,content_production.create_generation_job; content_production.create_humanization_job; content_production.retry_generation_job 的最终 flush/commit command 或独立 worker Session（间接 helper 不拥有事务）,真实 PostgreSQL FOREIGN KEY sentinel：fk_generation_jobs_ai_channel_id；仅覆盖直接 owner content_production.create_generation_job; content_production.create_humanization_job; content_production.retry_generation_job / operation createGenerationJob;createHumanizationJob;retryGenerationJob；断言失败边界、rollback、无 SUCCESS audit
fk_generation_jobs_ai_model_id,generation_jobs,ai_model_id -> ai_models.id [SET NULL],FOREIGN KEY,"backend/app/migration_schema_v1.py:426-465; backend/alembic/versions/0009_config_center.py:244-280; backend/alembic/versions/0011_generation_reliability.py:22-34 ; backend/app/models/ai_generation.py:29-228 ; contracts/database.md:43,81,91,129,436-440",content_production.create_generation_job; content_production.create_humanization_job; content_production.retry_generation_job,createGenerationJob;createHumanizationJob;retryGenerationJob,content_production.create_generation_job; content_production.create_humanization_job; content_production.retry_generation_job: 直接写入/修改/删除链按该约束列或触发器语义执行；未见 fk_generation_jobs_ai_model_id 专用预检，数据库 FOREIGN KEY 是 authority,content_production.create_generation_job; content_production.create_humanization_job; content_production.retry_generation_job: 未见按 fk_generation_jobs_ai_model_id 专用 diagnostics mapper；失败由最终 owner rollback，异常进入全局 handler（worker 则由独立 Session 处理）,HTTP owner 当前未捕获时全局 409 REVISION_CONFLICT / 数据约束冲突（不泄漏 DB）。,fk_generation_jobs_ai_model_id：按 PostgreSQL diagnostics 精确映射；未批准领域 code 时 default500/contract-decision required，禁止错误文本映射。,content_production.create_generation_job; content_production.create_humanization_job; content_production.retry_generation_job 的最终 flush/commit command 或独立 worker Session（间接 helper 不拥有事务）,真实 PostgreSQL FOREIGN KEY sentinel：fk_generation_jobs_ai_model_id；仅覆盖直接 owner content_production.create_generation_job; content_production.create_humanization_job; content_production.retry_generation_job / operation createGenerationJob;createHumanizationJob;retryGenerationJob；断言失败边界、rollback、无 SUCCESS audit
fk_generation_jobs_content_task_id_content_tasks,generation_jobs,content_task_id -> content_tasks.id [RESTRICT],FOREIGN KEY,"backend/app/migration_schema_v1.py:426-465; backend/alembic/versions/0009_config_center.py:244-280; backend/alembic/versions/0011_generation_reliability.py:22-34 ; backend/app/models/ai_generation.py:29-228 ; contracts/database.md:43,81,91,129,436-440",content_production.create_generation_job; content_production.create_humanization_job; content_production.retry_generation_job,createGenerationJob;createHumanizationJob;retryGenerationJob,content_production.create_generation_job; content_production.create_humanization_job; content_production.retry_generation_job: 直接写入/修改/删除链按该约束列或触发器语义执行；未见 fk_generation_jobs_content_task_id_content_tasks 专用预检，数据库 FOREIGN KEY 是 authority,content_production.create_generation_job; content_production.create_humanization_job; content_production.retry_generation_job: 未见按 fk_generation_jobs_content_task_id_content_tasks 专用 diagnostics mapper；失败由最终 owner rollback，异常进入全局 handler（worker 则由独立 Session 处理）,HTTP owner 当前未捕获时全局 409 REVISION_CONFLICT / 数据约束冲突（不泄漏 DB）。,fk_generation_jobs_content_task_id_content_tasks：按 PostgreSQL diagnostics 精确映射；未批准领域 code 时 default500/contract-decision required，禁止错误文本映射。,content_production.create_generation_job; content_production.create_humanization_job; content_production.retry_generation_job 的最终 flush/commit command 或独立 worker Session（间接 helper 不拥有事务）,真实 PostgreSQL FOREIGN KEY sentinel：fk_generation_jobs_content_task_id_content_tasks；仅覆盖直接 owner content_production.create_generation_job; content_production.create_humanization_job; content_production.retry_generation_job / operation createGenerationJob;createHumanizationJob;retryGenerationJob；断言失败边界、rollback、无 SUCCESS audit
fk_generation_jobs_content_version_id_content_versions,generation_jobs,content_version_id -> content_versions.id [RESTRICT],FOREIGN KEY,"backend/app/migration_schema_v1.py:426-465; backend/alembic/versions/0009_config_center.py:244-280; backend/alembic/versions/0011_generation_reliability.py:22-34 ; backend/app/models/ai_generation.py:29-228 ; contracts/database.md:43,81,91,129,436-440",generation.process_generation_job,无 HTTP operationId（generation.process_generation_job worker）,generation.process_generation_job: 直接写入/修改/删除链按该约束列或触发器语义执行；未见 fk_generation_jobs_content_version_id_content_versions 专用预检，数据库 FOREIGN KEY 是 authority,generation.process_generation_job: 未见按 fk_generation_jobs_content_version_id_content_versions 专用 diagnostics mapper；失败由最终 owner rollback，异常进入全局 handler（worker 则由独立 Session 处理）,HTTP owner 当前未捕获时全局 409 REVISION_CONFLICT；worker 无 HTTP operationId，失败由 worker Session rollback/FAILED 记录。,fk_generation_jobs_content_version_id_content_versions：按 PostgreSQL diagnostics 精确映射；未批准领域 code 时 default500/contract-decision required，禁止错误文本映射。,generation.process_generation_job 的最终 flush/commit command 或独立 worker Session（间接 helper 不拥有事务）,真实 PostgreSQL FOREIGN KEY sentinel：fk_generation_jobs_content_version_id_content_versions；仅覆盖直接 owner generation.process_generation_job / operation 无 HTTP operationId（generation.process_generation_job worker）；断言失败边界、rollback、无 SUCCESS audit
fk_generation_jobs_created_by_users,generation_jobs,created_by -> users.id [RESTRICT],FOREIGN KEY,"backend/app/migration_schema_v1.py:426-465; backend/alembic/versions/0009_config_center.py:244-280; backend/alembic/versions/0011_generation_reliability.py:22-34 ; backend/app/models/ai_generation.py:29-228 ; contracts/database.md:43,81,91,129,436-440",content_production.create_generation_job; content_production.create_humanization_job; content_production.retry_generation_job,createGenerationJob;createHumanizationJob;retryGenerationJob,content_production.create_generation_job; content_production.create_humanization_job; content_production.retry_generation_job: 直接写入/修改/删除链按该约束列或触发器语义执行；未见 fk_generation_jobs_created_by_users 专用预检，数据库 FOREIGN KEY 是 authority,content_production.create_generation_job; content_production.create_humanization_job; content_production.retry_generation_job: 未见按 fk_generation_jobs_created_by_users 专用 diagnostics mapper；失败由最终 owner rollback，异常进入全局 handler（worker 则由独立 Session 处理）,HTTP owner 当前未捕获时全局 409 REVISION_CONFLICT / 数据约束冲突（不泄漏 DB）。,fk_generation_jobs_created_by_users：按 PostgreSQL diagnostics 精确映射；未批准领域 code 时 default500/contract-decision required，禁止错误文本映射。,content_production.create_generation_job; content_production.create_humanization_job; content_production.retry_generation_job 的最终 flush/commit command 或独立 worker Session（间接 helper 不拥有事务）,真实 PostgreSQL FOREIGN KEY sentinel：fk_generation_jobs_created_by_users；仅覆盖直接 owner content_production.create_generation_job; content_production.create_humanization_job; content_production.retry_generation_job / operation createGenerationJob;createHumanizationJob;retryGenerationJob；断言失败边界、rollback、无 SUCCESS audit
fk_generation_jobs_retry_of_id_generation_jobs,generation_jobs,retry_of_id -> generation_jobs.id [RESTRICT],FOREIGN KEY,"backend/app/migration_schema_v1.py:426-465; backend/alembic/versions/0009_config_center.py:244-280; backend/alembic/versions/0011_generation_reliability.py:22-34 ; backend/app/models/ai_generation.py:29-228 ; contracts/database.md:43,81,91,129,436-440",content_production.retry_generation_job,retryGenerationJob,content_production.retry_generation_job: 直接写入/修改/删除链按该约束列或触发器语义执行；未见 fk_generation_jobs_retry_of_id_generation_jobs 专用预检，数据库 FOREIGN KEY 是 authority,content_production.retry_generation_job: 未见按 fk_generation_jobs_retry_of_id_generation_jobs 专用 diagnostics mapper；失败由最终 owner rollback，异常进入全局 handler（worker 则由独立 Session 处理）,HTTP owner 当前未捕获时全局 409 REVISION_CONFLICT / 数据约束冲突（不泄漏 DB）。,fk_generation_jobs_retry_of_id_generation_jobs：按 PostgreSQL diagnostics 精确映射；未批准领域 code 时 default500/contract-decision required，禁止错误文本映射。,content_production.retry_generation_job 的最终 flush/commit command 或独立 worker Session（间接 helper 不拥有事务）,真实 PostgreSQL FOREIGN KEY sentinel：fk_generation_jobs_retry_of_id_generation_jobs；仅覆盖直接 owner content_production.retry_generation_job / operation retryGenerationJob；断言失败边界、rollback、无 SUCCESS audit
fk_generation_jobs_source_content_version_id_content_versions,generation_jobs,source_content_version_id -> content_versions.id [RESTRICT],FOREIGN KEY,"backend/app/migration_schema_v1.py:426-465; backend/alembic/versions/0009_config_center.py:244-280; backend/alembic/versions/0011_generation_reliability.py:22-34 ; backend/app/models/ai_generation.py:29-228 ; contracts/database.md:43,81,91,129,436-440",content_production.create_humanization_job,createHumanizationJob,content_production.create_humanization_job: 直接写入/修改/删除链按该约束列或触发器语义执行；未见 fk_generation_jobs_source_content_version_id_content_versions 专用预检，数据库 FOREIGN KEY 是 authority,content_production.create_humanization_job: 未见按 fk_generation_jobs_source_content_version_id_content_versions 专用 diagnostics mapper；失败由最终 owner rollback，异常进入全局 handler（worker 则由独立 Session 处理）,HTTP owner 当前未捕获时全局 409 REVISION_CONFLICT / 数据约束冲突（不泄漏 DB）。,fk_generation_jobs_source_content_version_id_content_versions：按 PostgreSQL diagnostics 精确映射；未批准领域 code 时 default500/contract-decision required，禁止错误文本映射。,content_production.create_humanization_job 的最终 flush/commit command 或独立 worker Session（间接 helper 不拥有事务）,真实 PostgreSQL FOREIGN KEY sentinel：fk_generation_jobs_source_content_version_id_content_versions；仅覆盖直接 owner content_production.create_humanization_job / operation createHumanizationJob；断言失败边界、rollback、无 SUCCESS audit
fk_geo_observation_attachments_file_id_file_records,geo_observation_attachments,file_id -> file_records.id [RESTRICT],FOREIGN KEY,"backend/app/migration_schema_v1.py:680-704; backend/alembic/versions/0008_files.py:25-30 ; backend/app/models/geo_files.py:24-125 ; contracts/database.md:69,267-269,432",geo_observation.create_geo_observation; geo_observation.delete_geo_observation; publication.permanently_delete_content_task,createGeoObservation;deleteGeoObservation;permanentlyDeleteContentTask,geo_observation.create_geo_observation; geo_observation.delete_geo_observation; publication.permanently_delete_content_task: 直接写入/修改/删除链按该约束列或触发器语义执行；未见 fk_geo_observation_attachments_file_id_file_records 专用预检，数据库 FOREIGN KEY 是 authority,geo_observation.create_geo_observation; geo_observation.delete_geo_observation; publication.permanently_delete_content_task: 未见按 fk_geo_observation_attachments_file_id_file_records 专用 diagnostics mapper；失败由最终 owner rollback，异常进入全局 handler（worker 则由独立 Session 处理）,HTTP owner 当前未捕获时全局 409 REVISION_CONFLICT / 数据约束冲突（不泄漏 DB）。,fk_geo_observation_attachments_file_id_file_records：按 PostgreSQL diagnostics 精确映射；未批准领域 code 时 default500/contract-decision required，禁止错误文本映射。,geo_observation.create_geo_observation; geo_observation.delete_geo_observation; publication.permanently_delete_content_task 的最终 flush/commit command 或独立 worker Session（间接 helper 不拥有事务）,真实 PostgreSQL FOREIGN KEY sentinel：fk_geo_observation_attachments_file_id_file_records；仅覆盖直接 owner geo_observation.create_geo_observation; geo_observation.delete_geo_observation; publication.permanently_delete_content_task / operation createGeoObservation;deleteGeoObservation;permanentlyDeleteContentTask；断言失败边界、rollback、无 SUCCESS audit
fk_geo_observation_attachments_observation_id_geo_observations,geo_observation_attachments,observation_id -> geo_observations.id [RESTRICT],FOREIGN KEY,"backend/app/migration_schema_v1.py:680-704; backend/alembic/versions/0008_files.py:25-30 ; backend/app/models/geo_files.py:24-125 ; contracts/database.md:69,267-269,432",geo_observation.create_geo_observation; geo_observation.delete_geo_observation; publication.permanently_delete_content_task,createGeoObservation;deleteGeoObservation;permanentlyDeleteContentTask,geo_observation.create_geo_observation; geo_observation.delete_geo_observation; publication.permanently_delete_content_task: 直接写入/修改/删除链按该约束列或触发器语义执行；未见 fk_geo_observation_attachments_observation_id_geo_observations 专用预检，数据库 FOREIGN KEY 是 authority,geo_observation.create_geo_observation; geo_observation.delete_geo_observation; publication.permanently_delete_content_task: 未见按 fk_geo_observation_attachments_observation_id_geo_observations 专用 diagnostics mapper；失败由最终 owner rollback，异常进入全局 handler（worker 则由独立 Session 处理）,HTTP owner 当前未捕获时全局 409 REVISION_CONFLICT / 数据约束冲突（不泄漏 DB）。,fk_geo_observation_attachments_observation_id_geo_observations：按 PostgreSQL diagnostics 精确映射；未批准领域 code 时 default500/contract-decision required，禁止错误文本映射。,geo_observation.create_geo_observation; geo_observation.delete_geo_observation; publication.permanently_delete_content_task 的最终 flush/commit command 或独立 worker Session（间接 helper 不拥有事务）,真实 PostgreSQL FOREIGN KEY sentinel：fk_geo_observation_attachments_observation_id_geo_observations；仅覆盖直接 owner geo_observation.create_geo_observation; geo_observation.delete_geo_observation; publication.permanently_delete_content_task / operation createGeoObservation;deleteGeoObservation;permanentlyDeleteContentTask；断言失败边界、rollback、无 SUCCESS audit
fk_geo_observation_citations_observation_id_geo_observations,geo_observation_citations,observation_id -> geo_observations.id [RESTRICT],FOREIGN KEY,"backend/app/migration_schema_v1.py:628-637; backend/alembic/versions/0034_publication_workflow_redesign.py:729-736; backend/alembic/versions/0037_simplify_deletion_lifecycle.py:194-199 ; backend/app/models/geo_files.py:24-125 ; contracts/database.md:305,333,457-458",geo_observation.create_geo_observation; geo_observation.delete_geo_observation; publication.permanently_delete_content_task,createGeoObservation;deleteGeoObservation;permanentlyDeleteContentTask,geo_observation.create_geo_observation; geo_observation.delete_geo_observation; publication.permanently_delete_content_task: 直接写入/修改/删除链按该约束列或触发器语义执行；未见 fk_geo_observation_citations_observation_id_geo_observations 专用预检，数据库 FOREIGN KEY 是 authority,geo_observation.create_geo_observation; geo_observation.delete_geo_observation; publication.permanently_delete_content_task: 未见按 fk_geo_observation_citations_observation_id_geo_observations 专用 diagnostics mapper；失败由最终 owner rollback，异常进入全局 handler（worker 则由独立 Session 处理）,HTTP owner 当前未捕获时全局 409 REVISION_CONFLICT / 数据约束冲突（不泄漏 DB）。,fk_geo_observation_citations_observation_id_geo_observations：按 PostgreSQL diagnostics 精确映射；未批准领域 code 时 default500/contract-decision required，禁止错误文本映射。,geo_observation.create_geo_observation; geo_observation.delete_geo_observation; publication.permanently_delete_content_task 的最终 flush/commit command 或独立 worker Session（间接 helper 不拥有事务）,真实 PostgreSQL FOREIGN KEY sentinel：fk_geo_observation_citations_observation_id_geo_observations；仅覆盖直接 owner geo_observation.create_geo_observation; geo_observation.delete_geo_observation; publication.permanently_delete_content_task / operation createGeoObservation;deleteGeoObservation;permanentlyDeleteContentTask；断言失败边界、rollback、无 SUCCESS audit
fk_geo_citations_published_article,geo_observation_citations,published_article_id -> published_articles.id [SET NULL],FOREIGN KEY,"backend/app/migration_schema_v1.py:628-637; backend/alembic/versions/0034_publication_workflow_redesign.py:729-736; backend/alembic/versions/0037_simplify_deletion_lifecycle.py:194-199 ; backend/app/models/geo_files.py:24-125 ; contracts/database.md:305,333,457-458",geo_observation.create_geo_observation; geo_observation.delete_geo_observation; publication.permanently_delete_content_task,createGeoObservation;deleteGeoObservation;permanentlyDeleteContentTask,geo_observation.create_geo_observation; geo_observation.delete_geo_observation; publication.permanently_delete_content_task: 直接写入/修改/删除链按该约束列或触发器语义执行；未见 fk_geo_citations_published_article 专用预检，数据库 FOREIGN KEY 是 authority,geo_observation.create_geo_observation; geo_observation.delete_geo_observation; publication.permanently_delete_content_task: 未见按 fk_geo_citations_published_article 专用 diagnostics mapper；失败由最终 owner rollback，异常进入全局 handler（worker 则由独立 Session 处理）,HTTP owner 当前未捕获时全局 409 REVISION_CONFLICT / 数据约束冲突（不泄漏 DB）。,fk_geo_citations_published_article：按 PostgreSQL diagnostics 精确映射；未批准领域 code 时 default500/contract-decision required，禁止错误文本映射。,geo_observation.create_geo_observation; geo_observation.delete_geo_observation; publication.permanently_delete_content_task 的最终 flush/commit command 或独立 worker Session（间接 helper 不拥有事务）,真实 PostgreSQL FOREIGN KEY sentinel：fk_geo_citations_published_article；仅覆盖直接 owner geo_observation.create_geo_observation; geo_observation.delete_geo_observation; publication.permanently_delete_content_task / operation createGeoObservation;deleteGeoObservation;permanentlyDeleteContentTask；断言失败边界、rollback、无 SUCCESS audit
fk_geo_observation_publications_observation_id_geo_observations,geo_observation_publications,observation_id -> geo_observations.id [RESTRICT],FOREIGN KEY,"backend/app/migration_schema_v1.py:643-652; backend/alembic/versions/0034_publication_workflow_redesign.py:737-743; backend/alembic/versions/0037_simplify_deletion_lifecycle.py:200-206 ; backend/app/models/geo_files.py:24-125 ; contracts/database.md:305,333,457-458",geo_observation.create_geo_observation; geo_observation.delete_geo_observation; publication.permanently_delete_content_task,createGeoObservation;deleteGeoObservation;permanentlyDeleteContentTask,geo_observation.create_geo_observation; geo_observation.delete_geo_observation; publication.permanently_delete_content_task: 直接写入/修改/删除链按该约束列或触发器语义执行；未见 fk_geo_observation_publications_observation_id_geo_observations 专用预检，数据库 FOREIGN KEY 是 authority,geo_observation.create_geo_observation; geo_observation.delete_geo_observation; publication.permanently_delete_content_task: 未见按 fk_geo_observation_publications_observation_id_geo_observations 专用 diagnostics mapper；失败由最终 owner rollback，异常进入全局 handler（worker 则由独立 Session 处理）,HTTP owner 当前未捕获时全局 409 REVISION_CONFLICT / 数据约束冲突（不泄漏 DB）。,fk_geo_observation_publications_observation_id_geo_observations：按 PostgreSQL diagnostics 精确映射；未批准领域 code 时 default500/contract-decision required，禁止错误文本映射。,geo_observation.create_geo_observation; geo_observation.delete_geo_observation; publication.permanently_delete_content_task 的最终 flush/commit command 或独立 worker Session（间接 helper 不拥有事务）,真实 PostgreSQL FOREIGN KEY sentinel：fk_geo_observation_publications_observation_id_geo_observations；仅覆盖直接 owner geo_observation.create_geo_observation; geo_observation.delete_geo_observation; publication.permanently_delete_content_task / operation createGeoObservation;deleteGeoObservation;permanentlyDeleteContentTask；断言失败边界、rollback、无 SUCCESS audit
fk_geo_publications_published_article,geo_observation_publications,published_article_id -> published_articles.id [CASCADE],FOREIGN KEY,"backend/app/migration_schema_v1.py:643-652; backend/alembic/versions/0034_publication_workflow_redesign.py:737-743; backend/alembic/versions/0037_simplify_deletion_lifecycle.py:200-206 ; backend/app/models/geo_files.py:24-125 ; contracts/database.md:305,333,457-458",geo_observation.create_geo_observation; geo_observation.delete_geo_observation; publication.permanently_delete_content_task,createGeoObservation;deleteGeoObservation;permanentlyDeleteContentTask,geo_observation.create_geo_observation; geo_observation.delete_geo_observation; publication.permanently_delete_content_task: 直接写入/修改/删除链按该约束列或触发器语义执行；未见 fk_geo_publications_published_article 专用预检，数据库 FOREIGN KEY 是 authority,geo_observation.create_geo_observation; geo_observation.delete_geo_observation; publication.permanently_delete_content_task: 未见按 fk_geo_publications_published_article 专用 diagnostics mapper；失败由最终 owner rollback，异常进入全局 handler（worker 则由独立 Session 处理）,HTTP owner 当前未捕获时全局 409 REVISION_CONFLICT / 数据约束冲突（不泄漏 DB）。,fk_geo_publications_published_article：按 PostgreSQL diagnostics 精确映射；未批准领域 code 时 default500/contract-decision required，禁止错误文本映射。,geo_observation.create_geo_observation; geo_observation.delete_geo_observation; publication.permanently_delete_content_task 的最终 flush/commit command 或独立 worker Session（间接 helper 不拥有事务）,真实 PostgreSQL FOREIGN KEY sentinel：fk_geo_publications_published_article；仅覆盖直接 owner geo_observation.create_geo_observation; geo_observation.delete_geo_observation; publication.permanently_delete_content_task / operation createGeoObservation;deleteGeoObservation;permanentlyDeleteContentTask；断言失败边界、rollback、无 SUCCESS audit
fk_geo_observations_product_id_products,geo_observations,product_id -> products.id [RESTRICT],FOREIGN KEY,"backend/app/migration_schema_v1.py:596-619; backend/alembic/versions/0007_geo_observation.py:1-40 ; backend/app/models/geo_files.py:24-125 ; contracts/database.md:63,185,457-459",geo_observation.create_geo_observation; geo_observation.delete_geo_observation; publication.permanently_delete_content_task,createGeoObservation;deleteGeoObservation;permanentlyDeleteContentTask,geo_observation.create_geo_observation; geo_observation.delete_geo_observation; publication.permanently_delete_content_task: 直接写入/修改/删除链按该约束列或触发器语义执行；未见 fk_geo_observations_product_id_products 专用预检，数据库 FOREIGN KEY 是 authority,geo_observation.create_geo_observation; geo_observation.delete_geo_observation; publication.permanently_delete_content_task: 未见按 fk_geo_observations_product_id_products 专用 diagnostics mapper；失败由最终 owner rollback，异常进入全局 handler（worker 则由独立 Session 处理）,HTTP owner 当前未捕获时全局 409 REVISION_CONFLICT / 数据约束冲突（不泄漏 DB）。,fk_geo_observations_product_id_products：按 PostgreSQL diagnostics 精确映射；未批准领域 code 时 default500/contract-decision required，禁止错误文本映射。,geo_observation.create_geo_observation; geo_observation.delete_geo_observation; publication.permanently_delete_content_task 的最终 flush/commit command 或独立 worker Session（间接 helper 不拥有事务）,真实 PostgreSQL FOREIGN KEY sentinel：fk_geo_observations_product_id_products；仅覆盖直接 owner geo_observation.create_geo_observation; geo_observation.delete_geo_observation; publication.permanently_delete_content_task / operation createGeoObservation;deleteGeoObservation;permanentlyDeleteContentTask；断言失败边界、rollback、无 SUCCESS audit
fk_geo_observations_query_topic_id_query_topics,geo_observations,query_topic_id -> query_topics.id [RESTRICT],FOREIGN KEY,"backend/app/migration_schema_v1.py:596-619; backend/alembic/versions/0007_geo_observation.py:1-40 ; backend/app/models/geo_files.py:24-125 ; contracts/database.md:63,185,457-459",geo_observation.create_geo_observation; geo_observation.delete_geo_observation; publication.permanently_delete_content_task,createGeoObservation;deleteGeoObservation;permanentlyDeleteContentTask,geo_observation.create_geo_observation; geo_observation.delete_geo_observation; publication.permanently_delete_content_task: 直接写入/修改/删除链按该约束列或触发器语义执行；未见 fk_geo_observations_query_topic_id_query_topics 专用预检，数据库 FOREIGN KEY 是 authority,geo_observation.create_geo_observation; geo_observation.delete_geo_observation; publication.permanently_delete_content_task: 未见按 fk_geo_observations_query_topic_id_query_topics 专用 diagnostics mapper；失败由最终 owner rollback，异常进入全局 handler（worker 则由独立 Session 处理）,HTTP owner 当前未捕获时全局 409 REVISION_CONFLICT / 数据约束冲突（不泄漏 DB）。,fk_geo_observations_query_topic_id_query_topics：按 PostgreSQL diagnostics 精确映射；未批准领域 code 时 default500/contract-decision required，禁止错误文本映射。,geo_observation.create_geo_observation; geo_observation.delete_geo_observation; publication.permanently_delete_content_task 的最终 flush/commit command 或独立 worker Session（间接 helper 不拥有事务）,真实 PostgreSQL FOREIGN KEY sentinel：fk_geo_observations_query_topic_id_query_topics；仅覆盖直接 owner geo_observation.create_geo_observation; geo_observation.delete_geo_observation; publication.permanently_delete_content_task / operation createGeoObservation;deleteGeoObservation;permanentlyDeleteContentTask；断言失败边界、rollback、无 SUCCESS audit
fk_geo_observations_supersedes_id_geo_observations,geo_observations,supersedes_id -> geo_observations.id [RESTRICT],FOREIGN KEY,"backend/app/migration_schema_v1.py:596-619; backend/alembic/versions/0007_geo_observation.py:1-40 ; backend/app/models/geo_files.py:24-125 ; contracts/database.md:63,185,457-459",geo_observation.create_geo_observation; geo_observation.delete_geo_observation; publication.permanently_delete_content_task,createGeoObservation;deleteGeoObservation;permanentlyDeleteContentTask,geo_observation.create_geo_observation; geo_observation.delete_geo_observation; publication.permanently_delete_content_task: 直接写入/修改/删除链按该约束列或触发器语义执行；未见 fk_geo_observations_supersedes_id_geo_observations 专用预检，数据库 FOREIGN KEY 是 authority,geo_observation.create_geo_observation; geo_observation.delete_geo_observation; publication.permanently_delete_content_task: 未见按 fk_geo_observations_supersedes_id_geo_observations 专用 diagnostics mapper；失败由最终 owner rollback，异常进入全局 handler（worker 则由独立 Session 处理）,HTTP owner 当前未捕获时全局 409 REVISION_CONFLICT / 数据约束冲突（不泄漏 DB）。,fk_geo_observations_supersedes_id_geo_observations：按 PostgreSQL diagnostics 精确映射；未批准领域 code 时 default500/contract-decision required，禁止错误文本映射。,geo_observation.create_geo_observation; geo_observation.delete_geo_observation; publication.permanently_delete_content_task 的最终 flush/commit command 或独立 worker Session（间接 helper 不拥有事务）,真实 PostgreSQL FOREIGN KEY sentinel：fk_geo_observations_supersedes_id_geo_observations；仅覆盖直接 owner geo_observation.create_geo_observation; geo_observation.delete_geo_observation; publication.permanently_delete_content_task / operation createGeoObservation;deleteGeoObservation;permanentlyDeleteContentTask；断言失败边界、rollback、无 SUCCESS audit
fk_geo_observations_tested_by_users,geo_observations,tested_by -> users.id [RESTRICT],FOREIGN KEY,"backend/app/migration_schema_v1.py:596-619; backend/alembic/versions/0007_geo_observation.py:1-40 ; backend/app/models/geo_files.py:24-125 ; contracts/database.md:63,185,457-459",geo_observation.create_geo_observation; geo_observation.delete_geo_observation; publication.permanently_delete_content_task,createGeoObservation;deleteGeoObservation;permanentlyDeleteContentTask,geo_observation.create_geo_observation; geo_observation.delete_geo_observation; publication.permanently_delete_content_task: 直接写入/修改/删除链按该约束列或触发器语义执行；未见 fk_geo_observations_tested_by_users 专用预检，数据库 FOREIGN KEY 是 authority,geo_observation.create_geo_observation; geo_observation.delete_geo_observation; publication.permanently_delete_content_task: 未见按 fk_geo_observations_tested_by_users 专用 diagnostics mapper；失败由最终 owner rollback，异常进入全局 handler（worker 则由独立 Session 处理）,HTTP owner 当前未捕获时全局 409 REVISION_CONFLICT / 数据约束冲突（不泄漏 DB）。,fk_geo_observations_tested_by_users：按 PostgreSQL diagnostics 精确映射；未批准领域 code 时 default500/contract-decision required，禁止错误文本映射。,geo_observation.create_geo_observation; geo_observation.delete_geo_observation; publication.permanently_delete_content_task 的最终 flush/commit command 或独立 worker Session（间接 helper 不拥有事务）,真实 PostgreSQL FOREIGN KEY sentinel：fk_geo_observations_tested_by_users；仅覆盖直接 owner geo_observation.create_geo_observation; geo_observation.delete_geo_observation; publication.permanently_delete_content_task / operation createGeoObservation;deleteGeoObservation;permanentlyDeleteContentTask；断言失败边界、rollback、无 SUCCESS audit
fk_platform_accounts_platform_profile_id_platform_profiles,platform_accounts,platform_profile_id -> platform_profiles.id [CASCADE],FOREIGN KEY,"backend/alembic/versions/0026_publication_account_dedup.py:47-71 ; backend/app/models/publication.py:28-290 ; contracts/database.md:201,335,446",publication.create_platform_account; publication.update_platform_account; publication.set_platform_account_enabled; publication.delete_platform_account,createPlatformAccount;updatePlatformAccount;enablePlatformAccount;disablePlatformAccount;deletePlatformAccount,publication.create_platform_account; publication.update_platform_account; publication.set_platform_account_enabled; publication.delete_platform_account: 直接写入/删除链对 platform_profiles.id [CASCADE] 的加载或锁定仅作业务门禁；未见针对 fk_platform_accounts_platform_profile_id_platform_profiles 的 conname 预检，FK 仍是 authority,publication.create_platform_account; publication.update_platform_account; publication.set_platform_account_enabled; publication.delete_platform_account: 无 fk_platform_accounts_platform_profile_id_platform_profiles 专用 diagnostics mapper；HTTP 异常进入 errors.py:76-79 全局 handler，无 HTTP owner 仅由 worker 失败,当前 HTTP owner 全局 409 REVISION_CONFLICT / 数据约束冲突（不泄漏 DB）,fk_platform_accounts_platform_profile_id_platform_profiles 仅批准的引用/删除语义可 409；应按 diag.constraint_name 精确映射，未知 default500/contract-decision required,publication.create_platform_account; publication.update_platform_account; publication.set_platform_account_enabled; publication.delete_platform_account 的直接 command 顶层 Session（由 owner 负责 flush/commit/rollback）,真实 PostgreSQL FOREIGN KEY sentinel：fk_platform_accounts_platform_profile_id_platform_profiles；仅覆盖直接 owner publication.create_platform_account; publication.update_platform_account; publication.set_platform_account_enabled; publication.delete_platform_account / operation createPlatformAccount;updatePlatformAccount;enablePlatformAccount;disablePlatformAccount;deletePlatformAccount；断言 diagnostics/HTTP 或 worker 失败边界、rollback、无 SUCCESS audit
fk_platform_profiles_logo_file_id_file_records,platform_profiles,logo_file_id -> file_records.id [RESTRICT],FOREIGN KEY,"backend/app/migration_schema_v1.py:362-381; backend/alembic/versions/0009_config_center.py:847-855; backend/alembic/versions/0031_reusable_platform_prompts.py:45-56 ; backend/app/models/configuration.py:26-125 ; contracts/database.md:193-201,221-225,431",content_planning.create_platform_profile; platform_configuration.update_platform_profile,createPlatformProfile;updatePlatformProfile,content_planning.create_platform_profile; platform_configuration.update_platform_profile: 直接写入/修改/删除链按该约束列或触发器语义执行；未见 fk_platform_profiles_logo_file_id_file_records 专用预检，数据库 FOREIGN KEY 是 authority,content_planning.create_platform_profile; platform_configuration.update_platform_profile: 未见按 fk_platform_profiles_logo_file_id_file_records 专用 diagnostics mapper；失败由最终 owner rollback，异常进入全局 handler（worker 则由独立 Session 处理）,HTTP owner 当前未捕获时全局 409 REVISION_CONFLICT / 数据约束冲突（不泄漏 DB）。,fk_platform_profiles_logo_file_id_file_records：按 PostgreSQL diagnostics 精确映射；未批准领域 code 时 default500/contract-decision required，禁止错误文本映射。,content_planning.create_platform_profile; platform_configuration.update_platform_profile 的最终 flush/commit command 或独立 worker Session（间接 helper 不拥有事务）,真实 PostgreSQL FOREIGN KEY sentinel：fk_platform_profiles_logo_file_id_file_records；仅覆盖直接 owner content_planning.create_platform_profile; platform_configuration.update_platform_profile / operation createPlatformProfile;updatePlatformProfile；断言失败边界、rollback、无 SUCCESS audit
fk_platform_profiles_platform_prompt_id,platform_profiles,platform_prompt_id -> platform_prompts.id [RESTRICT],FOREIGN KEY,"backend/app/migration_schema_v1.py:362-381; backend/alembic/versions/0009_config_center.py:847-855; backend/alembic/versions/0031_reusable_platform_prompts.py:45-56 ; backend/app/models/configuration.py:26-125 ; contracts/database.md:193-201,221-225,431",content_planning.create_platform_profile; platform_configuration.update_platform_profile,createPlatformProfile;updatePlatformProfile,content_planning.create_platform_profile; platform_configuration.update_platform_profile: 直接写入/修改/删除链按该约束列或触发器语义执行；未见 fk_platform_profiles_platform_prompt_id 专用预检，数据库 FOREIGN KEY 是 authority,content_planning.create_platform_profile; platform_configuration.update_platform_profile: 未见按 fk_platform_profiles_platform_prompt_id 专用 diagnostics mapper；失败由最终 owner rollback，异常进入全局 handler（worker 则由独立 Session 处理）,HTTP owner 当前未捕获时全局 409 REVISION_CONFLICT / 数据约束冲突（不泄漏 DB）。,fk_platform_profiles_platform_prompt_id：按 PostgreSQL diagnostics 精确映射；未批准领域 code 时 default500/contract-decision required，禁止错误文本映射。,content_planning.create_platform_profile; platform_configuration.update_platform_profile 的最终 flush/commit command 或独立 worker Session（间接 helper 不拥有事务）,真实 PostgreSQL FOREIGN KEY sentinel：fk_platform_profiles_platform_prompt_id；仅覆盖直接 owner content_planning.create_platform_profile; platform_configuration.update_platform_profile / operation createPlatformProfile;updatePlatformProfile；断言失败边界、rollback、无 SUCCESS audit
fk_platform_profiles_platform_type_id,platform_profiles,platform_type_id -> platform_types.id [RESTRICT],FOREIGN KEY,"backend/app/migration_schema_v1.py:362-381; backend/alembic/versions/0009_config_center.py:847-855; backend/alembic/versions/0031_reusable_platform_prompts.py:45-56 ; backend/app/models/configuration.py:26-125 ; contracts/database.md:193-201,221-225,431",content_planning.create_platform_profile; platform_configuration.update_platform_profile,createPlatformProfile;updatePlatformProfile,content_planning.create_platform_profile; platform_configuration.update_platform_profile: 直接写入/修改/删除链按该约束列或触发器语义执行；未见 fk_platform_profiles_platform_type_id 专用预检，数据库 FOREIGN KEY 是 authority,content_planning.create_platform_profile; platform_configuration.update_platform_profile: 未见按 fk_platform_profiles_platform_type_id 专用 diagnostics mapper；失败由最终 owner rollback，异常进入全局 handler（worker 则由独立 Session 处理）,HTTP owner 当前未捕获时全局 409 REVISION_CONFLICT / 数据约束冲突（不泄漏 DB）。,fk_platform_profiles_platform_type_id：按 PostgreSQL diagnostics 精确映射；未批准领域 code 时 default500/contract-decision required，禁止错误文本映射。,content_planning.create_platform_profile; platform_configuration.update_platform_profile 的最终 flush/commit command 或独立 worker Session（间接 helper 不拥有事务）,真实 PostgreSQL FOREIGN KEY sentinel：fk_platform_profiles_platform_type_id；仅覆盖直接 owner content_planning.create_platform_profile; platform_configuration.update_platform_profile / operation createPlatformProfile;updatePlatformProfile；断言失败边界、rollback、无 SUCCESS audit
fk_platform_prompt_templates_updated_by_users,platform_prompts,updated_by -> users.id [RESTRICT],FOREIGN KEY,backend/alembic/versions/0031_reusable_platform_prompts.py:16-56 ; backend/app/models/configuration.py:26-125 ; contracts/database.md:281-285,platform_configuration.create_platform_prompt; platform_configuration.update_platform_prompt; platform_configuration.delete_platform_prompt,createPlatformPrompt;updatePlatformPrompt;deletePlatformPrompt,platform_configuration.create_platform_prompt; platform_configuration.update_platform_prompt; platform_configuration.delete_platform_prompt: 直接写入/删除链对 users.id [RESTRICT] 的加载或锁定仅作业务门禁；未见针对 fk_platform_prompt_templates_updated_by_users 的 conname 预检，FK 仍是 authority,platform_configuration.create_platform_prompt; platform_configuration.update_platform_prompt; platform_configuration.delete_platform_prompt: 无 fk_platform_prompt_templates_updated_by_users 专用 diagnostics mapper；HTTP 异常进入 errors.py:76-79 全局 handler，无 HTTP owner 仅由 worker 失败,当前 HTTP owner 全局 409 REVISION_CONFLICT / 数据约束冲突（不泄漏 DB）,fk_platform_prompt_templates_updated_by_users 仅批准的引用/删除语义可 409；应按 diag.constraint_name 精确映射，未知 default500/contract-decision required,platform_configuration.create_platform_prompt; platform_configuration.update_platform_prompt; platform_configuration.delete_platform_prompt 的直接 command 顶层 Session（由 owner 负责 flush/commit/rollback）,真实 PostgreSQL FOREIGN KEY sentinel：fk_platform_prompt_templates_updated_by_users；仅覆盖直接 owner platform_configuration.create_platform_prompt; platform_configuration.update_platform_prompt; platform_configuration.delete_platform_prompt / operation createPlatformPrompt;updatePlatformPrompt;deletePlatformPrompt；断言 diagnostics/HTTP 或 worker 失败边界、rollback、无 SUCCESS audit
fk_platform_types_created_by_users,platform_types,created_by -> users.id [RESTRICT],FOREIGN KEY,backend/alembic/versions/0009_config_center.py:818-828 ; backend/app/models/configuration.py:26-125 ; contracts/database.md:77,platform_configuration.create_platform_type; platform_configuration.update_platform_type; platform_configuration.delete_platform_type,createPlatformType;updatePlatformType;deletePlatformType,platform_configuration.create_platform_type; platform_configuration.update_platform_type; platform_configuration.delete_platform_type: 直接写入/删除链对 users.id [RESTRICT] 的加载或锁定仅作业务门禁；未见针对 fk_platform_types_created_by_users 的 conname 预检，FK 仍是 authority,platform_configuration.create_platform_type; platform_configuration.update_platform_type; platform_configuration.delete_platform_type: 无 fk_platform_types_created_by_users 专用 diagnostics mapper；HTTP 异常进入 errors.py:76-79 全局 handler，无 HTTP owner 仅由 worker 失败,当前 HTTP owner 全局 409 REVISION_CONFLICT / 数据约束冲突（不泄漏 DB）,fk_platform_types_created_by_users 仅批准的引用/删除语义可 409；应按 diag.constraint_name 精确映射，未知 default500/contract-decision required,platform_configuration.create_platform_type; platform_configuration.update_platform_type; platform_configuration.delete_platform_type 的直接 command 顶层 Session（由 owner 负责 flush/commit/rollback）,真实 PostgreSQL FOREIGN KEY sentinel：fk_platform_types_created_by_users；仅覆盖直接 owner platform_configuration.create_platform_type; platform_configuration.update_platform_type; platform_configuration.delete_platform_type / operation createPlatformType;updatePlatformType;deletePlatformType；断言 diagnostics/HTTP 或 worker 失败边界、rollback、无 SUCCESS audit
fk_publication_attachments_file_id_file_records,publication_attachments,file_id -> file_records.id [RESTRICT],FOREIGN KEY,"backend/alembic/versions/0034_publication_workflow_redesign.py:330-351 ; backend/app/models/publication.py:28-290 ; contracts/database.md:299,305,432,453",publication.create_publication_work; publication.permanently_delete_published_article; publication.permanently_delete_content_task,createPublicationWork;permanentlyDeletePublishedArticle;permanentlyDeleteContentTask,publication.create_publication_work; publication.permanently_delete_published_article; publication.permanently_delete_content_task: 直接写入/修改/删除链按该列或触发器语义执行；未见 fk_publication_attachments_file_id_file_records 专用预检，数据库 FOREIGN KEY 是 authority,publication.create_publication_work; publication.permanently_delete_published_article; publication.permanently_delete_content_task: 未见按 fk_publication_attachments_file_id_file_records 专用 diagnostics mapper；失败由最终 owner rollback，异常进入全局 handler（worker 则由独立 Session 处理）,HTTP owner 当前未捕获时全局 409 REVISION_CONFLICT / 数据约束冲突（不泄漏 DB）。,fk_publication_attachments_file_id_file_records：按 PostgreSQL diagnostics 精确映射；未批准领域 code 时 default500/contract-decision required，禁止错误文本映射。,publication.create_publication_work; publication.permanently_delete_published_article; publication.permanently_delete_content_task 的最终 flush/commit command 或独立 worker Session（间接 helper 不拥有事务）,真实 PostgreSQL FOREIGN KEY sentinel：fk_publication_attachments_file_id_file_records；仅覆盖直接 owner publication.create_publication_work; publication.permanently_delete_published_article; publication.permanently_delete_content_task / operation createPublicationWork;permanentlyDeletePublishedArticle;permanentlyDeleteContentTask；断言失败边界、rollback、无 SUCCESS audit
fk_publication_attachments_work,publication_attachments,publication_work_id -> publication_works.id [RESTRICT],FOREIGN KEY,"backend/alembic/versions/0034_publication_workflow_redesign.py:330-351 ; backend/app/models/publication.py:28-290 ; contracts/database.md:299,305,432,453",publication.create_publication_work; publication.permanently_delete_published_article; publication.permanently_delete_content_task,createPublicationWork;permanentlyDeletePublishedArticle;permanentlyDeleteContentTask,publication.create_publication_work; publication.permanently_delete_published_article; publication.permanently_delete_content_task: 直接写入/修改/删除链按该列或触发器语义执行；未见 fk_publication_attachments_work 专用预检，数据库 FOREIGN KEY 是 authority,publication.create_publication_work; publication.permanently_delete_published_article; publication.permanently_delete_content_task: 未见按 fk_publication_attachments_work 专用 diagnostics mapper；失败由最终 owner rollback，异常进入全局 handler（worker 则由独立 Session 处理）,HTTP owner 当前未捕获时全局 409 REVISION_CONFLICT / 数据约束冲突（不泄漏 DB）。,fk_publication_attachments_work：按 PostgreSQL diagnostics 精确映射；未批准领域 code 时 default500/contract-decision required，禁止错误文本映射。,publication.create_publication_work; publication.permanently_delete_published_article; publication.permanently_delete_content_task 的最终 flush/commit command 或独立 worker Session（间接 helper 不拥有事务）,真实 PostgreSQL FOREIGN KEY sentinel：fk_publication_attachments_work；仅覆盖直接 owner publication.create_publication_work; publication.permanently_delete_published_article; publication.permanently_delete_content_task / operation createPublicationWork;permanentlyDeletePublishedArticle;permanentlyDeleteContentTask；断言失败边界、rollback、无 SUCCESS audit
fk_publication_verifications_actor_id_users,publication_verifications,actor_id -> users.id [RESTRICT],FOREIGN KEY,"backend/alembic/versions/0034_publication_workflow_redesign.py:188-232; backend/alembic/versions/0035_business_workflow_primary_tasks.py:141-170 ; backend/app/models/publication.py:28-290 ; contracts/database.md:303,448-451",publication.verify_publication_work,verifyPublicationWork,publication.verify_publication_work: 直接写入/修改/删除链按该列或触发器语义执行；未见 fk_publication_verifications_actor_id_users 专用预检，数据库 FOREIGN KEY 是 authority,publication.verify_publication_work: 未见按 fk_publication_verifications_actor_id_users 专用 diagnostics mapper；失败由最终 owner rollback，异常进入全局 handler（worker 则由独立 Session 处理）,HTTP owner 当前未捕获时全局 409 REVISION_CONFLICT / 数据约束冲突（不泄漏 DB）。,fk_publication_verifications_actor_id_users：按 PostgreSQL diagnostics 精确映射；未批准领域 code 时 default500/contract-decision required，禁止错误文本映射。,publication.verify_publication_work 的最终 flush/commit command 或独立 worker Session（间接 helper 不拥有事务）,真实 PostgreSQL FOREIGN KEY sentinel：fk_publication_verifications_actor_id_users；仅覆盖直接 owner publication.verify_publication_work / operation verifyPublicationWork；断言失败边界、rollback、无 SUCCESS audit
fk_publication_verifications_content_version_id,publication_verifications,content_version_id -> content_versions.id [RESTRICT],FOREIGN KEY,"backend/alembic/versions/0034_publication_workflow_redesign.py:188-232; backend/alembic/versions/0035_business_workflow_primary_tasks.py:141-170 ; backend/app/models/publication.py:28-290 ; contracts/database.md:303,448-451",publication.verify_publication_work,verifyPublicationWork,publication.verify_publication_work: 直接写入/修改/删除链按该列或触发器语义执行；未见 fk_publication_verifications_content_version_id 专用预检，数据库 FOREIGN KEY 是 authority,publication.verify_publication_work: 未见按 fk_publication_verifications_content_version_id 专用 diagnostics mapper；失败由最终 owner rollback，异常进入全局 handler（worker 则由独立 Session 处理）,HTTP owner 当前未捕获时全局 409 REVISION_CONFLICT / 数据约束冲突（不泄漏 DB）。,fk_publication_verifications_content_version_id：按 PostgreSQL diagnostics 精确映射；未批准领域 code 时 default500/contract-decision required，禁止错误文本映射。,publication.verify_publication_work 的最终 flush/commit command 或独立 worker Session（间接 helper 不拥有事务）,真实 PostgreSQL FOREIGN KEY sentinel：fk_publication_verifications_content_version_id；仅覆盖直接 owner publication.verify_publication_work / operation verifyPublicationWork；断言失败边界、rollback、无 SUCCESS audit
fk_publication_verifications_work,publication_verifications,publication_work_id -> publication_works.id [RESTRICT],FOREIGN KEY,"backend/alembic/versions/0034_publication_workflow_redesign.py:188-232; backend/alembic/versions/0035_business_workflow_primary_tasks.py:141-170 ; backend/app/models/publication.py:28-290 ; contracts/database.md:303,448-451",publication.verify_publication_work,verifyPublicationWork,publication.verify_publication_work: 直接写入/修改/删除链按该列或触发器语义执行；未见 fk_publication_verifications_work 专用预检，数据库 FOREIGN KEY 是 authority,publication.verify_publication_work: 未见按 fk_publication_verifications_work 专用 diagnostics mapper；失败由最终 owner rollback，异常进入全局 handler（worker 则由独立 Session 处理）,HTTP owner 当前未捕获时全局 409 REVISION_CONFLICT / 数据约束冲突（不泄漏 DB）。,fk_publication_verifications_work：按 PostgreSQL diagnostics 精确映射；未批准领域 code 时 default500/contract-decision required，禁止错误文本映射。,publication.verify_publication_work 的最终 flush/commit command 或独立 worker Session（间接 helper 不拥有事务）,真实 PostgreSQL FOREIGN KEY sentinel：fk_publication_verifications_work；仅覆盖直接 owner publication.verify_publication_work / operation verifyPublicationWork；断言失败边界、rollback、无 SUCCESS audit
fk_publication_work_events_actor_id_users,publication_work_events,actor_id -> users.id [RESTRICT],FOREIGN KEY,"backend/alembic/versions/0034_publication_workflow_redesign.py:159-187; backend/alembic/versions/0035_business_workflow_primary_tasks.py:123-139 ; backend/app/models/publication.py:28-290 ; contracts/database.md:303,313,448,453",publication._work_event←create_publication_work/update_publication_preparation/mark_publication_platform_review/register_publication_result/switch_publication_content_version/verify_publication_work/close_publication_work; publication.permanently_delete_published_article; publication.permanently_delete_content_task,createPublicationWork;updatePublicationPreparation;markPublicationPlatformReview;registerPublicationResult;switchPublicationContentVersion;verifyPublicationWork;closePublicationWork;permanentlyDeletePublishedArticle;permanentlyDeleteContentTask,publication._work_event←create_publication_work/update_publication_preparation/mark_publication_platform_review/register_publication_result/switch_publication_content_version/verify_publication_work/close_publication_work; publication.permanently_delete_published_article; publication.permanently_delete_content_task: 直接写入/修改/删除链按该列或触发器语义执行；未见 fk_publication_work_events_actor_id_users 专用预检，数据库 FOREIGN KEY 是 authority,publication._work_event←create_publication_work/update_publication_preparation/mark_publication_platform_review/register_publication_result/switch_publication_content_version/verify_publication_work/close_publication_work; publication.permanently_delete_published_article; publication.permanently_delete_content_task: 未见按 fk_publication_work_events_actor_id_users 专用 diagnostics mapper；失败由最终 owner rollback，异常进入全局 handler（worker 则由独立 Session 处理）,HTTP owner 当前未捕获时全局 409 REVISION_CONFLICT / 数据约束冲突（不泄漏 DB）。,fk_publication_work_events_actor_id_users：按 PostgreSQL diagnostics 精确映射；未批准领域 code 时 default500/contract-decision required，禁止错误文本映射。,publication._work_event←create_publication_work/update_publication_preparation/mark_publication_platform_review/register_publication_result/switch_publication_content_version/verify_publication_work/close_publication_work; publication.permanently_delete_published_article; publication.permanently_delete_content_task 的最终 flush/commit command 或独立 worker Session（间接 helper 不拥有事务）,真实 PostgreSQL FOREIGN KEY sentinel：fk_publication_work_events_actor_id_users；仅覆盖直接 owner publication._work_event←create_publication_work/update_publication_preparation/mark_publication_platform_review/register_publication_result/switch_publication_content_version/verify_publication_work/close_publication_work; publication.permanently_delete_published_article; publication.permanently_delete_content_task / operation createPublicationWork;updatePublicationPreparation;markPublicationPlatformReview;registerPublicationResult;switchPublicationContentVersion;verifyPublicationWork;closePublicationWork;permanentlyDeletePublishedArticle;permanentlyDeleteContentTask；断言失败边界、rollback、无 SUCCESS audit
fk_publication_work_events_from_content_version_id,publication_work_events,from_content_version_id -> content_versions.id [RESTRICT],FOREIGN KEY,"backend/alembic/versions/0034_publication_workflow_redesign.py:159-187; backend/alembic/versions/0035_business_workflow_primary_tasks.py:123-139 ; backend/app/models/publication.py:28-290 ; contracts/database.md:303,313,448,453",publication._work_event←create_publication_work/update_publication_preparation/mark_publication_platform_review/register_publication_result/switch_publication_content_version/verify_publication_work/close_publication_work; publication.permanently_delete_published_article; publication.permanently_delete_content_task,createPublicationWork;updatePublicationPreparation;markPublicationPlatformReview;registerPublicationResult;switchPublicationContentVersion;verifyPublicationWork;closePublicationWork;permanentlyDeletePublishedArticle;permanentlyDeleteContentTask,publication._work_event←create_publication_work/update_publication_preparation/mark_publication_platform_review/register_publication_result/switch_publication_content_version/verify_publication_work/close_publication_work; publication.permanently_delete_published_article; publication.permanently_delete_content_task: 直接写入/修改/删除链按该列或触发器语义执行；未见 fk_publication_work_events_from_content_version_id 专用预检，数据库 FOREIGN KEY 是 authority,publication._work_event←create_publication_work/update_publication_preparation/mark_publication_platform_review/register_publication_result/switch_publication_content_version/verify_publication_work/close_publication_work; publication.permanently_delete_published_article; publication.permanently_delete_content_task: 未见按 fk_publication_work_events_from_content_version_id 专用 diagnostics mapper；失败由最终 owner rollback，异常进入全局 handler（worker 则由独立 Session 处理）,HTTP owner 当前未捕获时全局 409 REVISION_CONFLICT / 数据约束冲突（不泄漏 DB）。,fk_publication_work_events_from_content_version_id：按 PostgreSQL diagnostics 精确映射；未批准领域 code 时 default500/contract-decision required，禁止错误文本映射。,publication._work_event←create_publication_work/update_publication_preparation/mark_publication_platform_review/register_publication_result/switch_publication_content_version/verify_publication_work/close_publication_work; publication.permanently_delete_published_article; publication.permanently_delete_content_task 的最终 flush/commit command 或独立 worker Session（间接 helper 不拥有事务）,真实 PostgreSQL FOREIGN KEY sentinel：fk_publication_work_events_from_content_version_id；仅覆盖直接 owner publication._work_event←create_publication_work/update_publication_preparation/mark_publication_platform_review/register_publication_result/switch_publication_content_version/verify_publication_work/close_publication_work; publication.permanently_delete_published_article; publication.permanently_delete_content_task / operation createPublicationWork;updatePublicationPreparation;markPublicationPlatformReview;registerPublicationResult;switchPublicationContentVersion;verifyPublicationWork;closePublicationWork;permanentlyDeletePublishedArticle;permanentlyDeleteContentTask；断言失败边界、rollback、无 SUCCESS audit
fk_publication_work_events_work,publication_work_events,publication_work_id -> publication_works.id [RESTRICT],FOREIGN KEY,"backend/alembic/versions/0034_publication_workflow_redesign.py:159-187; backend/alembic/versions/0035_business_workflow_primary_tasks.py:123-139 ; backend/app/models/publication.py:28-290 ; contracts/database.md:303,313,448,453",publication._work_event←create_publication_work/update_publication_preparation/mark_publication_platform_review/register_publication_result/switch_publication_content_version/verify_publication_work/close_publication_work; publication.permanently_delete_published_article; publication.permanently_delete_content_task,createPublicationWork;updatePublicationPreparation;markPublicationPlatformReview;registerPublicationResult;switchPublicationContentVersion;verifyPublicationWork;closePublicationWork;permanentlyDeletePublishedArticle;permanentlyDeleteContentTask,publication._work_event←create_publication_work/update_publication_preparation/mark_publication_platform_review/register_publication_result/switch_publication_content_version/verify_publication_work/close_publication_work; publication.permanently_delete_published_article; publication.permanently_delete_content_task: 直接写入/修改/删除链按该列或触发器语义执行；未见 fk_publication_work_events_work 专用预检，数据库 FOREIGN KEY 是 authority,publication._work_event←create_publication_work/update_publication_preparation/mark_publication_platform_review/register_publication_result/switch_publication_content_version/verify_publication_work/close_publication_work; publication.permanently_delete_published_article; publication.permanently_delete_content_task: 未见按 fk_publication_work_events_work 专用 diagnostics mapper；失败由最终 owner rollback，异常进入全局 handler（worker 则由独立 Session 处理）,HTTP owner 当前未捕获时全局 409 REVISION_CONFLICT / 数据约束冲突（不泄漏 DB）。,fk_publication_work_events_work：按 PostgreSQL diagnostics 精确映射；未批准领域 code 时 default500/contract-decision required，禁止错误文本映射。,publication._work_event←create_publication_work/update_publication_preparation/mark_publication_platform_review/register_publication_result/switch_publication_content_version/verify_publication_work/close_publication_work; publication.permanently_delete_published_article; publication.permanently_delete_content_task 的最终 flush/commit command 或独立 worker Session（间接 helper 不拥有事务）,真实 PostgreSQL FOREIGN KEY sentinel：fk_publication_work_events_work；仅覆盖直接 owner publication._work_event←create_publication_work/update_publication_preparation/mark_publication_platform_review/register_publication_result/switch_publication_content_version/verify_publication_work/close_publication_work; publication.permanently_delete_published_article; publication.permanently_delete_content_task / operation createPublicationWork;updatePublicationPreparation;markPublicationPlatformReview;registerPublicationResult;switchPublicationContentVersion;verifyPublicationWork;closePublicationWork;permanentlyDeletePublishedArticle;permanentlyDeleteContentTask；断言失败边界、rollback、无 SUCCESS audit
fk_publication_work_events_to_content_version_id,publication_work_events,to_content_version_id -> content_versions.id [RESTRICT],FOREIGN KEY,"backend/alembic/versions/0034_publication_workflow_redesign.py:159-187; backend/alembic/versions/0035_business_workflow_primary_tasks.py:123-139 ; backend/app/models/publication.py:28-290 ; contracts/database.md:303,313,448,453",publication._work_event←create_publication_work/update_publication_preparation/mark_publication_platform_review/register_publication_result/switch_publication_content_version/verify_publication_work/close_publication_work; publication.permanently_delete_published_article; publication.permanently_delete_content_task,createPublicationWork;updatePublicationPreparation;markPublicationPlatformReview;registerPublicationResult;switchPublicationContentVersion;verifyPublicationWork;closePublicationWork;permanentlyDeletePublishedArticle;permanentlyDeleteContentTask,publication._work_event←create_publication_work/update_publication_preparation/mark_publication_platform_review/register_publication_result/switch_publication_content_version/verify_publication_work/close_publication_work; publication.permanently_delete_published_article; publication.permanently_delete_content_task: 直接写入/修改/删除链按该列或触发器语义执行；未见 fk_publication_work_events_to_content_version_id 专用预检，数据库 FOREIGN KEY 是 authority,publication._work_event←create_publication_work/update_publication_preparation/mark_publication_platform_review/register_publication_result/switch_publication_content_version/verify_publication_work/close_publication_work; publication.permanently_delete_published_article; publication.permanently_delete_content_task: 未见按 fk_publication_work_events_to_content_version_id 专用 diagnostics mapper；失败由最终 owner rollback，异常进入全局 handler（worker 则由独立 Session 处理）,HTTP owner 当前未捕获时全局 409 REVISION_CONFLICT / 数据约束冲突（不泄漏 DB）。,fk_publication_work_events_to_content_version_id：按 PostgreSQL diagnostics 精确映射；未批准领域 code 时 default500/contract-decision required，禁止错误文本映射。,publication._work_event←create_publication_work/update_publication_preparation/mark_publication_platform_review/register_publication_result/switch_publication_content_version/verify_publication_work/close_publication_work; publication.permanently_delete_published_article; publication.permanently_delete_content_task 的最终 flush/commit command 或独立 worker Session（间接 helper 不拥有事务）,真实 PostgreSQL FOREIGN KEY sentinel：fk_publication_work_events_to_content_version_id；仅覆盖直接 owner publication._work_event←create_publication_work/update_publication_preparation/mark_publication_platform_review/register_publication_result/switch_publication_content_version/verify_publication_work/close_publication_work; publication.permanently_delete_published_article; publication.permanently_delete_content_task / operation createPublicationWork;updatePublicationPreparation;markPublicationPlatformReview;registerPublicationResult;switchPublicationContentVersion;verifyPublicationWork;closePublicationWork;permanentlyDeletePublishedArticle;permanentlyDeleteContentTask；断言失败边界、rollback、无 SUCCESS audit
fk_publication_works_closed_by_users,publication_works,closed_by -> users.id [RESTRICT],FOREIGN KEY,"backend/alembic/versions/0034_publication_workflow_redesign.py:49-158; backend/alembic/versions/0035_business_workflow_primary_tasks.py:83-121; backend/alembic/versions/0037_simplify_deletion_lifecycle.py:166-185 ; backend/app/models/publication.py:28-290 ; contracts/database.md:329,333,434-448",publication.close_publication_work,closePublicationWork,publication.close_publication_work: 直接写入/修改/删除链按该列或触发器语义执行；未见 fk_publication_works_closed_by_users 专用预检，数据库 FOREIGN KEY 是 authority,publication.close_publication_work: 未见按 fk_publication_works_closed_by_users 专用 diagnostics mapper；失败由最终 owner rollback，异常进入全局 handler（worker 则由独立 Session 处理）,HTTP owner 当前未捕获时全局 409 REVISION_CONFLICT / 数据约束冲突（不泄漏 DB）。,fk_publication_works_closed_by_users：按 PostgreSQL diagnostics 精确映射；未批准领域 code 时 default500/contract-decision required，禁止错误文本映射。,publication.close_publication_work 的最终 flush/commit command 或独立 worker Session（间接 helper 不拥有事务）,真实 PostgreSQL FOREIGN KEY sentinel：fk_publication_works_closed_by_users；仅覆盖直接 owner publication.close_publication_work / operation closePublicationWork；断言失败边界、rollback、无 SUCCESS audit
fk_publication_works_content_task_id_content_tasks,publication_works,content_task_id -> content_tasks.id [RESTRICT],FOREIGN KEY,"backend/alembic/versions/0034_publication_workflow_redesign.py:49-158; backend/alembic/versions/0035_business_workflow_primary_tasks.py:83-121; backend/alembic/versions/0037_simplify_deletion_lifecycle.py:166-185 ; backend/app/models/publication.py:28-290 ; contracts/database.md:329,333,434-448",publication.create_publication_work,createPublicationWork,publication.create_publication_work: 直接写入/修改/删除链按该列或触发器语义执行；未见 fk_publication_works_content_task_id_content_tasks 专用预检，数据库 FOREIGN KEY 是 authority,publication.create_publication_work: 未见按 fk_publication_works_content_task_id_content_tasks 专用 diagnostics mapper；失败由最终 owner rollback，异常进入全局 handler（worker 则由独立 Session 处理）,HTTP owner 当前未捕获时全局 409 REVISION_CONFLICT / 数据约束冲突（不泄漏 DB）。,fk_publication_works_content_task_id_content_tasks：按 PostgreSQL diagnostics 精确映射；未批准领域 code 时 default500/contract-decision required，禁止错误文本映射。,publication.create_publication_work 的最终 flush/commit command 或独立 worker Session（间接 helper 不拥有事务）,真实 PostgreSQL FOREIGN KEY sentinel：fk_publication_works_content_task_id_content_tasks；仅覆盖直接 owner publication.create_publication_work / operation createPublicationWork；断言失败边界、rollback、无 SUCCESS audit
fk_publication_works_content_version_id_content_versions,publication_works,content_version_id -> content_versions.id [RESTRICT],FOREIGN KEY,"backend/alembic/versions/0034_publication_workflow_redesign.py:49-158; backend/alembic/versions/0035_business_workflow_primary_tasks.py:83-121; backend/alembic/versions/0037_simplify_deletion_lifecycle.py:166-185 ; backend/app/models/publication.py:28-290 ; contracts/database.md:329,333,434-448",publication.create_publication_work; publication.switch_publication_content_version,createPublicationWork;switchPublicationContentVersion,publication.create_publication_work; publication.switch_publication_content_version: 直接写入/修改/删除链按该列或触发器语义执行；未见 fk_publication_works_content_version_id_content_versions 专用预检，数据库 FOREIGN KEY 是 authority,publication.create_publication_work; publication.switch_publication_content_version: 未见按 fk_publication_works_content_version_id_content_versions 专用 diagnostics mapper；失败由最终 owner rollback，异常进入全局 handler（worker 则由独立 Session 处理）,HTTP owner 当前未捕获时全局 409 REVISION_CONFLICT / 数据约束冲突（不泄漏 DB）。,fk_publication_works_content_version_id_content_versions：按 PostgreSQL diagnostics 精确映射；未批准领域 code 时 default500/contract-decision required，禁止错误文本映射。,publication.create_publication_work; publication.switch_publication_content_version 的最终 flush/commit command 或独立 worker Session（间接 helper 不拥有事务）,真实 PostgreSQL FOREIGN KEY sentinel：fk_publication_works_content_version_id_content_versions；仅覆盖直接 owner publication.create_publication_work; publication.switch_publication_content_version / operation createPublicationWork;switchPublicationContentVersion；断言失败边界、rollback、无 SUCCESS audit
fk_publication_works_created_by_users,publication_works,created_by -> users.id [RESTRICT],FOREIGN KEY,"backend/alembic/versions/0034_publication_workflow_redesign.py:49-158; backend/alembic/versions/0035_business_workflow_primary_tasks.py:83-121; backend/alembic/versions/0037_simplify_deletion_lifecycle.py:166-185 ; backend/app/models/publication.py:28-290 ; contracts/database.md:329,333,434-448",publication.create_publication_work,createPublicationWork,publication.create_publication_work: 直接写入/修改/删除链按该列或触发器语义执行；未见 fk_publication_works_created_by_users 专用预检，数据库 FOREIGN KEY 是 authority,publication.create_publication_work: 未见按 fk_publication_works_created_by_users 专用 diagnostics mapper；失败由最终 owner rollback，异常进入全局 handler（worker 则由独立 Session 处理）,HTTP owner 当前未捕获时全局 409 REVISION_CONFLICT / 数据约束冲突（不泄漏 DB）。,fk_publication_works_created_by_users：按 PostgreSQL diagnostics 精确映射；未批准领域 code 时 default500/contract-decision required，禁止错误文本映射。,publication.create_publication_work 的最终 flush/commit command 或独立 worker Session（间接 helper 不拥有事务）,真实 PostgreSQL FOREIGN KEY sentinel：fk_publication_works_created_by_users；仅覆盖直接 owner publication.create_publication_work / operation createPublicationWork；断言失败边界、rollback、无 SUCCESS audit
fk_publication_works_platform_account_id_platform_accounts,publication_works,platform_account_id -> platform_accounts.id [SET NULL],FOREIGN KEY,"backend/alembic/versions/0034_publication_workflow_redesign.py:49-158; backend/alembic/versions/0035_business_workflow_primary_tasks.py:83-121; backend/alembic/versions/0037_simplify_deletion_lifecycle.py:166-185 ; backend/app/models/publication.py:28-290 ; contracts/database.md:329,333,434-448",publication.create_publication_work,createPublicationWork,publication.create_publication_work: 直接写入/修改/删除链按该列或触发器语义执行；未见 fk_publication_works_platform_account_id_platform_accounts 专用预检，数据库 FOREIGN KEY 是 authority,publication.create_publication_work: 未见按 fk_publication_works_platform_account_id_platform_accounts 专用 diagnostics mapper；失败由最终 owner rollback，异常进入全局 handler（worker 则由独立 Session 处理）,HTTP owner 当前未捕获时全局 409 REVISION_CONFLICT / 数据约束冲突（不泄漏 DB）。,fk_publication_works_platform_account_id_platform_accounts：按 PostgreSQL diagnostics 精确映射；未批准领域 code 时 default500/contract-decision required，禁止错误文本映射。,publication.create_publication_work 的最终 flush/commit command 或独立 worker Session（间接 helper 不拥有事务）,真实 PostgreSQL FOREIGN KEY sentinel：fk_publication_works_platform_account_id_platform_accounts；仅覆盖直接 owner publication.create_publication_work / operation createPublicationWork；断言失败边界、rollback、无 SUCCESS audit
fk_publication_works_platform_profile_id_platform_profiles,publication_works,platform_profile_id -> platform_profiles.id [SET NULL],FOREIGN KEY,"backend/alembic/versions/0034_publication_workflow_redesign.py:49-158; backend/alembic/versions/0035_business_workflow_primary_tasks.py:83-121; backend/alembic/versions/0037_simplify_deletion_lifecycle.py:166-185 ; backend/app/models/publication.py:28-290 ; contracts/database.md:329,333,434-448",publication.create_publication_work,createPublicationWork,publication.create_publication_work: 直接写入/修改/删除链按该列或触发器语义执行；未见 fk_publication_works_platform_profile_id_platform_profiles 专用预检，数据库 FOREIGN KEY 是 authority,publication.create_publication_work: 未见按 fk_publication_works_platform_profile_id_platform_profiles 专用 diagnostics mapper；失败由最终 owner rollback，异常进入全局 handler（worker 则由独立 Session 处理）,HTTP owner 当前未捕获时全局 409 REVISION_CONFLICT / 数据约束冲突（不泄漏 DB）。,fk_publication_works_platform_profile_id_platform_profiles：按 PostgreSQL diagnostics 精确映射；未批准领域 code 时 default500/contract-decision required，禁止错误文本映射。,publication.create_publication_work 的最终 flush/commit command 或独立 worker Session（间接 helper 不拥有事务）,真实 PostgreSQL FOREIGN KEY sentinel：fk_publication_works_platform_profile_id_platform_profiles；仅覆盖直接 owner publication.create_publication_work / operation createPublicationWork；断言失败边界、rollback、无 SUCCESS audit
fk_published_articles_id_publication_works,published_articles,id -> publication_works.id [RESTRICT],FOREIGN KEY,"backend/alembic/versions/0034_publication_workflow_redesign.py:233-254 ; backend/app/models/publication.py:28-290 ; contracts/database.md:303,451-453",publication.verify_publication_work,verifyPublicationWork,publication.verify_publication_work: 直接写入/修改/删除链按该列或触发器语义执行；未见 fk_published_articles_id_publication_works 专用预检，数据库 FOREIGN KEY 是 authority,publication.verify_publication_work: 未见按 fk_published_articles_id_publication_works 专用 diagnostics mapper；失败由最终 owner rollback，异常进入全局 handler（worker 则由独立 Session 处理）,HTTP owner 当前未捕获时全局 409 REVISION_CONFLICT / 数据约束冲突（不泄漏 DB）。,fk_published_articles_id_publication_works：按 PostgreSQL diagnostics 精确映射；未批准领域 code 时 default500/contract-decision required，禁止错误文本映射。,publication.verify_publication_work 的最终 flush/commit command 或独立 worker Session（间接 helper 不拥有事务）,真实 PostgreSQL FOREIGN KEY sentinel：fk_published_articles_id_publication_works；仅覆盖直接 owner publication.verify_publication_work / operation verifyPublicationWork；断言失败边界、rollback、无 SUCCESS audit
fk_published_articles_verification_id_publication_verifications,published_articles,verification_id -> publication_verifications.id [RESTRICT],FOREIGN KEY,"backend/alembic/versions/0034_publication_workflow_redesign.py:233-254 ; backend/app/models/publication.py:28-290 ; contracts/database.md:303,451-453",publication.verify_publication_work,verifyPublicationWork,publication.verify_publication_work: 直接写入/修改/删除链按该列或触发器语义执行；未见 fk_published_articles_verification_id_publication_verifications 专用预检，数据库 FOREIGN KEY 是 authority,publication.verify_publication_work: 未见按 fk_published_articles_verification_id_publication_verifications 专用 diagnostics mapper；失败由最终 owner rollback，异常进入全局 handler（worker 则由独立 Session 处理）,HTTP owner 当前未捕获时全局 409 REVISION_CONFLICT / 数据约束冲突（不泄漏 DB）。,fk_published_articles_verification_id_publication_verifications：按 PostgreSQL diagnostics 精确映射；未批准领域 code 时 default500/contract-decision required，禁止错误文本映射。,publication.verify_publication_work 的最终 flush/commit command 或独立 worker Session（间接 helper 不拥有事务）,真实 PostgreSQL FOREIGN KEY sentinel：fk_published_articles_verification_id_publication_verifications；仅覆盖直接 owner publication.verify_publication_work / operation verifyPublicationWork；断言失败边界、rollback、无 SUCCESS audit
fk_published_content_issues_opened_by_users,published_content_issues,opened_by -> users.id [RESTRICT],FOREIGN KEY,"backend/alembic/versions/0034_publication_workflow_redesign.py:255-329 ; backend/app/models/publication.py:28-290 ; contracts/database.md:303,333,454",publication.open_published_content_issue,openPublishedContentIssue,publication.open_published_content_issue: 直接写入/修改/删除链按该列或触发器语义执行；未见 fk_published_content_issues_opened_by_users 专用预检，数据库 FOREIGN KEY 是 authority,publication.open_published_content_issue: 未见按 fk_published_content_issues_opened_by_users 专用 diagnostics mapper；失败由最终 owner rollback，异常进入全局 handler（worker 则由独立 Session 处理）,HTTP owner 当前未捕获时全局 409 REVISION_CONFLICT / 数据约束冲突（不泄漏 DB）。,fk_published_content_issues_opened_by_users：按 PostgreSQL diagnostics 精确映射；未批准领域 code 时 default500/contract-decision required，禁止错误文本映射。,publication.open_published_content_issue 的最终 flush/commit command 或独立 worker Session（间接 helper 不拥有事务）,真实 PostgreSQL FOREIGN KEY sentinel：fk_published_content_issues_opened_by_users；仅覆盖直接 owner publication.open_published_content_issue / operation openPublishedContentIssue；断言失败边界、rollback、无 SUCCESS audit
fk_published_content_issues_article,published_content_issues,published_article_id -> published_articles.id [RESTRICT],FOREIGN KEY,"backend/alembic/versions/0034_publication_workflow_redesign.py:255-329 ; backend/app/models/publication.py:28-290 ; contracts/database.md:303,333,454",publication.open_published_content_issue,openPublishedContentIssue,publication.open_published_content_issue: 直接写入/修改/删除链按该列或触发器语义执行；未见 fk_published_content_issues_article 专用预检，数据库 FOREIGN KEY 是 authority,publication.open_published_content_issue: 未见按 fk_published_content_issues_article 专用 diagnostics mapper；失败由最终 owner rollback，异常进入全局 handler（worker 则由独立 Session 处理）,HTTP owner 当前未捕获时全局 409 REVISION_CONFLICT / 数据约束冲突（不泄漏 DB）。,fk_published_content_issues_article：按 PostgreSQL diagnostics 精确映射；未批准领域 code 时 default500/contract-decision required，禁止错误文本映射。,publication.open_published_content_issue 的最终 flush/commit command 或独立 worker Session（间接 helper 不拥有事务）,真实 PostgreSQL FOREIGN KEY sentinel：fk_published_content_issues_article；仅覆盖直接 owner publication.open_published_content_issue / operation openPublishedContentIssue；断言失败边界、rollback、无 SUCCESS audit
fk_published_content_issues_resolved_by_users,published_content_issues,resolved_by -> users.id [RESTRICT],FOREIGN KEY,"backend/alembic/versions/0034_publication_workflow_redesign.py:255-329 ; backend/app/models/publication.py:28-290 ; contracts/database.md:303,333,454",publication.resolve_published_content_issue,resolvePublishedContentIssue,publication.resolve_published_content_issue: 直接写入/修改/删除链按该列或触发器语义执行；未见 fk_published_content_issues_resolved_by_users 专用预检，数据库 FOREIGN KEY 是 authority,publication.resolve_published_content_issue: 未见按 fk_published_content_issues_resolved_by_users 专用 diagnostics mapper；失败由最终 owner rollback，异常进入全局 handler（worker 则由独立 Session 处理）,HTTP owner 当前未捕获时全局 409 REVISION_CONFLICT / 数据约束冲突（不泄漏 DB）。,fk_published_content_issues_resolved_by_users：按 PostgreSQL diagnostics 精确映射；未批准领域 code 时 default500/contract-decision required，禁止错误文本映射。,publication.resolve_published_content_issue 的最终 flush/commit command 或独立 worker Session（间接 helper 不拥有事务）,真实 PostgreSQL FOREIGN KEY sentinel：fk_published_content_issues_resolved_by_users；仅覆盖直接 owner publication.resolve_published_content_issue / operation resolvePublishedContentIssue；断言失败边界、rollback、无 SUCCESS audit
fk_sessions_user_id_users,sessions,user_id -> users.id [CASCADE],FOREIGN KEY,"backend/alembic/versions/0001_identity_audit.py:1-120 ; backend/app/models/identity.py:28-112 ; contracts/database.md:73,424",identity.login,login,identity.login: 直接写入/修改/删除链按该列或触发器语义执行；未见 fk_sessions_user_id_users 专用预检，数据库 FOREIGN KEY 是 authority,identity.login: 未见按 fk_sessions_user_id_users 专用 diagnostics mapper；失败由最终 owner rollback，异常进入全局 handler（worker 则由独立 Session 处理）,HTTP owner 当前未捕获时全局 409 REVISION_CONFLICT / 数据约束冲突（不泄漏 DB）。,fk_sessions_user_id_users：按 PostgreSQL diagnostics 精确映射；未批准领域 code 时 default500/contract-decision required，禁止错误文本映射。,identity.login 的最终 flush/commit command 或独立 worker Session（间接 helper 不拥有事务）,真实 PostgreSQL FOREIGN KEY sentinel：fk_sessions_user_id_users；仅覆盖直接 owner identity.login / operation login；断言失败边界、rollback、无 SUCCESS audit
ck_ai_channel_headers_exactly_one_value,ai_channel_headers,(plain_value IS NOT NULL)::int + (encrypted_value IS NOT NULL)::int = 1,CHECK,backend/alembic/versions/0009_config_center.py:183-208 ; backend/app/models/ai_generation.py:29-228 ; contracts/database.md:79,ai_configuration.create_ai_channel_header; ai_configuration.update_ai_channel_header,createAIChannelHeader;updateAIChannelHeader,ai_configuration.create_ai_channel_header; ai_configuration.update_ai_channel_header: 直接写入/修改会触发 (plain_value IS NOT NULL)::int + (encrypted_value IS NOT NULL)::int = 1；schema/状态门禁可能提前拒绝，但未见等价 DB constraint 预检,ai_configuration.create_ai_channel_header; ai_configuration.update_ai_channel_header: 无 ck_ai_channel_headers_exactly_one_value 专用 diagnostics mapper；23514 进入 errors.py:76-79 全局 handler，无 HTTP owner 仅由 worker 失败,当前 HTTP owner 23514 → 全局 409 REVISION_CONFLICT / 数据约束冲突（不泄漏 DB）,ck_ai_channel_headers_exactly_one_value 的可修复输入错误需批准专用 4xx；未知 23514 default500/contract-decision required,ai_configuration.create_ai_channel_header; ai_configuration.update_ai_channel_header 的直接 command 顶层 Session（由 owner 负责 flush/commit/rollback）,真实 PostgreSQL CHECK sentinel：ck_ai_channel_headers_exactly_one_value；仅覆盖直接 owner ai_configuration.create_ai_channel_header; ai_configuration.update_ai_channel_header / operation createAIChannelHeader;updateAIChannelHeader；断言 diagnostics/HTTP 或 worker 失败边界、rollback、无 SUCCESS audit
ck_ai_channel_headers_sensitivity_matches_storage,ai_channel_headers,(is_sensitive AND encrypted_value IS NOT NULL AND plain_value IS NULL) OR (NOT is_sensitive AND plain_value IS NOT NULL AND encrypted_value IS NULL),CHECK,backend/alembic/versions/0009_config_center.py:183-208 ; backend/app/models/ai_generation.py:29-228 ; contracts/database.md:79,ai_configuration.create_ai_channel_header; ai_configuration.update_ai_channel_header,createAIChannelHeader;updateAIChannelHeader,ai_configuration.create_ai_channel_header; ai_configuration.update_ai_channel_header: 直接写入/修改会触发 (is_sensitive AND encrypted_value IS NOT NULL AND plain_value IS NULL) OR (NOT is_sensitive AND plain_value IS NOT NULL AND encrypted_value IS NULL)；schema/状态门禁可能提前拒绝，但未见等价 DB constraint 预检,ai_configuration.create_ai_channel_header; ai_configuration.update_ai_channel_header: 无 ck_ai_channel_headers_sensitivity_matches_storage 专用 diagnostics mapper；23514 进入 errors.py:76-79 全局 handler，无 HTTP owner 仅由 worker 失败,当前 HTTP owner 23514 → 全局 409 REVISION_CONFLICT / 数据约束冲突（不泄漏 DB）,ck_ai_channel_headers_sensitivity_matches_storage 的可修复输入错误需批准专用 4xx；未知 23514 default500/contract-decision required,ai_configuration.create_ai_channel_header; ai_configuration.update_ai_channel_header 的直接 command 顶层 Session（由 owner 负责 flush/commit/rollback）,真实 PostgreSQL CHECK sentinel：ck_ai_channel_headers_sensitivity_matches_storage；仅覆盖直接 owner ai_configuration.create_ai_channel_header; ai_configuration.update_ai_channel_header / operation createAIChannelHeader;updateAIChannelHeader；断言 diagnostics/HTTP 或 worker 失败边界、rollback、无 SUCCESS audit
ck_ai_channels_protocol_type,ai_channels,protocol_type IN ('openai-compatible-chat-completions'),CHECK,"backend/alembic/versions/0009_config_center.py:163-182; backend/alembic/versions/0021_ai_channel_model_management.py:17-52 ; backend/app/models/ai_generation.py:29-228 ; contracts/database.md:79,169-177",ai_configuration.create_ai_channel; ai_configuration.update_ai_channel; ai_configuration.replace_ai_channel_api_key; ai_configuration.set_channel_enabled; ai_configuration.delete_ai_channel,createAIChannel;updateAIChannel;replaceAIChannelApiKey;enableAIChannel;disableAIChannel;deleteAIChannel,ai_configuration.create_ai_channel; ai_configuration.update_ai_channel; ai_configuration.replace_ai_channel_api_key; ai_configuration.set_channel_enabled; ai_configuration.delete_ai_channel: 直接写入/修改会触发 protocol_type IN ('openai-compatible-chat-completions')；schema/状态门禁可能提前拒绝，但未见等价 DB constraint 预检,ai_configuration.create_ai_channel; ai_configuration.update_ai_channel; ai_configuration.replace_ai_channel_api_key; ai_configuration.set_channel_enabled; ai_configuration.delete_ai_channel: 无 ck_ai_channels_protocol_type 专用 diagnostics mapper；23514 进入 errors.py:76-79 全局 handler，无 HTTP owner 仅由 worker 失败,当前 HTTP owner 23514 → 全局 409 REVISION_CONFLICT / 数据约束冲突（不泄漏 DB）,ck_ai_channels_protocol_type 的可修复输入错误需批准专用 4xx；未知 23514 default500/contract-decision required,ai_configuration.create_ai_channel; ai_configuration.update_ai_channel; ai_configuration.replace_ai_channel_api_key; ai_configuration.set_channel_enabled; ai_configuration.delete_ai_channel 的直接 command 顶层 Session（由 owner 负责 flush/commit/rollback）,真实 PostgreSQL CHECK sentinel：ck_ai_channels_protocol_type；仅覆盖直接 owner ai_configuration.create_ai_channel; ai_configuration.update_ai_channel; ai_configuration.replace_ai_channel_api_key; ai_configuration.set_channel_enabled; ai_configuration.delete_ai_channel / operation createAIChannel;updateAIChannel;replaceAIChannelApiKey;enableAIChannel;disableAIChannel;deleteAIChannel；断言 diagnostics/HTTP 或 worker 失败边界、rollback、无 SUCCESS audit
ck_ai_channels_provider_brand,ai_channels,"provider_brand IN ('OPENAI', 'ANTHROPIC', 'GOOGLE', 'AZURE_OPENAI', 'ZHIPU', 'QWEN', 'CUSTOM')",CHECK,"backend/alembic/versions/0009_config_center.py:163-182; backend/alembic/versions/0021_ai_channel_model_management.py:17-52 ; backend/app/models/ai_generation.py:29-228 ; contracts/database.md:79,169-177",ai_configuration.create_ai_channel; ai_configuration.update_ai_channel; ai_configuration.replace_ai_channel_api_key; ai_configuration.set_channel_enabled; ai_configuration.delete_ai_channel,createAIChannel;updateAIChannel;replaceAIChannelApiKey;enableAIChannel;disableAIChannel;deleteAIChannel,"ai_configuration.create_ai_channel; ai_configuration.update_ai_channel; ai_configuration.replace_ai_channel_api_key; ai_configuration.set_channel_enabled; ai_configuration.delete_ai_channel: 直接写入/修改会触发 provider_brand IN ('OPENAI', 'ANTHROPIC', 'GOOGLE', 'AZURE_OPENAI', 'ZHIPU', 'QWEN', 'CUSTOM')；schema/状态门禁可能提前拒绝，但未见等价 DB constraint 预检",ai_configuration.create_ai_channel; ai_configuration.update_ai_channel; ai_configuration.replace_ai_channel_api_key; ai_configuration.set_channel_enabled; ai_configuration.delete_ai_channel: 无 ck_ai_channels_provider_brand 专用 diagnostics mapper；23514 进入 errors.py:76-79 全局 handler，无 HTTP owner 仅由 worker 失败,当前 HTTP owner 23514 → 全局 409 REVISION_CONFLICT / 数据约束冲突（不泄漏 DB）,ck_ai_channels_provider_brand 的可修复输入错误需批准专用 4xx；未知 23514 default500/contract-decision required,ai_configuration.create_ai_channel; ai_configuration.update_ai_channel; ai_configuration.replace_ai_channel_api_key; ai_configuration.set_channel_enabled; ai_configuration.delete_ai_channel 的直接 command 顶层 Session（由 owner 负责 flush/commit/rollback）,真实 PostgreSQL CHECK sentinel：ck_ai_channels_provider_brand；仅覆盖直接 owner ai_configuration.create_ai_channel; ai_configuration.update_ai_channel; ai_configuration.replace_ai_channel_api_key; ai_configuration.set_channel_enabled; ai_configuration.delete_ai_channel / operation createAIChannel;updateAIChannel;replaceAIChannelApiKey;enableAIChannel;disableAIChannel;deleteAIChannel；断言 diagnostics/HTTP 或 worker 失败边界、rollback、无 SUCCESS audit
ck_ai_channels_timeout,ai_channels,timeout_seconds BETWEEN 10 AND 600,CHECK,"backend/alembic/versions/0009_config_center.py:163-182; backend/alembic/versions/0021_ai_channel_model_management.py:17-52 ; backend/app/models/ai_generation.py:29-228 ; contracts/database.md:79,169-177",ai_configuration.create_ai_channel; ai_configuration.update_ai_channel; ai_configuration.replace_ai_channel_api_key; ai_configuration.set_channel_enabled; ai_configuration.delete_ai_channel,createAIChannel;updateAIChannel;replaceAIChannelApiKey;enableAIChannel;disableAIChannel;deleteAIChannel,ai_configuration.create_ai_channel; ai_configuration.update_ai_channel; ai_configuration.replace_ai_channel_api_key; ai_configuration.set_channel_enabled; ai_configuration.delete_ai_channel: 直接写入/修改会触发 timeout_seconds BETWEEN 10 AND 600；schema/状态门禁可能提前拒绝，但未见等价 DB constraint 预检,ai_configuration.create_ai_channel; ai_configuration.update_ai_channel; ai_configuration.replace_ai_channel_api_key; ai_configuration.set_channel_enabled; ai_configuration.delete_ai_channel: 无 ck_ai_channels_timeout 专用 diagnostics mapper；23514 进入 errors.py:76-79 全局 handler，无 HTTP owner 仅由 worker 失败,当前 HTTP owner 23514 → 全局 409 REVISION_CONFLICT / 数据约束冲突（不泄漏 DB）,ck_ai_channels_timeout 的可修复输入错误需批准专用 4xx；未知 23514 default500/contract-decision required,ai_configuration.create_ai_channel; ai_configuration.update_ai_channel; ai_configuration.replace_ai_channel_api_key; ai_configuration.set_channel_enabled; ai_configuration.delete_ai_channel 的直接 command 顶层 Session（由 owner 负责 flush/commit/rollback）,真实 PostgreSQL CHECK sentinel：ck_ai_channels_timeout；仅覆盖直接 owner ai_configuration.create_ai_channel; ai_configuration.update_ai_channel; ai_configuration.replace_ai_channel_api_key; ai_configuration.set_channel_enabled; ai_configuration.delete_ai_channel / operation createAIChannel;updateAIChannel;replaceAIChannelApiKey;enableAIChannel;disableAIChannel;deleteAIChannel；断言 diagnostics/HTTP 或 worker 失败边界、rollback、无 SUCCESS audit
ck_ai_models_test_status,ai_models,"test_status IN ('UNTESTED', 'PASSED', 'FAILED')",CHECK,"backend/alembic/versions/0009_config_center.py:208-234 ; backend/app/models/ai_generation.py:29-228 ; contracts/database.md:79,437",ai_configuration.create_ai_model; ai_configuration.update_ai_model; ai_configuration.test_ai_model; ai_configuration.set_model_enabled; ai_configuration.delete_ai_model,createAIModel;updateAIModel;testAIModel;enableAIModel;disableAIModel;deleteAIModel,"ai_configuration.create_ai_model; ai_configuration.update_ai_model; ai_configuration.test_ai_model; ai_configuration.set_model_enabled; ai_configuration.delete_ai_model: 直接写入/修改会触发 test_status IN ('UNTESTED', 'PASSED', 'FAILED')；schema/状态门禁可能提前拒绝，但未见等价 DB constraint 预检",ai_configuration.create_ai_model; ai_configuration.update_ai_model; ai_configuration.test_ai_model; ai_configuration.set_model_enabled; ai_configuration.delete_ai_model: 无 ck_ai_models_test_status 专用 diagnostics mapper；23514 进入 errors.py:76-79 全局 handler，无 HTTP owner 仅由 worker 失败,当前 HTTP owner 23514 → 全局 409 REVISION_CONFLICT / 数据约束冲突（不泄漏 DB）,ck_ai_models_test_status 的可修复输入错误需批准专用 4xx；未知 23514 default500/contract-decision required,ai_configuration.create_ai_model; ai_configuration.update_ai_model; ai_configuration.test_ai_model; ai_configuration.set_model_enabled; ai_configuration.delete_ai_model 的直接 command 顶层 Session（由 owner 负责 flush/commit/rollback）,真实 PostgreSQL CHECK sentinel：ck_ai_models_test_status；仅覆盖直接 owner ai_configuration.create_ai_model; ai_configuration.update_ai_model; ai_configuration.test_ai_model; ai_configuration.set_model_enabled; ai_configuration.delete_ai_model / operation createAIModel;updateAIModel;testAIModel;enableAIModel;disableAIModel;deleteAIModel；断言 diagnostics/HTTP 或 worker 失败边界、rollback、无 SUCCESS audit
ck_audit_logs_business_module,audit_logs,"business_module IN ('IDENTITY', 'PRODUCT_FACTS', 'CONTENT_PLANNING', 'CONTENT_PRODUCTION', 'CONTENT_REVIEW', 'PUBLICATION', 'GEO_OBSERVATION', 'CONFIGURATION', 'FILE_MANAGEMENT')",CHECK,"backend/alembic/versions/0001_identity_audit.py:1-120 ; backend/app/models/identity.py:28-112 ; contracts/database.md:203-211,337,460","app.audit.append_audit（间接 writer）← identity.export_users@272, identity.change_password@360, identity.create_user@399, identity.update_user/bulk_update_user_status→identity._update_user_locked@431, identity.delete_user@597, identity.reset_user_password@652, product_facts.create_product@395, product_facts.update_product@427, product_facts.delete_product@488, product_facts.delete_fact_version@560, review.transition_fact_version@283, review.transition_content_version@340, content_production.delete_content_draft@817, content_planning.create_query_topic@197, content_planning.update_query_topic@226, content_planning.delete_query_topic@264, platform_configuration.set_platform_profile_enabled@343, platform_configuration.delete_platform_type@502, platform_configuration.create_platform_prompt@615, platform_configuration.update_platform_prompt@656, platform_configuration.put_content_humanization_prompt@745, platform_configuration.delete_platform_prompt@795, platform_configuration.delete_platform_profile@903, ai_configuration.create_ai_channel@461, ai_configuration.delete_ai_channel@511, ai_configuration.create_ai_channel_header@542, ai_configuration.update_ai_channel_header@591, ai_configuration.delete_ai_channel_header@641, ai_configuration.create_ai_model@680, ai_configuration.delete_ai_model@718, ai_configuration.update_ai_channel@748, ai_configuration.replace_ai_channel_api_key@802, ai_configuration.set_channel_enabled@838, ai_configuration.update_ai_model@881, ai_configuration.set_model_enabled@1020, publication.delete_platform_account@336, publication.verify_publication_work@716, publication.permanently_delete_published_article@1097, publication.delete_content_task@1533, publication.permanently_delete_content_task@1590, geo_observation.delete_geo_observation@2557",exportUsers;changePassword;createUser;updateUser;bulkUpdateUserStatus;deleteUser;resetUserPassword;createQueryTopic;updateQueryTopic;deleteQueryTopic;createProduct;updateProduct;deleteProduct;deleteFactVersion;approveFactVersion;approveContentVersion;deleteContentDraft;deleteGeoObservation;enablePlatformProfile;disablePlatformProfile;deletePlatformType;createPlatformPrompt;updatePlatformPrompt;putContentHumanizationPrompt;deletePlatformPrompt;deletePlatformProfile;createAIChannel;deleteAIChannel;createAIChannelHeader;updateAIChannelHeader;deleteAIChannelHeader;createAIModel;deleteAIModel;updateAIChannel;replaceAIChannelApiKey;enableAIChannel;disableAIChannel;updateAIModel;enableAIModel;disableAIModel;deletePlatformAccount;verifyPublicationWork;permanentlyDeletePublishedArticle;deleteContentTask;permanentlyDeleteContentTask,append_audit.validate_audit_entry@audit.py:72-139 校验字段/敏感信息；db.add 后由上述 caller commit，DB constraint 仍是 authority,app.audit.append_audit 仅间接 db.add，不 flush/commit；各 caller 无 audit constraint 专用 catch，异常进入 errors.py:76-79 全局 handler,列出的 HTTP caller 当前未捕获 audit constraint 异常，统一返回 409 REVISION_CONFLICT / 数据约束冲突；无独立 worker caller,audit constraint 失败不应伪装 revision；需 contract-decision required，未知 default500，禁止泄漏 audit/DB details,列出的各 HTTP service caller 顶层 Session；app.audit.append_audit 是间接 writer，不拥有事务,真实 PostgreSQL CHECK sentinel：ck_audit_logs_business_module；从真实 caller 调用 append_audit 并 commit；断言 diagnostics/HTTP 结果、rollback、无 SUCCESS audit
ck_audit_logs_outcome,audit_logs,"outcome IN ('SUCCESS', 'FAILED', 'DENIED')",CHECK,"backend/alembic/versions/0001_identity_audit.py:1-120 ; backend/app/models/identity.py:28-112 ; contracts/database.md:203-211,337,460","app.audit.append_audit（间接 writer）← identity.export_users@272, identity.change_password@360, identity.create_user@399, identity.update_user/bulk_update_user_status→identity._update_user_locked@431, identity.delete_user@597, identity.reset_user_password@652, product_facts.create_product@395, product_facts.update_product@427, product_facts.delete_product@488, product_facts.delete_fact_version@560, review.transition_fact_version@283, review.transition_content_version@340, content_production.delete_content_draft@817, content_planning.create_query_topic@197, content_planning.update_query_topic@226, content_planning.delete_query_topic@264, platform_configuration.set_platform_profile_enabled@343, platform_configuration.delete_platform_type@502, platform_configuration.create_platform_prompt@615, platform_configuration.update_platform_prompt@656, platform_configuration.put_content_humanization_prompt@745, platform_configuration.delete_platform_prompt@795, platform_configuration.delete_platform_profile@903, ai_configuration.create_ai_channel@461, ai_configuration.delete_ai_channel@511, ai_configuration.create_ai_channel_header@542, ai_configuration.update_ai_channel_header@591, ai_configuration.delete_ai_channel_header@641, ai_configuration.create_ai_model@680, ai_configuration.delete_ai_model@718, ai_configuration.update_ai_channel@748, ai_configuration.replace_ai_channel_api_key@802, ai_configuration.set_channel_enabled@838, ai_configuration.update_ai_model@881, ai_configuration.set_model_enabled@1020, publication.delete_platform_account@336, publication.verify_publication_work@716, publication.permanently_delete_published_article@1097, publication.delete_content_task@1533, publication.permanently_delete_content_task@1590, geo_observation.delete_geo_observation@2557",exportUsers;changePassword;createUser;updateUser;bulkUpdateUserStatus;deleteUser;resetUserPassword;createQueryTopic;updateQueryTopic;deleteQueryTopic;createProduct;updateProduct;deleteProduct;deleteFactVersion;approveFactVersion;approveContentVersion;deleteContentDraft;deleteGeoObservation;enablePlatformProfile;disablePlatformProfile;deletePlatformType;createPlatformPrompt;updatePlatformPrompt;putContentHumanizationPrompt;deletePlatformPrompt;deletePlatformProfile;createAIChannel;deleteAIChannel;createAIChannelHeader;updateAIChannelHeader;deleteAIChannelHeader;createAIModel;deleteAIModel;updateAIChannel;replaceAIChannelApiKey;enableAIChannel;disableAIChannel;updateAIModel;enableAIModel;disableAIModel;deletePlatformAccount;verifyPublicationWork;permanentlyDeletePublishedArticle;deleteContentTask;permanentlyDeleteContentTask,append_audit.validate_audit_entry@audit.py:72-139 校验字段/敏感信息；db.add 后由上述 caller commit，DB constraint 仍是 authority,app.audit.append_audit 仅间接 db.add，不 flush/commit；各 caller 无 audit constraint 专用 catch，异常进入 errors.py:76-79 全局 handler,列出的 HTTP caller 当前未捕获 audit constraint 异常，统一返回 409 REVISION_CONFLICT / 数据约束冲突；无独立 worker caller,audit constraint 失败不应伪装 revision；需 contract-decision required，未知 default500，禁止泄漏 audit/DB details,列出的各 HTTP service caller 顶层 Session；app.audit.append_audit 是间接 writer，不拥有事务,真实 PostgreSQL CHECK sentinel：ck_audit_logs_outcome；从真实 caller 调用 append_audit 并 commit；断言 diagnostics/HTTP 结果、rollback、无 SUCCESS audit
ck_content_humanization_prompts_singleton,content_humanization_prompts,id = 1,CHECK,backend/alembic/versions/0017_content_humanization.py:16-36 ; backend/app/models/configuration.py:26-125 ; contracts/database.md:129,platform_configuration.put_content_humanization_prompt,putContentHumanizationPrompt,platform_configuration.put_content_humanization_prompt: 直接写入/修改会触发 id = 1；schema/状态门禁可能提前拒绝，但未见等价 DB constraint 预检,platform_configuration.put_content_humanization_prompt: 无 ck_content_humanization_prompts_singleton 专用 diagnostics mapper；23514 进入 errors.py:76-79 全局 handler，无 HTTP owner 仅由 worker 失败,当前 HTTP owner 23514 → 全局 409 REVISION_CONFLICT / 数据约束冲突（不泄漏 DB）,ck_content_humanization_prompts_singleton 的可修复输入错误需批准专用 4xx；未知 23514 default500/contract-decision required,platform_configuration.put_content_humanization_prompt 的直接 command 顶层 Session（由 owner 负责 flush/commit/rollback）,真实 PostgreSQL CHECK sentinel：ck_content_humanization_prompts_singleton；仅覆盖直接 owner platform_configuration.put_content_humanization_prompt / operation putContentHumanizationPrompt；断言 diagnostics/HTTP 或 worker 失败边界、rollback、无 SUCCESS audit
ck_content_task_geo_sources_period,content_task_geo_sources,date_from <= date_to,CHECK,"backend/alembic/versions/0035_business_workflow_primary_tasks.py:200-254 ; backend/app/models/content.py:28-210 ; contracts/database.md:315,459",geo_observation.create_geo_optimization_content_task; publication.permanently_delete_content_task,createGeoOptimizationContentTask;permanentlyDeleteContentTask,geo_observation.create_geo_optimization_content_task; publication.permanently_delete_content_task: 直接写入/修改/删除链按该列或触发器语义执行；未见 ck_content_task_geo_sources_period 专用预检，数据库 CHECK 是 authority,geo_observation.create_geo_optimization_content_task; publication.permanently_delete_content_task: 未见按 ck_content_task_geo_sources_period 专用 diagnostics mapper；SQL 约束/trigger 失败由 owner rollback，HTTP 进入 errors.py:76-79 全局 handler,HTTP owner 当前未捕获时进入全局 409 REVISION_CONFLICT / 数据约束冲突（不泄漏 DB）。,ck_content_task_geo_sources_period：按 PostgreSQL diagnostics 精确映射；未批准领域 code 时 default500/contract-decision required，禁止错误文本映射。,geo_observation.create_geo_optimization_content_task；publication.permanently_delete_content_task 的直接 command/worker 顶层 Session（间接 helper 不拥有事务；owner 负责 flush/commit/rollback）,真实 PostgreSQL CHECK sentinel：ck_content_task_geo_sources_period；仅覆盖直接 owner geo_observation.create_geo_optimization_content_task; publication.permanently_delete_content_task / operation createGeoOptimizationContentTask;permanentlyDeleteContentTask；断言 diagnostics/HTTP 或 worker 失败边界、rollback、无 SUCCESS audit
ck_content_task_geo_sources_rule_code,content_task_geo_sources,"rule_code IN ('CONTENT_DECLINE', 'LONG_UNMENTIONED', 'QUESTION_COVERAGE_GAP')",CHECK,"backend/alembic/versions/0035_business_workflow_primary_tasks.py:200-254 ; backend/app/models/content.py:28-210 ; contracts/database.md:315,459",geo_observation.create_geo_optimization_content_task; publication.permanently_delete_content_task,createGeoOptimizationContentTask;permanentlyDeleteContentTask,geo_observation.create_geo_optimization_content_task; publication.permanently_delete_content_task: 直接写入/修改/删除链按该列或触发器语义执行；未见 ck_content_task_geo_sources_rule_code 专用预检，数据库 CHECK 是 authority,geo_observation.create_geo_optimization_content_task; publication.permanently_delete_content_task: 未见按 ck_content_task_geo_sources_rule_code 专用 diagnostics mapper；SQL 约束/trigger 失败由 owner rollback，HTTP 进入 errors.py:76-79 全局 handler,HTTP owner 当前未捕获时进入全局 409 REVISION_CONFLICT / 数据约束冲突（不泄漏 DB）。,ck_content_task_geo_sources_rule_code：按 PostgreSQL diagnostics 精确映射；未批准领域 code 时 default500/contract-decision required，禁止错误文本映射。,geo_observation.create_geo_optimization_content_task；publication.permanently_delete_content_task 的直接 command/worker 顶层 Session（间接 helper 不拥有事务；owner 负责 flush/commit/rollback）,真实 PostgreSQL CHECK sentinel：ck_content_task_geo_sources_rule_code；仅覆盖直接 owner geo_observation.create_geo_optimization_content_task; publication.permanently_delete_content_task / operation createGeoOptimizationContentTask;permanentlyDeleteContentTask；断言 diagnostics/HTTP 或 worker 失败边界、rollback、无 SUCCESS audit
ck_content_task_geo_sources_snapshot_object,content_task_geo_sources,jsonb_typeof(basis_snapshot) = 'object',CHECK,"backend/alembic/versions/0035_business_workflow_primary_tasks.py:200-254 ; backend/app/models/content.py:28-210 ; contracts/database.md:315,459",geo_observation.create_geo_optimization_content_task; publication.permanently_delete_content_task,createGeoOptimizationContentTask;permanentlyDeleteContentTask,geo_observation.create_geo_optimization_content_task; publication.permanently_delete_content_task: 直接写入/修改/删除链按该列或触发器语义执行；未见 ck_content_task_geo_sources_snapshot_object 专用预检，数据库 CHECK 是 authority,geo_observation.create_geo_optimization_content_task; publication.permanently_delete_content_task: 未见按 ck_content_task_geo_sources_snapshot_object 专用 diagnostics mapper；SQL 约束/trigger 失败由 owner rollback，HTTP 进入 errors.py:76-79 全局 handler,HTTP owner 当前未捕获时进入全局 409 REVISION_CONFLICT / 数据约束冲突（不泄漏 DB）。,ck_content_task_geo_sources_snapshot_object：按 PostgreSQL diagnostics 精确映射；未批准领域 code 时 default500/contract-decision required，禁止错误文本映射。,geo_observation.create_geo_optimization_content_task；publication.permanently_delete_content_task 的直接 command/worker 顶层 Session（间接 helper 不拥有事务；owner 负责 flush/commit/rollback）,真实 PostgreSQL CHECK sentinel：ck_content_task_geo_sources_snapshot_object；仅覆盖直接 owner geo_observation.create_geo_optimization_content_task; publication.permanently_delete_content_task / operation createGeoOptimizationContentTask;permanentlyDeleteContentTask；断言 diagnostics/HTTP 或 worker 失败边界、rollback、无 SUCCESS audit
ck_content_tasks_archive_state,content_tasks,"archived_at IS NULL OR status IN ('OPEN', 'COMPLETED', 'CANCELLED')",CHECK,"backend/app/migration_schema_v1.py:390-417; backend/alembic/versions/0025_markdown_facts_direct_platform.py:528-541; backend/alembic/versions/0035_business_workflow_primary_tasks.py:67-90 ; backend/app/models/content.py:28-210 ; contracts/database.md:37,153-159,221-225,327-341,412,419,434-435",content_planning.create_content_task; geo_observation.create_geo_optimization_content_task; publication.create_repair_task; publication.archive_content_task; publication.restore_content_task; publication.cancel_content_task,createContentTask;createGeoOptimizationContentTask;createPublishedContentRepairTask;archiveContentTask;restoreContentTask;cancelContentTask,content_planning.create_content_task; geo_observation.create_geo_optimization_content_task; publication.create_repair_task; publication.archive_content_task; publication.restore_content_task; publication.cancel_content_task: 直接写入/修改/删除链按该列或触发器语义执行；未见 ck_content_tasks_archive_state 专用预检，数据库 CHECK 是 authority,content_planning.create_content_task; geo_observation.create_geo_optimization_content_task; publication.create_repair_task; publication.archive_content_task; publication.restore_content_task; publication.cancel_content_task: 未见按 ck_content_tasks_archive_state 专用 diagnostics mapper；SQL 约束/trigger 失败由 owner rollback，HTTP 进入 errors.py:76-79 全局 handler,HTTP owner 当前未捕获时进入全局 409 REVISION_CONFLICT / 数据约束冲突（不泄漏 DB）。,ck_content_tasks_archive_state：按 PostgreSQL diagnostics 精确映射；未批准领域 code 时 default500/contract-decision required，禁止错误文本映射。,content_planning.create_content_task；geo_observation.create_geo_optimization_content_task；publication.create_repair_task；publication.archive_content_task；publication.restore_content_task；publication.cancel_content_task 的直接 command/worker 顶层 Session（间接 helper 不拥有事务；owner 负责 flush/commit/rollback）,真实 PostgreSQL CHECK sentinel：ck_content_tasks_archive_state；仅覆盖直接 owner content_planning.create_content_task; geo_observation.create_geo_optimization_content_task; publication.create_repair_task; publication.archive_content_task; publication.restore_content_task; publication.cancel_content_task / operation createContentTask;createGeoOptimizationContentTask;createPublishedContentRepairTask;archiveContentTask;restoreContentTask;cancelContentTask；断言 diagnostics/HTTP 或 worker 失败边界、rollback、无 SUCCESS audit
ck_content_tasks_open_requires_platform,content_tasks,status <> 'OPEN' OR platform_profile_id IS NOT NULL,CHECK,"backend/app/migration_schema_v1.py:390-417; backend/alembic/versions/0025_markdown_facts_direct_platform.py:528-541; backend/alembic/versions/0035_business_workflow_primary_tasks.py:67-90 ; backend/app/models/content.py:28-210 ; contracts/database.md:37,153-159,221-225,327-341,412,419,434-435",content_planning.create_content_task; geo_observation.create_geo_optimization_content_task; publication.create_repair_task; publication.permanently_delete_published_article,createContentTask;createGeoOptimizationContentTask;createPublishedContentRepairTask;permanentlyDeletePublishedArticle,content_planning.create_content_task; geo_observation.create_geo_optimization_content_task; publication.create_repair_task; publication.permanently_delete_published_article: 直接写入/修改/删除链按该列或触发器语义执行；未见 ck_content_tasks_open_requires_platform 专用预检，数据库 CHECK 是 authority,content_planning.create_content_task; geo_observation.create_geo_optimization_content_task; publication.create_repair_task; publication.permanently_delete_published_article: 未见按 ck_content_tasks_open_requires_platform 专用 diagnostics mapper；SQL 约束/trigger 失败由 owner rollback，HTTP 进入 errors.py:76-79 全局 handler,HTTP owner 当前未捕获时进入全局 409 REVISION_CONFLICT / 数据约束冲突（不泄漏 DB）。,ck_content_tasks_open_requires_platform：按 PostgreSQL diagnostics 精确映射；未批准领域 code 时 default500/contract-decision required，禁止错误文本映射。,content_planning.create_content_task；geo_observation.create_geo_optimization_content_task；publication.create_repair_task；publication.permanently_delete_published_article 的直接 command/worker 顶层 Session（间接 helper 不拥有事务；owner 负责 flush/commit/rollback）,真实 PostgreSQL CHECK sentinel：ck_content_tasks_open_requires_platform；仅覆盖直接 owner content_planning.create_content_task; geo_observation.create_geo_optimization_content_task; publication.create_repair_task; publication.permanently_delete_published_article / operation createContentTask;createGeoOptimizationContentTask;createPublishedContentRepairTask;permanentlyDeletePublishedArticle；断言 diagnostics/HTTP 或 worker 失败边界、rollback、无 SUCCESS audit
ck_content_versions_status_business_workflow,content_versions,"status IN ('DRAFT', 'PENDING_REVIEW', 'CHANGES_REQUESTED', 'APPROVED', 'SUPERSEDED', 'ABANDONED')",CHECK,backend/app/migration_schema_v1.py:466-508; backend/alembic/versions/0035_business_workflow_primary_tasks.py:174-198; backend/app/models/content.py:91-150; contracts/database.md:418-421,content_production._create_human_content←create_manual_content_version/create_content_revision（INSERT DRAFT）; generation.process_generation_job（INSERT DRAFT）; content_production.abandon_content_version（UPDATE status）; review.transition_content_version（UPDATE status）,createManualContentVersion;createContentRevision;abandonContentVersion;submitContentVersion;approveContentVersion;requestContentVersionChanges;无 HTTP operationId（generation.process_generation_job worker）,人工/worker 固定写 DRAFT；abandon 有状态门禁；review 使用 CONTENT_TRANSITIONS 并校验当前状态；CHECK 是最终 authority。,HTTP owner 无该 conname mapper，23514 当前全局误报 409 REVISION_CONFLICT并由 request rollback；worker rollback 后 Job FAILED。,HTTP 23514 当前为 409 REVISION_CONFLICT/数据约束冲突/details={}；worker 无 HTTP。,无已批准该 CHECK 专用领域 code；unknown 23514 default500，worker遵循失败策略。,人工 create/abandon 与 review command 各持有 request Session；generation.process_generation_job 持有独立 SessionLocal。,真实 PostgreSQL 以 approve UPDATE（含旧 approved/review/audit副作用）和 worker INSERT 强制非法 status；断言23514+conname、HTTP整笔回滚、worker只保留FAILED Job。
ck_fact_versions_classification,fact_versions,"classification IN ('PUBLIC', 'INTERNAL', 'RESTRICTED')",CHECK,"backend/app/migration_schema_v1.py:304-314; backend/alembic/versions/0035_business_workflow_primary_tasks.py:174-198 ; backend/app/models/product_facts.py:27-116 ; contracts/database.md:217,309,416-417",product_facts.replace_product_facts; review.transition_fact_version,replaceProductFactsDraft;submitProductFactReview;approveFactVersion;requestFactVersionChanges;retireFactVersion,product_facts.replace_product_facts; review.transition_fact_version: 直接写入/修改/删除链按该列或触发器语义执行；未见 ck_fact_versions_classification 专用预检，数据库 CHECK 是 authority,product_facts.replace_product_facts; review.transition_fact_version: 未见按 ck_fact_versions_classification 专用 diagnostics mapper；失败由最终 owner rollback，异常进入全局 handler（worker 则由独立 Session 处理）,HTTP owner 当前未捕获时全局 409 REVISION_CONFLICT / 数据约束冲突（不泄漏 DB）。,ck_fact_versions_classification：按 PostgreSQL diagnostics 精确映射；未批准领域 code 时 default500/contract-decision required，禁止错误文本映射。,product_facts.replace_product_facts; review.transition_fact_version 的最终 flush/commit command 或独立 worker Session（间接 helper 不拥有事务）,真实 PostgreSQL CHECK sentinel：ck_fact_versions_classification；仅覆盖直接 owner product_facts.replace_product_facts; review.transition_fact_version / operation replaceProductFactsDraft;submitProductFactReview;approveFactVersion;requestFactVersionChanges;retireFactVersion；断言失败边界、rollback、无 SUCCESS audit
ck_fact_versions_status_business_workflow,fact_versions,"status IN ('PENDING_REVIEW', 'CHANGES_REQUESTED', 'APPROVED', 'RETIRED')",CHECK,"backend/app/migration_schema_v1.py:304-314; backend/alembic/versions/0035_business_workflow_primary_tasks.py:174-198 ; backend/app/models/product_facts.py:27-116 ; contracts/database.md:217,309,416-417",product_facts.replace_product_facts; review.transition_fact_version,replaceProductFactsDraft;submitProductFactReview;approveFactVersion;requestFactVersionChanges;retireFactVersion,product_facts.replace_product_facts; review.transition_fact_version: 直接写入/修改/删除链按该列或触发器语义执行；未见 ck_fact_versions_status_business_workflow 专用预检，数据库 CHECK 是 authority,product_facts.replace_product_facts; review.transition_fact_version: 未见按 ck_fact_versions_status_business_workflow 专用 diagnostics mapper；失败由最终 owner rollback，异常进入全局 handler（worker 则由独立 Session 处理）,HTTP owner 当前未捕获时全局 409 REVISION_CONFLICT / 数据约束冲突（不泄漏 DB）。,ck_fact_versions_status_business_workflow：按 PostgreSQL diagnostics 精确映射；未批准领域 code 时 default500/contract-decision required，禁止错误文本映射。,product_facts.replace_product_facts; review.transition_fact_version 的最终 flush/commit command 或独立 worker Session（间接 helper 不拥有事务）,真实 PostgreSQL CHECK sentinel：ck_fact_versions_status_business_workflow；仅覆盖直接 owner product_facts.replace_product_facts; review.transition_fact_version / operation replaceProductFactsDraft;submitProductFactReview;approveFactVersion;requestFactVersionChanges;retireFactVersion；断言失败边界、rollback、无 SUCCESS audit
ck_generation_jobs_completion_tokens_nonnegative,generation_jobs,completion_tokens IS NULL OR completion_tokens >= 0,CHECK,"backend/app/migration_schema_v1.py:426-465; backend/alembic/versions/0009_config_center.py:244-280; backend/alembic/versions/0011_generation_reliability.py:22-34 ; backend/app/models/ai_generation.py:29-228 ; contracts/database.md:43,81,91,129,436-440",content_production.create_generation_job; content_production.create_humanization_job; content_production.retry_generation_job; generation.process_generation_job; publication.permanently_delete_content_task,createGenerationJob;createHumanizationJob;retryGenerationJob;无 HTTP operationId（generation.process_generation_job worker）;permanentlyDeleteContentTask,content_production.create_generation_job; content_production.create_humanization_job; content_production.retry_generation_job; generation.process_generation_job; publication.permanently_delete_content_task: 直接写入/修改/删除链按该约束列或触发器语义执行；未见 ck_generation_jobs_completion_tokens_nonnegative 专用预检，数据库 CHECK 是 authority,content_production.create_generation_job; content_production.create_humanization_job; content_production.retry_generation_job; generation.process_generation_job; publication.permanently_delete_content_task: 未见按 ck_generation_jobs_completion_tokens_nonnegative 专用 diagnostics mapper；失败由最终 owner rollback，异常进入全局 handler（worker 则由独立 Session 处理）,HTTP owner 当前未捕获时全局 409 REVISION_CONFLICT；worker 无 HTTP operationId，失败由 worker Session rollback/FAILED 记录。,ck_generation_jobs_completion_tokens_nonnegative：按 PostgreSQL diagnostics 精确映射；未批准领域 code 时 default500/contract-decision required，禁止错误文本映射。,content_production.create_generation_job; content_production.create_humanization_job; content_production.retry_generation_job; generation.process_generation_job; publication.permanently_delete_content_task 的最终 flush/commit command 或独立 worker Session（间接 helper 不拥有事务）,真实 PostgreSQL CHECK sentinel：ck_generation_jobs_completion_tokens_nonnegative；仅覆盖直接 owner content_production.create_generation_job; content_production.create_humanization_job; content_production.retry_generation_job; generation.process_generation_job; publication.permanently_delete_content_task / operation createGenerationJob;createHumanizationJob;retryGenerationJob;无 HTTP operationId（generation.process_generation_job worker）;permanentlyDeleteContentTask；断言失败边界、rollback、无 SUCCESS audit
ck_generation_jobs_dispatch_attempt_count_nonnegative,generation_jobs,dispatch_attempt_count >= 0,CHECK,"backend/app/migration_schema_v1.py:426-465; backend/alembic/versions/0009_config_center.py:244-280; backend/alembic/versions/0011_generation_reliability.py:22-34 ; backend/app/models/ai_generation.py:29-228 ; contracts/database.md:43,81,91,129,436-440",content_production.create_generation_job; content_production.create_humanization_job; content_production.retry_generation_job; generation.process_generation_job; publication.permanently_delete_content_task,createGenerationJob;createHumanizationJob;retryGenerationJob;无 HTTP operationId（generation.process_generation_job worker）;permanentlyDeleteContentTask,content_production.create_generation_job; content_production.create_humanization_job; content_production.retry_generation_job; generation.process_generation_job; publication.permanently_delete_content_task: 直接写入/修改/删除链按该约束列或触发器语义执行；未见 ck_generation_jobs_dispatch_attempt_count_nonnegative 专用预检，数据库 CHECK 是 authority,content_production.create_generation_job; content_production.create_humanization_job; content_production.retry_generation_job; generation.process_generation_job; publication.permanently_delete_content_task: 未见按 ck_generation_jobs_dispatch_attempt_count_nonnegative 专用 diagnostics mapper；失败由最终 owner rollback，异常进入全局 handler（worker 则由独立 Session 处理）,HTTP owner 当前未捕获时全局 409 REVISION_CONFLICT；worker 无 HTTP operationId，失败由 worker Session rollback/FAILED 记录。,ck_generation_jobs_dispatch_attempt_count_nonnegative：按 PostgreSQL diagnostics 精确映射；未批准领域 code 时 default500/contract-decision required，禁止错误文本映射。,content_production.create_generation_job; content_production.create_humanization_job; content_production.retry_generation_job; generation.process_generation_job; publication.permanently_delete_content_task 的最终 flush/commit command 或独立 worker Session（间接 helper 不拥有事务）,真实 PostgreSQL CHECK sentinel：ck_generation_jobs_dispatch_attempt_count_nonnegative；仅覆盖直接 owner content_production.create_generation_job; content_production.create_humanization_job; content_production.retry_generation_job; generation.process_generation_job; publication.permanently_delete_content_task / operation createGenerationJob;createHumanizationJob;retryGenerationJob;无 HTTP operationId（generation.process_generation_job worker）;permanentlyDeleteContentTask；断言失败边界、rollback、无 SUCCESS audit
ck_generation_jobs_job_type,generation_jobs,"job_type IN ('GENERATE', 'HUMANIZE')",CHECK,"backend/app/migration_schema_v1.py:426-465; backend/alembic/versions/0009_config_center.py:244-280; backend/alembic/versions/0011_generation_reliability.py:22-34 ; backend/app/models/ai_generation.py:29-228 ; contracts/database.md:43,81,91,129,436-440",content_production.create_generation_job; content_production.create_humanization_job; content_production.retry_generation_job,createGenerationJob;createHumanizationJob;retryGenerationJob,content_production.create_generation_job; content_production.create_humanization_job; content_production.retry_generation_job: 直接写入/修改/删除链按该约束列或触发器语义执行；未见 ck_generation_jobs_job_type 专用预检，数据库 CHECK 是 authority,content_production.create_generation_job; content_production.create_humanization_job; content_production.retry_generation_job: 未见按 ck_generation_jobs_job_type 专用 diagnostics mapper；失败由最终 owner rollback，异常进入全局 handler（worker 则由独立 Session 处理）,HTTP owner 当前未捕获时全局 409 REVISION_CONFLICT / 数据约束冲突（不泄漏 DB）。,ck_generation_jobs_job_type：按 PostgreSQL diagnostics 精确映射；未批准领域 code 时 default500/contract-decision required，禁止错误文本映射。,content_production.create_generation_job; content_production.create_humanization_job; content_production.retry_generation_job 的最终 flush/commit command 或独立 worker Session（间接 helper 不拥有事务）,真实 PostgreSQL CHECK sentinel：ck_generation_jobs_job_type；仅覆盖直接 owner content_production.create_generation_job; content_production.create_humanization_job; content_production.retry_generation_job / operation createGenerationJob;createHumanizationJob;retryGenerationJob；断言失败边界、rollback、无 SUCCESS audit
ck_generation_jobs_job_type_source,generation_jobs,(job_type = 'GENERATE' AND source_content_version_id IS NULL) OR (job_type = 'HUMANIZE' AND source_content_version_id IS NOT NULL),CHECK,"backend/app/migration_schema_v1.py:426-465; backend/alembic/versions/0009_config_center.py:244-280; backend/alembic/versions/0011_generation_reliability.py:22-34 ; backend/app/models/ai_generation.py:29-228 ; contracts/database.md:43,81,91,129,436-440",content_production.create_generation_job; content_production.create_humanization_job; content_production.retry_generation_job,createGenerationJob;createHumanizationJob;retryGenerationJob,content_production.create_generation_job; content_production.create_humanization_job; content_production.retry_generation_job: 直接写入/修改/删除链按该约束列或触发器语义执行；未见 ck_generation_jobs_job_type_source 专用预检，数据库 CHECK 是 authority,content_production.create_generation_job; content_production.create_humanization_job; content_production.retry_generation_job: 未见按 ck_generation_jobs_job_type_source 专用 diagnostics mapper；失败由最终 owner rollback，异常进入全局 handler（worker 则由独立 Session 处理）,HTTP owner 当前未捕获时全局 409 REVISION_CONFLICT / 数据约束冲突（不泄漏 DB）。,ck_generation_jobs_job_type_source：按 PostgreSQL diagnostics 精确映射；未批准领域 code 时 default500/contract-decision required，禁止错误文本映射。,content_production.create_generation_job; content_production.create_humanization_job; content_production.retry_generation_job 的最终 flush/commit command 或独立 worker Session（间接 helper 不拥有事务）,真实 PostgreSQL CHECK sentinel：ck_generation_jobs_job_type_source；仅覆盖直接 owner content_production.create_generation_job; content_production.create_humanization_job; content_production.retry_generation_job / operation createGenerationJob;createHumanizationJob;retryGenerationJob；断言失败边界、rollback、无 SUCCESS audit
ck_generation_jobs_prompt_tokens_nonnegative,generation_jobs,prompt_tokens IS NULL OR prompt_tokens >= 0,CHECK,"backend/app/migration_schema_v1.py:426-465; backend/alembic/versions/0009_config_center.py:244-280; backend/alembic/versions/0011_generation_reliability.py:22-34 ; backend/app/models/ai_generation.py:29-228 ; contracts/database.md:43,81,91,129,436-440",content_production.create_generation_job; content_production.create_humanization_job; content_production.retry_generation_job; generation.process_generation_job; publication.permanently_delete_content_task,createGenerationJob;createHumanizationJob;retryGenerationJob;无 HTTP operationId（generation.process_generation_job worker）;permanentlyDeleteContentTask,content_production.create_generation_job; content_production.create_humanization_job; content_production.retry_generation_job; generation.process_generation_job; publication.permanently_delete_content_task: 直接写入/修改/删除链按该约束列或触发器语义执行；未见 ck_generation_jobs_prompt_tokens_nonnegative 专用预检，数据库 CHECK 是 authority,content_production.create_generation_job; content_production.create_humanization_job; content_production.retry_generation_job; generation.process_generation_job; publication.permanently_delete_content_task: 未见按 ck_generation_jobs_prompt_tokens_nonnegative 专用 diagnostics mapper；失败由最终 owner rollback，异常进入全局 handler（worker 则由独立 Session 处理）,HTTP owner 当前未捕获时全局 409 REVISION_CONFLICT；worker 无 HTTP operationId，失败由 worker Session rollback/FAILED 记录。,ck_generation_jobs_prompt_tokens_nonnegative：按 PostgreSQL diagnostics 精确映射；未批准领域 code 时 default500/contract-decision required，禁止错误文本映射。,content_production.create_generation_job; content_production.create_humanization_job; content_production.retry_generation_job; generation.process_generation_job; publication.permanently_delete_content_task 的最终 flush/commit command 或独立 worker Session（间接 helper 不拥有事务）,真实 PostgreSQL CHECK sentinel：ck_generation_jobs_prompt_tokens_nonnegative；仅覆盖直接 owner content_production.create_generation_job; content_production.create_humanization_job; content_production.retry_generation_job; generation.process_generation_job; publication.permanently_delete_content_task / operation createGenerationJob;createHumanizationJob;retryGenerationJob;无 HTTP operationId（generation.process_generation_job worker）;permanentlyDeleteContentTask；断言失败边界、rollback、无 SUCCESS audit
ck_generation_jobs_response_duration_nonnegative,generation_jobs,response_duration_ms IS NULL OR response_duration_ms >= 0,CHECK,"backend/app/migration_schema_v1.py:426-465; backend/alembic/versions/0009_config_center.py:244-280; backend/alembic/versions/0011_generation_reliability.py:22-34 ; backend/app/models/ai_generation.py:29-228 ; contracts/database.md:43,81,91,129,436-440",content_production.create_generation_job; content_production.create_humanization_job; content_production.retry_generation_job; generation.process_generation_job; publication.permanently_delete_content_task,createGenerationJob;createHumanizationJob;retryGenerationJob;无 HTTP operationId（generation.process_generation_job worker）;permanentlyDeleteContentTask,content_production.create_generation_job; content_production.create_humanization_job; content_production.retry_generation_job; generation.process_generation_job; publication.permanently_delete_content_task: 直接写入/修改/删除链按该约束列或触发器语义执行；未见 ck_generation_jobs_response_duration_nonnegative 专用预检，数据库 CHECK 是 authority,content_production.create_generation_job; content_production.create_humanization_job; content_production.retry_generation_job; generation.process_generation_job; publication.permanently_delete_content_task: 未见按 ck_generation_jobs_response_duration_nonnegative 专用 diagnostics mapper；失败由最终 owner rollback，异常进入全局 handler（worker 则由独立 Session 处理）,HTTP owner 当前未捕获时全局 409 REVISION_CONFLICT；worker 无 HTTP operationId，失败由 worker Session rollback/FAILED 记录。,ck_generation_jobs_response_duration_nonnegative：按 PostgreSQL diagnostics 精确映射；未批准领域 code 时 default500/contract-decision required，禁止错误文本映射。,content_production.create_generation_job; content_production.create_humanization_job; content_production.retry_generation_job; generation.process_generation_job; publication.permanently_delete_content_task 的最终 flush/commit command 或独立 worker Session（间接 helper 不拥有事务）,真实 PostgreSQL CHECK sentinel：ck_generation_jobs_response_duration_nonnegative；仅覆盖直接 owner content_production.create_generation_job; content_production.create_humanization_job; content_production.retry_generation_job; generation.process_generation_job; publication.permanently_delete_content_task / operation createGenerationJob;createHumanizationJob;retryGenerationJob;无 HTTP operationId（generation.process_generation_job worker）;permanentlyDeleteContentTask；断言失败边界、rollback、无 SUCCESS audit
ck_generation_jobs_total_tokens_nonnegative,generation_jobs,total_tokens IS NULL OR total_tokens >= 0,CHECK,"backend/app/migration_schema_v1.py:426-465; backend/alembic/versions/0009_config_center.py:244-280; backend/alembic/versions/0011_generation_reliability.py:22-34 ; backend/app/models/ai_generation.py:29-228 ; contracts/database.md:43,81,91,129,436-440",content_production.create_generation_job; content_production.create_humanization_job; content_production.retry_generation_job; generation.process_generation_job; publication.permanently_delete_content_task,createGenerationJob;createHumanizationJob;retryGenerationJob;无 HTTP operationId（generation.process_generation_job worker）;permanentlyDeleteContentTask,content_production.create_generation_job; content_production.create_humanization_job; content_production.retry_generation_job; generation.process_generation_job; publication.permanently_delete_content_task: 直接写入/修改/删除链按该约束列或触发器语义执行；未见 ck_generation_jobs_total_tokens_nonnegative 专用预检，数据库 CHECK 是 authority,content_production.create_generation_job; content_production.create_humanization_job; content_production.retry_generation_job; generation.process_generation_job; publication.permanently_delete_content_task: 未见按 ck_generation_jobs_total_tokens_nonnegative 专用 diagnostics mapper；失败由最终 owner rollback，异常进入全局 handler（worker 则由独立 Session 处理）,HTTP owner 当前未捕获时全局 409 REVISION_CONFLICT；worker 无 HTTP operationId，失败由 worker Session rollback/FAILED 记录。,ck_generation_jobs_total_tokens_nonnegative：按 PostgreSQL diagnostics 精确映射；未批准领域 code 时 default500/contract-decision required，禁止错误文本映射。,content_production.create_generation_job; content_production.create_humanization_job; content_production.retry_generation_job; generation.process_generation_job; publication.permanently_delete_content_task 的最终 flush/commit command 或独立 worker Session（间接 helper 不拥有事务）,真实 PostgreSQL CHECK sentinel：ck_generation_jobs_total_tokens_nonnegative；仅覆盖直接 owner content_production.create_generation_job; content_production.create_humanization_job; content_production.retry_generation_job; generation.process_generation_job; publication.permanently_delete_content_task / operation createGenerationJob;createHumanizationJob;retryGenerationJob;无 HTTP operationId（generation.process_generation_job worker）;permanentlyDeleteContentTask；断言失败边界、rollback、无 SUCCESS audit
ck_platform_accounts_identifier_nonblank,platform_accounts,length(btrim(account_identifier)) > 0,CHECK,"backend/alembic/versions/0026_publication_account_dedup.py:47-71 ; backend/app/models/publication.py:28-290 ; contracts/database.md:201,335,446",publication.create_platform_account; publication.update_platform_account; publication.set_platform_account_enabled; publication.delete_platform_account,createPlatformAccount;updatePlatformAccount;enablePlatformAccount;disablePlatformAccount;deletePlatformAccount,publication.create_platform_account; publication.update_platform_account; publication.set_platform_account_enabled; publication.delete_platform_account: 直接写入/修改会触发 length(btrim(account_identifier)) > 0；schema/状态门禁可能提前拒绝，但未见等价 DB constraint 预检,publication.create_platform_account; publication.update_platform_account; publication.set_platform_account_enabled; publication.delete_platform_account: 无 ck_platform_accounts_identifier_nonblank 专用 diagnostics mapper；23514 进入 errors.py:76-79 全局 handler，无 HTTP owner 仅由 worker 失败,当前 HTTP owner 23514 → 全局 409 REVISION_CONFLICT / 数据约束冲突（不泄漏 DB）,ck_platform_accounts_identifier_nonblank 的可修复输入错误需批准专用 4xx；未知 23514 default500/contract-decision required,publication.create_platform_account; publication.update_platform_account; publication.set_platform_account_enabled; publication.delete_platform_account 的直接 command 顶层 Session（由 owner 负责 flush/commit/rollback）,真实 PostgreSQL CHECK sentinel：ck_platform_accounts_identifier_nonblank；仅覆盖直接 owner publication.create_platform_account; publication.update_platform_account; publication.set_platform_account_enabled; publication.delete_platform_account / operation createPlatformAccount;updatePlatformAccount;enablePlatformAccount;disablePlatformAccount;deletePlatformAccount；断言 diagnostics/HTTP 或 worker 失败边界、rollback、无 SUCCESS audit
ck_platform_accounts_label_nonblank,platform_accounts,length(btrim(label)) > 0,CHECK,"backend/alembic/versions/0026_publication_account_dedup.py:47-71 ; backend/app/models/publication.py:28-290 ; contracts/database.md:201,335,446",publication.create_platform_account; publication.update_platform_account; publication.set_platform_account_enabled; publication.delete_platform_account,createPlatformAccount;updatePlatformAccount;enablePlatformAccount;disablePlatformAccount;deletePlatformAccount,publication.create_platform_account; publication.update_platform_account; publication.set_platform_account_enabled; publication.delete_platform_account: 直接写入/修改会触发 length(btrim(label)) > 0；schema/状态门禁可能提前拒绝，但未见等价 DB constraint 预检,publication.create_platform_account; publication.update_platform_account; publication.set_platform_account_enabled; publication.delete_platform_account: 无 ck_platform_accounts_label_nonblank 专用 diagnostics mapper；23514 进入 errors.py:76-79 全局 handler，无 HTTP owner 仅由 worker 失败,当前 HTTP owner 23514 → 全局 409 REVISION_CONFLICT / 数据约束冲突（不泄漏 DB）,ck_platform_accounts_label_nonblank 的可修复输入错误需批准专用 4xx；未知 23514 default500/contract-decision required,publication.create_platform_account; publication.update_platform_account; publication.set_platform_account_enabled; publication.delete_platform_account 的直接 command 顶层 Session（由 owner 负责 flush/commit/rollback）,真实 PostgreSQL CHECK sentinel：ck_platform_accounts_label_nonblank；仅覆盖直接 owner publication.create_platform_account; publication.update_platform_account; publication.set_platform_account_enabled; publication.delete_platform_account / operation createPlatformAccount;updatePlatformAccount;enablePlatformAccount;disablePlatformAccount;deletePlatformAccount；断言 diagnostics/HTTP 或 worker 失败边界、rollback、无 SUCCESS audit
ck_platform_accounts_revision_nonnegative,platform_accounts,revision >= 0,CHECK,"backend/alembic/versions/0026_publication_account_dedup.py:47-71 ; backend/app/models/publication.py:28-290 ; contracts/database.md:201,335,446",publication.create_platform_account; publication.update_platform_account; publication.set_platform_account_enabled; publication.delete_platform_account,createPlatformAccount;updatePlatformAccount;enablePlatformAccount;disablePlatformAccount;deletePlatformAccount,publication.create_platform_account; publication.update_platform_account; publication.set_platform_account_enabled; publication.delete_platform_account: 直接写入/修改会触发 revision >= 0；schema/状态门禁可能提前拒绝，但未见等价 DB constraint 预检,publication.create_platform_account; publication.update_platform_account; publication.set_platform_account_enabled; publication.delete_platform_account: 无 ck_platform_accounts_revision_nonnegative 专用 diagnostics mapper；23514 进入 errors.py:76-79 全局 handler，无 HTTP owner 仅由 worker 失败,当前 HTTP owner 23514 → 全局 409 REVISION_CONFLICT / 数据约束冲突（不泄漏 DB）,ck_platform_accounts_revision_nonnegative 的可修复输入错误需批准专用 4xx；未知 23514 default500/contract-decision required,publication.create_platform_account; publication.update_platform_account; publication.set_platform_account_enabled; publication.delete_platform_account 的直接 command 顶层 Session（由 owner 负责 flush/commit/rollback）,真实 PostgreSQL CHECK sentinel：ck_platform_accounts_revision_nonnegative；仅覆盖直接 owner publication.create_platform_account; publication.update_platform_account; publication.set_platform_account_enabled; publication.delete_platform_account / operation createPlatformAccount;updatePlatformAccount;enablePlatformAccount;disablePlatformAccount;deletePlatformAccount；断言 diagnostics/HTTP 或 worker 失败边界、rollback、无 SUCCESS audit
ck_platform_profiles_logo_single_source,platform_profiles,logo_file_id IS NULL OR logo_external_url IS NULL,CHECK,"backend/app/migration_schema_v1.py:362-381; backend/alembic/versions/0009_config_center.py:847-855; backend/alembic/versions/0031_reusable_platform_prompts.py:45-56 ; backend/app/models/configuration.py:26-125 ; contracts/database.md:193-201,221-225,431",content_planning.create_platform_profile; platform_configuration.update_platform_profile,createPlatformProfile;updatePlatformProfile,content_planning.create_platform_profile; platform_configuration.update_platform_profile: 直接写入/修改/删除链按该约束列或触发器语义执行；未见 ck_platform_profiles_logo_single_source 专用预检，数据库 CHECK 是 authority,content_planning.create_platform_profile; platform_configuration.update_platform_profile: 未见按 ck_platform_profiles_logo_single_source 专用 diagnostics mapper；失败由最终 owner rollback，异常进入全局 handler（worker 则由独立 Session 处理）,HTTP owner 当前未捕获时全局 409 REVISION_CONFLICT / 数据约束冲突（不泄漏 DB）。,ck_platform_profiles_logo_single_source：按 PostgreSQL diagnostics 精确映射；未批准领域 code 时 default500/contract-decision required，禁止错误文本映射。,content_planning.create_platform_profile; platform_configuration.update_platform_profile 的最终 flush/commit command 或独立 worker Session（间接 helper 不拥有事务）,真实 PostgreSQL CHECK sentinel：ck_platform_profiles_logo_single_source；仅覆盖直接 owner content_planning.create_platform_profile; platform_configuration.update_platform_profile / operation createPlatformProfile;updatePlatformProfile；断言失败边界、rollback、无 SUCCESS audit
ck_products_facts_classification,products,"facts_classification IN ('PUBLIC', 'INTERNAL', 'RESTRICTED')",CHECK,"backend/alembic/versions/0002_product_facts.py:1-130; backend/alembic/versions/0025_markdown_facts_direct_platform.py:491-526 ; backend/app/models/product_facts.py:27-116 ; contracts/database.md:217,411,415",product_facts.create_product; product_facts.update_product; product_facts.replace_product_facts,createProduct;updateProduct;replaceProductFactsDraft,"product_facts.create_product; product_facts.update_product; product_facts.replace_product_facts: 直接写入/修改会触发 facts_classification IN ('PUBLIC', 'INTERNAL', 'RESTRICTED')；schema/状态门禁可能提前拒绝，但未见等价 DB constraint 预检",product_facts.create_product; product_facts.update_product; product_facts.replace_product_facts: 无 ck_products_facts_classification 专用 diagnostics mapper；23514 进入 errors.py:76-79 全局 handler，无 HTTP owner 仅由 worker 失败,当前 HTTP owner 23514 → 全局 409 REVISION_CONFLICT / 数据约束冲突（不泄漏 DB）,ck_products_facts_classification 的可修复输入错误需批准专用 4xx；未知 23514 default500/contract-decision required,product_facts.create_product; product_facts.update_product; product_facts.replace_product_facts 的直接 command 顶层 Session（由 owner 负责 flush/commit/rollback）,真实 PostgreSQL CHECK sentinel：ck_products_facts_classification；仅覆盖直接 owner product_facts.create_product; product_facts.update_product; product_facts.replace_product_facts / operation createProduct;updateProduct;replaceProductFactsDraft；断言 diagnostics/HTTP 或 worker 失败边界、rollback、无 SUCCESS audit
ck_products_revision_nonnegative,products,revision >= 0,CHECK,"backend/alembic/versions/0002_product_facts.py:1-130; backend/alembic/versions/0025_markdown_facts_direct_platform.py:491-526 ; backend/app/models/product_facts.py:27-116 ; contracts/database.md:217,411,415",product_facts.create_product; product_facts.update_product; product_facts.replace_product_facts,createProduct;updateProduct;replaceProductFactsDraft,product_facts.create_product; product_facts.update_product; product_facts.replace_product_facts: 直接写入/修改会触发 revision >= 0；schema/状态门禁可能提前拒绝，但未见等价 DB constraint 预检,product_facts.create_product; product_facts.update_product; product_facts.replace_product_facts: 无 ck_products_revision_nonnegative 专用 diagnostics mapper；23514 进入 errors.py:76-79 全局 handler，无 HTTP owner 仅由 worker 失败,当前 HTTP owner 23514 → 全局 409 REVISION_CONFLICT / 数据约束冲突（不泄漏 DB）,ck_products_revision_nonnegative 的可修复输入错误需批准专用 4xx；未知 23514 default500/contract-decision required,product_facts.create_product; product_facts.update_product; product_facts.replace_product_facts 的直接 command 顶层 Session（由 owner 负责 flush/commit/rollback）,真实 PostgreSQL CHECK sentinel：ck_products_revision_nonnegative；仅覆盖直接 owner product_facts.create_product; product_facts.update_product; product_facts.replace_product_facts / operation createProduct;updateProduct;replaceProductFactsDraft；断言 diagnostics/HTTP 或 worker 失败边界、rollback、无 SUCCESS audit
ck_publication_verifications_failed_comment_nonblank,publication_verifications,outcome = 'PASSED' OR length(btrim(comment)) > 0,CHECK,"backend/alembic/versions/0034_publication_workflow_redesign.py:188-232; backend/alembic/versions/0035_business_workflow_primary_tasks.py:141-170 ; backend/app/models/publication.py:28-290 ; contracts/database.md:303,448-451",publication.verify_publication_work,verifyPublicationWork,publication.verify_publication_work: 直接写入/修改/删除链按该列或触发器语义执行；未见 ck_publication_verifications_failed_comment_nonblank 专用预检，数据库 CHECK 是 authority,publication.verify_publication_work: 未见按 ck_publication_verifications_failed_comment_nonblank 专用 diagnostics mapper；失败由最终 owner rollback，异常进入全局 handler（worker 则由独立 Session 处理）,HTTP owner 当前未捕获时全局 409 REVISION_CONFLICT / 数据约束冲突（不泄漏 DB）。,ck_publication_verifications_failed_comment_nonblank：按 PostgreSQL diagnostics 精确映射；未批准领域 code 时 default500/contract-decision required，禁止错误文本映射。,publication.verify_publication_work 的最终 flush/commit command 或独立 worker Session（间接 helper 不拥有事务）,真实 PostgreSQL CHECK sentinel：ck_publication_verifications_failed_comment_nonblank；仅覆盖直接 owner publication.verify_publication_work / operation verifyPublicationWork；断言失败边界、rollback、无 SUCCESS audit
ck_publication_verifications_outcome_valid,publication_verifications,"outcome IN ('PASSED', 'FAILED')",CHECK,"backend/alembic/versions/0034_publication_workflow_redesign.py:188-232; backend/alembic/versions/0035_business_workflow_primary_tasks.py:141-170 ; backend/app/models/publication.py:28-290 ; contracts/database.md:303,448-451",publication.verify_publication_work,verifyPublicationWork,publication.verify_publication_work: 直接写入/修改/删除链按该列或触发器语义执行；未见 ck_publication_verifications_outcome_valid 专用预检，数据库 CHECK 是 authority,publication.verify_publication_work: 未见按 ck_publication_verifications_outcome_valid 专用 diagnostics mapper；失败由最终 owner rollback，异常进入全局 handler（worker 则由独立 Session 处理）,HTTP owner 当前未捕获时全局 409 REVISION_CONFLICT / 数据约束冲突（不泄漏 DB）。,ck_publication_verifications_outcome_valid：按 PostgreSQL diagnostics 精确映射；未批准领域 code 时 default500/contract-decision required，禁止错误文本映射。,publication.verify_publication_work 的最终 flush/commit command 或独立 worker Session（间接 helper 不拥有事务）,真实 PostgreSQL CHECK sentinel：ck_publication_verifications_outcome_valid；仅覆盖直接 owner publication.verify_publication_work / operation verifyPublicationWork；断言失败边界、rollback、无 SUCCESS audit
ck_publication_works_close_complete,publication_works,(status = 'CLOSED' AND close_reason IS NOT NULL AND length(btrim(close_comment)) > 0 AND closed_by IS NOT NULL AND closed_at IS NOT NULL) OR (status <> 'CLOSED' AND close_reason IS NULL AND close_comment IS NULL AND closed_by IS NULL AND closed_at IS NULL),CHECK,"backend/alembic/versions/0034_publication_workflow_redesign.py:49-158; backend/alembic/versions/0035_business_workflow_primary_tasks.py:83-121; backend/alembic/versions/0037_simplify_deletion_lifecycle.py:166-185 ; backend/app/models/publication.py:28-290 ; contracts/database.md:329,333,434-448",publication.create_publication_work; publication.close_publication_work,createPublicationWork;closePublicationWork,publication.create_publication_work; publication.close_publication_work: 直接写入/修改/删除链按该列或触发器语义执行；未见 ck_publication_works_close_complete 专用预检，数据库 CHECK 是 authority,publication.create_publication_work; publication.close_publication_work: 未见按 ck_publication_works_close_complete 专用 diagnostics mapper；失败由最终 owner rollback，异常进入全局 handler（worker 则由独立 Session 处理）,HTTP owner 当前未捕获时全局 409 REVISION_CONFLICT / 数据约束冲突（不泄漏 DB）。,ck_publication_works_close_complete：按 PostgreSQL diagnostics 精确映射；未批准领域 code 时 default500/contract-decision required，禁止错误文本映射。,publication.create_publication_work; publication.close_publication_work 的最终 flush/commit command 或独立 worker Session（间接 helper 不拥有事务）,真实 PostgreSQL CHECK sentinel：ck_publication_works_close_complete；仅覆盖直接 owner publication.create_publication_work; publication.close_publication_work / operation createPublicationWork;closePublicationWork；断言失败边界、rollback、无 SUCCESS audit
ck_publication_works_close_reason_valid,publication_works,"close_reason IS NULL OR close_reason IN ('PLATFORM_REJECTED', 'BUSINESS_CANCELLED', 'OTHER')",CHECK,"backend/alembic/versions/0034_publication_workflow_redesign.py:49-158; backend/alembic/versions/0035_business_workflow_primary_tasks.py:83-121; backend/alembic/versions/0037_simplify_deletion_lifecycle.py:166-185 ; backend/app/models/publication.py:28-290 ; contracts/database.md:329,333,434-448",publication.create_publication_work; publication.close_publication_work,createPublicationWork;closePublicationWork,publication.create_publication_work; publication.close_publication_work: 直接写入/修改/删除链按该列或触发器语义执行；未见 ck_publication_works_close_reason_valid 专用预检，数据库 CHECK 是 authority,publication.create_publication_work; publication.close_publication_work: 未见按 ck_publication_works_close_reason_valid 专用 diagnostics mapper；失败由最终 owner rollback，异常进入全局 handler（worker 则由独立 Session 处理）,HTTP owner 当前未捕获时全局 409 REVISION_CONFLICT / 数据约束冲突（不泄漏 DB）。,ck_publication_works_close_reason_valid：按 PostgreSQL diagnostics 精确映射；未批准领域 code 时 default500/contract-decision required，禁止错误文本映射。,publication.create_publication_work; publication.close_publication_work 的最终 flush/commit command 或独立 worker Session（间接 helper 不拥有事务）,真实 PostgreSQL CHECK sentinel：ck_publication_works_close_reason_valid；仅覆盖直接 owner publication.create_publication_work; publication.close_publication_work / operation createPublicationWork;closePublicationWork；断言失败边界、rollback、无 SUCCESS audit
ck_publication_works_live_configuration,publication_works,"status IN ('COMPLETED', 'CLOSED') OR (platform_profile_id IS NOT NULL AND platform_account_id IS NOT NULL)",CHECK,"backend/alembic/versions/0034_publication_workflow_redesign.py:49-158; backend/alembic/versions/0035_business_workflow_primary_tasks.py:83-121; backend/alembic/versions/0037_simplify_deletion_lifecycle.py:166-185 ; backend/app/models/publication.py:28-290 ; contracts/database.md:329,333,434-448",publication.create_publication_work; publication.verify_publication_work; publication.close_publication_work,createPublicationWork;verifyPublicationWork;closePublicationWork,publication.create_publication_work; publication.verify_publication_work; publication.close_publication_work: 直接写入/修改/删除链按该列或触发器语义执行；未见 ck_publication_works_live_configuration 专用预检，数据库 CHECK 是 authority,publication.create_publication_work; publication.verify_publication_work; publication.close_publication_work: 未见按 ck_publication_works_live_configuration 专用 diagnostics mapper；失败由最终 owner rollback，异常进入全局 handler（worker 则由独立 Session 处理）,HTTP owner 当前未捕获时全局 409 REVISION_CONFLICT / 数据约束冲突（不泄漏 DB）。,ck_publication_works_live_configuration：按 PostgreSQL diagnostics 精确映射；未批准领域 code 时 default500/contract-decision required，禁止错误文本映射。,publication.create_publication_work; publication.verify_publication_work; publication.close_publication_work 的最终 flush/commit command 或独立 worker Session（间接 helper 不拥有事务）,真实 PostgreSQL CHECK sentinel：ck_publication_works_live_configuration；仅覆盖直接 owner publication.create_publication_work; publication.verify_publication_work; publication.close_publication_work / operation createPublicationWork;verifyPublicationWork;closePublicationWork；断言失败边界、rollback、无 SUCCESS audit
ck_publication_works_result_complete,publication_works,"(status IN ('AWAITING_VERIFICATION', 'ACTION_REQUIRED', 'COMPLETED') AND actual_title IS NOT NULL AND length(btrim(actual_title)) > 0 AND final_url IS NOT NULL AND published_at IS NOT NULL) OR (status IN ('PREPARING', 'PLATFORM_REVIEW', 'CLOSED'))",CHECK,"backend/alembic/versions/0034_publication_workflow_redesign.py:49-158; backend/alembic/versions/0035_business_workflow_primary_tasks.py:83-121; backend/alembic/versions/0037_simplify_deletion_lifecycle.py:166-185 ; backend/app/models/publication.py:28-290 ; contracts/database.md:329,333,434-448",publication.create_publication_work; publication.update_publication_preparation; publication.mark_publication_platform_review; publication.register_publication_result; publication.switch_publication_content_version; publication.verify_publication_work; publication.close_publication_work,createPublicationWork;updatePublicationPreparation;markPublicationPlatformReview;registerPublicationResult;switchPublicationContentVersion;verifyPublicationWork;closePublicationWork,publication.create_publication_work; publication.update_publication_preparation; publication.mark_publication_platform_review; publication.register_publication_result; publication.switch_publication_content_version; publication.verify_publication_work; publication.close_publication_work: 直接写入/修改/删除链按该列或触发器语义执行；未见 ck_publication_works_result_complete 专用预检，数据库 CHECK 是 authority,publication.create_publication_work; publication.update_publication_preparation; publication.mark_publication_platform_review; publication.register_publication_result; publication.switch_publication_content_version; publication.verify_publication_work; publication.close_publication_work: 未见按 ck_publication_works_result_complete 专用 diagnostics mapper；失败由最终 owner rollback，异常进入全局 handler（worker 则由独立 Session 处理）,HTTP owner 当前未捕获时全局 409 REVISION_CONFLICT / 数据约束冲突（不泄漏 DB）。,ck_publication_works_result_complete：按 PostgreSQL diagnostics 精确映射；未批准领域 code 时 default500/contract-decision required，禁止错误文本映射。,publication.create_publication_work; publication.update_publication_preparation; publication.mark_publication_platform_review; publication.register_publication_result; publication.switch_publication_content_version; publication.verify_publication_work; publication.close_publication_work 的最终 flush/commit command 或独立 worker Session（间接 helper 不拥有事务）,真实 PostgreSQL CHECK sentinel：ck_publication_works_result_complete；仅覆盖直接 owner publication.create_publication_work; publication.update_publication_preparation; publication.mark_publication_platform_review; publication.register_publication_result; publication.switch_publication_content_version; publication.verify_publication_work; publication.close_publication_work / operation createPublicationWork;updatePublicationPreparation;markPublicationPlatformReview;registerPublicationResult;switchPublicationContentVersion;verifyPublicationWork;closePublicationWork；断言失败边界、rollback、无 SUCCESS audit
ck_publication_works_revision_nonnegative,publication_works,revision >= 0,CHECK,"backend/alembic/versions/0034_publication_workflow_redesign.py:49-158; backend/alembic/versions/0035_business_workflow_primary_tasks.py:83-121; backend/alembic/versions/0037_simplify_deletion_lifecycle.py:166-185 ; backend/app/models/publication.py:28-290 ; contracts/database.md:329,333,434-448",publication.create_publication_work; publication.update_publication_preparation; publication.mark_publication_platform_review; publication.register_publication_result; publication.switch_publication_content_version; publication.verify_publication_work; publication.close_publication_work,createPublicationWork;updatePublicationPreparation;markPublicationPlatformReview;registerPublicationResult;switchPublicationContentVersion;verifyPublicationWork;closePublicationWork,publication.create_publication_work; publication.update_publication_preparation; publication.mark_publication_platform_review; publication.register_publication_result; publication.switch_publication_content_version; publication.verify_publication_work; publication.close_publication_work: 直接写入/修改/删除链按该列或触发器语义执行；未见 ck_publication_works_revision_nonnegative 专用预检，数据库 CHECK 是 authority,publication.create_publication_work; publication.update_publication_preparation; publication.mark_publication_platform_review; publication.register_publication_result; publication.switch_publication_content_version; publication.verify_publication_work; publication.close_publication_work: 未见按 ck_publication_works_revision_nonnegative 专用 diagnostics mapper；失败由最终 owner rollback，异常进入全局 handler（worker 则由独立 Session 处理）,HTTP owner 当前未捕获时全局 409 REVISION_CONFLICT / 数据约束冲突（不泄漏 DB）。,ck_publication_works_revision_nonnegative：按 PostgreSQL diagnostics 精确映射；未批准领域 code 时 default500/contract-decision required，禁止错误文本映射。,publication.create_publication_work; publication.update_publication_preparation; publication.mark_publication_platform_review; publication.register_publication_result; publication.switch_publication_content_version; publication.verify_publication_work; publication.close_publication_work 的最终 flush/commit command 或独立 worker Session（间接 helper 不拥有事务）,真实 PostgreSQL CHECK sentinel：ck_publication_works_revision_nonnegative；仅覆盖直接 owner publication.create_publication_work; publication.update_publication_preparation; publication.mark_publication_platform_review; publication.register_publication_result; publication.switch_publication_content_version; publication.verify_publication_work; publication.close_publication_work / operation createPublicationWork;updatePublicationPreparation;markPublicationPlatformReview;registerPublicationResult;switchPublicationContentVersion;verifyPublicationWork;closePublicationWork；断言失败边界、rollback、无 SUCCESS audit
ck_publication_works_status_valid,publication_works,"status IN ('PREPARING', 'PLATFORM_REVIEW', 'AWAITING_VERIFICATION', 'ACTION_REQUIRED', 'COMPLETED', 'CLOSED')",CHECK,"backend/alembic/versions/0034_publication_workflow_redesign.py:49-158; backend/alembic/versions/0035_business_workflow_primary_tasks.py:83-121; backend/alembic/versions/0037_simplify_deletion_lifecycle.py:166-185 ; backend/app/models/publication.py:28-290 ; contracts/database.md:329,333,434-448",publication.create_publication_work; publication.update_publication_preparation; publication.mark_publication_platform_review; publication.register_publication_result; publication.switch_publication_content_version; publication.verify_publication_work; publication.close_publication_work,createPublicationWork;updatePublicationPreparation;markPublicationPlatformReview;registerPublicationResult;switchPublicationContentVersion;verifyPublicationWork;closePublicationWork,publication.create_publication_work; publication.update_publication_preparation; publication.mark_publication_platform_review; publication.register_publication_result; publication.switch_publication_content_version; publication.verify_publication_work; publication.close_publication_work: 直接写入/修改/删除链按该列或触发器语义执行；未见 ck_publication_works_status_valid 专用预检，数据库 CHECK 是 authority,publication.create_publication_work; publication.update_publication_preparation; publication.mark_publication_platform_review; publication.register_publication_result; publication.switch_publication_content_version; publication.verify_publication_work; publication.close_publication_work: 未见按 ck_publication_works_status_valid 专用 diagnostics mapper；失败由最终 owner rollback，异常进入全局 handler（worker 则由独立 Session 处理）,HTTP owner 当前未捕获时全局 409 REVISION_CONFLICT / 数据约束冲突（不泄漏 DB）。,ck_publication_works_status_valid：按 PostgreSQL diagnostics 精确映射；未批准领域 code 时 default500/contract-decision required，禁止错误文本映射。,publication.create_publication_work; publication.update_publication_preparation; publication.mark_publication_platform_review; publication.register_publication_result; publication.switch_publication_content_version; publication.verify_publication_work; publication.close_publication_work 的最终 flush/commit command 或独立 worker Session（间接 helper 不拥有事务）,真实 PostgreSQL CHECK sentinel：ck_publication_works_status_valid；仅覆盖直接 owner publication.create_publication_work; publication.update_publication_preparation; publication.mark_publication_platform_review; publication.register_publication_result; publication.switch_publication_content_version; publication.verify_publication_work; publication.close_publication_work / operation createPublicationWork;updatePublicationPreparation;markPublicationPlatformReview;registerPublicationResult;switchPublicationContentVersion;verifyPublicationWork;closePublicationWork；断言失败边界、rollback、无 SUCCESS audit
ck_published_content_issues_description_nonblank,published_content_issues,length(btrim(description)) > 0,CHECK,"backend/alembic/versions/0034_publication_workflow_redesign.py:255-329 ; backend/app/models/publication.py:28-290 ; contracts/database.md:303,333,454",publication.open_published_content_issue; publication.resolve_published_content_issue; publication.permanently_delete_published_article; publication.permanently_delete_content_task,openPublishedContentIssue;resolvePublishedContentIssue;permanentlyDeletePublishedArticle;permanentlyDeleteContentTask,publication.open_published_content_issue; publication.resolve_published_content_issue; publication.permanently_delete_published_article; publication.permanently_delete_content_task: 直接写入/修改/删除链按该列或触发器语义执行；未见 ck_published_content_issues_description_nonblank 专用预检，数据库 CHECK 是 authority,publication.open_published_content_issue; publication.resolve_published_content_issue; publication.permanently_delete_published_article; publication.permanently_delete_content_task: 未见按 ck_published_content_issues_description_nonblank 专用 diagnostics mapper；失败由最终 owner rollback，异常进入全局 handler（worker 则由独立 Session 处理）,HTTP owner 当前未捕获时全局 409 REVISION_CONFLICT / 数据约束冲突（不泄漏 DB）。,ck_published_content_issues_description_nonblank：按 PostgreSQL diagnostics 精确映射；未批准领域 code 时 default500/contract-decision required，禁止错误文本映射。,publication.open_published_content_issue; publication.resolve_published_content_issue; publication.permanently_delete_published_article; publication.permanently_delete_content_task 的最终 flush/commit command 或独立 worker Session（间接 helper 不拥有事务）,真实 PostgreSQL CHECK sentinel：ck_published_content_issues_description_nonblank；仅覆盖直接 owner publication.open_published_content_issue; publication.resolve_published_content_issue; publication.permanently_delete_published_article; publication.permanently_delete_content_task / operation openPublishedContentIssue;resolvePublishedContentIssue;permanentlyDeletePublishedArticle;permanentlyDeleteContentTask；断言失败边界、rollback、无 SUCCESS audit
ck_published_content_issues_kind_valid,published_content_issues,"kind IN ('PAGE_UNAVAILABLE', 'CONTENT_CHANGED', 'OTHER')",CHECK,"backend/alembic/versions/0034_publication_workflow_redesign.py:255-329 ; backend/app/models/publication.py:28-290 ; contracts/database.md:303,333,454",publication.open_published_content_issue; publication.resolve_published_content_issue; publication.permanently_delete_published_article; publication.permanently_delete_content_task,openPublishedContentIssue;resolvePublishedContentIssue;permanentlyDeletePublishedArticle;permanentlyDeleteContentTask,publication.open_published_content_issue; publication.resolve_published_content_issue; publication.permanently_delete_published_article; publication.permanently_delete_content_task: 直接写入/修改/删除链按该列或触发器语义执行；未见 ck_published_content_issues_kind_valid 专用预检，数据库 CHECK 是 authority,publication.open_published_content_issue; publication.resolve_published_content_issue; publication.permanently_delete_published_article; publication.permanently_delete_content_task: 未见按 ck_published_content_issues_kind_valid 专用 diagnostics mapper；失败由最终 owner rollback，异常进入全局 handler（worker 则由独立 Session 处理）,HTTP owner 当前未捕获时全局 409 REVISION_CONFLICT / 数据约束冲突（不泄漏 DB）。,ck_published_content_issues_kind_valid：按 PostgreSQL diagnostics 精确映射；未批准领域 code 时 default500/contract-decision required，禁止错误文本映射。,publication.open_published_content_issue; publication.resolve_published_content_issue; publication.permanently_delete_published_article; publication.permanently_delete_content_task 的最终 flush/commit command 或独立 worker Session（间接 helper 不拥有事务）,真实 PostgreSQL CHECK sentinel：ck_published_content_issues_kind_valid；仅覆盖直接 owner publication.open_published_content_issue; publication.resolve_published_content_issue; publication.permanently_delete_published_article; publication.permanently_delete_content_task / operation openPublishedContentIssue;resolvePublishedContentIssue;permanentlyDeletePublishedArticle;permanentlyDeleteContentTask；断言失败边界、rollback、无 SUCCESS audit
ck_published_content_issues_resolution_complete,published_content_issues,"(status = 'OPEN' AND resolved_at IS NULL AND resolved_by IS NULL AND resolution_outcome IS NULL AND resolution_comment IS NULL) OR (status = 'RESOLVED' AND resolved_at IS NOT NULL AND resolved_by IS NOT NULL AND resolution_outcome IN ('RESTORED', 'RETIRED') AND length(btrim(resolution_comment)) > 0)",CHECK,"backend/alembic/versions/0034_publication_workflow_redesign.py:255-329 ; backend/app/models/publication.py:28-290 ; contracts/database.md:303,333,454",publication.open_published_content_issue; publication.resolve_published_content_issue,openPublishedContentIssue;resolvePublishedContentIssue,publication.open_published_content_issue; publication.resolve_published_content_issue: 直接写入/修改/删除链按该列或触发器语义执行；未见 ck_published_content_issues_resolution_complete 专用预检，数据库 CHECK 是 authority,publication.open_published_content_issue; publication.resolve_published_content_issue: 未见按 ck_published_content_issues_resolution_complete 专用 diagnostics mapper；失败由最终 owner rollback，异常进入全局 handler（worker 则由独立 Session 处理）,HTTP owner 当前未捕获时全局 409 REVISION_CONFLICT / 数据约束冲突（不泄漏 DB）。,ck_published_content_issues_resolution_complete：按 PostgreSQL diagnostics 精确映射；未批准领域 code 时 default500/contract-decision required，禁止错误文本映射。,publication.open_published_content_issue; publication.resolve_published_content_issue 的最终 flush/commit command 或独立 worker Session（间接 helper 不拥有事务）,真实 PostgreSQL CHECK sentinel：ck_published_content_issues_resolution_complete；仅覆盖直接 owner publication.open_published_content_issue; publication.resolve_published_content_issue / operation openPublishedContentIssue;resolvePublishedContentIssue；断言失败边界、rollback、无 SUCCESS audit
ck_published_content_issues_revision_nonnegative,published_content_issues,revision >= 0,CHECK,"backend/alembic/versions/0034_publication_workflow_redesign.py:255-329 ; backend/app/models/publication.py:28-290 ; contracts/database.md:303,333,454",publication.open_published_content_issue; publication.resolve_published_content_issue,openPublishedContentIssue;resolvePublishedContentIssue,publication.open_published_content_issue; publication.resolve_published_content_issue: 直接写入/修改/删除链按该列或触发器语义执行；未见 ck_published_content_issues_revision_nonnegative 专用预检，数据库 CHECK 是 authority,publication.open_published_content_issue; publication.resolve_published_content_issue: 未见按 ck_published_content_issues_revision_nonnegative 专用 diagnostics mapper；失败由最终 owner rollback，异常进入全局 handler（worker 则由独立 Session 处理）,HTTP owner 当前未捕获时全局 409 REVISION_CONFLICT / 数据约束冲突（不泄漏 DB）。,ck_published_content_issues_revision_nonnegative：按 PostgreSQL diagnostics 精确映射；未批准领域 code 时 default500/contract-decision required，禁止错误文本映射。,publication.open_published_content_issue; publication.resolve_published_content_issue 的最终 flush/commit command 或独立 worker Session（间接 helper 不拥有事务）,真实 PostgreSQL CHECK sentinel：ck_published_content_issues_revision_nonnegative；仅覆盖直接 owner publication.open_published_content_issue; publication.resolve_published_content_issue / operation openPublishedContentIssue;resolvePublishedContentIssue；断言失败边界、rollback、无 SUCCESS audit
ck_published_content_issues_status_valid,published_content_issues,"status IN ('OPEN', 'RESOLVED')",CHECK,"backend/alembic/versions/0034_publication_workflow_redesign.py:255-329 ; backend/app/models/publication.py:28-290 ; contracts/database.md:303,333,454",publication.open_published_content_issue; publication.resolve_published_content_issue,openPublishedContentIssue;resolvePublishedContentIssue,publication.open_published_content_issue; publication.resolve_published_content_issue: 直接写入/修改/删除链按该列或触发器语义执行；未见 ck_published_content_issues_status_valid 专用预检，数据库 CHECK 是 authority,publication.open_published_content_issue; publication.resolve_published_content_issue: 未见按 ck_published_content_issues_status_valid 专用 diagnostics mapper；失败由最终 owner rollback，异常进入全局 handler（worker 则由独立 Session 处理）,HTTP owner 当前未捕获时全局 409 REVISION_CONFLICT / 数据约束冲突（不泄漏 DB）。,ck_published_content_issues_status_valid：按 PostgreSQL diagnostics 精确映射；未批准领域 code 时 default500/contract-decision required，禁止错误文本映射。,publication.open_published_content_issue; publication.resolve_published_content_issue 的最终 flush/commit command 或独立 worker Session（间接 helper 不拥有事务）,真实 PostgreSQL CHECK sentinel：ck_published_content_issues_status_valid；仅覆盖直接 owner publication.open_published_content_issue; publication.resolve_published_content_issue / operation openPublishedContentIssue;resolvePublishedContentIssue；断言失败边界、rollback、无 SUCCESS audit
ck_users_account_type,users,"account_type IN ('ADMIN', 'ENGINEER')",CHECK,"backend/alembic/versions/0001_identity_audit.py:1-120 ; backend/app/models/identity.py:28-112 ; contracts/database.md:73-75,409-424",identity.create_user; identity.update_user; identity.bulk_update_user_status,createUser;updateUser;bulkUpdateUserStatus,identity.create_user; identity.update_user; identity.bulk_update_user_status: 直接写入/修改/删除链按该列或触发器语义执行；未见 ck_users_account_type 专用预检，数据库 CHECK 是 authority,identity.create_user; identity.update_user; identity.bulk_update_user_status: 未见按 ck_users_account_type 专用 diagnostics mapper；失败由最终 owner rollback，异常进入全局 handler（worker 则由独立 Session 处理）,HTTP owner 当前未捕获时全局 409 REVISION_CONFLICT / 数据约束冲突（不泄漏 DB）。,ck_users_account_type：按 PostgreSQL diagnostics 精确映射；未批准领域 code 时 default500/contract-decision required，禁止错误文本映射。,identity.create_user; identity.update_user; identity.bulk_update_user_status 的最终 flush/commit command 或独立 worker Session（间接 helper 不拥有事务）,真实 PostgreSQL CHECK sentinel：ck_users_account_type；仅覆盖直接 owner identity.create_user; identity.update_user; identity.bulk_update_user_status / operation createUser;updateUser;bulkUpdateUserStatus；断言失败边界、rollback、无 SUCCESS audit
uq_ai_channel_headers_channel_id,ai_channel_headers,"channel_id,normalized_name",UNIQUE,backend/alembic/versions/0009_config_center.py:183-208 ; backend/app/models/ai_generation.py:29-228 ; contracts/database.md:79,ai_configuration.create_ai_channel_header; ai_configuration.update_ai_channel_header,createAIChannelHeader;updateAIChannelHeader,"ai_configuration.create_ai_channel_header; ai_configuration.update_ai_channel_header: 直接写入/修改 channel_id,normalized_name 的查询/锁若存在仅竞态优化；uq_ai_channel_headers_channel_id 的数据库 UNIQUE 是 authority",ai_configuration.create_ai_channel_header; ai_configuration.update_ai_channel_header: 无 uq_ai_channel_headers_channel_id 专用 diagnostics mapper；HTTP 异常进入 errors.py:76-79，全局 worker/内部路径仅失败,当前 HTTP owner 全局 409 REVISION_CONFLICT / 数据约束冲突（不泄漏 DB）,uq_ai_channel_headers_channel_id 尚无已批准专用 mapper；应按 diag.constraint_name 决定 409，否则 unknown/default500，禁止错误文本映射,ai_configuration.create_ai_channel_header; ai_configuration.update_ai_channel_header 的直接 command 顶层 Session（由 owner 负责 flush/commit/rollback）,真实 PostgreSQL UNIQUE sentinel：uq_ai_channel_headers_channel_id；仅覆盖直接 owner ai_configuration.create_ai_channel_header; ai_configuration.update_ai_channel_header / operation createAIChannelHeader;updateAIChannelHeader；断言 diagnostics/HTTP 或 worker 失败边界、rollback、无 SUCCESS audit
uq_ai_models_channel_id,ai_models,"channel_id,model_id",UNIQUE,"backend/alembic/versions/0009_config_center.py:208-234 ; backend/app/models/ai_generation.py:29-228 ; contracts/database.md:79,437",ai_configuration.create_ai_model; ai_configuration.update_ai_model; ai_configuration.test_ai_model; ai_configuration.set_model_enabled; ai_configuration.delete_ai_model,createAIModel;updateAIModel;testAIModel;enableAIModel;disableAIModel;deleteAIModel,"ai_configuration.create_ai_model; ai_configuration.update_ai_model; ai_configuration.test_ai_model; ai_configuration.set_model_enabled; ai_configuration.delete_ai_model: 直接写入/修改 channel_id,model_id 的查询/锁若存在仅竞态优化；uq_ai_models_channel_id 的数据库 UNIQUE 是 authority",ai_configuration.create_ai_model; ai_configuration.update_ai_model; ai_configuration.test_ai_model; ai_configuration.set_model_enabled; ai_configuration.delete_ai_model: 无 uq_ai_models_channel_id 专用 diagnostics mapper；HTTP 异常进入 errors.py:76-79，全局 worker/内部路径仅失败,当前 HTTP owner 全局 409 REVISION_CONFLICT / 数据约束冲突（不泄漏 DB）,uq_ai_models_channel_id 尚无已批准专用 mapper；应按 diag.constraint_name 决定 409，否则 unknown/default500，禁止错误文本映射,ai_configuration.create_ai_model; ai_configuration.update_ai_model; ai_configuration.test_ai_model; ai_configuration.set_model_enabled; ai_configuration.delete_ai_model 的直接 command 顶层 Session（由 owner 负责 flush/commit/rollback）,真实 PostgreSQL UNIQUE sentinel：uq_ai_models_channel_id；仅覆盖直接 owner ai_configuration.create_ai_model; ai_configuration.update_ai_model; ai_configuration.test_ai_model; ai_configuration.set_model_enabled; ai_configuration.delete_ai_model / operation createAIModel;updateAIModel;testAIModel;enableAIModel;disableAIModel;deleteAIModel；断言 diagnostics/HTTP 或 worker 失败边界、rollback、无 SUCCESS audit
uq_content_tasks_idempotency_key,content_tasks,idempotency_key,UNIQUE,"backend/app/migration_schema_v1.py:390-417; backend/alembic/versions/0025_markdown_facts_direct_platform.py:528-541; backend/alembic/versions/0035_business_workflow_primary_tasks.py:67-90 ; backend/app/models/content.py:28-210 ; contracts/database.md:37,153-159,221-225,327-341,412,419,434-435",content_planning.create_content_task,createContentTask,content_planning.create_content_task: 直接写入/修改/删除链按该列或触发器语义执行；未见 uq_content_tasks_idempotency_key 专用预检，数据库 UNIQUE 是 authority,content_planning.create_content_task: 未见按 uq_content_tasks_idempotency_key 专用 diagnostics mapper；SQL 约束/trigger 失败由 owner rollback，HTTP 进入 errors.py:76-79 全局 handler,HTTP owner 当前未捕获时进入全局 409 REVISION_CONFLICT / 数据约束冲突（不泄漏 DB）。,uq_content_tasks_idempotency_key：按 PostgreSQL diagnostics 精确映射；未批准领域 code 时 default500/contract-decision required，禁止错误文本映射。,content_planning.create_content_task 的直接 command/worker 顶层 Session（间接 helper 不拥有事务；owner 负责 flush/commit/rollback）,真实 PostgreSQL UNIQUE sentinel：uq_content_tasks_idempotency_key；仅覆盖直接 owner content_planning.create_content_task / operation createContentTask；断言 diagnostics/HTTP 或 worker 失败边界、rollback、无 SUCCESS audit
uq_content_tasks_source_published_content_issue_id,content_tasks,source_published_content_issue_id,UNIQUE,"backend/app/migration_schema_v1.py:390-417; backend/alembic/versions/0025_markdown_facts_direct_platform.py:528-541; backend/alembic/versions/0035_business_workflow_primary_tasks.py:67-90 ; backend/app/models/content.py:28-210 ; contracts/database.md:37,153-159,221-225,327-341,412,419,434-435",publication.create_repair_task,createPublishedContentRepairTask,publication.create_repair_task: 直接写入/修改/删除链按该列或触发器语义执行；未见 uq_content_tasks_source_published_content_issue_id 专用预检，数据库 UNIQUE 是 authority,publication.create_repair_task: 未见按 uq_content_tasks_source_published_content_issue_id 专用 diagnostics mapper；SQL 约束/trigger 失败由 owner rollback，HTTP 进入 errors.py:76-79 全局 handler,HTTP owner 当前未捕获时进入全局 409 REVISION_CONFLICT / 数据约束冲突（不泄漏 DB）。,uq_content_tasks_source_published_content_issue_id：按 PostgreSQL diagnostics 精确映射；未批准领域 code 时 default500/contract-decision required，禁止错误文本映射。,publication.create_repair_task 的直接 command/worker 顶层 Session（间接 helper 不拥有事务；owner 负责 flush/commit/rollback）,真实 PostgreSQL UNIQUE sentinel：uq_content_tasks_source_published_content_issue_id；仅覆盖直接 owner publication.create_repair_task / operation createPublishedContentRepairTask；断言 diagnostics/HTTP 或 worker 失败边界、rollback、无 SUCCESS audit
uq_content_versions_source_job_id,content_versions,source_job_id,UNIQUE,backend/app/migration_schema_v1.py:466-508; backend/alembic/versions/0035_business_workflow_primary_tasks.py:174-198; backend/app/models/content.py:91-150; contracts/database.md:418-421,generation.process_generation_job（INSERT 非空 source_job_id）,无 HTTP operationId（generation.process_generation_job worker）,worker 先按 source_job_id 查询现有版本并锁 Job；查询只作优化，UNIQUE 是最终 authority。PN/PP 仅置 NULL，不会制造非 NULL unique 冲突。,仅 worker INSERT 可触发；通用异常分支 rollback，随后持久化 Job FAILED/GENERATION_FAILED。,无 HTTP owner；worker 失败不生成 HTTP 响应。,按 23505+uq_content_versions_source_job_id 走 worker failure policy；不得映射 REVISION_CONFLICT。,generation.process_generation_job 独立 SessionLocal；PN/PP NULL 清理不作为此 unique 冲突 owner。,真实 PostgreSQL 双 worker或预置冲突行绕过查询触发23505+conname；断言只有一版、失败 Job 不指向结果且为FAILED。
uq_content_versions_task_id,content_versions,"task_id,version",UNIQUE,backend/app/migration_schema_v1.py:466-508; backend/alembic/versions/0035_business_workflow_primary_tasks.py:174-198; backend/app/models/content.py:91-150; contracts/database.md:418-421,"content_production._create_human_content←create_manual_content_version/create_content_revision（INSERT task_id,version）; generation.process_generation_job（INSERT task_id,version）",createManualContentVersion;createContentRevision;无 HTTP operationId（generation.process_generation_job worker）,人工与 worker 均在 task lock 内按 max(version)+1 分配；数据库 UNIQUE 是最终 authority。,人工版本 HTTP 失败由 get_db request Session 回滚，当前 235xx 进入全局 IntegrityError handler 并误报 409 REVISION_CONFLICT；worker 无 HTTP，通用异常分支回滚结果事务并持久化 Job FAILED/GENERATION_FAILED。,人工 INSERT 的23505当前误报409 REVISION_CONFLICT；worker无HTTP并转为FAILED。,无已批准版本分配冲突领域 code；HTTP unknown 23505 default500，worker遵循失败策略。,create_manual_content_version/create_content_revision 持有 request Session 并最终 commit；generation.process_generation_job 持有独立 SessionLocal，失败 rollback 后提交 Job FAILED；_create_human_content 不拥有根事务。,真实 PostgreSQL 分别对人工与worker制造同task/version碰撞；断言23505+conname、单一版本、无指针/revision/Job success残留。
uq_fact_versions_product_id,fact_versions,"product_id,version",UNIQUE,"backend/app/migration_schema_v1.py:304-314; backend/alembic/versions/0035_business_workflow_primary_tasks.py:174-198 ; backend/app/models/product_facts.py:27-116 ; contracts/database.md:217,309,416-417",product_facts.replace_product_facts,replaceProductFactsDraft,product_facts.replace_product_facts: 直接写入/修改/删除链按该列或触发器语义执行；未见 uq_fact_versions_product_id 专用预检，数据库 UNIQUE 是 authority,product_facts.replace_product_facts: 未见按 uq_fact_versions_product_id 专用 diagnostics mapper；失败由最终 owner rollback，异常进入全局 handler（worker 则由独立 Session 处理）,HTTP owner 当前未捕获时全局 409 REVISION_CONFLICT / 数据约束冲突（不泄漏 DB）。,uq_fact_versions_product_id：按 PostgreSQL diagnostics 精确映射；未批准领域 code 时 default500/contract-decision required，禁止错误文本映射。,product_facts.replace_product_facts 的最终 flush/commit command 或独立 worker Session（间接 helper 不拥有事务）,真实 PostgreSQL UNIQUE sentinel：uq_fact_versions_product_id；仅覆盖直接 owner product_facts.replace_product_facts / operation replaceProductFactsDraft；断言失败边界、rollback、无 SUCCESS audit
uq_file_records_object_key,file_records,object_key,UNIQUE,"backend/app/migration_schema_v1.py:657-669; backend/alembic/versions/0008_files.py:20-30 ; backend/app/models/geo_files.py:24-125 ; contracts/database.md:65-69,431-432",file_records.create_upload_intent; platform_logo_files.create_platform_logo_candidate,createFileUploadIntent;createPlatformLogoCandidate,file_records.create_upload_intent; platform_logo_files.create_platform_logo_candidate: 直接写入/修改/删除链按该列或触发器语义执行；未见 uq_file_records_object_key 专用预检，数据库 UNIQUE 是 authority,file_records.create_upload_intent; platform_logo_files.create_platform_logo_candidate: 未见按 uq_file_records_object_key 专用 diagnostics mapper；失败由最终 owner rollback，异常进入全局 handler（worker 则由独立 Session 处理）,HTTP owner 当前未捕获时全局 409 REVISION_CONFLICT / 数据约束冲突（不泄漏 DB）。,uq_file_records_object_key：按 PostgreSQL diagnostics 精确映射；未批准领域 code 时 default500/contract-decision required，禁止错误文本映射。,file_records.create_upload_intent; platform_logo_files.create_platform_logo_candidate 的最终 flush/commit command 或独立 worker Session（间接 helper 不拥有事务）,真实 PostgreSQL UNIQUE sentinel：uq_file_records_object_key；仅覆盖直接 owner file_records.create_upload_intent; platform_logo_files.create_platform_logo_candidate / operation createFileUploadIntent;createPlatformLogoCandidate；断言失败边界、rollback、无 SUCCESS audit
uq_generation_jobs_idempotency_key,generation_jobs,idempotency_key,UNIQUE,"backend/alembic/versions/0004_content_production.py:3-16; backend/app/migration_schema_v1.py:426-435; backend/app/models/ai_generation.py:132-183; contracts/database.md:43,81,436-440",content_production._create_job（INSERT helper）←create_generation_job/create_humanization_job/retry_generation_job；无worker INSERT,createGenerationJob;createHumanizationJob;retryGenerationJob,_create_job先按key读取并比较command identity/payload；三个caller另有key-existence分支，仍不能消除全局key竞态。,仅create_humanization_job宽捕获IntegrityError，rollback后只按key回查且不读diagnostics；createGeneration/retry无catch。,顺序同key同payload重放原job/202，异payload为409 IDEMPOTENCY_CONFLICT/details={}；DB race中createGeneration/retry当前误报REVISION_CONFLICT，humanization可能因非本约束也回查后误报或重放。,T4仅23505+该conname后rollback/requery；同identity/payload重放202，异payload409 IDEMPOTENCY_CONFLICT/details={}；其他conname原抛。,三个HTTP command根owner均为get_db且成功时commit；仅humanization当前local rollback；_create_job非根owner，无worker owner。,三个operation均覆盖真实23505+conname；同key同identity仅一job且同ID重放，异identity为409；败者无第二job/dispatch/content version；第三约束unknown。
uq_platform_profiles_slug,platform_profiles,slug,UNIQUE,"backend/alembic/versions/0003_content_planning.py:3-16; backend/app/migration_schema_v1.py:362-369; backend/app/models/configuration.py:99-112; contracts/database.md:193-201,431",content_planning.create_platform_profile（INSERT）；无update/worker owner,createPlatformProfile,create_platform_profile已有按slug预查。,flush处宽捕获任意IntegrityError，local rollback后按slug二次查询；不读取sqlstate/diag.constraint_name。,回查命中409 PLATFORM_SLUG_EXISTS/details={}；未命中原抛后当前全局409 REVISION_CONFLICT；其他约束加并发同slug可误报。,T2仅23505+uq_platform_profiles_slug映射既有409 PLATFORM_SLUG_EXISTS/details={}；unknown原抛并在T1后普通500。,HTTP根owner为get_db；create_platform_profile失败flush后local rollback，成功commit；无worker。,真实PG双Session/HTTP create race断言23505+conname、恰一201与一409、仅一profile且无部分Logo/profile；非该conname原抛；不虚构成功audit。
uq_platform_prompt_templates_name,platform_prompts,name,UNIQUE,"backend/alembic/versions/0031_reusable_platform_prompts.py:16-44,114-115; backend/app/models/configuration.py:59-67; contracts/database.md:279-285",platform_configuration.create_platform_prompt（INSERT）; platform_configuration.update_platform_prompt（UPDATE name/revision）；无worker,createPlatformPrompt;updatePlatformPrompt,create按name预查；update按name且排除自身预查。,两者均宽捕获任意IntegrityError，先local rollback再按name二次查询；完全不读取sqlstate/diag.constraint_name。,回查命中返回409 PLATFORM_PROMPT_NAME_EXISTS/Prompt名称已存在/details={}；未命中原抛后当前全局409 REVISION_CONFLICT；其他约束若恰有同名行会被误报。,T2仅23505+uq_platform_prompt_templates_name映射既有409 PLATFORM_PROMPT_NAME_EXISTS/details={}；unknown原抛并在T1后普通500；T2-C资源缺失语义独立。,HTTP根owner为get_db；create/update在失败flush后各自rollback，成功路径各自commit；无worker。,真实PG POST create race与PUT rename race断言23505+真实conname；败者409既有码且原Prompt/revision不变、仅胜者成功audit；非该conname原抛。
uq_platform_types_slug,platform_types,slug,UNIQUE,backend/alembic/versions/0009_config_center.py:818-828 ; backend/app/models/configuration.py:26-125 ; contracts/database.md:77,platform_configuration.create_platform_type; platform_configuration.update_platform_type; platform_configuration.delete_platform_type,createPlatformType;updatePlatformType;deletePlatformType,create_platform_type/update_platform_type 直接写入 slug；无稳定锁，预检不是 authority,platform_configuration._flush_platform_type:401-424 按 diag.constraint_name 映射 PLATFORM_TYPE_SLUG_EXISTS,PLATFORM_TYPE_SLUG_EXISTS/409（body.slug）,保留 PLATFORM_TYPE_SLUG_EXISTS/409；未知唯一冲突 default500/contract-decision required,platform_configuration.create_platform_type; platform_configuration.update_platform_type; platform_configuration.delete_platform_type 的直接 command 顶层 Session（由 owner 负责 flush/commit/rollback）,真实 PostgreSQL UNIQUE sentinel：uq_platform_types_slug；仅覆盖直接 owner platform_configuration.create_platform_type; platform_configuration.update_platform_type; platform_configuration.delete_platform_type / operation createPlatformType;updatePlatformType;deletePlatformType；断言 diagnostics/HTTP 或 worker 失败边界、rollback、无 SUCCESS audit
uq_products_normalized_brand,products,"normalized_brand,normalized_part_number",UNIQUE,"backend/alembic/versions/0002_product_facts.py:1-130; backend/alembic/versions/0025_markdown_facts_direct_platform.py:491-526 ; backend/app/models/product_facts.py:27-116 ; contracts/database.md:217,411,415",product_facts.create_product; product_facts.update_product; product_facts.replace_product_facts,createProduct;updateProduct;replaceProductFactsDraft,product_facts.create_product/update_product: 无数据库等价预检；flush 后 _product_identity_conflict 读取 diag.constraint_name,"product_facts._product_identity_conflict:407-423,468-484 按 uq_products_normalized_brand 映射 PRODUCT_ALREADY_EXISTS；其他 constraint 重新抛出",PRODUCT_ALREADY_EXISTS/409（products brand+part_number）,保留 PRODUCT_ALREADY_EXISTS/409；只按 diag.constraint_name 映射，未知 default500/contract-decision required,product_facts.create_product; product_facts.update_product; product_facts.replace_product_facts 的直接 command 顶层 Session（由 owner 负责 flush/commit/rollback）,真实 PostgreSQL UNIQUE sentinel：uq_products_normalized_brand；仅覆盖直接 owner product_facts.create_product; product_facts.update_product; product_facts.replace_product_facts / operation createProduct;updateProduct;replaceProductFactsDraft；断言 diagnostics/HTTP 或 worker 失败边界、rollback、无 SUCCESS audit
uq_publication_works_content_task_id,publication_works,content_task_id,UNIQUE,"backend/alembic/versions/0034_publication_workflow_redesign.py:49-158; backend/alembic/versions/0035_business_workflow_primary_tasks.py:83-121; backend/alembic/versions/0037_simplify_deletion_lifecycle.py:166-185 ; backend/app/models/publication.py:28-290 ; contracts/database.md:329,333,434-448",publication.create_publication_work,createPublicationWork,create_publication_work 锁定任务并由 _ensure_unique_identity 做业务查询；唯一约束仍 authority,无本地 conname mapper；flush/commit 异常进入 errors.py:76-79,已有业务冲突为 PUBLICATION_IDENTITY_CONFLICT/409；唯一竞态当前全局 409 REVISION_CONFLICT,保留 PUBLICATION_IDENTITY_CONFLICT/409；按 conname 映射，未知 default500,publication.create_publication_work 的直接 command 顶层 Session（由 owner 负责 flush/commit/rollback）,真实 PostgreSQL UNIQUE sentinel：uq_publication_works_content_task_id；仅覆盖直接 owner publication.create_publication_work / operation createPublicationWork；断言 diagnostics/HTTP 或 worker 失败边界、rollback、无 SUCCESS audit
uq_publication_works_idempotency_key,publication_works,idempotency_key,UNIQUE,"backend/alembic/versions/0034_publication_workflow_redesign.py:49-158; backend/alembic/versions/0035_business_workflow_primary_tasks.py:83-121; backend/alembic/versions/0037_simplify_deletion_lifecycle.py:166-185 ; backend/app/models/publication.py:28-290 ; contracts/database.md:329,333,434-448",publication.create_publication_work,createPublicationWork,create_publication_work 使用请求幂等键；未见独立 conname mapper,无本地 conname mapper；异常进入 errors.py:76-79,当前全局 409 REVISION_CONFLICT/数据约束冲突,contract-decision required；批准 IDEMPOTENCY_CONFLICT/409，未知 default500,publication.create_publication_work 的直接 command 顶层 Session（由 owner 负责 flush/commit/rollback）,真实 PostgreSQL UNIQUE sentinel：uq_publication_works_idempotency_key；仅覆盖直接 owner publication.create_publication_work / operation createPublicationWork；断言 diagnostics/HTTP 或 worker 失败边界、rollback、无 SUCCESS audit
uq_published_articles_verification_id,published_articles,verification_id,UNIQUE,"backend/alembic/versions/0034_publication_workflow_redesign.py:233-254 ; backend/app/models/publication.py:28-290 ; contracts/database.md:303,451-453",publication.verify_publication_work,verifyPublicationWork,publication.verify_publication_work: 直接写入/修改/删除链按该列或触发器语义执行；未见 uq_published_articles_verification_id 专用预检，数据库 UNIQUE 是 authority,publication.verify_publication_work: 未见按 uq_published_articles_verification_id 专用 diagnostics mapper；失败由最终 owner rollback，异常进入全局 handler（worker 则由独立 Session 处理）,HTTP owner 当前未捕获时全局 409 REVISION_CONFLICT / 数据约束冲突（不泄漏 DB）。,uq_published_articles_verification_id：按 PostgreSQL diagnostics 精确映射；未批准领域 code 时 default500/contract-decision required，禁止错误文本映射。,publication.verify_publication_work 的最终 flush/commit command 或独立 worker Session（间接 helper 不拥有事务）,真实 PostgreSQL UNIQUE sentinel：uq_published_articles_verification_id；仅覆盖直接 owner publication.verify_publication_work / operation verifyPublicationWork；断言失败边界、rollback、无 SUCCESS audit
uq_sessions_token_hash,sessions,token_hash,UNIQUE,"backend/alembic/versions/0001_identity_audit.py:1-120 ; backend/app/models/identity.py:28-112 ; contracts/database.md:73,424",identity.login,login,identity.login: 直接写入/修改/删除链按该列或触发器语义执行；未见 uq_sessions_token_hash 专用预检，数据库 UNIQUE 是 authority,identity.login: 未见按 uq_sessions_token_hash 专用 diagnostics mapper；失败由最终 owner rollback，异常进入全局 handler（worker 则由独立 Session 处理）,HTTP owner 当前未捕获时全局 409 REVISION_CONFLICT / 数据约束冲突（不泄漏 DB）。,uq_sessions_token_hash：按 PostgreSQL diagnostics 精确映射；未批准领域 code 时 default500/contract-decision required，禁止错误文本映射。,identity.login 的最终 flush/commit command 或独立 worker Session（间接 helper 不拥有事务）,真实 PostgreSQL UNIQUE sentinel：uq_sessions_token_hash；仅覆盖直接 owner identity.login / operation login；断言失败边界、rollback、无 SUCCESS audit
uq_users_username,users,username,UNIQUE,"backend/alembic/versions/0001_identity_audit.py:3-16; backend/app/migration_schema_v1.py:45-50; backend/app/models/identity.py:28-36; contracts/database.md:73-75,409-424",identity.create_user（HTTP INSERT）；cli.initialize_accounts（非HTTP sibling INSERT）；无update/worker owner,createUser；CLI无operationId,create_user先trim/lower username再查询，命中却错误返回REVISION_CONFLICT；CLI也先查询固定username。,HTTP flush无catch、不读diagnostics、不主动rollback，传播后由get_db rollback；CLI无catch，由SessionLocal.begin context rollback。,顺序预检为409 REVISION_CONFLICT/用户名已存在/details={}；DB race为全局409 REVISION_CONFLICT/数据约束冲突/details={}，同域message不一致且均误用revision。,T3-C先冻结准确code/message/details/status及前端行为；未决前DB race随T1 unknown走500；T3后预检与23505 race必须返回同一获批结果。,HTTP根owner=get_db，identity.create_user成功commit；CLI根owner=SessionLocal.begin；无worker。,T3-C后双Session/HTTP race断言23505+conname、恰一201、败者获批响应；顺序预检与race同域；仅一user且败者无user.created audit；真实expected_revision仍REVISION_CONFLICT。
uq_content_versions_one_approved_per_task,content_versions,task_id WHERE status='APPROVED',UNIQUE INDEX,backend/app/migration_schema_v1.py:490-495; backend/alembic/versions/0035_business_workflow_primary_tasks.py:174-198; backend/app/models/content.py:99-103; contracts/database.md:418-421,review.transition_content_version(action=approve)（UPDATE 目标进入 APPROVED，旧 approved 离开谓词）,approveContentVersion,approve 查询同 task 既有 APPROVED，先置 SUPERSEDED并flush，再将目标置APPROVED；partial UNIQUE 是竞态最终 authority。,无该 index 专用 diagnostics mapper；23505 由 request rollback，当前全局误报409 REVISION_CONFLICT。,当前409 REVISION_CONFLICT/数据约束冲突/details={}，整笔事务回滚。,批准专用内容审核冲突语义前，unknown 23505 default500；不得沿用 revision。,review.transition_content_version 持有 request Session；其 commit/rollback覆盖旧 approved supersede、目标状态、review与audit。,真实PG制造另一个APPROVED后让目标入谓词；断言23505+index name、旧approved未被败者supersede、目标仍pending、无败者review/audit。
uq_content_versions_one_pending_per_task,content_versions,task_id WHERE status='PENDING_REVIEW',UNIQUE INDEX,backend/alembic/versions/0035_business_workflow_primary_tasks.py:186-198; backend/app/models/content.py:104-108; contracts/database.md:418-421,review.transition_content_version(action=submit-review)（UPDATE 目标进入 PENDING_REVIEW）,submitContentVersion,锁 content 与 task、校验 current 及 DRAFT；未查询同 task pending，partial UNIQUE 是最终 authority。,无该 index 专用 diagnostics mapper；23505 由 request rollback，当前全局误报409 REVISION_CONFLICT。,当前409 REVISION_CONFLICT/数据约束冲突/details={}。,批准专用 pending-review 冲突语义前，unknown23505 default500；不得沿用revision。,review.transition_content_version 持有 request Session并负责最终commit；失败由get_db rollback。,真实PG预置或并发保留另一个PENDING后提交current DRAFT；断言23505+index name、目标仍DRAFT、无ContentReviewRecord/audit。
uq_fact_versions_one_pending_per_product,fact_versions,product_id,UNIQUE INDEX,"backend/app/migration_schema_v1.py:304-314; backend/alembic/versions/0035_business_workflow_primary_tasks.py:174-198 ; backend/app/models/product_facts.py:27-116 ; contracts/database.md:217,309,416-417",product_facts.replace_product_facts,replaceProductFactsDraft,product_facts.replace_product_facts: 直接写入/修改/删除链按该列或触发器语义执行；未见 uq_fact_versions_one_pending_per_product 专用预检，数据库 UNIQUE INDEX 是 authority,product_facts.replace_product_facts: 未见按 uq_fact_versions_one_pending_per_product 专用 diagnostics mapper；失败由最终 owner rollback，异常进入全局 handler（worker 则由独立 Session 处理）,HTTP owner 当前未捕获时全局 409 REVISION_CONFLICT / 数据约束冲突（不泄漏 DB）。,uq_fact_versions_one_pending_per_product：按 PostgreSQL diagnostics 精确映射；未批准领域 code 时 default500/contract-decision required，禁止错误文本映射。,product_facts.replace_product_facts 的最终 flush/commit command 或独立 worker Session（间接 helper 不拥有事务）,真实 PostgreSQL UNIQUE INDEX sentinel：uq_fact_versions_one_pending_per_product；仅覆盖直接 owner product_facts.replace_product_facts / operation replaceProductFactsDraft；断言失败边界、rollback、无 SUCCESS audit
uq_generation_jobs_active_humanization_source,generation_jobs,"source_content_version_id WHERE job_type='HUMANIZE' AND status IN ('PENDING','RUNNING')",UNIQUE INDEX,backend/alembic/versions/0017_content_humanization.py:38-71; backend/app/models/ai_generation.py:166-175; contracts/database.md:125-133,content_production._create_job（INSERT helper）←create_humanization_job/HUMANIZE retry_generation_job；无worker INSERT,createHumanizationJob;retryGenerationJob,create与HUMANIZE retry均查询同source的PENDING/RUNNING HUMANIZE job。,create宽捕获IntegrityError，rollback后只回查idempotency key，不回查active job且不读diagnostics，查不到key就猜active；retry无catch。,顺序预检两operation均409 HUMANIZATION_ALREADY_ACTIVE/details={}；DB race中create可把任意无raced-key IntegrityError误报active，retry当前全局误报REVISION_CONFLICT。,T4仅23505+该partial index映射既有409 HUMANIZATION_ALREADY_ACTIVE/details={}；unknown原抛。,create/retry的HTTP根owner为get_db；create当前local rollback并commit成功结果，retry成功commit且失败由get_db rollback；_create_job非根owner，无worker。,真实PG helper-level23505+conname并覆盖HTTP create与HUMANIZE retry；败者无第二job/dispatch/content version/task pointer/revision；第三约束unknown；T4范围须含retry。
uq_platform_accounts_profile_identifier_normalized,platform_accounts,"platform_profile_id,lower(btrim(account_identifier))",UNIQUE INDEX,"backend/alembic/versions/0026_publication_account_dedup.py:47-71 ; backend/app/models/publication.py:28-290 ; contracts/database.md:201,335,446",publication.create_platform_account; publication.update_platform_account; publication.set_platform_account_enabled; publication.delete_platform_account,createPlatformAccount;updatePlatformAccount;enablePlatformAccount;disablePlatformAccount;deletePlatformAccount,create/update 均调用 _platform_account_identifier_exists；advisory/查询仅竞态优化,publication._flush_platform_account:227-235 读取 diag.constraint_name 并映射 PLATFORM_ACCOUNT_IDENTIFIER_EXISTS,PLATFORM_ACCOUNT_IDENTIFIER_EXISTS/409（body.account_identifier）,保留 PLATFORM_ACCOUNT_IDENTIFIER_EXISTS/409；仅按 conname 映射，未知 default500,publication.create_platform_account; publication.update_platform_account; publication.set_platform_account_enabled; publication.delete_platform_account 的直接 command 顶层 Session（由 owner 负责 flush/commit/rollback）,真实 PostgreSQL UNIQUE INDEX sentinel：uq_platform_accounts_profile_identifier_normalized；仅覆盖直接 owner publication.create_platform_account; publication.update_platform_account; publication.set_platform_account_enabled; publication.delete_platform_account / operation createPlatformAccount;updatePlatformAccount;enablePlatformAccount;disablePlatformAccount;deletePlatformAccount；断言 diagnostics/HTTP 或 worker 失败边界、rollback、无 SUCCESS audit
uq_publication_verifications_one_passed,publication_verifications,publication_work_id,UNIQUE INDEX,"backend/alembic/versions/0034_publication_workflow_redesign.py:188-232; backend/alembic/versions/0035_business_workflow_primary_tasks.py:141-170 ; backend/app/models/publication.py:28-290 ; contracts/database.md:303,448-451",publication.verify_publication_work,verifyPublicationWork,publication.verify_publication_work: 直接写入/修改/删除链按该列或触发器语义执行；未见 uq_publication_verifications_one_passed 专用预检，数据库 UNIQUE INDEX 是 authority,publication.verify_publication_work: 未见按 uq_publication_verifications_one_passed 专用 diagnostics mapper；失败由最终 owner rollback，异常进入全局 handler（worker 则由独立 Session 处理）,HTTP owner 当前未捕获时全局 409 REVISION_CONFLICT / 数据约束冲突（不泄漏 DB）。,uq_publication_verifications_one_passed：按 PostgreSQL diagnostics 精确映射；未批准领域 code 时 default500/contract-decision required，禁止错误文本映射。,publication.verify_publication_work 的最终 flush/commit command 或独立 worker Session（间接 helper 不拥有事务）,真实 PostgreSQL UNIQUE INDEX sentinel：uq_publication_verifications_one_passed；仅覆盖直接 owner publication.verify_publication_work / operation verifyPublicationWork；断言失败边界、rollback、无 SUCCESS audit
uq_publication_works_active_platform_hash,publication_works,"platform_profile_id,content_hash",UNIQUE INDEX,"backend/alembic/versions/0034_publication_workflow_redesign.py:49-158; backend/alembic/versions/0035_business_workflow_primary_tasks.py:83-121; backend/alembic/versions/0037_simplify_deletion_lifecycle.py:166-185 ; backend/app/models/publication.py:28-290 ; contracts/database.md:329,333,434-448",publication.create_publication_work,createPublicationWork,create_publication_work:385-419 先 advisory lock，再 _ensure_unique_identity 查询相同平台/内容 hash；竞态仍 DB authority,无本地 conname mapper；预检冲突返回 PUBLICATION_IDENTITY_CONFLICT；DB 竞态进入全局 handler,预检 PUBLICATION_IDENTITY_CONFLICT/409；DB 竞态当前 409 REVISION_CONFLICT,保留 PUBLICATION_IDENTITY_CONFLICT/409；按 conname 映射未知 default500,publication.create_publication_work 的直接 command 顶层 Session（由 owner 负责 flush/commit/rollback）,真实 PostgreSQL UNIQUE INDEX sentinel：uq_publication_works_active_platform_hash；仅覆盖直接 owner publication.create_publication_work / operation createPublicationWork；断言 diagnostics/HTTP 或 worker 失败边界、rollback、无 SUCCESS audit
uq_published_content_issues_one_open,published_content_issues,published_article_id,UNIQUE INDEX,"backend/alembic/versions/0034_publication_workflow_redesign.py:255-329 ; backend/app/models/publication.py:28-290 ; contracts/database.md:303,333,454",publication.open_published_content_issue,openPublishedContentIssue,publication.open_published_content_issue: 直接写入/修改/删除链按该列或触发器语义执行；未见 uq_published_content_issues_one_open 专用预检，数据库 UNIQUE INDEX 是 authority,publication.open_published_content_issue: 未见按 uq_published_content_issues_one_open 专用 diagnostics mapper；失败由最终 owner rollback，异常进入全局 handler（worker 则由独立 Session 处理）,HTTP owner 当前未捕获时全局 409 REVISION_CONFLICT / 数据约束冲突（不泄漏 DB）。,uq_published_content_issues_one_open：按 PostgreSQL diagnostics 精确映射；未批准领域 code 时 default500/contract-decision required，禁止错误文本映射。,publication.open_published_content_issue 的最终 flush/commit command 或独立 worker Session（间接 helper 不拥有事务）,真实 PostgreSQL UNIQUE INDEX sentinel：uq_published_content_issues_one_open；仅覆盖直接 owner publication.open_published_content_issue / operation openPublishedContentIssue；断言失败边界、rollback、无 SUCCESS audit
not_null:ai_channel_headers.channel_id,ai_channel_headers,channel_id,NOT NULL,backend/alembic/versions/0009_config_center.py:183-208 ; backend/app/models/ai_generation.py:29-228 ; contracts/database.md:79,ai_configuration.create_ai_channel_header; ai_configuration.update_ai_channel_header,createAIChannelHeader;updateAIChannelHeader,ai_configuration.create_ai_channel_header; ai_configuration.update_ai_channel_header: 直接构造/修改为 ai_channel_headers.channel_id 提供值；未见独立 NOT NULL 预检，DB NOT NULL 是 authority,ai_configuration.create_ai_channel_header; ai_configuration.update_ai_channel_header: 未按 23502 的 table_name/column_name 做本地 mapper；HTTP 异常进入 errors.py:76-79，全局 worker/内部路径仅失败,23502 当前 HTTP owner 全局 409 REVISION_CONFLICT / 数据约束冲突（不泄漏 DB）,ai_channel_headers.channel_id 缺失应由 contract-decision 批准字段级 4xx；未知 23502 default500，不能伪装 revision,ai_configuration.create_ai_channel_header; ai_configuration.update_ai_channel_header 的直接 command 顶层 Session（由 owner 负责 flush/commit/rollback）,真实 PostgreSQL NOT NULL sentinel：not_null:ai_channel_headers.channel_id；仅覆盖直接 owner ai_configuration.create_ai_channel_header; ai_configuration.update_ai_channel_header / operation createAIChannelHeader;updateAIChannelHeader；断言 diagnostics/HTTP 或 worker 失败边界、rollback、无 SUCCESS audit
not_null:ai_channel_headers.id,ai_channel_headers,id,NOT NULL,backend/alembic/versions/0009_config_center.py:183-208 ; backend/app/models/ai_generation.py:29-228 ; contracts/database.md:79,ai_configuration.create_ai_channel_header; ai_configuration.update_ai_channel_header,createAIChannelHeader;updateAIChannelHeader,ai_configuration.create_ai_channel_header; ai_configuration.update_ai_channel_header: 直接构造/修改为 ai_channel_headers.id 提供值；未见独立 NOT NULL 预检，DB NOT NULL 是 authority,ai_configuration.create_ai_channel_header; ai_configuration.update_ai_channel_header: 未按 23502 的 table_name/column_name 做本地 mapper；HTTP 异常进入 errors.py:76-79，全局 worker/内部路径仅失败,23502 当前 HTTP owner 全局 409 REVISION_CONFLICT / 数据约束冲突（不泄漏 DB）,ai_channel_headers.id 缺失应由 contract-decision 批准字段级 4xx；未知 23502 default500，不能伪装 revision,ai_configuration.create_ai_channel_header; ai_configuration.update_ai_channel_header 的直接 command 顶层 Session（由 owner 负责 flush/commit/rollback）,真实 PostgreSQL NOT NULL sentinel：not_null:ai_channel_headers.id；仅覆盖直接 owner ai_configuration.create_ai_channel_header; ai_configuration.update_ai_channel_header / operation createAIChannelHeader;updateAIChannelHeader；断言 diagnostics/HTTP 或 worker 失败边界、rollback、无 SUCCESS audit
not_null:ai_channel_headers.is_sensitive,ai_channel_headers,is_sensitive,NOT NULL,backend/alembic/versions/0009_config_center.py:183-208 ; backend/app/models/ai_generation.py:29-228 ; contracts/database.md:79,ai_configuration.create_ai_channel_header; ai_configuration.update_ai_channel_header,createAIChannelHeader;updateAIChannelHeader,ai_configuration.create_ai_channel_header; ai_configuration.update_ai_channel_header: 直接构造/修改为 ai_channel_headers.is_sensitive 提供值；未见独立 NOT NULL 预检，DB NOT NULL 是 authority,ai_configuration.create_ai_channel_header; ai_configuration.update_ai_channel_header: 未按 23502 的 table_name/column_name 做本地 mapper；HTTP 异常进入 errors.py:76-79，全局 worker/内部路径仅失败,23502 当前 HTTP owner 全局 409 REVISION_CONFLICT / 数据约束冲突（不泄漏 DB）,ai_channel_headers.is_sensitive 缺失应由 contract-decision 批准字段级 4xx；未知 23502 default500，不能伪装 revision,ai_configuration.create_ai_channel_header; ai_configuration.update_ai_channel_header 的直接 command 顶层 Session（由 owner 负责 flush/commit/rollback）,真实 PostgreSQL NOT NULL sentinel：not_null:ai_channel_headers.is_sensitive；仅覆盖直接 owner ai_configuration.create_ai_channel_header; ai_configuration.update_ai_channel_header / operation createAIChannelHeader;updateAIChannelHeader；断言 diagnostics/HTTP 或 worker 失败边界、rollback、无 SUCCESS audit
not_null:ai_channel_headers.name,ai_channel_headers,name,NOT NULL,backend/alembic/versions/0009_config_center.py:183-208 ; backend/app/models/ai_generation.py:29-228 ; contracts/database.md:79,ai_configuration.create_ai_channel_header; ai_configuration.update_ai_channel_header,createAIChannelHeader;updateAIChannelHeader,ai_configuration.create_ai_channel_header; ai_configuration.update_ai_channel_header: 直接构造/修改为 ai_channel_headers.name 提供值；未见独立 NOT NULL 预检，DB NOT NULL 是 authority,ai_configuration.create_ai_channel_header; ai_configuration.update_ai_channel_header: 未按 23502 的 table_name/column_name 做本地 mapper；HTTP 异常进入 errors.py:76-79，全局 worker/内部路径仅失败,23502 当前 HTTP owner 全局 409 REVISION_CONFLICT / 数据约束冲突（不泄漏 DB）,ai_channel_headers.name 缺失应由 contract-decision 批准字段级 4xx；未知 23502 default500，不能伪装 revision,ai_configuration.create_ai_channel_header; ai_configuration.update_ai_channel_header 的直接 command 顶层 Session（由 owner 负责 flush/commit/rollback）,真实 PostgreSQL NOT NULL sentinel：not_null:ai_channel_headers.name；仅覆盖直接 owner ai_configuration.create_ai_channel_header; ai_configuration.update_ai_channel_header / operation createAIChannelHeader;updateAIChannelHeader；断言 diagnostics/HTTP 或 worker 失败边界、rollback、无 SUCCESS audit
not_null:ai_channel_headers.normalized_name,ai_channel_headers,normalized_name,NOT NULL,backend/alembic/versions/0009_config_center.py:183-208 ; backend/app/models/ai_generation.py:29-228 ; contracts/database.md:79,ai_configuration.create_ai_channel_header; ai_configuration.update_ai_channel_header,createAIChannelHeader;updateAIChannelHeader,ai_configuration.create_ai_channel_header; ai_configuration.update_ai_channel_header: 直接构造/修改为 ai_channel_headers.normalized_name 提供值；未见独立 NOT NULL 预检，DB NOT NULL 是 authority,ai_configuration.create_ai_channel_header; ai_configuration.update_ai_channel_header: 未按 23502 的 table_name/column_name 做本地 mapper；HTTP 异常进入 errors.py:76-79，全局 worker/内部路径仅失败,23502 当前 HTTP owner 全局 409 REVISION_CONFLICT / 数据约束冲突（不泄漏 DB）,ai_channel_headers.normalized_name 缺失应由 contract-decision 批准字段级 4xx；未知 23502 default500，不能伪装 revision,ai_configuration.create_ai_channel_header; ai_configuration.update_ai_channel_header 的直接 command 顶层 Session（由 owner 负责 flush/commit/rollback）,真实 PostgreSQL NOT NULL sentinel：not_null:ai_channel_headers.normalized_name；仅覆盖直接 owner ai_configuration.create_ai_channel_header; ai_configuration.update_ai_channel_header / operation createAIChannelHeader;updateAIChannelHeader；断言 diagnostics/HTTP 或 worker 失败边界、rollback、无 SUCCESS audit
not_null:ai_channels.api_key_ciphertext,ai_channels,api_key_ciphertext,NOT NULL,"backend/alembic/versions/0009_config_center.py:163-182; backend/alembic/versions/0021_ai_channel_model_management.py:17-52 ; backend/app/models/ai_generation.py:29-228 ; contracts/database.md:79,169-177",ai_configuration.create_ai_channel; ai_configuration.update_ai_channel; ai_configuration.replace_ai_channel_api_key; ai_configuration.set_channel_enabled; ai_configuration.delete_ai_channel,createAIChannel;updateAIChannel;replaceAIChannelApiKey;enableAIChannel;disableAIChannel;deleteAIChannel,ai_configuration.create_ai_channel; ai_configuration.update_ai_channel; ai_configuration.replace_ai_channel_api_key; ai_configuration.set_channel_enabled; ai_configuration.delete_ai_channel: 直接构造/修改为 ai_channels.api_key_ciphertext 提供值；未见独立 NOT NULL 预检，DB NOT NULL 是 authority,ai_configuration.create_ai_channel; ai_configuration.update_ai_channel; ai_configuration.replace_ai_channel_api_key; ai_configuration.set_channel_enabled; ai_configuration.delete_ai_channel: 未按 23502 的 table_name/column_name 做本地 mapper；HTTP 异常进入 errors.py:76-79，全局 worker/内部路径仅失败,23502 当前 HTTP owner 全局 409 REVISION_CONFLICT / 数据约束冲突（不泄漏 DB）,ai_channels.api_key_ciphertext 缺失应由 contract-decision 批准字段级 4xx；未知 23502 default500，不能伪装 revision,ai_configuration.create_ai_channel; ai_configuration.update_ai_channel; ai_configuration.replace_ai_channel_api_key; ai_configuration.set_channel_enabled; ai_configuration.delete_ai_channel 的直接 command 顶层 Session（由 owner 负责 flush/commit/rollback）,真实 PostgreSQL NOT NULL sentinel：not_null:ai_channels.api_key_ciphertext；仅覆盖直接 owner ai_configuration.create_ai_channel; ai_configuration.update_ai_channel; ai_configuration.replace_ai_channel_api_key; ai_configuration.set_channel_enabled; ai_configuration.delete_ai_channel / operation createAIChannel;updateAIChannel;replaceAIChannelApiKey;enableAIChannel;disableAIChannel;deleteAIChannel；断言 diagnostics/HTTP 或 worker 失败边界、rollback、无 SUCCESS audit
not_null:ai_channels.api_key_updated_at,ai_channels,api_key_updated_at,NOT NULL,"backend/alembic/versions/0009_config_center.py:163-182; backend/alembic/versions/0021_ai_channel_model_management.py:17-52 ; backend/app/models/ai_generation.py:29-228 ; contracts/database.md:79,169-177",ai_configuration.create_ai_channel; ai_configuration.update_ai_channel; ai_configuration.replace_ai_channel_api_key; ai_configuration.set_channel_enabled; ai_configuration.delete_ai_channel,createAIChannel;updateAIChannel;replaceAIChannelApiKey;enableAIChannel;disableAIChannel;deleteAIChannel,ai_configuration.create_ai_channel; ai_configuration.update_ai_channel; ai_configuration.replace_ai_channel_api_key; ai_configuration.set_channel_enabled; ai_configuration.delete_ai_channel: 直接构造/修改为 ai_channels.api_key_updated_at 提供值；未见独立 NOT NULL 预检，DB NOT NULL 是 authority,ai_configuration.create_ai_channel; ai_configuration.update_ai_channel; ai_configuration.replace_ai_channel_api_key; ai_configuration.set_channel_enabled; ai_configuration.delete_ai_channel: 未按 23502 的 table_name/column_name 做本地 mapper；HTTP 异常进入 errors.py:76-79，全局 worker/内部路径仅失败,23502 当前 HTTP owner 全局 409 REVISION_CONFLICT / 数据约束冲突（不泄漏 DB）,ai_channels.api_key_updated_at 缺失应由 contract-decision 批准字段级 4xx；未知 23502 default500，不能伪装 revision,ai_configuration.create_ai_channel; ai_configuration.update_ai_channel; ai_configuration.replace_ai_channel_api_key; ai_configuration.set_channel_enabled; ai_configuration.delete_ai_channel 的直接 command 顶层 Session（由 owner 负责 flush/commit/rollback）,真实 PostgreSQL NOT NULL sentinel：not_null:ai_channels.api_key_updated_at；仅覆盖直接 owner ai_configuration.create_ai_channel; ai_configuration.update_ai_channel; ai_configuration.replace_ai_channel_api_key; ai_configuration.set_channel_enabled; ai_configuration.delete_ai_channel / operation createAIChannel;updateAIChannel;replaceAIChannelApiKey;enableAIChannel;disableAIChannel;deleteAIChannel；断言 diagnostics/HTTP 或 worker 失败边界、rollback、无 SUCCESS audit
not_null:ai_channels.base_url,ai_channels,base_url,NOT NULL,"backend/alembic/versions/0009_config_center.py:163-182; backend/alembic/versions/0021_ai_channel_model_management.py:17-52 ; backend/app/models/ai_generation.py:29-228 ; contracts/database.md:79,169-177",ai_configuration.create_ai_channel; ai_configuration.update_ai_channel; ai_configuration.replace_ai_channel_api_key; ai_configuration.set_channel_enabled; ai_configuration.delete_ai_channel,createAIChannel;updateAIChannel;replaceAIChannelApiKey;enableAIChannel;disableAIChannel;deleteAIChannel,ai_configuration.create_ai_channel; ai_configuration.update_ai_channel; ai_configuration.replace_ai_channel_api_key; ai_configuration.set_channel_enabled; ai_configuration.delete_ai_channel: 直接构造/修改为 ai_channels.base_url 提供值；未见独立 NOT NULL 预检，DB NOT NULL 是 authority,ai_configuration.create_ai_channel; ai_configuration.update_ai_channel; ai_configuration.replace_ai_channel_api_key; ai_configuration.set_channel_enabled; ai_configuration.delete_ai_channel: 未按 23502 的 table_name/column_name 做本地 mapper；HTTP 异常进入 errors.py:76-79，全局 worker/内部路径仅失败,23502 当前 HTTP owner 全局 409 REVISION_CONFLICT / 数据约束冲突（不泄漏 DB）,ai_channels.base_url 缺失应由 contract-decision 批准字段级 4xx；未知 23502 default500，不能伪装 revision,ai_configuration.create_ai_channel; ai_configuration.update_ai_channel; ai_configuration.replace_ai_channel_api_key; ai_configuration.set_channel_enabled; ai_configuration.delete_ai_channel 的直接 command 顶层 Session（由 owner 负责 flush/commit/rollback）,真实 PostgreSQL NOT NULL sentinel：not_null:ai_channels.base_url；仅覆盖直接 owner ai_configuration.create_ai_channel; ai_configuration.update_ai_channel; ai_configuration.replace_ai_channel_api_key; ai_configuration.set_channel_enabled; ai_configuration.delete_ai_channel / operation createAIChannel;updateAIChannel;replaceAIChannelApiKey;enableAIChannel;disableAIChannel;deleteAIChannel；断言 diagnostics/HTTP 或 worker 失败边界、rollback、无 SUCCESS audit
not_null:ai_channels.created_at,ai_channels,created_at,NOT NULL,"backend/alembic/versions/0009_config_center.py:163-182; backend/alembic/versions/0021_ai_channel_model_management.py:17-52 ; backend/app/models/ai_generation.py:29-228 ; contracts/database.md:79,169-177",ai_configuration.create_ai_channel; ai_configuration.update_ai_channel; ai_configuration.replace_ai_channel_api_key; ai_configuration.set_channel_enabled; ai_configuration.delete_ai_channel,createAIChannel;updateAIChannel;replaceAIChannelApiKey;enableAIChannel;disableAIChannel;deleteAIChannel,ai_configuration.create_ai_channel; ai_configuration.update_ai_channel; ai_configuration.replace_ai_channel_api_key; ai_configuration.set_channel_enabled; ai_configuration.delete_ai_channel: 直接构造/修改为 ai_channels.created_at 提供值；未见独立 NOT NULL 预检，DB NOT NULL 是 authority,ai_configuration.create_ai_channel; ai_configuration.update_ai_channel; ai_configuration.replace_ai_channel_api_key; ai_configuration.set_channel_enabled; ai_configuration.delete_ai_channel: 未按 23502 的 table_name/column_name 做本地 mapper；HTTP 异常进入 errors.py:76-79，全局 worker/内部路径仅失败,23502 当前 HTTP owner 全局 409 REVISION_CONFLICT / 数据约束冲突（不泄漏 DB）,ai_channels.created_at 缺失应由 contract-decision 批准字段级 4xx；未知 23502 default500，不能伪装 revision,ai_configuration.create_ai_channel; ai_configuration.update_ai_channel; ai_configuration.replace_ai_channel_api_key; ai_configuration.set_channel_enabled; ai_configuration.delete_ai_channel 的直接 command 顶层 Session（由 owner 负责 flush/commit/rollback）,真实 PostgreSQL NOT NULL sentinel：not_null:ai_channels.created_at；仅覆盖直接 owner ai_configuration.create_ai_channel; ai_configuration.update_ai_channel; ai_configuration.replace_ai_channel_api_key; ai_configuration.set_channel_enabled; ai_configuration.delete_ai_channel / operation createAIChannel;updateAIChannel;replaceAIChannelApiKey;enableAIChannel;disableAIChannel;deleteAIChannel；断言 diagnostics/HTTP 或 worker 失败边界、rollback、无 SUCCESS audit
not_null:ai_channels.created_by,ai_channels,created_by,NOT NULL,"backend/alembic/versions/0009_config_center.py:163-182; backend/alembic/versions/0021_ai_channel_model_management.py:17-52 ; backend/app/models/ai_generation.py:29-228 ; contracts/database.md:79,169-177",ai_configuration.create_ai_channel; ai_configuration.update_ai_channel; ai_configuration.replace_ai_channel_api_key; ai_configuration.set_channel_enabled; ai_configuration.delete_ai_channel,createAIChannel;updateAIChannel;replaceAIChannelApiKey;enableAIChannel;disableAIChannel;deleteAIChannel,ai_configuration.create_ai_channel; ai_configuration.update_ai_channel; ai_configuration.replace_ai_channel_api_key; ai_configuration.set_channel_enabled; ai_configuration.delete_ai_channel: 直接构造/修改为 ai_channels.created_by 提供值；未见独立 NOT NULL 预检，DB NOT NULL 是 authority,ai_configuration.create_ai_channel; ai_configuration.update_ai_channel; ai_configuration.replace_ai_channel_api_key; ai_configuration.set_channel_enabled; ai_configuration.delete_ai_channel: 未按 23502 的 table_name/column_name 做本地 mapper；HTTP 异常进入 errors.py:76-79，全局 worker/内部路径仅失败,23502 当前 HTTP owner 全局 409 REVISION_CONFLICT / 数据约束冲突（不泄漏 DB）,ai_channels.created_by 缺失应由 contract-decision 批准字段级 4xx；未知 23502 default500，不能伪装 revision,ai_configuration.create_ai_channel; ai_configuration.update_ai_channel; ai_configuration.replace_ai_channel_api_key; ai_configuration.set_channel_enabled; ai_configuration.delete_ai_channel 的直接 command 顶层 Session（由 owner 负责 flush/commit/rollback）,真实 PostgreSQL NOT NULL sentinel：not_null:ai_channels.created_by；仅覆盖直接 owner ai_configuration.create_ai_channel; ai_configuration.update_ai_channel; ai_configuration.replace_ai_channel_api_key; ai_configuration.set_channel_enabled; ai_configuration.delete_ai_channel / operation createAIChannel;updateAIChannel;replaceAIChannelApiKey;enableAIChannel;disableAIChannel;deleteAIChannel；断言 diagnostics/HTTP 或 worker 失败边界、rollback、无 SUCCESS audit
not_null:ai_channels.description,ai_channels,description,NOT NULL,"backend/alembic/versions/0009_config_center.py:163-182; backend/alembic/versions/0021_ai_channel_model_management.py:17-52 ; backend/app/models/ai_generation.py:29-228 ; contracts/database.md:79,169-177",ai_configuration.create_ai_channel; ai_configuration.update_ai_channel; ai_configuration.replace_ai_channel_api_key; ai_configuration.set_channel_enabled; ai_configuration.delete_ai_channel,createAIChannel;updateAIChannel;replaceAIChannelApiKey;enableAIChannel;disableAIChannel;deleteAIChannel,ai_configuration.create_ai_channel; ai_configuration.update_ai_channel; ai_configuration.replace_ai_channel_api_key; ai_configuration.set_channel_enabled; ai_configuration.delete_ai_channel: 直接构造/修改为 ai_channels.description 提供值；未见独立 NOT NULL 预检，DB NOT NULL 是 authority,ai_configuration.create_ai_channel; ai_configuration.update_ai_channel; ai_configuration.replace_ai_channel_api_key; ai_configuration.set_channel_enabled; ai_configuration.delete_ai_channel: 未按 23502 的 table_name/column_name 做本地 mapper；HTTP 异常进入 errors.py:76-79，全局 worker/内部路径仅失败,23502 当前 HTTP owner 全局 409 REVISION_CONFLICT / 数据约束冲突（不泄漏 DB）,ai_channels.description 缺失应由 contract-decision 批准字段级 4xx；未知 23502 default500，不能伪装 revision,ai_configuration.create_ai_channel; ai_configuration.update_ai_channel; ai_configuration.replace_ai_channel_api_key; ai_configuration.set_channel_enabled; ai_configuration.delete_ai_channel 的直接 command 顶层 Session（由 owner 负责 flush/commit/rollback）,真实 PostgreSQL NOT NULL sentinel：not_null:ai_channels.description；仅覆盖直接 owner ai_configuration.create_ai_channel; ai_configuration.update_ai_channel; ai_configuration.replace_ai_channel_api_key; ai_configuration.set_channel_enabled; ai_configuration.delete_ai_channel / operation createAIChannel;updateAIChannel;replaceAIChannelApiKey;enableAIChannel;disableAIChannel;deleteAIChannel；断言 diagnostics/HTTP 或 worker 失败边界、rollback、无 SUCCESS audit
not_null:ai_channels.id,ai_channels,id,NOT NULL,"backend/alembic/versions/0009_config_center.py:163-182; backend/alembic/versions/0021_ai_channel_model_management.py:17-52 ; backend/app/models/ai_generation.py:29-228 ; contracts/database.md:79,169-177",ai_configuration.create_ai_channel; ai_configuration.update_ai_channel; ai_configuration.replace_ai_channel_api_key; ai_configuration.set_channel_enabled; ai_configuration.delete_ai_channel,createAIChannel;updateAIChannel;replaceAIChannelApiKey;enableAIChannel;disableAIChannel;deleteAIChannel,ai_configuration.create_ai_channel; ai_configuration.update_ai_channel; ai_configuration.replace_ai_channel_api_key; ai_configuration.set_channel_enabled; ai_configuration.delete_ai_channel: 直接构造/修改为 ai_channels.id 提供值；未见独立 NOT NULL 预检，DB NOT NULL 是 authority,ai_configuration.create_ai_channel; ai_configuration.update_ai_channel; ai_configuration.replace_ai_channel_api_key; ai_configuration.set_channel_enabled; ai_configuration.delete_ai_channel: 未按 23502 的 table_name/column_name 做本地 mapper；HTTP 异常进入 errors.py:76-79，全局 worker/内部路径仅失败,23502 当前 HTTP owner 全局 409 REVISION_CONFLICT / 数据约束冲突（不泄漏 DB）,ai_channels.id 缺失应由 contract-decision 批准字段级 4xx；未知 23502 default500，不能伪装 revision,ai_configuration.create_ai_channel; ai_configuration.update_ai_channel; ai_configuration.replace_ai_channel_api_key; ai_configuration.set_channel_enabled; ai_configuration.delete_ai_channel 的直接 command 顶层 Session（由 owner 负责 flush/commit/rollback）,真实 PostgreSQL NOT NULL sentinel：not_null:ai_channels.id；仅覆盖直接 owner ai_configuration.create_ai_channel; ai_configuration.update_ai_channel; ai_configuration.replace_ai_channel_api_key; ai_configuration.set_channel_enabled; ai_configuration.delete_ai_channel / operation createAIChannel;updateAIChannel;replaceAIChannelApiKey;enableAIChannel;disableAIChannel;deleteAIChannel；断言 diagnostics/HTTP 或 worker 失败边界、rollback、无 SUCCESS audit
not_null:ai_channels.is_enabled,ai_channels,is_enabled,NOT NULL,"backend/alembic/versions/0009_config_center.py:163-182; backend/alembic/versions/0021_ai_channel_model_management.py:17-52 ; backend/app/models/ai_generation.py:29-228 ; contracts/database.md:79,169-177",ai_configuration.create_ai_channel; ai_configuration.update_ai_channel; ai_configuration.replace_ai_channel_api_key; ai_configuration.set_channel_enabled; ai_configuration.delete_ai_channel,createAIChannel;updateAIChannel;replaceAIChannelApiKey;enableAIChannel;disableAIChannel;deleteAIChannel,ai_configuration.create_ai_channel; ai_configuration.update_ai_channel; ai_configuration.replace_ai_channel_api_key; ai_configuration.set_channel_enabled; ai_configuration.delete_ai_channel: 直接构造/修改为 ai_channels.is_enabled 提供值；未见独立 NOT NULL 预检，DB NOT NULL 是 authority,ai_configuration.create_ai_channel; ai_configuration.update_ai_channel; ai_configuration.replace_ai_channel_api_key; ai_configuration.set_channel_enabled; ai_configuration.delete_ai_channel: 未按 23502 的 table_name/column_name 做本地 mapper；HTTP 异常进入 errors.py:76-79，全局 worker/内部路径仅失败,23502 当前 HTTP owner 全局 409 REVISION_CONFLICT / 数据约束冲突（不泄漏 DB）,ai_channels.is_enabled 缺失应由 contract-decision 批准字段级 4xx；未知 23502 default500，不能伪装 revision,ai_configuration.create_ai_channel; ai_configuration.update_ai_channel; ai_configuration.replace_ai_channel_api_key; ai_configuration.set_channel_enabled; ai_configuration.delete_ai_channel 的直接 command 顶层 Session（由 owner 负责 flush/commit/rollback）,真实 PostgreSQL NOT NULL sentinel：not_null:ai_channels.is_enabled；仅覆盖直接 owner ai_configuration.create_ai_channel; ai_configuration.update_ai_channel; ai_configuration.replace_ai_channel_api_key; ai_configuration.set_channel_enabled; ai_configuration.delete_ai_channel / operation createAIChannel;updateAIChannel;replaceAIChannelApiKey;enableAIChannel;disableAIChannel;deleteAIChannel；断言 diagnostics/HTTP 或 worker 失败边界、rollback、无 SUCCESS audit
not_null:ai_channels.name,ai_channels,name,NOT NULL,"backend/alembic/versions/0009_config_center.py:163-182; backend/alembic/versions/0021_ai_channel_model_management.py:17-52 ; backend/app/models/ai_generation.py:29-228 ; contracts/database.md:79,169-177",ai_configuration.create_ai_channel; ai_configuration.update_ai_channel; ai_configuration.replace_ai_channel_api_key; ai_configuration.set_channel_enabled; ai_configuration.delete_ai_channel,createAIChannel;updateAIChannel;replaceAIChannelApiKey;enableAIChannel;disableAIChannel;deleteAIChannel,ai_configuration.create_ai_channel; ai_configuration.update_ai_channel; ai_configuration.replace_ai_channel_api_key; ai_configuration.set_channel_enabled; ai_configuration.delete_ai_channel: 直接构造/修改为 ai_channels.name 提供值；未见独立 NOT NULL 预检，DB NOT NULL 是 authority,ai_configuration.create_ai_channel; ai_configuration.update_ai_channel; ai_configuration.replace_ai_channel_api_key; ai_configuration.set_channel_enabled; ai_configuration.delete_ai_channel: 未按 23502 的 table_name/column_name 做本地 mapper；HTTP 异常进入 errors.py:76-79，全局 worker/内部路径仅失败,23502 当前 HTTP owner 全局 409 REVISION_CONFLICT / 数据约束冲突（不泄漏 DB）,ai_channels.name 缺失应由 contract-decision 批准字段级 4xx；未知 23502 default500，不能伪装 revision,ai_configuration.create_ai_channel; ai_configuration.update_ai_channel; ai_configuration.replace_ai_channel_api_key; ai_configuration.set_channel_enabled; ai_configuration.delete_ai_channel 的直接 command 顶层 Session（由 owner 负责 flush/commit/rollback）,真实 PostgreSQL NOT NULL sentinel：not_null:ai_channels.name；仅覆盖直接 owner ai_configuration.create_ai_channel; ai_configuration.update_ai_channel; ai_configuration.replace_ai_channel_api_key; ai_configuration.set_channel_enabled; ai_configuration.delete_ai_channel / operation createAIChannel;updateAIChannel;replaceAIChannelApiKey;enableAIChannel;disableAIChannel;deleteAIChannel；断言 diagnostics/HTTP 或 worker 失败边界、rollback、无 SUCCESS audit
not_null:ai_channels.protocol_type,ai_channels,protocol_type,NOT NULL,"backend/alembic/versions/0009_config_center.py:163-182; backend/alembic/versions/0021_ai_channel_model_management.py:17-52 ; backend/app/models/ai_generation.py:29-228 ; contracts/database.md:79,169-177",ai_configuration.create_ai_channel; ai_configuration.update_ai_channel; ai_configuration.replace_ai_channel_api_key; ai_configuration.set_channel_enabled; ai_configuration.delete_ai_channel,createAIChannel;updateAIChannel;replaceAIChannelApiKey;enableAIChannel;disableAIChannel;deleteAIChannel,ai_configuration.create_ai_channel; ai_configuration.update_ai_channel; ai_configuration.replace_ai_channel_api_key; ai_configuration.set_channel_enabled; ai_configuration.delete_ai_channel: 直接构造/修改为 ai_channels.protocol_type 提供值；未见独立 NOT NULL 预检，DB NOT NULL 是 authority,ai_configuration.create_ai_channel; ai_configuration.update_ai_channel; ai_configuration.replace_ai_channel_api_key; ai_configuration.set_channel_enabled; ai_configuration.delete_ai_channel: 未按 23502 的 table_name/column_name 做本地 mapper；HTTP 异常进入 errors.py:76-79，全局 worker/内部路径仅失败,23502 当前 HTTP owner 全局 409 REVISION_CONFLICT / 数据约束冲突（不泄漏 DB）,ai_channels.protocol_type 缺失应由 contract-decision 批准字段级 4xx；未知 23502 default500，不能伪装 revision,ai_configuration.create_ai_channel; ai_configuration.update_ai_channel; ai_configuration.replace_ai_channel_api_key; ai_configuration.set_channel_enabled; ai_configuration.delete_ai_channel 的直接 command 顶层 Session（由 owner 负责 flush/commit/rollback）,真实 PostgreSQL NOT NULL sentinel：not_null:ai_channels.protocol_type；仅覆盖直接 owner ai_configuration.create_ai_channel; ai_configuration.update_ai_channel; ai_configuration.replace_ai_channel_api_key; ai_configuration.set_channel_enabled; ai_configuration.delete_ai_channel / operation createAIChannel;updateAIChannel;replaceAIChannelApiKey;enableAIChannel;disableAIChannel;deleteAIChannel；断言 diagnostics/HTTP 或 worker 失败边界、rollback、无 SUCCESS audit
not_null:ai_channels.provider_brand,ai_channels,provider_brand,NOT NULL,"backend/alembic/versions/0009_config_center.py:163-182; backend/alembic/versions/0021_ai_channel_model_management.py:17-52 ; backend/app/models/ai_generation.py:29-228 ; contracts/database.md:79,169-177",ai_configuration.create_ai_channel; ai_configuration.update_ai_channel; ai_configuration.replace_ai_channel_api_key; ai_configuration.set_channel_enabled; ai_configuration.delete_ai_channel,createAIChannel;updateAIChannel;replaceAIChannelApiKey;enableAIChannel;disableAIChannel;deleteAIChannel,ai_configuration.create_ai_channel; ai_configuration.update_ai_channel; ai_configuration.replace_ai_channel_api_key; ai_configuration.set_channel_enabled; ai_configuration.delete_ai_channel: 直接构造/修改为 ai_channels.provider_brand 提供值；未见独立 NOT NULL 预检，DB NOT NULL 是 authority,ai_configuration.create_ai_channel; ai_configuration.update_ai_channel; ai_configuration.replace_ai_channel_api_key; ai_configuration.set_channel_enabled; ai_configuration.delete_ai_channel: 未按 23502 的 table_name/column_name 做本地 mapper；HTTP 异常进入 errors.py:76-79，全局 worker/内部路径仅失败,23502 当前 HTTP owner 全局 409 REVISION_CONFLICT / 数据约束冲突（不泄漏 DB）,ai_channels.provider_brand 缺失应由 contract-decision 批准字段级 4xx；未知 23502 default500，不能伪装 revision,ai_configuration.create_ai_channel; ai_configuration.update_ai_channel; ai_configuration.replace_ai_channel_api_key; ai_configuration.set_channel_enabled; ai_configuration.delete_ai_channel 的直接 command 顶层 Session（由 owner 负责 flush/commit/rollback）,真实 PostgreSQL NOT NULL sentinel：not_null:ai_channels.provider_brand；仅覆盖直接 owner ai_configuration.create_ai_channel; ai_configuration.update_ai_channel; ai_configuration.replace_ai_channel_api_key; ai_configuration.set_channel_enabled; ai_configuration.delete_ai_channel / operation createAIChannel;updateAIChannel;replaceAIChannelApiKey;enableAIChannel;disableAIChannel;deleteAIChannel；断言 diagnostics/HTTP 或 worker 失败边界、rollback、无 SUCCESS audit
not_null:ai_channels.revision,ai_channels,revision,NOT NULL,"backend/alembic/versions/0009_config_center.py:163-182; backend/alembic/versions/0021_ai_channel_model_management.py:17-52 ; backend/app/models/ai_generation.py:29-228 ; contracts/database.md:79,169-177",ai_configuration.create_ai_channel; ai_configuration.update_ai_channel; ai_configuration.replace_ai_channel_api_key; ai_configuration.set_channel_enabled; ai_configuration.delete_ai_channel,createAIChannel;updateAIChannel;replaceAIChannelApiKey;enableAIChannel;disableAIChannel;deleteAIChannel,ai_configuration.create_ai_channel; ai_configuration.update_ai_channel; ai_configuration.replace_ai_channel_api_key; ai_configuration.set_channel_enabled; ai_configuration.delete_ai_channel: 直接构造/修改为 ai_channels.revision 提供值；未见独立 NOT NULL 预检，DB NOT NULL 是 authority,ai_configuration.create_ai_channel; ai_configuration.update_ai_channel; ai_configuration.replace_ai_channel_api_key; ai_configuration.set_channel_enabled; ai_configuration.delete_ai_channel: 未按 23502 的 table_name/column_name 做本地 mapper；HTTP 异常进入 errors.py:76-79，全局 worker/内部路径仅失败,23502 当前 HTTP owner 全局 409 REVISION_CONFLICT / 数据约束冲突（不泄漏 DB）,ai_channels.revision 缺失应由 contract-decision 批准字段级 4xx；未知 23502 default500，不能伪装 revision,ai_configuration.create_ai_channel; ai_configuration.update_ai_channel; ai_configuration.replace_ai_channel_api_key; ai_configuration.set_channel_enabled; ai_configuration.delete_ai_channel 的直接 command 顶层 Session（由 owner 负责 flush/commit/rollback）,真实 PostgreSQL NOT NULL sentinel：not_null:ai_channels.revision；仅覆盖直接 owner ai_configuration.create_ai_channel; ai_configuration.update_ai_channel; ai_configuration.replace_ai_channel_api_key; ai_configuration.set_channel_enabled; ai_configuration.delete_ai_channel / operation createAIChannel;updateAIChannel;replaceAIChannelApiKey;enableAIChannel;disableAIChannel;deleteAIChannel；断言 diagnostics/HTTP 或 worker 失败边界、rollback、无 SUCCESS audit
not_null:ai_channels.timeout_seconds,ai_channels,timeout_seconds,NOT NULL,"backend/alembic/versions/0009_config_center.py:163-182; backend/alembic/versions/0021_ai_channel_model_management.py:17-52 ; backend/app/models/ai_generation.py:29-228 ; contracts/database.md:79,169-177",ai_configuration.create_ai_channel; ai_configuration.update_ai_channel; ai_configuration.replace_ai_channel_api_key; ai_configuration.set_channel_enabled; ai_configuration.delete_ai_channel,createAIChannel;updateAIChannel;replaceAIChannelApiKey;enableAIChannel;disableAIChannel;deleteAIChannel,ai_configuration.create_ai_channel; ai_configuration.update_ai_channel; ai_configuration.replace_ai_channel_api_key; ai_configuration.set_channel_enabled; ai_configuration.delete_ai_channel: 直接构造/修改为 ai_channels.timeout_seconds 提供值；未见独立 NOT NULL 预检，DB NOT NULL 是 authority,ai_configuration.create_ai_channel; ai_configuration.update_ai_channel; ai_configuration.replace_ai_channel_api_key; ai_configuration.set_channel_enabled; ai_configuration.delete_ai_channel: 未按 23502 的 table_name/column_name 做本地 mapper；HTTP 异常进入 errors.py:76-79，全局 worker/内部路径仅失败,23502 当前 HTTP owner 全局 409 REVISION_CONFLICT / 数据约束冲突（不泄漏 DB）,ai_channels.timeout_seconds 缺失应由 contract-decision 批准字段级 4xx；未知 23502 default500，不能伪装 revision,ai_configuration.create_ai_channel; ai_configuration.update_ai_channel; ai_configuration.replace_ai_channel_api_key; ai_configuration.set_channel_enabled; ai_configuration.delete_ai_channel 的直接 command 顶层 Session（由 owner 负责 flush/commit/rollback）,真实 PostgreSQL NOT NULL sentinel：not_null:ai_channels.timeout_seconds；仅覆盖直接 owner ai_configuration.create_ai_channel; ai_configuration.update_ai_channel; ai_configuration.replace_ai_channel_api_key; ai_configuration.set_channel_enabled; ai_configuration.delete_ai_channel / operation createAIChannel;updateAIChannel;replaceAIChannelApiKey;enableAIChannel;disableAIChannel;deleteAIChannel；断言 diagnostics/HTTP 或 worker 失败边界、rollback、无 SUCCESS audit
not_null:ai_channels.updated_at,ai_channels,updated_at,NOT NULL,"backend/alembic/versions/0009_config_center.py:163-182; backend/alembic/versions/0021_ai_channel_model_management.py:17-52 ; backend/app/models/ai_generation.py:29-228 ; contracts/database.md:79,169-177",ai_configuration.create_ai_channel; ai_configuration.update_ai_channel; ai_configuration.replace_ai_channel_api_key; ai_configuration.set_channel_enabled; ai_configuration.delete_ai_channel,createAIChannel;updateAIChannel;replaceAIChannelApiKey;enableAIChannel;disableAIChannel;deleteAIChannel,ai_configuration.create_ai_channel; ai_configuration.update_ai_channel; ai_configuration.replace_ai_channel_api_key; ai_configuration.set_channel_enabled; ai_configuration.delete_ai_channel: 直接构造/修改为 ai_channels.updated_at 提供值；未见独立 NOT NULL 预检，DB NOT NULL 是 authority,ai_configuration.create_ai_channel; ai_configuration.update_ai_channel; ai_configuration.replace_ai_channel_api_key; ai_configuration.set_channel_enabled; ai_configuration.delete_ai_channel: 未按 23502 的 table_name/column_name 做本地 mapper；HTTP 异常进入 errors.py:76-79，全局 worker/内部路径仅失败,23502 当前 HTTP owner 全局 409 REVISION_CONFLICT / 数据约束冲突（不泄漏 DB）,ai_channels.updated_at 缺失应由 contract-decision 批准字段级 4xx；未知 23502 default500，不能伪装 revision,ai_configuration.create_ai_channel; ai_configuration.update_ai_channel; ai_configuration.replace_ai_channel_api_key; ai_configuration.set_channel_enabled; ai_configuration.delete_ai_channel 的直接 command 顶层 Session（由 owner 负责 flush/commit/rollback）,真实 PostgreSQL NOT NULL sentinel：not_null:ai_channels.updated_at；仅覆盖直接 owner ai_configuration.create_ai_channel; ai_configuration.update_ai_channel; ai_configuration.replace_ai_channel_api_key; ai_configuration.set_channel_enabled; ai_configuration.delete_ai_channel / operation createAIChannel;updateAIChannel;replaceAIChannelApiKey;enableAIChannel;disableAIChannel;deleteAIChannel；断言 diagnostics/HTTP 或 worker 失败边界、rollback、无 SUCCESS audit
not_null:ai_models.channel_id,ai_models,channel_id,NOT NULL,"backend/alembic/versions/0009_config_center.py:208-234 ; backend/app/models/ai_generation.py:29-228 ; contracts/database.md:79,437",ai_configuration.create_ai_model; ai_configuration.update_ai_model; ai_configuration.test_ai_model; ai_configuration.set_model_enabled; ai_configuration.delete_ai_model,createAIModel;updateAIModel;testAIModel;enableAIModel;disableAIModel;deleteAIModel,ai_configuration.create_ai_model; ai_configuration.update_ai_model; ai_configuration.test_ai_model; ai_configuration.set_model_enabled; ai_configuration.delete_ai_model: 直接构造/修改为 ai_models.channel_id 提供值；未见独立 NOT NULL 预检，DB NOT NULL 是 authority,ai_configuration.create_ai_model; ai_configuration.update_ai_model; ai_configuration.test_ai_model; ai_configuration.set_model_enabled; ai_configuration.delete_ai_model: 未按 23502 的 table_name/column_name 做本地 mapper；HTTP 异常进入 errors.py:76-79，全局 worker/内部路径仅失败,23502 当前 HTTP owner 全局 409 REVISION_CONFLICT / 数据约束冲突（不泄漏 DB）,ai_models.channel_id 缺失应由 contract-decision 批准字段级 4xx；未知 23502 default500，不能伪装 revision,ai_configuration.create_ai_model; ai_configuration.update_ai_model; ai_configuration.test_ai_model; ai_configuration.set_model_enabled; ai_configuration.delete_ai_model 的直接 command 顶层 Session（由 owner 负责 flush/commit/rollback）,真实 PostgreSQL NOT NULL sentinel：not_null:ai_models.channel_id；仅覆盖直接 owner ai_configuration.create_ai_model; ai_configuration.update_ai_model; ai_configuration.test_ai_model; ai_configuration.set_model_enabled; ai_configuration.delete_ai_model / operation createAIModel;updateAIModel;testAIModel;enableAIModel;disableAIModel;deleteAIModel；断言 diagnostics/HTTP 或 worker 失败边界、rollback、无 SUCCESS audit
not_null:ai_models.created_at,ai_models,created_at,NOT NULL,"backend/alembic/versions/0009_config_center.py:208-234 ; backend/app/models/ai_generation.py:29-228 ; contracts/database.md:79,437",ai_configuration.create_ai_model; ai_configuration.update_ai_model; ai_configuration.test_ai_model; ai_configuration.set_model_enabled; ai_configuration.delete_ai_model,createAIModel;updateAIModel;testAIModel;enableAIModel;disableAIModel;deleteAIModel,ai_configuration.create_ai_model; ai_configuration.update_ai_model; ai_configuration.test_ai_model; ai_configuration.set_model_enabled; ai_configuration.delete_ai_model: 直接构造/修改为 ai_models.created_at 提供值；未见独立 NOT NULL 预检，DB NOT NULL 是 authority,ai_configuration.create_ai_model; ai_configuration.update_ai_model; ai_configuration.test_ai_model; ai_configuration.set_model_enabled; ai_configuration.delete_ai_model: 未按 23502 的 table_name/column_name 做本地 mapper；HTTP 异常进入 errors.py:76-79，全局 worker/内部路径仅失败,23502 当前 HTTP owner 全局 409 REVISION_CONFLICT / 数据约束冲突（不泄漏 DB）,ai_models.created_at 缺失应由 contract-decision 批准字段级 4xx；未知 23502 default500，不能伪装 revision,ai_configuration.create_ai_model; ai_configuration.update_ai_model; ai_configuration.test_ai_model; ai_configuration.set_model_enabled; ai_configuration.delete_ai_model 的直接 command 顶层 Session（由 owner 负责 flush/commit/rollback）,真实 PostgreSQL NOT NULL sentinel：not_null:ai_models.created_at；仅覆盖直接 owner ai_configuration.create_ai_model; ai_configuration.update_ai_model; ai_configuration.test_ai_model; ai_configuration.set_model_enabled; ai_configuration.delete_ai_model / operation createAIModel;updateAIModel;testAIModel;enableAIModel;disableAIModel;deleteAIModel；断言 diagnostics/HTTP 或 worker 失败边界、rollback、无 SUCCESS audit
not_null:ai_models.created_by,ai_models,created_by,NOT NULL,"backend/alembic/versions/0009_config_center.py:208-234 ; backend/app/models/ai_generation.py:29-228 ; contracts/database.md:79,437",ai_configuration.create_ai_model; ai_configuration.update_ai_model; ai_configuration.test_ai_model; ai_configuration.set_model_enabled; ai_configuration.delete_ai_model,createAIModel;updateAIModel;testAIModel;enableAIModel;disableAIModel;deleteAIModel,ai_configuration.create_ai_model; ai_configuration.update_ai_model; ai_configuration.test_ai_model; ai_configuration.set_model_enabled; ai_configuration.delete_ai_model: 直接构造/修改为 ai_models.created_by 提供值；未见独立 NOT NULL 预检，DB NOT NULL 是 authority,ai_configuration.create_ai_model; ai_configuration.update_ai_model; ai_configuration.test_ai_model; ai_configuration.set_model_enabled; ai_configuration.delete_ai_model: 未按 23502 的 table_name/column_name 做本地 mapper；HTTP 异常进入 errors.py:76-79，全局 worker/内部路径仅失败,23502 当前 HTTP owner 全局 409 REVISION_CONFLICT / 数据约束冲突（不泄漏 DB）,ai_models.created_by 缺失应由 contract-decision 批准字段级 4xx；未知 23502 default500，不能伪装 revision,ai_configuration.create_ai_model; ai_configuration.update_ai_model; ai_configuration.test_ai_model; ai_configuration.set_model_enabled; ai_configuration.delete_ai_model 的直接 command 顶层 Session（由 owner 负责 flush/commit/rollback）,真实 PostgreSQL NOT NULL sentinel：not_null:ai_models.created_by；仅覆盖直接 owner ai_configuration.create_ai_model; ai_configuration.update_ai_model; ai_configuration.test_ai_model; ai_configuration.set_model_enabled; ai_configuration.delete_ai_model / operation createAIModel;updateAIModel;testAIModel;enableAIModel;disableAIModel;deleteAIModel；断言 diagnostics/HTTP 或 worker 失败边界、rollback、无 SUCCESS audit
not_null:ai_models.display_name,ai_models,display_name,NOT NULL,"backend/alembic/versions/0009_config_center.py:208-234 ; backend/app/models/ai_generation.py:29-228 ; contracts/database.md:79,437",ai_configuration.create_ai_model; ai_configuration.update_ai_model; ai_configuration.test_ai_model; ai_configuration.set_model_enabled; ai_configuration.delete_ai_model,createAIModel;updateAIModel;testAIModel;enableAIModel;disableAIModel;deleteAIModel,ai_configuration.create_ai_model; ai_configuration.update_ai_model; ai_configuration.test_ai_model; ai_configuration.set_model_enabled; ai_configuration.delete_ai_model: 直接构造/修改为 ai_models.display_name 提供值；未见独立 NOT NULL 预检，DB NOT NULL 是 authority,ai_configuration.create_ai_model; ai_configuration.update_ai_model; ai_configuration.test_ai_model; ai_configuration.set_model_enabled; ai_configuration.delete_ai_model: 未按 23502 的 table_name/column_name 做本地 mapper；HTTP 异常进入 errors.py:76-79，全局 worker/内部路径仅失败,23502 当前 HTTP owner 全局 409 REVISION_CONFLICT / 数据约束冲突（不泄漏 DB）,ai_models.display_name 缺失应由 contract-decision 批准字段级 4xx；未知 23502 default500，不能伪装 revision,ai_configuration.create_ai_model; ai_configuration.update_ai_model; ai_configuration.test_ai_model; ai_configuration.set_model_enabled; ai_configuration.delete_ai_model 的直接 command 顶层 Session（由 owner 负责 flush/commit/rollback）,真实 PostgreSQL NOT NULL sentinel：not_null:ai_models.display_name；仅覆盖直接 owner ai_configuration.create_ai_model; ai_configuration.update_ai_model; ai_configuration.test_ai_model; ai_configuration.set_model_enabled; ai_configuration.delete_ai_model / operation createAIModel;updateAIModel;testAIModel;enableAIModel;disableAIModel;deleteAIModel；断言 diagnostics/HTTP 或 worker 失败边界、rollback、无 SUCCESS audit
not_null:ai_models.id,ai_models,id,NOT NULL,"backend/alembic/versions/0009_config_center.py:208-234 ; backend/app/models/ai_generation.py:29-228 ; contracts/database.md:79,437",ai_configuration.create_ai_model; ai_configuration.update_ai_model; ai_configuration.test_ai_model; ai_configuration.set_model_enabled; ai_configuration.delete_ai_model,createAIModel;updateAIModel;testAIModel;enableAIModel;disableAIModel;deleteAIModel,ai_configuration.create_ai_model; ai_configuration.update_ai_model; ai_configuration.test_ai_model; ai_configuration.set_model_enabled; ai_configuration.delete_ai_model: 直接构造/修改为 ai_models.id 提供值；未见独立 NOT NULL 预检，DB NOT NULL 是 authority,ai_configuration.create_ai_model; ai_configuration.update_ai_model; ai_configuration.test_ai_model; ai_configuration.set_model_enabled; ai_configuration.delete_ai_model: 未按 23502 的 table_name/column_name 做本地 mapper；HTTP 异常进入 errors.py:76-79，全局 worker/内部路径仅失败,23502 当前 HTTP owner 全局 409 REVISION_CONFLICT / 数据约束冲突（不泄漏 DB）,ai_models.id 缺失应由 contract-decision 批准字段级 4xx；未知 23502 default500，不能伪装 revision,ai_configuration.create_ai_model; ai_configuration.update_ai_model; ai_configuration.test_ai_model; ai_configuration.set_model_enabled; ai_configuration.delete_ai_model 的直接 command 顶层 Session（由 owner 负责 flush/commit/rollback）,真实 PostgreSQL NOT NULL sentinel：not_null:ai_models.id；仅覆盖直接 owner ai_configuration.create_ai_model; ai_configuration.update_ai_model; ai_configuration.test_ai_model; ai_configuration.set_model_enabled; ai_configuration.delete_ai_model / operation createAIModel;updateAIModel;testAIModel;enableAIModel;disableAIModel;deleteAIModel；断言 diagnostics/HTTP 或 worker 失败边界、rollback、无 SUCCESS audit
not_null:ai_models.is_enabled,ai_models,is_enabled,NOT NULL,"backend/alembic/versions/0009_config_center.py:208-234 ; backend/app/models/ai_generation.py:29-228 ; contracts/database.md:79,437",ai_configuration.create_ai_model; ai_configuration.update_ai_model; ai_configuration.test_ai_model; ai_configuration.set_model_enabled; ai_configuration.delete_ai_model,createAIModel;updateAIModel;testAIModel;enableAIModel;disableAIModel;deleteAIModel,ai_configuration.create_ai_model; ai_configuration.update_ai_model; ai_configuration.test_ai_model; ai_configuration.set_model_enabled; ai_configuration.delete_ai_model: 直接构造/修改为 ai_models.is_enabled 提供值；未见独立 NOT NULL 预检，DB NOT NULL 是 authority,ai_configuration.create_ai_model; ai_configuration.update_ai_model; ai_configuration.test_ai_model; ai_configuration.set_model_enabled; ai_configuration.delete_ai_model: 未按 23502 的 table_name/column_name 做本地 mapper；HTTP 异常进入 errors.py:76-79，全局 worker/内部路径仅失败,23502 当前 HTTP owner 全局 409 REVISION_CONFLICT / 数据约束冲突（不泄漏 DB）,ai_models.is_enabled 缺失应由 contract-decision 批准字段级 4xx；未知 23502 default500，不能伪装 revision,ai_configuration.create_ai_model; ai_configuration.update_ai_model; ai_configuration.test_ai_model; ai_configuration.set_model_enabled; ai_configuration.delete_ai_model 的直接 command 顶层 Session（由 owner 负责 flush/commit/rollback）,真实 PostgreSQL NOT NULL sentinel：not_null:ai_models.is_enabled；仅覆盖直接 owner ai_configuration.create_ai_model; ai_configuration.update_ai_model; ai_configuration.test_ai_model; ai_configuration.set_model_enabled; ai_configuration.delete_ai_model / operation createAIModel;updateAIModel;testAIModel;enableAIModel;disableAIModel;deleteAIModel；断言 diagnostics/HTTP 或 worker 失败边界、rollback、无 SUCCESS audit
not_null:ai_models.model_id,ai_models,model_id,NOT NULL,"backend/alembic/versions/0009_config_center.py:208-234 ; backend/app/models/ai_generation.py:29-228 ; contracts/database.md:79,437",ai_configuration.create_ai_model; ai_configuration.update_ai_model; ai_configuration.test_ai_model; ai_configuration.set_model_enabled; ai_configuration.delete_ai_model,createAIModel;updateAIModel;testAIModel;enableAIModel;disableAIModel;deleteAIModel,ai_configuration.create_ai_model; ai_configuration.update_ai_model; ai_configuration.test_ai_model; ai_configuration.set_model_enabled; ai_configuration.delete_ai_model: 直接构造/修改为 ai_models.model_id 提供值；未见独立 NOT NULL 预检，DB NOT NULL 是 authority,ai_configuration.create_ai_model; ai_configuration.update_ai_model; ai_configuration.test_ai_model; ai_configuration.set_model_enabled; ai_configuration.delete_ai_model: 未按 23502 的 table_name/column_name 做本地 mapper；HTTP 异常进入 errors.py:76-79，全局 worker/内部路径仅失败,23502 当前 HTTP owner 全局 409 REVISION_CONFLICT / 数据约束冲突（不泄漏 DB）,ai_models.model_id 缺失应由 contract-decision 批准字段级 4xx；未知 23502 default500，不能伪装 revision,ai_configuration.create_ai_model; ai_configuration.update_ai_model; ai_configuration.test_ai_model; ai_configuration.set_model_enabled; ai_configuration.delete_ai_model 的直接 command 顶层 Session（由 owner 负责 flush/commit/rollback）,真实 PostgreSQL NOT NULL sentinel：not_null:ai_models.model_id；仅覆盖直接 owner ai_configuration.create_ai_model; ai_configuration.update_ai_model; ai_configuration.test_ai_model; ai_configuration.set_model_enabled; ai_configuration.delete_ai_model / operation createAIModel;updateAIModel;testAIModel;enableAIModel;disableAIModel;deleteAIModel；断言 diagnostics/HTTP 或 worker 失败边界、rollback、无 SUCCESS audit
not_null:ai_models.request_parameters,ai_models,request_parameters,NOT NULL,"backend/alembic/versions/0009_config_center.py:208-234 ; backend/app/models/ai_generation.py:29-228 ; contracts/database.md:79,437",ai_configuration.create_ai_model; ai_configuration.update_ai_model; ai_configuration.test_ai_model; ai_configuration.set_model_enabled; ai_configuration.delete_ai_model,createAIModel;updateAIModel;testAIModel;enableAIModel;disableAIModel;deleteAIModel,ai_configuration.create_ai_model; ai_configuration.update_ai_model; ai_configuration.test_ai_model; ai_configuration.set_model_enabled; ai_configuration.delete_ai_model: 直接构造/修改为 ai_models.request_parameters 提供值；未见独立 NOT NULL 预检，DB NOT NULL 是 authority,ai_configuration.create_ai_model; ai_configuration.update_ai_model; ai_configuration.test_ai_model; ai_configuration.set_model_enabled; ai_configuration.delete_ai_model: 未按 23502 的 table_name/column_name 做本地 mapper；HTTP 异常进入 errors.py:76-79，全局 worker/内部路径仅失败,23502 当前 HTTP owner 全局 409 REVISION_CONFLICT / 数据约束冲突（不泄漏 DB）,ai_models.request_parameters 缺失应由 contract-decision 批准字段级 4xx；未知 23502 default500，不能伪装 revision,ai_configuration.create_ai_model; ai_configuration.update_ai_model; ai_configuration.test_ai_model; ai_configuration.set_model_enabled; ai_configuration.delete_ai_model 的直接 command 顶层 Session（由 owner 负责 flush/commit/rollback）,真实 PostgreSQL NOT NULL sentinel：not_null:ai_models.request_parameters；仅覆盖直接 owner ai_configuration.create_ai_model; ai_configuration.update_ai_model; ai_configuration.test_ai_model; ai_configuration.set_model_enabled; ai_configuration.delete_ai_model / operation createAIModel;updateAIModel;testAIModel;enableAIModel;disableAIModel;deleteAIModel；断言 diagnostics/HTTP 或 worker 失败边界、rollback、无 SUCCESS audit
not_null:ai_models.revision,ai_models,revision,NOT NULL,"backend/alembic/versions/0009_config_center.py:208-234 ; backend/app/models/ai_generation.py:29-228 ; contracts/database.md:79,437",ai_configuration.create_ai_model; ai_configuration.update_ai_model; ai_configuration.test_ai_model; ai_configuration.set_model_enabled; ai_configuration.delete_ai_model,createAIModel;updateAIModel;testAIModel;enableAIModel;disableAIModel;deleteAIModel,ai_configuration.create_ai_model; ai_configuration.update_ai_model; ai_configuration.test_ai_model; ai_configuration.set_model_enabled; ai_configuration.delete_ai_model: 直接构造/修改为 ai_models.revision 提供值；未见独立 NOT NULL 预检，DB NOT NULL 是 authority,ai_configuration.create_ai_model; ai_configuration.update_ai_model; ai_configuration.test_ai_model; ai_configuration.set_model_enabled; ai_configuration.delete_ai_model: 未按 23502 的 table_name/column_name 做本地 mapper；HTTP 异常进入 errors.py:76-79，全局 worker/内部路径仅失败,23502 当前 HTTP owner 全局 409 REVISION_CONFLICT / 数据约束冲突（不泄漏 DB）,ai_models.revision 缺失应由 contract-decision 批准字段级 4xx；未知 23502 default500，不能伪装 revision,ai_configuration.create_ai_model; ai_configuration.update_ai_model; ai_configuration.test_ai_model; ai_configuration.set_model_enabled; ai_configuration.delete_ai_model 的直接 command 顶层 Session（由 owner 负责 flush/commit/rollback）,真实 PostgreSQL NOT NULL sentinel：not_null:ai_models.revision；仅覆盖直接 owner ai_configuration.create_ai_model; ai_configuration.update_ai_model; ai_configuration.test_ai_model; ai_configuration.set_model_enabled; ai_configuration.delete_ai_model / operation createAIModel;updateAIModel;testAIModel;enableAIModel;disableAIModel;deleteAIModel；断言 diagnostics/HTTP 或 worker 失败边界、rollback、无 SUCCESS audit
not_null:ai_models.test_status,ai_models,test_status,NOT NULL,"backend/alembic/versions/0009_config_center.py:208-234 ; backend/app/models/ai_generation.py:29-228 ; contracts/database.md:79,437",ai_configuration.create_ai_model; ai_configuration.update_ai_model; ai_configuration.test_ai_model; ai_configuration.set_model_enabled; ai_configuration.delete_ai_model,createAIModel;updateAIModel;testAIModel;enableAIModel;disableAIModel;deleteAIModel,ai_configuration.create_ai_model; ai_configuration.update_ai_model; ai_configuration.test_ai_model; ai_configuration.set_model_enabled; ai_configuration.delete_ai_model: 直接构造/修改为 ai_models.test_status 提供值；未见独立 NOT NULL 预检，DB NOT NULL 是 authority,ai_configuration.create_ai_model; ai_configuration.update_ai_model; ai_configuration.test_ai_model; ai_configuration.set_model_enabled; ai_configuration.delete_ai_model: 未按 23502 的 table_name/column_name 做本地 mapper；HTTP 异常进入 errors.py:76-79，全局 worker/内部路径仅失败,23502 当前 HTTP owner 全局 409 REVISION_CONFLICT / 数据约束冲突（不泄漏 DB）,ai_models.test_status 缺失应由 contract-decision 批准字段级 4xx；未知 23502 default500，不能伪装 revision,ai_configuration.create_ai_model; ai_configuration.update_ai_model; ai_configuration.test_ai_model; ai_configuration.set_model_enabled; ai_configuration.delete_ai_model 的直接 command 顶层 Session（由 owner 负责 flush/commit/rollback）,真实 PostgreSQL NOT NULL sentinel：not_null:ai_models.test_status；仅覆盖直接 owner ai_configuration.create_ai_model; ai_configuration.update_ai_model; ai_configuration.test_ai_model; ai_configuration.set_model_enabled; ai_configuration.delete_ai_model / operation createAIModel;updateAIModel;testAIModel;enableAIModel;disableAIModel;deleteAIModel；断言 diagnostics/HTTP 或 worker 失败边界、rollback、无 SUCCESS audit
not_null:ai_models.updated_at,ai_models,updated_at,NOT NULL,"backend/alembic/versions/0009_config_center.py:208-234 ; backend/app/models/ai_generation.py:29-228 ; contracts/database.md:79,437",ai_configuration.create_ai_model; ai_configuration.update_ai_model; ai_configuration.test_ai_model; ai_configuration.set_model_enabled; ai_configuration.delete_ai_model,createAIModel;updateAIModel;testAIModel;enableAIModel;disableAIModel;deleteAIModel,ai_configuration.create_ai_model; ai_configuration.update_ai_model; ai_configuration.test_ai_model; ai_configuration.set_model_enabled; ai_configuration.delete_ai_model: 直接构造/修改为 ai_models.updated_at 提供值；未见独立 NOT NULL 预检，DB NOT NULL 是 authority,ai_configuration.create_ai_model; ai_configuration.update_ai_model; ai_configuration.test_ai_model; ai_configuration.set_model_enabled; ai_configuration.delete_ai_model: 未按 23502 的 table_name/column_name 做本地 mapper；HTTP 异常进入 errors.py:76-79，全局 worker/内部路径仅失败,23502 当前 HTTP owner 全局 409 REVISION_CONFLICT / 数据约束冲突（不泄漏 DB）,ai_models.updated_at 缺失应由 contract-decision 批准字段级 4xx；未知 23502 default500，不能伪装 revision,ai_configuration.create_ai_model; ai_configuration.update_ai_model; ai_configuration.test_ai_model; ai_configuration.set_model_enabled; ai_configuration.delete_ai_model 的直接 command 顶层 Session（由 owner 负责 flush/commit/rollback）,真实 PostgreSQL NOT NULL sentinel：not_null:ai_models.updated_at；仅覆盖直接 owner ai_configuration.create_ai_model; ai_configuration.update_ai_model; ai_configuration.test_ai_model; ai_configuration.set_model_enabled; ai_configuration.delete_ai_model / operation createAIModel;updateAIModel;testAIModel;enableAIModel;disableAIModel;deleteAIModel；断言 diagnostics/HTTP 或 worker 失败边界、rollback、无 SUCCESS audit
not_null:audit_logs.action,audit_logs,action,NOT NULL,"backend/alembic/versions/0001_identity_audit.py:1-120 ; backend/app/models/identity.py:28-112 ; contracts/database.md:203-211,337,460","app.audit.append_audit（间接 writer）← identity.export_users@272, identity.change_password@360, identity.create_user@399, identity.update_user/bulk_update_user_status→identity._update_user_locked@431, identity.delete_user@597, identity.reset_user_password@652, product_facts.create_product@395, product_facts.update_product@427, product_facts.delete_product@488, product_facts.delete_fact_version@560, review.transition_fact_version@283, review.transition_content_version@340, content_production.delete_content_draft@817, content_planning.create_query_topic@197, content_planning.update_query_topic@226, content_planning.delete_query_topic@264, platform_configuration.set_platform_profile_enabled@343, platform_configuration.delete_platform_type@502, platform_configuration.create_platform_prompt@615, platform_configuration.update_platform_prompt@656, platform_configuration.put_content_humanization_prompt@745, platform_configuration.delete_platform_prompt@795, platform_configuration.delete_platform_profile@903, ai_configuration.create_ai_channel@461, ai_configuration.delete_ai_channel@511, ai_configuration.create_ai_channel_header@542, ai_configuration.update_ai_channel_header@591, ai_configuration.delete_ai_channel_header@641, ai_configuration.create_ai_model@680, ai_configuration.delete_ai_model@718, ai_configuration.update_ai_channel@748, ai_configuration.replace_ai_channel_api_key@802, ai_configuration.set_channel_enabled@838, ai_configuration.update_ai_model@881, ai_configuration.set_model_enabled@1020, publication.delete_platform_account@336, publication.verify_publication_work@716, publication.permanently_delete_published_article@1097, publication.delete_content_task@1533, publication.permanently_delete_content_task@1590, geo_observation.delete_geo_observation@2557",exportUsers;changePassword;createUser;updateUser;bulkUpdateUserStatus;deleteUser;resetUserPassword;createQueryTopic;updateQueryTopic;deleteQueryTopic;createProduct;updateProduct;deleteProduct;deleteFactVersion;approveFactVersion;approveContentVersion;deleteContentDraft;deleteGeoObservation;enablePlatformProfile;disablePlatformProfile;deletePlatformType;createPlatformPrompt;updatePlatformPrompt;putContentHumanizationPrompt;deletePlatformPrompt;deletePlatformProfile;createAIChannel;deleteAIChannel;createAIChannelHeader;updateAIChannelHeader;deleteAIChannelHeader;createAIModel;deleteAIModel;updateAIChannel;replaceAIChannelApiKey;enableAIChannel;disableAIChannel;updateAIModel;enableAIModel;disableAIModel;deletePlatformAccount;verifyPublicationWork;permanentlyDeletePublishedArticle;deleteContentTask;permanentlyDeleteContentTask,append_audit.validate_audit_entry@audit.py:72-139 校验字段/敏感信息；db.add 后由上述 caller commit，DB constraint 仍是 authority,app.audit.append_audit 仅间接 db.add，不 flush/commit；各 caller 无 audit constraint 专用 catch，异常进入 errors.py:76-79 全局 handler,列出的 HTTP caller 当前未捕获 audit constraint 异常，统一返回 409 REVISION_CONFLICT / 数据约束冲突；无独立 worker caller,audit constraint 失败不应伪装 revision；需 contract-decision required，未知 default500，禁止泄漏 audit/DB details,列出的各 HTTP service caller 顶层 Session；app.audit.append_audit 是间接 writer，不拥有事务,真实 PostgreSQL NOT NULL sentinel：not_null:audit_logs.action；从真实 caller 调用 append_audit 并 commit；断言 diagnostics/HTTP 结果、rollback、无 SUCCESS audit
not_null:audit_logs.business_module,audit_logs,business_module,NOT NULL,"backend/alembic/versions/0001_identity_audit.py:1-120 ; backend/app/models/identity.py:28-112 ; contracts/database.md:203-211,337,460","app.audit.append_audit（间接 writer）← identity.export_users@272, identity.change_password@360, identity.create_user@399, identity.update_user/bulk_update_user_status→identity._update_user_locked@431, identity.delete_user@597, identity.reset_user_password@652, product_facts.create_product@395, product_facts.update_product@427, product_facts.delete_product@488, product_facts.delete_fact_version@560, review.transition_fact_version@283, review.transition_content_version@340, content_production.delete_content_draft@817, content_planning.create_query_topic@197, content_planning.update_query_topic@226, content_planning.delete_query_topic@264, platform_configuration.set_platform_profile_enabled@343, platform_configuration.delete_platform_type@502, platform_configuration.create_platform_prompt@615, platform_configuration.update_platform_prompt@656, platform_configuration.put_content_humanization_prompt@745, platform_configuration.delete_platform_prompt@795, platform_configuration.delete_platform_profile@903, ai_configuration.create_ai_channel@461, ai_configuration.delete_ai_channel@511, ai_configuration.create_ai_channel_header@542, ai_configuration.update_ai_channel_header@591, ai_configuration.delete_ai_channel_header@641, ai_configuration.create_ai_model@680, ai_configuration.delete_ai_model@718, ai_configuration.update_ai_channel@748, ai_configuration.replace_ai_channel_api_key@802, ai_configuration.set_channel_enabled@838, ai_configuration.update_ai_model@881, ai_configuration.set_model_enabled@1020, publication.delete_platform_account@336, publication.verify_publication_work@716, publication.permanently_delete_published_article@1097, publication.delete_content_task@1533, publication.permanently_delete_content_task@1590, geo_observation.delete_geo_observation@2557",exportUsers;changePassword;createUser;updateUser;bulkUpdateUserStatus;deleteUser;resetUserPassword;createQueryTopic;updateQueryTopic;deleteQueryTopic;createProduct;updateProduct;deleteProduct;deleteFactVersion;approveFactVersion;approveContentVersion;deleteContentDraft;deleteGeoObservation;enablePlatformProfile;disablePlatformProfile;deletePlatformType;createPlatformPrompt;updatePlatformPrompt;putContentHumanizationPrompt;deletePlatformPrompt;deletePlatformProfile;createAIChannel;deleteAIChannel;createAIChannelHeader;updateAIChannelHeader;deleteAIChannelHeader;createAIModel;deleteAIModel;updateAIChannel;replaceAIChannelApiKey;enableAIChannel;disableAIChannel;updateAIModel;enableAIModel;disableAIModel;deletePlatformAccount;verifyPublicationWork;permanentlyDeletePublishedArticle;deleteContentTask;permanentlyDeleteContentTask,append_audit.validate_audit_entry@audit.py:72-139 校验字段/敏感信息；db.add 后由上述 caller commit，DB constraint 仍是 authority,app.audit.append_audit 仅间接 db.add，不 flush/commit；各 caller 无 audit constraint 专用 catch，异常进入 errors.py:76-79 全局 handler,列出的 HTTP caller 当前未捕获 audit constraint 异常，统一返回 409 REVISION_CONFLICT / 数据约束冲突；无独立 worker caller,audit constraint 失败不应伪装 revision；需 contract-decision required，未知 default500，禁止泄漏 audit/DB details,列出的各 HTTP service caller 顶层 Session；app.audit.append_audit 是间接 writer，不拥有事务,真实 PostgreSQL NOT NULL sentinel：not_null:audit_logs.business_module；从真实 caller 调用 append_audit 并 commit；断言 diagnostics/HTTP 结果、rollback、无 SUCCESS audit
not_null:audit_logs.created_at,audit_logs,created_at,NOT NULL,"backend/alembic/versions/0001_identity_audit.py:1-120 ; backend/app/models/identity.py:28-112 ; contracts/database.md:203-211,337,460","app.audit.append_audit（间接 writer）← identity.export_users@272, identity.change_password@360, identity.create_user@399, identity.update_user/bulk_update_user_status→identity._update_user_locked@431, identity.delete_user@597, identity.reset_user_password@652, product_facts.create_product@395, product_facts.update_product@427, product_facts.delete_product@488, product_facts.delete_fact_version@560, review.transition_fact_version@283, review.transition_content_version@340, content_production.delete_content_draft@817, content_planning.create_query_topic@197, content_planning.update_query_topic@226, content_planning.delete_query_topic@264, platform_configuration.set_platform_profile_enabled@343, platform_configuration.delete_platform_type@502, platform_configuration.create_platform_prompt@615, platform_configuration.update_platform_prompt@656, platform_configuration.put_content_humanization_prompt@745, platform_configuration.delete_platform_prompt@795, platform_configuration.delete_platform_profile@903, ai_configuration.create_ai_channel@461, ai_configuration.delete_ai_channel@511, ai_configuration.create_ai_channel_header@542, ai_configuration.update_ai_channel_header@591, ai_configuration.delete_ai_channel_header@641, ai_configuration.create_ai_model@680, ai_configuration.delete_ai_model@718, ai_configuration.update_ai_channel@748, ai_configuration.replace_ai_channel_api_key@802, ai_configuration.set_channel_enabled@838, ai_configuration.update_ai_model@881, ai_configuration.set_model_enabled@1020, publication.delete_platform_account@336, publication.verify_publication_work@716, publication.permanently_delete_published_article@1097, publication.delete_content_task@1533, publication.permanently_delete_content_task@1590, geo_observation.delete_geo_observation@2557",exportUsers;changePassword;createUser;updateUser;bulkUpdateUserStatus;deleteUser;resetUserPassword;createQueryTopic;updateQueryTopic;deleteQueryTopic;createProduct;updateProduct;deleteProduct;deleteFactVersion;approveFactVersion;approveContentVersion;deleteContentDraft;deleteGeoObservation;enablePlatformProfile;disablePlatformProfile;deletePlatformType;createPlatformPrompt;updatePlatformPrompt;putContentHumanizationPrompt;deletePlatformPrompt;deletePlatformProfile;createAIChannel;deleteAIChannel;createAIChannelHeader;updateAIChannelHeader;deleteAIChannelHeader;createAIModel;deleteAIModel;updateAIChannel;replaceAIChannelApiKey;enableAIChannel;disableAIChannel;updateAIModel;enableAIModel;disableAIModel;deletePlatformAccount;verifyPublicationWork;permanentlyDeletePublishedArticle;deleteContentTask;permanentlyDeleteContentTask,append_audit.validate_audit_entry@audit.py:72-139 校验字段/敏感信息；db.add 后由上述 caller commit，DB constraint 仍是 authority,app.audit.append_audit 仅间接 db.add，不 flush/commit；各 caller 无 audit constraint 专用 catch，异常进入 errors.py:76-79 全局 handler,列出的 HTTP caller 当前未捕获 audit constraint 异常，统一返回 409 REVISION_CONFLICT / 数据约束冲突；无独立 worker caller,audit constraint 失败不应伪装 revision；需 contract-decision required，未知 default500，禁止泄漏 audit/DB details,列出的各 HTTP service caller 顶层 Session；app.audit.append_audit 是间接 writer，不拥有事务,真实 PostgreSQL NOT NULL sentinel：not_null:audit_logs.created_at；从真实 caller 调用 append_audit 并 commit；断言 diagnostics/HTTP 结果、rollback、无 SUCCESS audit
not_null:audit_logs.details,audit_logs,details,NOT NULL,"backend/alembic/versions/0001_identity_audit.py:1-120 ; backend/app/models/identity.py:28-112 ; contracts/database.md:203-211,337,460","app.audit.append_audit（间接 writer）← identity.export_users@272, identity.change_password@360, identity.create_user@399, identity.update_user/bulk_update_user_status→identity._update_user_locked@431, identity.delete_user@597, identity.reset_user_password@652, product_facts.create_product@395, product_facts.update_product@427, product_facts.delete_product@488, product_facts.delete_fact_version@560, review.transition_fact_version@283, review.transition_content_version@340, content_production.delete_content_draft@817, content_planning.create_query_topic@197, content_planning.update_query_topic@226, content_planning.delete_query_topic@264, platform_configuration.set_platform_profile_enabled@343, platform_configuration.delete_platform_type@502, platform_configuration.create_platform_prompt@615, platform_configuration.update_platform_prompt@656, platform_configuration.put_content_humanization_prompt@745, platform_configuration.delete_platform_prompt@795, platform_configuration.delete_platform_profile@903, ai_configuration.create_ai_channel@461, ai_configuration.delete_ai_channel@511, ai_configuration.create_ai_channel_header@542, ai_configuration.update_ai_channel_header@591, ai_configuration.delete_ai_channel_header@641, ai_configuration.create_ai_model@680, ai_configuration.delete_ai_model@718, ai_configuration.update_ai_channel@748, ai_configuration.replace_ai_channel_api_key@802, ai_configuration.set_channel_enabled@838, ai_configuration.update_ai_model@881, ai_configuration.set_model_enabled@1020, publication.delete_platform_account@336, publication.verify_publication_work@716, publication.permanently_delete_published_article@1097, publication.delete_content_task@1533, publication.permanently_delete_content_task@1590, geo_observation.delete_geo_observation@2557",exportUsers;changePassword;createUser;updateUser;bulkUpdateUserStatus;deleteUser;resetUserPassword;createQueryTopic;updateQueryTopic;deleteQueryTopic;createProduct;updateProduct;deleteProduct;deleteFactVersion;approveFactVersion;approveContentVersion;deleteContentDraft;deleteGeoObservation;enablePlatformProfile;disablePlatformProfile;deletePlatformType;createPlatformPrompt;updatePlatformPrompt;putContentHumanizationPrompt;deletePlatformPrompt;deletePlatformProfile;createAIChannel;deleteAIChannel;createAIChannelHeader;updateAIChannelHeader;deleteAIChannelHeader;createAIModel;deleteAIModel;updateAIChannel;replaceAIChannelApiKey;enableAIChannel;disableAIChannel;updateAIModel;enableAIModel;disableAIModel;deletePlatformAccount;verifyPublicationWork;permanentlyDeletePublishedArticle;deleteContentTask;permanentlyDeleteContentTask,append_audit.validate_audit_entry@audit.py:72-139 校验字段/敏感信息；db.add 后由上述 caller commit，DB constraint 仍是 authority,app.audit.append_audit 仅间接 db.add，不 flush/commit；各 caller 无 audit constraint 专用 catch，异常进入 errors.py:76-79 全局 handler,列出的 HTTP caller 当前未捕获 audit constraint 异常，统一返回 409 REVISION_CONFLICT / 数据约束冲突；无独立 worker caller,audit constraint 失败不应伪装 revision；需 contract-decision required，未知 default500，禁止泄漏 audit/DB details,列出的各 HTTP service caller 顶层 Session；app.audit.append_audit 是间接 writer，不拥有事务,真实 PostgreSQL NOT NULL sentinel：not_null:audit_logs.details；从真实 caller 调用 append_audit 并 commit；断言 diagnostics/HTTP 结果、rollback、无 SUCCESS audit
not_null:audit_logs.id,audit_logs,id,NOT NULL,"backend/alembic/versions/0001_identity_audit.py:1-120 ; backend/app/models/identity.py:28-112 ; contracts/database.md:203-211,337,460","app.audit.append_audit（间接 writer）← identity.export_users@272, identity.change_password@360, identity.create_user@399, identity.update_user/bulk_update_user_status→identity._update_user_locked@431, identity.delete_user@597, identity.reset_user_password@652, product_facts.create_product@395, product_facts.update_product@427, product_facts.delete_product@488, product_facts.delete_fact_version@560, review.transition_fact_version@283, review.transition_content_version@340, content_production.delete_content_draft@817, content_planning.create_query_topic@197, content_planning.update_query_topic@226, content_planning.delete_query_topic@264, platform_configuration.set_platform_profile_enabled@343, platform_configuration.delete_platform_type@502, platform_configuration.create_platform_prompt@615, platform_configuration.update_platform_prompt@656, platform_configuration.put_content_humanization_prompt@745, platform_configuration.delete_platform_prompt@795, platform_configuration.delete_platform_profile@903, ai_configuration.create_ai_channel@461, ai_configuration.delete_ai_channel@511, ai_configuration.create_ai_channel_header@542, ai_configuration.update_ai_channel_header@591, ai_configuration.delete_ai_channel_header@641, ai_configuration.create_ai_model@680, ai_configuration.delete_ai_model@718, ai_configuration.update_ai_channel@748, ai_configuration.replace_ai_channel_api_key@802, ai_configuration.set_channel_enabled@838, ai_configuration.update_ai_model@881, ai_configuration.set_model_enabled@1020, publication.delete_platform_account@336, publication.verify_publication_work@716, publication.permanently_delete_published_article@1097, publication.delete_content_task@1533, publication.permanently_delete_content_task@1590, geo_observation.delete_geo_observation@2557",exportUsers;changePassword;createUser;updateUser;bulkUpdateUserStatus;deleteUser;resetUserPassword;createQueryTopic;updateQueryTopic;deleteQueryTopic;createProduct;updateProduct;deleteProduct;deleteFactVersion;approveFactVersion;approveContentVersion;deleteContentDraft;deleteGeoObservation;enablePlatformProfile;disablePlatformProfile;deletePlatformType;createPlatformPrompt;updatePlatformPrompt;putContentHumanizationPrompt;deletePlatformPrompt;deletePlatformProfile;createAIChannel;deleteAIChannel;createAIChannelHeader;updateAIChannelHeader;deleteAIChannelHeader;createAIModel;deleteAIModel;updateAIChannel;replaceAIChannelApiKey;enableAIChannel;disableAIChannel;updateAIModel;enableAIModel;disableAIModel;deletePlatformAccount;verifyPublicationWork;permanentlyDeletePublishedArticle;deleteContentTask;permanentlyDeleteContentTask,append_audit.validate_audit_entry@audit.py:72-139 校验字段/敏感信息；db.add 后由上述 caller commit，DB constraint 仍是 authority,app.audit.append_audit 仅间接 db.add，不 flush/commit；各 caller 无 audit constraint 专用 catch，异常进入 errors.py:76-79 全局 handler,列出的 HTTP caller 当前未捕获 audit constraint 异常，统一返回 409 REVISION_CONFLICT / 数据约束冲突；无独立 worker caller,audit constraint 失败不应伪装 revision；需 contract-decision required，未知 default500，禁止泄漏 audit/DB details,列出的各 HTTP service caller 顶层 Session；app.audit.append_audit 是间接 writer，不拥有事务,真实 PostgreSQL NOT NULL sentinel：not_null:audit_logs.id；从真实 caller 调用 append_audit 并 commit；断言 diagnostics/HTTP 结果、rollback、无 SUCCESS audit
not_null:audit_logs.outcome,audit_logs,outcome,NOT NULL,"backend/alembic/versions/0001_identity_audit.py:1-120 ; backend/app/models/identity.py:28-112 ; contracts/database.md:203-211,337,460","app.audit.append_audit（间接 writer）← identity.export_users@272, identity.change_password@360, identity.create_user@399, identity.update_user/bulk_update_user_status→identity._update_user_locked@431, identity.delete_user@597, identity.reset_user_password@652, product_facts.create_product@395, product_facts.update_product@427, product_facts.delete_product@488, product_facts.delete_fact_version@560, review.transition_fact_version@283, review.transition_content_version@340, content_production.delete_content_draft@817, content_planning.create_query_topic@197, content_planning.update_query_topic@226, content_planning.delete_query_topic@264, platform_configuration.set_platform_profile_enabled@343, platform_configuration.delete_platform_type@502, platform_configuration.create_platform_prompt@615, platform_configuration.update_platform_prompt@656, platform_configuration.put_content_humanization_prompt@745, platform_configuration.delete_platform_prompt@795, platform_configuration.delete_platform_profile@903, ai_configuration.create_ai_channel@461, ai_configuration.delete_ai_channel@511, ai_configuration.create_ai_channel_header@542, ai_configuration.update_ai_channel_header@591, ai_configuration.delete_ai_channel_header@641, ai_configuration.create_ai_model@680, ai_configuration.delete_ai_model@718, ai_configuration.update_ai_channel@748, ai_configuration.replace_ai_channel_api_key@802, ai_configuration.set_channel_enabled@838, ai_configuration.update_ai_model@881, ai_configuration.set_model_enabled@1020, publication.delete_platform_account@336, publication.verify_publication_work@716, publication.permanently_delete_published_article@1097, publication.delete_content_task@1533, publication.permanently_delete_content_task@1590, geo_observation.delete_geo_observation@2557",exportUsers;changePassword;createUser;updateUser;bulkUpdateUserStatus;deleteUser;resetUserPassword;createQueryTopic;updateQueryTopic;deleteQueryTopic;createProduct;updateProduct;deleteProduct;deleteFactVersion;approveFactVersion;approveContentVersion;deleteContentDraft;deleteGeoObservation;enablePlatformProfile;disablePlatformProfile;deletePlatformType;createPlatformPrompt;updatePlatformPrompt;putContentHumanizationPrompt;deletePlatformPrompt;deletePlatformProfile;createAIChannel;deleteAIChannel;createAIChannelHeader;updateAIChannelHeader;deleteAIChannelHeader;createAIModel;deleteAIModel;updateAIChannel;replaceAIChannelApiKey;enableAIChannel;disableAIChannel;updateAIModel;enableAIModel;disableAIModel;deletePlatformAccount;verifyPublicationWork;permanentlyDeletePublishedArticle;deleteContentTask;permanentlyDeleteContentTask,append_audit.validate_audit_entry@audit.py:72-139 校验字段/敏感信息；db.add 后由上述 caller commit，DB constraint 仍是 authority,app.audit.append_audit 仅间接 db.add，不 flush/commit；各 caller 无 audit constraint 专用 catch，异常进入 errors.py:76-79 全局 handler,列出的 HTTP caller 当前未捕获 audit constraint 异常，统一返回 409 REVISION_CONFLICT / 数据约束冲突；无独立 worker caller,audit constraint 失败不应伪装 revision；需 contract-decision required，未知 default500，禁止泄漏 audit/DB details,列出的各 HTTP service caller 顶层 Session；app.audit.append_audit 是间接 writer，不拥有事务,真实 PostgreSQL NOT NULL sentinel：not_null:audit_logs.outcome；从真实 caller 调用 append_audit 并 commit；断言 diagnostics/HTTP 结果、rollback、无 SUCCESS audit
not_null:audit_logs.request_id,audit_logs,request_id,NOT NULL,"backend/alembic/versions/0001_identity_audit.py:1-120 ; backend/app/models/identity.py:28-112 ; contracts/database.md:203-211,337,460","app.audit.append_audit（间接 writer）← identity.export_users@272, identity.change_password@360, identity.create_user@399, identity.update_user/bulk_update_user_status→identity._update_user_locked@431, identity.delete_user@597, identity.reset_user_password@652, product_facts.create_product@395, product_facts.update_product@427, product_facts.delete_product@488, product_facts.delete_fact_version@560, review.transition_fact_version@283, review.transition_content_version@340, content_production.delete_content_draft@817, content_planning.create_query_topic@197, content_planning.update_query_topic@226, content_planning.delete_query_topic@264, platform_configuration.set_platform_profile_enabled@343, platform_configuration.delete_platform_type@502, platform_configuration.create_platform_prompt@615, platform_configuration.update_platform_prompt@656, platform_configuration.put_content_humanization_prompt@745, platform_configuration.delete_platform_prompt@795, platform_configuration.delete_platform_profile@903, ai_configuration.create_ai_channel@461, ai_configuration.delete_ai_channel@511, ai_configuration.create_ai_channel_header@542, ai_configuration.update_ai_channel_header@591, ai_configuration.delete_ai_channel_header@641, ai_configuration.create_ai_model@680, ai_configuration.delete_ai_model@718, ai_configuration.update_ai_channel@748, ai_configuration.replace_ai_channel_api_key@802, ai_configuration.set_channel_enabled@838, ai_configuration.update_ai_model@881, ai_configuration.set_model_enabled@1020, publication.delete_platform_account@336, publication.verify_publication_work@716, publication.permanently_delete_published_article@1097, publication.delete_content_task@1533, publication.permanently_delete_content_task@1590, geo_observation.delete_geo_observation@2557",exportUsers;changePassword;createUser;updateUser;bulkUpdateUserStatus;deleteUser;resetUserPassword;createQueryTopic;updateQueryTopic;deleteQueryTopic;createProduct;updateProduct;deleteProduct;deleteFactVersion;approveFactVersion;approveContentVersion;deleteContentDraft;deleteGeoObservation;enablePlatformProfile;disablePlatformProfile;deletePlatformType;createPlatformPrompt;updatePlatformPrompt;putContentHumanizationPrompt;deletePlatformPrompt;deletePlatformProfile;createAIChannel;deleteAIChannel;createAIChannelHeader;updateAIChannelHeader;deleteAIChannelHeader;createAIModel;deleteAIModel;updateAIChannel;replaceAIChannelApiKey;enableAIChannel;disableAIChannel;updateAIModel;enableAIModel;disableAIModel;deletePlatformAccount;verifyPublicationWork;permanentlyDeletePublishedArticle;deleteContentTask;permanentlyDeleteContentTask,append_audit.validate_audit_entry@audit.py:72-139 校验字段/敏感信息；db.add 后由上述 caller commit，DB constraint 仍是 authority,app.audit.append_audit 仅间接 db.add，不 flush/commit；各 caller 无 audit constraint 专用 catch，异常进入 errors.py:76-79 全局 handler,列出的 HTTP caller 当前未捕获 audit constraint 异常，统一返回 409 REVISION_CONFLICT / 数据约束冲突；无独立 worker caller,audit constraint 失败不应伪装 revision；需 contract-decision required，未知 default500，禁止泄漏 audit/DB details,列出的各 HTTP service caller 顶层 Session；app.audit.append_audit 是间接 writer，不拥有事务,真实 PostgreSQL NOT NULL sentinel：not_null:audit_logs.request_id；从真实 caller 调用 append_audit 并 commit；断言 diagnostics/HTTP 结果、rollback、无 SUCCESS audit
not_null:audit_logs.result_message,audit_logs,result_message,NOT NULL,"backend/alembic/versions/0001_identity_audit.py:1-120 ; backend/app/models/identity.py:28-112 ; contracts/database.md:203-211,337,460","app.audit.append_audit（间接 writer）← identity.export_users@272, identity.change_password@360, identity.create_user@399, identity.update_user/bulk_update_user_status→identity._update_user_locked@431, identity.delete_user@597, identity.reset_user_password@652, product_facts.create_product@395, product_facts.update_product@427, product_facts.delete_product@488, product_facts.delete_fact_version@560, review.transition_fact_version@283, review.transition_content_version@340, content_production.delete_content_draft@817, content_planning.create_query_topic@197, content_planning.update_query_topic@226, content_planning.delete_query_topic@264, platform_configuration.set_platform_profile_enabled@343, platform_configuration.delete_platform_type@502, platform_configuration.create_platform_prompt@615, platform_configuration.update_platform_prompt@656, platform_configuration.put_content_humanization_prompt@745, platform_configuration.delete_platform_prompt@795, platform_configuration.delete_platform_profile@903, ai_configuration.create_ai_channel@461, ai_configuration.delete_ai_channel@511, ai_configuration.create_ai_channel_header@542, ai_configuration.update_ai_channel_header@591, ai_configuration.delete_ai_channel_header@641, ai_configuration.create_ai_model@680, ai_configuration.delete_ai_model@718, ai_configuration.update_ai_channel@748, ai_configuration.replace_ai_channel_api_key@802, ai_configuration.set_channel_enabled@838, ai_configuration.update_ai_model@881, ai_configuration.set_model_enabled@1020, publication.delete_platform_account@336, publication.verify_publication_work@716, publication.permanently_delete_published_article@1097, publication.delete_content_task@1533, publication.permanently_delete_content_task@1590, geo_observation.delete_geo_observation@2557",exportUsers;changePassword;createUser;updateUser;bulkUpdateUserStatus;deleteUser;resetUserPassword;createQueryTopic;updateQueryTopic;deleteQueryTopic;createProduct;updateProduct;deleteProduct;deleteFactVersion;approveFactVersion;approveContentVersion;deleteContentDraft;deleteGeoObservation;enablePlatformProfile;disablePlatformProfile;deletePlatformType;createPlatformPrompt;updatePlatformPrompt;putContentHumanizationPrompt;deletePlatformPrompt;deletePlatformProfile;createAIChannel;deleteAIChannel;createAIChannelHeader;updateAIChannelHeader;deleteAIChannelHeader;createAIModel;deleteAIModel;updateAIChannel;replaceAIChannelApiKey;enableAIChannel;disableAIChannel;updateAIModel;enableAIModel;disableAIModel;deletePlatformAccount;verifyPublicationWork;permanentlyDeletePublishedArticle;deleteContentTask;permanentlyDeleteContentTask,append_audit.validate_audit_entry@audit.py:72-139 校验字段/敏感信息；db.add 后由上述 caller commit，DB constraint 仍是 authority,app.audit.append_audit 仅间接 db.add，不 flush/commit；各 caller 无 audit constraint 专用 catch，异常进入 errors.py:76-79 全局 handler,列出的 HTTP caller 当前未捕获 audit constraint 异常，统一返回 409 REVISION_CONFLICT / 数据约束冲突；无独立 worker caller,audit constraint 失败不应伪装 revision；需 contract-decision required，未知 default500，禁止泄漏 audit/DB details,列出的各 HTTP service caller 顶层 Session；app.audit.append_audit 是间接 writer，不拥有事务,真实 PostgreSQL NOT NULL sentinel：not_null:audit_logs.result_message；从真实 caller 调用 append_audit 并 commit；断言 diagnostics/HTTP 结果、rollback、无 SUCCESS audit
not_null:audit_logs.target_type,audit_logs,target_type,NOT NULL,"backend/alembic/versions/0001_identity_audit.py:1-120 ; backend/app/models/identity.py:28-112 ; contracts/database.md:203-211,337,460","app.audit.append_audit（间接 writer）← identity.export_users@272, identity.change_password@360, identity.create_user@399, identity.update_user/bulk_update_user_status→identity._update_user_locked@431, identity.delete_user@597, identity.reset_user_password@652, product_facts.create_product@395, product_facts.update_product@427, product_facts.delete_product@488, product_facts.delete_fact_version@560, review.transition_fact_version@283, review.transition_content_version@340, content_production.delete_content_draft@817, content_planning.create_query_topic@197, content_planning.update_query_topic@226, content_planning.delete_query_topic@264, platform_configuration.set_platform_profile_enabled@343, platform_configuration.delete_platform_type@502, platform_configuration.create_platform_prompt@615, platform_configuration.update_platform_prompt@656, platform_configuration.put_content_humanization_prompt@745, platform_configuration.delete_platform_prompt@795, platform_configuration.delete_platform_profile@903, ai_configuration.create_ai_channel@461, ai_configuration.delete_ai_channel@511, ai_configuration.create_ai_channel_header@542, ai_configuration.update_ai_channel_header@591, ai_configuration.delete_ai_channel_header@641, ai_configuration.create_ai_model@680, ai_configuration.delete_ai_model@718, ai_configuration.update_ai_channel@748, ai_configuration.replace_ai_channel_api_key@802, ai_configuration.set_channel_enabled@838, ai_configuration.update_ai_model@881, ai_configuration.set_model_enabled@1020, publication.delete_platform_account@336, publication.verify_publication_work@716, publication.permanently_delete_published_article@1097, publication.delete_content_task@1533, publication.permanently_delete_content_task@1590, geo_observation.delete_geo_observation@2557",exportUsers;changePassword;createUser;updateUser;bulkUpdateUserStatus;deleteUser;resetUserPassword;createQueryTopic;updateQueryTopic;deleteQueryTopic;createProduct;updateProduct;deleteProduct;deleteFactVersion;approveFactVersion;approveContentVersion;deleteContentDraft;deleteGeoObservation;enablePlatformProfile;disablePlatformProfile;deletePlatformType;createPlatformPrompt;updatePlatformPrompt;putContentHumanizationPrompt;deletePlatformPrompt;deletePlatformProfile;createAIChannel;deleteAIChannel;createAIChannelHeader;updateAIChannelHeader;deleteAIChannelHeader;createAIModel;deleteAIModel;updateAIChannel;replaceAIChannelApiKey;enableAIChannel;disableAIChannel;updateAIModel;enableAIModel;disableAIModel;deletePlatformAccount;verifyPublicationWork;permanentlyDeletePublishedArticle;deleteContentTask;permanentlyDeleteContentTask,append_audit.validate_audit_entry@audit.py:72-139 校验字段/敏感信息；db.add 后由上述 caller commit，DB constraint 仍是 authority,app.audit.append_audit 仅间接 db.add，不 flush/commit；各 caller 无 audit constraint 专用 catch，异常进入 errors.py:76-79 全局 handler,列出的 HTTP caller 当前未捕获 audit constraint 异常，统一返回 409 REVISION_CONFLICT / 数据约束冲突；无独立 worker caller,audit constraint 失败不应伪装 revision；需 contract-decision required，未知 default500，禁止泄漏 audit/DB details,列出的各 HTTP service caller 顶层 Session；app.audit.append_audit 是间接 writer，不拥有事务,真实 PostgreSQL NOT NULL sentinel：not_null:audit_logs.target_type；从真实 caller 调用 append_audit 并 commit；断言 diagnostics/HTTP 结果、rollback、无 SUCCESS audit
not_null:content_humanization_prompts.created_at,content_humanization_prompts,created_at,NOT NULL,backend/alembic/versions/0017_content_humanization.py:16-36 ; backend/app/models/configuration.py:26-125 ; contracts/database.md:129,platform_configuration.put_content_humanization_prompt,putContentHumanizationPrompt,platform_configuration.put_content_humanization_prompt: 直接构造/修改为 content_humanization_prompts.created_at 提供值；未见独立 NOT NULL 预检，DB NOT NULL 是 authority,platform_configuration.put_content_humanization_prompt: 未按 23502 的 table_name/column_name 做本地 mapper；HTTP 异常进入 errors.py:76-79，全局 worker/内部路径仅失败,23502 当前 HTTP owner 全局 409 REVISION_CONFLICT / 数据约束冲突（不泄漏 DB）,content_humanization_prompts.created_at 缺失应由 contract-decision 批准字段级 4xx；未知 23502 default500，不能伪装 revision,platform_configuration.put_content_humanization_prompt 的直接 command 顶层 Session（由 owner 负责 flush/commit/rollback）,真实 PostgreSQL NOT NULL sentinel：not_null:content_humanization_prompts.created_at；仅覆盖直接 owner platform_configuration.put_content_humanization_prompt / operation putContentHumanizationPrompt；断言 diagnostics/HTTP 或 worker 失败边界、rollback、无 SUCCESS audit
not_null:content_humanization_prompts.id,content_humanization_prompts,id,NOT NULL,backend/alembic/versions/0017_content_humanization.py:16-36 ; backend/app/models/configuration.py:26-125 ; contracts/database.md:129,platform_configuration.put_content_humanization_prompt,putContentHumanizationPrompt,platform_configuration.put_content_humanization_prompt: 直接构造/修改为 content_humanization_prompts.id 提供值；未见独立 NOT NULL 预检，DB NOT NULL 是 authority,platform_configuration.put_content_humanization_prompt: 未按 23502 的 table_name/column_name 做本地 mapper；HTTP 异常进入 errors.py:76-79，全局 worker/内部路径仅失败,23502 当前 HTTP owner 全局 409 REVISION_CONFLICT / 数据约束冲突（不泄漏 DB）,content_humanization_prompts.id 缺失应由 contract-decision 批准字段级 4xx；未知 23502 default500，不能伪装 revision,platform_configuration.put_content_humanization_prompt 的直接 command 顶层 Session（由 owner 负责 flush/commit/rollback）,真实 PostgreSQL NOT NULL sentinel：not_null:content_humanization_prompts.id；仅覆盖直接 owner platform_configuration.put_content_humanization_prompt / operation putContentHumanizationPrompt；断言 diagnostics/HTTP 或 worker 失败边界、rollback、无 SUCCESS audit
not_null:content_humanization_prompts.revision,content_humanization_prompts,revision,NOT NULL,backend/alembic/versions/0017_content_humanization.py:16-36 ; backend/app/models/configuration.py:26-125 ; contracts/database.md:129,platform_configuration.put_content_humanization_prompt,putContentHumanizationPrompt,platform_configuration.put_content_humanization_prompt: 直接构造/修改为 content_humanization_prompts.revision 提供值；未见独立 NOT NULL 预检，DB NOT NULL 是 authority,platform_configuration.put_content_humanization_prompt: 未按 23502 的 table_name/column_name 做本地 mapper；HTTP 异常进入 errors.py:76-79，全局 worker/内部路径仅失败,23502 当前 HTTP owner 全局 409 REVISION_CONFLICT / 数据约束冲突（不泄漏 DB）,content_humanization_prompts.revision 缺失应由 contract-decision 批准字段级 4xx；未知 23502 default500，不能伪装 revision,platform_configuration.put_content_humanization_prompt 的直接 command 顶层 Session（由 owner 负责 flush/commit/rollback）,真实 PostgreSQL NOT NULL sentinel：not_null:content_humanization_prompts.revision；仅覆盖直接 owner platform_configuration.put_content_humanization_prompt / operation putContentHumanizationPrompt；断言 diagnostics/HTTP 或 worker 失败边界、rollback、无 SUCCESS audit
not_null:content_humanization_prompts.template_markdown,content_humanization_prompts,template_markdown,NOT NULL,backend/alembic/versions/0017_content_humanization.py:16-36 ; backend/app/models/configuration.py:26-125 ; contracts/database.md:129,platform_configuration.put_content_humanization_prompt,putContentHumanizationPrompt,platform_configuration.put_content_humanization_prompt: 直接构造/修改为 content_humanization_prompts.template_markdown 提供值；未见独立 NOT NULL 预检，DB NOT NULL 是 authority,platform_configuration.put_content_humanization_prompt: 未按 23502 的 table_name/column_name 做本地 mapper；HTTP 异常进入 errors.py:76-79，全局 worker/内部路径仅失败,23502 当前 HTTP owner 全局 409 REVISION_CONFLICT / 数据约束冲突（不泄漏 DB）,content_humanization_prompts.template_markdown 缺失应由 contract-decision 批准字段级 4xx；未知 23502 default500，不能伪装 revision,platform_configuration.put_content_humanization_prompt 的直接 command 顶层 Session（由 owner 负责 flush/commit/rollback）,真实 PostgreSQL NOT NULL sentinel：not_null:content_humanization_prompts.template_markdown；仅覆盖直接 owner platform_configuration.put_content_humanization_prompt / operation putContentHumanizationPrompt；断言 diagnostics/HTTP 或 worker 失败边界、rollback、无 SUCCESS audit
not_null:content_humanization_prompts.updated_at,content_humanization_prompts,updated_at,NOT NULL,backend/alembic/versions/0017_content_humanization.py:16-36 ; backend/app/models/configuration.py:26-125 ; contracts/database.md:129,platform_configuration.put_content_humanization_prompt,putContentHumanizationPrompt,platform_configuration.put_content_humanization_prompt: 直接构造/修改为 content_humanization_prompts.updated_at 提供值；未见独立 NOT NULL 预检，DB NOT NULL 是 authority,platform_configuration.put_content_humanization_prompt: 未按 23502 的 table_name/column_name 做本地 mapper；HTTP 异常进入 errors.py:76-79，全局 worker/内部路径仅失败,23502 当前 HTTP owner 全局 409 REVISION_CONFLICT / 数据约束冲突（不泄漏 DB）,content_humanization_prompts.updated_at 缺失应由 contract-decision 批准字段级 4xx；未知 23502 default500，不能伪装 revision,platform_configuration.put_content_humanization_prompt 的直接 command 顶层 Session（由 owner 负责 flush/commit/rollback）,真实 PostgreSQL NOT NULL sentinel：not_null:content_humanization_prompts.updated_at；仅覆盖直接 owner platform_configuration.put_content_humanization_prompt / operation putContentHumanizationPrompt；断言 diagnostics/HTTP 或 worker 失败边界、rollback、无 SUCCESS audit
not_null:content_humanization_prompts.updated_by,content_humanization_prompts,updated_by,NOT NULL,backend/alembic/versions/0017_content_humanization.py:16-36 ; backend/app/models/configuration.py:26-125 ; contracts/database.md:129,platform_configuration.put_content_humanization_prompt,putContentHumanizationPrompt,platform_configuration.put_content_humanization_prompt: 直接构造/修改为 content_humanization_prompts.updated_by 提供值；未见独立 NOT NULL 预检，DB NOT NULL 是 authority,platform_configuration.put_content_humanization_prompt: 未按 23502 的 table_name/column_name 做本地 mapper；HTTP 异常进入 errors.py:76-79，全局 worker/内部路径仅失败,23502 当前 HTTP owner 全局 409 REVISION_CONFLICT / 数据约束冲突（不泄漏 DB）,content_humanization_prompts.updated_by 缺失应由 contract-decision 批准字段级 4xx；未知 23502 default500，不能伪装 revision,platform_configuration.put_content_humanization_prompt 的直接 command 顶层 Session（由 owner 负责 flush/commit/rollback）,真实 PostgreSQL NOT NULL sentinel：not_null:content_humanization_prompts.updated_by；仅覆盖直接 owner platform_configuration.put_content_humanization_prompt / operation putContentHumanizationPrompt；断言 diagnostics/HTTP 或 worker 失败边界、rollback、无 SUCCESS audit
not_null:content_review_records.action,content_review_records,action,NOT NULL,"backend/app/migration_schema_v1.py:519-528 ; backend/app/models/content.py:28-210 ; contracts/database.md:418,455",review.transition_content_version; publication.permanently_delete_content_task,submitContentVersion;approveContentVersion;requestContentVersionChanges;permanentlyDeleteContentTask,review.transition_content_version; publication.permanently_delete_content_task: 直接构造/修改为 content_review_records.action 提供值；未见独立 NOT NULL 预检，DB NOT NULL 是 authority,review.transition_content_version; publication.permanently_delete_content_task: 未按 23502 的 table_name/column_name 做本地 mapper；HTTP 异常进入 errors.py:76-79，全局 worker/内部路径仅失败,23502 当前 HTTP owner 全局 409 REVISION_CONFLICT / 数据约束冲突（不泄漏 DB）,content_review_records.action 缺失应由 contract-decision 批准字段级 4xx；未知 23502 default500，不能伪装 revision,review.transition_content_version; publication.permanently_delete_content_task 的直接 command 顶层 Session（由 owner 负责 flush/commit/rollback）,真实 PostgreSQL NOT NULL sentinel：not_null:content_review_records.action；仅覆盖直接 owner review.transition_content_version; publication.permanently_delete_content_task / operation submitContentVersion;approveContentVersion;requestContentVersionChanges;permanentlyDeleteContentTask；断言 diagnostics/HTTP 或 worker 失败边界、rollback、无 SUCCESS audit
not_null:content_review_records.actor_id,content_review_records,actor_id,NOT NULL,"backend/app/migration_schema_v1.py:519-528 ; backend/app/models/content.py:28-210 ; contracts/database.md:418,455",review.transition_content_version; publication.permanently_delete_content_task,submitContentVersion;approveContentVersion;requestContentVersionChanges;permanentlyDeleteContentTask,review.transition_content_version; publication.permanently_delete_content_task: 直接构造/修改为 content_review_records.actor_id 提供值；未见独立 NOT NULL 预检，DB NOT NULL 是 authority,review.transition_content_version; publication.permanently_delete_content_task: 未按 23502 的 table_name/column_name 做本地 mapper；HTTP 异常进入 errors.py:76-79，全局 worker/内部路径仅失败,23502 当前 HTTP owner 全局 409 REVISION_CONFLICT / 数据约束冲突（不泄漏 DB）,content_review_records.actor_id 缺失应由 contract-decision 批准字段级 4xx；未知 23502 default500，不能伪装 revision,review.transition_content_version; publication.permanently_delete_content_task 的直接 command 顶层 Session（由 owner 负责 flush/commit/rollback）,真实 PostgreSQL NOT NULL sentinel：not_null:content_review_records.actor_id；仅覆盖直接 owner review.transition_content_version; publication.permanently_delete_content_task / operation submitContentVersion;approveContentVersion;requestContentVersionChanges;permanentlyDeleteContentTask；断言 diagnostics/HTTP 或 worker 失败边界、rollback、无 SUCCESS audit
not_null:content_review_records.comment,content_review_records,comment,NOT NULL,"backend/app/migration_schema_v1.py:519-528 ; backend/app/models/content.py:28-210 ; contracts/database.md:418,455",review.transition_content_version; publication.permanently_delete_content_task,submitContentVersion;approveContentVersion;requestContentVersionChanges;permanentlyDeleteContentTask,review.transition_content_version; publication.permanently_delete_content_task: 直接构造/修改为 content_review_records.comment 提供值；未见独立 NOT NULL 预检，DB NOT NULL 是 authority,review.transition_content_version; publication.permanently_delete_content_task: 未按 23502 的 table_name/column_name 做本地 mapper；HTTP 异常进入 errors.py:76-79，全局 worker/内部路径仅失败,23502 当前 HTTP owner 全局 409 REVISION_CONFLICT / 数据约束冲突（不泄漏 DB）,content_review_records.comment 缺失应由 contract-decision 批准字段级 4xx；未知 23502 default500，不能伪装 revision,review.transition_content_version; publication.permanently_delete_content_task 的直接 command 顶层 Session（由 owner 负责 flush/commit/rollback）,真实 PostgreSQL NOT NULL sentinel：not_null:content_review_records.comment；仅覆盖直接 owner review.transition_content_version; publication.permanently_delete_content_task / operation submitContentVersion;approveContentVersion;requestContentVersionChanges;permanentlyDeleteContentTask；断言 diagnostics/HTTP 或 worker 失败边界、rollback、无 SUCCESS audit
not_null:content_review_records.content_version_id,content_review_records,content_version_id,NOT NULL,"backend/app/migration_schema_v1.py:519-528 ; backend/app/models/content.py:28-210 ; contracts/database.md:418,455",review.transition_content_version; publication.permanently_delete_content_task,submitContentVersion;approveContentVersion;requestContentVersionChanges;permanentlyDeleteContentTask,review.transition_content_version; publication.permanently_delete_content_task: 直接构造/修改为 content_review_records.content_version_id 提供值；未见独立 NOT NULL 预检，DB NOT NULL 是 authority,review.transition_content_version; publication.permanently_delete_content_task: 未按 23502 的 table_name/column_name 做本地 mapper；HTTP 异常进入 errors.py:76-79，全局 worker/内部路径仅失败,23502 当前 HTTP owner 全局 409 REVISION_CONFLICT / 数据约束冲突（不泄漏 DB）,content_review_records.content_version_id 缺失应由 contract-decision 批准字段级 4xx；未知 23502 default500，不能伪装 revision,review.transition_content_version; publication.permanently_delete_content_task 的直接 command 顶层 Session（由 owner 负责 flush/commit/rollback）,真实 PostgreSQL NOT NULL sentinel：not_null:content_review_records.content_version_id；仅覆盖直接 owner review.transition_content_version; publication.permanently_delete_content_task / operation submitContentVersion;approveContentVersion;requestContentVersionChanges;permanentlyDeleteContentTask；断言 diagnostics/HTTP 或 worker 失败边界、rollback、无 SUCCESS audit
not_null:content_review_records.created_at,content_review_records,created_at,NOT NULL,"backend/app/migration_schema_v1.py:519-528 ; backend/app/models/content.py:28-210 ; contracts/database.md:418,455",review.transition_content_version; publication.permanently_delete_content_task,submitContentVersion;approveContentVersion;requestContentVersionChanges;permanentlyDeleteContentTask,review.transition_content_version; publication.permanently_delete_content_task: 直接构造/修改为 content_review_records.created_at 提供值；未见独立 NOT NULL 预检，DB NOT NULL 是 authority,review.transition_content_version; publication.permanently_delete_content_task: 未按 23502 的 table_name/column_name 做本地 mapper；HTTP 异常进入 errors.py:76-79，全局 worker/内部路径仅失败,23502 当前 HTTP owner 全局 409 REVISION_CONFLICT / 数据约束冲突（不泄漏 DB）,content_review_records.created_at 缺失应由 contract-decision 批准字段级 4xx；未知 23502 default500，不能伪装 revision,review.transition_content_version; publication.permanently_delete_content_task 的直接 command 顶层 Session（由 owner 负责 flush/commit/rollback）,真实 PostgreSQL NOT NULL sentinel：not_null:content_review_records.created_at；仅覆盖直接 owner review.transition_content_version; publication.permanently_delete_content_task / operation submitContentVersion;approveContentVersion;requestContentVersionChanges;permanentlyDeleteContentTask；断言 diagnostics/HTTP 或 worker 失败边界、rollback、无 SUCCESS audit
not_null:content_review_records.id,content_review_records,id,NOT NULL,"backend/app/migration_schema_v1.py:519-528 ; backend/app/models/content.py:28-210 ; contracts/database.md:418,455",review.transition_content_version; publication.permanently_delete_content_task,submitContentVersion;approveContentVersion;requestContentVersionChanges;permanentlyDeleteContentTask,review.transition_content_version; publication.permanently_delete_content_task: 直接构造/修改为 content_review_records.id 提供值；未见独立 NOT NULL 预检，DB NOT NULL 是 authority,review.transition_content_version; publication.permanently_delete_content_task: 未按 23502 的 table_name/column_name 做本地 mapper；HTTP 异常进入 errors.py:76-79，全局 worker/内部路径仅失败,23502 当前 HTTP owner 全局 409 REVISION_CONFLICT / 数据约束冲突（不泄漏 DB）,content_review_records.id 缺失应由 contract-decision 批准字段级 4xx；未知 23502 default500，不能伪装 revision,review.transition_content_version; publication.permanently_delete_content_task 的直接 command 顶层 Session（由 owner 负责 flush/commit/rollback）,真实 PostgreSQL NOT NULL sentinel：not_null:content_review_records.id；仅覆盖直接 owner review.transition_content_version; publication.permanently_delete_content_task / operation submitContentVersion;approveContentVersion;requestContentVersionChanges;permanentlyDeleteContentTask；断言 diagnostics/HTTP 或 worker 失败边界、rollback、无 SUCCESS audit
not_null:content_task_geo_sources.basis_snapshot,content_task_geo_sources,basis_snapshot,NOT NULL,"backend/alembic/versions/0035_business_workflow_primary_tasks.py:200-254 ; backend/app/models/content.py:28-210 ; contracts/database.md:315,459",geo_observation.create_geo_optimization_content_task; publication.permanently_delete_content_task,createGeoOptimizationContentTask;permanentlyDeleteContentTask,geo_observation.create_geo_optimization_content_task; publication.permanently_delete_content_task: 直接写入/修改/删除链按该列或触发器语义执行；未见 not_null:content_task_geo_sources.basis_snapshot 专用预检，数据库 NOT NULL 是 authority,geo_observation.create_geo_optimization_content_task; publication.permanently_delete_content_task: 未见按 not_null:content_task_geo_sources.basis_snapshot 专用 diagnostics mapper；SQL 约束/trigger 失败由 owner rollback，HTTP 进入 errors.py:76-79 全局 handler,HTTP owner 当前未捕获时进入全局 409 REVISION_CONFLICT / 数据约束冲突（不泄漏 DB）。,not_null:content_task_geo_sources.basis_snapshot：按 PostgreSQL diagnostics 精确映射；未批准领域 code 时 default500/contract-decision required，禁止错误文本映射。,geo_observation.create_geo_optimization_content_task；publication.permanently_delete_content_task 的直接 command/worker 顶层 Session（间接 helper 不拥有事务；owner 负责 flush/commit/rollback）,真实 PostgreSQL NOT NULL sentinel：not_null:content_task_geo_sources.basis_snapshot；仅覆盖直接 owner geo_observation.create_geo_optimization_content_task; publication.permanently_delete_content_task / operation createGeoOptimizationContentTask;permanentlyDeleteContentTask；断言 diagnostics/HTTP 或 worker 失败边界、rollback、无 SUCCESS audit
not_null:content_task_geo_sources.content_task_id,content_task_geo_sources,content_task_id,NOT NULL,"backend/alembic/versions/0035_business_workflow_primary_tasks.py:200-254 ; backend/app/models/content.py:28-210 ; contracts/database.md:315,459",geo_observation.create_geo_optimization_content_task; publication.permanently_delete_content_task,createGeoOptimizationContentTask;permanentlyDeleteContentTask,geo_observation.create_geo_optimization_content_task; publication.permanently_delete_content_task: 直接写入/修改/删除链按该列或触发器语义执行；未见 not_null:content_task_geo_sources.content_task_id 专用预检，数据库 NOT NULL 是 authority,geo_observation.create_geo_optimization_content_task; publication.permanently_delete_content_task: 未见按 not_null:content_task_geo_sources.content_task_id 专用 diagnostics mapper；SQL 约束/trigger 失败由 owner rollback，HTTP 进入 errors.py:76-79 全局 handler,HTTP owner 当前未捕获时进入全局 409 REVISION_CONFLICT / 数据约束冲突（不泄漏 DB）。,not_null:content_task_geo_sources.content_task_id：按 PostgreSQL diagnostics 精确映射；未批准领域 code 时 default500/contract-decision required，禁止错误文本映射。,geo_observation.create_geo_optimization_content_task；publication.permanently_delete_content_task 的直接 command/worker 顶层 Session（间接 helper 不拥有事务；owner 负责 flush/commit/rollback）,真实 PostgreSQL NOT NULL sentinel：not_null:content_task_geo_sources.content_task_id；仅覆盖直接 owner geo_observation.create_geo_optimization_content_task; publication.permanently_delete_content_task / operation createGeoOptimizationContentTask;permanentlyDeleteContentTask；断言 diagnostics/HTTP 或 worker 失败边界、rollback、无 SUCCESS audit
not_null:content_task_geo_sources.created_at,content_task_geo_sources,created_at,NOT NULL,"backend/alembic/versions/0035_business_workflow_primary_tasks.py:200-254 ; backend/app/models/content.py:28-210 ; contracts/database.md:315,459",geo_observation.create_geo_optimization_content_task; publication.permanently_delete_content_task,createGeoOptimizationContentTask;permanentlyDeleteContentTask,geo_observation.create_geo_optimization_content_task; publication.permanently_delete_content_task: 直接写入/修改/删除链按该列或触发器语义执行；未见 not_null:content_task_geo_sources.created_at 专用预检，数据库 NOT NULL 是 authority,geo_observation.create_geo_optimization_content_task; publication.permanently_delete_content_task: 未见按 not_null:content_task_geo_sources.created_at 专用 diagnostics mapper；SQL 约束/trigger 失败由 owner rollback，HTTP 进入 errors.py:76-79 全局 handler,HTTP owner 当前未捕获时进入全局 409 REVISION_CONFLICT / 数据约束冲突（不泄漏 DB）。,not_null:content_task_geo_sources.created_at：按 PostgreSQL diagnostics 精确映射；未批准领域 code 时 default500/contract-decision required，禁止错误文本映射。,geo_observation.create_geo_optimization_content_task；publication.permanently_delete_content_task 的直接 command/worker 顶层 Session（间接 helper 不拥有事务；owner 负责 flush/commit/rollback）,真实 PostgreSQL NOT NULL sentinel：not_null:content_task_geo_sources.created_at；仅覆盖直接 owner geo_observation.create_geo_optimization_content_task; publication.permanently_delete_content_task / operation createGeoOptimizationContentTask;permanentlyDeleteContentTask；断言 diagnostics/HTTP 或 worker 失败边界、rollback、无 SUCCESS audit
not_null:content_task_geo_sources.created_by,content_task_geo_sources,created_by,NOT NULL,"backend/alembic/versions/0035_business_workflow_primary_tasks.py:200-254 ; backend/app/models/content.py:28-210 ; contracts/database.md:315,459",geo_observation.create_geo_optimization_content_task; publication.permanently_delete_content_task,createGeoOptimizationContentTask;permanentlyDeleteContentTask,geo_observation.create_geo_optimization_content_task; publication.permanently_delete_content_task: 直接写入/修改/删除链按该列或触发器语义执行；未见 not_null:content_task_geo_sources.created_by 专用预检，数据库 NOT NULL 是 authority,geo_observation.create_geo_optimization_content_task; publication.permanently_delete_content_task: 未见按 not_null:content_task_geo_sources.created_by 专用 diagnostics mapper；SQL 约束/trigger 失败由 owner rollback，HTTP 进入 errors.py:76-79 全局 handler,HTTP owner 当前未捕获时进入全局 409 REVISION_CONFLICT / 数据约束冲突（不泄漏 DB）。,not_null:content_task_geo_sources.created_by：按 PostgreSQL diagnostics 精确映射；未批准领域 code 时 default500/contract-decision required，禁止错误文本映射。,geo_observation.create_geo_optimization_content_task；publication.permanently_delete_content_task 的直接 command/worker 顶层 Session（间接 helper 不拥有事务；owner 负责 flush/commit/rollback）,真实 PostgreSQL NOT NULL sentinel：not_null:content_task_geo_sources.created_by；仅覆盖直接 owner geo_observation.create_geo_optimization_content_task; publication.permanently_delete_content_task / operation createGeoOptimizationContentTask;permanentlyDeleteContentTask；断言 diagnostics/HTTP 或 worker 失败边界、rollback、无 SUCCESS audit
not_null:content_task_geo_sources.date_from,content_task_geo_sources,date_from,NOT NULL,"backend/alembic/versions/0035_business_workflow_primary_tasks.py:200-254 ; backend/app/models/content.py:28-210 ; contracts/database.md:315,459",geo_observation.create_geo_optimization_content_task; publication.permanently_delete_content_task,createGeoOptimizationContentTask;permanentlyDeleteContentTask,geo_observation.create_geo_optimization_content_task; publication.permanently_delete_content_task: 直接写入/修改/删除链按该列或触发器语义执行；未见 not_null:content_task_geo_sources.date_from 专用预检，数据库 NOT NULL 是 authority,geo_observation.create_geo_optimization_content_task; publication.permanently_delete_content_task: 未见按 not_null:content_task_geo_sources.date_from 专用 diagnostics mapper；SQL 约束/trigger 失败由 owner rollback，HTTP 进入 errors.py:76-79 全局 handler,HTTP owner 当前未捕获时进入全局 409 REVISION_CONFLICT / 数据约束冲突（不泄漏 DB）。,not_null:content_task_geo_sources.date_from：按 PostgreSQL diagnostics 精确映射；未批准领域 code 时 default500/contract-decision required，禁止错误文本映射。,geo_observation.create_geo_optimization_content_task；publication.permanently_delete_content_task 的直接 command/worker 顶层 Session（间接 helper 不拥有事务；owner 负责 flush/commit/rollback）,真实 PostgreSQL NOT NULL sentinel：not_null:content_task_geo_sources.date_from；仅覆盖直接 owner geo_observation.create_geo_optimization_content_task; publication.permanently_delete_content_task / operation createGeoOptimizationContentTask;permanentlyDeleteContentTask；断言 diagnostics/HTTP 或 worker 失败边界、rollback、无 SUCCESS audit
not_null:content_task_geo_sources.date_to,content_task_geo_sources,date_to,NOT NULL,"backend/alembic/versions/0035_business_workflow_primary_tasks.py:200-254 ; backend/app/models/content.py:28-210 ; contracts/database.md:315,459",geo_observation.create_geo_optimization_content_task; publication.permanently_delete_content_task,createGeoOptimizationContentTask;permanentlyDeleteContentTask,geo_observation.create_geo_optimization_content_task; publication.permanently_delete_content_task: 直接写入/修改/删除链按该列或触发器语义执行；未见 not_null:content_task_geo_sources.date_to 专用预检，数据库 NOT NULL 是 authority,geo_observation.create_geo_optimization_content_task; publication.permanently_delete_content_task: 未见按 not_null:content_task_geo_sources.date_to 专用 diagnostics mapper；SQL 约束/trigger 失败由 owner rollback，HTTP 进入 errors.py:76-79 全局 handler,HTTP owner 当前未捕获时进入全局 409 REVISION_CONFLICT / 数据约束冲突（不泄漏 DB）。,not_null:content_task_geo_sources.date_to：按 PostgreSQL diagnostics 精确映射；未批准领域 code 时 default500/contract-decision required，禁止错误文本映射。,geo_observation.create_geo_optimization_content_task；publication.permanently_delete_content_task 的直接 command/worker 顶层 Session（间接 helper 不拥有事务；owner 负责 flush/commit/rollback）,真实 PostgreSQL NOT NULL sentinel：not_null:content_task_geo_sources.date_to；仅覆盖直接 owner geo_observation.create_geo_optimization_content_task; publication.permanently_delete_content_task / operation createGeoOptimizationContentTask;permanentlyDeleteContentTask；断言 diagnostics/HTTP 或 worker 失败边界、rollback、无 SUCCESS audit
not_null:content_task_geo_sources.rule_code,content_task_geo_sources,rule_code,NOT NULL,"backend/alembic/versions/0035_business_workflow_primary_tasks.py:200-254 ; backend/app/models/content.py:28-210 ; contracts/database.md:315,459",geo_observation.create_geo_optimization_content_task; publication.permanently_delete_content_task,createGeoOptimizationContentTask;permanentlyDeleteContentTask,geo_observation.create_geo_optimization_content_task; publication.permanently_delete_content_task: 直接写入/修改/删除链按该列或触发器语义执行；未见 not_null:content_task_geo_sources.rule_code 专用预检，数据库 NOT NULL 是 authority,geo_observation.create_geo_optimization_content_task; publication.permanently_delete_content_task: 未见按 not_null:content_task_geo_sources.rule_code 专用 diagnostics mapper；SQL 约束/trigger 失败由 owner rollback，HTTP 进入 errors.py:76-79 全局 handler,HTTP owner 当前未捕获时进入全局 409 REVISION_CONFLICT / 数据约束冲突（不泄漏 DB）。,not_null:content_task_geo_sources.rule_code：按 PostgreSQL diagnostics 精确映射；未批准领域 code 时 default500/contract-decision required，禁止错误文本映射。,geo_observation.create_geo_optimization_content_task；publication.permanently_delete_content_task 的直接 command/worker 顶层 Session（间接 helper 不拥有事务；owner 负责 flush/commit/rollback）,真实 PostgreSQL NOT NULL sentinel：not_null:content_task_geo_sources.rule_code；仅覆盖直接 owner geo_observation.create_geo_optimization_content_task; publication.permanently_delete_content_task / operation createGeoOptimizationContentTask;permanentlyDeleteContentTask；断言 diagnostics/HTTP 或 worker 失败边界、rollback、无 SUCCESS audit
not_null:content_tasks.created_at,content_tasks,created_at,NOT NULL,"backend/app/migration_schema_v1.py:390-417; backend/alembic/versions/0025_markdown_facts_direct_platform.py:528-541; backend/alembic/versions/0035_business_workflow_primary_tasks.py:67-90 ; backend/app/models/content.py:28-210 ; contracts/database.md:37,153-159,221-225,327-341,412,419,434-435",content_planning.create_content_task; geo_observation.create_geo_optimization_content_task; publication.create_repair_task; publication.archive_content_task; publication.restore_content_task; publication.cancel_content_task; publication.delete_content_task; publication.permanently_delete_content_task,createContentTask;createGeoOptimizationContentTask;createPublishedContentRepairTask;archiveContentTask;restoreContentTask;cancelContentTask;deleteContentTask;permanentlyDeleteContentTask,content_planning.create_content_task; geo_observation.create_geo_optimization_content_task; publication.create_repair_task; publication.archive_content_task; publication.restore_content_task; publication.cancel_content_task; publication.delete_content_task; publication.permanently_delete_content_task: 直接构造/修改为 content_tasks.created_at 提供值；未见独立 NOT NULL 预检，DB NOT NULL 是 authority,content_planning.create_content_task; geo_observation.create_geo_optimization_content_task; publication.create_repair_task; publication.archive_content_task; publication.restore_content_task; publication.cancel_content_task; publication.delete_content_task; publication.permanently_delete_content_task: 未按 23502 的 table_name/column_name 做本地 mapper；HTTP 异常进入 errors.py:76-79，全局 worker/内部路径仅失败,23502 当前 HTTP owner 全局 409 REVISION_CONFLICT / 数据约束冲突（不泄漏 DB）,content_tasks.created_at 缺失应由 contract-decision 批准字段级 4xx；未知 23502 default500，不能伪装 revision,content_planning.create_content_task; geo_observation.create_geo_optimization_content_task; publication.create_repair_task; publication.archive_content_task; publication.restore_content_task; publication.cancel_content_task; publication.delete_content_task; publication.permanently_delete_content_task 的直接 command 顶层 Session（由 owner 负责 flush/commit/rollback）,真实 PostgreSQL NOT NULL sentinel：not_null:content_tasks.created_at；仅覆盖直接 owner content_planning.create_content_task; geo_observation.create_geo_optimization_content_task; publication.create_repair_task; publication.archive_content_task; publication.restore_content_task; publication.cancel_content_task; publication.delete_content_task; publication.permanently_delete_content_task / operation createContentTask;createGeoOptimizationContentTask;createPublishedContentRepairTask;archiveContentTask;restoreContentTask;cancelContentTask;deleteContentTask;permanentlyDeleteContentTask；断言 diagnostics/HTTP 或 worker 失败边界、rollback、无 SUCCESS audit
not_null:content_tasks.created_by,content_tasks,created_by,NOT NULL,"backend/app/migration_schema_v1.py:390-417; backend/alembic/versions/0025_markdown_facts_direct_platform.py:528-541; backend/alembic/versions/0035_business_workflow_primary_tasks.py:67-90 ; backend/app/models/content.py:28-210 ; contracts/database.md:37,153-159,221-225,327-341,412,419,434-435",content_planning.create_content_task; geo_observation.create_geo_optimization_content_task; publication.create_repair_task; publication.archive_content_task; publication.restore_content_task; publication.cancel_content_task; publication.delete_content_task; publication.permanently_delete_content_task,createContentTask;createGeoOptimizationContentTask;createPublishedContentRepairTask;archiveContentTask;restoreContentTask;cancelContentTask;deleteContentTask;permanentlyDeleteContentTask,content_planning.create_content_task; geo_observation.create_geo_optimization_content_task; publication.create_repair_task; publication.archive_content_task; publication.restore_content_task; publication.cancel_content_task; publication.delete_content_task; publication.permanently_delete_content_task: 直接构造/修改为 content_tasks.created_by 提供值；未见独立 NOT NULL 预检，DB NOT NULL 是 authority,content_planning.create_content_task; geo_observation.create_geo_optimization_content_task; publication.create_repair_task; publication.archive_content_task; publication.restore_content_task; publication.cancel_content_task; publication.delete_content_task; publication.permanently_delete_content_task: 未按 23502 的 table_name/column_name 做本地 mapper；HTTP 异常进入 errors.py:76-79，全局 worker/内部路径仅失败,23502 当前 HTTP owner 全局 409 REVISION_CONFLICT / 数据约束冲突（不泄漏 DB）,content_tasks.created_by 缺失应由 contract-decision 批准字段级 4xx；未知 23502 default500，不能伪装 revision,content_planning.create_content_task; geo_observation.create_geo_optimization_content_task; publication.create_repair_task; publication.archive_content_task; publication.restore_content_task; publication.cancel_content_task; publication.delete_content_task; publication.permanently_delete_content_task 的直接 command 顶层 Session（由 owner 负责 flush/commit/rollback）,真实 PostgreSQL NOT NULL sentinel：not_null:content_tasks.created_by；仅覆盖直接 owner content_planning.create_content_task; geo_observation.create_geo_optimization_content_task; publication.create_repair_task; publication.archive_content_task; publication.restore_content_task; publication.cancel_content_task; publication.delete_content_task; publication.permanently_delete_content_task / operation createContentTask;createGeoOptimizationContentTask;createPublishedContentRepairTask;archiveContentTask;restoreContentTask;cancelContentTask;deleteContentTask;permanentlyDeleteContentTask；断言 diagnostics/HTTP 或 worker 失败边界、rollback、无 SUCCESS audit
not_null:content_tasks.fact_version_id,content_tasks,fact_version_id,NOT NULL,"backend/app/migration_schema_v1.py:390-417; backend/alembic/versions/0025_markdown_facts_direct_platform.py:528-541; backend/alembic/versions/0035_business_workflow_primary_tasks.py:67-90 ; backend/app/models/content.py:28-210 ; contracts/database.md:37,153-159,221-225,327-341,412,419,434-435",content_planning.create_content_task; geo_observation.create_geo_optimization_content_task; publication.create_repair_task; publication.archive_content_task; publication.restore_content_task; publication.cancel_content_task; publication.delete_content_task; publication.permanently_delete_content_task,createContentTask;createGeoOptimizationContentTask;createPublishedContentRepairTask;archiveContentTask;restoreContentTask;cancelContentTask;deleteContentTask;permanentlyDeleteContentTask,content_planning.create_content_task; geo_observation.create_geo_optimization_content_task; publication.create_repair_task; publication.archive_content_task; publication.restore_content_task; publication.cancel_content_task; publication.delete_content_task; publication.permanently_delete_content_task: 直接构造/修改为 content_tasks.fact_version_id 提供值；未见独立 NOT NULL 预检，DB NOT NULL 是 authority,content_planning.create_content_task; geo_observation.create_geo_optimization_content_task; publication.create_repair_task; publication.archive_content_task; publication.restore_content_task; publication.cancel_content_task; publication.delete_content_task; publication.permanently_delete_content_task: 未按 23502 的 table_name/column_name 做本地 mapper；HTTP 异常进入 errors.py:76-79，全局 worker/内部路径仅失败,23502 当前 HTTP owner 全局 409 REVISION_CONFLICT / 数据约束冲突（不泄漏 DB）,content_tasks.fact_version_id 缺失应由 contract-decision 批准字段级 4xx；未知 23502 default500，不能伪装 revision,content_planning.create_content_task; geo_observation.create_geo_optimization_content_task; publication.create_repair_task; publication.archive_content_task; publication.restore_content_task; publication.cancel_content_task; publication.delete_content_task; publication.permanently_delete_content_task 的直接 command 顶层 Session（由 owner 负责 flush/commit/rollback）,真实 PostgreSQL NOT NULL sentinel：not_null:content_tasks.fact_version_id；仅覆盖直接 owner content_planning.create_content_task; geo_observation.create_geo_optimization_content_task; publication.create_repair_task; publication.archive_content_task; publication.restore_content_task; publication.cancel_content_task; publication.delete_content_task; publication.permanently_delete_content_task / operation createContentTask;createGeoOptimizationContentTask;createPublishedContentRepairTask;archiveContentTask;restoreContentTask;cancelContentTask;deleteContentTask;permanentlyDeleteContentTask；断言 diagnostics/HTTP 或 worker 失败边界、rollback、无 SUCCESS audit
not_null:content_tasks.id,content_tasks,id,NOT NULL,"backend/app/migration_schema_v1.py:390-417; backend/alembic/versions/0025_markdown_facts_direct_platform.py:528-541; backend/alembic/versions/0035_business_workflow_primary_tasks.py:67-90 ; backend/app/models/content.py:28-210 ; contracts/database.md:37,153-159,221-225,327-341,412,419,434-435",content_planning.create_content_task; geo_observation.create_geo_optimization_content_task; publication.create_repair_task; publication.archive_content_task; publication.restore_content_task; publication.cancel_content_task; publication.delete_content_task; publication.permanently_delete_content_task,createContentTask;createGeoOptimizationContentTask;createPublishedContentRepairTask;archiveContentTask;restoreContentTask;cancelContentTask;deleteContentTask;permanentlyDeleteContentTask,content_planning.create_content_task; geo_observation.create_geo_optimization_content_task; publication.create_repair_task; publication.archive_content_task; publication.restore_content_task; publication.cancel_content_task; publication.delete_content_task; publication.permanently_delete_content_task: 直接构造/修改为 content_tasks.id 提供值；未见独立 NOT NULL 预检，DB NOT NULL 是 authority,content_planning.create_content_task; geo_observation.create_geo_optimization_content_task; publication.create_repair_task; publication.archive_content_task; publication.restore_content_task; publication.cancel_content_task; publication.delete_content_task; publication.permanently_delete_content_task: 未按 23502 的 table_name/column_name 做本地 mapper；HTTP 异常进入 errors.py:76-79，全局 worker/内部路径仅失败,23502 当前 HTTP owner 全局 409 REVISION_CONFLICT / 数据约束冲突（不泄漏 DB）,content_tasks.id 缺失应由 contract-decision 批准字段级 4xx；未知 23502 default500，不能伪装 revision,content_planning.create_content_task; geo_observation.create_geo_optimization_content_task; publication.create_repair_task; publication.archive_content_task; publication.restore_content_task; publication.cancel_content_task; publication.delete_content_task; publication.permanently_delete_content_task 的直接 command 顶层 Session（由 owner 负责 flush/commit/rollback）,真实 PostgreSQL NOT NULL sentinel：not_null:content_tasks.id；仅覆盖直接 owner content_planning.create_content_task; geo_observation.create_geo_optimization_content_task; publication.create_repair_task; publication.archive_content_task; publication.restore_content_task; publication.cancel_content_task; publication.delete_content_task; publication.permanently_delete_content_task / operation createContentTask;createGeoOptimizationContentTask;createPublishedContentRepairTask;archiveContentTask;restoreContentTask;cancelContentTask;deleteContentTask;permanentlyDeleteContentTask；断言 diagnostics/HTTP 或 worker 失败边界、rollback、无 SUCCESS audit
not_null:content_tasks.platform_profile_name_snapshot,content_tasks,platform_profile_name_snapshot,NOT NULL,"backend/app/migration_schema_v1.py:390-417; backend/alembic/versions/0025_markdown_facts_direct_platform.py:528-541; backend/alembic/versions/0035_business_workflow_primary_tasks.py:67-90 ; backend/app/models/content.py:28-210 ; contracts/database.md:37,153-159,221-225,327-341,412,419,434-435",content_planning.create_content_task; geo_observation.create_geo_optimization_content_task; publication.create_repair_task; publication.archive_content_task; publication.restore_content_task; publication.cancel_content_task; publication.delete_content_task; publication.permanently_delete_content_task,createContentTask;createGeoOptimizationContentTask;createPublishedContentRepairTask;archiveContentTask;restoreContentTask;cancelContentTask;deleteContentTask;permanentlyDeleteContentTask,content_planning.create_content_task; geo_observation.create_geo_optimization_content_task; publication.create_repair_task; publication.archive_content_task; publication.restore_content_task; publication.cancel_content_task; publication.delete_content_task; publication.permanently_delete_content_task: 直接构造/修改为 content_tasks.platform_profile_name_snapshot 提供值；未见独立 NOT NULL 预检，DB NOT NULL 是 authority,content_planning.create_content_task; geo_observation.create_geo_optimization_content_task; publication.create_repair_task; publication.archive_content_task; publication.restore_content_task; publication.cancel_content_task; publication.delete_content_task; publication.permanently_delete_content_task: 未按 23502 的 table_name/column_name 做本地 mapper；HTTP 异常进入 errors.py:76-79，全局 worker/内部路径仅失败,23502 当前 HTTP owner 全局 409 REVISION_CONFLICT / 数据约束冲突（不泄漏 DB）,content_tasks.platform_profile_name_snapshot 缺失应由 contract-decision 批准字段级 4xx；未知 23502 default500，不能伪装 revision,content_planning.create_content_task; geo_observation.create_geo_optimization_content_task; publication.create_repair_task; publication.archive_content_task; publication.restore_content_task; publication.cancel_content_task; publication.delete_content_task; publication.permanently_delete_content_task 的直接 command 顶层 Session（由 owner 负责 flush/commit/rollback）,真实 PostgreSQL NOT NULL sentinel：not_null:content_tasks.platform_profile_name_snapshot；仅覆盖直接 owner content_planning.create_content_task; geo_observation.create_geo_optimization_content_task; publication.create_repair_task; publication.archive_content_task; publication.restore_content_task; publication.cancel_content_task; publication.delete_content_task; publication.permanently_delete_content_task / operation createContentTask;createGeoOptimizationContentTask;createPublishedContentRepairTask;archiveContentTask;restoreContentTask;cancelContentTask;deleteContentTask;permanentlyDeleteContentTask；断言 diagnostics/HTTP 或 worker 失败边界、rollback、无 SUCCESS audit
not_null:content_tasks.product_id,content_tasks,product_id,NOT NULL,"backend/app/migration_schema_v1.py:390-417; backend/alembic/versions/0025_markdown_facts_direct_platform.py:528-541; backend/alembic/versions/0035_business_workflow_primary_tasks.py:67-90 ; backend/app/models/content.py:28-210 ; contracts/database.md:37,153-159,221-225,327-341,412,419,434-435",content_planning.create_content_task; geo_observation.create_geo_optimization_content_task; publication.create_repair_task; publication.archive_content_task; publication.restore_content_task; publication.cancel_content_task; publication.delete_content_task; publication.permanently_delete_content_task,createContentTask;createGeoOptimizationContentTask;createPublishedContentRepairTask;archiveContentTask;restoreContentTask;cancelContentTask;deleteContentTask;permanentlyDeleteContentTask,content_planning.create_content_task; geo_observation.create_geo_optimization_content_task; publication.create_repair_task; publication.archive_content_task; publication.restore_content_task; publication.cancel_content_task; publication.delete_content_task; publication.permanently_delete_content_task: 直接构造/修改为 content_tasks.product_id 提供值；未见独立 NOT NULL 预检，DB NOT NULL 是 authority,content_planning.create_content_task; geo_observation.create_geo_optimization_content_task; publication.create_repair_task; publication.archive_content_task; publication.restore_content_task; publication.cancel_content_task; publication.delete_content_task; publication.permanently_delete_content_task: 未按 23502 的 table_name/column_name 做本地 mapper；HTTP 异常进入 errors.py:76-79，全局 worker/内部路径仅失败,23502 当前 HTTP owner 全局 409 REVISION_CONFLICT / 数据约束冲突（不泄漏 DB）,content_tasks.product_id 缺失应由 contract-decision 批准字段级 4xx；未知 23502 default500，不能伪装 revision,content_planning.create_content_task; geo_observation.create_geo_optimization_content_task; publication.create_repair_task; publication.archive_content_task; publication.restore_content_task; publication.cancel_content_task; publication.delete_content_task; publication.permanently_delete_content_task 的直接 command 顶层 Session（由 owner 负责 flush/commit/rollback）,真实 PostgreSQL NOT NULL sentinel：not_null:content_tasks.product_id；仅覆盖直接 owner content_planning.create_content_task; geo_observation.create_geo_optimization_content_task; publication.create_repair_task; publication.archive_content_task; publication.restore_content_task; publication.cancel_content_task; publication.delete_content_task; publication.permanently_delete_content_task / operation createContentTask;createGeoOptimizationContentTask;createPublishedContentRepairTask;archiveContentTask;restoreContentTask;cancelContentTask;deleteContentTask;permanentlyDeleteContentTask；断言 diagnostics/HTTP 或 worker 失败边界、rollback、无 SUCCESS audit
not_null:content_tasks.revision,content_tasks,revision,NOT NULL,"backend/app/migration_schema_v1.py:390-417; backend/alembic/versions/0025_markdown_facts_direct_platform.py:528-541; backend/alembic/versions/0035_business_workflow_primary_tasks.py:67-90 ; backend/app/models/content.py:28-210 ; contracts/database.md:37,153-159,221-225,327-341,412,419,434-435",content_planning.create_content_task; geo_observation.create_geo_optimization_content_task; publication.create_repair_task; publication.archive_content_task; publication.restore_content_task; publication.cancel_content_task; publication.delete_content_task; publication.permanently_delete_content_task,createContentTask;createGeoOptimizationContentTask;createPublishedContentRepairTask;archiveContentTask;restoreContentTask;cancelContentTask;deleteContentTask;permanentlyDeleteContentTask,content_planning.create_content_task; geo_observation.create_geo_optimization_content_task; publication.create_repair_task; publication.archive_content_task; publication.restore_content_task; publication.cancel_content_task; publication.delete_content_task; publication.permanently_delete_content_task: 直接构造/修改为 content_tasks.revision 提供值；未见独立 NOT NULL 预检，DB NOT NULL 是 authority,content_planning.create_content_task; geo_observation.create_geo_optimization_content_task; publication.create_repair_task; publication.archive_content_task; publication.restore_content_task; publication.cancel_content_task; publication.delete_content_task; publication.permanently_delete_content_task: 未按 23502 的 table_name/column_name 做本地 mapper；HTTP 异常进入 errors.py:76-79，全局 worker/内部路径仅失败,23502 当前 HTTP owner 全局 409 REVISION_CONFLICT / 数据约束冲突（不泄漏 DB）,content_tasks.revision 缺失应由 contract-decision 批准字段级 4xx；未知 23502 default500，不能伪装 revision,content_planning.create_content_task; geo_observation.create_geo_optimization_content_task; publication.create_repair_task; publication.archive_content_task; publication.restore_content_task; publication.cancel_content_task; publication.delete_content_task; publication.permanently_delete_content_task 的直接 command 顶层 Session（由 owner 负责 flush/commit/rollback）,真实 PostgreSQL NOT NULL sentinel：not_null:content_tasks.revision；仅覆盖直接 owner content_planning.create_content_task; geo_observation.create_geo_optimization_content_task; publication.create_repair_task; publication.archive_content_task; publication.restore_content_task; publication.cancel_content_task; publication.delete_content_task; publication.permanently_delete_content_task / operation createContentTask;createGeoOptimizationContentTask;createPublishedContentRepairTask;archiveContentTask;restoreContentTask;cancelContentTask;deleteContentTask;permanentlyDeleteContentTask；断言 diagnostics/HTTP 或 worker 失败边界、rollback、无 SUCCESS audit
not_null:content_tasks.status,content_tasks,status,NOT NULL,"backend/app/migration_schema_v1.py:390-417; backend/alembic/versions/0025_markdown_facts_direct_platform.py:528-541; backend/alembic/versions/0035_business_workflow_primary_tasks.py:67-90 ; backend/app/models/content.py:28-210 ; contracts/database.md:37,153-159,221-225,327-341,412,419,434-435",content_planning.create_content_task; geo_observation.create_geo_optimization_content_task; publication.create_repair_task; publication.archive_content_task; publication.restore_content_task; publication.cancel_content_task; publication.delete_content_task; publication.permanently_delete_content_task,createContentTask;createGeoOptimizationContentTask;createPublishedContentRepairTask;archiveContentTask;restoreContentTask;cancelContentTask;deleteContentTask;permanentlyDeleteContentTask,content_planning.create_content_task; geo_observation.create_geo_optimization_content_task; publication.create_repair_task; publication.archive_content_task; publication.restore_content_task; publication.cancel_content_task; publication.delete_content_task; publication.permanently_delete_content_task: 直接构造/修改为 content_tasks.status 提供值；未见独立 NOT NULL 预检，DB NOT NULL 是 authority,content_planning.create_content_task; geo_observation.create_geo_optimization_content_task; publication.create_repair_task; publication.archive_content_task; publication.restore_content_task; publication.cancel_content_task; publication.delete_content_task; publication.permanently_delete_content_task: 未按 23502 的 table_name/column_name 做本地 mapper；HTTP 异常进入 errors.py:76-79，全局 worker/内部路径仅失败,23502 当前 HTTP owner 全局 409 REVISION_CONFLICT / 数据约束冲突（不泄漏 DB）,content_tasks.status 缺失应由 contract-decision 批准字段级 4xx；未知 23502 default500，不能伪装 revision,content_planning.create_content_task; geo_observation.create_geo_optimization_content_task; publication.create_repair_task; publication.archive_content_task; publication.restore_content_task; publication.cancel_content_task; publication.delete_content_task; publication.permanently_delete_content_task 的直接 command 顶层 Session（由 owner 负责 flush/commit/rollback）,真实 PostgreSQL NOT NULL sentinel：not_null:content_tasks.status；仅覆盖直接 owner content_planning.create_content_task; geo_observation.create_geo_optimization_content_task; publication.create_repair_task; publication.archive_content_task; publication.restore_content_task; publication.cancel_content_task; publication.delete_content_task; publication.permanently_delete_content_task / operation createContentTask;createGeoOptimizationContentTask;createPublishedContentRepairTask;archiveContentTask;restoreContentTask;cancelContentTask;deleteContentTask;permanentlyDeleteContentTask；断言 diagnostics/HTTP 或 worker 失败边界、rollback、无 SUCCESS audit
not_null:content_tasks.updated_at,content_tasks,updated_at,NOT NULL,"backend/app/migration_schema_v1.py:390-417; backend/alembic/versions/0025_markdown_facts_direct_platform.py:528-541; backend/alembic/versions/0035_business_workflow_primary_tasks.py:67-90 ; backend/app/models/content.py:28-210 ; contracts/database.md:37,153-159,221-225,327-341,412,419,434-435",content_planning.create_content_task; geo_observation.create_geo_optimization_content_task; publication.create_repair_task; publication.archive_content_task; publication.restore_content_task; publication.cancel_content_task; publication.delete_content_task; publication.permanently_delete_content_task,createContentTask;createGeoOptimizationContentTask;createPublishedContentRepairTask;archiveContentTask;restoreContentTask;cancelContentTask;deleteContentTask;permanentlyDeleteContentTask,content_planning.create_content_task; geo_observation.create_geo_optimization_content_task; publication.create_repair_task; publication.archive_content_task; publication.restore_content_task; publication.cancel_content_task; publication.delete_content_task; publication.permanently_delete_content_task: 直接构造/修改为 content_tasks.updated_at 提供值；未见独立 NOT NULL 预检，DB NOT NULL 是 authority,content_planning.create_content_task; geo_observation.create_geo_optimization_content_task; publication.create_repair_task; publication.archive_content_task; publication.restore_content_task; publication.cancel_content_task; publication.delete_content_task; publication.permanently_delete_content_task: 未按 23502 的 table_name/column_name 做本地 mapper；HTTP 异常进入 errors.py:76-79，全局 worker/内部路径仅失败,23502 当前 HTTP owner 全局 409 REVISION_CONFLICT / 数据约束冲突（不泄漏 DB）,content_tasks.updated_at 缺失应由 contract-decision 批准字段级 4xx；未知 23502 default500，不能伪装 revision,content_planning.create_content_task; geo_observation.create_geo_optimization_content_task; publication.create_repair_task; publication.archive_content_task; publication.restore_content_task; publication.cancel_content_task; publication.delete_content_task; publication.permanently_delete_content_task 的直接 command 顶层 Session（由 owner 负责 flush/commit/rollback）,真实 PostgreSQL NOT NULL sentinel：not_null:content_tasks.updated_at；仅覆盖直接 owner content_planning.create_content_task; geo_observation.create_geo_optimization_content_task; publication.create_repair_task; publication.archive_content_task; publication.restore_content_task; publication.cancel_content_task; publication.delete_content_task; publication.permanently_delete_content_task / operation createContentTask;createGeoOptimizationContentTask;createPublishedContentRepairTask;archiveContentTask;restoreContentTask;cancelContentTask;deleteContentTask;permanentlyDeleteContentTask；断言 diagnostics/HTTP 或 worker 失败边界、rollback、无 SUCCESS audit
not_null:content_versions.body_markdown,content_versions,body_markdown,NOT NULL,backend/app/migration_schema_v1.py:466-508; backend/alembic/versions/0035_business_workflow_primary_tasks.py:174-198; backend/app/models/content.py:91-150; contracts/database.md:418-421,content_production._create_human_content←create_manual_content_version/create_content_revision（INSERT body_markdown）; generation.process_generation_job（INSERT body_markdown）; content_production.update_content_draft（UPDATE body_markdown）,createManualContentVersion;createContentRevision;updateContentDraft;无 HTTP operationId（generation.process_generation_job worker）,HTTP schema/_validated_content_fields与GeneratedDraft做非空门禁；update_content_draft写入该字段；NOT NULL是最终authority。,人工版本 HTTP 失败由 get_db request Session 回滚，当前 235xx 进入全局 IntegrityError handler 并误报 409 REVISION_CONFLICT；worker 无 HTTP，通用异常分支回滚结果事务并持久化 Job FAILED/GENERATION_FAILED。,HTTP owner的23502当前误报409 REVISION_CONFLICT/数据约束冲突/details={}；worker无HTTP并转为FAILED。,无已批准 body_markdown 缺失领域码；unknown23502 default500，worker遵循失败策略。,人工create与update_content_draft各持有request Session；generation.process_generation_job持有独立SessionLocal。,真实PG对HTTP UPDATE与worker INSERT强制body_markdown=NULL；断言23502+table=content_versions+column=body_markdown、HTTP原子回滚、worker只保留FAILED Job。
not_null:content_versions.change_summary,content_versions,change_summary,NOT NULL,backend/app/migration_schema_v1.py:466-508; backend/alembic/versions/0035_business_workflow_primary_tasks.py:174-198; backend/app/models/content.py:91-150; contracts/database.md:418-421,content_production._create_human_content←create_manual_content_version/create_content_revision（INSERT change_summary）; generation.process_generation_job（INSERT change_summary）,createManualContentVersion;createContentRevision;无 HTTP operationId（generation.process_generation_job worker）,schema/strip门禁；worker使用固定非空文案；无该NOT NULL专用预检，数据库是最终authority。,人工版本 HTTP 失败由 get_db request Session 回滚，当前 235xx 进入全局 IntegrityError handler 并误报 409 REVISION_CONFLICT；worker 无 HTTP，通用异常分支回滚结果事务并持久化 Job FAILED/GENERATION_FAILED。,HTTP owner的23502当前误报409 REVISION_CONFLICT/数据约束冲突/details={}；worker无HTTP并转为FAILED。,无已批准 change_summary 缺失领域码；unknown23502 default500，worker遵循失败策略。,create_manual_content_version/create_content_revision 持有 request Session 并最终 commit；generation.process_generation_job 持有独立 SessionLocal，失败 rollback 后提交 Job FAILED；_create_human_content 不拥有根事务。,真实PG对HTTP INSERT与worker INSERT强制change_summary=NULL；断言23502+table=content_versions+column=change_summary、HTTP原子回滚、worker只保留FAILED Job。
not_null:content_versions.content_hash,content_versions,content_hash,NOT NULL,backend/app/migration_schema_v1.py:466-508; backend/alembic/versions/0035_business_workflow_primary_tasks.py:174-198; backend/app/models/content.py:91-150; contracts/database.md:418-421,content_production._create_human_content←create_manual_content_version/create_content_revision（INSERT content_hash）; generation.process_generation_job（INSERT content_hash）; content_production.update_content_draft（UPDATE content_hash）,createManualContentVersion;createContentRevision;updateContentDraft;无 HTTP operationId（generation.process_generation_job worker）,人工创建、worker及草稿更新均由content_hash(...)计算；NOT NULL是最终authority。,人工版本 HTTP 失败由 get_db request Session 回滚，当前 235xx 进入全局 IntegrityError handler 并误报 409 REVISION_CONFLICT；worker 无 HTTP，通用异常分支回滚结果事务并持久化 Job FAILED/GENERATION_FAILED。,HTTP owner的23502当前误报409 REVISION_CONFLICT/数据约束冲突/details={}；worker无HTTP并转为FAILED。,无已批准 content_hash 缺失领域码；unknown23502 default500，worker遵循失败策略。,人工create与update_content_draft各持有request Session；generation.process_generation_job持有独立SessionLocal。,真实PG对HTTP UPDATE与worker INSERT强制content_hash=NULL；断言23502+table=content_versions+column=content_hash、HTTP原子回滚、worker只保留FAILED Job。
not_null:content_versions.created_at,content_versions,created_at,NOT NULL,backend/app/migration_schema_v1.py:466-508; backend/alembic/versions/0035_business_workflow_primary_tasks.py:174-198; backend/app/models/content.py:91-150; contracts/database.md:418-421,content_production._create_human_content←create_manual_content_version/create_content_revision（INSERT created_at）; generation.process_generation_job（INSERT created_at）,createManualContentVersion;createContentRevision;无 HTTP operationId（generation.process_generation_job worker）,DB server_default=now()，service不传值；无该NOT NULL专用预检，数据库是最终authority。,人工版本 HTTP 失败由 get_db request Session 回滚，当前 235xx 进入全局 IntegrityError handler 并误报 409 REVISION_CONFLICT；worker 无 HTTP，通用异常分支回滚结果事务并持久化 Job FAILED/GENERATION_FAILED。,HTTP owner的23502当前误报409 REVISION_CONFLICT/数据约束冲突/details={}；worker无HTTP并转为FAILED。,无已批准 created_at 缺失领域码；unknown23502 default500，worker遵循失败策略。,create_manual_content_version/create_content_revision 持有 request Session 并最终 commit；generation.process_generation_job 持有独立 SessionLocal，失败 rollback 后提交 Job FAILED；_create_human_content 不拥有根事务。,真实PG对HTTP INSERT与worker INSERT强制created_at=NULL；断言23502+table=content_versions+column=created_at、HTTP原子回滚、worker只保留FAILED Job。
not_null:content_versions.created_by,content_versions,created_by,NOT NULL,backend/app/migration_schema_v1.py:466-508; backend/alembic/versions/0035_business_workflow_primary_tasks.py:174-198; backend/app/models/content.py:91-150; contracts/database.md:418-421,content_production._create_human_content←create_manual_content_version/create_content_revision（INSERT created_by）; generation.process_generation_job（INSERT created_by）,createManualContentVersion;createContentRevision;无 HTTP operationId（generation.process_generation_job worker）,认证actor或已持久化job.created_by；无该NOT NULL专用预检，数据库是最终authority。,人工版本 HTTP 失败由 get_db request Session 回滚，当前 235xx 进入全局 IntegrityError handler 并误报 409 REVISION_CONFLICT；worker 无 HTTP，通用异常分支回滚结果事务并持久化 Job FAILED/GENERATION_FAILED。,HTTP owner的23502当前误报409 REVISION_CONFLICT/数据约束冲突/details={}；worker无HTTP并转为FAILED。,无已批准 created_by 缺失领域码；unknown23502 default500，worker遵循失败策略。,create_manual_content_version/create_content_revision 持有 request Session 并最终 commit；generation.process_generation_job 持有独立 SessionLocal，失败 rollback 后提交 Job FAILED；_create_human_content 不拥有根事务。,真实PG对HTTP INSERT与worker INSERT强制created_by=NULL；断言23502+table=content_versions+column=created_by、HTTP原子回滚、worker只保留FAILED Job。
not_null:content_versions.fact_version_id,content_versions,fact_version_id,NOT NULL,backend/app/migration_schema_v1.py:466-508; backend/alembic/versions/0035_business_workflow_primary_tasks.py:174-198; backend/app/models/content.py:91-150; contracts/database.md:418-421,content_production._create_human_content←create_manual_content_version/create_content_revision（INSERT fact_version_id）; generation.process_generation_job（INSERT fact_version_id）,createManualContentVersion;createContentRevision;无 HTTP operationId（generation.process_generation_job worker）,人工/worker均先校验批准的fact；无该NOT NULL专用预检，数据库是最终authority。,人工版本 HTTP 失败由 get_db request Session 回滚，当前 235xx 进入全局 IntegrityError handler 并误报 409 REVISION_CONFLICT；worker 无 HTTP，通用异常分支回滚结果事务并持久化 Job FAILED/GENERATION_FAILED。,HTTP owner的23502当前误报409 REVISION_CONFLICT/数据约束冲突/details={}；worker无HTTP并转为FAILED。,无已批准 fact_version_id 缺失领域码；unknown23502 default500，worker遵循失败策略。,create_manual_content_version/create_content_revision 持有 request Session 并最终 commit；generation.process_generation_job 持有独立 SessionLocal，失败 rollback 后提交 Job FAILED；_create_human_content 不拥有根事务。,真实PG对HTTP INSERT与worker INSERT强制fact_version_id=NULL；断言23502+table=content_versions+column=fact_version_id、HTTP原子回滚、worker只保留FAILED Job。
not_null:content_versions.id,content_versions,id,NOT NULL,backend/app/migration_schema_v1.py:466-508; backend/alembic/versions/0035_business_workflow_primary_tasks.py:174-198; backend/app/models/content.py:91-150; contracts/database.md:418-421,content_production._create_human_content←create_manual_content_version/create_content_revision（INSERT id）; generation.process_generation_job（INSERT id）,createManualContentVersion;createContentRevision;无 HTTP operationId（generation.process_generation_job worker）,ORM new_uuid default；无该NOT NULL专用预检，数据库是最终authority。,人工版本 HTTP 失败由 get_db request Session 回滚，当前 235xx 进入全局 IntegrityError handler 并误报 409 REVISION_CONFLICT；worker 无 HTTP，通用异常分支回滚结果事务并持久化 Job FAILED/GENERATION_FAILED。,HTTP owner的23502当前误报409 REVISION_CONFLICT/数据约束冲突/details={}；worker无HTTP并转为FAILED。,无已批准 id 缺失领域码；unknown23502 default500，worker遵循失败策略。,create_manual_content_version/create_content_revision 持有 request Session 并最终 commit；generation.process_generation_job 持有独立 SessionLocal，失败 rollback 后提交 Job FAILED；_create_human_content 不拥有根事务。,真实PG对HTTP INSERT与worker INSERT强制id=NULL；断言23502+table=content_versions+column=id、HTTP原子回滚、worker只保留FAILED Job。
not_null:content_versions.quality_issues,content_versions,quality_issues,NOT NULL,backend/app/migration_schema_v1.py:466-508; backend/alembic/versions/0035_business_workflow_primary_tasks.py:174-198; backend/app/models/content.py:91-150; contracts/database.md:418-421,content_production._create_human_content←create_manual_content_version/create_content_revision（INSERT quality_issues）; generation.process_generation_job（INSERT quality_issues）; content_production.update_content_draft（UPDATE quality_issues）,createManualContentVersion;createContentRevision;updateContentDraft;无 HTTP operationId（generation.process_generation_job worker）,人工/worker初始化该字段，草稿更新显式写入；NOT NULL是最终authority。,人工版本 HTTP 失败由 get_db request Session 回滚，当前 235xx 进入全局 IntegrityError handler 并误报 409 REVISION_CONFLICT；worker 无 HTTP，通用异常分支回滚结果事务并持久化 Job FAILED/GENERATION_FAILED。,HTTP owner的23502当前误报409 REVISION_CONFLICT/数据约束冲突/details={}；worker无HTTP并转为FAILED。,无已批准 quality_issues 缺失领域码；unknown23502 default500，worker遵循失败策略。,人工create与update_content_draft各持有request Session；generation.process_generation_job持有独立SessionLocal。,真实PG对HTTP UPDATE与worker INSERT强制quality_issues=NULL；断言23502+table=content_versions+column=quality_issues、HTTP原子回滚、worker只保留FAILED Job。
not_null:content_versions.revision,content_versions,revision,NOT NULL,backend/app/migration_schema_v1.py:466-508; backend/alembic/versions/0035_business_workflow_primary_tasks.py:174-198; backend/app/models/content.py:91-150; contracts/database.md:418-421,content_production._create_human_content←create_manual_content_version/create_content_revision（INSERT default 0）; generation.process_generation_job（INSERT default 0）; content_production.update_content_draft/content_production.abandon_content_version/review.transition_content_version（UPDATE revision）,createManualContentVersion;createContentRevision;updateContentDraft;abandonContentVersion;submitContentVersion;approveContentVersion;requestContentVersionChanges;无 HTTP operationId（generation.process_generation_job worker）,ORM default=0；所有HTTP UPDATE先校验expected_revision再递增；NOT NULL是最终authority。,人工版本 HTTP 失败由 get_db request Session 回滚，当前 235xx 进入全局 IntegrityError handler 并误报 409 REVISION_CONFLICT；worker 无 HTTP，通用异常分支回滚结果事务并持久化 Job FAILED/GENERATION_FAILED。,HTTP23502当前误报409 REVISION_CONFLICT/数据约束冲突/details={}；worker无HTTP并转为FAILED。,无已批准revision缺失领域码；unknown23502 default500，不能与真实expected_revision冲突混同。,人工create/update/abandon/review command各持有request Session；generation.process_generation_job持有独立SessionLocal。,真实PG以updateContentDraft或approve强制revision=NULL并以worker INSERT覆盖NULL；断言23502 column、review/audit或草稿变更整笔回滚，worker只保留FAILED Job。
not_null:content_versions.source_type,content_versions,source_type,NOT NULL,backend/app/migration_schema_v1.py:466-508; backend/alembic/versions/0035_business_workflow_primary_tasks.py:174-198; backend/app/models/content.py:91-150; contracts/database.md:418-421,content_production._create_human_content←create_manual_content_version/create_content_revision（INSERT source_type）; generation.process_generation_job（INSERT source_type）,createManualContentVersion;createContentRevision;无 HTTP operationId（generation.process_generation_job worker）,人工固定HUMAN，worker固定AI；无该NOT NULL专用预检，数据库是最终authority。,人工版本 HTTP 失败由 get_db request Session 回滚，当前 235xx 进入全局 IntegrityError handler 并误报 409 REVISION_CONFLICT；worker 无 HTTP，通用异常分支回滚结果事务并持久化 Job FAILED/GENERATION_FAILED。,HTTP owner的23502当前误报409 REVISION_CONFLICT/数据约束冲突/details={}；worker无HTTP并转为FAILED。,无已批准 source_type 缺失领域码；unknown23502 default500，worker遵循失败策略。,create_manual_content_version/create_content_revision 持有 request Session 并最终 commit；generation.process_generation_job 持有独立 SessionLocal，失败 rollback 后提交 Job FAILED；_create_human_content 不拥有根事务。,真实PG对HTTP INSERT与worker INSERT强制source_type=NULL；断言23502+table=content_versions+column=source_type、HTTP原子回滚、worker只保留FAILED Job。
not_null:content_versions.status,content_versions,status,NOT NULL,backend/app/migration_schema_v1.py:466-508; backend/alembic/versions/0035_business_workflow_primary_tasks.py:174-198; backend/app/models/content.py:91-150; contracts/database.md:418-421,content_production._create_human_content←create_manual_content_version/create_content_revision（INSERT DRAFT）; generation.process_generation_job（INSERT DRAFT）; content_production.abandon_content_version/review.transition_content_version（UPDATE status）,createManualContentVersion;createContentRevision;abandonContentVersion;submitContentVersion;approveContentVersion;requestContentVersionChanges;无 HTTP operationId（generation.process_generation_job worker）,人工/worker固定DRAFT；abandon/review执行状态门禁；NOT NULL与CHECK是最终authority。,人工版本 HTTP 失败由 get_db request Session 回滚，当前 235xx 进入全局 IntegrityError handler 并误报 409 REVISION_CONFLICT；worker 无 HTTP，通用异常分支回滚结果事务并持久化 Job FAILED/GENERATION_FAILED。,HTTP23502当前误报409 REVISION_CONFLICT/数据约束冲突/details={}；worker无HTTP并转为FAILED。,无已批准status缺失领域码；unknown23502 default500。,人工create/abandon/review command各持有request Session；generation.process_generation_job持有独立SessionLocal。,真实PG以approve强制status=NULL并以worker INSERT覆盖NULL；断言23502 column、旧approved/review/audit整笔回滚，worker只保留FAILED Job。
not_null:content_versions.summary,content_versions,summary,NOT NULL,backend/app/migration_schema_v1.py:466-508; backend/alembic/versions/0035_business_workflow_primary_tasks.py:174-198; backend/app/models/content.py:91-150; contracts/database.md:418-421,content_production._create_human_content←create_manual_content_version/create_content_revision（INSERT summary）; generation.process_generation_job（INSERT summary）; content_production.update_content_draft（UPDATE summary）,createManualContentVersion;createContentRevision;updateContentDraft;无 HTTP operationId（generation.process_generation_job worker）,HTTP schema/_validated_content_fields与GeneratedDraft做非空门禁；update_content_draft写入该字段；NOT NULL是最终authority。,人工版本 HTTP 失败由 get_db request Session 回滚，当前 235xx 进入全局 IntegrityError handler 并误报 409 REVISION_CONFLICT；worker 无 HTTP，通用异常分支回滚结果事务并持久化 Job FAILED/GENERATION_FAILED。,HTTP owner的23502当前误报409 REVISION_CONFLICT/数据约束冲突/details={}；worker无HTTP并转为FAILED。,无已批准 summary 缺失领域码；unknown23502 default500，worker遵循失败策略。,人工create与update_content_draft各持有request Session；generation.process_generation_job持有独立SessionLocal。,真实PG对HTTP UPDATE与worker INSERT强制summary=NULL；断言23502+table=content_versions+column=summary、HTTP原子回滚、worker只保留FAILED Job。
not_null:content_versions.tags,content_versions,tags,NOT NULL,backend/app/migration_schema_v1.py:466-508; backend/alembic/versions/0035_business_workflow_primary_tasks.py:174-198; backend/app/models/content.py:91-150; contracts/database.md:418-421,content_production._create_human_content←create_manual_content_version/create_content_revision（INSERT tags）; generation.process_generation_job（INSERT tags）; content_production.update_content_draft（UPDATE tags）,createManualContentVersion;createContentRevision;updateContentDraft;无 HTTP operationId（generation.process_generation_job worker）,HTTP schema/_validated_content_fields与GeneratedDraft做非空门禁；update_content_draft写入该字段；NOT NULL是最终authority。,人工版本 HTTP 失败由 get_db request Session 回滚，当前 235xx 进入全局 IntegrityError handler 并误报 409 REVISION_CONFLICT；worker 无 HTTP，通用异常分支回滚结果事务并持久化 Job FAILED/GENERATION_FAILED。,HTTP owner的23502当前误报409 REVISION_CONFLICT/数据约束冲突/details={}；worker无HTTP并转为FAILED。,无已批准 tags 缺失领域码；unknown23502 default500，worker遵循失败策略。,人工create与update_content_draft各持有request Session；generation.process_generation_job持有独立SessionLocal。,真实PG对HTTP UPDATE与worker INSERT强制tags=NULL；断言23502+table=content_versions+column=tags、HTTP原子回滚、worker只保留FAILED Job。
not_null:content_versions.task_id,content_versions,task_id,NOT NULL,backend/app/migration_schema_v1.py:466-508; backend/alembic/versions/0035_business_workflow_primary_tasks.py:174-198; backend/app/models/content.py:91-150; contracts/database.md:418-421,content_production._create_human_content←create_manual_content_version/create_content_revision（INSERT task_id）; generation.process_generation_job（INSERT task_id）,createManualContentVersion;createContentRevision;无 HTTP operationId（generation.process_generation_job worker）,人工/worker均锁定task；无该NOT NULL专用预检，数据库是最终authority。,人工版本 HTTP 失败由 get_db request Session 回滚，当前 235xx 进入全局 IntegrityError handler 并误报 409 REVISION_CONFLICT；worker 无 HTTP，通用异常分支回滚结果事务并持久化 Job FAILED/GENERATION_FAILED。,HTTP owner的23502当前误报409 REVISION_CONFLICT/数据约束冲突/details={}；worker无HTTP并转为FAILED。,无已批准 task_id 缺失领域码；unknown23502 default500，worker遵循失败策略。,create_manual_content_version/create_content_revision 持有 request Session 并最终 commit；generation.process_generation_job 持有独立 SessionLocal，失败 rollback 后提交 Job FAILED；_create_human_content 不拥有根事务。,真实PG对HTTP INSERT与worker INSERT强制task_id=NULL；断言23502+table=content_versions+column=task_id、HTTP原子回滚、worker只保留FAILED Job。
not_null:content_versions.title,content_versions,title,NOT NULL,backend/app/migration_schema_v1.py:466-508; backend/alembic/versions/0035_business_workflow_primary_tasks.py:174-198; backend/app/models/content.py:91-150; contracts/database.md:418-421,content_production._create_human_content←create_manual_content_version/create_content_revision（INSERT title）; generation.process_generation_job（INSERT title）; content_production.update_content_draft（UPDATE title）,createManualContentVersion;createContentRevision;updateContentDraft;无 HTTP operationId（generation.process_generation_job worker）,HTTP schema/_validated_content_fields与GeneratedDraft做非空门禁；update_content_draft写入该字段；NOT NULL是最终authority。,人工版本 HTTP 失败由 get_db request Session 回滚，当前 235xx 进入全局 IntegrityError handler 并误报 409 REVISION_CONFLICT；worker 无 HTTP，通用异常分支回滚结果事务并持久化 Job FAILED/GENERATION_FAILED。,HTTP owner的23502当前误报409 REVISION_CONFLICT/数据约束冲突/details={}；worker无HTTP并转为FAILED。,无已批准 title 缺失领域码；unknown23502 default500，worker遵循失败策略。,人工create与update_content_draft各持有request Session；generation.process_generation_job持有独立SessionLocal。,真实PG对HTTP UPDATE与worker INSERT强制title=NULL；断言23502+table=content_versions+column=title、HTTP原子回滚、worker只保留FAILED Job。
not_null:content_versions.version,content_versions,version,NOT NULL,backend/app/migration_schema_v1.py:466-508; backend/alembic/versions/0035_business_workflow_primary_tasks.py:174-198; backend/app/models/content.py:91-150; contracts/database.md:418-421,content_production._create_human_content←create_manual_content_version/create_content_revision（INSERT version）; generation.process_generation_job（INSERT version）,createManualContentVersion;createContentRevision;无 HTTP operationId（generation.process_generation_job worker）,task lock内按max+1生成；无该NOT NULL专用预检，数据库是最终authority。,人工版本 HTTP 失败由 get_db request Session 回滚，当前 235xx 进入全局 IntegrityError handler 并误报 409 REVISION_CONFLICT；worker 无 HTTP，通用异常分支回滚结果事务并持久化 Job FAILED/GENERATION_FAILED。,HTTP owner的23502当前误报409 REVISION_CONFLICT/数据约束冲突/details={}；worker无HTTP并转为FAILED。,无已批准 version 缺失领域码；unknown23502 default500，worker遵循失败策略。,create_manual_content_version/create_content_revision 持有 request Session 并最终 commit；generation.process_generation_job 持有独立 SessionLocal，失败 rollback 后提交 Job FAILED；_create_human_content 不拥有根事务。,真实PG对HTTP INSERT与worker INSERT强制version=NULL；断言23502+table=content_versions+column=version、HTTP原子回滚、worker只保留FAILED Job。
not_null:fact_review_records.action,fact_review_records,action,NOT NULL,"backend/app/migration_schema_v1.py:330-339 ; backend/app/models/product_facts.py:27-116 ; contracts/database.md:417,455",review.transition_fact_version; product_facts.delete_fact_version,submitProductFactReview;approveFactVersion;requestFactVersionChanges;retireFactVersion;deleteFactVersion,review.transition_fact_version; product_facts.delete_fact_version: 直接写入/修改/删除链按该列或触发器语义执行；未见 not_null:fact_review_records.action 专用预检，数据库 NOT NULL 是 authority,review.transition_fact_version; product_facts.delete_fact_version: 未见按 not_null:fact_review_records.action 专用 diagnostics mapper；失败由最终 owner rollback，异常进入全局 handler（worker 则由独立 Session 处理）,HTTP owner 当前未捕获时全局 409 REVISION_CONFLICT / 数据约束冲突（不泄漏 DB）。,not_null:fact_review_records.action：按 PostgreSQL diagnostics 精确映射；未批准领域 code 时 default500/contract-decision required，禁止错误文本映射。,review.transition_fact_version; product_facts.delete_fact_version 的最终 flush/commit command 或独立 worker Session（间接 helper 不拥有事务）,真实 PostgreSQL NOT NULL sentinel：not_null:fact_review_records.action；仅覆盖直接 owner review.transition_fact_version; product_facts.delete_fact_version / operation submitProductFactReview;approveFactVersion;requestFactVersionChanges;retireFactVersion;deleteFactVersion；断言失败边界、rollback、无 SUCCESS audit
not_null:fact_review_records.actor_id,fact_review_records,actor_id,NOT NULL,"backend/app/migration_schema_v1.py:330-339 ; backend/app/models/product_facts.py:27-116 ; contracts/database.md:417,455",review.transition_fact_version; product_facts.delete_fact_version,submitProductFactReview;approveFactVersion;requestFactVersionChanges;retireFactVersion;deleteFactVersion,review.transition_fact_version; product_facts.delete_fact_version: 直接写入/修改/删除链按该列或触发器语义执行；未见 not_null:fact_review_records.actor_id 专用预检，数据库 NOT NULL 是 authority,review.transition_fact_version; product_facts.delete_fact_version: 未见按 not_null:fact_review_records.actor_id 专用 diagnostics mapper；失败由最终 owner rollback，异常进入全局 handler（worker 则由独立 Session 处理）,HTTP owner 当前未捕获时全局 409 REVISION_CONFLICT / 数据约束冲突（不泄漏 DB）。,not_null:fact_review_records.actor_id：按 PostgreSQL diagnostics 精确映射；未批准领域 code 时 default500/contract-decision required，禁止错误文本映射。,review.transition_fact_version; product_facts.delete_fact_version 的最终 flush/commit command 或独立 worker Session（间接 helper 不拥有事务）,真实 PostgreSQL NOT NULL sentinel：not_null:fact_review_records.actor_id；仅覆盖直接 owner review.transition_fact_version; product_facts.delete_fact_version / operation submitProductFactReview;approveFactVersion;requestFactVersionChanges;retireFactVersion;deleteFactVersion；断言失败边界、rollback、无 SUCCESS audit
not_null:fact_review_records.comment,fact_review_records,comment,NOT NULL,"backend/app/migration_schema_v1.py:330-339 ; backend/app/models/product_facts.py:27-116 ; contracts/database.md:417,455",review.transition_fact_version; product_facts.delete_fact_version,submitProductFactReview;approveFactVersion;requestFactVersionChanges;retireFactVersion;deleteFactVersion,review.transition_fact_version; product_facts.delete_fact_version: 直接写入/修改/删除链按该列或触发器语义执行；未见 not_null:fact_review_records.comment 专用预检，数据库 NOT NULL 是 authority,review.transition_fact_version; product_facts.delete_fact_version: 未见按 not_null:fact_review_records.comment 专用 diagnostics mapper；失败由最终 owner rollback，异常进入全局 handler（worker 则由独立 Session 处理）,HTTP owner 当前未捕获时全局 409 REVISION_CONFLICT / 数据约束冲突（不泄漏 DB）。,not_null:fact_review_records.comment：按 PostgreSQL diagnostics 精确映射；未批准领域 code 时 default500/contract-decision required，禁止错误文本映射。,review.transition_fact_version; product_facts.delete_fact_version 的最终 flush/commit command 或独立 worker Session（间接 helper 不拥有事务）,真实 PostgreSQL NOT NULL sentinel：not_null:fact_review_records.comment；仅覆盖直接 owner review.transition_fact_version; product_facts.delete_fact_version / operation submitProductFactReview;approveFactVersion;requestFactVersionChanges;retireFactVersion;deleteFactVersion；断言失败边界、rollback、无 SUCCESS audit
not_null:fact_review_records.created_at,fact_review_records,created_at,NOT NULL,"backend/app/migration_schema_v1.py:330-339 ; backend/app/models/product_facts.py:27-116 ; contracts/database.md:417,455",review.transition_fact_version; product_facts.delete_fact_version,submitProductFactReview;approveFactVersion;requestFactVersionChanges;retireFactVersion;deleteFactVersion,review.transition_fact_version; product_facts.delete_fact_version: 直接写入/修改/删除链按该列或触发器语义执行；未见 not_null:fact_review_records.created_at 专用预检，数据库 NOT NULL 是 authority,review.transition_fact_version; product_facts.delete_fact_version: 未见按 not_null:fact_review_records.created_at 专用 diagnostics mapper；失败由最终 owner rollback，异常进入全局 handler（worker 则由独立 Session 处理）,HTTP owner 当前未捕获时全局 409 REVISION_CONFLICT / 数据约束冲突（不泄漏 DB）。,not_null:fact_review_records.created_at：按 PostgreSQL diagnostics 精确映射；未批准领域 code 时 default500/contract-decision required，禁止错误文本映射。,review.transition_fact_version; product_facts.delete_fact_version 的最终 flush/commit command 或独立 worker Session（间接 helper 不拥有事务）,真实 PostgreSQL NOT NULL sentinel：not_null:fact_review_records.created_at；仅覆盖直接 owner review.transition_fact_version; product_facts.delete_fact_version / operation submitProductFactReview;approveFactVersion;requestFactVersionChanges;retireFactVersion;deleteFactVersion；断言失败边界、rollback、无 SUCCESS audit
not_null:fact_review_records.fact_version_id,fact_review_records,fact_version_id,NOT NULL,"backend/app/migration_schema_v1.py:330-339 ; backend/app/models/product_facts.py:27-116 ; contracts/database.md:417,455",review.transition_fact_version; product_facts.delete_fact_version,submitProductFactReview;approveFactVersion;requestFactVersionChanges;retireFactVersion;deleteFactVersion,review.transition_fact_version; product_facts.delete_fact_version: 直接写入/修改/删除链按该列或触发器语义执行；未见 not_null:fact_review_records.fact_version_id 专用预检，数据库 NOT NULL 是 authority,review.transition_fact_version; product_facts.delete_fact_version: 未见按 not_null:fact_review_records.fact_version_id 专用 diagnostics mapper；失败由最终 owner rollback，异常进入全局 handler（worker 则由独立 Session 处理）,HTTP owner 当前未捕获时全局 409 REVISION_CONFLICT / 数据约束冲突（不泄漏 DB）。,not_null:fact_review_records.fact_version_id：按 PostgreSQL diagnostics 精确映射；未批准领域 code 时 default500/contract-decision required，禁止错误文本映射。,review.transition_fact_version; product_facts.delete_fact_version 的最终 flush/commit command 或独立 worker Session（间接 helper 不拥有事务）,真实 PostgreSQL NOT NULL sentinel：not_null:fact_review_records.fact_version_id；仅覆盖直接 owner review.transition_fact_version; product_facts.delete_fact_version / operation submitProductFactReview;approveFactVersion;requestFactVersionChanges;retireFactVersion;deleteFactVersion；断言失败边界、rollback、无 SUCCESS audit
not_null:fact_review_records.id,fact_review_records,id,NOT NULL,"backend/app/migration_schema_v1.py:330-339 ; backend/app/models/product_facts.py:27-116 ; contracts/database.md:417,455",review.transition_fact_version; product_facts.delete_fact_version,submitProductFactReview;approveFactVersion;requestFactVersionChanges;retireFactVersion;deleteFactVersion,review.transition_fact_version; product_facts.delete_fact_version: 直接写入/修改/删除链按该列或触发器语义执行；未见 not_null:fact_review_records.id 专用预检，数据库 NOT NULL 是 authority,review.transition_fact_version; product_facts.delete_fact_version: 未见按 not_null:fact_review_records.id 专用 diagnostics mapper；失败由最终 owner rollback，异常进入全局 handler（worker 则由独立 Session 处理）,HTTP owner 当前未捕获时全局 409 REVISION_CONFLICT / 数据约束冲突（不泄漏 DB）。,not_null:fact_review_records.id：按 PostgreSQL diagnostics 精确映射；未批准领域 code 时 default500/contract-decision required，禁止错误文本映射。,review.transition_fact_version; product_facts.delete_fact_version 的最终 flush/commit command 或独立 worker Session（间接 helper 不拥有事务）,真实 PostgreSQL NOT NULL sentinel：not_null:fact_review_records.id；仅覆盖直接 owner review.transition_fact_version; product_facts.delete_fact_version / operation submitProductFactReview;approveFactVersion;requestFactVersionChanges;retireFactVersion;deleteFactVersion；断言失败边界、rollback、无 SUCCESS audit
not_null:fact_versions.body_markdown,fact_versions,body_markdown,NOT NULL,"backend/app/migration_schema_v1.py:304-314; backend/alembic/versions/0035_business_workflow_primary_tasks.py:174-198 ; backend/app/models/product_facts.py:27-116 ; contracts/database.md:217,309,416-417",product_facts.replace_product_facts; review.transition_fact_version; product_facts.delete_fact_version,replaceProductFactsDraft;submitProductFactReview;approveFactVersion;requestFactVersionChanges;retireFactVersion;deleteFactVersion,product_facts.replace_product_facts; review.transition_fact_version; product_facts.delete_fact_version: 直接构造/修改为 fact_versions.body_markdown 提供值；未见独立 NOT NULL 预检，DB NOT NULL 是 authority,product_facts.replace_product_facts; review.transition_fact_version; product_facts.delete_fact_version: 未按 23502 的 table_name/column_name 做本地 mapper；HTTP 异常进入 errors.py:76-79，全局 worker/内部路径仅失败,23502 当前 HTTP owner 全局 409 REVISION_CONFLICT / 数据约束冲突（不泄漏 DB）,fact_versions.body_markdown 缺失应由 contract-decision 批准字段级 4xx；未知 23502 default500，不能伪装 revision,product_facts.replace_product_facts; review.transition_fact_version; product_facts.delete_fact_version 的直接 command 顶层 Session（由 owner 负责 flush/commit/rollback）,真实 PostgreSQL NOT NULL sentinel：not_null:fact_versions.body_markdown；仅覆盖直接 owner product_facts.replace_product_facts; review.transition_fact_version; product_facts.delete_fact_version / operation replaceProductFactsDraft;submitProductFactReview;approveFactVersion;requestFactVersionChanges;retireFactVersion;deleteFactVersion；断言 diagnostics/HTTP 或 worker 失败边界、rollback、无 SUCCESS audit
not_null:fact_versions.change_summary,fact_versions,change_summary,NOT NULL,"backend/app/migration_schema_v1.py:304-314; backend/alembic/versions/0035_business_workflow_primary_tasks.py:174-198 ; backend/app/models/product_facts.py:27-116 ; contracts/database.md:217,309,416-417",product_facts.replace_product_facts; review.transition_fact_version; product_facts.delete_fact_version,replaceProductFactsDraft;submitProductFactReview;approveFactVersion;requestFactVersionChanges;retireFactVersion;deleteFactVersion,product_facts.replace_product_facts; review.transition_fact_version; product_facts.delete_fact_version: 直接构造/修改为 fact_versions.change_summary 提供值；未见独立 NOT NULL 预检，DB NOT NULL 是 authority,product_facts.replace_product_facts; review.transition_fact_version; product_facts.delete_fact_version: 未按 23502 的 table_name/column_name 做本地 mapper；HTTP 异常进入 errors.py:76-79，全局 worker/内部路径仅失败,23502 当前 HTTP owner 全局 409 REVISION_CONFLICT / 数据约束冲突（不泄漏 DB）,fact_versions.change_summary 缺失应由 contract-decision 批准字段级 4xx；未知 23502 default500，不能伪装 revision,product_facts.replace_product_facts; review.transition_fact_version; product_facts.delete_fact_version 的直接 command 顶层 Session（由 owner 负责 flush/commit/rollback）,真实 PostgreSQL NOT NULL sentinel：not_null:fact_versions.change_summary；仅覆盖直接 owner product_facts.replace_product_facts; review.transition_fact_version; product_facts.delete_fact_version / operation replaceProductFactsDraft;submitProductFactReview;approveFactVersion;requestFactVersionChanges;retireFactVersion;deleteFactVersion；断言 diagnostics/HTTP 或 worker 失败边界、rollback、无 SUCCESS audit
not_null:fact_versions.classification,fact_versions,classification,NOT NULL,"backend/app/migration_schema_v1.py:304-314; backend/alembic/versions/0035_business_workflow_primary_tasks.py:174-198 ; backend/app/models/product_facts.py:27-116 ; contracts/database.md:217,309,416-417",product_facts.replace_product_facts; review.transition_fact_version; product_facts.delete_fact_version,replaceProductFactsDraft;submitProductFactReview;approveFactVersion;requestFactVersionChanges;retireFactVersion;deleteFactVersion,product_facts.replace_product_facts; review.transition_fact_version; product_facts.delete_fact_version: 直接构造/修改为 fact_versions.classification 提供值；未见独立 NOT NULL 预检，DB NOT NULL 是 authority,product_facts.replace_product_facts; review.transition_fact_version; product_facts.delete_fact_version: 未按 23502 的 table_name/column_name 做本地 mapper；HTTP 异常进入 errors.py:76-79，全局 worker/内部路径仅失败,23502 当前 HTTP owner 全局 409 REVISION_CONFLICT / 数据约束冲突（不泄漏 DB）,fact_versions.classification 缺失应由 contract-decision 批准字段级 4xx；未知 23502 default500，不能伪装 revision,product_facts.replace_product_facts; review.transition_fact_version; product_facts.delete_fact_version 的直接 command 顶层 Session（由 owner 负责 flush/commit/rollback）,真实 PostgreSQL NOT NULL sentinel：not_null:fact_versions.classification；仅覆盖直接 owner product_facts.replace_product_facts; review.transition_fact_version; product_facts.delete_fact_version / operation replaceProductFactsDraft;submitProductFactReview;approveFactVersion;requestFactVersionChanges;retireFactVersion;deleteFactVersion；断言 diagnostics/HTTP 或 worker 失败边界、rollback、无 SUCCESS audit
not_null:fact_versions.created_at,fact_versions,created_at,NOT NULL,"backend/app/migration_schema_v1.py:304-314; backend/alembic/versions/0035_business_workflow_primary_tasks.py:174-198 ; backend/app/models/product_facts.py:27-116 ; contracts/database.md:217,309,416-417",product_facts.replace_product_facts; review.transition_fact_version; product_facts.delete_fact_version,replaceProductFactsDraft;submitProductFactReview;approveFactVersion;requestFactVersionChanges;retireFactVersion;deleteFactVersion,product_facts.replace_product_facts; review.transition_fact_version; product_facts.delete_fact_version: 直接构造/修改为 fact_versions.created_at 提供值；未见独立 NOT NULL 预检，DB NOT NULL 是 authority,product_facts.replace_product_facts; review.transition_fact_version; product_facts.delete_fact_version: 未按 23502 的 table_name/column_name 做本地 mapper；HTTP 异常进入 errors.py:76-79，全局 worker/内部路径仅失败,23502 当前 HTTP owner 全局 409 REVISION_CONFLICT / 数据约束冲突（不泄漏 DB）,fact_versions.created_at 缺失应由 contract-decision 批准字段级 4xx；未知 23502 default500，不能伪装 revision,product_facts.replace_product_facts; review.transition_fact_version; product_facts.delete_fact_version 的直接 command 顶层 Session（由 owner 负责 flush/commit/rollback）,真实 PostgreSQL NOT NULL sentinel：not_null:fact_versions.created_at；仅覆盖直接 owner product_facts.replace_product_facts; review.transition_fact_version; product_facts.delete_fact_version / operation replaceProductFactsDraft;submitProductFactReview;approveFactVersion;requestFactVersionChanges;retireFactVersion;deleteFactVersion；断言 diagnostics/HTTP 或 worker 失败边界、rollback、无 SUCCESS audit
not_null:fact_versions.created_by,fact_versions,created_by,NOT NULL,"backend/app/migration_schema_v1.py:304-314; backend/alembic/versions/0035_business_workflow_primary_tasks.py:174-198 ; backend/app/models/product_facts.py:27-116 ; contracts/database.md:217,309,416-417",product_facts.replace_product_facts; review.transition_fact_version; product_facts.delete_fact_version,replaceProductFactsDraft;submitProductFactReview;approveFactVersion;requestFactVersionChanges;retireFactVersion;deleteFactVersion,product_facts.replace_product_facts; review.transition_fact_version; product_facts.delete_fact_version: 直接构造/修改为 fact_versions.created_by 提供值；未见独立 NOT NULL 预检，DB NOT NULL 是 authority,product_facts.replace_product_facts; review.transition_fact_version; product_facts.delete_fact_version: 未按 23502 的 table_name/column_name 做本地 mapper；HTTP 异常进入 errors.py:76-79，全局 worker/内部路径仅失败,23502 当前 HTTP owner 全局 409 REVISION_CONFLICT / 数据约束冲突（不泄漏 DB）,fact_versions.created_by 缺失应由 contract-decision 批准字段级 4xx；未知 23502 default500，不能伪装 revision,product_facts.replace_product_facts; review.transition_fact_version; product_facts.delete_fact_version 的直接 command 顶层 Session（由 owner 负责 flush/commit/rollback）,真实 PostgreSQL NOT NULL sentinel：not_null:fact_versions.created_by；仅覆盖直接 owner product_facts.replace_product_facts; review.transition_fact_version; product_facts.delete_fact_version / operation replaceProductFactsDraft;submitProductFactReview;approveFactVersion;requestFactVersionChanges;retireFactVersion;deleteFactVersion；断言 diagnostics/HTTP 或 worker 失败边界、rollback、无 SUCCESS audit
not_null:fact_versions.id,fact_versions,id,NOT NULL,"backend/app/migration_schema_v1.py:304-314; backend/alembic/versions/0035_business_workflow_primary_tasks.py:174-198 ; backend/app/models/product_facts.py:27-116 ; contracts/database.md:217,309,416-417",product_facts.replace_product_facts; review.transition_fact_version; product_facts.delete_fact_version,replaceProductFactsDraft;submitProductFactReview;approveFactVersion;requestFactVersionChanges;retireFactVersion;deleteFactVersion,product_facts.replace_product_facts; review.transition_fact_version; product_facts.delete_fact_version: 直接构造/修改为 fact_versions.id 提供值；未见独立 NOT NULL 预检，DB NOT NULL 是 authority,product_facts.replace_product_facts; review.transition_fact_version; product_facts.delete_fact_version: 未按 23502 的 table_name/column_name 做本地 mapper；HTTP 异常进入 errors.py:76-79，全局 worker/内部路径仅失败,23502 当前 HTTP owner 全局 409 REVISION_CONFLICT / 数据约束冲突（不泄漏 DB）,fact_versions.id 缺失应由 contract-decision 批准字段级 4xx；未知 23502 default500，不能伪装 revision,product_facts.replace_product_facts; review.transition_fact_version; product_facts.delete_fact_version 的直接 command 顶层 Session（由 owner 负责 flush/commit/rollback）,真实 PostgreSQL NOT NULL sentinel：not_null:fact_versions.id；仅覆盖直接 owner product_facts.replace_product_facts; review.transition_fact_version; product_facts.delete_fact_version / operation replaceProductFactsDraft;submitProductFactReview;approveFactVersion;requestFactVersionChanges;retireFactVersion;deleteFactVersion；断言 diagnostics/HTTP 或 worker 失败边界、rollback、无 SUCCESS audit
not_null:fact_versions.product_id,fact_versions,product_id,NOT NULL,"backend/app/migration_schema_v1.py:304-314; backend/alembic/versions/0035_business_workflow_primary_tasks.py:174-198 ; backend/app/models/product_facts.py:27-116 ; contracts/database.md:217,309,416-417",product_facts.replace_product_facts; review.transition_fact_version; product_facts.delete_fact_version,replaceProductFactsDraft;submitProductFactReview;approveFactVersion;requestFactVersionChanges;retireFactVersion;deleteFactVersion,product_facts.replace_product_facts; review.transition_fact_version; product_facts.delete_fact_version: 直接构造/修改为 fact_versions.product_id 提供值；未见独立 NOT NULL 预检，DB NOT NULL 是 authority,product_facts.replace_product_facts; review.transition_fact_version; product_facts.delete_fact_version: 未按 23502 的 table_name/column_name 做本地 mapper；HTTP 异常进入 errors.py:76-79，全局 worker/内部路径仅失败,23502 当前 HTTP owner 全局 409 REVISION_CONFLICT / 数据约束冲突（不泄漏 DB）,fact_versions.product_id 缺失应由 contract-decision 批准字段级 4xx；未知 23502 default500，不能伪装 revision,product_facts.replace_product_facts; review.transition_fact_version; product_facts.delete_fact_version 的直接 command 顶层 Session（由 owner 负责 flush/commit/rollback）,真实 PostgreSQL NOT NULL sentinel：not_null:fact_versions.product_id；仅覆盖直接 owner product_facts.replace_product_facts; review.transition_fact_version; product_facts.delete_fact_version / operation replaceProductFactsDraft;submitProductFactReview;approveFactVersion;requestFactVersionChanges;retireFactVersion;deleteFactVersion；断言 diagnostics/HTTP 或 worker 失败边界、rollback、无 SUCCESS audit
not_null:fact_versions.revision,fact_versions,revision,NOT NULL,"backend/app/migration_schema_v1.py:304-314; backend/alembic/versions/0035_business_workflow_primary_tasks.py:174-198 ; backend/app/models/product_facts.py:27-116 ; contracts/database.md:217,309,416-417",product_facts.replace_product_facts; review.transition_fact_version; product_facts.delete_fact_version,replaceProductFactsDraft;submitProductFactReview;approveFactVersion;requestFactVersionChanges;retireFactVersion;deleteFactVersion,product_facts.replace_product_facts; review.transition_fact_version; product_facts.delete_fact_version: 直接构造/修改为 fact_versions.revision 提供值；未见独立 NOT NULL 预检，DB NOT NULL 是 authority,product_facts.replace_product_facts; review.transition_fact_version; product_facts.delete_fact_version: 未按 23502 的 table_name/column_name 做本地 mapper；HTTP 异常进入 errors.py:76-79，全局 worker/内部路径仅失败,23502 当前 HTTP owner 全局 409 REVISION_CONFLICT / 数据约束冲突（不泄漏 DB）,fact_versions.revision 缺失应由 contract-decision 批准字段级 4xx；未知 23502 default500，不能伪装 revision,product_facts.replace_product_facts; review.transition_fact_version; product_facts.delete_fact_version 的直接 command 顶层 Session（由 owner 负责 flush/commit/rollback）,真实 PostgreSQL NOT NULL sentinel：not_null:fact_versions.revision；仅覆盖直接 owner product_facts.replace_product_facts; review.transition_fact_version; product_facts.delete_fact_version / operation replaceProductFactsDraft;submitProductFactReview;approveFactVersion;requestFactVersionChanges;retireFactVersion;deleteFactVersion；断言 diagnostics/HTTP 或 worker 失败边界、rollback、无 SUCCESS audit
not_null:fact_versions.status,fact_versions,status,NOT NULL,"backend/app/migration_schema_v1.py:304-314; backend/alembic/versions/0035_business_workflow_primary_tasks.py:174-198 ; backend/app/models/product_facts.py:27-116 ; contracts/database.md:217,309,416-417",product_facts.replace_product_facts; review.transition_fact_version; product_facts.delete_fact_version,replaceProductFactsDraft;submitProductFactReview;approveFactVersion;requestFactVersionChanges;retireFactVersion;deleteFactVersion,product_facts.replace_product_facts; review.transition_fact_version; product_facts.delete_fact_version: 直接构造/修改为 fact_versions.status 提供值；未见独立 NOT NULL 预检，DB NOT NULL 是 authority,product_facts.replace_product_facts; review.transition_fact_version; product_facts.delete_fact_version: 未按 23502 的 table_name/column_name 做本地 mapper；HTTP 异常进入 errors.py:76-79，全局 worker/内部路径仅失败,23502 当前 HTTP owner 全局 409 REVISION_CONFLICT / 数据约束冲突（不泄漏 DB）,fact_versions.status 缺失应由 contract-decision 批准字段级 4xx；未知 23502 default500，不能伪装 revision,product_facts.replace_product_facts; review.transition_fact_version; product_facts.delete_fact_version 的直接 command 顶层 Session（由 owner 负责 flush/commit/rollback）,真实 PostgreSQL NOT NULL sentinel：not_null:fact_versions.status；仅覆盖直接 owner product_facts.replace_product_facts; review.transition_fact_version; product_facts.delete_fact_version / operation replaceProductFactsDraft;submitProductFactReview;approveFactVersion;requestFactVersionChanges;retireFactVersion;deleteFactVersion；断言 diagnostics/HTTP 或 worker 失败边界、rollback、无 SUCCESS audit
not_null:fact_versions.version,fact_versions,version,NOT NULL,"backend/app/migration_schema_v1.py:304-314; backend/alembic/versions/0035_business_workflow_primary_tasks.py:174-198 ; backend/app/models/product_facts.py:27-116 ; contracts/database.md:217,309,416-417",product_facts.replace_product_facts; review.transition_fact_version; product_facts.delete_fact_version,replaceProductFactsDraft;submitProductFactReview;approveFactVersion;requestFactVersionChanges;retireFactVersion;deleteFactVersion,product_facts.replace_product_facts; review.transition_fact_version; product_facts.delete_fact_version: 直接构造/修改为 fact_versions.version 提供值；未见独立 NOT NULL 预检，DB NOT NULL 是 authority,product_facts.replace_product_facts; review.transition_fact_version; product_facts.delete_fact_version: 未按 23502 的 table_name/column_name 做本地 mapper；HTTP 异常进入 errors.py:76-79，全局 worker/内部路径仅失败,23502 当前 HTTP owner 全局 409 REVISION_CONFLICT / 数据约束冲突（不泄漏 DB）,fact_versions.version 缺失应由 contract-decision 批准字段级 4xx；未知 23502 default500，不能伪装 revision,product_facts.replace_product_facts; review.transition_fact_version; product_facts.delete_fact_version 的直接 command 顶层 Session（由 owner 负责 flush/commit/rollback）,真实 PostgreSQL NOT NULL sentinel：not_null:fact_versions.version；仅覆盖直接 owner product_facts.replace_product_facts; review.transition_fact_version; product_facts.delete_fact_version / operation replaceProductFactsDraft;submitProductFactReview;approveFactVersion;requestFactVersionChanges;retireFactVersion;deleteFactVersion；断言 diagnostics/HTTP 或 worker 失败边界、rollback、无 SUCCESS audit
not_null:file_records.access_level,file_records,access_level,NOT NULL,"backend/app/migration_schema_v1.py:657-669; backend/alembic/versions/0008_files.py:20-30 ; backend/app/models/geo_files.py:24-125 ; contracts/database.md:65-69,431-432",file_records.create_upload_intent; file_records.complete_file_upload; file_records.abort_file_upload; platform_logo_files.create_platform_logo_candidate; file_records.cleanup_file_records,createFileUploadIntent;completeFileUpload;abortFileUpload;createPlatformLogoCandidate;无 HTTP operationId（file cleanup worker）,file_records.create_upload_intent; file_records.complete_file_upload; file_records.abort_file_upload; platform_logo_files.create_platform_logo_candidate; file_records.cleanup_file_records: 直接构造/修改为 file_records.access_level 提供值；未见独立 NOT NULL 预检，DB NOT NULL 是 authority,file_records.create_upload_intent; file_records.complete_file_upload; file_records.abort_file_upload; platform_logo_files.create_platform_logo_candidate; file_records.cleanup_file_records: 未按 23502 的 table_name/column_name 做本地 mapper；HTTP 异常进入 errors.py:76-79，全局 worker/内部路径仅失败,HTTP owner 当前 23502 → 全局 409 REVISION_CONFLICT；worker/内部 owner 无 HTTP 响应,file_records.access_level 缺失应由 contract-decision 批准字段级 4xx；未知 23502 default500，不能伪装 revision,file_records.create_upload_intent; file_records.complete_file_upload; file_records.abort_file_upload; platform_logo_files.create_platform_logo_candidate; file_records.cleanup_file_records：HTTP caller 与 generation/file worker 各自使用其顶层 Session；worker 直接拥有 flush/commit，不能归给 initiating HTTP request,真实 PostgreSQL NOT NULL sentinel：not_null:file_records.access_level；仅覆盖直接 owner file_records.create_upload_intent; file_records.complete_file_upload; file_records.abort_file_upload; platform_logo_files.create_platform_logo_candidate; file_records.cleanup_file_records / operation createFileUploadIntent;completeFileUpload;abortFileUpload;createPlatformLogoCandidate;无 HTTP operationId（file cleanup worker）；断言 diagnostics/HTTP 或 worker 失败边界、rollback、无 SUCCESS audit
not_null:file_records.category,file_records,category,NOT NULL,"backend/app/migration_schema_v1.py:657-669; backend/alembic/versions/0008_files.py:20-30 ; backend/app/models/geo_files.py:24-125 ; contracts/database.md:65-69,431-432",file_records.create_upload_intent; file_records.complete_file_upload; file_records.abort_file_upload; platform_logo_files.create_platform_logo_candidate; file_records.cleanup_file_records,createFileUploadIntent;completeFileUpload;abortFileUpload;createPlatformLogoCandidate;无 HTTP operationId（file cleanup worker）,file_records.create_upload_intent; file_records.complete_file_upload; file_records.abort_file_upload; platform_logo_files.create_platform_logo_candidate; file_records.cleanup_file_records: 直接构造/修改为 file_records.category 提供值；未见独立 NOT NULL 预检，DB NOT NULL 是 authority,file_records.create_upload_intent; file_records.complete_file_upload; file_records.abort_file_upload; platform_logo_files.create_platform_logo_candidate; file_records.cleanup_file_records: 未按 23502 的 table_name/column_name 做本地 mapper；HTTP 异常进入 errors.py:76-79，全局 worker/内部路径仅失败,HTTP owner 当前 23502 → 全局 409 REVISION_CONFLICT；worker/内部 owner 无 HTTP 响应,file_records.category 缺失应由 contract-decision 批准字段级 4xx；未知 23502 default500，不能伪装 revision,file_records.create_upload_intent; file_records.complete_file_upload; file_records.abort_file_upload; platform_logo_files.create_platform_logo_candidate; file_records.cleanup_file_records：HTTP caller 与 generation/file worker 各自使用其顶层 Session；worker 直接拥有 flush/commit，不能归给 initiating HTTP request,真实 PostgreSQL NOT NULL sentinel：not_null:file_records.category；仅覆盖直接 owner file_records.create_upload_intent; file_records.complete_file_upload; file_records.abort_file_upload; platform_logo_files.create_platform_logo_candidate; file_records.cleanup_file_records / operation createFileUploadIntent;completeFileUpload;abortFileUpload;createPlatformLogoCandidate;无 HTTP operationId（file cleanup worker）；断言 diagnostics/HTTP 或 worker 失败边界、rollback、无 SUCCESS audit
not_null:file_records.content_type,file_records,content_type,NOT NULL,"backend/app/migration_schema_v1.py:657-669; backend/alembic/versions/0008_files.py:20-30 ; backend/app/models/geo_files.py:24-125 ; contracts/database.md:65-69,431-432",file_records.create_upload_intent; file_records.complete_file_upload; file_records.abort_file_upload; platform_logo_files.create_platform_logo_candidate; file_records.cleanup_file_records,createFileUploadIntent;completeFileUpload;abortFileUpload;createPlatformLogoCandidate;无 HTTP operationId（file cleanup worker）,file_records.create_upload_intent; file_records.complete_file_upload; file_records.abort_file_upload; platform_logo_files.create_platform_logo_candidate; file_records.cleanup_file_records: 直接构造/修改为 file_records.content_type 提供值；未见独立 NOT NULL 预检，DB NOT NULL 是 authority,file_records.create_upload_intent; file_records.complete_file_upload; file_records.abort_file_upload; platform_logo_files.create_platform_logo_candidate; file_records.cleanup_file_records: 未按 23502 的 table_name/column_name 做本地 mapper；HTTP 异常进入 errors.py:76-79，全局 worker/内部路径仅失败,HTTP owner 当前 23502 → 全局 409 REVISION_CONFLICT；worker/内部 owner 无 HTTP 响应,file_records.content_type 缺失应由 contract-decision 批准字段级 4xx；未知 23502 default500，不能伪装 revision,file_records.create_upload_intent; file_records.complete_file_upload; file_records.abort_file_upload; platform_logo_files.create_platform_logo_candidate; file_records.cleanup_file_records：HTTP caller 与 generation/file worker 各自使用其顶层 Session；worker 直接拥有 flush/commit，不能归给 initiating HTTP request,真实 PostgreSQL NOT NULL sentinel：not_null:file_records.content_type；仅覆盖直接 owner file_records.create_upload_intent; file_records.complete_file_upload; file_records.abort_file_upload; platform_logo_files.create_platform_logo_candidate; file_records.cleanup_file_records / operation createFileUploadIntent;completeFileUpload;abortFileUpload;createPlatformLogoCandidate;无 HTTP operationId（file cleanup worker）；断言 diagnostics/HTTP 或 worker 失败边界、rollback、无 SUCCESS audit
not_null:file_records.created_at,file_records,created_at,NOT NULL,"backend/app/migration_schema_v1.py:657-669; backend/alembic/versions/0008_files.py:20-30 ; backend/app/models/geo_files.py:24-125 ; contracts/database.md:65-69,431-432",file_records.create_upload_intent; file_records.complete_file_upload; file_records.abort_file_upload; platform_logo_files.create_platform_logo_candidate; file_records.cleanup_file_records,createFileUploadIntent;completeFileUpload;abortFileUpload;createPlatformLogoCandidate;无 HTTP operationId（file cleanup worker）,file_records.create_upload_intent; file_records.complete_file_upload; file_records.abort_file_upload; platform_logo_files.create_platform_logo_candidate; file_records.cleanup_file_records: 直接构造/修改为 file_records.created_at 提供值；未见独立 NOT NULL 预检，DB NOT NULL 是 authority,file_records.create_upload_intent; file_records.complete_file_upload; file_records.abort_file_upload; platform_logo_files.create_platform_logo_candidate; file_records.cleanup_file_records: 未按 23502 的 table_name/column_name 做本地 mapper；HTTP 异常进入 errors.py:76-79，全局 worker/内部路径仅失败,HTTP owner 当前 23502 → 全局 409 REVISION_CONFLICT；worker/内部 owner 无 HTTP 响应,file_records.created_at 缺失应由 contract-decision 批准字段级 4xx；未知 23502 default500，不能伪装 revision,file_records.create_upload_intent; file_records.complete_file_upload; file_records.abort_file_upload; platform_logo_files.create_platform_logo_candidate; file_records.cleanup_file_records：HTTP caller 与 generation/file worker 各自使用其顶层 Session；worker 直接拥有 flush/commit，不能归给 initiating HTTP request,真实 PostgreSQL NOT NULL sentinel：not_null:file_records.created_at；仅覆盖直接 owner file_records.create_upload_intent; file_records.complete_file_upload; file_records.abort_file_upload; platform_logo_files.create_platform_logo_candidate; file_records.cleanup_file_records / operation createFileUploadIntent;completeFileUpload;abortFileUpload;createPlatformLogoCandidate;无 HTTP operationId（file cleanup worker）；断言 diagnostics/HTTP 或 worker 失败边界、rollback、无 SUCCESS audit
not_null:file_records.id,file_records,id,NOT NULL,"backend/app/migration_schema_v1.py:657-669; backend/alembic/versions/0008_files.py:20-30 ; backend/app/models/geo_files.py:24-125 ; contracts/database.md:65-69,431-432",file_records.create_upload_intent; file_records.complete_file_upload; file_records.abort_file_upload; platform_logo_files.create_platform_logo_candidate; file_records.cleanup_file_records,createFileUploadIntent;completeFileUpload;abortFileUpload;createPlatformLogoCandidate;无 HTTP operationId（file cleanup worker）,file_records.create_upload_intent; file_records.complete_file_upload; file_records.abort_file_upload; platform_logo_files.create_platform_logo_candidate; file_records.cleanup_file_records: 直接构造/修改为 file_records.id 提供值；未见独立 NOT NULL 预检，DB NOT NULL 是 authority,file_records.create_upload_intent; file_records.complete_file_upload; file_records.abort_file_upload; platform_logo_files.create_platform_logo_candidate; file_records.cleanup_file_records: 未按 23502 的 table_name/column_name 做本地 mapper；HTTP 异常进入 errors.py:76-79，全局 worker/内部路径仅失败,HTTP owner 当前 23502 → 全局 409 REVISION_CONFLICT；worker/内部 owner 无 HTTP 响应,file_records.id 缺失应由 contract-decision 批准字段级 4xx；未知 23502 default500，不能伪装 revision,file_records.create_upload_intent; file_records.complete_file_upload; file_records.abort_file_upload; platform_logo_files.create_platform_logo_candidate; file_records.cleanup_file_records：HTTP caller 与 generation/file worker 各自使用其顶层 Session；worker 直接拥有 flush/commit，不能归给 initiating HTTP request,真实 PostgreSQL NOT NULL sentinel：not_null:file_records.id；仅覆盖直接 owner file_records.create_upload_intent; file_records.complete_file_upload; file_records.abort_file_upload; platform_logo_files.create_platform_logo_candidate; file_records.cleanup_file_records / operation createFileUploadIntent;completeFileUpload;abortFileUpload;createPlatformLogoCandidate;无 HTTP operationId（file cleanup worker）；断言 diagnostics/HTTP 或 worker 失败边界、rollback、无 SUCCESS audit
not_null:file_records.object_key,file_records,object_key,NOT NULL,"backend/app/migration_schema_v1.py:657-669; backend/alembic/versions/0008_files.py:20-30 ; backend/app/models/geo_files.py:24-125 ; contracts/database.md:65-69,431-432",file_records.create_upload_intent; file_records.complete_file_upload; file_records.abort_file_upload; platform_logo_files.create_platform_logo_candidate; file_records.cleanup_file_records,createFileUploadIntent;completeFileUpload;abortFileUpload;createPlatformLogoCandidate;无 HTTP operationId（file cleanup worker）,file_records.create_upload_intent; file_records.complete_file_upload; file_records.abort_file_upload; platform_logo_files.create_platform_logo_candidate; file_records.cleanup_file_records: 直接构造/修改为 file_records.object_key 提供值；未见独立 NOT NULL 预检，DB NOT NULL 是 authority,file_records.create_upload_intent; file_records.complete_file_upload; file_records.abort_file_upload; platform_logo_files.create_platform_logo_candidate; file_records.cleanup_file_records: 未按 23502 的 table_name/column_name 做本地 mapper；HTTP 异常进入 errors.py:76-79，全局 worker/内部路径仅失败,HTTP owner 当前 23502 → 全局 409 REVISION_CONFLICT；worker/内部 owner 无 HTTP 响应,file_records.object_key 缺失应由 contract-decision 批准字段级 4xx；未知 23502 default500，不能伪装 revision,file_records.create_upload_intent; file_records.complete_file_upload; file_records.abort_file_upload; platform_logo_files.create_platform_logo_candidate; file_records.cleanup_file_records：HTTP caller 与 generation/file worker 各自使用其顶层 Session；worker 直接拥有 flush/commit，不能归给 initiating HTTP request,真实 PostgreSQL NOT NULL sentinel：not_null:file_records.object_key；仅覆盖直接 owner file_records.create_upload_intent; file_records.complete_file_upload; file_records.abort_file_upload; platform_logo_files.create_platform_logo_candidate; file_records.cleanup_file_records / operation createFileUploadIntent;completeFileUpload;abortFileUpload;createPlatformLogoCandidate;无 HTTP operationId（file cleanup worker）；断言 diagnostics/HTTP 或 worker 失败边界、rollback、无 SUCCESS audit
not_null:file_records.original_filename,file_records,original_filename,NOT NULL,"backend/app/migration_schema_v1.py:657-669; backend/alembic/versions/0008_files.py:20-30 ; backend/app/models/geo_files.py:24-125 ; contracts/database.md:65-69,431-432",file_records.create_upload_intent; file_records.complete_file_upload; file_records.abort_file_upload; platform_logo_files.create_platform_logo_candidate; file_records.cleanup_file_records,createFileUploadIntent;completeFileUpload;abortFileUpload;createPlatformLogoCandidate;无 HTTP operationId（file cleanup worker）,file_records.create_upload_intent; file_records.complete_file_upload; file_records.abort_file_upload; platform_logo_files.create_platform_logo_candidate; file_records.cleanup_file_records: 直接构造/修改为 file_records.original_filename 提供值；未见独立 NOT NULL 预检，DB NOT NULL 是 authority,file_records.create_upload_intent; file_records.complete_file_upload; file_records.abort_file_upload; platform_logo_files.create_platform_logo_candidate; file_records.cleanup_file_records: 未按 23502 的 table_name/column_name 做本地 mapper；HTTP 异常进入 errors.py:76-79，全局 worker/内部路径仅失败,HTTP owner 当前 23502 → 全局 409 REVISION_CONFLICT；worker/内部 owner 无 HTTP 响应,file_records.original_filename 缺失应由 contract-decision 批准字段级 4xx；未知 23502 default500，不能伪装 revision,file_records.create_upload_intent; file_records.complete_file_upload; file_records.abort_file_upload; platform_logo_files.create_platform_logo_candidate; file_records.cleanup_file_records：HTTP caller 与 generation/file worker 各自使用其顶层 Session；worker 直接拥有 flush/commit，不能归给 initiating HTTP request,真实 PostgreSQL NOT NULL sentinel：not_null:file_records.original_filename；仅覆盖直接 owner file_records.create_upload_intent; file_records.complete_file_upload; file_records.abort_file_upload; platform_logo_files.create_platform_logo_candidate; file_records.cleanup_file_records / operation createFileUploadIntent;completeFileUpload;abortFileUpload;createPlatformLogoCandidate;无 HTTP operationId（file cleanup worker）；断言 diagnostics/HTTP 或 worker 失败边界、rollback、无 SUCCESS audit
not_null:file_records.sha256,file_records,sha256,NOT NULL,"backend/app/migration_schema_v1.py:657-669; backend/alembic/versions/0008_files.py:20-30 ; backend/app/models/geo_files.py:24-125 ; contracts/database.md:65-69,431-432",file_records.create_upload_intent; file_records.complete_file_upload; file_records.abort_file_upload; platform_logo_files.create_platform_logo_candidate; file_records.cleanup_file_records,createFileUploadIntent;completeFileUpload;abortFileUpload;createPlatformLogoCandidate;无 HTTP operationId（file cleanup worker）,file_records.create_upload_intent; file_records.complete_file_upload; file_records.abort_file_upload; platform_logo_files.create_platform_logo_candidate; file_records.cleanup_file_records: 直接构造/修改为 file_records.sha256 提供值；未见独立 NOT NULL 预检，DB NOT NULL 是 authority,file_records.create_upload_intent; file_records.complete_file_upload; file_records.abort_file_upload; platform_logo_files.create_platform_logo_candidate; file_records.cleanup_file_records: 未按 23502 的 table_name/column_name 做本地 mapper；HTTP 异常进入 errors.py:76-79，全局 worker/内部路径仅失败,HTTP owner 当前 23502 → 全局 409 REVISION_CONFLICT；worker/内部 owner 无 HTTP 响应,file_records.sha256 缺失应由 contract-decision 批准字段级 4xx；未知 23502 default500，不能伪装 revision,file_records.create_upload_intent; file_records.complete_file_upload; file_records.abort_file_upload; platform_logo_files.create_platform_logo_candidate; file_records.cleanup_file_records：HTTP caller 与 generation/file worker 各自使用其顶层 Session；worker 直接拥有 flush/commit，不能归给 initiating HTTP request,真实 PostgreSQL NOT NULL sentinel：not_null:file_records.sha256；仅覆盖直接 owner file_records.create_upload_intent; file_records.complete_file_upload; file_records.abort_file_upload; platform_logo_files.create_platform_logo_candidate; file_records.cleanup_file_records / operation createFileUploadIntent;completeFileUpload;abortFileUpload;createPlatformLogoCandidate;无 HTTP operationId（file cleanup worker）；断言 diagnostics/HTTP 或 worker 失败边界、rollback、无 SUCCESS audit
not_null:file_records.size,file_records,size,NOT NULL,"backend/app/migration_schema_v1.py:657-669; backend/alembic/versions/0008_files.py:20-30 ; backend/app/models/geo_files.py:24-125 ; contracts/database.md:65-69,431-432",file_records.create_upload_intent; file_records.complete_file_upload; file_records.abort_file_upload; platform_logo_files.create_platform_logo_candidate; file_records.cleanup_file_records,createFileUploadIntent;completeFileUpload;abortFileUpload;createPlatformLogoCandidate;无 HTTP operationId（file cleanup worker）,file_records.create_upload_intent; file_records.complete_file_upload; file_records.abort_file_upload; platform_logo_files.create_platform_logo_candidate; file_records.cleanup_file_records: 直接构造/修改为 file_records.size 提供值；未见独立 NOT NULL 预检，DB NOT NULL 是 authority,file_records.create_upload_intent; file_records.complete_file_upload; file_records.abort_file_upload; platform_logo_files.create_platform_logo_candidate; file_records.cleanup_file_records: 未按 23502 的 table_name/column_name 做本地 mapper；HTTP 异常进入 errors.py:76-79，全局 worker/内部路径仅失败,HTTP owner 当前 23502 → 全局 409 REVISION_CONFLICT；worker/内部 owner 无 HTTP 响应,file_records.size 缺失应由 contract-decision 批准字段级 4xx；未知 23502 default500，不能伪装 revision,file_records.create_upload_intent; file_records.complete_file_upload; file_records.abort_file_upload; platform_logo_files.create_platform_logo_candidate; file_records.cleanup_file_records：HTTP caller 与 generation/file worker 各自使用其顶层 Session；worker 直接拥有 flush/commit，不能归给 initiating HTTP request,真实 PostgreSQL NOT NULL sentinel：not_null:file_records.size；仅覆盖直接 owner file_records.create_upload_intent; file_records.complete_file_upload; file_records.abort_file_upload; platform_logo_files.create_platform_logo_candidate; file_records.cleanup_file_records / operation createFileUploadIntent;completeFileUpload;abortFileUpload;createPlatformLogoCandidate;无 HTTP operationId（file cleanup worker）；断言 diagnostics/HTTP 或 worker 失败边界、rollback、无 SUCCESS audit
not_null:file_records.status,file_records,status,NOT NULL,"backend/app/migration_schema_v1.py:657-669; backend/alembic/versions/0008_files.py:20-30 ; backend/app/models/geo_files.py:24-125 ; contracts/database.md:65-69,431-432",file_records.create_upload_intent; file_records.complete_file_upload; file_records.abort_file_upload; platform_logo_files.create_platform_logo_candidate; file_records.cleanup_file_records,createFileUploadIntent;completeFileUpload;abortFileUpload;createPlatformLogoCandidate;无 HTTP operationId（file cleanup worker）,file_records.create_upload_intent; file_records.complete_file_upload; file_records.abort_file_upload; platform_logo_files.create_platform_logo_candidate; file_records.cleanup_file_records: 直接构造/修改为 file_records.status 提供值；未见独立 NOT NULL 预检，DB NOT NULL 是 authority,file_records.create_upload_intent; file_records.complete_file_upload; file_records.abort_file_upload; platform_logo_files.create_platform_logo_candidate; file_records.cleanup_file_records: 未按 23502 的 table_name/column_name 做本地 mapper；HTTP 异常进入 errors.py:76-79，全局 worker/内部路径仅失败,HTTP owner 当前 23502 → 全局 409 REVISION_CONFLICT；worker/内部 owner 无 HTTP 响应,file_records.status 缺失应由 contract-decision 批准字段级 4xx；未知 23502 default500，不能伪装 revision,file_records.create_upload_intent; file_records.complete_file_upload; file_records.abort_file_upload; platform_logo_files.create_platform_logo_candidate; file_records.cleanup_file_records：HTTP caller 与 generation/file worker 各自使用其顶层 Session；worker 直接拥有 flush/commit，不能归给 initiating HTTP request,真实 PostgreSQL NOT NULL sentinel：not_null:file_records.status；仅覆盖直接 owner file_records.create_upload_intent; file_records.complete_file_upload; file_records.abort_file_upload; platform_logo_files.create_platform_logo_candidate; file_records.cleanup_file_records / operation createFileUploadIntent;completeFileUpload;abortFileUpload;createPlatformLogoCandidate;无 HTTP operationId（file cleanup worker）；断言 diagnostics/HTTP 或 worker 失败边界、rollback、无 SUCCESS audit
not_null:file_records.upload_expires_at,file_records,upload_expires_at,NOT NULL,"backend/app/migration_schema_v1.py:657-669; backend/alembic/versions/0008_files.py:20-30 ; backend/app/models/geo_files.py:24-125 ; contracts/database.md:65-69,431-432",file_records.create_upload_intent; file_records.complete_file_upload; file_records.abort_file_upload; platform_logo_files.create_platform_logo_candidate; file_records.cleanup_file_records,createFileUploadIntent;completeFileUpload;abortFileUpload;createPlatformLogoCandidate;无 HTTP operationId（file cleanup worker）,file_records.create_upload_intent; file_records.complete_file_upload; file_records.abort_file_upload; platform_logo_files.create_platform_logo_candidate; file_records.cleanup_file_records: 直接构造/修改为 file_records.upload_expires_at 提供值；未见独立 NOT NULL 预检，DB NOT NULL 是 authority,file_records.create_upload_intent; file_records.complete_file_upload; file_records.abort_file_upload; platform_logo_files.create_platform_logo_candidate; file_records.cleanup_file_records: 未按 23502 的 table_name/column_name 做本地 mapper；HTTP 异常进入 errors.py:76-79，全局 worker/内部路径仅失败,HTTP owner 当前 23502 → 全局 409 REVISION_CONFLICT；worker/内部 owner 无 HTTP 响应,file_records.upload_expires_at 缺失应由 contract-decision 批准字段级 4xx；未知 23502 default500，不能伪装 revision,file_records.create_upload_intent; file_records.complete_file_upload; file_records.abort_file_upload; platform_logo_files.create_platform_logo_candidate; file_records.cleanup_file_records：HTTP caller 与 generation/file worker 各自使用其顶层 Session；worker 直接拥有 flush/commit，不能归给 initiating HTTP request,真实 PostgreSQL NOT NULL sentinel：not_null:file_records.upload_expires_at；仅覆盖直接 owner file_records.create_upload_intent; file_records.complete_file_upload; file_records.abort_file_upload; platform_logo_files.create_platform_logo_candidate; file_records.cleanup_file_records / operation createFileUploadIntent;completeFileUpload;abortFileUpload;createPlatformLogoCandidate;无 HTTP operationId（file cleanup worker）；断言 diagnostics/HTTP 或 worker 失败边界、rollback、无 SUCCESS audit
not_null:file_records.uploader_id,file_records,uploader_id,NOT NULL,"backend/app/migration_schema_v1.py:657-669; backend/alembic/versions/0008_files.py:20-30 ; backend/app/models/geo_files.py:24-125 ; contracts/database.md:65-69,431-432",file_records.create_upload_intent; file_records.complete_file_upload; file_records.abort_file_upload; platform_logo_files.create_platform_logo_candidate; file_records.cleanup_file_records,createFileUploadIntent;completeFileUpload;abortFileUpload;createPlatformLogoCandidate;无 HTTP operationId（file cleanup worker）,file_records.create_upload_intent; file_records.complete_file_upload; file_records.abort_file_upload; platform_logo_files.create_platform_logo_candidate; file_records.cleanup_file_records: 直接构造/修改为 file_records.uploader_id 提供值；未见独立 NOT NULL 预检，DB NOT NULL 是 authority,file_records.create_upload_intent; file_records.complete_file_upload; file_records.abort_file_upload; platform_logo_files.create_platform_logo_candidate; file_records.cleanup_file_records: 未按 23502 的 table_name/column_name 做本地 mapper；HTTP 异常进入 errors.py:76-79，全局 worker/内部路径仅失败,HTTP owner 当前 23502 → 全局 409 REVISION_CONFLICT；worker/内部 owner 无 HTTP 响应,file_records.uploader_id 缺失应由 contract-decision 批准字段级 4xx；未知 23502 default500，不能伪装 revision,file_records.create_upload_intent; file_records.complete_file_upload; file_records.abort_file_upload; platform_logo_files.create_platform_logo_candidate; file_records.cleanup_file_records：HTTP caller 与 generation/file worker 各自使用其顶层 Session；worker 直接拥有 flush/commit，不能归给 initiating HTTP request,真实 PostgreSQL NOT NULL sentinel：not_null:file_records.uploader_id；仅覆盖直接 owner file_records.create_upload_intent; file_records.complete_file_upload; file_records.abort_file_upload; platform_logo_files.create_platform_logo_candidate; file_records.cleanup_file_records / operation createFileUploadIntent;completeFileUpload;abortFileUpload;createPlatformLogoCandidate;无 HTTP operationId（file cleanup worker）；断言 diagnostics/HTTP 或 worker 失败边界、rollback、无 SUCCESS audit
not_null:generation_jobs.adapter_name,generation_jobs,adapter_name,NOT NULL,"backend/app/migration_schema_v1.py:426-465; backend/alembic/versions/0009_config_center.py:244-280; backend/alembic/versions/0011_generation_reliability.py:22-34 ; backend/app/models/ai_generation.py:29-228 ; contracts/database.md:43,81,91,129,436-440",content_production.create_generation_job; content_production.create_humanization_job; content_production.retry_generation_job; generation.process_generation_job; publication.permanently_delete_content_task,createGenerationJob;createHumanizationJob;retryGenerationJob;无 HTTP operationId（generation.process_generation_job worker）;permanentlyDeleteContentTask,content_production.create_generation_job; content_production.create_humanization_job; content_production.retry_generation_job; generation.process_generation_job; publication.permanently_delete_content_task: 直接写入/修改/删除链按该约束列或触发器语义执行；未见 not_null:generation_jobs.adapter_name 专用预检，数据库 NOT NULL 是 authority,content_production.create_generation_job; content_production.create_humanization_job; content_production.retry_generation_job; generation.process_generation_job; publication.permanently_delete_content_task: 未见按 not_null:generation_jobs.adapter_name 专用 diagnostics mapper；失败由最终 owner rollback，异常进入全局 handler（worker 则由独立 Session 处理）,HTTP owner 当前未捕获时全局 409 REVISION_CONFLICT；worker 无 HTTP operationId，失败由 worker Session rollback/FAILED 记录。,not_null:generation_jobs.adapter_name：按 PostgreSQL diagnostics 精确映射；未批准领域 code 时 default500/contract-decision required，禁止错误文本映射。,content_production.create_generation_job; content_production.create_humanization_job; content_production.retry_generation_job; generation.process_generation_job; publication.permanently_delete_content_task 的最终 flush/commit command 或独立 worker Session（间接 helper 不拥有事务）,真实 PostgreSQL NOT NULL sentinel：not_null:generation_jobs.adapter_name；仅覆盖直接 owner content_production.create_generation_job; content_production.create_humanization_job; content_production.retry_generation_job; generation.process_generation_job; publication.permanently_delete_content_task / operation createGenerationJob;createHumanizationJob;retryGenerationJob;无 HTTP operationId（generation.process_generation_job worker）;permanentlyDeleteContentTask；断言失败边界、rollback、无 SUCCESS audit
not_null:generation_jobs.attempt_count,generation_jobs,attempt_count,NOT NULL,"backend/app/migration_schema_v1.py:426-465; backend/alembic/versions/0009_config_center.py:244-280; backend/alembic/versions/0011_generation_reliability.py:22-34 ; backend/app/models/ai_generation.py:29-228 ; contracts/database.md:43,81,91,129,436-440",content_production.create_generation_job; content_production.create_humanization_job; content_production.retry_generation_job; generation.process_generation_job; publication.permanently_delete_content_task,createGenerationJob;createHumanizationJob;retryGenerationJob;无 HTTP operationId（generation.process_generation_job worker）;permanentlyDeleteContentTask,content_production.create_generation_job; content_production.create_humanization_job; content_production.retry_generation_job; generation.process_generation_job; publication.permanently_delete_content_task: 直接写入/修改/删除链按该约束列或触发器语义执行；未见 not_null:generation_jobs.attempt_count 专用预检，数据库 NOT NULL 是 authority,content_production.create_generation_job; content_production.create_humanization_job; content_production.retry_generation_job; generation.process_generation_job; publication.permanently_delete_content_task: 未见按 not_null:generation_jobs.attempt_count 专用 diagnostics mapper；失败由最终 owner rollback，异常进入全局 handler（worker 则由独立 Session 处理）,HTTP owner 当前未捕获时全局 409 REVISION_CONFLICT；worker 无 HTTP operationId，失败由 worker Session rollback/FAILED 记录。,not_null:generation_jobs.attempt_count：按 PostgreSQL diagnostics 精确映射；未批准领域 code 时 default500/contract-decision required，禁止错误文本映射。,content_production.create_generation_job; content_production.create_humanization_job; content_production.retry_generation_job; generation.process_generation_job; publication.permanently_delete_content_task 的最终 flush/commit command 或独立 worker Session（间接 helper 不拥有事务）,真实 PostgreSQL NOT NULL sentinel：not_null:generation_jobs.attempt_count；仅覆盖直接 owner content_production.create_generation_job; content_production.create_humanization_job; content_production.retry_generation_job; generation.process_generation_job; publication.permanently_delete_content_task / operation createGenerationJob;createHumanizationJob;retryGenerationJob;无 HTTP operationId（generation.process_generation_job worker）;permanentlyDeleteContentTask；断言失败边界、rollback、无 SUCCESS audit
not_null:generation_jobs.content_task_id,generation_jobs,content_task_id,NOT NULL,"backend/app/migration_schema_v1.py:426-465; backend/alembic/versions/0009_config_center.py:244-280; backend/alembic/versions/0011_generation_reliability.py:22-34 ; backend/app/models/ai_generation.py:29-228 ; contracts/database.md:43,81,91,129,436-440",content_production.create_generation_job; content_production.create_humanization_job; content_production.retry_generation_job; generation.process_generation_job; publication.permanently_delete_content_task,createGenerationJob;createHumanizationJob;retryGenerationJob;无 HTTP operationId（generation.process_generation_job worker）;permanentlyDeleteContentTask,content_production.create_generation_job; content_production.create_humanization_job; content_production.retry_generation_job; generation.process_generation_job; publication.permanently_delete_content_task: 直接写入/修改/删除链按该约束列或触发器语义执行；未见 not_null:generation_jobs.content_task_id 专用预检，数据库 NOT NULL 是 authority,content_production.create_generation_job; content_production.create_humanization_job; content_production.retry_generation_job; generation.process_generation_job; publication.permanently_delete_content_task: 未见按 not_null:generation_jobs.content_task_id 专用 diagnostics mapper；失败由最终 owner rollback，异常进入全局 handler（worker 则由独立 Session 处理）,HTTP owner 当前未捕获时全局 409 REVISION_CONFLICT；worker 无 HTTP operationId，失败由 worker Session rollback/FAILED 记录。,not_null:generation_jobs.content_task_id：按 PostgreSQL diagnostics 精确映射；未批准领域 code 时 default500/contract-decision required，禁止错误文本映射。,content_production.create_generation_job; content_production.create_humanization_job; content_production.retry_generation_job; generation.process_generation_job; publication.permanently_delete_content_task 的最终 flush/commit command 或独立 worker Session（间接 helper 不拥有事务）,真实 PostgreSQL NOT NULL sentinel：not_null:generation_jobs.content_task_id；仅覆盖直接 owner content_production.create_generation_job; content_production.create_humanization_job; content_production.retry_generation_job; generation.process_generation_job; publication.permanently_delete_content_task / operation createGenerationJob;createHumanizationJob;retryGenerationJob;无 HTTP operationId（generation.process_generation_job worker）;permanentlyDeleteContentTask；断言失败边界、rollback、无 SUCCESS audit
not_null:generation_jobs.created_at,generation_jobs,created_at,NOT NULL,"backend/app/migration_schema_v1.py:426-465; backend/alembic/versions/0009_config_center.py:244-280; backend/alembic/versions/0011_generation_reliability.py:22-34 ; backend/app/models/ai_generation.py:29-228 ; contracts/database.md:43,81,91,129,436-440",content_production.create_generation_job; content_production.create_humanization_job; content_production.retry_generation_job; generation.process_generation_job; publication.permanently_delete_content_task,createGenerationJob;createHumanizationJob;retryGenerationJob;无 HTTP operationId（generation.process_generation_job worker）;permanentlyDeleteContentTask,content_production.create_generation_job; content_production.create_humanization_job; content_production.retry_generation_job; generation.process_generation_job; publication.permanently_delete_content_task: 直接写入/修改/删除链按该约束列或触发器语义执行；未见 not_null:generation_jobs.created_at 专用预检，数据库 NOT NULL 是 authority,content_production.create_generation_job; content_production.create_humanization_job; content_production.retry_generation_job; generation.process_generation_job; publication.permanently_delete_content_task: 未见按 not_null:generation_jobs.created_at 专用 diagnostics mapper；失败由最终 owner rollback，异常进入全局 handler（worker 则由独立 Session 处理）,HTTP owner 当前未捕获时全局 409 REVISION_CONFLICT；worker 无 HTTP operationId，失败由 worker Session rollback/FAILED 记录。,not_null:generation_jobs.created_at：按 PostgreSQL diagnostics 精确映射；未批准领域 code 时 default500/contract-decision required，禁止错误文本映射。,content_production.create_generation_job; content_production.create_humanization_job; content_production.retry_generation_job; generation.process_generation_job; publication.permanently_delete_content_task 的最终 flush/commit command 或独立 worker Session（间接 helper 不拥有事务）,真实 PostgreSQL NOT NULL sentinel：not_null:generation_jobs.created_at；仅覆盖直接 owner content_production.create_generation_job; content_production.create_humanization_job; content_production.retry_generation_job; generation.process_generation_job; publication.permanently_delete_content_task / operation createGenerationJob;createHumanizationJob;retryGenerationJob;无 HTTP operationId（generation.process_generation_job worker）;permanentlyDeleteContentTask；断言失败边界、rollback、无 SUCCESS audit
not_null:generation_jobs.created_by,generation_jobs,created_by,NOT NULL,"backend/app/migration_schema_v1.py:426-465; backend/alembic/versions/0009_config_center.py:244-280; backend/alembic/versions/0011_generation_reliability.py:22-34 ; backend/app/models/ai_generation.py:29-228 ; contracts/database.md:43,81,91,129,436-440",content_production.create_generation_job; content_production.create_humanization_job; content_production.retry_generation_job; generation.process_generation_job; publication.permanently_delete_content_task,createGenerationJob;createHumanizationJob;retryGenerationJob;无 HTTP operationId（generation.process_generation_job worker）;permanentlyDeleteContentTask,content_production.create_generation_job; content_production.create_humanization_job; content_production.retry_generation_job; generation.process_generation_job; publication.permanently_delete_content_task: 直接写入/修改/删除链按该约束列或触发器语义执行；未见 not_null:generation_jobs.created_by 专用预检，数据库 NOT NULL 是 authority,content_production.create_generation_job; content_production.create_humanization_job; content_production.retry_generation_job; generation.process_generation_job; publication.permanently_delete_content_task: 未见按 not_null:generation_jobs.created_by 专用 diagnostics mapper；失败由最终 owner rollback，异常进入全局 handler（worker 则由独立 Session 处理）,HTTP owner 当前未捕获时全局 409 REVISION_CONFLICT；worker 无 HTTP operationId，失败由 worker Session rollback/FAILED 记录。,not_null:generation_jobs.created_by：按 PostgreSQL diagnostics 精确映射；未批准领域 code 时 default500/contract-decision required，禁止错误文本映射。,content_production.create_generation_job; content_production.create_humanization_job; content_production.retry_generation_job; generation.process_generation_job; publication.permanently_delete_content_task 的最终 flush/commit command 或独立 worker Session（间接 helper 不拥有事务）,真实 PostgreSQL NOT NULL sentinel：not_null:generation_jobs.created_by；仅覆盖直接 owner content_production.create_generation_job; content_production.create_humanization_job; content_production.retry_generation_job; generation.process_generation_job; publication.permanently_delete_content_task / operation createGenerationJob;createHumanizationJob;retryGenerationJob;无 HTTP operationId（generation.process_generation_job worker）;permanentlyDeleteContentTask；断言失败边界、rollback、无 SUCCESS audit
not_null:generation_jobs.dispatch_attempt_count,generation_jobs,dispatch_attempt_count,NOT NULL,"backend/app/migration_schema_v1.py:426-465; backend/alembic/versions/0009_config_center.py:244-280; backend/alembic/versions/0011_generation_reliability.py:22-34 ; backend/app/models/ai_generation.py:29-228 ; contracts/database.md:43,81,91,129,436-440",content_production.create_generation_job; content_production.create_humanization_job; content_production.retry_generation_job; generation.process_generation_job; publication.permanently_delete_content_task,createGenerationJob;createHumanizationJob;retryGenerationJob;无 HTTP operationId（generation.process_generation_job worker）;permanentlyDeleteContentTask,content_production.create_generation_job; content_production.create_humanization_job; content_production.retry_generation_job; generation.process_generation_job; publication.permanently_delete_content_task: 直接写入/修改/删除链按该约束列或触发器语义执行；未见 not_null:generation_jobs.dispatch_attempt_count 专用预检，数据库 NOT NULL 是 authority,content_production.create_generation_job; content_production.create_humanization_job; content_production.retry_generation_job; generation.process_generation_job; publication.permanently_delete_content_task: 未见按 not_null:generation_jobs.dispatch_attempt_count 专用 diagnostics mapper；失败由最终 owner rollback，异常进入全局 handler（worker 则由独立 Session 处理）,HTTP owner 当前未捕获时全局 409 REVISION_CONFLICT；worker 无 HTTP operationId，失败由 worker Session rollback/FAILED 记录。,not_null:generation_jobs.dispatch_attempt_count：按 PostgreSQL diagnostics 精确映射；未批准领域 code 时 default500/contract-decision required，禁止错误文本映射。,content_production.create_generation_job; content_production.create_humanization_job; content_production.retry_generation_job; generation.process_generation_job; publication.permanently_delete_content_task 的最终 flush/commit command 或独立 worker Session（间接 helper 不拥有事务）,真实 PostgreSQL NOT NULL sentinel：not_null:generation_jobs.dispatch_attempt_count；仅覆盖直接 owner content_production.create_generation_job; content_production.create_humanization_job; content_production.retry_generation_job; generation.process_generation_job; publication.permanently_delete_content_task / operation createGenerationJob;createHumanizationJob;retryGenerationJob;无 HTTP operationId（generation.process_generation_job worker）;permanentlyDeleteContentTask；断言失败边界、rollback、无 SUCCESS audit
not_null:generation_jobs.id,generation_jobs,id,NOT NULL,"backend/app/migration_schema_v1.py:426-465; backend/alembic/versions/0009_config_center.py:244-280; backend/alembic/versions/0011_generation_reliability.py:22-34 ; backend/app/models/ai_generation.py:29-228 ; contracts/database.md:43,81,91,129,436-440",content_production.create_generation_job; content_production.create_humanization_job; content_production.retry_generation_job; generation.process_generation_job; publication.permanently_delete_content_task,createGenerationJob;createHumanizationJob;retryGenerationJob;无 HTTP operationId（generation.process_generation_job worker）;permanentlyDeleteContentTask,content_production.create_generation_job; content_production.create_humanization_job; content_production.retry_generation_job; generation.process_generation_job; publication.permanently_delete_content_task: 直接写入/修改/删除链按该约束列或触发器语义执行；未见 not_null:generation_jobs.id 专用预检，数据库 NOT NULL 是 authority,content_production.create_generation_job; content_production.create_humanization_job; content_production.retry_generation_job; generation.process_generation_job; publication.permanently_delete_content_task: 未见按 not_null:generation_jobs.id 专用 diagnostics mapper；失败由最终 owner rollback，异常进入全局 handler（worker 则由独立 Session 处理）,HTTP owner 当前未捕获时全局 409 REVISION_CONFLICT；worker 无 HTTP operationId，失败由 worker Session rollback/FAILED 记录。,not_null:generation_jobs.id：按 PostgreSQL diagnostics 精确映射；未批准领域 code 时 default500/contract-decision required，禁止错误文本映射。,content_production.create_generation_job; content_production.create_humanization_job; content_production.retry_generation_job; generation.process_generation_job; publication.permanently_delete_content_task 的最终 flush/commit command 或独立 worker Session（间接 helper 不拥有事务）,真实 PostgreSQL NOT NULL sentinel：not_null:generation_jobs.id；仅覆盖直接 owner content_production.create_generation_job; content_production.create_humanization_job; content_production.retry_generation_job; generation.process_generation_job; publication.permanently_delete_content_task / operation createGenerationJob;createHumanizationJob;retryGenerationJob;无 HTTP operationId（generation.process_generation_job worker）;permanentlyDeleteContentTask；断言失败边界、rollback、无 SUCCESS audit
not_null:generation_jobs.idempotency_key,generation_jobs,idempotency_key,NOT NULL,"backend/app/migration_schema_v1.py:426-465; backend/alembic/versions/0009_config_center.py:244-280; backend/alembic/versions/0011_generation_reliability.py:22-34 ; backend/app/models/ai_generation.py:29-228 ; contracts/database.md:43,81,91,129,436-440",content_production.create_generation_job; content_production.create_humanization_job; content_production.retry_generation_job; generation.process_generation_job; publication.permanently_delete_content_task,createGenerationJob;createHumanizationJob;retryGenerationJob;无 HTTP operationId（generation.process_generation_job worker）;permanentlyDeleteContentTask,content_production.create_generation_job; content_production.create_humanization_job; content_production.retry_generation_job; generation.process_generation_job; publication.permanently_delete_content_task: 直接写入/修改/删除链按该约束列或触发器语义执行；未见 not_null:generation_jobs.idempotency_key 专用预检，数据库 NOT NULL 是 authority,content_production.create_generation_job; content_production.create_humanization_job; content_production.retry_generation_job; generation.process_generation_job; publication.permanently_delete_content_task: 未见按 not_null:generation_jobs.idempotency_key 专用 diagnostics mapper；失败由最终 owner rollback，异常进入全局 handler（worker 则由独立 Session 处理）,HTTP owner 当前未捕获时全局 409 REVISION_CONFLICT；worker 无 HTTP operationId，失败由 worker Session rollback/FAILED 记录。,not_null:generation_jobs.idempotency_key：按 PostgreSQL diagnostics 精确映射；未批准领域 code 时 default500/contract-decision required，禁止错误文本映射。,content_production.create_generation_job; content_production.create_humanization_job; content_production.retry_generation_job; generation.process_generation_job; publication.permanently_delete_content_task 的最终 flush/commit command 或独立 worker Session（间接 helper 不拥有事务）,真实 PostgreSQL NOT NULL sentinel：not_null:generation_jobs.idempotency_key；仅覆盖直接 owner content_production.create_generation_job; content_production.create_humanization_job; content_production.retry_generation_job; generation.process_generation_job; publication.permanently_delete_content_task / operation createGenerationJob;createHumanizationJob;retryGenerationJob;无 HTTP operationId（generation.process_generation_job worker）;permanentlyDeleteContentTask；断言失败边界、rollback、无 SUCCESS audit
not_null:generation_jobs.input_snapshot,generation_jobs,input_snapshot,NOT NULL,"backend/app/migration_schema_v1.py:426-465; backend/alembic/versions/0009_config_center.py:244-280; backend/alembic/versions/0011_generation_reliability.py:22-34 ; backend/app/models/ai_generation.py:29-228 ; contracts/database.md:43,81,91,129,436-440",content_production.create_generation_job; content_production.create_humanization_job; content_production.retry_generation_job; generation.process_generation_job; publication.permanently_delete_content_task,createGenerationJob;createHumanizationJob;retryGenerationJob;无 HTTP operationId（generation.process_generation_job worker）;permanentlyDeleteContentTask,content_production.create_generation_job; content_production.create_humanization_job; content_production.retry_generation_job; generation.process_generation_job; publication.permanently_delete_content_task: 直接写入/修改/删除链按该约束列或触发器语义执行；未见 not_null:generation_jobs.input_snapshot 专用预检，数据库 NOT NULL 是 authority,content_production.create_generation_job; content_production.create_humanization_job; content_production.retry_generation_job; generation.process_generation_job; publication.permanently_delete_content_task: 未见按 not_null:generation_jobs.input_snapshot 专用 diagnostics mapper；失败由最终 owner rollback，异常进入全局 handler（worker 则由独立 Session 处理）,HTTP owner 当前未捕获时全局 409 REVISION_CONFLICT；worker 无 HTTP operationId，失败由 worker Session rollback/FAILED 记录。,not_null:generation_jobs.input_snapshot：按 PostgreSQL diagnostics 精确映射；未批准领域 code 时 default500/contract-decision required，禁止错误文本映射。,content_production.create_generation_job; content_production.create_humanization_job; content_production.retry_generation_job; generation.process_generation_job; publication.permanently_delete_content_task 的最终 flush/commit command 或独立 worker Session（间接 helper 不拥有事务）,真实 PostgreSQL NOT NULL sentinel：not_null:generation_jobs.input_snapshot；仅覆盖直接 owner content_production.create_generation_job; content_production.create_humanization_job; content_production.retry_generation_job; generation.process_generation_job; publication.permanently_delete_content_task / operation createGenerationJob;createHumanizationJob;retryGenerationJob;无 HTTP operationId（generation.process_generation_job worker）;permanentlyDeleteContentTask；断言失败边界、rollback、无 SUCCESS audit
not_null:generation_jobs.job_type,generation_jobs,job_type,NOT NULL,"backend/app/migration_schema_v1.py:426-465; backend/alembic/versions/0009_config_center.py:244-280; backend/alembic/versions/0011_generation_reliability.py:22-34 ; backend/app/models/ai_generation.py:29-228 ; contracts/database.md:43,81,91,129,436-440",content_production.create_generation_job; content_production.create_humanization_job; content_production.retry_generation_job; generation.process_generation_job; publication.permanently_delete_content_task,createGenerationJob;createHumanizationJob;retryGenerationJob;无 HTTP operationId（generation.process_generation_job worker）;permanentlyDeleteContentTask,content_production.create_generation_job; content_production.create_humanization_job; content_production.retry_generation_job; generation.process_generation_job; publication.permanently_delete_content_task: 直接写入/修改/删除链按该约束列或触发器语义执行；未见 not_null:generation_jobs.job_type 专用预检，数据库 NOT NULL 是 authority,content_production.create_generation_job; content_production.create_humanization_job; content_production.retry_generation_job; generation.process_generation_job; publication.permanently_delete_content_task: 未见按 not_null:generation_jobs.job_type 专用 diagnostics mapper；失败由最终 owner rollback，异常进入全局 handler（worker 则由独立 Session 处理）,HTTP owner 当前未捕获时全局 409 REVISION_CONFLICT；worker 无 HTTP operationId，失败由 worker Session rollback/FAILED 记录。,not_null:generation_jobs.job_type：按 PostgreSQL diagnostics 精确映射；未批准领域 code 时 default500/contract-decision required，禁止错误文本映射。,content_production.create_generation_job; content_production.create_humanization_job; content_production.retry_generation_job; generation.process_generation_job; publication.permanently_delete_content_task 的最终 flush/commit command 或独立 worker Session（间接 helper 不拥有事务）,真实 PostgreSQL NOT NULL sentinel：not_null:generation_jobs.job_type；仅覆盖直接 owner content_production.create_generation_job; content_production.create_humanization_job; content_production.retry_generation_job; generation.process_generation_job; publication.permanently_delete_content_task / operation createGenerationJob;createHumanizationJob;retryGenerationJob;无 HTTP operationId（generation.process_generation_job worker）;permanentlyDeleteContentTask；断言失败边界、rollback、无 SUCCESS audit
not_null:generation_jobs.prompt_hash,generation_jobs,prompt_hash,NOT NULL,"backend/app/migration_schema_v1.py:426-465; backend/alembic/versions/0009_config_center.py:244-280; backend/alembic/versions/0011_generation_reliability.py:22-34 ; backend/app/models/ai_generation.py:29-228 ; contracts/database.md:43,81,91,129,436-440",content_production.create_generation_job; content_production.create_humanization_job; content_production.retry_generation_job; generation.process_generation_job; publication.permanently_delete_content_task,createGenerationJob;createHumanizationJob;retryGenerationJob;无 HTTP operationId（generation.process_generation_job worker）;permanentlyDeleteContentTask,content_production.create_generation_job; content_production.create_humanization_job; content_production.retry_generation_job; generation.process_generation_job; publication.permanently_delete_content_task: 直接写入/修改/删除链按该约束列或触发器语义执行；未见 not_null:generation_jobs.prompt_hash 专用预检，数据库 NOT NULL 是 authority,content_production.create_generation_job; content_production.create_humanization_job; content_production.retry_generation_job; generation.process_generation_job; publication.permanently_delete_content_task: 未见按 not_null:generation_jobs.prompt_hash 专用 diagnostics mapper；失败由最终 owner rollback，异常进入全局 handler（worker 则由独立 Session 处理）,HTTP owner 当前未捕获时全局 409 REVISION_CONFLICT；worker 无 HTTP operationId，失败由 worker Session rollback/FAILED 记录。,not_null:generation_jobs.prompt_hash：按 PostgreSQL diagnostics 精确映射；未批准领域 code 时 default500/contract-decision required，禁止错误文本映射。,content_production.create_generation_job; content_production.create_humanization_job; content_production.retry_generation_job; generation.process_generation_job; publication.permanently_delete_content_task 的最终 flush/commit command 或独立 worker Session（间接 helper 不拥有事务）,真实 PostgreSQL NOT NULL sentinel：not_null:generation_jobs.prompt_hash；仅覆盖直接 owner content_production.create_generation_job; content_production.create_humanization_job; content_production.retry_generation_job; generation.process_generation_job; publication.permanently_delete_content_task / operation createGenerationJob;createHumanizationJob;retryGenerationJob;无 HTTP operationId（generation.process_generation_job worker）;permanentlyDeleteContentTask；断言失败边界、rollback、无 SUCCESS audit
not_null:generation_jobs.prompt_template_version,generation_jobs,prompt_template_version,NOT NULL,"backend/app/migration_schema_v1.py:426-465; backend/alembic/versions/0009_config_center.py:244-280; backend/alembic/versions/0011_generation_reliability.py:22-34 ; backend/app/models/ai_generation.py:29-228 ; contracts/database.md:43,81,91,129,436-440",content_production.create_generation_job; content_production.create_humanization_job; content_production.retry_generation_job; generation.process_generation_job; publication.permanently_delete_content_task,createGenerationJob;createHumanizationJob;retryGenerationJob;无 HTTP operationId（generation.process_generation_job worker）;permanentlyDeleteContentTask,content_production.create_generation_job; content_production.create_humanization_job; content_production.retry_generation_job; generation.process_generation_job; publication.permanently_delete_content_task: 直接写入/修改/删除链按该约束列或触发器语义执行；未见 not_null:generation_jobs.prompt_template_version 专用预检，数据库 NOT NULL 是 authority,content_production.create_generation_job; content_production.create_humanization_job; content_production.retry_generation_job; generation.process_generation_job; publication.permanently_delete_content_task: 未见按 not_null:generation_jobs.prompt_template_version 专用 diagnostics mapper；失败由最终 owner rollback，异常进入全局 handler（worker 则由独立 Session 处理）,HTTP owner 当前未捕获时全局 409 REVISION_CONFLICT；worker 无 HTTP operationId，失败由 worker Session rollback/FAILED 记录。,not_null:generation_jobs.prompt_template_version：按 PostgreSQL diagnostics 精确映射；未批准领域 code 时 default500/contract-decision required，禁止错误文本映射。,content_production.create_generation_job; content_production.create_humanization_job; content_production.retry_generation_job; generation.process_generation_job; publication.permanently_delete_content_task 的最终 flush/commit command 或独立 worker Session（间接 helper 不拥有事务）,真实 PostgreSQL NOT NULL sentinel：not_null:generation_jobs.prompt_template_version；仅覆盖直接 owner content_production.create_generation_job; content_production.create_humanization_job; content_production.retry_generation_job; generation.process_generation_job; publication.permanently_delete_content_task / operation createGenerationJob;createHumanizationJob;retryGenerationJob;无 HTTP operationId（generation.process_generation_job worker）;permanentlyDeleteContentTask；断言失败边界、rollback、无 SUCCESS audit
not_null:generation_jobs.status,generation_jobs,status,NOT NULL,"backend/app/migration_schema_v1.py:426-465; backend/alembic/versions/0009_config_center.py:244-280; backend/alembic/versions/0011_generation_reliability.py:22-34 ; backend/app/models/ai_generation.py:29-228 ; contracts/database.md:43,81,91,129,436-440",content_production.create_generation_job; content_production.create_humanization_job; content_production.retry_generation_job; generation.process_generation_job; publication.permanently_delete_content_task,createGenerationJob;createHumanizationJob;retryGenerationJob;无 HTTP operationId（generation.process_generation_job worker）;permanentlyDeleteContentTask,content_production.create_generation_job; content_production.create_humanization_job; content_production.retry_generation_job; generation.process_generation_job; publication.permanently_delete_content_task: 直接写入/修改/删除链按该约束列或触发器语义执行；未见 not_null:generation_jobs.status 专用预检，数据库 NOT NULL 是 authority,content_production.create_generation_job; content_production.create_humanization_job; content_production.retry_generation_job; generation.process_generation_job; publication.permanently_delete_content_task: 未见按 not_null:generation_jobs.status 专用 diagnostics mapper；失败由最终 owner rollback，异常进入全局 handler（worker 则由独立 Session 处理）,HTTP owner 当前未捕获时全局 409 REVISION_CONFLICT；worker 无 HTTP operationId，失败由 worker Session rollback/FAILED 记录。,not_null:generation_jobs.status：按 PostgreSQL diagnostics 精确映射；未批准领域 code 时 default500/contract-decision required，禁止错误文本映射。,content_production.create_generation_job; content_production.create_humanization_job; content_production.retry_generation_job; generation.process_generation_job; publication.permanently_delete_content_task 的最终 flush/commit command 或独立 worker Session（间接 helper 不拥有事务）,真实 PostgreSQL NOT NULL sentinel：not_null:generation_jobs.status；仅覆盖直接 owner content_production.create_generation_job; content_production.create_humanization_job; content_production.retry_generation_job; generation.process_generation_job; publication.permanently_delete_content_task / operation createGenerationJob;createHumanizationJob;retryGenerationJob;无 HTTP operationId（generation.process_generation_job worker）;permanentlyDeleteContentTask；断言失败边界、rollback、无 SUCCESS audit
not_null:geo_observation_attachments.file_id,geo_observation_attachments,file_id,NOT NULL,"backend/app/migration_schema_v1.py:680-704; backend/alembic/versions/0008_files.py:25-30 ; backend/app/models/geo_files.py:24-125 ; contracts/database.md:69,267-269,432",geo_observation.create_geo_observation; geo_observation.delete_geo_observation; publication.permanently_delete_content_task,createGeoObservation;deleteGeoObservation;permanentlyDeleteContentTask,geo_observation.create_geo_observation; geo_observation.delete_geo_observation; publication.permanently_delete_content_task: 直接写入/修改/删除链按该约束列或触发器语义执行；未见 not_null:geo_observation_attachments.file_id 专用预检，数据库 NOT NULL 是 authority,geo_observation.create_geo_observation; geo_observation.delete_geo_observation; publication.permanently_delete_content_task: 未见按 not_null:geo_observation_attachments.file_id 专用 diagnostics mapper；失败由最终 owner rollback，异常进入全局 handler（worker 则由独立 Session 处理）,HTTP owner 当前未捕获时全局 409 REVISION_CONFLICT / 数据约束冲突（不泄漏 DB）。,not_null:geo_observation_attachments.file_id：按 PostgreSQL diagnostics 精确映射；未批准领域 code 时 default500/contract-decision required，禁止错误文本映射。,geo_observation.create_geo_observation; geo_observation.delete_geo_observation; publication.permanently_delete_content_task 的最终 flush/commit command 或独立 worker Session（间接 helper 不拥有事务）,真实 PostgreSQL NOT NULL sentinel：not_null:geo_observation_attachments.file_id；仅覆盖直接 owner geo_observation.create_geo_observation; geo_observation.delete_geo_observation; publication.permanently_delete_content_task / operation createGeoObservation;deleteGeoObservation;permanentlyDeleteContentTask；断言失败边界、rollback、无 SUCCESS audit
not_null:geo_observation_attachments.observation_id,geo_observation_attachments,observation_id,NOT NULL,"backend/app/migration_schema_v1.py:680-704; backend/alembic/versions/0008_files.py:25-30 ; backend/app/models/geo_files.py:24-125 ; contracts/database.md:69,267-269,432",geo_observation.create_geo_observation; geo_observation.delete_geo_observation; publication.permanently_delete_content_task,createGeoObservation;deleteGeoObservation;permanentlyDeleteContentTask,geo_observation.create_geo_observation; geo_observation.delete_geo_observation; publication.permanently_delete_content_task: 直接写入/修改/删除链按该约束列或触发器语义执行；未见 not_null:geo_observation_attachments.observation_id 专用预检，数据库 NOT NULL 是 authority,geo_observation.create_geo_observation; geo_observation.delete_geo_observation; publication.permanently_delete_content_task: 未见按 not_null:geo_observation_attachments.observation_id 专用 diagnostics mapper；失败由最终 owner rollback，异常进入全局 handler（worker 则由独立 Session 处理）,HTTP owner 当前未捕获时全局 409 REVISION_CONFLICT / 数据约束冲突（不泄漏 DB）。,not_null:geo_observation_attachments.observation_id：按 PostgreSQL diagnostics 精确映射；未批准领域 code 时 default500/contract-decision required，禁止错误文本映射。,geo_observation.create_geo_observation; geo_observation.delete_geo_observation; publication.permanently_delete_content_task 的最终 flush/commit command 或独立 worker Session（间接 helper 不拥有事务）,真实 PostgreSQL NOT NULL sentinel：not_null:geo_observation_attachments.observation_id；仅覆盖直接 owner geo_observation.create_geo_observation; geo_observation.delete_geo_observation; publication.permanently_delete_content_task / operation createGeoObservation;deleteGeoObservation;permanentlyDeleteContentTask；断言失败边界、rollback、无 SUCCESS audit
not_null:geo_observation_citations.id,geo_observation_citations,id,NOT NULL,"backend/app/migration_schema_v1.py:628-637; backend/alembic/versions/0034_publication_workflow_redesign.py:729-736; backend/alembic/versions/0037_simplify_deletion_lifecycle.py:194-199 ; backend/app/models/geo_files.py:24-125 ; contracts/database.md:305,333,457-458",geo_observation.create_geo_observation; geo_observation.delete_geo_observation; publication.permanently_delete_content_task,createGeoObservation;deleteGeoObservation;permanentlyDeleteContentTask,geo_observation.create_geo_observation; geo_observation.delete_geo_observation; publication.permanently_delete_content_task: 直接写入/修改/删除链按该约束列或触发器语义执行；未见 not_null:geo_observation_citations.id 专用预检，数据库 NOT NULL 是 authority,geo_observation.create_geo_observation; geo_observation.delete_geo_observation; publication.permanently_delete_content_task: 未见按 not_null:geo_observation_citations.id 专用 diagnostics mapper；失败由最终 owner rollback，异常进入全局 handler（worker 则由独立 Session 处理）,HTTP owner 当前未捕获时全局 409 REVISION_CONFLICT / 数据约束冲突（不泄漏 DB）。,not_null:geo_observation_citations.id：按 PostgreSQL diagnostics 精确映射；未批准领域 code 时 default500/contract-decision required，禁止错误文本映射。,geo_observation.create_geo_observation; geo_observation.delete_geo_observation; publication.permanently_delete_content_task 的最终 flush/commit command 或独立 worker Session（间接 helper 不拥有事务）,真实 PostgreSQL NOT NULL sentinel：not_null:geo_observation_citations.id；仅覆盖直接 owner geo_observation.create_geo_observation; geo_observation.delete_geo_observation; publication.permanently_delete_content_task / operation createGeoObservation;deleteGeoObservation;permanentlyDeleteContentTask；断言失败边界、rollback、无 SUCCESS audit
not_null:geo_observation_citations.observation_id,geo_observation_citations,observation_id,NOT NULL,"backend/app/migration_schema_v1.py:628-637; backend/alembic/versions/0034_publication_workflow_redesign.py:729-736; backend/alembic/versions/0037_simplify_deletion_lifecycle.py:194-199 ; backend/app/models/geo_files.py:24-125 ; contracts/database.md:305,333,457-458",geo_observation.create_geo_observation; geo_observation.delete_geo_observation; publication.permanently_delete_content_task,createGeoObservation;deleteGeoObservation;permanentlyDeleteContentTask,geo_observation.create_geo_observation; geo_observation.delete_geo_observation; publication.permanently_delete_content_task: 直接写入/修改/删除链按该约束列或触发器语义执行；未见 not_null:geo_observation_citations.observation_id 专用预检，数据库 NOT NULL 是 authority,geo_observation.create_geo_observation; geo_observation.delete_geo_observation; publication.permanently_delete_content_task: 未见按 not_null:geo_observation_citations.observation_id 专用 diagnostics mapper；失败由最终 owner rollback，异常进入全局 handler（worker 则由独立 Session 处理）,HTTP owner 当前未捕获时全局 409 REVISION_CONFLICT / 数据约束冲突（不泄漏 DB）。,not_null:geo_observation_citations.observation_id：按 PostgreSQL diagnostics 精确映射；未批准领域 code 时 default500/contract-decision required，禁止错误文本映射。,geo_observation.create_geo_observation; geo_observation.delete_geo_observation; publication.permanently_delete_content_task 的最终 flush/commit command 或独立 worker Session（间接 helper 不拥有事务）,真实 PostgreSQL NOT NULL sentinel：not_null:geo_observation_citations.observation_id；仅覆盖直接 owner geo_observation.create_geo_observation; geo_observation.delete_geo_observation; publication.permanently_delete_content_task / operation createGeoObservation;deleteGeoObservation;permanentlyDeleteContentTask；断言失败边界、rollback、无 SUCCESS audit
not_null:geo_observation_citations.source_type,geo_observation_citations,source_type,NOT NULL,"backend/app/migration_schema_v1.py:628-637; backend/alembic/versions/0034_publication_workflow_redesign.py:729-736; backend/alembic/versions/0037_simplify_deletion_lifecycle.py:194-199 ; backend/app/models/geo_files.py:24-125 ; contracts/database.md:305,333,457-458",geo_observation.create_geo_observation; geo_observation.delete_geo_observation; publication.permanently_delete_content_task,createGeoObservation;deleteGeoObservation;permanentlyDeleteContentTask,geo_observation.create_geo_observation; geo_observation.delete_geo_observation; publication.permanently_delete_content_task: 直接写入/修改/删除链按该约束列或触发器语义执行；未见 not_null:geo_observation_citations.source_type 专用预检，数据库 NOT NULL 是 authority,geo_observation.create_geo_observation; geo_observation.delete_geo_observation; publication.permanently_delete_content_task: 未见按 not_null:geo_observation_citations.source_type 专用 diagnostics mapper；失败由最终 owner rollback，异常进入全局 handler（worker 则由独立 Session 处理）,HTTP owner 当前未捕获时全局 409 REVISION_CONFLICT / 数据约束冲突（不泄漏 DB）。,not_null:geo_observation_citations.source_type：按 PostgreSQL diagnostics 精确映射；未批准领域 code 时 default500/contract-decision required，禁止错误文本映射。,geo_observation.create_geo_observation; geo_observation.delete_geo_observation; publication.permanently_delete_content_task 的最终 flush/commit command 或独立 worker Session（间接 helper 不拥有事务）,真实 PostgreSQL NOT NULL sentinel：not_null:geo_observation_citations.source_type；仅覆盖直接 owner geo_observation.create_geo_observation; geo_observation.delete_geo_observation; publication.permanently_delete_content_task / operation createGeoObservation;deleteGeoObservation;permanentlyDeleteContentTask；断言失败边界、rollback、无 SUCCESS audit
not_null:geo_observation_citations.url,geo_observation_citations,url,NOT NULL,"backend/app/migration_schema_v1.py:628-637; backend/alembic/versions/0034_publication_workflow_redesign.py:729-736; backend/alembic/versions/0037_simplify_deletion_lifecycle.py:194-199 ; backend/app/models/geo_files.py:24-125 ; contracts/database.md:305,333,457-458",geo_observation.create_geo_observation; geo_observation.delete_geo_observation; publication.permanently_delete_content_task,createGeoObservation;deleteGeoObservation;permanentlyDeleteContentTask,geo_observation.create_geo_observation; geo_observation.delete_geo_observation; publication.permanently_delete_content_task: 直接写入/修改/删除链按该约束列或触发器语义执行；未见 not_null:geo_observation_citations.url 专用预检，数据库 NOT NULL 是 authority,geo_observation.create_geo_observation; geo_observation.delete_geo_observation; publication.permanently_delete_content_task: 未见按 not_null:geo_observation_citations.url 专用 diagnostics mapper；失败由最终 owner rollback，异常进入全局 handler（worker 则由独立 Session 处理）,HTTP owner 当前未捕获时全局 409 REVISION_CONFLICT / 数据约束冲突（不泄漏 DB）。,not_null:geo_observation_citations.url：按 PostgreSQL diagnostics 精确映射；未批准领域 code 时 default500/contract-decision required，禁止错误文本映射。,geo_observation.create_geo_observation; geo_observation.delete_geo_observation; publication.permanently_delete_content_task 的最终 flush/commit command 或独立 worker Session（间接 helper 不拥有事务）,真实 PostgreSQL NOT NULL sentinel：not_null:geo_observation_citations.url；仅覆盖直接 owner geo_observation.create_geo_observation; geo_observation.delete_geo_observation; publication.permanently_delete_content_task / operation createGeoObservation;deleteGeoObservation;permanentlyDeleteContentTask；断言失败边界、rollback、无 SUCCESS audit
not_null:geo_observation_publications.observation_id,geo_observation_publications,observation_id,NOT NULL,"backend/app/migration_schema_v1.py:643-652; backend/alembic/versions/0034_publication_workflow_redesign.py:737-743; backend/alembic/versions/0037_simplify_deletion_lifecycle.py:200-206 ; backend/app/models/geo_files.py:24-125 ; contracts/database.md:305,333,457-458",geo_observation.create_geo_observation; geo_observation.delete_geo_observation; publication.permanently_delete_content_task,createGeoObservation;deleteGeoObservation;permanentlyDeleteContentTask,geo_observation.create_geo_observation; geo_observation.delete_geo_observation; publication.permanently_delete_content_task: 直接写入/修改/删除链按该约束列或触发器语义执行；未见 not_null:geo_observation_publications.observation_id 专用预检，数据库 NOT NULL 是 authority,geo_observation.create_geo_observation; geo_observation.delete_geo_observation; publication.permanently_delete_content_task: 未见按 not_null:geo_observation_publications.observation_id 专用 diagnostics mapper；失败由最终 owner rollback，异常进入全局 handler（worker 则由独立 Session 处理）,HTTP owner 当前未捕获时全局 409 REVISION_CONFLICT / 数据约束冲突（不泄漏 DB）。,not_null:geo_observation_publications.observation_id：按 PostgreSQL diagnostics 精确映射；未批准领域 code 时 default500/contract-decision required，禁止错误文本映射。,geo_observation.create_geo_observation; geo_observation.delete_geo_observation; publication.permanently_delete_content_task 的最终 flush/commit command 或独立 worker Session（间接 helper 不拥有事务）,真实 PostgreSQL NOT NULL sentinel：not_null:geo_observation_publications.observation_id；仅覆盖直接 owner geo_observation.create_geo_observation; geo_observation.delete_geo_observation; publication.permanently_delete_content_task / operation createGeoObservation;deleteGeoObservation;permanentlyDeleteContentTask；断言失败边界、rollback、无 SUCCESS audit
not_null:geo_observation_publications.published_article_id,geo_observation_publications,published_article_id,NOT NULL,"backend/app/migration_schema_v1.py:643-652; backend/alembic/versions/0034_publication_workflow_redesign.py:737-743; backend/alembic/versions/0037_simplify_deletion_lifecycle.py:200-206 ; backend/app/models/geo_files.py:24-125 ; contracts/database.md:305,333,457-458",geo_observation.create_geo_observation; geo_observation.delete_geo_observation; publication.permanently_delete_content_task,createGeoObservation;deleteGeoObservation;permanentlyDeleteContentTask,geo_observation.create_geo_observation; geo_observation.delete_geo_observation; publication.permanently_delete_content_task: 直接写入/修改/删除链按该约束列或触发器语义执行；未见 not_null:geo_observation_publications.published_article_id 专用预检，数据库 NOT NULL 是 authority,geo_observation.create_geo_observation; geo_observation.delete_geo_observation; publication.permanently_delete_content_task: 未见按 not_null:geo_observation_publications.published_article_id 专用 diagnostics mapper；失败由最终 owner rollback，异常进入全局 handler（worker 则由独立 Session 处理）,HTTP owner 当前未捕获时全局 409 REVISION_CONFLICT / 数据约束冲突（不泄漏 DB）。,not_null:geo_observation_publications.published_article_id：按 PostgreSQL diagnostics 精确映射；未批准领域 code 时 default500/contract-decision required，禁止错误文本映射。,geo_observation.create_geo_observation; geo_observation.delete_geo_observation; publication.permanently_delete_content_task 的最终 flush/commit command 或独立 worker Session（间接 helper 不拥有事务）,真实 PostgreSQL NOT NULL sentinel：not_null:geo_observation_publications.published_article_id；仅覆盖直接 owner geo_observation.create_geo_observation; geo_observation.delete_geo_observation; publication.permanently_delete_content_task / operation createGeoObservation;deleteGeoObservation;permanentlyDeleteContentTask；断言失败边界、rollback、无 SUCCESS audit
not_null:geo_observations.created_at,geo_observations,created_at,NOT NULL,"backend/app/migration_schema_v1.py:596-619; backend/alembic/versions/0007_geo_observation.py:1-40 ; backend/app/models/geo_files.py:24-125 ; contracts/database.md:63,185,457-459",geo_observation.create_geo_observation; geo_observation.delete_geo_observation; publication.permanently_delete_content_task,createGeoObservation;deleteGeoObservation;permanentlyDeleteContentTask,geo_observation.create_geo_observation; geo_observation.delete_geo_observation; publication.permanently_delete_content_task: 直接写入/修改/删除链按该约束列或触发器语义执行；未见 not_null:geo_observations.created_at 专用预检，数据库 NOT NULL 是 authority,geo_observation.create_geo_observation; geo_observation.delete_geo_observation; publication.permanently_delete_content_task: 未见按 not_null:geo_observations.created_at 专用 diagnostics mapper；失败由最终 owner rollback，异常进入全局 handler（worker 则由独立 Session 处理）,HTTP owner 当前未捕获时全局 409 REVISION_CONFLICT / 数据约束冲突（不泄漏 DB）。,not_null:geo_observations.created_at：按 PostgreSQL diagnostics 精确映射；未批准领域 code 时 default500/contract-decision required，禁止错误文本映射。,geo_observation.create_geo_observation; geo_observation.delete_geo_observation; publication.permanently_delete_content_task 的最终 flush/commit command 或独立 worker Session（间接 helper 不拥有事务）,真实 PostgreSQL NOT NULL sentinel：not_null:geo_observations.created_at；仅覆盖直接 owner geo_observation.create_geo_observation; geo_observation.delete_geo_observation; publication.permanently_delete_content_task / operation createGeoObservation;deleteGeoObservation;permanentlyDeleteContentTask；断言失败边界、rollback、无 SUCCESS audit
not_null:geo_observations.id,geo_observations,id,NOT NULL,"backend/app/migration_schema_v1.py:596-619; backend/alembic/versions/0007_geo_observation.py:1-40 ; backend/app/models/geo_files.py:24-125 ; contracts/database.md:63,185,457-459",geo_observation.create_geo_observation; geo_observation.delete_geo_observation; publication.permanently_delete_content_task,createGeoObservation;deleteGeoObservation;permanentlyDeleteContentTask,geo_observation.create_geo_observation; geo_observation.delete_geo_observation; publication.permanently_delete_content_task: 直接写入/修改/删除链按该约束列或触发器语义执行；未见 not_null:geo_observations.id 专用预检，数据库 NOT NULL 是 authority,geo_observation.create_geo_observation; geo_observation.delete_geo_observation; publication.permanently_delete_content_task: 未见按 not_null:geo_observations.id 专用 diagnostics mapper；失败由最终 owner rollback，异常进入全局 handler（worker 则由独立 Session 处理）,HTTP owner 当前未捕获时全局 409 REVISION_CONFLICT / 数据约束冲突（不泄漏 DB）。,not_null:geo_observations.id：按 PostgreSQL diagnostics 精确映射；未批准领域 code 时 default500/contract-decision required，禁止错误文本映射。,geo_observation.create_geo_observation; geo_observation.delete_geo_observation; publication.permanently_delete_content_task 的最终 flush/commit command 或独立 worker Session（间接 helper 不拥有事务）,真实 PostgreSQL NOT NULL sentinel：not_null:geo_observations.id；仅覆盖直接 owner geo_observation.create_geo_observation; geo_observation.delete_geo_observation; publication.permanently_delete_content_task / operation createGeoObservation;deleteGeoObservation;permanentlyDeleteContentTask；断言失败边界、rollback、无 SUCCESS audit
not_null:geo_observations.notes,geo_observations,notes,NOT NULL,"backend/app/migration_schema_v1.py:596-619; backend/alembic/versions/0007_geo_observation.py:1-40 ; backend/app/models/geo_files.py:24-125 ; contracts/database.md:63,185,457-459",geo_observation.create_geo_observation; geo_observation.delete_geo_observation; publication.permanently_delete_content_task,createGeoObservation;deleteGeoObservation;permanentlyDeleteContentTask,geo_observation.create_geo_observation; geo_observation.delete_geo_observation; publication.permanently_delete_content_task: 直接写入/修改/删除链按该约束列或触发器语义执行；未见 not_null:geo_observations.notes 专用预检，数据库 NOT NULL 是 authority,geo_observation.create_geo_observation; geo_observation.delete_geo_observation; publication.permanently_delete_content_task: 未见按 not_null:geo_observations.notes 专用 diagnostics mapper；失败由最终 owner rollback，异常进入全局 handler（worker 则由独立 Session 处理）,HTTP owner 当前未捕获时全局 409 REVISION_CONFLICT / 数据约束冲突（不泄漏 DB）。,not_null:geo_observations.notes：按 PostgreSQL diagnostics 精确映射；未批准领域 code 时 default500/contract-decision required，禁止错误文本映射。,geo_observation.create_geo_observation; geo_observation.delete_geo_observation; publication.permanently_delete_content_task 的最终 flush/commit command 或独立 worker Session（间接 helper 不拥有事务）,真实 PostgreSQL NOT NULL sentinel：not_null:geo_observations.notes；仅覆盖直接 owner geo_observation.create_geo_observation; geo_observation.delete_geo_observation; publication.permanently_delete_content_task / operation createGeoObservation;deleteGeoObservation;permanentlyDeleteContentTask；断言失败边界、rollback、无 SUCCESS audit
not_null:geo_observations.observation_kind,geo_observations,observation_kind,NOT NULL,"backend/app/migration_schema_v1.py:596-619; backend/alembic/versions/0007_geo_observation.py:1-40 ; backend/app/models/geo_files.py:24-125 ; contracts/database.md:63,185,457-459",geo_observation.create_geo_observation; geo_observation.delete_geo_observation; publication.permanently_delete_content_task,createGeoObservation;deleteGeoObservation;permanentlyDeleteContentTask,geo_observation.create_geo_observation; geo_observation.delete_geo_observation; publication.permanently_delete_content_task: 直接写入/修改/删除链按该约束列或触发器语义执行；未见 not_null:geo_observations.observation_kind 专用预检，数据库 NOT NULL 是 authority,geo_observation.create_geo_observation; geo_observation.delete_geo_observation; publication.permanently_delete_content_task: 未见按 not_null:geo_observations.observation_kind 专用 diagnostics mapper；失败由最终 owner rollback，异常进入全局 handler（worker 则由独立 Session 处理）,HTTP owner 当前未捕获时全局 409 REVISION_CONFLICT / 数据约束冲突（不泄漏 DB）。,not_null:geo_observations.observation_kind：按 PostgreSQL diagnostics 精确映射；未批准领域 code 时 default500/contract-decision required，禁止错误文本映射。,geo_observation.create_geo_observation; geo_observation.delete_geo_observation; publication.permanently_delete_content_task 的最终 flush/commit command 或独立 worker Session（间接 helper 不拥有事务）,真实 PostgreSQL NOT NULL sentinel：not_null:geo_observations.observation_kind；仅覆盖直接 owner geo_observation.create_geo_observation; geo_observation.delete_geo_observation; publication.permanently_delete_content_task / operation createGeoObservation;deleteGeoObservation;permanentlyDeleteContentTask；断言失败边界、rollback、无 SUCCESS audit
not_null:geo_observations.product_id,geo_observations,product_id,NOT NULL,"backend/app/migration_schema_v1.py:596-619; backend/alembic/versions/0007_geo_observation.py:1-40 ; backend/app/models/geo_files.py:24-125 ; contracts/database.md:63,185,457-459",geo_observation.create_geo_observation; geo_observation.delete_geo_observation; publication.permanently_delete_content_task,createGeoObservation;deleteGeoObservation;permanentlyDeleteContentTask,geo_observation.create_geo_observation; geo_observation.delete_geo_observation; publication.permanently_delete_content_task: 直接写入/修改/删除链按该约束列或触发器语义执行；未见 not_null:geo_observations.product_id 专用预检，数据库 NOT NULL 是 authority,geo_observation.create_geo_observation; geo_observation.delete_geo_observation; publication.permanently_delete_content_task: 未见按 not_null:geo_observations.product_id 专用 diagnostics mapper；失败由最终 owner rollback，异常进入全局 handler（worker 则由独立 Session 处理）,HTTP owner 当前未捕获时全局 409 REVISION_CONFLICT / 数据约束冲突（不泄漏 DB）。,not_null:geo_observations.product_id：按 PostgreSQL diagnostics 精确映射；未批准领域 code 时 default500/contract-decision required，禁止错误文本映射。,geo_observation.create_geo_observation; geo_observation.delete_geo_observation; publication.permanently_delete_content_task 的最终 flush/commit command 或独立 worker Session（间接 helper 不拥有事务）,真实 PostgreSQL NOT NULL sentinel：not_null:geo_observations.product_id；仅覆盖直接 owner geo_observation.create_geo_observation; geo_observation.delete_geo_observation; publication.permanently_delete_content_task / operation createGeoObservation;deleteGeoObservation;permanentlyDeleteContentTask；断言失败边界、rollback、无 SUCCESS audit
not_null:geo_observations.tested_at,geo_observations,tested_at,NOT NULL,"backend/app/migration_schema_v1.py:596-619; backend/alembic/versions/0007_geo_observation.py:1-40 ; backend/app/models/geo_files.py:24-125 ; contracts/database.md:63,185,457-459",geo_observation.create_geo_observation; geo_observation.delete_geo_observation; publication.permanently_delete_content_task,createGeoObservation;deleteGeoObservation;permanentlyDeleteContentTask,geo_observation.create_geo_observation; geo_observation.delete_geo_observation; publication.permanently_delete_content_task: 直接写入/修改/删除链按该约束列或触发器语义执行；未见 not_null:geo_observations.tested_at 专用预检，数据库 NOT NULL 是 authority,geo_observation.create_geo_observation; geo_observation.delete_geo_observation; publication.permanently_delete_content_task: 未见按 not_null:geo_observations.tested_at 专用 diagnostics mapper；失败由最终 owner rollback，异常进入全局 handler（worker 则由独立 Session 处理）,HTTP owner 当前未捕获时全局 409 REVISION_CONFLICT / 数据约束冲突（不泄漏 DB）。,not_null:geo_observations.tested_at：按 PostgreSQL diagnostics 精确映射；未批准领域 code 时 default500/contract-decision required，禁止错误文本映射。,geo_observation.create_geo_observation; geo_observation.delete_geo_observation; publication.permanently_delete_content_task 的最终 flush/commit command 或独立 worker Session（间接 helper 不拥有事务）,真实 PostgreSQL NOT NULL sentinel：not_null:geo_observations.tested_at；仅覆盖直接 owner geo_observation.create_geo_observation; geo_observation.delete_geo_observation; publication.permanently_delete_content_task / operation createGeoObservation;deleteGeoObservation;permanentlyDeleteContentTask；断言失败边界、rollback、无 SUCCESS audit
not_null:geo_observations.tested_by,geo_observations,tested_by,NOT NULL,"backend/app/migration_schema_v1.py:596-619; backend/alembic/versions/0007_geo_observation.py:1-40 ; backend/app/models/geo_files.py:24-125 ; contracts/database.md:63,185,457-459",geo_observation.create_geo_observation; geo_observation.delete_geo_observation; publication.permanently_delete_content_task,createGeoObservation;deleteGeoObservation;permanentlyDeleteContentTask,geo_observation.create_geo_observation; geo_observation.delete_geo_observation; publication.permanently_delete_content_task: 直接写入/修改/删除链按该约束列或触发器语义执行；未见 not_null:geo_observations.tested_by 专用预检，数据库 NOT NULL 是 authority,geo_observation.create_geo_observation; geo_observation.delete_geo_observation; publication.permanently_delete_content_task: 未见按 not_null:geo_observations.tested_by 专用 diagnostics mapper；失败由最终 owner rollback，异常进入全局 handler（worker 则由独立 Session 处理）,HTTP owner 当前未捕获时全局 409 REVISION_CONFLICT / 数据约束冲突（不泄漏 DB）。,not_null:geo_observations.tested_by：按 PostgreSQL diagnostics 精确映射；未批准领域 code 时 default500/contract-decision required，禁止错误文本映射。,geo_observation.create_geo_observation; geo_observation.delete_geo_observation; publication.permanently_delete_content_task 的最终 flush/commit command 或独立 worker Session（间接 helper 不拥有事务）,真实 PostgreSQL NOT NULL sentinel：not_null:geo_observations.tested_by；仅覆盖直接 owner geo_observation.create_geo_observation; geo_observation.delete_geo_observation; publication.permanently_delete_content_task / operation createGeoObservation;deleteGeoObservation;permanentlyDeleteContentTask；断言失败边界、rollback、无 SUCCESS audit
not_null:platform_accounts.account_identifier,platform_accounts,account_identifier,NOT NULL,"backend/alembic/versions/0026_publication_account_dedup.py:47-71 ; backend/app/models/publication.py:28-290 ; contracts/database.md:201,335,446",publication.create_platform_account; publication.update_platform_account; publication.set_platform_account_enabled; publication.delete_platform_account,createPlatformAccount;updatePlatformAccount;enablePlatformAccount;disablePlatformAccount;deletePlatformAccount,publication.create_platform_account; publication.update_platform_account; publication.set_platform_account_enabled; publication.delete_platform_account: 直接构造/修改为 platform_accounts.account_identifier 提供值；未见独立 NOT NULL 预检，DB NOT NULL 是 authority,publication.create_platform_account; publication.update_platform_account; publication.set_platform_account_enabled; publication.delete_platform_account: 未按 23502 的 table_name/column_name 做本地 mapper；HTTP 异常进入 errors.py:76-79，全局 worker/内部路径仅失败,23502 当前 HTTP owner 全局 409 REVISION_CONFLICT / 数据约束冲突（不泄漏 DB）,platform_accounts.account_identifier 缺失应由 contract-decision 批准字段级 4xx；未知 23502 default500，不能伪装 revision,publication.create_platform_account; publication.update_platform_account; publication.set_platform_account_enabled; publication.delete_platform_account 的直接 command 顶层 Session（由 owner 负责 flush/commit/rollback）,真实 PostgreSQL NOT NULL sentinel：not_null:platform_accounts.account_identifier；仅覆盖直接 owner publication.create_platform_account; publication.update_platform_account; publication.set_platform_account_enabled; publication.delete_platform_account / operation createPlatformAccount;updatePlatformAccount;enablePlatformAccount;disablePlatformAccount;deletePlatformAccount；断言 diagnostics/HTTP 或 worker 失败边界、rollback、无 SUCCESS audit
not_null:platform_accounts.id,platform_accounts,id,NOT NULL,"backend/alembic/versions/0026_publication_account_dedup.py:47-71 ; backend/app/models/publication.py:28-290 ; contracts/database.md:201,335,446",publication.create_platform_account; publication.update_platform_account; publication.set_platform_account_enabled; publication.delete_platform_account,createPlatformAccount;updatePlatformAccount;enablePlatformAccount;disablePlatformAccount;deletePlatformAccount,publication.create_platform_account; publication.update_platform_account; publication.set_platform_account_enabled; publication.delete_platform_account: 直接构造/修改为 platform_accounts.id 提供值；未见独立 NOT NULL 预检，DB NOT NULL 是 authority,publication.create_platform_account; publication.update_platform_account; publication.set_platform_account_enabled; publication.delete_platform_account: 未按 23502 的 table_name/column_name 做本地 mapper；HTTP 异常进入 errors.py:76-79，全局 worker/内部路径仅失败,23502 当前 HTTP owner 全局 409 REVISION_CONFLICT / 数据约束冲突（不泄漏 DB）,platform_accounts.id 缺失应由 contract-decision 批准字段级 4xx；未知 23502 default500，不能伪装 revision,publication.create_platform_account; publication.update_platform_account; publication.set_platform_account_enabled; publication.delete_platform_account 的直接 command 顶层 Session（由 owner 负责 flush/commit/rollback）,真实 PostgreSQL NOT NULL sentinel：not_null:platform_accounts.id；仅覆盖直接 owner publication.create_platform_account; publication.update_platform_account; publication.set_platform_account_enabled; publication.delete_platform_account / operation createPlatformAccount;updatePlatformAccount;enablePlatformAccount;disablePlatformAccount;deletePlatformAccount；断言 diagnostics/HTTP 或 worker 失败边界、rollback、无 SUCCESS audit
not_null:platform_accounts.is_active,platform_accounts,is_active,NOT NULL,"backend/alembic/versions/0026_publication_account_dedup.py:47-71 ; backend/app/models/publication.py:28-290 ; contracts/database.md:201,335,446",publication.create_platform_account; publication.update_platform_account; publication.set_platform_account_enabled; publication.delete_platform_account,createPlatformAccount;updatePlatformAccount;enablePlatformAccount;disablePlatformAccount;deletePlatformAccount,publication.create_platform_account; publication.update_platform_account; publication.set_platform_account_enabled; publication.delete_platform_account: 直接构造/修改为 platform_accounts.is_active 提供值；未见独立 NOT NULL 预检，DB NOT NULL 是 authority,publication.create_platform_account; publication.update_platform_account; publication.set_platform_account_enabled; publication.delete_platform_account: 未按 23502 的 table_name/column_name 做本地 mapper；HTTP 异常进入 errors.py:76-79，全局 worker/内部路径仅失败,23502 当前 HTTP owner 全局 409 REVISION_CONFLICT / 数据约束冲突（不泄漏 DB）,platform_accounts.is_active 缺失应由 contract-decision 批准字段级 4xx；未知 23502 default500，不能伪装 revision,publication.create_platform_account; publication.update_platform_account; publication.set_platform_account_enabled; publication.delete_platform_account 的直接 command 顶层 Session（由 owner 负责 flush/commit/rollback）,真实 PostgreSQL NOT NULL sentinel：not_null:platform_accounts.is_active；仅覆盖直接 owner publication.create_platform_account; publication.update_platform_account; publication.set_platform_account_enabled; publication.delete_platform_account / operation createPlatformAccount;updatePlatformAccount;enablePlatformAccount;disablePlatformAccount;deletePlatformAccount；断言 diagnostics/HTTP 或 worker 失败边界、rollback、无 SUCCESS audit
not_null:platform_accounts.label,platform_accounts,label,NOT NULL,"backend/alembic/versions/0026_publication_account_dedup.py:47-71 ; backend/app/models/publication.py:28-290 ; contracts/database.md:201,335,446",publication.create_platform_account; publication.update_platform_account; publication.set_platform_account_enabled; publication.delete_platform_account,createPlatformAccount;updatePlatformAccount;enablePlatformAccount;disablePlatformAccount;deletePlatformAccount,publication.create_platform_account; publication.update_platform_account; publication.set_platform_account_enabled; publication.delete_platform_account: 直接构造/修改为 platform_accounts.label 提供值；未见独立 NOT NULL 预检，DB NOT NULL 是 authority,publication.create_platform_account; publication.update_platform_account; publication.set_platform_account_enabled; publication.delete_platform_account: 未按 23502 的 table_name/column_name 做本地 mapper；HTTP 异常进入 errors.py:76-79，全局 worker/内部路径仅失败,23502 当前 HTTP owner 全局 409 REVISION_CONFLICT / 数据约束冲突（不泄漏 DB）,platform_accounts.label 缺失应由 contract-decision 批准字段级 4xx；未知 23502 default500，不能伪装 revision,publication.create_platform_account; publication.update_platform_account; publication.set_platform_account_enabled; publication.delete_platform_account 的直接 command 顶层 Session（由 owner 负责 flush/commit/rollback）,真实 PostgreSQL NOT NULL sentinel：not_null:platform_accounts.label；仅覆盖直接 owner publication.create_platform_account; publication.update_platform_account; publication.set_platform_account_enabled; publication.delete_platform_account / operation createPlatformAccount;updatePlatformAccount;enablePlatformAccount;disablePlatformAccount;deletePlatformAccount；断言 diagnostics/HTTP 或 worker 失败边界、rollback、无 SUCCESS audit
not_null:platform_accounts.platform_profile_id,platform_accounts,platform_profile_id,NOT NULL,"backend/alembic/versions/0026_publication_account_dedup.py:47-71 ; backend/app/models/publication.py:28-290 ; contracts/database.md:201,335,446",publication.create_platform_account; publication.update_platform_account; publication.set_platform_account_enabled; publication.delete_platform_account,createPlatformAccount;updatePlatformAccount;enablePlatformAccount;disablePlatformAccount;deletePlatformAccount,publication.create_platform_account; publication.update_platform_account; publication.set_platform_account_enabled; publication.delete_platform_account: 直接构造/修改为 platform_accounts.platform_profile_id 提供值；未见独立 NOT NULL 预检，DB NOT NULL 是 authority,publication.create_platform_account; publication.update_platform_account; publication.set_platform_account_enabled; publication.delete_platform_account: 未按 23502 的 table_name/column_name 做本地 mapper；HTTP 异常进入 errors.py:76-79，全局 worker/内部路径仅失败,23502 当前 HTTP owner 全局 409 REVISION_CONFLICT / 数据约束冲突（不泄漏 DB）,platform_accounts.platform_profile_id 缺失应由 contract-decision 批准字段级 4xx；未知 23502 default500，不能伪装 revision,publication.create_platform_account; publication.update_platform_account; publication.set_platform_account_enabled; publication.delete_platform_account 的直接 command 顶层 Session（由 owner 负责 flush/commit/rollback）,真实 PostgreSQL NOT NULL sentinel：not_null:platform_accounts.platform_profile_id；仅覆盖直接 owner publication.create_platform_account; publication.update_platform_account; publication.set_platform_account_enabled; publication.delete_platform_account / operation createPlatformAccount;updatePlatformAccount;enablePlatformAccount;disablePlatformAccount;deletePlatformAccount；断言 diagnostics/HTTP 或 worker 失败边界、rollback、无 SUCCESS audit
not_null:platform_accounts.revision,platform_accounts,revision,NOT NULL,"backend/alembic/versions/0026_publication_account_dedup.py:47-71 ; backend/app/models/publication.py:28-290 ; contracts/database.md:201,335,446",publication.create_platform_account; publication.update_platform_account; publication.set_platform_account_enabled; publication.delete_platform_account,createPlatformAccount;updatePlatformAccount;enablePlatformAccount;disablePlatformAccount;deletePlatformAccount,publication.create_platform_account; publication.update_platform_account; publication.set_platform_account_enabled; publication.delete_platform_account: 直接构造/修改为 platform_accounts.revision 提供值；未见独立 NOT NULL 预检，DB NOT NULL 是 authority,publication.create_platform_account; publication.update_platform_account; publication.set_platform_account_enabled; publication.delete_platform_account: 未按 23502 的 table_name/column_name 做本地 mapper；HTTP 异常进入 errors.py:76-79，全局 worker/内部路径仅失败,23502 当前 HTTP owner 全局 409 REVISION_CONFLICT / 数据约束冲突（不泄漏 DB）,platform_accounts.revision 缺失应由 contract-decision 批准字段级 4xx；未知 23502 default500，不能伪装 revision,publication.create_platform_account; publication.update_platform_account; publication.set_platform_account_enabled; publication.delete_platform_account 的直接 command 顶层 Session（由 owner 负责 flush/commit/rollback）,真实 PostgreSQL NOT NULL sentinel：not_null:platform_accounts.revision；仅覆盖直接 owner publication.create_platform_account; publication.update_platform_account; publication.set_platform_account_enabled; publication.delete_platform_account / operation createPlatformAccount;updatePlatformAccount;enablePlatformAccount;disablePlatformAccount;deletePlatformAccount；断言 diagnostics/HTTP 或 worker 失败边界、rollback、无 SUCCESS audit
not_null:platform_profiles.allowed_domains,platform_profiles,allowed_domains,NOT NULL,"backend/app/migration_schema_v1.py:362-381; backend/alembic/versions/0009_config_center.py:847-855; backend/alembic/versions/0031_reusable_platform_prompts.py:45-56 ; backend/app/models/configuration.py:26-125 ; contracts/database.md:193-201,221-225,431",content_planning.create_platform_profile; platform_configuration.update_platform_profile; platform_configuration.set_platform_profile_enabled; platform_configuration.delete_platform_profile,createPlatformProfile;updatePlatformProfile;enablePlatformProfile;disablePlatformProfile;deletePlatformProfile,content_planning.create_platform_profile; platform_configuration.update_platform_profile; platform_configuration.set_platform_profile_enabled; platform_configuration.delete_platform_profile: 直接构造/修改为 platform_profiles.allowed_domains 提供值；未见独立 NOT NULL 预检，DB NOT NULL 是 authority,content_planning.create_platform_profile; platform_configuration.update_platform_profile; platform_configuration.set_platform_profile_enabled; platform_configuration.delete_platform_profile: 未按 23502 的 table_name/column_name 做本地 mapper；HTTP 异常进入 errors.py:76-79，全局 worker/内部路径仅失败,23502 当前 HTTP owner 全局 409 REVISION_CONFLICT / 数据约束冲突（不泄漏 DB）,platform_profiles.allowed_domains 缺失应由 contract-decision 批准字段级 4xx；未知 23502 default500，不能伪装 revision,content_planning.create_platform_profile; platform_configuration.update_platform_profile; platform_configuration.set_platform_profile_enabled; platform_configuration.delete_platform_profile 的直接 command 顶层 Session（由 owner 负责 flush/commit/rollback）,真实 PostgreSQL NOT NULL sentinel：not_null:platform_profiles.allowed_domains；仅覆盖直接 owner content_planning.create_platform_profile; platform_configuration.update_platform_profile; platform_configuration.set_platform_profile_enabled; platform_configuration.delete_platform_profile / operation createPlatformProfile;updatePlatformProfile;enablePlatformProfile;disablePlatformProfile;deletePlatformProfile；断言 diagnostics/HTTP 或 worker 失败边界、rollback、无 SUCCESS audit
not_null:platform_profiles.id,platform_profiles,id,NOT NULL,"backend/app/migration_schema_v1.py:362-381; backend/alembic/versions/0009_config_center.py:847-855; backend/alembic/versions/0031_reusable_platform_prompts.py:45-56 ; backend/app/models/configuration.py:26-125 ; contracts/database.md:193-201,221-225,431",content_planning.create_platform_profile; platform_configuration.update_platform_profile; platform_configuration.set_platform_profile_enabled; platform_configuration.delete_platform_profile,createPlatformProfile;updatePlatformProfile;enablePlatformProfile;disablePlatformProfile;deletePlatformProfile,content_planning.create_platform_profile; platform_configuration.update_platform_profile; platform_configuration.set_platform_profile_enabled; platform_configuration.delete_platform_profile: 直接构造/修改为 platform_profiles.id 提供值；未见独立 NOT NULL 预检，DB NOT NULL 是 authority,content_planning.create_platform_profile; platform_configuration.update_platform_profile; platform_configuration.set_platform_profile_enabled; platform_configuration.delete_platform_profile: 未按 23502 的 table_name/column_name 做本地 mapper；HTTP 异常进入 errors.py:76-79，全局 worker/内部路径仅失败,23502 当前 HTTP owner 全局 409 REVISION_CONFLICT / 数据约束冲突（不泄漏 DB）,platform_profiles.id 缺失应由 contract-decision 批准字段级 4xx；未知 23502 default500，不能伪装 revision,content_planning.create_platform_profile; platform_configuration.update_platform_profile; platform_configuration.set_platform_profile_enabled; platform_configuration.delete_platform_profile 的直接 command 顶层 Session（由 owner 负责 flush/commit/rollback）,真实 PostgreSQL NOT NULL sentinel：not_null:platform_profiles.id；仅覆盖直接 owner content_planning.create_platform_profile; platform_configuration.update_platform_profile; platform_configuration.set_platform_profile_enabled; platform_configuration.delete_platform_profile / operation createPlatformProfile;updatePlatformProfile;enablePlatformProfile;disablePlatformProfile;deletePlatformProfile；断言 diagnostics/HTTP 或 worker 失败边界、rollback、无 SUCCESS audit
not_null:platform_profiles.is_active,platform_profiles,is_active,NOT NULL,"backend/app/migration_schema_v1.py:362-381; backend/alembic/versions/0009_config_center.py:847-855; backend/alembic/versions/0031_reusable_platform_prompts.py:45-56 ; backend/app/models/configuration.py:26-125 ; contracts/database.md:193-201,221-225,431",content_planning.create_platform_profile; platform_configuration.update_platform_profile; platform_configuration.set_platform_profile_enabled; platform_configuration.delete_platform_profile,createPlatformProfile;updatePlatformProfile;enablePlatformProfile;disablePlatformProfile;deletePlatformProfile,content_planning.create_platform_profile; platform_configuration.update_platform_profile; platform_configuration.set_platform_profile_enabled; platform_configuration.delete_platform_profile: 直接构造/修改为 platform_profiles.is_active 提供值；未见独立 NOT NULL 预检，DB NOT NULL 是 authority,content_planning.create_platform_profile; platform_configuration.update_platform_profile; platform_configuration.set_platform_profile_enabled; platform_configuration.delete_platform_profile: 未按 23502 的 table_name/column_name 做本地 mapper；HTTP 异常进入 errors.py:76-79，全局 worker/内部路径仅失败,23502 当前 HTTP owner 全局 409 REVISION_CONFLICT / 数据约束冲突（不泄漏 DB）,platform_profiles.is_active 缺失应由 contract-decision 批准字段级 4xx；未知 23502 default500，不能伪装 revision,content_planning.create_platform_profile; platform_configuration.update_platform_profile; platform_configuration.set_platform_profile_enabled; platform_configuration.delete_platform_profile 的直接 command 顶层 Session（由 owner 负责 flush/commit/rollback）,真实 PostgreSQL NOT NULL sentinel：not_null:platform_profiles.is_active；仅覆盖直接 owner content_planning.create_platform_profile; platform_configuration.update_platform_profile; platform_configuration.set_platform_profile_enabled; platform_configuration.delete_platform_profile / operation createPlatformProfile;updatePlatformProfile;enablePlatformProfile;disablePlatformProfile;deletePlatformProfile；断言 diagnostics/HTTP 或 worker 失败边界、rollback、无 SUCCESS audit
not_null:platform_profiles.name,platform_profiles,name,NOT NULL,"backend/app/migration_schema_v1.py:362-381; backend/alembic/versions/0009_config_center.py:847-855; backend/alembic/versions/0031_reusable_platform_prompts.py:45-56 ; backend/app/models/configuration.py:26-125 ; contracts/database.md:193-201,221-225,431",content_planning.create_platform_profile; platform_configuration.update_platform_profile; platform_configuration.set_platform_profile_enabled; platform_configuration.delete_platform_profile,createPlatformProfile;updatePlatformProfile;enablePlatformProfile;disablePlatformProfile;deletePlatformProfile,content_planning.create_platform_profile; platform_configuration.update_platform_profile; platform_configuration.set_platform_profile_enabled; platform_configuration.delete_platform_profile: 直接构造/修改为 platform_profiles.name 提供值；未见独立 NOT NULL 预检，DB NOT NULL 是 authority,content_planning.create_platform_profile; platform_configuration.update_platform_profile; platform_configuration.set_platform_profile_enabled; platform_configuration.delete_platform_profile: 未按 23502 的 table_name/column_name 做本地 mapper；HTTP 异常进入 errors.py:76-79，全局 worker/内部路径仅失败,23502 当前 HTTP owner 全局 409 REVISION_CONFLICT / 数据约束冲突（不泄漏 DB）,platform_profiles.name 缺失应由 contract-decision 批准字段级 4xx；未知 23502 default500，不能伪装 revision,content_planning.create_platform_profile; platform_configuration.update_platform_profile; platform_configuration.set_platform_profile_enabled; platform_configuration.delete_platform_profile 的直接 command 顶层 Session（由 owner 负责 flush/commit/rollback）,真实 PostgreSQL NOT NULL sentinel：not_null:platform_profiles.name；仅覆盖直接 owner content_planning.create_platform_profile; platform_configuration.update_platform_profile; platform_configuration.set_platform_profile_enabled; platform_configuration.delete_platform_profile / operation createPlatformProfile;updatePlatformProfile;enablePlatformProfile;disablePlatformProfile;deletePlatformProfile；断言 diagnostics/HTTP 或 worker 失败边界、rollback、无 SUCCESS audit
not_null:platform_profiles.revision,platform_profiles,revision,NOT NULL,"backend/app/migration_schema_v1.py:362-381; backend/alembic/versions/0009_config_center.py:847-855; backend/alembic/versions/0031_reusable_platform_prompts.py:45-56 ; backend/app/models/configuration.py:26-125 ; contracts/database.md:193-201,221-225,431",content_planning.create_platform_profile; platform_configuration.update_platform_profile; platform_configuration.set_platform_profile_enabled; platform_configuration.delete_platform_profile,createPlatformProfile;updatePlatformProfile;enablePlatformProfile;disablePlatformProfile;deletePlatformProfile,content_planning.create_platform_profile; platform_configuration.update_platform_profile; platform_configuration.set_platform_profile_enabled; platform_configuration.delete_platform_profile: 直接构造/修改为 platform_profiles.revision 提供值；未见独立 NOT NULL 预检，DB NOT NULL 是 authority,content_planning.create_platform_profile; platform_configuration.update_platform_profile; platform_configuration.set_platform_profile_enabled; platform_configuration.delete_platform_profile: 未按 23502 的 table_name/column_name 做本地 mapper；HTTP 异常进入 errors.py:76-79，全局 worker/内部路径仅失败,23502 当前 HTTP owner 全局 409 REVISION_CONFLICT / 数据约束冲突（不泄漏 DB）,platform_profiles.revision 缺失应由 contract-decision 批准字段级 4xx；未知 23502 default500，不能伪装 revision,content_planning.create_platform_profile; platform_configuration.update_platform_profile; platform_configuration.set_platform_profile_enabled; platform_configuration.delete_platform_profile 的直接 command 顶层 Session（由 owner 负责 flush/commit/rollback）,真实 PostgreSQL NOT NULL sentinel：not_null:platform_profiles.revision；仅覆盖直接 owner content_planning.create_platform_profile; platform_configuration.update_platform_profile; platform_configuration.set_platform_profile_enabled; platform_configuration.delete_platform_profile / operation createPlatformProfile;updatePlatformProfile;enablePlatformProfile;disablePlatformProfile;deletePlatformProfile；断言 diagnostics/HTTP 或 worker 失败边界、rollback、无 SUCCESS audit
not_null:platform_profiles.slug,platform_profiles,slug,NOT NULL,"backend/app/migration_schema_v1.py:362-381; backend/alembic/versions/0009_config_center.py:847-855; backend/alembic/versions/0031_reusable_platform_prompts.py:45-56 ; backend/app/models/configuration.py:26-125 ; contracts/database.md:193-201,221-225,431",content_planning.create_platform_profile; platform_configuration.update_platform_profile; platform_configuration.set_platform_profile_enabled; platform_configuration.delete_platform_profile,createPlatformProfile;updatePlatformProfile;enablePlatformProfile;disablePlatformProfile;deletePlatformProfile,content_planning.create_platform_profile; platform_configuration.update_platform_profile; platform_configuration.set_platform_profile_enabled; platform_configuration.delete_platform_profile: 直接构造/修改为 platform_profiles.slug 提供值；未见独立 NOT NULL 预检，DB NOT NULL 是 authority,content_planning.create_platform_profile; platform_configuration.update_platform_profile; platform_configuration.set_platform_profile_enabled; platform_configuration.delete_platform_profile: 未按 23502 的 table_name/column_name 做本地 mapper；HTTP 异常进入 errors.py:76-79，全局 worker/内部路径仅失败,23502 当前 HTTP owner 全局 409 REVISION_CONFLICT / 数据约束冲突（不泄漏 DB）,platform_profiles.slug 缺失应由 contract-decision 批准字段级 4xx；未知 23502 default500，不能伪装 revision,content_planning.create_platform_profile; platform_configuration.update_platform_profile; platform_configuration.set_platform_profile_enabled; platform_configuration.delete_platform_profile 的直接 command 顶层 Session（由 owner 负责 flush/commit/rollback）,真实 PostgreSQL NOT NULL sentinel：not_null:platform_profiles.slug；仅覆盖直接 owner content_planning.create_platform_profile; platform_configuration.update_platform_profile; platform_configuration.set_platform_profile_enabled; platform_configuration.delete_platform_profile / operation createPlatformProfile;updatePlatformProfile;enablePlatformProfile;disablePlatformProfile;deletePlatformProfile；断言 diagnostics/HTTP 或 worker 失败边界、rollback、无 SUCCESS audit
not_null:platform_prompts.created_at,platform_prompts,created_at,NOT NULL,backend/alembic/versions/0031_reusable_platform_prompts.py:16-56 ; backend/app/models/configuration.py:26-125 ; contracts/database.md:281-285,platform_configuration.create_platform_prompt; platform_configuration.update_platform_prompt; platform_configuration.delete_platform_prompt,createPlatformPrompt;updatePlatformPrompt;deletePlatformPrompt,platform_configuration.create_platform_prompt; platform_configuration.update_platform_prompt; platform_configuration.delete_platform_prompt: 直接构造/修改为 platform_prompts.created_at 提供值；未见独立 NOT NULL 预检，DB NOT NULL 是 authority,platform_configuration.create_platform_prompt; platform_configuration.update_platform_prompt; platform_configuration.delete_platform_prompt: 未按 23502 的 table_name/column_name 做本地 mapper；HTTP 异常进入 errors.py:76-79，全局 worker/内部路径仅失败,23502 当前 HTTP owner 全局 409 REVISION_CONFLICT / 数据约束冲突（不泄漏 DB）,platform_prompts.created_at 缺失应由 contract-decision 批准字段级 4xx；未知 23502 default500，不能伪装 revision,platform_configuration.create_platform_prompt; platform_configuration.update_platform_prompt; platform_configuration.delete_platform_prompt 的直接 command 顶层 Session（由 owner 负责 flush/commit/rollback）,真实 PostgreSQL NOT NULL sentinel：not_null:platform_prompts.created_at；仅覆盖直接 owner platform_configuration.create_platform_prompt; platform_configuration.update_platform_prompt; platform_configuration.delete_platform_prompt / operation createPlatformPrompt;updatePlatformPrompt;deletePlatformPrompt；断言 diagnostics/HTTP 或 worker 失败边界、rollback、无 SUCCESS audit
not_null:platform_prompts.id,platform_prompts,id,NOT NULL,backend/alembic/versions/0031_reusable_platform_prompts.py:16-56 ; backend/app/models/configuration.py:26-125 ; contracts/database.md:281-285,platform_configuration.create_platform_prompt; platform_configuration.update_platform_prompt; platform_configuration.delete_platform_prompt,createPlatformPrompt;updatePlatformPrompt;deletePlatformPrompt,platform_configuration.create_platform_prompt; platform_configuration.update_platform_prompt; platform_configuration.delete_platform_prompt: 直接构造/修改为 platform_prompts.id 提供值；未见独立 NOT NULL 预检，DB NOT NULL 是 authority,platform_configuration.create_platform_prompt; platform_configuration.update_platform_prompt; platform_configuration.delete_platform_prompt: 未按 23502 的 table_name/column_name 做本地 mapper；HTTP 异常进入 errors.py:76-79，全局 worker/内部路径仅失败,23502 当前 HTTP owner 全局 409 REVISION_CONFLICT / 数据约束冲突（不泄漏 DB）,platform_prompts.id 缺失应由 contract-decision 批准字段级 4xx；未知 23502 default500，不能伪装 revision,platform_configuration.create_platform_prompt; platform_configuration.update_platform_prompt; platform_configuration.delete_platform_prompt 的直接 command 顶层 Session（由 owner 负责 flush/commit/rollback）,真实 PostgreSQL NOT NULL sentinel：not_null:platform_prompts.id；仅覆盖直接 owner platform_configuration.create_platform_prompt; platform_configuration.update_platform_prompt; platform_configuration.delete_platform_prompt / operation createPlatformPrompt;updatePlatformPrompt;deletePlatformPrompt；断言 diagnostics/HTTP 或 worker 失败边界、rollback、无 SUCCESS audit
not_null:platform_prompts.name,platform_prompts,name,NOT NULL,backend/alembic/versions/0031_reusable_platform_prompts.py:16-56 ; backend/app/models/configuration.py:26-125 ; contracts/database.md:281-285,platform_configuration.create_platform_prompt; platform_configuration.update_platform_prompt; platform_configuration.delete_platform_prompt,createPlatformPrompt;updatePlatformPrompt;deletePlatformPrompt,platform_configuration.create_platform_prompt; platform_configuration.update_platform_prompt; platform_configuration.delete_platform_prompt: 直接构造/修改为 platform_prompts.name 提供值；未见独立 NOT NULL 预检，DB NOT NULL 是 authority,platform_configuration.create_platform_prompt; platform_configuration.update_platform_prompt; platform_configuration.delete_platform_prompt: 未按 23502 的 table_name/column_name 做本地 mapper；HTTP 异常进入 errors.py:76-79，全局 worker/内部路径仅失败,23502 当前 HTTP owner 全局 409 REVISION_CONFLICT / 数据约束冲突（不泄漏 DB）,platform_prompts.name 缺失应由 contract-decision 批准字段级 4xx；未知 23502 default500，不能伪装 revision,platform_configuration.create_platform_prompt; platform_configuration.update_platform_prompt; platform_configuration.delete_platform_prompt 的直接 command 顶层 Session（由 owner 负责 flush/commit/rollback）,真实 PostgreSQL NOT NULL sentinel：not_null:platform_prompts.name；仅覆盖直接 owner platform_configuration.create_platform_prompt; platform_configuration.update_platform_prompt; platform_configuration.delete_platform_prompt / operation createPlatformPrompt;updatePlatformPrompt;deletePlatformPrompt；断言 diagnostics/HTTP 或 worker 失败边界、rollback、无 SUCCESS audit
not_null:platform_prompts.revision,platform_prompts,revision,NOT NULL,backend/alembic/versions/0031_reusable_platform_prompts.py:16-56 ; backend/app/models/configuration.py:26-125 ; contracts/database.md:281-285,platform_configuration.create_platform_prompt; platform_configuration.update_platform_prompt; platform_configuration.delete_platform_prompt,createPlatformPrompt;updatePlatformPrompt;deletePlatformPrompt,platform_configuration.create_platform_prompt; platform_configuration.update_platform_prompt; platform_configuration.delete_platform_prompt: 直接构造/修改为 platform_prompts.revision 提供值；未见独立 NOT NULL 预检，DB NOT NULL 是 authority,platform_configuration.create_platform_prompt; platform_configuration.update_platform_prompt; platform_configuration.delete_platform_prompt: 未按 23502 的 table_name/column_name 做本地 mapper；HTTP 异常进入 errors.py:76-79，全局 worker/内部路径仅失败,23502 当前 HTTP owner 全局 409 REVISION_CONFLICT / 数据约束冲突（不泄漏 DB）,platform_prompts.revision 缺失应由 contract-decision 批准字段级 4xx；未知 23502 default500，不能伪装 revision,platform_configuration.create_platform_prompt; platform_configuration.update_platform_prompt; platform_configuration.delete_platform_prompt 的直接 command 顶层 Session（由 owner 负责 flush/commit/rollback）,真实 PostgreSQL NOT NULL sentinel：not_null:platform_prompts.revision；仅覆盖直接 owner platform_configuration.create_platform_prompt; platform_configuration.update_platform_prompt; platform_configuration.delete_platform_prompt / operation createPlatformPrompt;updatePlatformPrompt;deletePlatformPrompt；断言 diagnostics/HTTP 或 worker 失败边界、rollback、无 SUCCESS audit
not_null:platform_prompts.template_markdown,platform_prompts,template_markdown,NOT NULL,backend/alembic/versions/0031_reusable_platform_prompts.py:16-56 ; backend/app/models/configuration.py:26-125 ; contracts/database.md:281-285,platform_configuration.create_platform_prompt; platform_configuration.update_platform_prompt; platform_configuration.delete_platform_prompt,createPlatformPrompt;updatePlatformPrompt;deletePlatformPrompt,platform_configuration.create_platform_prompt; platform_configuration.update_platform_prompt; platform_configuration.delete_platform_prompt: 直接构造/修改为 platform_prompts.template_markdown 提供值；未见独立 NOT NULL 预检，DB NOT NULL 是 authority,platform_configuration.create_platform_prompt; platform_configuration.update_platform_prompt; platform_configuration.delete_platform_prompt: 未按 23502 的 table_name/column_name 做本地 mapper；HTTP 异常进入 errors.py:76-79，全局 worker/内部路径仅失败,23502 当前 HTTP owner 全局 409 REVISION_CONFLICT / 数据约束冲突（不泄漏 DB）,platform_prompts.template_markdown 缺失应由 contract-decision 批准字段级 4xx；未知 23502 default500，不能伪装 revision,platform_configuration.create_platform_prompt; platform_configuration.update_platform_prompt; platform_configuration.delete_platform_prompt 的直接 command 顶层 Session（由 owner 负责 flush/commit/rollback）,真实 PostgreSQL NOT NULL sentinel：not_null:platform_prompts.template_markdown；仅覆盖直接 owner platform_configuration.create_platform_prompt; platform_configuration.update_platform_prompt; platform_configuration.delete_platform_prompt / operation createPlatformPrompt;updatePlatformPrompt;deletePlatformPrompt；断言 diagnostics/HTTP 或 worker 失败边界、rollback、无 SUCCESS audit
not_null:platform_prompts.updated_at,platform_prompts,updated_at,NOT NULL,backend/alembic/versions/0031_reusable_platform_prompts.py:16-56 ; backend/app/models/configuration.py:26-125 ; contracts/database.md:281-285,platform_configuration.create_platform_prompt; platform_configuration.update_platform_prompt; platform_configuration.delete_platform_prompt,createPlatformPrompt;updatePlatformPrompt;deletePlatformPrompt,platform_configuration.create_platform_prompt; platform_configuration.update_platform_prompt; platform_configuration.delete_platform_prompt: 直接构造/修改为 platform_prompts.updated_at 提供值；未见独立 NOT NULL 预检，DB NOT NULL 是 authority,platform_configuration.create_platform_prompt; platform_configuration.update_platform_prompt; platform_configuration.delete_platform_prompt: 未按 23502 的 table_name/column_name 做本地 mapper；HTTP 异常进入 errors.py:76-79，全局 worker/内部路径仅失败,23502 当前 HTTP owner 全局 409 REVISION_CONFLICT / 数据约束冲突（不泄漏 DB）,platform_prompts.updated_at 缺失应由 contract-decision 批准字段级 4xx；未知 23502 default500，不能伪装 revision,platform_configuration.create_platform_prompt; platform_configuration.update_platform_prompt; platform_configuration.delete_platform_prompt 的直接 command 顶层 Session（由 owner 负责 flush/commit/rollback）,真实 PostgreSQL NOT NULL sentinel：not_null:platform_prompts.updated_at；仅覆盖直接 owner platform_configuration.create_platform_prompt; platform_configuration.update_platform_prompt; platform_configuration.delete_platform_prompt / operation createPlatformPrompt;updatePlatformPrompt;deletePlatformPrompt；断言 diagnostics/HTTP 或 worker 失败边界、rollback、无 SUCCESS audit
not_null:platform_prompts.updated_by,platform_prompts,updated_by,NOT NULL,backend/alembic/versions/0031_reusable_platform_prompts.py:16-56 ; backend/app/models/configuration.py:26-125 ; contracts/database.md:281-285,platform_configuration.create_platform_prompt; platform_configuration.update_platform_prompt; platform_configuration.delete_platform_prompt,createPlatformPrompt;updatePlatformPrompt;deletePlatformPrompt,platform_configuration.create_platform_prompt; platform_configuration.update_platform_prompt; platform_configuration.delete_platform_prompt: 直接构造/修改为 platform_prompts.updated_by 提供值；未见独立 NOT NULL 预检，DB NOT NULL 是 authority,platform_configuration.create_platform_prompt; platform_configuration.update_platform_prompt; platform_configuration.delete_platform_prompt: 未按 23502 的 table_name/column_name 做本地 mapper；HTTP 异常进入 errors.py:76-79，全局 worker/内部路径仅失败,23502 当前 HTTP owner 全局 409 REVISION_CONFLICT / 数据约束冲突（不泄漏 DB）,platform_prompts.updated_by 缺失应由 contract-decision 批准字段级 4xx；未知 23502 default500，不能伪装 revision,platform_configuration.create_platform_prompt; platform_configuration.update_platform_prompt; platform_configuration.delete_platform_prompt 的直接 command 顶层 Session（由 owner 负责 flush/commit/rollback）,真实 PostgreSQL NOT NULL sentinel：not_null:platform_prompts.updated_by；仅覆盖直接 owner platform_configuration.create_platform_prompt; platform_configuration.update_platform_prompt; platform_configuration.delete_platform_prompt / operation createPlatformPrompt;updatePlatformPrompt;deletePlatformPrompt；断言 diagnostics/HTTP 或 worker 失败边界、rollback、无 SUCCESS audit
not_null:platform_types.created_at,platform_types,created_at,NOT NULL,backend/alembic/versions/0009_config_center.py:818-828 ; backend/app/models/configuration.py:26-125 ; contracts/database.md:77,platform_configuration.create_platform_type; platform_configuration.update_platform_type; platform_configuration.delete_platform_type,createPlatformType;updatePlatformType;deletePlatformType,platform_configuration.create_platform_type; platform_configuration.update_platform_type; platform_configuration.delete_platform_type: 直接构造/修改为 platform_types.created_at 提供值；未见独立 NOT NULL 预检，DB NOT NULL 是 authority,platform_configuration.create_platform_type; platform_configuration.update_platform_type; platform_configuration.delete_platform_type: 未按 23502 的 table_name/column_name 做本地 mapper；HTTP 异常进入 errors.py:76-79，全局 worker/内部路径仅失败,23502 当前 HTTP owner 全局 409 REVISION_CONFLICT / 数据约束冲突（不泄漏 DB）,platform_types.created_at 缺失应由 contract-decision 批准字段级 4xx；未知 23502 default500，不能伪装 revision,platform_configuration.create_platform_type; platform_configuration.update_platform_type; platform_configuration.delete_platform_type 的直接 command 顶层 Session（由 owner 负责 flush/commit/rollback）,真实 PostgreSQL NOT NULL sentinel：not_null:platform_types.created_at；仅覆盖直接 owner platform_configuration.create_platform_type; platform_configuration.update_platform_type; platform_configuration.delete_platform_type / operation createPlatformType;updatePlatformType;deletePlatformType；断言 diagnostics/HTTP 或 worker 失败边界、rollback、无 SUCCESS audit
not_null:platform_types.created_by,platform_types,created_by,NOT NULL,backend/alembic/versions/0009_config_center.py:818-828 ; backend/app/models/configuration.py:26-125 ; contracts/database.md:77,platform_configuration.create_platform_type; platform_configuration.update_platform_type; platform_configuration.delete_platform_type,createPlatformType;updatePlatformType;deletePlatformType,platform_configuration.create_platform_type; platform_configuration.update_platform_type; platform_configuration.delete_platform_type: 直接构造/修改为 platform_types.created_by 提供值；未见独立 NOT NULL 预检，DB NOT NULL 是 authority,platform_configuration.create_platform_type; platform_configuration.update_platform_type; platform_configuration.delete_platform_type: 未按 23502 的 table_name/column_name 做本地 mapper；HTTP 异常进入 errors.py:76-79，全局 worker/内部路径仅失败,23502 当前 HTTP owner 全局 409 REVISION_CONFLICT / 数据约束冲突（不泄漏 DB）,platform_types.created_by 缺失应由 contract-decision 批准字段级 4xx；未知 23502 default500，不能伪装 revision,platform_configuration.create_platform_type; platform_configuration.update_platform_type; platform_configuration.delete_platform_type 的直接 command 顶层 Session（由 owner 负责 flush/commit/rollback）,真实 PostgreSQL NOT NULL sentinel：not_null:platform_types.created_by；仅覆盖直接 owner platform_configuration.create_platform_type; platform_configuration.update_platform_type; platform_configuration.delete_platform_type / operation createPlatformType;updatePlatformType;deletePlatformType；断言 diagnostics/HTTP 或 worker 失败边界、rollback、无 SUCCESS audit
not_null:platform_types.id,platform_types,id,NOT NULL,backend/alembic/versions/0009_config_center.py:818-828 ; backend/app/models/configuration.py:26-125 ; contracts/database.md:77,platform_configuration.create_platform_type; platform_configuration.update_platform_type; platform_configuration.delete_platform_type,createPlatformType;updatePlatformType;deletePlatformType,platform_configuration.create_platform_type; platform_configuration.update_platform_type; platform_configuration.delete_platform_type: 直接构造/修改为 platform_types.id 提供值；未见独立 NOT NULL 预检，DB NOT NULL 是 authority,platform_configuration.create_platform_type; platform_configuration.update_platform_type; platform_configuration.delete_platform_type: 未按 23502 的 table_name/column_name 做本地 mapper；HTTP 异常进入 errors.py:76-79，全局 worker/内部路径仅失败,23502 当前 HTTP owner 全局 409 REVISION_CONFLICT / 数据约束冲突（不泄漏 DB）,platform_types.id 缺失应由 contract-decision 批准字段级 4xx；未知 23502 default500，不能伪装 revision,platform_configuration.create_platform_type; platform_configuration.update_platform_type; platform_configuration.delete_platform_type 的直接 command 顶层 Session（由 owner 负责 flush/commit/rollback）,真实 PostgreSQL NOT NULL sentinel：not_null:platform_types.id；仅覆盖直接 owner platform_configuration.create_platform_type; platform_configuration.update_platform_type; platform_configuration.delete_platform_type / operation createPlatformType;updatePlatformType;deletePlatformType；断言 diagnostics/HTTP 或 worker 失败边界、rollback、无 SUCCESS audit
not_null:platform_types.name,platform_types,name,NOT NULL,backend/alembic/versions/0009_config_center.py:818-828 ; backend/app/models/configuration.py:26-125 ; contracts/database.md:77,platform_configuration.create_platform_type; platform_configuration.update_platform_type; platform_configuration.delete_platform_type,createPlatformType;updatePlatformType;deletePlatformType,platform_configuration.create_platform_type; platform_configuration.update_platform_type; platform_configuration.delete_platform_type: 直接构造/修改为 platform_types.name 提供值；未见独立 NOT NULL 预检，DB NOT NULL 是 authority,platform_configuration.create_platform_type; platform_configuration.update_platform_type; platform_configuration.delete_platform_type: 未按 23502 的 table_name/column_name 做本地 mapper；HTTP 异常进入 errors.py:76-79，全局 worker/内部路径仅失败,23502 当前 HTTP owner 全局 409 REVISION_CONFLICT / 数据约束冲突（不泄漏 DB）,platform_types.name 缺失应由 contract-decision 批准字段级 4xx；未知 23502 default500，不能伪装 revision,platform_configuration.create_platform_type; platform_configuration.update_platform_type; platform_configuration.delete_platform_type 的直接 command 顶层 Session（由 owner 负责 flush/commit/rollback）,真实 PostgreSQL NOT NULL sentinel：not_null:platform_types.name；仅覆盖直接 owner platform_configuration.create_platform_type; platform_configuration.update_platform_type; platform_configuration.delete_platform_type / operation createPlatformType;updatePlatformType;deletePlatformType；断言 diagnostics/HTTP 或 worker 失败边界、rollback、无 SUCCESS audit
not_null:platform_types.revision,platform_types,revision,NOT NULL,backend/alembic/versions/0009_config_center.py:818-828 ; backend/app/models/configuration.py:26-125 ; contracts/database.md:77,platform_configuration.create_platform_type; platform_configuration.update_platform_type; platform_configuration.delete_platform_type,createPlatformType;updatePlatformType;deletePlatformType,platform_configuration.create_platform_type; platform_configuration.update_platform_type; platform_configuration.delete_platform_type: 直接构造/修改为 platform_types.revision 提供值；未见独立 NOT NULL 预检，DB NOT NULL 是 authority,platform_configuration.create_platform_type; platform_configuration.update_platform_type; platform_configuration.delete_platform_type: 未按 23502 的 table_name/column_name 做本地 mapper；HTTP 异常进入 errors.py:76-79，全局 worker/内部路径仅失败,23502 当前 HTTP owner 全局 409 REVISION_CONFLICT / 数据约束冲突（不泄漏 DB）,platform_types.revision 缺失应由 contract-decision 批准字段级 4xx；未知 23502 default500，不能伪装 revision,platform_configuration.create_platform_type; platform_configuration.update_platform_type; platform_configuration.delete_platform_type 的直接 command 顶层 Session（由 owner 负责 flush/commit/rollback）,真实 PostgreSQL NOT NULL sentinel：not_null:platform_types.revision；仅覆盖直接 owner platform_configuration.create_platform_type; platform_configuration.update_platform_type; platform_configuration.delete_platform_type / operation createPlatformType;updatePlatformType;deletePlatformType；断言 diagnostics/HTTP 或 worker 失败边界、rollback、无 SUCCESS audit
not_null:platform_types.slug,platform_types,slug,NOT NULL,backend/alembic/versions/0009_config_center.py:818-828 ; backend/app/models/configuration.py:26-125 ; contracts/database.md:77,platform_configuration.create_platform_type; platform_configuration.update_platform_type; platform_configuration.delete_platform_type,createPlatformType;updatePlatformType;deletePlatformType,platform_configuration.create_platform_type; platform_configuration.update_platform_type; platform_configuration.delete_platform_type: 直接构造/修改为 platform_types.slug 提供值；未见独立 NOT NULL 预检，DB NOT NULL 是 authority,platform_configuration.create_platform_type; platform_configuration.update_platform_type; platform_configuration.delete_platform_type: 未按 23502 的 table_name/column_name 做本地 mapper；HTTP 异常进入 errors.py:76-79，全局 worker/内部路径仅失败,23502 当前 HTTP owner 全局 409 REVISION_CONFLICT / 数据约束冲突（不泄漏 DB）,platform_types.slug 缺失应由 contract-decision 批准字段级 4xx；未知 23502 default500，不能伪装 revision,platform_configuration.create_platform_type; platform_configuration.update_platform_type; platform_configuration.delete_platform_type 的直接 command 顶层 Session（由 owner 负责 flush/commit/rollback）,真实 PostgreSQL NOT NULL sentinel：not_null:platform_types.slug；仅覆盖直接 owner platform_configuration.create_platform_type; platform_configuration.update_platform_type; platform_configuration.delete_platform_type / operation createPlatformType;updatePlatformType;deletePlatformType；断言 diagnostics/HTTP 或 worker 失败边界、rollback、无 SUCCESS audit
not_null:platform_types.updated_at,platform_types,updated_at,NOT NULL,backend/alembic/versions/0009_config_center.py:818-828 ; backend/app/models/configuration.py:26-125 ; contracts/database.md:77,platform_configuration.create_platform_type; platform_configuration.update_platform_type; platform_configuration.delete_platform_type,createPlatformType;updatePlatformType;deletePlatformType,platform_configuration.create_platform_type; platform_configuration.update_platform_type; platform_configuration.delete_platform_type: 直接构造/修改为 platform_types.updated_at 提供值；未见独立 NOT NULL 预检，DB NOT NULL 是 authority,platform_configuration.create_platform_type; platform_configuration.update_platform_type; platform_configuration.delete_platform_type: 未按 23502 的 table_name/column_name 做本地 mapper；HTTP 异常进入 errors.py:76-79，全局 worker/内部路径仅失败,23502 当前 HTTP owner 全局 409 REVISION_CONFLICT / 数据约束冲突（不泄漏 DB）,platform_types.updated_at 缺失应由 contract-decision 批准字段级 4xx；未知 23502 default500，不能伪装 revision,platform_configuration.create_platform_type; platform_configuration.update_platform_type; platform_configuration.delete_platform_type 的直接 command 顶层 Session（由 owner 负责 flush/commit/rollback）,真实 PostgreSQL NOT NULL sentinel：not_null:platform_types.updated_at；仅覆盖直接 owner platform_configuration.create_platform_type; platform_configuration.update_platform_type; platform_configuration.delete_platform_type / operation createPlatformType;updatePlatformType;deletePlatformType；断言 diagnostics/HTTP 或 worker 失败边界、rollback、无 SUCCESS audit
not_null:products.brand,products,brand,NOT NULL,"backend/alembic/versions/0002_product_facts.py:1-130; backend/alembic/versions/0025_markdown_facts_direct_platform.py:491-526 ; backend/app/models/product_facts.py:27-116 ; contracts/database.md:217,411,415",product_facts.create_product; product_facts.update_product; product_facts.replace_product_facts,createProduct;updateProduct;replaceProductFactsDraft,product_facts.create_product; product_facts.update_product; product_facts.replace_product_facts: 直接构造/修改为 products.brand 提供值；未见独立 NOT NULL 预检，DB NOT NULL 是 authority,product_facts.create_product; product_facts.update_product; product_facts.replace_product_facts: 未按 23502 的 table_name/column_name 做本地 mapper；HTTP 异常进入 errors.py:76-79，全局 worker/内部路径仅失败,23502 当前 HTTP owner 全局 409 REVISION_CONFLICT / 数据约束冲突（不泄漏 DB）,products.brand 缺失应由 contract-decision 批准字段级 4xx；未知 23502 default500，不能伪装 revision,product_facts.create_product; product_facts.update_product; product_facts.replace_product_facts 的直接 command 顶层 Session（由 owner 负责 flush/commit/rollback）,真实 PostgreSQL NOT NULL sentinel：not_null:products.brand；仅覆盖直接 owner product_facts.create_product; product_facts.update_product; product_facts.replace_product_facts / operation createProduct;updateProduct;replaceProductFactsDraft；断言 diagnostics/HTTP 或 worker 失败边界、rollback、无 SUCCESS audit
not_null:products.category,products,category,NOT NULL,"backend/alembic/versions/0002_product_facts.py:1-130; backend/alembic/versions/0025_markdown_facts_direct_platform.py:491-526 ; backend/app/models/product_facts.py:27-116 ; contracts/database.md:217,411,415",product_facts.create_product; product_facts.update_product; product_facts.replace_product_facts,createProduct;updateProduct;replaceProductFactsDraft,product_facts.create_product; product_facts.update_product; product_facts.replace_product_facts: 直接构造/修改为 products.category 提供值；未见独立 NOT NULL 预检，DB NOT NULL 是 authority,product_facts.create_product; product_facts.update_product; product_facts.replace_product_facts: 未按 23502 的 table_name/column_name 做本地 mapper；HTTP 异常进入 errors.py:76-79，全局 worker/内部路径仅失败,23502 当前 HTTP owner 全局 409 REVISION_CONFLICT / 数据约束冲突（不泄漏 DB）,products.category 缺失应由 contract-decision 批准字段级 4xx；未知 23502 default500，不能伪装 revision,product_facts.create_product; product_facts.update_product; product_facts.replace_product_facts 的直接 command 顶层 Session（由 owner 负责 flush/commit/rollback）,真实 PostgreSQL NOT NULL sentinel：not_null:products.category；仅覆盖直接 owner product_facts.create_product; product_facts.update_product; product_facts.replace_product_facts / operation createProduct;updateProduct;replaceProductFactsDraft；断言 diagnostics/HTTP 或 worker 失败边界、rollback、无 SUCCESS audit
not_null:products.created_at,products,created_at,NOT NULL,"backend/alembic/versions/0002_product_facts.py:1-130; backend/alembic/versions/0025_markdown_facts_direct_platform.py:491-526 ; backend/app/models/product_facts.py:27-116 ; contracts/database.md:217,411,415",product_facts.create_product; product_facts.update_product; product_facts.replace_product_facts,createProduct;updateProduct;replaceProductFactsDraft,product_facts.create_product; product_facts.update_product; product_facts.replace_product_facts: 直接构造/修改为 products.created_at 提供值；未见独立 NOT NULL 预检，DB NOT NULL 是 authority,product_facts.create_product; product_facts.update_product; product_facts.replace_product_facts: 未按 23502 的 table_name/column_name 做本地 mapper；HTTP 异常进入 errors.py:76-79，全局 worker/内部路径仅失败,23502 当前 HTTP owner 全局 409 REVISION_CONFLICT / 数据约束冲突（不泄漏 DB）,products.created_at 缺失应由 contract-decision 批准字段级 4xx；未知 23502 default500，不能伪装 revision,product_facts.create_product; product_facts.update_product; product_facts.replace_product_facts 的直接 command 顶层 Session（由 owner 负责 flush/commit/rollback）,真实 PostgreSQL NOT NULL sentinel：not_null:products.created_at；仅覆盖直接 owner product_facts.create_product; product_facts.update_product; product_facts.replace_product_facts / operation createProduct;updateProduct;replaceProductFactsDraft；断言 diagnostics/HTTP 或 worker 失败边界、rollback、无 SUCCESS audit
not_null:products.facts_body_markdown,products,facts_body_markdown,NOT NULL,"backend/alembic/versions/0002_product_facts.py:1-130; backend/alembic/versions/0025_markdown_facts_direct_platform.py:491-526 ; backend/app/models/product_facts.py:27-116 ; contracts/database.md:217,411,415",product_facts.create_product; product_facts.update_product; product_facts.replace_product_facts,createProduct;updateProduct;replaceProductFactsDraft,product_facts.create_product; product_facts.update_product; product_facts.replace_product_facts: 直接构造/修改为 products.facts_body_markdown 提供值；未见独立 NOT NULL 预检，DB NOT NULL 是 authority,product_facts.create_product; product_facts.update_product; product_facts.replace_product_facts: 未按 23502 的 table_name/column_name 做本地 mapper；HTTP 异常进入 errors.py:76-79，全局 worker/内部路径仅失败,23502 当前 HTTP owner 全局 409 REVISION_CONFLICT / 数据约束冲突（不泄漏 DB）,products.facts_body_markdown 缺失应由 contract-decision 批准字段级 4xx；未知 23502 default500，不能伪装 revision,product_facts.create_product; product_facts.update_product; product_facts.replace_product_facts 的直接 command 顶层 Session（由 owner 负责 flush/commit/rollback）,真实 PostgreSQL NOT NULL sentinel：not_null:products.facts_body_markdown；仅覆盖直接 owner product_facts.create_product; product_facts.update_product; product_facts.replace_product_facts / operation createProduct;updateProduct;replaceProductFactsDraft；断言 diagnostics/HTTP 或 worker 失败边界、rollback、无 SUCCESS audit
not_null:products.facts_classification,products,facts_classification,NOT NULL,"backend/alembic/versions/0002_product_facts.py:1-130; backend/alembic/versions/0025_markdown_facts_direct_platform.py:491-526 ; backend/app/models/product_facts.py:27-116 ; contracts/database.md:217,411,415",product_facts.create_product; product_facts.update_product; product_facts.replace_product_facts,createProduct;updateProduct;replaceProductFactsDraft,product_facts.create_product; product_facts.update_product; product_facts.replace_product_facts: 直接构造/修改为 products.facts_classification 提供值；未见独立 NOT NULL 预检，DB NOT NULL 是 authority,product_facts.create_product; product_facts.update_product; product_facts.replace_product_facts: 未按 23502 的 table_name/column_name 做本地 mapper；HTTP 异常进入 errors.py:76-79，全局 worker/内部路径仅失败,23502 当前 HTTP owner 全局 409 REVISION_CONFLICT / 数据约束冲突（不泄漏 DB）,products.facts_classification 缺失应由 contract-decision 批准字段级 4xx；未知 23502 default500，不能伪装 revision,product_facts.create_product; product_facts.update_product; product_facts.replace_product_facts 的直接 command 顶层 Session（由 owner 负责 flush/commit/rollback）,真实 PostgreSQL NOT NULL sentinel：not_null:products.facts_classification；仅覆盖直接 owner product_facts.create_product; product_facts.update_product; product_facts.replace_product_facts / operation createProduct;updateProduct;replaceProductFactsDraft；断言 diagnostics/HTTP 或 worker 失败边界、rollback、无 SUCCESS audit
not_null:products.facts_revision,products,facts_revision,NOT NULL,"backend/alembic/versions/0002_product_facts.py:1-130; backend/alembic/versions/0025_markdown_facts_direct_platform.py:491-526 ; backend/app/models/product_facts.py:27-116 ; contracts/database.md:217,411,415",product_facts.create_product; product_facts.update_product; product_facts.replace_product_facts,createProduct;updateProduct;replaceProductFactsDraft,product_facts.create_product; product_facts.update_product; product_facts.replace_product_facts: 直接构造/修改为 products.facts_revision 提供值；未见独立 NOT NULL 预检，DB NOT NULL 是 authority,product_facts.create_product; product_facts.update_product; product_facts.replace_product_facts: 未按 23502 的 table_name/column_name 做本地 mapper；HTTP 异常进入 errors.py:76-79，全局 worker/内部路径仅失败,23502 当前 HTTP owner 全局 409 REVISION_CONFLICT / 数据约束冲突（不泄漏 DB）,products.facts_revision 缺失应由 contract-decision 批准字段级 4xx；未知 23502 default500，不能伪装 revision,product_facts.create_product; product_facts.update_product; product_facts.replace_product_facts 的直接 command 顶层 Session（由 owner 负责 flush/commit/rollback）,真实 PostgreSQL NOT NULL sentinel：not_null:products.facts_revision；仅覆盖直接 owner product_facts.create_product; product_facts.update_product; product_facts.replace_product_facts / operation createProduct;updateProduct;replaceProductFactsDraft；断言 diagnostics/HTTP 或 worker 失败边界、rollback、无 SUCCESS audit
not_null:products.id,products,id,NOT NULL,"backend/alembic/versions/0002_product_facts.py:1-130; backend/alembic/versions/0025_markdown_facts_direct_platform.py:491-526 ; backend/app/models/product_facts.py:27-116 ; contracts/database.md:217,411,415",product_facts.create_product; product_facts.update_product; product_facts.replace_product_facts,createProduct;updateProduct;replaceProductFactsDraft,product_facts.create_product; product_facts.update_product; product_facts.replace_product_facts: 直接构造/修改为 products.id 提供值；未见独立 NOT NULL 预检，DB NOT NULL 是 authority,product_facts.create_product; product_facts.update_product; product_facts.replace_product_facts: 未按 23502 的 table_name/column_name 做本地 mapper；HTTP 异常进入 errors.py:76-79，全局 worker/内部路径仅失败,23502 当前 HTTP owner 全局 409 REVISION_CONFLICT / 数据约束冲突（不泄漏 DB）,products.id 缺失应由 contract-decision 批准字段级 4xx；未知 23502 default500，不能伪装 revision,product_facts.create_product; product_facts.update_product; product_facts.replace_product_facts 的直接 command 顶层 Session（由 owner 负责 flush/commit/rollback）,真实 PostgreSQL NOT NULL sentinel：not_null:products.id；仅覆盖直接 owner product_facts.create_product; product_facts.update_product; product_facts.replace_product_facts / operation createProduct;updateProduct;replaceProductFactsDraft；断言 diagnostics/HTTP 或 worker 失败边界、rollback、无 SUCCESS audit
not_null:products.normalized_brand,products,normalized_brand,NOT NULL,"backend/alembic/versions/0002_product_facts.py:1-130; backend/alembic/versions/0025_markdown_facts_direct_platform.py:491-526 ; backend/app/models/product_facts.py:27-116 ; contracts/database.md:217,411,415",product_facts.create_product; product_facts.update_product; product_facts.replace_product_facts,createProduct;updateProduct;replaceProductFactsDraft,product_facts.create_product; product_facts.update_product; product_facts.replace_product_facts: 直接构造/修改为 products.normalized_brand 提供值；未见独立 NOT NULL 预检，DB NOT NULL 是 authority,product_facts.create_product; product_facts.update_product; product_facts.replace_product_facts: 未按 23502 的 table_name/column_name 做本地 mapper；HTTP 异常进入 errors.py:76-79，全局 worker/内部路径仅失败,23502 当前 HTTP owner 全局 409 REVISION_CONFLICT / 数据约束冲突（不泄漏 DB）,products.normalized_brand 缺失应由 contract-decision 批准字段级 4xx；未知 23502 default500，不能伪装 revision,product_facts.create_product; product_facts.update_product; product_facts.replace_product_facts 的直接 command 顶层 Session（由 owner 负责 flush/commit/rollback）,真实 PostgreSQL NOT NULL sentinel：not_null:products.normalized_brand；仅覆盖直接 owner product_facts.create_product; product_facts.update_product; product_facts.replace_product_facts / operation createProduct;updateProduct;replaceProductFactsDraft；断言 diagnostics/HTTP 或 worker 失败边界、rollback、无 SUCCESS audit
not_null:products.normalized_part_number,products,normalized_part_number,NOT NULL,"backend/alembic/versions/0002_product_facts.py:1-130; backend/alembic/versions/0025_markdown_facts_direct_platform.py:491-526 ; backend/app/models/product_facts.py:27-116 ; contracts/database.md:217,411,415",product_facts.create_product; product_facts.update_product; product_facts.replace_product_facts,createProduct;updateProduct;replaceProductFactsDraft,product_facts.create_product; product_facts.update_product; product_facts.replace_product_facts: 直接构造/修改为 products.normalized_part_number 提供值；未见独立 NOT NULL 预检，DB NOT NULL 是 authority,product_facts.create_product; product_facts.update_product; product_facts.replace_product_facts: 未按 23502 的 table_name/column_name 做本地 mapper；HTTP 异常进入 errors.py:76-79，全局 worker/内部路径仅失败,23502 当前 HTTP owner 全局 409 REVISION_CONFLICT / 数据约束冲突（不泄漏 DB）,products.normalized_part_number 缺失应由 contract-decision 批准字段级 4xx；未知 23502 default500，不能伪装 revision,product_facts.create_product; product_facts.update_product; product_facts.replace_product_facts 的直接 command 顶层 Session（由 owner 负责 flush/commit/rollback）,真实 PostgreSQL NOT NULL sentinel：not_null:products.normalized_part_number；仅覆盖直接 owner product_facts.create_product; product_facts.update_product; product_facts.replace_product_facts / operation createProduct;updateProduct;replaceProductFactsDraft；断言 diagnostics/HTTP 或 worker 失败边界、rollback、无 SUCCESS audit
not_null:products.part_number,products,part_number,NOT NULL,"backend/alembic/versions/0002_product_facts.py:1-130; backend/alembic/versions/0025_markdown_facts_direct_platform.py:491-526 ; backend/app/models/product_facts.py:27-116 ; contracts/database.md:217,411,415",product_facts.create_product; product_facts.update_product; product_facts.replace_product_facts,createProduct;updateProduct;replaceProductFactsDraft,product_facts.create_product; product_facts.update_product; product_facts.replace_product_facts: 直接构造/修改为 products.part_number 提供值；未见独立 NOT NULL 预检，DB NOT NULL 是 authority,product_facts.create_product; product_facts.update_product; product_facts.replace_product_facts: 未按 23502 的 table_name/column_name 做本地 mapper；HTTP 异常进入 errors.py:76-79，全局 worker/内部路径仅失败,23502 当前 HTTP owner 全局 409 REVISION_CONFLICT / 数据约束冲突（不泄漏 DB）,products.part_number 缺失应由 contract-decision 批准字段级 4xx；未知 23502 default500，不能伪装 revision,product_facts.create_product; product_facts.update_product; product_facts.replace_product_facts 的直接 command 顶层 Session（由 owner 负责 flush/commit/rollback）,真实 PostgreSQL NOT NULL sentinel：not_null:products.part_number；仅覆盖直接 owner product_facts.create_product; product_facts.update_product; product_facts.replace_product_facts / operation createProduct;updateProduct;replaceProductFactsDraft；断言 diagnostics/HTTP 或 worker 失败边界、rollback、无 SUCCESS audit
not_null:products.revision,products,revision,NOT NULL,"backend/alembic/versions/0002_product_facts.py:1-130; backend/alembic/versions/0025_markdown_facts_direct_platform.py:491-526 ; backend/app/models/product_facts.py:27-116 ; contracts/database.md:217,411,415",product_facts.create_product; product_facts.update_product; product_facts.replace_product_facts,createProduct;updateProduct;replaceProductFactsDraft,product_facts.create_product; product_facts.update_product; product_facts.replace_product_facts: 直接构造/修改为 products.revision 提供值；未见独立 NOT NULL 预检，DB NOT NULL 是 authority,product_facts.create_product; product_facts.update_product; product_facts.replace_product_facts: 未按 23502 的 table_name/column_name 做本地 mapper；HTTP 异常进入 errors.py:76-79，全局 worker/内部路径仅失败,23502 当前 HTTP owner 全局 409 REVISION_CONFLICT / 数据约束冲突（不泄漏 DB）,products.revision 缺失应由 contract-decision 批准字段级 4xx；未知 23502 default500，不能伪装 revision,product_facts.create_product; product_facts.update_product; product_facts.replace_product_facts 的直接 command 顶层 Session（由 owner 负责 flush/commit/rollback）,真实 PostgreSQL NOT NULL sentinel：not_null:products.revision；仅覆盖直接 owner product_facts.create_product; product_facts.update_product; product_facts.replace_product_facts / operation createProduct;updateProduct;replaceProductFactsDraft；断言 diagnostics/HTTP 或 worker 失败边界、rollback、无 SUCCESS audit
not_null:products.status,products,status,NOT NULL,"backend/alembic/versions/0002_product_facts.py:1-130; backend/alembic/versions/0025_markdown_facts_direct_platform.py:491-526 ; backend/app/models/product_facts.py:27-116 ; contracts/database.md:217,411,415",product_facts.create_product; product_facts.update_product; product_facts.replace_product_facts,createProduct;updateProduct;replaceProductFactsDraft,product_facts.create_product; product_facts.update_product; product_facts.replace_product_facts: 直接构造/修改为 products.status 提供值；未见独立 NOT NULL 预检，DB NOT NULL 是 authority,product_facts.create_product; product_facts.update_product; product_facts.replace_product_facts: 未按 23502 的 table_name/column_name 做本地 mapper；HTTP 异常进入 errors.py:76-79，全局 worker/内部路径仅失败,23502 当前 HTTP owner 全局 409 REVISION_CONFLICT / 数据约束冲突（不泄漏 DB）,products.status 缺失应由 contract-decision 批准字段级 4xx；未知 23502 default500，不能伪装 revision,product_facts.create_product; product_facts.update_product; product_facts.replace_product_facts 的直接 command 顶层 Session（由 owner 负责 flush/commit/rollback）,真实 PostgreSQL NOT NULL sentinel：not_null:products.status；仅覆盖直接 owner product_facts.create_product; product_facts.update_product; product_facts.replace_product_facts / operation createProduct;updateProduct;replaceProductFactsDraft；断言 diagnostics/HTTP 或 worker 失败边界、rollback、无 SUCCESS audit
not_null:products.updated_at,products,updated_at,NOT NULL,"backend/alembic/versions/0002_product_facts.py:1-130; backend/alembic/versions/0025_markdown_facts_direct_platform.py:491-526 ; backend/app/models/product_facts.py:27-116 ; contracts/database.md:217,411,415",product_facts.create_product; product_facts.update_product; product_facts.replace_product_facts,createProduct;updateProduct;replaceProductFactsDraft,product_facts.create_product; product_facts.update_product; product_facts.replace_product_facts: 直接构造/修改为 products.updated_at 提供值；未见独立 NOT NULL 预检，DB NOT NULL 是 authority,product_facts.create_product; product_facts.update_product; product_facts.replace_product_facts: 未按 23502 的 table_name/column_name 做本地 mapper；HTTP 异常进入 errors.py:76-79，全局 worker/内部路径仅失败,23502 当前 HTTP owner 全局 409 REVISION_CONFLICT / 数据约束冲突（不泄漏 DB）,products.updated_at 缺失应由 contract-decision 批准字段级 4xx；未知 23502 default500，不能伪装 revision,product_facts.create_product; product_facts.update_product; product_facts.replace_product_facts 的直接 command 顶层 Session（由 owner 负责 flush/commit/rollback）,真实 PostgreSQL NOT NULL sentinel：not_null:products.updated_at；仅覆盖直接 owner product_facts.create_product; product_facts.update_product; product_facts.replace_product_facts / operation createProduct;updateProduct;replaceProductFactsDraft；断言 diagnostics/HTTP 或 worker 失败边界、rollback、无 SUCCESS audit
not_null:publication_attachments.file_id,publication_attachments,file_id,NOT NULL,"backend/alembic/versions/0034_publication_workflow_redesign.py:330-351 ; backend/app/models/publication.py:28-290 ; contracts/database.md:299,305,432,453",publication.create_publication_work; publication.permanently_delete_published_article; publication.permanently_delete_content_task,createPublicationWork;permanentlyDeletePublishedArticle;permanentlyDeleteContentTask,publication.create_publication_work; publication.permanently_delete_published_article; publication.permanently_delete_content_task: 直接写入/修改/删除链按该列或触发器语义执行；未见 not_null:publication_attachments.file_id 专用预检，数据库 NOT NULL 是 authority,publication.create_publication_work; publication.permanently_delete_published_article; publication.permanently_delete_content_task: 未见按 not_null:publication_attachments.file_id 专用 diagnostics mapper；失败由最终 owner rollback，异常进入全局 handler（worker 则由独立 Session 处理）,HTTP owner 当前未捕获时全局 409 REVISION_CONFLICT / 数据约束冲突（不泄漏 DB）。,not_null:publication_attachments.file_id：按 PostgreSQL diagnostics 精确映射；未批准领域 code 时 default500/contract-decision required，禁止错误文本映射。,publication.create_publication_work; publication.permanently_delete_published_article; publication.permanently_delete_content_task 的最终 flush/commit command 或独立 worker Session（间接 helper 不拥有事务）,真实 PostgreSQL NOT NULL sentinel：not_null:publication_attachments.file_id；仅覆盖直接 owner publication.create_publication_work; publication.permanently_delete_published_article; publication.permanently_delete_content_task / operation createPublicationWork;permanentlyDeletePublishedArticle;permanentlyDeleteContentTask；断言失败边界、rollback、无 SUCCESS audit
not_null:publication_attachments.publication_work_id,publication_attachments,publication_work_id,NOT NULL,"backend/alembic/versions/0034_publication_workflow_redesign.py:330-351 ; backend/app/models/publication.py:28-290 ; contracts/database.md:299,305,432,453",publication.create_publication_work; publication.permanently_delete_published_article; publication.permanently_delete_content_task,createPublicationWork;permanentlyDeletePublishedArticle;permanentlyDeleteContentTask,publication.create_publication_work; publication.permanently_delete_published_article; publication.permanently_delete_content_task: 直接写入/修改/删除链按该列或触发器语义执行；未见 not_null:publication_attachments.publication_work_id 专用预检，数据库 NOT NULL 是 authority,publication.create_publication_work; publication.permanently_delete_published_article; publication.permanently_delete_content_task: 未见按 not_null:publication_attachments.publication_work_id 专用 diagnostics mapper；失败由最终 owner rollback，异常进入全局 handler（worker 则由独立 Session 处理）,HTTP owner 当前未捕获时全局 409 REVISION_CONFLICT / 数据约束冲突（不泄漏 DB）。,not_null:publication_attachments.publication_work_id：按 PostgreSQL diagnostics 精确映射；未批准领域 code 时 default500/contract-decision required，禁止错误文本映射。,publication.create_publication_work; publication.permanently_delete_published_article; publication.permanently_delete_content_task 的最终 flush/commit command 或独立 worker Session（间接 helper 不拥有事务）,真实 PostgreSQL NOT NULL sentinel：not_null:publication_attachments.publication_work_id；仅覆盖直接 owner publication.create_publication_work; publication.permanently_delete_published_article; publication.permanently_delete_content_task / operation createPublicationWork;permanentlyDeletePublishedArticle;permanentlyDeleteContentTask；断言失败边界、rollback、无 SUCCESS audit
not_null:publication_verifications.actor_id,publication_verifications,actor_id,NOT NULL,"backend/alembic/versions/0034_publication_workflow_redesign.py:188-232; backend/alembic/versions/0035_business_workflow_primary_tasks.py:141-170 ; backend/app/models/publication.py:28-290 ; contracts/database.md:303,448-451",publication.verify_publication_work; publication.permanently_delete_published_article; publication.permanently_delete_content_task,verifyPublicationWork;permanentlyDeletePublishedArticle;permanentlyDeleteContentTask,publication.verify_publication_work; publication.permanently_delete_published_article; publication.permanently_delete_content_task: 直接写入/修改/删除链按该列或触发器语义执行；未见 not_null:publication_verifications.actor_id 专用预检，数据库 NOT NULL 是 authority,publication.verify_publication_work; publication.permanently_delete_published_article; publication.permanently_delete_content_task: 未见按 not_null:publication_verifications.actor_id 专用 diagnostics mapper；失败由最终 owner rollback，异常进入全局 handler（worker 则由独立 Session 处理）,HTTP owner 当前未捕获时全局 409 REVISION_CONFLICT / 数据约束冲突（不泄漏 DB）。,not_null:publication_verifications.actor_id：按 PostgreSQL diagnostics 精确映射；未批准领域 code 时 default500/contract-decision required，禁止错误文本映射。,publication.verify_publication_work; publication.permanently_delete_published_article; publication.permanently_delete_content_task 的最终 flush/commit command 或独立 worker Session（间接 helper 不拥有事务）,真实 PostgreSQL NOT NULL sentinel：not_null:publication_verifications.actor_id；仅覆盖直接 owner publication.verify_publication_work; publication.permanently_delete_published_article; publication.permanently_delete_content_task / operation verifyPublicationWork;permanentlyDeletePublishedArticle;permanentlyDeleteContentTask；断言失败边界、rollback、无 SUCCESS audit
not_null:publication_verifications.actual_title_snapshot,publication_verifications,actual_title_snapshot,NOT NULL,"backend/alembic/versions/0034_publication_workflow_redesign.py:188-232; backend/alembic/versions/0035_business_workflow_primary_tasks.py:141-170 ; backend/app/models/publication.py:28-290 ; contracts/database.md:303,448-451",publication.verify_publication_work; publication.permanently_delete_published_article; publication.permanently_delete_content_task,verifyPublicationWork;permanentlyDeletePublishedArticle;permanentlyDeleteContentTask,publication.verify_publication_work; publication.permanently_delete_published_article; publication.permanently_delete_content_task: 直接写入/修改/删除链按该列或触发器语义执行；未见 not_null:publication_verifications.actual_title_snapshot 专用预检，数据库 NOT NULL 是 authority,publication.verify_publication_work; publication.permanently_delete_published_article; publication.permanently_delete_content_task: 未见按 not_null:publication_verifications.actual_title_snapshot 专用 diagnostics mapper；失败由最终 owner rollback，异常进入全局 handler（worker 则由独立 Session 处理）,HTTP owner 当前未捕获时全局 409 REVISION_CONFLICT / 数据约束冲突（不泄漏 DB）。,not_null:publication_verifications.actual_title_snapshot：按 PostgreSQL diagnostics 精确映射；未批准领域 code 时 default500/contract-decision required，禁止错误文本映射。,publication.verify_publication_work; publication.permanently_delete_published_article; publication.permanently_delete_content_task 的最终 flush/commit command 或独立 worker Session（间接 helper 不拥有事务）,真实 PostgreSQL NOT NULL sentinel：not_null:publication_verifications.actual_title_snapshot；仅覆盖直接 owner publication.verify_publication_work; publication.permanently_delete_published_article; publication.permanently_delete_content_task / operation verifyPublicationWork;permanentlyDeletePublishedArticle;permanentlyDeleteContentTask；断言失败边界、rollback、无 SUCCESS audit
not_null:publication_verifications.comment,publication_verifications,comment,NOT NULL,"backend/alembic/versions/0034_publication_workflow_redesign.py:188-232; backend/alembic/versions/0035_business_workflow_primary_tasks.py:141-170 ; backend/app/models/publication.py:28-290 ; contracts/database.md:303,448-451",publication.verify_publication_work; publication.permanently_delete_published_article; publication.permanently_delete_content_task,verifyPublicationWork;permanentlyDeletePublishedArticle;permanentlyDeleteContentTask,publication.verify_publication_work; publication.permanently_delete_published_article; publication.permanently_delete_content_task: 直接写入/修改/删除链按该列或触发器语义执行；未见 not_null:publication_verifications.comment 专用预检，数据库 NOT NULL 是 authority,publication.verify_publication_work; publication.permanently_delete_published_article; publication.permanently_delete_content_task: 未见按 not_null:publication_verifications.comment 专用 diagnostics mapper；失败由最终 owner rollback，异常进入全局 handler（worker 则由独立 Session 处理）,HTTP owner 当前未捕获时全局 409 REVISION_CONFLICT / 数据约束冲突（不泄漏 DB）。,not_null:publication_verifications.comment：按 PostgreSQL diagnostics 精确映射；未批准领域 code 时 default500/contract-decision required，禁止错误文本映射。,publication.verify_publication_work; publication.permanently_delete_published_article; publication.permanently_delete_content_task 的最终 flush/commit command 或独立 worker Session（间接 helper 不拥有事务）,真实 PostgreSQL NOT NULL sentinel：not_null:publication_verifications.comment；仅覆盖直接 owner publication.verify_publication_work; publication.permanently_delete_published_article; publication.permanently_delete_content_task / operation verifyPublicationWork;permanentlyDeletePublishedArticle;permanentlyDeleteContentTask；断言失败边界、rollback、无 SUCCESS audit
not_null:publication_verifications.content_version_id,publication_verifications,content_version_id,NOT NULL,"backend/alembic/versions/0034_publication_workflow_redesign.py:188-232; backend/alembic/versions/0035_business_workflow_primary_tasks.py:141-170 ; backend/app/models/publication.py:28-290 ; contracts/database.md:303,448-451",publication.verify_publication_work; publication.permanently_delete_published_article; publication.permanently_delete_content_task,verifyPublicationWork;permanentlyDeletePublishedArticle;permanentlyDeleteContentTask,publication.verify_publication_work; publication.permanently_delete_published_article; publication.permanently_delete_content_task: 直接写入/修改/删除链按该列或触发器语义执行；未见 not_null:publication_verifications.content_version_id 专用预检，数据库 NOT NULL 是 authority,publication.verify_publication_work; publication.permanently_delete_published_article; publication.permanently_delete_content_task: 未见按 not_null:publication_verifications.content_version_id 专用 diagnostics mapper；失败由最终 owner rollback，异常进入全局 handler（worker 则由独立 Session 处理）,HTTP owner 当前未捕获时全局 409 REVISION_CONFLICT / 数据约束冲突（不泄漏 DB）。,not_null:publication_verifications.content_version_id：按 PostgreSQL diagnostics 精确映射；未批准领域 code 时 default500/contract-decision required，禁止错误文本映射。,publication.verify_publication_work; publication.permanently_delete_published_article; publication.permanently_delete_content_task 的最终 flush/commit command 或独立 worker Session（间接 helper 不拥有事务）,真实 PostgreSQL NOT NULL sentinel：not_null:publication_verifications.content_version_id；仅覆盖直接 owner publication.verify_publication_work; publication.permanently_delete_published_article; publication.permanently_delete_content_task / operation verifyPublicationWork;permanentlyDeletePublishedArticle;permanentlyDeleteContentTask；断言失败边界、rollback、无 SUCCESS audit
not_null:publication_verifications.created_at,publication_verifications,created_at,NOT NULL,"backend/alembic/versions/0034_publication_workflow_redesign.py:188-232; backend/alembic/versions/0035_business_workflow_primary_tasks.py:141-170 ; backend/app/models/publication.py:28-290 ; contracts/database.md:303,448-451",publication.verify_publication_work; publication.permanently_delete_published_article; publication.permanently_delete_content_task,verifyPublicationWork;permanentlyDeletePublishedArticle;permanentlyDeleteContentTask,publication.verify_publication_work; publication.permanently_delete_published_article; publication.permanently_delete_content_task: 直接写入/修改/删除链按该列或触发器语义执行；未见 not_null:publication_verifications.created_at 专用预检，数据库 NOT NULL 是 authority,publication.verify_publication_work; publication.permanently_delete_published_article; publication.permanently_delete_content_task: 未见按 not_null:publication_verifications.created_at 专用 diagnostics mapper；失败由最终 owner rollback，异常进入全局 handler（worker 则由独立 Session 处理）,HTTP owner 当前未捕获时全局 409 REVISION_CONFLICT / 数据约束冲突（不泄漏 DB）。,not_null:publication_verifications.created_at：按 PostgreSQL diagnostics 精确映射；未批准领域 code 时 default500/contract-decision required，禁止错误文本映射。,publication.verify_publication_work; publication.permanently_delete_published_article; publication.permanently_delete_content_task 的最终 flush/commit command 或独立 worker Session（间接 helper 不拥有事务）,真实 PostgreSQL NOT NULL sentinel：not_null:publication_verifications.created_at；仅覆盖直接 owner publication.verify_publication_work; publication.permanently_delete_published_article; publication.permanently_delete_content_task / operation verifyPublicationWork;permanentlyDeletePublishedArticle;permanentlyDeleteContentTask；断言失败边界、rollback、无 SUCCESS audit
not_null:publication_verifications.final_url_snapshot,publication_verifications,final_url_snapshot,NOT NULL,"backend/alembic/versions/0034_publication_workflow_redesign.py:188-232; backend/alembic/versions/0035_business_workflow_primary_tasks.py:141-170 ; backend/app/models/publication.py:28-290 ; contracts/database.md:303,448-451",publication.verify_publication_work; publication.permanently_delete_published_article; publication.permanently_delete_content_task,verifyPublicationWork;permanentlyDeletePublishedArticle;permanentlyDeleteContentTask,publication.verify_publication_work; publication.permanently_delete_published_article; publication.permanently_delete_content_task: 直接写入/修改/删除链按该列或触发器语义执行；未见 not_null:publication_verifications.final_url_snapshot 专用预检，数据库 NOT NULL 是 authority,publication.verify_publication_work; publication.permanently_delete_published_article; publication.permanently_delete_content_task: 未见按 not_null:publication_verifications.final_url_snapshot 专用 diagnostics mapper；失败由最终 owner rollback，异常进入全局 handler（worker 则由独立 Session 处理）,HTTP owner 当前未捕获时全局 409 REVISION_CONFLICT / 数据约束冲突（不泄漏 DB）。,not_null:publication_verifications.final_url_snapshot：按 PostgreSQL diagnostics 精确映射；未批准领域 code 时 default500/contract-decision required，禁止错误文本映射。,publication.verify_publication_work; publication.permanently_delete_published_article; publication.permanently_delete_content_task 的最终 flush/commit command 或独立 worker Session（间接 helper 不拥有事务）,真实 PostgreSQL NOT NULL sentinel：not_null:publication_verifications.final_url_snapshot；仅覆盖直接 owner publication.verify_publication_work; publication.permanently_delete_published_article; publication.permanently_delete_content_task / operation verifyPublicationWork;permanentlyDeletePublishedArticle;permanentlyDeleteContentTask；断言失败边界、rollback、无 SUCCESS audit
not_null:publication_verifications.id,publication_verifications,id,NOT NULL,"backend/alembic/versions/0034_publication_workflow_redesign.py:188-232; backend/alembic/versions/0035_business_workflow_primary_tasks.py:141-170 ; backend/app/models/publication.py:28-290 ; contracts/database.md:303,448-451",publication.verify_publication_work; publication.permanently_delete_published_article; publication.permanently_delete_content_task,verifyPublicationWork;permanentlyDeletePublishedArticle;permanentlyDeleteContentTask,publication.verify_publication_work; publication.permanently_delete_published_article; publication.permanently_delete_content_task: 直接写入/修改/删除链按该列或触发器语义执行；未见 not_null:publication_verifications.id 专用预检，数据库 NOT NULL 是 authority,publication.verify_publication_work; publication.permanently_delete_published_article; publication.permanently_delete_content_task: 未见按 not_null:publication_verifications.id 专用 diagnostics mapper；失败由最终 owner rollback，异常进入全局 handler（worker 则由独立 Session 处理）,HTTP owner 当前未捕获时全局 409 REVISION_CONFLICT / 数据约束冲突（不泄漏 DB）。,not_null:publication_verifications.id：按 PostgreSQL diagnostics 精确映射；未批准领域 code 时 default500/contract-decision required，禁止错误文本映射。,publication.verify_publication_work; publication.permanently_delete_published_article; publication.permanently_delete_content_task 的最终 flush/commit command 或独立 worker Session（间接 helper 不拥有事务）,真实 PostgreSQL NOT NULL sentinel：not_null:publication_verifications.id；仅覆盖直接 owner publication.verify_publication_work; publication.permanently_delete_published_article; publication.permanently_delete_content_task / operation verifyPublicationWork;permanentlyDeletePublishedArticle;permanentlyDeleteContentTask；断言失败边界、rollback、无 SUCCESS audit
not_null:publication_verifications.outcome,publication_verifications,outcome,NOT NULL,"backend/alembic/versions/0034_publication_workflow_redesign.py:188-232; backend/alembic/versions/0035_business_workflow_primary_tasks.py:141-170 ; backend/app/models/publication.py:28-290 ; contracts/database.md:303,448-451",publication.verify_publication_work; publication.permanently_delete_published_article; publication.permanently_delete_content_task,verifyPublicationWork;permanentlyDeletePublishedArticle;permanentlyDeleteContentTask,publication.verify_publication_work; publication.permanently_delete_published_article; publication.permanently_delete_content_task: 直接写入/修改/删除链按该列或触发器语义执行；未见 not_null:publication_verifications.outcome 专用预检，数据库 NOT NULL 是 authority,publication.verify_publication_work; publication.permanently_delete_published_article; publication.permanently_delete_content_task: 未见按 not_null:publication_verifications.outcome 专用 diagnostics mapper；失败由最终 owner rollback，异常进入全局 handler（worker 则由独立 Session 处理）,HTTP owner 当前未捕获时全局 409 REVISION_CONFLICT / 数据约束冲突（不泄漏 DB）。,not_null:publication_verifications.outcome：按 PostgreSQL diagnostics 精确映射；未批准领域 code 时 default500/contract-decision required，禁止错误文本映射。,publication.verify_publication_work; publication.permanently_delete_published_article; publication.permanently_delete_content_task 的最终 flush/commit command 或独立 worker Session（间接 helper 不拥有事务）,真实 PostgreSQL NOT NULL sentinel：not_null:publication_verifications.outcome；仅覆盖直接 owner publication.verify_publication_work; publication.permanently_delete_published_article; publication.permanently_delete_content_task / operation verifyPublicationWork;permanentlyDeletePublishedArticle;permanentlyDeleteContentTask；断言失败边界、rollback、无 SUCCESS audit
not_null:publication_verifications.publication_work_id,publication_verifications,publication_work_id,NOT NULL,"backend/alembic/versions/0034_publication_workflow_redesign.py:188-232; backend/alembic/versions/0035_business_workflow_primary_tasks.py:141-170 ; backend/app/models/publication.py:28-290 ; contracts/database.md:303,448-451",publication.verify_publication_work; publication.permanently_delete_published_article; publication.permanently_delete_content_task,verifyPublicationWork;permanentlyDeletePublishedArticle;permanentlyDeleteContentTask,publication.verify_publication_work; publication.permanently_delete_published_article; publication.permanently_delete_content_task: 直接写入/修改/删除链按该列或触发器语义执行；未见 not_null:publication_verifications.publication_work_id 专用预检，数据库 NOT NULL 是 authority,publication.verify_publication_work; publication.permanently_delete_published_article; publication.permanently_delete_content_task: 未见按 not_null:publication_verifications.publication_work_id 专用 diagnostics mapper；失败由最终 owner rollback，异常进入全局 handler（worker 则由独立 Session 处理）,HTTP owner 当前未捕获时全局 409 REVISION_CONFLICT / 数据约束冲突（不泄漏 DB）。,not_null:publication_verifications.publication_work_id：按 PostgreSQL diagnostics 精确映射；未批准领域 code 时 default500/contract-decision required，禁止错误文本映射。,publication.verify_publication_work; publication.permanently_delete_published_article; publication.permanently_delete_content_task 的最终 flush/commit command 或独立 worker Session（间接 helper 不拥有事务）,真实 PostgreSQL NOT NULL sentinel：not_null:publication_verifications.publication_work_id；仅覆盖直接 owner publication.verify_publication_work; publication.permanently_delete_published_article; publication.permanently_delete_content_task / operation verifyPublicationWork;permanentlyDeletePublishedArticle;permanentlyDeleteContentTask；断言失败边界、rollback、无 SUCCESS audit
not_null:publication_verifications.published_at_snapshot,publication_verifications,published_at_snapshot,NOT NULL,"backend/alembic/versions/0034_publication_workflow_redesign.py:188-232; backend/alembic/versions/0035_business_workflow_primary_tasks.py:141-170 ; backend/app/models/publication.py:28-290 ; contracts/database.md:303,448-451",publication.verify_publication_work; publication.permanently_delete_published_article; publication.permanently_delete_content_task,verifyPublicationWork;permanentlyDeletePublishedArticle;permanentlyDeleteContentTask,publication.verify_publication_work; publication.permanently_delete_published_article; publication.permanently_delete_content_task: 直接写入/修改/删除链按该列或触发器语义执行；未见 not_null:publication_verifications.published_at_snapshot 专用预检，数据库 NOT NULL 是 authority,publication.verify_publication_work; publication.permanently_delete_published_article; publication.permanently_delete_content_task: 未见按 not_null:publication_verifications.published_at_snapshot 专用 diagnostics mapper；失败由最终 owner rollback，异常进入全局 handler（worker 则由独立 Session 处理）,HTTP owner 当前未捕获时全局 409 REVISION_CONFLICT / 数据约束冲突（不泄漏 DB）。,not_null:publication_verifications.published_at_snapshot：按 PostgreSQL diagnostics 精确映射；未批准领域 code 时 default500/contract-decision required，禁止错误文本映射。,publication.verify_publication_work; publication.permanently_delete_published_article; publication.permanently_delete_content_task 的最终 flush/commit command 或独立 worker Session（间接 helper 不拥有事务）,真实 PostgreSQL NOT NULL sentinel：not_null:publication_verifications.published_at_snapshot；仅覆盖直接 owner publication.verify_publication_work; publication.permanently_delete_published_article; publication.permanently_delete_content_task / operation verifyPublicationWork;permanentlyDeletePublishedArticle;permanentlyDeleteContentTask；断言失败边界、rollback、无 SUCCESS audit
not_null:publication_work_events.action,publication_work_events,action,NOT NULL,"backend/alembic/versions/0034_publication_workflow_redesign.py:159-187; backend/alembic/versions/0035_business_workflow_primary_tasks.py:123-139 ; backend/app/models/publication.py:28-290 ; contracts/database.md:303,313,448,453",publication._work_event←create_publication_work/update_publication_preparation/mark_publication_platform_review/register_publication_result/switch_publication_content_version/verify_publication_work/close_publication_work; publication.permanently_delete_published_article; publication.permanently_delete_content_task,createPublicationWork;updatePublicationPreparation;markPublicationPlatformReview;registerPublicationResult;switchPublicationContentVersion;verifyPublicationWork;closePublicationWork;permanentlyDeletePublishedArticle;permanentlyDeleteContentTask,publication._work_event←create_publication_work/update_publication_preparation/mark_publication_platform_review/register_publication_result/switch_publication_content_version/verify_publication_work/close_publication_work; publication.permanently_delete_published_article; publication.permanently_delete_content_task: 直接写入/修改/删除链按该列或触发器语义执行；未见 not_null:publication_work_events.action 专用预检，数据库 NOT NULL 是 authority,publication._work_event←create_publication_work/update_publication_preparation/mark_publication_platform_review/register_publication_result/switch_publication_content_version/verify_publication_work/close_publication_work; publication.permanently_delete_published_article; publication.permanently_delete_content_task: 未见按 not_null:publication_work_events.action 专用 diagnostics mapper；失败由最终 owner rollback，异常进入全局 handler（worker 则由独立 Session 处理）,HTTP owner 当前未捕获时全局 409 REVISION_CONFLICT / 数据约束冲突（不泄漏 DB）。,not_null:publication_work_events.action：按 PostgreSQL diagnostics 精确映射；未批准领域 code 时 default500/contract-decision required，禁止错误文本映射。,publication._work_event←create_publication_work/update_publication_preparation/mark_publication_platform_review/register_publication_result/switch_publication_content_version/verify_publication_work/close_publication_work; publication.permanently_delete_published_article; publication.permanently_delete_content_task 的最终 flush/commit command 或独立 worker Session（间接 helper 不拥有事务）,真实 PostgreSQL NOT NULL sentinel：not_null:publication_work_events.action；仅覆盖直接 owner publication._work_event←create_publication_work/update_publication_preparation/mark_publication_platform_review/register_publication_result/switch_publication_content_version/verify_publication_work/close_publication_work; publication.permanently_delete_published_article; publication.permanently_delete_content_task / operation createPublicationWork;updatePublicationPreparation;markPublicationPlatformReview;registerPublicationResult;switchPublicationContentVersion;verifyPublicationWork;closePublicationWork;permanentlyDeletePublishedArticle;permanentlyDeleteContentTask；断言失败边界、rollback、无 SUCCESS audit
not_null:publication_work_events.actor_id,publication_work_events,actor_id,NOT NULL,"backend/alembic/versions/0034_publication_workflow_redesign.py:159-187; backend/alembic/versions/0035_business_workflow_primary_tasks.py:123-139 ; backend/app/models/publication.py:28-290 ; contracts/database.md:303,313,448,453",publication._work_event←create_publication_work/update_publication_preparation/mark_publication_platform_review/register_publication_result/switch_publication_content_version/verify_publication_work/close_publication_work; publication.permanently_delete_published_article; publication.permanently_delete_content_task,createPublicationWork;updatePublicationPreparation;markPublicationPlatformReview;registerPublicationResult;switchPublicationContentVersion;verifyPublicationWork;closePublicationWork;permanentlyDeletePublishedArticle;permanentlyDeleteContentTask,publication._work_event←create_publication_work/update_publication_preparation/mark_publication_platform_review/register_publication_result/switch_publication_content_version/verify_publication_work/close_publication_work; publication.permanently_delete_published_article; publication.permanently_delete_content_task: 直接写入/修改/删除链按该列或触发器语义执行；未见 not_null:publication_work_events.actor_id 专用预检，数据库 NOT NULL 是 authority,publication._work_event←create_publication_work/update_publication_preparation/mark_publication_platform_review/register_publication_result/switch_publication_content_version/verify_publication_work/close_publication_work; publication.permanently_delete_published_article; publication.permanently_delete_content_task: 未见按 not_null:publication_work_events.actor_id 专用 diagnostics mapper；失败由最终 owner rollback，异常进入全局 handler（worker 则由独立 Session 处理）,HTTP owner 当前未捕获时全局 409 REVISION_CONFLICT / 数据约束冲突（不泄漏 DB）。,not_null:publication_work_events.actor_id：按 PostgreSQL diagnostics 精确映射；未批准领域 code 时 default500/contract-decision required，禁止错误文本映射。,publication._work_event←create_publication_work/update_publication_preparation/mark_publication_platform_review/register_publication_result/switch_publication_content_version/verify_publication_work/close_publication_work; publication.permanently_delete_published_article; publication.permanently_delete_content_task 的最终 flush/commit command 或独立 worker Session（间接 helper 不拥有事务）,真实 PostgreSQL NOT NULL sentinel：not_null:publication_work_events.actor_id；仅覆盖直接 owner publication._work_event←create_publication_work/update_publication_preparation/mark_publication_platform_review/register_publication_result/switch_publication_content_version/verify_publication_work/close_publication_work; publication.permanently_delete_published_article; publication.permanently_delete_content_task / operation createPublicationWork;updatePublicationPreparation;markPublicationPlatformReview;registerPublicationResult;switchPublicationContentVersion;verifyPublicationWork;closePublicationWork;permanentlyDeletePublishedArticle;permanentlyDeleteContentTask；断言失败边界、rollback、无 SUCCESS audit
not_null:publication_work_events.comment,publication_work_events,comment,NOT NULL,"backend/alembic/versions/0034_publication_workflow_redesign.py:159-187; backend/alembic/versions/0035_business_workflow_primary_tasks.py:123-139 ; backend/app/models/publication.py:28-290 ; contracts/database.md:303,313,448,453",publication._work_event←create_publication_work/update_publication_preparation/mark_publication_platform_review/register_publication_result/switch_publication_content_version/verify_publication_work/close_publication_work; publication.permanently_delete_published_article; publication.permanently_delete_content_task,createPublicationWork;updatePublicationPreparation;markPublicationPlatformReview;registerPublicationResult;switchPublicationContentVersion;verifyPublicationWork;closePublicationWork;permanentlyDeletePublishedArticle;permanentlyDeleteContentTask,publication._work_event←create_publication_work/update_publication_preparation/mark_publication_platform_review/register_publication_result/switch_publication_content_version/verify_publication_work/close_publication_work; publication.permanently_delete_published_article; publication.permanently_delete_content_task: 直接写入/修改/删除链按该列或触发器语义执行；未见 not_null:publication_work_events.comment 专用预检，数据库 NOT NULL 是 authority,publication._work_event←create_publication_work/update_publication_preparation/mark_publication_platform_review/register_publication_result/switch_publication_content_version/verify_publication_work/close_publication_work; publication.permanently_delete_published_article; publication.permanently_delete_content_task: 未见按 not_null:publication_work_events.comment 专用 diagnostics mapper；失败由最终 owner rollback，异常进入全局 handler（worker 则由独立 Session 处理）,HTTP owner 当前未捕获时全局 409 REVISION_CONFLICT / 数据约束冲突（不泄漏 DB）。,not_null:publication_work_events.comment：按 PostgreSQL diagnostics 精确映射；未批准领域 code 时 default500/contract-decision required，禁止错误文本映射。,publication._work_event←create_publication_work/update_publication_preparation/mark_publication_platform_review/register_publication_result/switch_publication_content_version/verify_publication_work/close_publication_work; publication.permanently_delete_published_article; publication.permanently_delete_content_task 的最终 flush/commit command 或独立 worker Session（间接 helper 不拥有事务）,真实 PostgreSQL NOT NULL sentinel：not_null:publication_work_events.comment；仅覆盖直接 owner publication._work_event←create_publication_work/update_publication_preparation/mark_publication_platform_review/register_publication_result/switch_publication_content_version/verify_publication_work/close_publication_work; publication.permanently_delete_published_article; publication.permanently_delete_content_task / operation createPublicationWork;updatePublicationPreparation;markPublicationPlatformReview;registerPublicationResult;switchPublicationContentVersion;verifyPublicationWork;closePublicationWork;permanentlyDeletePublishedArticle;permanentlyDeleteContentTask；断言失败边界、rollback、无 SUCCESS audit
not_null:publication_work_events.created_at,publication_work_events,created_at,NOT NULL,"backend/alembic/versions/0034_publication_workflow_redesign.py:159-187; backend/alembic/versions/0035_business_workflow_primary_tasks.py:123-139 ; backend/app/models/publication.py:28-290 ; contracts/database.md:303,313,448,453",publication._work_event←create_publication_work/update_publication_preparation/mark_publication_platform_review/register_publication_result/switch_publication_content_version/verify_publication_work/close_publication_work; publication.permanently_delete_published_article; publication.permanently_delete_content_task,createPublicationWork;updatePublicationPreparation;markPublicationPlatformReview;registerPublicationResult;switchPublicationContentVersion;verifyPublicationWork;closePublicationWork;permanentlyDeletePublishedArticle;permanentlyDeleteContentTask,publication._work_event←create_publication_work/update_publication_preparation/mark_publication_platform_review/register_publication_result/switch_publication_content_version/verify_publication_work/close_publication_work; publication.permanently_delete_published_article; publication.permanently_delete_content_task: 直接写入/修改/删除链按该列或触发器语义执行；未见 not_null:publication_work_events.created_at 专用预检，数据库 NOT NULL 是 authority,publication._work_event←create_publication_work/update_publication_preparation/mark_publication_platform_review/register_publication_result/switch_publication_content_version/verify_publication_work/close_publication_work; publication.permanently_delete_published_article; publication.permanently_delete_content_task: 未见按 not_null:publication_work_events.created_at 专用 diagnostics mapper；失败由最终 owner rollback，异常进入全局 handler（worker 则由独立 Session 处理）,HTTP owner 当前未捕获时全局 409 REVISION_CONFLICT / 数据约束冲突（不泄漏 DB）。,not_null:publication_work_events.created_at：按 PostgreSQL diagnostics 精确映射；未批准领域 code 时 default500/contract-decision required，禁止错误文本映射。,publication._work_event←create_publication_work/update_publication_preparation/mark_publication_platform_review/register_publication_result/switch_publication_content_version/verify_publication_work/close_publication_work; publication.permanently_delete_published_article; publication.permanently_delete_content_task 的最终 flush/commit command 或独立 worker Session（间接 helper 不拥有事务）,真实 PostgreSQL NOT NULL sentinel：not_null:publication_work_events.created_at；仅覆盖直接 owner publication._work_event←create_publication_work/update_publication_preparation/mark_publication_platform_review/register_publication_result/switch_publication_content_version/verify_publication_work/close_publication_work; publication.permanently_delete_published_article; publication.permanently_delete_content_task / operation createPublicationWork;updatePublicationPreparation;markPublicationPlatformReview;registerPublicationResult;switchPublicationContentVersion;verifyPublicationWork;closePublicationWork;permanentlyDeletePublishedArticle;permanentlyDeleteContentTask；断言失败边界、rollback、无 SUCCESS audit
not_null:publication_work_events.id,publication_work_events,id,NOT NULL,"backend/alembic/versions/0034_publication_workflow_redesign.py:159-187; backend/alembic/versions/0035_business_workflow_primary_tasks.py:123-139 ; backend/app/models/publication.py:28-290 ; contracts/database.md:303,313,448,453",publication._work_event←create_publication_work/update_publication_preparation/mark_publication_platform_review/register_publication_result/switch_publication_content_version/verify_publication_work/close_publication_work; publication.permanently_delete_published_article; publication.permanently_delete_content_task,createPublicationWork;updatePublicationPreparation;markPublicationPlatformReview;registerPublicationResult;switchPublicationContentVersion;verifyPublicationWork;closePublicationWork;permanentlyDeletePublishedArticle;permanentlyDeleteContentTask,publication._work_event←create_publication_work/update_publication_preparation/mark_publication_platform_review/register_publication_result/switch_publication_content_version/verify_publication_work/close_publication_work; publication.permanently_delete_published_article; publication.permanently_delete_content_task: 直接写入/修改/删除链按该列或触发器语义执行；未见 not_null:publication_work_events.id 专用预检，数据库 NOT NULL 是 authority,publication._work_event←create_publication_work/update_publication_preparation/mark_publication_platform_review/register_publication_result/switch_publication_content_version/verify_publication_work/close_publication_work; publication.permanently_delete_published_article; publication.permanently_delete_content_task: 未见按 not_null:publication_work_events.id 专用 diagnostics mapper；失败由最终 owner rollback，异常进入全局 handler（worker 则由独立 Session 处理）,HTTP owner 当前未捕获时全局 409 REVISION_CONFLICT / 数据约束冲突（不泄漏 DB）。,not_null:publication_work_events.id：按 PostgreSQL diagnostics 精确映射；未批准领域 code 时 default500/contract-decision required，禁止错误文本映射。,publication._work_event←create_publication_work/update_publication_preparation/mark_publication_platform_review/register_publication_result/switch_publication_content_version/verify_publication_work/close_publication_work; publication.permanently_delete_published_article; publication.permanently_delete_content_task 的最终 flush/commit command 或独立 worker Session（间接 helper 不拥有事务）,真实 PostgreSQL NOT NULL sentinel：not_null:publication_work_events.id；仅覆盖直接 owner publication._work_event←create_publication_work/update_publication_preparation/mark_publication_platform_review/register_publication_result/switch_publication_content_version/verify_publication_work/close_publication_work; publication.permanently_delete_published_article; publication.permanently_delete_content_task / operation createPublicationWork;updatePublicationPreparation;markPublicationPlatformReview;registerPublicationResult;switchPublicationContentVersion;verifyPublicationWork;closePublicationWork;permanentlyDeletePublishedArticle;permanentlyDeleteContentTask；断言失败边界、rollback、无 SUCCESS audit
not_null:publication_work_events.publication_work_id,publication_work_events,publication_work_id,NOT NULL,"backend/alembic/versions/0034_publication_workflow_redesign.py:159-187; backend/alembic/versions/0035_business_workflow_primary_tasks.py:123-139 ; backend/app/models/publication.py:28-290 ; contracts/database.md:303,313,448,453",publication._work_event←create_publication_work/update_publication_preparation/mark_publication_platform_review/register_publication_result/switch_publication_content_version/verify_publication_work/close_publication_work; publication.permanently_delete_published_article; publication.permanently_delete_content_task,createPublicationWork;updatePublicationPreparation;markPublicationPlatformReview;registerPublicationResult;switchPublicationContentVersion;verifyPublicationWork;closePublicationWork;permanentlyDeletePublishedArticle;permanentlyDeleteContentTask,publication._work_event←create_publication_work/update_publication_preparation/mark_publication_platform_review/register_publication_result/switch_publication_content_version/verify_publication_work/close_publication_work; publication.permanently_delete_published_article; publication.permanently_delete_content_task: 直接写入/修改/删除链按该列或触发器语义执行；未见 not_null:publication_work_events.publication_work_id 专用预检，数据库 NOT NULL 是 authority,publication._work_event←create_publication_work/update_publication_preparation/mark_publication_platform_review/register_publication_result/switch_publication_content_version/verify_publication_work/close_publication_work; publication.permanently_delete_published_article; publication.permanently_delete_content_task: 未见按 not_null:publication_work_events.publication_work_id 专用 diagnostics mapper；失败由最终 owner rollback，异常进入全局 handler（worker 则由独立 Session 处理）,HTTP owner 当前未捕获时全局 409 REVISION_CONFLICT / 数据约束冲突（不泄漏 DB）。,not_null:publication_work_events.publication_work_id：按 PostgreSQL diagnostics 精确映射；未批准领域 code 时 default500/contract-decision required，禁止错误文本映射。,publication._work_event←create_publication_work/update_publication_preparation/mark_publication_platform_review/register_publication_result/switch_publication_content_version/verify_publication_work/close_publication_work; publication.permanently_delete_published_article; publication.permanently_delete_content_task 的最终 flush/commit command 或独立 worker Session（间接 helper 不拥有事务）,真实 PostgreSQL NOT NULL sentinel：not_null:publication_work_events.publication_work_id；仅覆盖直接 owner publication._work_event←create_publication_work/update_publication_preparation/mark_publication_platform_review/register_publication_result/switch_publication_content_version/verify_publication_work/close_publication_work; publication.permanently_delete_published_article; publication.permanently_delete_content_task / operation createPublicationWork;updatePublicationPreparation;markPublicationPlatformReview;registerPublicationResult;switchPublicationContentVersion;verifyPublicationWork;closePublicationWork;permanentlyDeletePublishedArticle;permanentlyDeleteContentTask；断言失败边界、rollback、无 SUCCESS audit
not_null:publication_work_events.to_status,publication_work_events,to_status,NOT NULL,"backend/alembic/versions/0034_publication_workflow_redesign.py:159-187; backend/alembic/versions/0035_business_workflow_primary_tasks.py:123-139 ; backend/app/models/publication.py:28-290 ; contracts/database.md:303,313,448,453",publication._work_event←create_publication_work/update_publication_preparation/mark_publication_platform_review/register_publication_result/switch_publication_content_version/verify_publication_work/close_publication_work; publication.permanently_delete_published_article; publication.permanently_delete_content_task,createPublicationWork;updatePublicationPreparation;markPublicationPlatformReview;registerPublicationResult;switchPublicationContentVersion;verifyPublicationWork;closePublicationWork;permanentlyDeletePublishedArticle;permanentlyDeleteContentTask,publication._work_event←create_publication_work/update_publication_preparation/mark_publication_platform_review/register_publication_result/switch_publication_content_version/verify_publication_work/close_publication_work; publication.permanently_delete_published_article; publication.permanently_delete_content_task: 直接写入/修改/删除链按该列或触发器语义执行；未见 not_null:publication_work_events.to_status 专用预检，数据库 NOT NULL 是 authority,publication._work_event←create_publication_work/update_publication_preparation/mark_publication_platform_review/register_publication_result/switch_publication_content_version/verify_publication_work/close_publication_work; publication.permanently_delete_published_article; publication.permanently_delete_content_task: 未见按 not_null:publication_work_events.to_status 专用 diagnostics mapper；失败由最终 owner rollback，异常进入全局 handler（worker 则由独立 Session 处理）,HTTP owner 当前未捕获时全局 409 REVISION_CONFLICT / 数据约束冲突（不泄漏 DB）。,not_null:publication_work_events.to_status：按 PostgreSQL diagnostics 精确映射；未批准领域 code 时 default500/contract-decision required，禁止错误文本映射。,publication._work_event←create_publication_work/update_publication_preparation/mark_publication_platform_review/register_publication_result/switch_publication_content_version/verify_publication_work/close_publication_work; publication.permanently_delete_published_article; publication.permanently_delete_content_task 的最终 flush/commit command 或独立 worker Session（间接 helper 不拥有事务）,真实 PostgreSQL NOT NULL sentinel：not_null:publication_work_events.to_status；仅覆盖直接 owner publication._work_event←create_publication_work/update_publication_preparation/mark_publication_platform_review/register_publication_result/switch_publication_content_version/verify_publication_work/close_publication_work; publication.permanently_delete_published_article; publication.permanently_delete_content_task / operation createPublicationWork;updatePublicationPreparation;markPublicationPlatformReview;registerPublicationResult;switchPublicationContentVersion;verifyPublicationWork;closePublicationWork;permanentlyDeletePublishedArticle;permanentlyDeleteContentTask；断言失败边界、rollback、无 SUCCESS audit
not_null:publication_works.account_identifier_snapshot,publication_works,account_identifier_snapshot,NOT NULL,"backend/alembic/versions/0034_publication_workflow_redesign.py:49-158; backend/alembic/versions/0035_business_workflow_primary_tasks.py:83-121; backend/alembic/versions/0037_simplify_deletion_lifecycle.py:166-185 ; backend/app/models/publication.py:28-290 ; contracts/database.md:329,333,434-448",publication.create_publication_work; publication.update_publication_preparation; publication.mark_publication_platform_review; publication.register_publication_result; publication.switch_publication_content_version; publication.verify_publication_work; publication.close_publication_work; publication.permanently_delete_published_article; publication.permanently_delete_content_task,createPublicationWork;updatePublicationPreparation;markPublicationPlatformReview;registerPublicationResult;switchPublicationContentVersion;verifyPublicationWork;closePublicationWork;permanentlyDeletePublishedArticle;permanentlyDeleteContentTask,publication.create_publication_work; publication.update_publication_preparation; publication.mark_publication_platform_review; publication.register_publication_result; publication.switch_publication_content_version; publication.verify_publication_work; publication.close_publication_work; publication.permanently_delete_published_article; publication.permanently_delete_content_task: 直接构造/修改为 publication_works.account_identifier_snapshot 提供值；未见独立 NOT NULL 预检，DB NOT NULL 是 authority,publication.create_publication_work; publication.update_publication_preparation; publication.mark_publication_platform_review; publication.register_publication_result; publication.switch_publication_content_version; publication.verify_publication_work; publication.close_publication_work; publication.permanently_delete_published_article; publication.permanently_delete_content_task: 未按 23502 的 table_name/column_name 做本地 mapper；HTTP 异常进入 errors.py:76-79，全局 worker/内部路径仅失败,23502 当前 HTTP owner 全局 409 REVISION_CONFLICT / 数据约束冲突（不泄漏 DB）,publication_works.account_identifier_snapshot 缺失应由 contract-decision 批准字段级 4xx；未知 23502 default500，不能伪装 revision,publication.create_publication_work; publication.update_publication_preparation; publication.mark_publication_platform_review; publication.register_publication_result; publication.switch_publication_content_version; publication.verify_publication_work; publication.close_publication_work; publication.permanently_delete_published_article; publication.permanently_delete_content_task 的直接 command 顶层 Session（由 owner 负责 flush/commit/rollback）,真实 PostgreSQL NOT NULL sentinel：not_null:publication_works.account_identifier_snapshot；仅覆盖直接 owner publication.create_publication_work; publication.update_publication_preparation; publication.mark_publication_platform_review; publication.register_publication_result; publication.switch_publication_content_version; publication.verify_publication_work; publication.close_publication_work; publication.permanently_delete_published_article; publication.permanently_delete_content_task / operation createPublicationWork;updatePublicationPreparation;markPublicationPlatformReview;registerPublicationResult;switchPublicationContentVersion;verifyPublicationWork;closePublicationWork;permanentlyDeletePublishedArticle;permanentlyDeleteContentTask；断言 diagnostics/HTTP 或 worker 失败边界、rollback、无 SUCCESS audit
not_null:publication_works.content_hash,publication_works,content_hash,NOT NULL,"backend/alembic/versions/0034_publication_workflow_redesign.py:49-158; backend/alembic/versions/0035_business_workflow_primary_tasks.py:83-121; backend/alembic/versions/0037_simplify_deletion_lifecycle.py:166-185 ; backend/app/models/publication.py:28-290 ; contracts/database.md:329,333,434-448",publication.create_publication_work; publication.update_publication_preparation; publication.mark_publication_platform_review; publication.register_publication_result; publication.switch_publication_content_version; publication.verify_publication_work; publication.close_publication_work; publication.permanently_delete_published_article; publication.permanently_delete_content_task,createPublicationWork;updatePublicationPreparation;markPublicationPlatformReview;registerPublicationResult;switchPublicationContentVersion;verifyPublicationWork;closePublicationWork;permanentlyDeletePublishedArticle;permanentlyDeleteContentTask,publication.create_publication_work; publication.update_publication_preparation; publication.mark_publication_platform_review; publication.register_publication_result; publication.switch_publication_content_version; publication.verify_publication_work; publication.close_publication_work; publication.permanently_delete_published_article; publication.permanently_delete_content_task: 直接构造/修改为 publication_works.content_hash 提供值；未见独立 NOT NULL 预检，DB NOT NULL 是 authority,publication.create_publication_work; publication.update_publication_preparation; publication.mark_publication_platform_review; publication.register_publication_result; publication.switch_publication_content_version; publication.verify_publication_work; publication.close_publication_work; publication.permanently_delete_published_article; publication.permanently_delete_content_task: 未按 23502 的 table_name/column_name 做本地 mapper；HTTP 异常进入 errors.py:76-79，全局 worker/内部路径仅失败,23502 当前 HTTP owner 全局 409 REVISION_CONFLICT / 数据约束冲突（不泄漏 DB）,publication_works.content_hash 缺失应由 contract-decision 批准字段级 4xx；未知 23502 default500，不能伪装 revision,publication.create_publication_work; publication.update_publication_preparation; publication.mark_publication_platform_review; publication.register_publication_result; publication.switch_publication_content_version; publication.verify_publication_work; publication.close_publication_work; publication.permanently_delete_published_article; publication.permanently_delete_content_task 的直接 command 顶层 Session（由 owner 负责 flush/commit/rollback）,真实 PostgreSQL NOT NULL sentinel：not_null:publication_works.content_hash；仅覆盖直接 owner publication.create_publication_work; publication.update_publication_preparation; publication.mark_publication_platform_review; publication.register_publication_result; publication.switch_publication_content_version; publication.verify_publication_work; publication.close_publication_work; publication.permanently_delete_published_article; publication.permanently_delete_content_task / operation createPublicationWork;updatePublicationPreparation;markPublicationPlatformReview;registerPublicationResult;switchPublicationContentVersion;verifyPublicationWork;closePublicationWork;permanentlyDeletePublishedArticle;permanentlyDeleteContentTask；断言 diagnostics/HTTP 或 worker 失败边界、rollback、无 SUCCESS audit
not_null:publication_works.content_task_id,publication_works,content_task_id,NOT NULL,"backend/alembic/versions/0034_publication_workflow_redesign.py:49-158; backend/alembic/versions/0035_business_workflow_primary_tasks.py:83-121; backend/alembic/versions/0037_simplify_deletion_lifecycle.py:166-185 ; backend/app/models/publication.py:28-290 ; contracts/database.md:329,333,434-448",publication.create_publication_work; publication.update_publication_preparation; publication.mark_publication_platform_review; publication.register_publication_result; publication.switch_publication_content_version; publication.verify_publication_work; publication.close_publication_work; publication.permanently_delete_published_article; publication.permanently_delete_content_task,createPublicationWork;updatePublicationPreparation;markPublicationPlatformReview;registerPublicationResult;switchPublicationContentVersion;verifyPublicationWork;closePublicationWork;permanentlyDeletePublishedArticle;permanentlyDeleteContentTask,publication.create_publication_work; publication.update_publication_preparation; publication.mark_publication_platform_review; publication.register_publication_result; publication.switch_publication_content_version; publication.verify_publication_work; publication.close_publication_work; publication.permanently_delete_published_article; publication.permanently_delete_content_task: 直接构造/修改为 publication_works.content_task_id 提供值；未见独立 NOT NULL 预检，DB NOT NULL 是 authority,publication.create_publication_work; publication.update_publication_preparation; publication.mark_publication_platform_review; publication.register_publication_result; publication.switch_publication_content_version; publication.verify_publication_work; publication.close_publication_work; publication.permanently_delete_published_article; publication.permanently_delete_content_task: 未按 23502 的 table_name/column_name 做本地 mapper；HTTP 异常进入 errors.py:76-79，全局 worker/内部路径仅失败,23502 当前 HTTP owner 全局 409 REVISION_CONFLICT / 数据约束冲突（不泄漏 DB）,publication_works.content_task_id 缺失应由 contract-decision 批准字段级 4xx；未知 23502 default500，不能伪装 revision,publication.create_publication_work; publication.update_publication_preparation; publication.mark_publication_platform_review; publication.register_publication_result; publication.switch_publication_content_version; publication.verify_publication_work; publication.close_publication_work; publication.permanently_delete_published_article; publication.permanently_delete_content_task 的直接 command 顶层 Session（由 owner 负责 flush/commit/rollback）,真实 PostgreSQL NOT NULL sentinel：not_null:publication_works.content_task_id；仅覆盖直接 owner publication.create_publication_work; publication.update_publication_preparation; publication.mark_publication_platform_review; publication.register_publication_result; publication.switch_publication_content_version; publication.verify_publication_work; publication.close_publication_work; publication.permanently_delete_published_article; publication.permanently_delete_content_task / operation createPublicationWork;updatePublicationPreparation;markPublicationPlatformReview;registerPublicationResult;switchPublicationContentVersion;verifyPublicationWork;closePublicationWork;permanentlyDeletePublishedArticle;permanentlyDeleteContentTask；断言 diagnostics/HTTP 或 worker 失败边界、rollback、无 SUCCESS audit
not_null:publication_works.content_version_id,publication_works,content_version_id,NOT NULL,"backend/alembic/versions/0034_publication_workflow_redesign.py:49-158; backend/alembic/versions/0035_business_workflow_primary_tasks.py:83-121; backend/alembic/versions/0037_simplify_deletion_lifecycle.py:166-185 ; backend/app/models/publication.py:28-290 ; contracts/database.md:329,333,434-448",publication.create_publication_work; publication.update_publication_preparation; publication.mark_publication_platform_review; publication.register_publication_result; publication.switch_publication_content_version; publication.verify_publication_work; publication.close_publication_work; publication.permanently_delete_published_article; publication.permanently_delete_content_task,createPublicationWork;updatePublicationPreparation;markPublicationPlatformReview;registerPublicationResult;switchPublicationContentVersion;verifyPublicationWork;closePublicationWork;permanentlyDeletePublishedArticle;permanentlyDeleteContentTask,publication.create_publication_work; publication.update_publication_preparation; publication.mark_publication_platform_review; publication.register_publication_result; publication.switch_publication_content_version; publication.verify_publication_work; publication.close_publication_work; publication.permanently_delete_published_article; publication.permanently_delete_content_task: 直接构造/修改为 publication_works.content_version_id 提供值；未见独立 NOT NULL 预检，DB NOT NULL 是 authority,publication.create_publication_work; publication.update_publication_preparation; publication.mark_publication_platform_review; publication.register_publication_result; publication.switch_publication_content_version; publication.verify_publication_work; publication.close_publication_work; publication.permanently_delete_published_article; publication.permanently_delete_content_task: 未按 23502 的 table_name/column_name 做本地 mapper；HTTP 异常进入 errors.py:76-79，全局 worker/内部路径仅失败,23502 当前 HTTP owner 全局 409 REVISION_CONFLICT / 数据约束冲突（不泄漏 DB）,publication_works.content_version_id 缺失应由 contract-decision 批准字段级 4xx；未知 23502 default500，不能伪装 revision,publication.create_publication_work; publication.update_publication_preparation; publication.mark_publication_platform_review; publication.register_publication_result; publication.switch_publication_content_version; publication.verify_publication_work; publication.close_publication_work; publication.permanently_delete_published_article; publication.permanently_delete_content_task 的直接 command 顶层 Session（由 owner 负责 flush/commit/rollback）,真实 PostgreSQL NOT NULL sentinel：not_null:publication_works.content_version_id；仅覆盖直接 owner publication.create_publication_work; publication.update_publication_preparation; publication.mark_publication_platform_review; publication.register_publication_result; publication.switch_publication_content_version; publication.verify_publication_work; publication.close_publication_work; publication.permanently_delete_published_article; publication.permanently_delete_content_task / operation createPublicationWork;updatePublicationPreparation;markPublicationPlatformReview;registerPublicationResult;switchPublicationContentVersion;verifyPublicationWork;closePublicationWork;permanentlyDeletePublishedArticle;permanentlyDeleteContentTask；断言 diagnostics/HTTP 或 worker 失败边界、rollback、无 SUCCESS audit
not_null:publication_works.created_at,publication_works,created_at,NOT NULL,"backend/alembic/versions/0034_publication_workflow_redesign.py:49-158; backend/alembic/versions/0035_business_workflow_primary_tasks.py:83-121; backend/alembic/versions/0037_simplify_deletion_lifecycle.py:166-185 ; backend/app/models/publication.py:28-290 ; contracts/database.md:329,333,434-448",publication.create_publication_work; publication.update_publication_preparation; publication.mark_publication_platform_review; publication.register_publication_result; publication.switch_publication_content_version; publication.verify_publication_work; publication.close_publication_work; publication.permanently_delete_published_article; publication.permanently_delete_content_task,createPublicationWork;updatePublicationPreparation;markPublicationPlatformReview;registerPublicationResult;switchPublicationContentVersion;verifyPublicationWork;closePublicationWork;permanentlyDeletePublishedArticle;permanentlyDeleteContentTask,publication.create_publication_work; publication.update_publication_preparation; publication.mark_publication_platform_review; publication.register_publication_result; publication.switch_publication_content_version; publication.verify_publication_work; publication.close_publication_work; publication.permanently_delete_published_article; publication.permanently_delete_content_task: 直接构造/修改为 publication_works.created_at 提供值；未见独立 NOT NULL 预检，DB NOT NULL 是 authority,publication.create_publication_work; publication.update_publication_preparation; publication.mark_publication_platform_review; publication.register_publication_result; publication.switch_publication_content_version; publication.verify_publication_work; publication.close_publication_work; publication.permanently_delete_published_article; publication.permanently_delete_content_task: 未按 23502 的 table_name/column_name 做本地 mapper；HTTP 异常进入 errors.py:76-79，全局 worker/内部路径仅失败,23502 当前 HTTP owner 全局 409 REVISION_CONFLICT / 数据约束冲突（不泄漏 DB）,publication_works.created_at 缺失应由 contract-decision 批准字段级 4xx；未知 23502 default500，不能伪装 revision,publication.create_publication_work; publication.update_publication_preparation; publication.mark_publication_platform_review; publication.register_publication_result; publication.switch_publication_content_version; publication.verify_publication_work; publication.close_publication_work; publication.permanently_delete_published_article; publication.permanently_delete_content_task 的直接 command 顶层 Session（由 owner 负责 flush/commit/rollback）,真实 PostgreSQL NOT NULL sentinel：not_null:publication_works.created_at；仅覆盖直接 owner publication.create_publication_work; publication.update_publication_preparation; publication.mark_publication_platform_review; publication.register_publication_result; publication.switch_publication_content_version; publication.verify_publication_work; publication.close_publication_work; publication.permanently_delete_published_article; publication.permanently_delete_content_task / operation createPublicationWork;updatePublicationPreparation;markPublicationPlatformReview;registerPublicationResult;switchPublicationContentVersion;verifyPublicationWork;closePublicationWork;permanentlyDeletePublishedArticle;permanentlyDeleteContentTask；断言 diagnostics/HTTP 或 worker 失败边界、rollback、无 SUCCESS audit
not_null:publication_works.created_by,publication_works,created_by,NOT NULL,"backend/alembic/versions/0034_publication_workflow_redesign.py:49-158; backend/alembic/versions/0035_business_workflow_primary_tasks.py:83-121; backend/alembic/versions/0037_simplify_deletion_lifecycle.py:166-185 ; backend/app/models/publication.py:28-290 ; contracts/database.md:329,333,434-448",publication.create_publication_work; publication.update_publication_preparation; publication.mark_publication_platform_review; publication.register_publication_result; publication.switch_publication_content_version; publication.verify_publication_work; publication.close_publication_work; publication.permanently_delete_published_article; publication.permanently_delete_content_task,createPublicationWork;updatePublicationPreparation;markPublicationPlatformReview;registerPublicationResult;switchPublicationContentVersion;verifyPublicationWork;closePublicationWork;permanentlyDeletePublishedArticle;permanentlyDeleteContentTask,publication.create_publication_work; publication.update_publication_preparation; publication.mark_publication_platform_review; publication.register_publication_result; publication.switch_publication_content_version; publication.verify_publication_work; publication.close_publication_work; publication.permanently_delete_published_article; publication.permanently_delete_content_task: 直接构造/修改为 publication_works.created_by 提供值；未见独立 NOT NULL 预检，DB NOT NULL 是 authority,publication.create_publication_work; publication.update_publication_preparation; publication.mark_publication_platform_review; publication.register_publication_result; publication.switch_publication_content_version; publication.verify_publication_work; publication.close_publication_work; publication.permanently_delete_published_article; publication.permanently_delete_content_task: 未按 23502 的 table_name/column_name 做本地 mapper；HTTP 异常进入 errors.py:76-79，全局 worker/内部路径仅失败,23502 当前 HTTP owner 全局 409 REVISION_CONFLICT / 数据约束冲突（不泄漏 DB）,publication_works.created_by 缺失应由 contract-decision 批准字段级 4xx；未知 23502 default500，不能伪装 revision,publication.create_publication_work; publication.update_publication_preparation; publication.mark_publication_platform_review; publication.register_publication_result; publication.switch_publication_content_version; publication.verify_publication_work; publication.close_publication_work; publication.permanently_delete_published_article; publication.permanently_delete_content_task 的直接 command 顶层 Session（由 owner 负责 flush/commit/rollback）,真实 PostgreSQL NOT NULL sentinel：not_null:publication_works.created_by；仅覆盖直接 owner publication.create_publication_work; publication.update_publication_preparation; publication.mark_publication_platform_review; publication.register_publication_result; publication.switch_publication_content_version; publication.verify_publication_work; publication.close_publication_work; publication.permanently_delete_published_article; publication.permanently_delete_content_task / operation createPublicationWork;updatePublicationPreparation;markPublicationPlatformReview;registerPublicationResult;switchPublicationContentVersion;verifyPublicationWork;closePublicationWork;permanentlyDeletePublishedArticle;permanentlyDeleteContentTask；断言 diagnostics/HTTP 或 worker 失败边界、rollback、无 SUCCESS audit
not_null:publication_works.id,publication_works,id,NOT NULL,"backend/alembic/versions/0034_publication_workflow_redesign.py:49-158; backend/alembic/versions/0035_business_workflow_primary_tasks.py:83-121; backend/alembic/versions/0037_simplify_deletion_lifecycle.py:166-185 ; backend/app/models/publication.py:28-290 ; contracts/database.md:329,333,434-448",publication.create_publication_work; publication.update_publication_preparation; publication.mark_publication_platform_review; publication.register_publication_result; publication.switch_publication_content_version; publication.verify_publication_work; publication.close_publication_work; publication.permanently_delete_published_article; publication.permanently_delete_content_task,createPublicationWork;updatePublicationPreparation;markPublicationPlatformReview;registerPublicationResult;switchPublicationContentVersion;verifyPublicationWork;closePublicationWork;permanentlyDeletePublishedArticle;permanentlyDeleteContentTask,publication.create_publication_work; publication.update_publication_preparation; publication.mark_publication_platform_review; publication.register_publication_result; publication.switch_publication_content_version; publication.verify_publication_work; publication.close_publication_work; publication.permanently_delete_published_article; publication.permanently_delete_content_task: 直接构造/修改为 publication_works.id 提供值；未见独立 NOT NULL 预检，DB NOT NULL 是 authority,publication.create_publication_work; publication.update_publication_preparation; publication.mark_publication_platform_review; publication.register_publication_result; publication.switch_publication_content_version; publication.verify_publication_work; publication.close_publication_work; publication.permanently_delete_published_article; publication.permanently_delete_content_task: 未按 23502 的 table_name/column_name 做本地 mapper；HTTP 异常进入 errors.py:76-79，全局 worker/内部路径仅失败,23502 当前 HTTP owner 全局 409 REVISION_CONFLICT / 数据约束冲突（不泄漏 DB）,publication_works.id 缺失应由 contract-decision 批准字段级 4xx；未知 23502 default500，不能伪装 revision,publication.create_publication_work; publication.update_publication_preparation; publication.mark_publication_platform_review; publication.register_publication_result; publication.switch_publication_content_version; publication.verify_publication_work; publication.close_publication_work; publication.permanently_delete_published_article; publication.permanently_delete_content_task 的直接 command 顶层 Session（由 owner 负责 flush/commit/rollback）,真实 PostgreSQL NOT NULL sentinel：not_null:publication_works.id；仅覆盖直接 owner publication.create_publication_work; publication.update_publication_preparation; publication.mark_publication_platform_review; publication.register_publication_result; publication.switch_publication_content_version; publication.verify_publication_work; publication.close_publication_work; publication.permanently_delete_published_article; publication.permanently_delete_content_task / operation createPublicationWork;updatePublicationPreparation;markPublicationPlatformReview;registerPublicationResult;switchPublicationContentVersion;verifyPublicationWork;closePublicationWork;permanentlyDeletePublishedArticle;permanentlyDeleteContentTask；断言 diagnostics/HTTP 或 worker 失败边界、rollback、无 SUCCESS audit
not_null:publication_works.idempotency_key,publication_works,idempotency_key,NOT NULL,"backend/alembic/versions/0034_publication_workflow_redesign.py:49-158; backend/alembic/versions/0035_business_workflow_primary_tasks.py:83-121; backend/alembic/versions/0037_simplify_deletion_lifecycle.py:166-185 ; backend/app/models/publication.py:28-290 ; contracts/database.md:329,333,434-448",publication.create_publication_work; publication.update_publication_preparation; publication.mark_publication_platform_review; publication.register_publication_result; publication.switch_publication_content_version; publication.verify_publication_work; publication.close_publication_work; publication.permanently_delete_published_article; publication.permanently_delete_content_task,createPublicationWork;updatePublicationPreparation;markPublicationPlatformReview;registerPublicationResult;switchPublicationContentVersion;verifyPublicationWork;closePublicationWork;permanentlyDeletePublishedArticle;permanentlyDeleteContentTask,publication.create_publication_work; publication.update_publication_preparation; publication.mark_publication_platform_review; publication.register_publication_result; publication.switch_publication_content_version; publication.verify_publication_work; publication.close_publication_work; publication.permanently_delete_published_article; publication.permanently_delete_content_task: 直接构造/修改为 publication_works.idempotency_key 提供值；未见独立 NOT NULL 预检，DB NOT NULL 是 authority,publication.create_publication_work; publication.update_publication_preparation; publication.mark_publication_platform_review; publication.register_publication_result; publication.switch_publication_content_version; publication.verify_publication_work; publication.close_publication_work; publication.permanently_delete_published_article; publication.permanently_delete_content_task: 未按 23502 的 table_name/column_name 做本地 mapper；HTTP 异常进入 errors.py:76-79，全局 worker/内部路径仅失败,23502 当前 HTTP owner 全局 409 REVISION_CONFLICT / 数据约束冲突（不泄漏 DB）,publication_works.idempotency_key 缺失应由 contract-decision 批准字段级 4xx；未知 23502 default500，不能伪装 revision,publication.create_publication_work; publication.update_publication_preparation; publication.mark_publication_platform_review; publication.register_publication_result; publication.switch_publication_content_version; publication.verify_publication_work; publication.close_publication_work; publication.permanently_delete_published_article; publication.permanently_delete_content_task 的直接 command 顶层 Session（由 owner 负责 flush/commit/rollback）,真实 PostgreSQL NOT NULL sentinel：not_null:publication_works.idempotency_key；仅覆盖直接 owner publication.create_publication_work; publication.update_publication_preparation; publication.mark_publication_platform_review; publication.register_publication_result; publication.switch_publication_content_version; publication.verify_publication_work; publication.close_publication_work; publication.permanently_delete_published_article; publication.permanently_delete_content_task / operation createPublicationWork;updatePublicationPreparation;markPublicationPlatformReview;registerPublicationResult;switchPublicationContentVersion;verifyPublicationWork;closePublicationWork;permanentlyDeletePublishedArticle;permanentlyDeleteContentTask；断言 diagnostics/HTTP 或 worker 失败边界、rollback、无 SUCCESS audit
not_null:publication_works.platform_account_label_snapshot,publication_works,platform_account_label_snapshot,NOT NULL,"backend/alembic/versions/0034_publication_workflow_redesign.py:49-158; backend/alembic/versions/0035_business_workflow_primary_tasks.py:83-121; backend/alembic/versions/0037_simplify_deletion_lifecycle.py:166-185 ; backend/app/models/publication.py:28-290 ; contracts/database.md:329,333,434-448",publication.create_publication_work; publication.update_publication_preparation; publication.mark_publication_platform_review; publication.register_publication_result; publication.switch_publication_content_version; publication.verify_publication_work; publication.close_publication_work; publication.permanently_delete_published_article; publication.permanently_delete_content_task,createPublicationWork;updatePublicationPreparation;markPublicationPlatformReview;registerPublicationResult;switchPublicationContentVersion;verifyPublicationWork;closePublicationWork;permanentlyDeletePublishedArticle;permanentlyDeleteContentTask,publication.create_publication_work; publication.update_publication_preparation; publication.mark_publication_platform_review; publication.register_publication_result; publication.switch_publication_content_version; publication.verify_publication_work; publication.close_publication_work; publication.permanently_delete_published_article; publication.permanently_delete_content_task: 直接构造/修改为 publication_works.platform_account_label_snapshot 提供值；未见独立 NOT NULL 预检，DB NOT NULL 是 authority,publication.create_publication_work; publication.update_publication_preparation; publication.mark_publication_platform_review; publication.register_publication_result; publication.switch_publication_content_version; publication.verify_publication_work; publication.close_publication_work; publication.permanently_delete_published_article; publication.permanently_delete_content_task: 未按 23502 的 table_name/column_name 做本地 mapper；HTTP 异常进入 errors.py:76-79，全局 worker/内部路径仅失败,23502 当前 HTTP owner 全局 409 REVISION_CONFLICT / 数据约束冲突（不泄漏 DB）,publication_works.platform_account_label_snapshot 缺失应由 contract-decision 批准字段级 4xx；未知 23502 default500，不能伪装 revision,publication.create_publication_work; publication.update_publication_preparation; publication.mark_publication_platform_review; publication.register_publication_result; publication.switch_publication_content_version; publication.verify_publication_work; publication.close_publication_work; publication.permanently_delete_published_article; publication.permanently_delete_content_task 的直接 command 顶层 Session（由 owner 负责 flush/commit/rollback）,真实 PostgreSQL NOT NULL sentinel：not_null:publication_works.platform_account_label_snapshot；仅覆盖直接 owner publication.create_publication_work; publication.update_publication_preparation; publication.mark_publication_platform_review; publication.register_publication_result; publication.switch_publication_content_version; publication.verify_publication_work; publication.close_publication_work; publication.permanently_delete_published_article; publication.permanently_delete_content_task / operation createPublicationWork;updatePublicationPreparation;markPublicationPlatformReview;registerPublicationResult;switchPublicationContentVersion;verifyPublicationWork;closePublicationWork;permanentlyDeletePublishedArticle;permanentlyDeleteContentTask；断言 diagnostics/HTTP 或 worker 失败边界、rollback、无 SUCCESS audit
not_null:publication_works.platform_profile_name_snapshot,publication_works,platform_profile_name_snapshot,NOT NULL,"backend/alembic/versions/0034_publication_workflow_redesign.py:49-158; backend/alembic/versions/0035_business_workflow_primary_tasks.py:83-121; backend/alembic/versions/0037_simplify_deletion_lifecycle.py:166-185 ; backend/app/models/publication.py:28-290 ; contracts/database.md:329,333,434-448",publication.create_publication_work; publication.update_publication_preparation; publication.mark_publication_platform_review; publication.register_publication_result; publication.switch_publication_content_version; publication.verify_publication_work; publication.close_publication_work; publication.permanently_delete_published_article; publication.permanently_delete_content_task,createPublicationWork;updatePublicationPreparation;markPublicationPlatformReview;registerPublicationResult;switchPublicationContentVersion;verifyPublicationWork;closePublicationWork;permanentlyDeletePublishedArticle;permanentlyDeleteContentTask,publication.create_publication_work; publication.update_publication_preparation; publication.mark_publication_platform_review; publication.register_publication_result; publication.switch_publication_content_version; publication.verify_publication_work; publication.close_publication_work; publication.permanently_delete_published_article; publication.permanently_delete_content_task: 直接构造/修改为 publication_works.platform_profile_name_snapshot 提供值；未见独立 NOT NULL 预检，DB NOT NULL 是 authority,publication.create_publication_work; publication.update_publication_preparation; publication.mark_publication_platform_review; publication.register_publication_result; publication.switch_publication_content_version; publication.verify_publication_work; publication.close_publication_work; publication.permanently_delete_published_article; publication.permanently_delete_content_task: 未按 23502 的 table_name/column_name 做本地 mapper；HTTP 异常进入 errors.py:76-79，全局 worker/内部路径仅失败,23502 当前 HTTP owner 全局 409 REVISION_CONFLICT / 数据约束冲突（不泄漏 DB）,publication_works.platform_profile_name_snapshot 缺失应由 contract-decision 批准字段级 4xx；未知 23502 default500，不能伪装 revision,publication.create_publication_work; publication.update_publication_preparation; publication.mark_publication_platform_review; publication.register_publication_result; publication.switch_publication_content_version; publication.verify_publication_work; publication.close_publication_work; publication.permanently_delete_published_article; publication.permanently_delete_content_task 的直接 command 顶层 Session（由 owner 负责 flush/commit/rollback）,真实 PostgreSQL NOT NULL sentinel：not_null:publication_works.platform_profile_name_snapshot；仅覆盖直接 owner publication.create_publication_work; publication.update_publication_preparation; publication.mark_publication_platform_review; publication.register_publication_result; publication.switch_publication_content_version; publication.verify_publication_work; publication.close_publication_work; publication.permanently_delete_published_article; publication.permanently_delete_content_task / operation createPublicationWork;updatePublicationPreparation;markPublicationPlatformReview;registerPublicationResult;switchPublicationContentVersion;verifyPublicationWork;closePublicationWork;permanentlyDeletePublishedArticle;permanentlyDeleteContentTask；断言 diagnostics/HTTP 或 worker 失败边界、rollback、无 SUCCESS audit
not_null:publication_works.revision,publication_works,revision,NOT NULL,"backend/alembic/versions/0034_publication_workflow_redesign.py:49-158; backend/alembic/versions/0035_business_workflow_primary_tasks.py:83-121; backend/alembic/versions/0037_simplify_deletion_lifecycle.py:166-185 ; backend/app/models/publication.py:28-290 ; contracts/database.md:329,333,434-448",publication.create_publication_work; publication.update_publication_preparation; publication.mark_publication_platform_review; publication.register_publication_result; publication.switch_publication_content_version; publication.verify_publication_work; publication.close_publication_work; publication.permanently_delete_published_article; publication.permanently_delete_content_task,createPublicationWork;updatePublicationPreparation;markPublicationPlatformReview;registerPublicationResult;switchPublicationContentVersion;verifyPublicationWork;closePublicationWork;permanentlyDeletePublishedArticle;permanentlyDeleteContentTask,publication.create_publication_work; publication.update_publication_preparation; publication.mark_publication_platform_review; publication.register_publication_result; publication.switch_publication_content_version; publication.verify_publication_work; publication.close_publication_work; publication.permanently_delete_published_article; publication.permanently_delete_content_task: 直接构造/修改为 publication_works.revision 提供值；未见独立 NOT NULL 预检，DB NOT NULL 是 authority,publication.create_publication_work; publication.update_publication_preparation; publication.mark_publication_platform_review; publication.register_publication_result; publication.switch_publication_content_version; publication.verify_publication_work; publication.close_publication_work; publication.permanently_delete_published_article; publication.permanently_delete_content_task: 未按 23502 的 table_name/column_name 做本地 mapper；HTTP 异常进入 errors.py:76-79，全局 worker/内部路径仅失败,23502 当前 HTTP owner 全局 409 REVISION_CONFLICT / 数据约束冲突（不泄漏 DB）,publication_works.revision 缺失应由 contract-decision 批准字段级 4xx；未知 23502 default500，不能伪装 revision,publication.create_publication_work; publication.update_publication_preparation; publication.mark_publication_platform_review; publication.register_publication_result; publication.switch_publication_content_version; publication.verify_publication_work; publication.close_publication_work; publication.permanently_delete_published_article; publication.permanently_delete_content_task 的直接 command 顶层 Session（由 owner 负责 flush/commit/rollback）,真实 PostgreSQL NOT NULL sentinel：not_null:publication_works.revision；仅覆盖直接 owner publication.create_publication_work; publication.update_publication_preparation; publication.mark_publication_platform_review; publication.register_publication_result; publication.switch_publication_content_version; publication.verify_publication_work; publication.close_publication_work; publication.permanently_delete_published_article; publication.permanently_delete_content_task / operation createPublicationWork;updatePublicationPreparation;markPublicationPlatformReview;registerPublicationResult;switchPublicationContentVersion;verifyPublicationWork;closePublicationWork;permanentlyDeletePublishedArticle;permanentlyDeleteContentTask；断言 diagnostics/HTTP 或 worker 失败边界、rollback、无 SUCCESS audit
not_null:publication_works.status,publication_works,status,NOT NULL,"backend/alembic/versions/0034_publication_workflow_redesign.py:49-158; backend/alembic/versions/0035_business_workflow_primary_tasks.py:83-121; backend/alembic/versions/0037_simplify_deletion_lifecycle.py:166-185 ; backend/app/models/publication.py:28-290 ; contracts/database.md:329,333,434-448",publication.create_publication_work; publication.update_publication_preparation; publication.mark_publication_platform_review; publication.register_publication_result; publication.switch_publication_content_version; publication.verify_publication_work; publication.close_publication_work; publication.permanently_delete_published_article; publication.permanently_delete_content_task,createPublicationWork;updatePublicationPreparation;markPublicationPlatformReview;registerPublicationResult;switchPublicationContentVersion;verifyPublicationWork;closePublicationWork;permanentlyDeletePublishedArticle;permanentlyDeleteContentTask,publication.create_publication_work; publication.update_publication_preparation; publication.mark_publication_platform_review; publication.register_publication_result; publication.switch_publication_content_version; publication.verify_publication_work; publication.close_publication_work; publication.permanently_delete_published_article; publication.permanently_delete_content_task: 直接构造/修改为 publication_works.status 提供值；未见独立 NOT NULL 预检，DB NOT NULL 是 authority,publication.create_publication_work; publication.update_publication_preparation; publication.mark_publication_platform_review; publication.register_publication_result; publication.switch_publication_content_version; publication.verify_publication_work; publication.close_publication_work; publication.permanently_delete_published_article; publication.permanently_delete_content_task: 未按 23502 的 table_name/column_name 做本地 mapper；HTTP 异常进入 errors.py:76-79，全局 worker/内部路径仅失败,23502 当前 HTTP owner 全局 409 REVISION_CONFLICT / 数据约束冲突（不泄漏 DB）,publication_works.status 缺失应由 contract-decision 批准字段级 4xx；未知 23502 default500，不能伪装 revision,publication.create_publication_work; publication.update_publication_preparation; publication.mark_publication_platform_review; publication.register_publication_result; publication.switch_publication_content_version; publication.verify_publication_work; publication.close_publication_work; publication.permanently_delete_published_article; publication.permanently_delete_content_task 的直接 command 顶层 Session（由 owner 负责 flush/commit/rollback）,真实 PostgreSQL NOT NULL sentinel：not_null:publication_works.status；仅覆盖直接 owner publication.create_publication_work; publication.update_publication_preparation; publication.mark_publication_platform_review; publication.register_publication_result; publication.switch_publication_content_version; publication.verify_publication_work; publication.close_publication_work; publication.permanently_delete_published_article; publication.permanently_delete_content_task / operation createPublicationWork;updatePublicationPreparation;markPublicationPlatformReview;registerPublicationResult;switchPublicationContentVersion;verifyPublicationWork;closePublicationWork;permanentlyDeletePublishedArticle;permanentlyDeleteContentTask；断言 diagnostics/HTTP 或 worker 失败边界、rollback、无 SUCCESS audit
not_null:publication_works.updated_at,publication_works,updated_at,NOT NULL,"backend/alembic/versions/0034_publication_workflow_redesign.py:49-158; backend/alembic/versions/0035_business_workflow_primary_tasks.py:83-121; backend/alembic/versions/0037_simplify_deletion_lifecycle.py:166-185 ; backend/app/models/publication.py:28-290 ; contracts/database.md:329,333,434-448",publication.create_publication_work; publication.update_publication_preparation; publication.mark_publication_platform_review; publication.register_publication_result; publication.switch_publication_content_version; publication.verify_publication_work; publication.close_publication_work; publication.permanently_delete_published_article; publication.permanently_delete_content_task,createPublicationWork;updatePublicationPreparation;markPublicationPlatformReview;registerPublicationResult;switchPublicationContentVersion;verifyPublicationWork;closePublicationWork;permanentlyDeletePublishedArticle;permanentlyDeleteContentTask,publication.create_publication_work; publication.update_publication_preparation; publication.mark_publication_platform_review; publication.register_publication_result; publication.switch_publication_content_version; publication.verify_publication_work; publication.close_publication_work; publication.permanently_delete_published_article; publication.permanently_delete_content_task: 直接构造/修改为 publication_works.updated_at 提供值；未见独立 NOT NULL 预检，DB NOT NULL 是 authority,publication.create_publication_work; publication.update_publication_preparation; publication.mark_publication_platform_review; publication.register_publication_result; publication.switch_publication_content_version; publication.verify_publication_work; publication.close_publication_work; publication.permanently_delete_published_article; publication.permanently_delete_content_task: 未按 23502 的 table_name/column_name 做本地 mapper；HTTP 异常进入 errors.py:76-79，全局 worker/内部路径仅失败,23502 当前 HTTP owner 全局 409 REVISION_CONFLICT / 数据约束冲突（不泄漏 DB）,publication_works.updated_at 缺失应由 contract-decision 批准字段级 4xx；未知 23502 default500，不能伪装 revision,publication.create_publication_work; publication.update_publication_preparation; publication.mark_publication_platform_review; publication.register_publication_result; publication.switch_publication_content_version; publication.verify_publication_work; publication.close_publication_work; publication.permanently_delete_published_article; publication.permanently_delete_content_task 的直接 command 顶层 Session（由 owner 负责 flush/commit/rollback）,真实 PostgreSQL NOT NULL sentinel：not_null:publication_works.updated_at；仅覆盖直接 owner publication.create_publication_work; publication.update_publication_preparation; publication.mark_publication_platform_review; publication.register_publication_result; publication.switch_publication_content_version; publication.verify_publication_work; publication.close_publication_work; publication.permanently_delete_published_article; publication.permanently_delete_content_task / operation createPublicationWork;updatePublicationPreparation;markPublicationPlatformReview;registerPublicationResult;switchPublicationContentVersion;verifyPublicationWork;closePublicationWork;permanentlyDeletePublishedArticle;permanentlyDeleteContentTask；断言 diagnostics/HTTP 或 worker 失败边界、rollback、无 SUCCESS audit
not_null:published_articles.id,published_articles,id,NOT NULL,"backend/alembic/versions/0034_publication_workflow_redesign.py:233-254 ; backend/app/models/publication.py:28-290 ; contracts/database.md:303,451-453",publication.verify_publication_work; publication.permanently_delete_published_article; publication.permanently_delete_content_task,verifyPublicationWork;permanentlyDeletePublishedArticle;permanentlyDeleteContentTask,publication.verify_publication_work; publication.permanently_delete_published_article; publication.permanently_delete_content_task: 直接写入/修改/删除链按该列或触发器语义执行；未见 not_null:published_articles.id 专用预检，数据库 NOT NULL 是 authority,publication.verify_publication_work; publication.permanently_delete_published_article; publication.permanently_delete_content_task: 未见按 not_null:published_articles.id 专用 diagnostics mapper；失败由最终 owner rollback，异常进入全局 handler（worker 则由独立 Session 处理）,HTTP owner 当前未捕获时全局 409 REVISION_CONFLICT / 数据约束冲突（不泄漏 DB）。,not_null:published_articles.id：按 PostgreSQL diagnostics 精确映射；未批准领域 code 时 default500/contract-decision required，禁止错误文本映射。,publication.verify_publication_work; publication.permanently_delete_published_article; publication.permanently_delete_content_task 的最终 flush/commit command 或独立 worker Session（间接 helper 不拥有事务）,真实 PostgreSQL NOT NULL sentinel：not_null:published_articles.id；仅覆盖直接 owner publication.verify_publication_work; publication.permanently_delete_published_article; publication.permanently_delete_content_task / operation verifyPublicationWork;permanentlyDeletePublishedArticle;permanentlyDeleteContentTask；断言失败边界、rollback、无 SUCCESS audit
not_null:published_articles.verification_id,published_articles,verification_id,NOT NULL,"backend/alembic/versions/0034_publication_workflow_redesign.py:233-254 ; backend/app/models/publication.py:28-290 ; contracts/database.md:303,451-453",publication.verify_publication_work; publication.permanently_delete_published_article; publication.permanently_delete_content_task,verifyPublicationWork;permanentlyDeletePublishedArticle;permanentlyDeleteContentTask,publication.verify_publication_work; publication.permanently_delete_published_article; publication.permanently_delete_content_task: 直接写入/修改/删除链按该列或触发器语义执行；未见 not_null:published_articles.verification_id 专用预检，数据库 NOT NULL 是 authority,publication.verify_publication_work; publication.permanently_delete_published_article; publication.permanently_delete_content_task: 未见按 not_null:published_articles.verification_id 专用 diagnostics mapper；失败由最终 owner rollback，异常进入全局 handler（worker 则由独立 Session 处理）,HTTP owner 当前未捕获时全局 409 REVISION_CONFLICT / 数据约束冲突（不泄漏 DB）。,not_null:published_articles.verification_id：按 PostgreSQL diagnostics 精确映射；未批准领域 code 时 default500/contract-decision required，禁止错误文本映射。,publication.verify_publication_work; publication.permanently_delete_published_article; publication.permanently_delete_content_task 的最终 flush/commit command 或独立 worker Session（间接 helper 不拥有事务）,真实 PostgreSQL NOT NULL sentinel：not_null:published_articles.verification_id；仅覆盖直接 owner publication.verify_publication_work; publication.permanently_delete_published_article; publication.permanently_delete_content_task / operation verifyPublicationWork;permanentlyDeletePublishedArticle;permanentlyDeleteContentTask；断言失败边界、rollback、无 SUCCESS audit
not_null:published_content_issues.description,published_content_issues,description,NOT NULL,"backend/alembic/versions/0034_publication_workflow_redesign.py:255-329 ; backend/app/models/publication.py:28-290 ; contracts/database.md:303,333,454",publication.open_published_content_issue; publication.resolve_published_content_issue; publication.permanently_delete_published_article; publication.permanently_delete_content_task,openPublishedContentIssue;resolvePublishedContentIssue;permanentlyDeletePublishedArticle;permanentlyDeleteContentTask,publication.open_published_content_issue; publication.resolve_published_content_issue; publication.permanently_delete_published_article; publication.permanently_delete_content_task: 直接写入/修改/删除链按该列或触发器语义执行；未见 not_null:published_content_issues.description 专用预检，数据库 NOT NULL 是 authority,publication.open_published_content_issue; publication.resolve_published_content_issue; publication.permanently_delete_published_article; publication.permanently_delete_content_task: 未见按 not_null:published_content_issues.description 专用 diagnostics mapper；失败由最终 owner rollback，异常进入全局 handler（worker 则由独立 Session 处理）,HTTP owner 当前未捕获时全局 409 REVISION_CONFLICT / 数据约束冲突（不泄漏 DB）。,not_null:published_content_issues.description：按 PostgreSQL diagnostics 精确映射；未批准领域 code 时 default500/contract-decision required，禁止错误文本映射。,publication.open_published_content_issue; publication.resolve_published_content_issue; publication.permanently_delete_published_article; publication.permanently_delete_content_task 的最终 flush/commit command 或独立 worker Session（间接 helper 不拥有事务）,真实 PostgreSQL NOT NULL sentinel：not_null:published_content_issues.description；仅覆盖直接 owner publication.open_published_content_issue; publication.resolve_published_content_issue; publication.permanently_delete_published_article; publication.permanently_delete_content_task / operation openPublishedContentIssue;resolvePublishedContentIssue;permanentlyDeletePublishedArticle;permanentlyDeleteContentTask；断言失败边界、rollback、无 SUCCESS audit
not_null:published_content_issues.id,published_content_issues,id,NOT NULL,"backend/alembic/versions/0034_publication_workflow_redesign.py:255-329 ; backend/app/models/publication.py:28-290 ; contracts/database.md:303,333,454",publication.open_published_content_issue; publication.resolve_published_content_issue; publication.permanently_delete_published_article; publication.permanently_delete_content_task,openPublishedContentIssue;resolvePublishedContentIssue;permanentlyDeletePublishedArticle;permanentlyDeleteContentTask,publication.open_published_content_issue; publication.resolve_published_content_issue; publication.permanently_delete_published_article; publication.permanently_delete_content_task: 直接写入/修改/删除链按该列或触发器语义执行；未见 not_null:published_content_issues.id 专用预检，数据库 NOT NULL 是 authority,publication.open_published_content_issue; publication.resolve_published_content_issue; publication.permanently_delete_published_article; publication.permanently_delete_content_task: 未见按 not_null:published_content_issues.id 专用 diagnostics mapper；失败由最终 owner rollback，异常进入全局 handler（worker 则由独立 Session 处理）,HTTP owner 当前未捕获时全局 409 REVISION_CONFLICT / 数据约束冲突（不泄漏 DB）。,not_null:published_content_issues.id：按 PostgreSQL diagnostics 精确映射；未批准领域 code 时 default500/contract-decision required，禁止错误文本映射。,publication.open_published_content_issue; publication.resolve_published_content_issue; publication.permanently_delete_published_article; publication.permanently_delete_content_task 的最终 flush/commit command 或独立 worker Session（间接 helper 不拥有事务）,真实 PostgreSQL NOT NULL sentinel：not_null:published_content_issues.id；仅覆盖直接 owner publication.open_published_content_issue; publication.resolve_published_content_issue; publication.permanently_delete_published_article; publication.permanently_delete_content_task / operation openPublishedContentIssue;resolvePublishedContentIssue;permanentlyDeletePublishedArticle;permanentlyDeleteContentTask；断言失败边界、rollback、无 SUCCESS audit
not_null:published_content_issues.kind,published_content_issues,kind,NOT NULL,"backend/alembic/versions/0034_publication_workflow_redesign.py:255-329 ; backend/app/models/publication.py:28-290 ; contracts/database.md:303,333,454",publication.open_published_content_issue; publication.resolve_published_content_issue; publication.permanently_delete_published_article; publication.permanently_delete_content_task,openPublishedContentIssue;resolvePublishedContentIssue;permanentlyDeletePublishedArticle;permanentlyDeleteContentTask,publication.open_published_content_issue; publication.resolve_published_content_issue; publication.permanently_delete_published_article; publication.permanently_delete_content_task: 直接写入/修改/删除链按该列或触发器语义执行；未见 not_null:published_content_issues.kind 专用预检，数据库 NOT NULL 是 authority,publication.open_published_content_issue; publication.resolve_published_content_issue; publication.permanently_delete_published_article; publication.permanently_delete_content_task: 未见按 not_null:published_content_issues.kind 专用 diagnostics mapper；失败由最终 owner rollback，异常进入全局 handler（worker 则由独立 Session 处理）,HTTP owner 当前未捕获时全局 409 REVISION_CONFLICT / 数据约束冲突（不泄漏 DB）。,not_null:published_content_issues.kind：按 PostgreSQL diagnostics 精确映射；未批准领域 code 时 default500/contract-decision required，禁止错误文本映射。,publication.open_published_content_issue; publication.resolve_published_content_issue; publication.permanently_delete_published_article; publication.permanently_delete_content_task 的最终 flush/commit command 或独立 worker Session（间接 helper 不拥有事务）,真实 PostgreSQL NOT NULL sentinel：not_null:published_content_issues.kind；仅覆盖直接 owner publication.open_published_content_issue; publication.resolve_published_content_issue; publication.permanently_delete_published_article; publication.permanently_delete_content_task / operation openPublishedContentIssue;resolvePublishedContentIssue;permanentlyDeletePublishedArticle;permanentlyDeleteContentTask；断言失败边界、rollback、无 SUCCESS audit
not_null:published_content_issues.opened_at,published_content_issues,opened_at,NOT NULL,"backend/alembic/versions/0034_publication_workflow_redesign.py:255-329 ; backend/app/models/publication.py:28-290 ; contracts/database.md:303,333,454",publication.open_published_content_issue; publication.resolve_published_content_issue; publication.permanently_delete_published_article; publication.permanently_delete_content_task,openPublishedContentIssue;resolvePublishedContentIssue;permanentlyDeletePublishedArticle;permanentlyDeleteContentTask,publication.open_published_content_issue; publication.resolve_published_content_issue; publication.permanently_delete_published_article; publication.permanently_delete_content_task: 直接写入/修改/删除链按该列或触发器语义执行；未见 not_null:published_content_issues.opened_at 专用预检，数据库 NOT NULL 是 authority,publication.open_published_content_issue; publication.resolve_published_content_issue; publication.permanently_delete_published_article; publication.permanently_delete_content_task: 未见按 not_null:published_content_issues.opened_at 专用 diagnostics mapper；失败由最终 owner rollback，异常进入全局 handler（worker 则由独立 Session 处理）,HTTP owner 当前未捕获时全局 409 REVISION_CONFLICT / 数据约束冲突（不泄漏 DB）。,not_null:published_content_issues.opened_at：按 PostgreSQL diagnostics 精确映射；未批准领域 code 时 default500/contract-decision required，禁止错误文本映射。,publication.open_published_content_issue; publication.resolve_published_content_issue; publication.permanently_delete_published_article; publication.permanently_delete_content_task 的最终 flush/commit command 或独立 worker Session（间接 helper 不拥有事务）,真实 PostgreSQL NOT NULL sentinel：not_null:published_content_issues.opened_at；仅覆盖直接 owner publication.open_published_content_issue; publication.resolve_published_content_issue; publication.permanently_delete_published_article; publication.permanently_delete_content_task / operation openPublishedContentIssue;resolvePublishedContentIssue;permanentlyDeletePublishedArticle;permanentlyDeleteContentTask；断言失败边界、rollback、无 SUCCESS audit
not_null:published_content_issues.opened_by,published_content_issues,opened_by,NOT NULL,"backend/alembic/versions/0034_publication_workflow_redesign.py:255-329 ; backend/app/models/publication.py:28-290 ; contracts/database.md:303,333,454",publication.open_published_content_issue; publication.resolve_published_content_issue; publication.permanently_delete_published_article; publication.permanently_delete_content_task,openPublishedContentIssue;resolvePublishedContentIssue;permanentlyDeletePublishedArticle;permanentlyDeleteContentTask,publication.open_published_content_issue; publication.resolve_published_content_issue; publication.permanently_delete_published_article; publication.permanently_delete_content_task: 直接写入/修改/删除链按该列或触发器语义执行；未见 not_null:published_content_issues.opened_by 专用预检，数据库 NOT NULL 是 authority,publication.open_published_content_issue; publication.resolve_published_content_issue; publication.permanently_delete_published_article; publication.permanently_delete_content_task: 未见按 not_null:published_content_issues.opened_by 专用 diagnostics mapper；失败由最终 owner rollback，异常进入全局 handler（worker 则由独立 Session 处理）,HTTP owner 当前未捕获时全局 409 REVISION_CONFLICT / 数据约束冲突（不泄漏 DB）。,not_null:published_content_issues.opened_by：按 PostgreSQL diagnostics 精确映射；未批准领域 code 时 default500/contract-decision required，禁止错误文本映射。,publication.open_published_content_issue; publication.resolve_published_content_issue; publication.permanently_delete_published_article; publication.permanently_delete_content_task 的最终 flush/commit command 或独立 worker Session（间接 helper 不拥有事务）,真实 PostgreSQL NOT NULL sentinel：not_null:published_content_issues.opened_by；仅覆盖直接 owner publication.open_published_content_issue; publication.resolve_published_content_issue; publication.permanently_delete_published_article; publication.permanently_delete_content_task / operation openPublishedContentIssue;resolvePublishedContentIssue;permanentlyDeletePublishedArticle;permanentlyDeleteContentTask；断言失败边界、rollback、无 SUCCESS audit
not_null:published_content_issues.published_article_id,published_content_issues,published_article_id,NOT NULL,"backend/alembic/versions/0034_publication_workflow_redesign.py:255-329 ; backend/app/models/publication.py:28-290 ; contracts/database.md:303,333,454",publication.open_published_content_issue; publication.resolve_published_content_issue; publication.permanently_delete_published_article; publication.permanently_delete_content_task,openPublishedContentIssue;resolvePublishedContentIssue;permanentlyDeletePublishedArticle;permanentlyDeleteContentTask,publication.open_published_content_issue; publication.resolve_published_content_issue; publication.permanently_delete_published_article; publication.permanently_delete_content_task: 直接写入/修改/删除链按该列或触发器语义执行；未见 not_null:published_content_issues.published_article_id 专用预检，数据库 NOT NULL 是 authority,publication.open_published_content_issue; publication.resolve_published_content_issue; publication.permanently_delete_published_article; publication.permanently_delete_content_task: 未见按 not_null:published_content_issues.published_article_id 专用 diagnostics mapper；失败由最终 owner rollback，异常进入全局 handler（worker 则由独立 Session 处理）,HTTP owner 当前未捕获时全局 409 REVISION_CONFLICT / 数据约束冲突（不泄漏 DB）。,not_null:published_content_issues.published_article_id：按 PostgreSQL diagnostics 精确映射；未批准领域 code 时 default500/contract-decision required，禁止错误文本映射。,publication.open_published_content_issue; publication.resolve_published_content_issue; publication.permanently_delete_published_article; publication.permanently_delete_content_task 的最终 flush/commit command 或独立 worker Session（间接 helper 不拥有事务）,真实 PostgreSQL NOT NULL sentinel：not_null:published_content_issues.published_article_id；仅覆盖直接 owner publication.open_published_content_issue; publication.resolve_published_content_issue; publication.permanently_delete_published_article; publication.permanently_delete_content_task / operation openPublishedContentIssue;resolvePublishedContentIssue;permanentlyDeletePublishedArticle;permanentlyDeleteContentTask；断言失败边界、rollback、无 SUCCESS audit
not_null:published_content_issues.revision,published_content_issues,revision,NOT NULL,"backend/alembic/versions/0034_publication_workflow_redesign.py:255-329 ; backend/app/models/publication.py:28-290 ; contracts/database.md:303,333,454",publication.open_published_content_issue; publication.resolve_published_content_issue; publication.permanently_delete_published_article; publication.permanently_delete_content_task,openPublishedContentIssue;resolvePublishedContentIssue;permanentlyDeletePublishedArticle;permanentlyDeleteContentTask,publication.open_published_content_issue; publication.resolve_published_content_issue; publication.permanently_delete_published_article; publication.permanently_delete_content_task: 直接写入/修改/删除链按该列或触发器语义执行；未见 not_null:published_content_issues.revision 专用预检，数据库 NOT NULL 是 authority,publication.open_published_content_issue; publication.resolve_published_content_issue; publication.permanently_delete_published_article; publication.permanently_delete_content_task: 未见按 not_null:published_content_issues.revision 专用 diagnostics mapper；失败由最终 owner rollback，异常进入全局 handler（worker 则由独立 Session 处理）,HTTP owner 当前未捕获时全局 409 REVISION_CONFLICT / 数据约束冲突（不泄漏 DB）。,not_null:published_content_issues.revision：按 PostgreSQL diagnostics 精确映射；未批准领域 code 时 default500/contract-decision required，禁止错误文本映射。,publication.open_published_content_issue; publication.resolve_published_content_issue; publication.permanently_delete_published_article; publication.permanently_delete_content_task 的最终 flush/commit command 或独立 worker Session（间接 helper 不拥有事务）,真实 PostgreSQL NOT NULL sentinel：not_null:published_content_issues.revision；仅覆盖直接 owner publication.open_published_content_issue; publication.resolve_published_content_issue; publication.permanently_delete_published_article; publication.permanently_delete_content_task / operation openPublishedContentIssue;resolvePublishedContentIssue;permanentlyDeletePublishedArticle;permanentlyDeleteContentTask；断言失败边界、rollback、无 SUCCESS audit
not_null:published_content_issues.status,published_content_issues,status,NOT NULL,"backend/alembic/versions/0034_publication_workflow_redesign.py:255-329 ; backend/app/models/publication.py:28-290 ; contracts/database.md:303,333,454",publication.open_published_content_issue; publication.resolve_published_content_issue; publication.permanently_delete_published_article; publication.permanently_delete_content_task,openPublishedContentIssue;resolvePublishedContentIssue;permanentlyDeletePublishedArticle;permanentlyDeleteContentTask,publication.open_published_content_issue; publication.resolve_published_content_issue; publication.permanently_delete_published_article; publication.permanently_delete_content_task: 直接写入/修改/删除链按该列或触发器语义执行；未见 not_null:published_content_issues.status 专用预检，数据库 NOT NULL 是 authority,publication.open_published_content_issue; publication.resolve_published_content_issue; publication.permanently_delete_published_article; publication.permanently_delete_content_task: 未见按 not_null:published_content_issues.status 专用 diagnostics mapper；失败由最终 owner rollback，异常进入全局 handler（worker 则由独立 Session 处理）,HTTP owner 当前未捕获时全局 409 REVISION_CONFLICT / 数据约束冲突（不泄漏 DB）。,not_null:published_content_issues.status：按 PostgreSQL diagnostics 精确映射；未批准领域 code 时 default500/contract-decision required，禁止错误文本映射。,publication.open_published_content_issue; publication.resolve_published_content_issue; publication.permanently_delete_published_article; publication.permanently_delete_content_task 的最终 flush/commit command 或独立 worker Session（间接 helper 不拥有事务）,真实 PostgreSQL NOT NULL sentinel：not_null:published_content_issues.status；仅覆盖直接 owner publication.open_published_content_issue; publication.resolve_published_content_issue; publication.permanently_delete_published_article; publication.permanently_delete_content_task / operation openPublishedContentIssue;resolvePublishedContentIssue;permanentlyDeletePublishedArticle;permanentlyDeleteContentTask；断言失败边界、rollback、无 SUCCESS audit
not_null:query_topics.canonical_question,query_topics,canonical_question,NOT NULL,"backend/app/migration_schema_v1.py:348-356 ; backend/app/models/configuration.py:26-125 ; contracts/database.md:153-159,185",content_planning.create_query_topic; content_planning.update_query_topic; content_planning.delete_query_topic,createQueryTopic;updateQueryTopic;deleteQueryTopic,content_planning.create_query_topic; content_planning.update_query_topic; content_planning.delete_query_topic: 直接构造/修改为 query_topics.canonical_question 提供值；未见独立 NOT NULL 预检，DB NOT NULL 是 authority,content_planning.create_query_topic; content_planning.update_query_topic; content_planning.delete_query_topic: 未按 23502 的 table_name/column_name 做本地 mapper；HTTP 异常进入 errors.py:76-79，全局 worker/内部路径仅失败,23502 当前 HTTP owner 全局 409 REVISION_CONFLICT / 数据约束冲突（不泄漏 DB）,query_topics.canonical_question 缺失应由 contract-decision 批准字段级 4xx；未知 23502 default500，不能伪装 revision,content_planning.create_query_topic; content_planning.update_query_topic; content_planning.delete_query_topic 的直接 command 顶层 Session（由 owner 负责 flush/commit/rollback）,真实 PostgreSQL NOT NULL sentinel：not_null:query_topics.canonical_question；仅覆盖直接 owner content_planning.create_query_topic; content_planning.update_query_topic; content_planning.delete_query_topic / operation createQueryTopic;updateQueryTopic;deleteQueryTopic；断言 diagnostics/HTTP 或 worker 失败边界、rollback、无 SUCCESS audit
not_null:query_topics.created_at,query_topics,created_at,NOT NULL,"backend/app/migration_schema_v1.py:348-356 ; backend/app/models/configuration.py:26-125 ; contracts/database.md:153-159,185",content_planning.create_query_topic; content_planning.update_query_topic; content_planning.delete_query_topic,createQueryTopic;updateQueryTopic;deleteQueryTopic,content_planning.create_query_topic; content_planning.update_query_topic; content_planning.delete_query_topic: 直接构造/修改为 query_topics.created_at 提供值；未见独立 NOT NULL 预检，DB NOT NULL 是 authority,content_planning.create_query_topic; content_planning.update_query_topic; content_planning.delete_query_topic: 未按 23502 的 table_name/column_name 做本地 mapper；HTTP 异常进入 errors.py:76-79，全局 worker/内部路径仅失败,23502 当前 HTTP owner 全局 409 REVISION_CONFLICT / 数据约束冲突（不泄漏 DB）,query_topics.created_at 缺失应由 contract-decision 批准字段级 4xx；未知 23502 default500，不能伪装 revision,content_planning.create_query_topic; content_planning.update_query_topic; content_planning.delete_query_topic 的直接 command 顶层 Session（由 owner 负责 flush/commit/rollback）,真实 PostgreSQL NOT NULL sentinel：not_null:query_topics.created_at；仅覆盖直接 owner content_planning.create_query_topic; content_planning.update_query_topic; content_planning.delete_query_topic / operation createQueryTopic;updateQueryTopic;deleteQueryTopic；断言 diagnostics/HTTP 或 worker 失败边界、rollback、无 SUCCESS audit
not_null:query_topics.id,query_topics,id,NOT NULL,"backend/app/migration_schema_v1.py:348-356 ; backend/app/models/configuration.py:26-125 ; contracts/database.md:153-159,185",content_planning.create_query_topic; content_planning.update_query_topic; content_planning.delete_query_topic,createQueryTopic;updateQueryTopic;deleteQueryTopic,content_planning.create_query_topic; content_planning.update_query_topic; content_planning.delete_query_topic: 直接构造/修改为 query_topics.id 提供值；未见独立 NOT NULL 预检，DB NOT NULL 是 authority,content_planning.create_query_topic; content_planning.update_query_topic; content_planning.delete_query_topic: 未按 23502 的 table_name/column_name 做本地 mapper；HTTP 异常进入 errors.py:76-79，全局 worker/内部路径仅失败,23502 当前 HTTP owner 全局 409 REVISION_CONFLICT / 数据约束冲突（不泄漏 DB）,query_topics.id 缺失应由 contract-decision 批准字段级 4xx；未知 23502 default500，不能伪装 revision,content_planning.create_query_topic; content_planning.update_query_topic; content_planning.delete_query_topic 的直接 command 顶层 Session（由 owner 负责 flush/commit/rollback）,真实 PostgreSQL NOT NULL sentinel：not_null:query_topics.id；仅覆盖直接 owner content_planning.create_query_topic; content_planning.update_query_topic; content_planning.delete_query_topic / operation createQueryTopic;updateQueryTopic;deleteQueryTopic；断言 diagnostics/HTTP 或 worker 失败边界、rollback、无 SUCCESS audit
not_null:query_topics.intent_type,query_topics,intent_type,NOT NULL,"backend/app/migration_schema_v1.py:348-356 ; backend/app/models/configuration.py:26-125 ; contracts/database.md:153-159,185",content_planning.create_query_topic; content_planning.update_query_topic; content_planning.delete_query_topic,createQueryTopic;updateQueryTopic;deleteQueryTopic,content_planning.create_query_topic; content_planning.update_query_topic; content_planning.delete_query_topic: 直接构造/修改为 query_topics.intent_type 提供值；未见独立 NOT NULL 预检，DB NOT NULL 是 authority,content_planning.create_query_topic; content_planning.update_query_topic; content_planning.delete_query_topic: 未按 23502 的 table_name/column_name 做本地 mapper；HTTP 异常进入 errors.py:76-79，全局 worker/内部路径仅失败,23502 当前 HTTP owner 全局 409 REVISION_CONFLICT / 数据约束冲突（不泄漏 DB）,query_topics.intent_type 缺失应由 contract-decision 批准字段级 4xx；未知 23502 default500，不能伪装 revision,content_planning.create_query_topic; content_planning.update_query_topic; content_planning.delete_query_topic 的直接 command 顶层 Session（由 owner 负责 flush/commit/rollback）,真实 PostgreSQL NOT NULL sentinel：not_null:query_topics.intent_type；仅覆盖直接 owner content_planning.create_query_topic; content_planning.update_query_topic; content_planning.delete_query_topic / operation createQueryTopic;updateQueryTopic;deleteQueryTopic；断言 diagnostics/HTTP 或 worker 失败边界、rollback、无 SUCCESS audit
not_null:query_topics.revision,query_topics,revision,NOT NULL,"backend/app/migration_schema_v1.py:348-356 ; backend/app/models/configuration.py:26-125 ; contracts/database.md:153-159,185",content_planning.create_query_topic; content_planning.update_query_topic; content_planning.delete_query_topic,createQueryTopic;updateQueryTopic;deleteQueryTopic,content_planning.create_query_topic; content_planning.update_query_topic; content_planning.delete_query_topic: 直接构造/修改为 query_topics.revision 提供值；未见独立 NOT NULL 预检，DB NOT NULL 是 authority,content_planning.create_query_topic; content_planning.update_query_topic; content_planning.delete_query_topic: 未按 23502 的 table_name/column_name 做本地 mapper；HTTP 异常进入 errors.py:76-79，全局 worker/内部路径仅失败,23502 当前 HTTP owner 全局 409 REVISION_CONFLICT / 数据约束冲突（不泄漏 DB）,query_topics.revision 缺失应由 contract-decision 批准字段级 4xx；未知 23502 default500，不能伪装 revision,content_planning.create_query_topic; content_planning.update_query_topic; content_planning.delete_query_topic 的直接 command 顶层 Session（由 owner 负责 flush/commit/rollback）,真实 PostgreSQL NOT NULL sentinel：not_null:query_topics.revision；仅覆盖直接 owner content_planning.create_query_topic; content_planning.update_query_topic; content_planning.delete_query_topic / operation createQueryTopic;updateQueryTopic;deleteQueryTopic；断言 diagnostics/HTTP 或 worker 失败边界、rollback、无 SUCCESS audit
not_null:query_topics.variants,query_topics,variants,NOT NULL,"backend/app/migration_schema_v1.py:348-356 ; backend/app/models/configuration.py:26-125 ; contracts/database.md:153-159,185",content_planning.create_query_topic; content_planning.update_query_topic; content_planning.delete_query_topic,createQueryTopic;updateQueryTopic;deleteQueryTopic,content_planning.create_query_topic; content_planning.update_query_topic; content_planning.delete_query_topic: 直接构造/修改为 query_topics.variants 提供值；未见独立 NOT NULL 预检，DB NOT NULL 是 authority,content_planning.create_query_topic; content_planning.update_query_topic; content_planning.delete_query_topic: 未按 23502 的 table_name/column_name 做本地 mapper；HTTP 异常进入 errors.py:76-79，全局 worker/内部路径仅失败,23502 当前 HTTP owner 全局 409 REVISION_CONFLICT / 数据约束冲突（不泄漏 DB）,query_topics.variants 缺失应由 contract-decision 批准字段级 4xx；未知 23502 default500，不能伪装 revision,content_planning.create_query_topic; content_planning.update_query_topic; content_planning.delete_query_topic 的直接 command 顶层 Session（由 owner 负责 flush/commit/rollback）,真实 PostgreSQL NOT NULL sentinel：not_null:query_topics.variants；仅覆盖直接 owner content_planning.create_query_topic; content_planning.update_query_topic; content_planning.delete_query_topic / operation createQueryTopic;updateQueryTopic;deleteQueryTopic；断言 diagnostics/HTTP 或 worker 失败边界、rollback、无 SUCCESS audit
not_null:sessions.created_at,sessions,created_at,NOT NULL,"backend/alembic/versions/0001_identity_audit.py:1-120 ; backend/app/models/identity.py:28-112 ; contracts/database.md:73,424",identity.login,login,identity.login: 直接写入/修改/删除链按该列或触发器语义执行；未见 not_null:sessions.created_at 专用预检，数据库 NOT NULL 是 authority,identity.login: 未见按 not_null:sessions.created_at 专用 diagnostics mapper；失败由最终 owner rollback，异常进入全局 handler（worker 则由独立 Session 处理）,HTTP owner 当前未捕获时全局 409 REVISION_CONFLICT / 数据约束冲突（不泄漏 DB）。,not_null:sessions.created_at：按 PostgreSQL diagnostics 精确映射；未批准领域 code 时 default500/contract-decision required，禁止错误文本映射。,identity.login 的最终 flush/commit command 或独立 worker Session（间接 helper 不拥有事务）,真实 PostgreSQL NOT NULL sentinel：not_null:sessions.created_at；仅覆盖直接 owner identity.login / operation login；断言失败边界、rollback、无 SUCCESS audit
not_null:sessions.csrf_hash,sessions,csrf_hash,NOT NULL,"backend/alembic/versions/0001_identity_audit.py:1-120 ; backend/app/models/identity.py:28-112 ; contracts/database.md:73,424",identity.login,login,identity.login: 直接写入/修改/删除链按该列或触发器语义执行；未见 not_null:sessions.csrf_hash 专用预检，数据库 NOT NULL 是 authority,identity.login: 未见按 not_null:sessions.csrf_hash 专用 diagnostics mapper；失败由最终 owner rollback，异常进入全局 handler（worker 则由独立 Session 处理）,HTTP owner 当前未捕获时全局 409 REVISION_CONFLICT / 数据约束冲突（不泄漏 DB）。,not_null:sessions.csrf_hash：按 PostgreSQL diagnostics 精确映射；未批准领域 code 时 default500/contract-decision required，禁止错误文本映射。,identity.login 的最终 flush/commit command 或独立 worker Session（间接 helper 不拥有事务）,真实 PostgreSQL NOT NULL sentinel：not_null:sessions.csrf_hash；仅覆盖直接 owner identity.login / operation login；断言失败边界、rollback、无 SUCCESS audit
not_null:sessions.expires_at,sessions,expires_at,NOT NULL,"backend/alembic/versions/0001_identity_audit.py:1-120 ; backend/app/models/identity.py:28-112 ; contracts/database.md:73,424",identity.login,login,identity.login: 直接写入/修改/删除链按该列或触发器语义执行；未见 not_null:sessions.expires_at 专用预检，数据库 NOT NULL 是 authority,identity.login: 未见按 not_null:sessions.expires_at 专用 diagnostics mapper；失败由最终 owner rollback，异常进入全局 handler（worker 则由独立 Session 处理）,HTTP owner 当前未捕获时全局 409 REVISION_CONFLICT / 数据约束冲突（不泄漏 DB）。,not_null:sessions.expires_at：按 PostgreSQL diagnostics 精确映射；未批准领域 code 时 default500/contract-decision required，禁止错误文本映射。,identity.login 的最终 flush/commit command 或独立 worker Session（间接 helper 不拥有事务）,真实 PostgreSQL NOT NULL sentinel：not_null:sessions.expires_at；仅覆盖直接 owner identity.login / operation login；断言失败边界、rollback、无 SUCCESS audit
not_null:sessions.id,sessions,id,NOT NULL,"backend/alembic/versions/0001_identity_audit.py:1-120 ; backend/app/models/identity.py:28-112 ; contracts/database.md:73,424",identity.login,login,identity.login: 直接写入/修改/删除链按该列或触发器语义执行；未见 not_null:sessions.id 专用预检，数据库 NOT NULL 是 authority,identity.login: 未见按 not_null:sessions.id 专用 diagnostics mapper；失败由最终 owner rollback，异常进入全局 handler（worker 则由独立 Session 处理）,HTTP owner 当前未捕获时全局 409 REVISION_CONFLICT / 数据约束冲突（不泄漏 DB）。,not_null:sessions.id：按 PostgreSQL diagnostics 精确映射；未批准领域 code 时 default500/contract-decision required，禁止错误文本映射。,identity.login 的最终 flush/commit command 或独立 worker Session（间接 helper 不拥有事务）,真实 PostgreSQL NOT NULL sentinel：not_null:sessions.id；仅覆盖直接 owner identity.login / operation login；断言失败边界、rollback、无 SUCCESS audit
not_null:sessions.last_seen_at,sessions,last_seen_at,NOT NULL,"backend/alembic/versions/0001_identity_audit.py:1-120 ; backend/app/models/identity.py:28-112 ; contracts/database.md:73,424",identity.login,login,identity.login: 直接写入/修改/删除链按该列或触发器语义执行；未见 not_null:sessions.last_seen_at 专用预检，数据库 NOT NULL 是 authority,identity.login: 未见按 not_null:sessions.last_seen_at 专用 diagnostics mapper；失败由最终 owner rollback，异常进入全局 handler（worker 则由独立 Session 处理）,HTTP owner 当前未捕获时全局 409 REVISION_CONFLICT / 数据约束冲突（不泄漏 DB）。,not_null:sessions.last_seen_at：按 PostgreSQL diagnostics 精确映射；未批准领域 code 时 default500/contract-decision required，禁止错误文本映射。,identity.login 的最终 flush/commit command 或独立 worker Session（间接 helper 不拥有事务）,真实 PostgreSQL NOT NULL sentinel：not_null:sessions.last_seen_at；仅覆盖直接 owner identity.login / operation login；断言失败边界、rollback、无 SUCCESS audit
not_null:sessions.token_hash,sessions,token_hash,NOT NULL,"backend/alembic/versions/0001_identity_audit.py:1-120 ; backend/app/models/identity.py:28-112 ; contracts/database.md:73,424",identity.login,login,identity.login: 直接写入/修改/删除链按该列或触发器语义执行；未见 not_null:sessions.token_hash 专用预检，数据库 NOT NULL 是 authority,identity.login: 未见按 not_null:sessions.token_hash 专用 diagnostics mapper；失败由最终 owner rollback，异常进入全局 handler（worker 则由独立 Session 处理）,HTTP owner 当前未捕获时全局 409 REVISION_CONFLICT / 数据约束冲突（不泄漏 DB）。,not_null:sessions.token_hash：按 PostgreSQL diagnostics 精确映射；未批准领域 code 时 default500/contract-decision required，禁止错误文本映射。,identity.login 的最终 flush/commit command 或独立 worker Session（间接 helper 不拥有事务）,真实 PostgreSQL NOT NULL sentinel：not_null:sessions.token_hash；仅覆盖直接 owner identity.login / operation login；断言失败边界、rollback、无 SUCCESS audit
not_null:sessions.user_id,sessions,user_id,NOT NULL,"backend/alembic/versions/0001_identity_audit.py:1-120 ; backend/app/models/identity.py:28-112 ; contracts/database.md:73,424",identity.login,login,identity.login: 直接写入/修改/删除链按该列或触发器语义执行；未见 not_null:sessions.user_id 专用预检，数据库 NOT NULL 是 authority,identity.login: 未见按 not_null:sessions.user_id 专用 diagnostics mapper；失败由最终 owner rollback，异常进入全局 handler（worker 则由独立 Session 处理）,HTTP owner 当前未捕获时全局 409 REVISION_CONFLICT / 数据约束冲突（不泄漏 DB）。,not_null:sessions.user_id：按 PostgreSQL diagnostics 精确映射；未批准领域 code 时 default500/contract-decision required，禁止错误文本映射。,identity.login 的最终 flush/commit command 或独立 worker Session（间接 helper 不拥有事务）,真实 PostgreSQL NOT NULL sentinel：not_null:sessions.user_id；仅覆盖直接 owner identity.login / operation login；断言失败边界、rollback、无 SUCCESS audit
not_null:users.account_type,users,account_type,NOT NULL,"backend/alembic/versions/0001_identity_audit.py:1-120 ; backend/app/models/identity.py:28-112 ; contracts/database.md:73-75,409-424",identity.create_user; identity.update_user; identity.bulk_update_user_status; identity.change_password; identity.reset_user_password; identity.delete_user,createUser;updateUser;bulkUpdateUserStatus;changePassword;resetUserPassword;deleteUser,identity.create_user; identity.update_user; identity.bulk_update_user_status; identity.change_password; identity.reset_user_password; identity.delete_user: 直接构造/修改为 users.account_type 提供值；未见独立 NOT NULL 预检，DB NOT NULL 是 authority,identity.create_user; identity.update_user; identity.bulk_update_user_status; identity.change_password; identity.reset_user_password; identity.delete_user: 未按 23502 的 table_name/column_name 做本地 mapper；HTTP 异常进入 errors.py:76-79，全局 worker/内部路径仅失败,23502 当前 HTTP owner 全局 409 REVISION_CONFLICT / 数据约束冲突（不泄漏 DB）,users.account_type 缺失应由 contract-decision 批准字段级 4xx；未知 23502 default500，不能伪装 revision,identity.create_user; identity.update_user; identity.bulk_update_user_status; identity.change_password; identity.reset_user_password; identity.delete_user 的直接 command 顶层 Session（由 owner 负责 flush/commit/rollback）,真实 PostgreSQL NOT NULL sentinel：not_null:users.account_type；仅覆盖直接 owner identity.create_user; identity.update_user; identity.bulk_update_user_status; identity.change_password; identity.reset_user_password; identity.delete_user / operation createUser;updateUser;bulkUpdateUserStatus;changePassword;resetUserPassword;deleteUser；断言 diagnostics/HTTP 或 worker 失败边界、rollback、无 SUCCESS audit
not_null:users.created_at,users,created_at,NOT NULL,"backend/alembic/versions/0001_identity_audit.py:1-120 ; backend/app/models/identity.py:28-112 ; contracts/database.md:73-75,409-424",identity.create_user; identity.update_user; identity.bulk_update_user_status; identity.change_password; identity.reset_user_password; identity.delete_user,createUser;updateUser;bulkUpdateUserStatus;changePassword;resetUserPassword;deleteUser,identity.create_user; identity.update_user; identity.bulk_update_user_status; identity.change_password; identity.reset_user_password; identity.delete_user: 直接构造/修改为 users.created_at 提供值；未见独立 NOT NULL 预检，DB NOT NULL 是 authority,identity.create_user; identity.update_user; identity.bulk_update_user_status; identity.change_password; identity.reset_user_password; identity.delete_user: 未按 23502 的 table_name/column_name 做本地 mapper；HTTP 异常进入 errors.py:76-79，全局 worker/内部路径仅失败,23502 当前 HTTP owner 全局 409 REVISION_CONFLICT / 数据约束冲突（不泄漏 DB）,users.created_at 缺失应由 contract-decision 批准字段级 4xx；未知 23502 default500，不能伪装 revision,identity.create_user; identity.update_user; identity.bulk_update_user_status; identity.change_password; identity.reset_user_password; identity.delete_user 的直接 command 顶层 Session（由 owner 负责 flush/commit/rollback）,真实 PostgreSQL NOT NULL sentinel：not_null:users.created_at；仅覆盖直接 owner identity.create_user; identity.update_user; identity.bulk_update_user_status; identity.change_password; identity.reset_user_password; identity.delete_user / operation createUser;updateUser;bulkUpdateUserStatus;changePassword;resetUserPassword;deleteUser；断言 diagnostics/HTTP 或 worker 失败边界、rollback、无 SUCCESS audit
not_null:users.display_name,users,display_name,NOT NULL,"backend/alembic/versions/0001_identity_audit.py:1-120 ; backend/app/models/identity.py:28-112 ; contracts/database.md:73-75,409-424",identity.create_user; identity.update_user; identity.bulk_update_user_status; identity.change_password; identity.reset_user_password; identity.delete_user,createUser;updateUser;bulkUpdateUserStatus;changePassword;resetUserPassword;deleteUser,identity.create_user; identity.update_user; identity.bulk_update_user_status; identity.change_password; identity.reset_user_password; identity.delete_user: 直接构造/修改为 users.display_name 提供值；未见独立 NOT NULL 预检，DB NOT NULL 是 authority,identity.create_user; identity.update_user; identity.bulk_update_user_status; identity.change_password; identity.reset_user_password; identity.delete_user: 未按 23502 的 table_name/column_name 做本地 mapper；HTTP 异常进入 errors.py:76-79，全局 worker/内部路径仅失败,23502 当前 HTTP owner 全局 409 REVISION_CONFLICT / 数据约束冲突（不泄漏 DB）,users.display_name 缺失应由 contract-decision 批准字段级 4xx；未知 23502 default500，不能伪装 revision,identity.create_user; identity.update_user; identity.bulk_update_user_status; identity.change_password; identity.reset_user_password; identity.delete_user 的直接 command 顶层 Session（由 owner 负责 flush/commit/rollback）,真实 PostgreSQL NOT NULL sentinel：not_null:users.display_name；仅覆盖直接 owner identity.create_user; identity.update_user; identity.bulk_update_user_status; identity.change_password; identity.reset_user_password; identity.delete_user / operation createUser;updateUser;bulkUpdateUserStatus;changePassword;resetUserPassword;deleteUser；断言 diagnostics/HTTP 或 worker 失败边界、rollback、无 SUCCESS audit
not_null:users.id,users,id,NOT NULL,"backend/alembic/versions/0001_identity_audit.py:1-120 ; backend/app/models/identity.py:28-112 ; contracts/database.md:73-75,409-424",identity.create_user; identity.update_user; identity.bulk_update_user_status; identity.change_password; identity.reset_user_password; identity.delete_user,createUser;updateUser;bulkUpdateUserStatus;changePassword;resetUserPassword;deleteUser,identity.create_user; identity.update_user; identity.bulk_update_user_status; identity.change_password; identity.reset_user_password; identity.delete_user: 直接构造/修改为 users.id 提供值；未见独立 NOT NULL 预检，DB NOT NULL 是 authority,identity.create_user; identity.update_user; identity.bulk_update_user_status; identity.change_password; identity.reset_user_password; identity.delete_user: 未按 23502 的 table_name/column_name 做本地 mapper；HTTP 异常进入 errors.py:76-79，全局 worker/内部路径仅失败,23502 当前 HTTP owner 全局 409 REVISION_CONFLICT / 数据约束冲突（不泄漏 DB）,users.id 缺失应由 contract-decision 批准字段级 4xx；未知 23502 default500，不能伪装 revision,identity.create_user; identity.update_user; identity.bulk_update_user_status; identity.change_password; identity.reset_user_password; identity.delete_user 的直接 command 顶层 Session（由 owner 负责 flush/commit/rollback）,真实 PostgreSQL NOT NULL sentinel：not_null:users.id；仅覆盖直接 owner identity.create_user; identity.update_user; identity.bulk_update_user_status; identity.change_password; identity.reset_user_password; identity.delete_user / operation createUser;updateUser;bulkUpdateUserStatus;changePassword;resetUserPassword;deleteUser；断言 diagnostics/HTTP 或 worker 失败边界、rollback、无 SUCCESS audit
not_null:users.is_active,users,is_active,NOT NULL,"backend/alembic/versions/0001_identity_audit.py:1-120 ; backend/app/models/identity.py:28-112 ; contracts/database.md:73-75,409-424",identity.create_user; identity.update_user; identity.bulk_update_user_status; identity.change_password; identity.reset_user_password; identity.delete_user,createUser;updateUser;bulkUpdateUserStatus;changePassword;resetUserPassword;deleteUser,identity.create_user; identity.update_user; identity.bulk_update_user_status; identity.change_password; identity.reset_user_password; identity.delete_user: 直接构造/修改为 users.is_active 提供值；未见独立 NOT NULL 预检，DB NOT NULL 是 authority,identity.create_user; identity.update_user; identity.bulk_update_user_status; identity.change_password; identity.reset_user_password; identity.delete_user: 未按 23502 的 table_name/column_name 做本地 mapper；HTTP 异常进入 errors.py:76-79，全局 worker/内部路径仅失败,23502 当前 HTTP owner 全局 409 REVISION_CONFLICT / 数据约束冲突（不泄漏 DB）,users.is_active 缺失应由 contract-decision 批准字段级 4xx；未知 23502 default500，不能伪装 revision,identity.create_user; identity.update_user; identity.bulk_update_user_status; identity.change_password; identity.reset_user_password; identity.delete_user 的直接 command 顶层 Session（由 owner 负责 flush/commit/rollback）,真实 PostgreSQL NOT NULL sentinel：not_null:users.is_active；仅覆盖直接 owner identity.create_user; identity.update_user; identity.bulk_update_user_status; identity.change_password; identity.reset_user_password; identity.delete_user / operation createUser;updateUser;bulkUpdateUserStatus;changePassword;resetUserPassword;deleteUser；断言 diagnostics/HTTP 或 worker 失败边界、rollback、无 SUCCESS audit
not_null:users.must_change_password,users,must_change_password,NOT NULL,"backend/alembic/versions/0001_identity_audit.py:1-120 ; backend/app/models/identity.py:28-112 ; contracts/database.md:73-75,409-424",identity.create_user; identity.update_user; identity.bulk_update_user_status; identity.change_password; identity.reset_user_password; identity.delete_user,createUser;updateUser;bulkUpdateUserStatus;changePassword;resetUserPassword;deleteUser,identity.create_user; identity.update_user; identity.bulk_update_user_status; identity.change_password; identity.reset_user_password; identity.delete_user: 直接构造/修改为 users.must_change_password 提供值；未见独立 NOT NULL 预检，DB NOT NULL 是 authority,identity.create_user; identity.update_user; identity.bulk_update_user_status; identity.change_password; identity.reset_user_password; identity.delete_user: 未按 23502 的 table_name/column_name 做本地 mapper；HTTP 异常进入 errors.py:76-79，全局 worker/内部路径仅失败,23502 当前 HTTP owner 全局 409 REVISION_CONFLICT / 数据约束冲突（不泄漏 DB）,users.must_change_password 缺失应由 contract-decision 批准字段级 4xx；未知 23502 default500，不能伪装 revision,identity.create_user; identity.update_user; identity.bulk_update_user_status; identity.change_password; identity.reset_user_password; identity.delete_user 的直接 command 顶层 Session（由 owner 负责 flush/commit/rollback）,真实 PostgreSQL NOT NULL sentinel：not_null:users.must_change_password；仅覆盖直接 owner identity.create_user; identity.update_user; identity.bulk_update_user_status; identity.change_password; identity.reset_user_password; identity.delete_user / operation createUser;updateUser;bulkUpdateUserStatus;changePassword;resetUserPassword;deleteUser；断言 diagnostics/HTTP 或 worker 失败边界、rollback、无 SUCCESS audit
not_null:users.password_hash,users,password_hash,NOT NULL,"backend/alembic/versions/0001_identity_audit.py:1-120 ; backend/app/models/identity.py:28-112 ; contracts/database.md:73-75,409-424",identity.create_user; identity.update_user; identity.bulk_update_user_status; identity.change_password; identity.reset_user_password; identity.delete_user,createUser;updateUser;bulkUpdateUserStatus;changePassword;resetUserPassword;deleteUser,identity.create_user; identity.update_user; identity.bulk_update_user_status; identity.change_password; identity.reset_user_password; identity.delete_user: 直接构造/修改为 users.password_hash 提供值；未见独立 NOT NULL 预检，DB NOT NULL 是 authority,identity.create_user; identity.update_user; identity.bulk_update_user_status; identity.change_password; identity.reset_user_password; identity.delete_user: 未按 23502 的 table_name/column_name 做本地 mapper；HTTP 异常进入 errors.py:76-79，全局 worker/内部路径仅失败,23502 当前 HTTP owner 全局 409 REVISION_CONFLICT / 数据约束冲突（不泄漏 DB）,users.password_hash 缺失应由 contract-decision 批准字段级 4xx；未知 23502 default500，不能伪装 revision,identity.create_user; identity.update_user; identity.bulk_update_user_status; identity.change_password; identity.reset_user_password; identity.delete_user 的直接 command 顶层 Session（由 owner 负责 flush/commit/rollback）,真实 PostgreSQL NOT NULL sentinel：not_null:users.password_hash；仅覆盖直接 owner identity.create_user; identity.update_user; identity.bulk_update_user_status; identity.change_password; identity.reset_user_password; identity.delete_user / operation createUser;updateUser;bulkUpdateUserStatus;changePassword;resetUserPassword;deleteUser；断言 diagnostics/HTTP 或 worker 失败边界、rollback、无 SUCCESS audit
not_null:users.revision,users,revision,NOT NULL,"backend/alembic/versions/0001_identity_audit.py:1-120 ; backend/app/models/identity.py:28-112 ; contracts/database.md:73-75,409-424",identity.create_user; identity.update_user; identity.bulk_update_user_status; identity.change_password; identity.reset_user_password; identity.delete_user,createUser;updateUser;bulkUpdateUserStatus;changePassword;resetUserPassword;deleteUser,identity.create_user; identity.update_user; identity.bulk_update_user_status; identity.change_password; identity.reset_user_password; identity.delete_user: 直接构造/修改为 users.revision 提供值；未见独立 NOT NULL 预检，DB NOT NULL 是 authority,identity.create_user; identity.update_user; identity.bulk_update_user_status; identity.change_password; identity.reset_user_password; identity.delete_user: 未按 23502 的 table_name/column_name 做本地 mapper；HTTP 异常进入 errors.py:76-79，全局 worker/内部路径仅失败,23502 当前 HTTP owner 全局 409 REVISION_CONFLICT / 数据约束冲突（不泄漏 DB）,users.revision 缺失应由 contract-decision 批准字段级 4xx；未知 23502 default500，不能伪装 revision,identity.create_user; identity.update_user; identity.bulk_update_user_status; identity.change_password; identity.reset_user_password; identity.delete_user 的直接 command 顶层 Session（由 owner 负责 flush/commit/rollback）,真实 PostgreSQL NOT NULL sentinel：not_null:users.revision；仅覆盖直接 owner identity.create_user; identity.update_user; identity.bulk_update_user_status; identity.change_password; identity.reset_user_password; identity.delete_user / operation createUser;updateUser;bulkUpdateUserStatus;changePassword;resetUserPassword;deleteUser；断言 diagnostics/HTTP 或 worker 失败边界、rollback、无 SUCCESS audit
not_null:users.username,users,username,NOT NULL,"backend/alembic/versions/0001_identity_audit.py:1-120 ; backend/app/models/identity.py:28-112 ; contracts/database.md:73-75,409-424",identity.create_user; identity.update_user; identity.bulk_update_user_status; identity.change_password; identity.reset_user_password; identity.delete_user,createUser;updateUser;bulkUpdateUserStatus;changePassword;resetUserPassword;deleteUser,identity.create_user; identity.update_user; identity.bulk_update_user_status; identity.change_password; identity.reset_user_password; identity.delete_user: 直接构造/修改为 users.username 提供值；未见独立 NOT NULL 预检，DB NOT NULL 是 authority,identity.create_user; identity.update_user; identity.bulk_update_user_status; identity.change_password; identity.reset_user_password; identity.delete_user: 未按 23502 的 table_name/column_name 做本地 mapper；HTTP 异常进入 errors.py:76-79，全局 worker/内部路径仅失败,23502 当前 HTTP owner 全局 409 REVISION_CONFLICT / 数据约束冲突（不泄漏 DB）,users.username 缺失应由 contract-decision 批准字段级 4xx；未知 23502 default500，不能伪装 revision,identity.create_user; identity.update_user; identity.bulk_update_user_status; identity.change_password; identity.reset_user_password; identity.delete_user 的直接 command 顶层 Session（由 owner 负责 flush/commit/rollback）,真实 PostgreSQL NOT NULL sentinel：not_null:users.username；仅覆盖直接 owner identity.create_user; identity.update_user; identity.bulk_update_user_status; identity.change_password; identity.reset_user_password; identity.delete_user / operation createUser;updateUser;bulkUpdateUserStatus;changePassword;resetUserPassword;deleteUser；断言 diagnostics/HTTP 或 worker 失败边界、rollback、无 SUCCESS audit
audit_logs_append_only,audit_logs,UPDATE append-only,TRIGGER_OTHER,"backend/alembic/versions/0037_simplify_deletion_lifecycle.py:463; backend/app/models/identity.py:28-112; contracts/database.md:203-211,337,460",identity.delete_user（FK ON DELETE SET NULL 受保护 UPDATE）；非法直接 UPDATE（无正常 service command）,deleteUser;无 HTTP operationId（非法直接 UPDATE sentinel）,identity.delete_user 设置 partsignal.user_delete_id 后删除 users；FK ON DELETE SET NULL 触发受保护的 audit_logs.actor_id UPDATE。非法直接 UPDATE 不属于正常 service command，数据库 trigger 是最终 authority。,0037 migration 最终 trigger 为 BEFORE UPDATE，调用 partsignal_guard_audit_actor_user_delete；仅允许 pg_trigger_depth()>1、actor_id 置 NULL、user_delete_id 匹配的 FK 更新，否则 trigger RAISE。无 audit insert caller 属于该 trigger owner。,deleteUser 的受保护 FK UPDATE 正常完成；非法直接 UPDATE 无正常 HTTP operationId。0027 持久函数明确 RAISE USING ERRCODE = 55000，0037 最终 trigger 为 BEFORE UPDATE；真实 PostgreSQL sentinel 为 55000，不能据源码推断为 IntegrityError 或全局 409。,真实 PostgreSQL SQLSTATE 55000/trigger failure：非法直接 UPDATE 属于内部/数据库错误，HTTP 映射需 contract-decision required/default500；不得将 audit_logs_append_only 映射为 REVISION_CONFLICT。证据：backend/alembic/versions/0027_guard_audit_actor_user_delete.py:17-33 函数，backend/alembic/versions/0037_simplify_deletion_lifecycle.py:462-465 最终 trigger。,identity.delete_user HTTP command 顶层 Session 负责 user_delete_id、users DELETE 与 FK UPDATE；非法直接 UPDATE 无应用 transaction owner,真实 PostgreSQL trigger sentinel：audit_logs_append_only；deleteUser 验证 FK ON DELETE SET NULL 的受保护 actor_id 更新成功；独立 SQL UPDATE 验证 trigger failure 的真实 SQLSTATE 55000（0027 function + 0037 BEFORE UPDATE trigger）、事务 rollback，且不伪造 IntegrityError/409 或 SUCCESS audit
content_review_records_append_only,content_review_records,controlled append-only update/delete,TRIGGER_OTHER,"backend/alembic/versions/0037_simplify_deletion_lifecycle.py:260; backend/app/models/content.py:28-210; contracts/database.md:418,455",publication.permanently_delete_content_task,permanentlyDeleteContentTask,publication.permanently_delete_content_task: 直接写入/修改/删除链按该列或触发器语义执行；未见 content_review_records_append_only 专用预检，数据库 TRIGGER_OTHER 是 authority,publication.permanently_delete_content_task: 未见按 content_review_records_append_only 专用 diagnostics mapper；失败由最终 owner rollback，异常进入全局 handler（worker 则由独立 Session 处理）,HTTP owner 当前未捕获时全局 409 REVISION_CONFLICT / 数据约束冲突（不泄漏 DB）。,content_review_records_append_only：按 PostgreSQL diagnostics 精确映射；未批准领域 code 时 default500/contract-decision required，禁止错误文本映射。,publication.permanently_delete_content_task 的最终 flush/commit command 或独立 worker Session（间接 helper 不拥有事务）,真实 PostgreSQL TRIGGER_OTHER sentinel：content_review_records_append_only；仅覆盖直接 owner publication.permanently_delete_content_task / operation permanentlyDeleteContentTask；断言失败边界、rollback、无 SUCCESS audit
content_task_geo_sources_append_only,content_task_geo_sources,controlled source unlink only,TRIGGER_OTHER,"backend/alembic/versions/0037_simplify_deletion_lifecycle.py:278; backend/app/models/content.py:28-210; contracts/database.md:315,459",publication.permanently_delete_content_task,permanentlyDeleteContentTask,publication.permanently_delete_content_task: 直接写入/修改/删除链按该列或触发器语义执行；未见 content_task_geo_sources_append_only 专用预检，数据库 TRIGGER_OTHER 是 authority,publication.permanently_delete_content_task: 未见按 content_task_geo_sources_append_only 专用 diagnostics mapper；失败由最终 owner rollback，异常进入全局 handler（worker 则由独立 Session 处理）,HTTP owner 当前未捕获时全局 409 REVISION_CONFLICT / 数据约束冲突（不泄漏 DB）。,content_task_geo_sources_append_only：按 PostgreSQL diagnostics 精确映射；未批准领域 code 时 default500/contract-decision required，禁止错误文本映射。,publication.permanently_delete_content_task 的最终 flush/commit command 或独立 worker Session（间接 helper 不拥有事务）,真实 PostgreSQL TRIGGER_OTHER sentinel：content_task_geo_sources_append_only；仅覆盖直接 owner publication.permanently_delete_content_task / operation permanentlyDeleteContentTask；断言失败边界、rollback、无 SUCCESS audit
content_tasks_current_content_version_guard,content_tasks,current_content_version belongs to task,TRIGGER_OTHER,"backend/alembic/versions/0035_business_workflow_primary_tasks.py:341; backend/app/models/content.py:28-210; contracts/database.md:37,153-159,221-225,327-341,412,419,434-435",content_production._create_human_content←create_manual_content_version/create_content_revision; content_production.delete_content_draft; content_production.abandon_content_version; generation.process_generation_job; publication._delete_task_core←delete_content_task/permanently_delete_content_task,createManualContentVersion;createContentRevision;deleteContentDraft;abandonContentVersion;无 HTTP operationId（generation.process_generation_job worker）;deleteContentTask;permanentlyDeleteContentTask,content_production._create_human_content←create_manual_content_version/create_content_revision; content_production.delete_content_draft; content_production.abandon_content_version; generation.process_generation_job; publication._delete_task_core←delete_content_task/permanently_delete_content_task: 直接写入/修改/删除链按该列或触发器语义执行；未见 content_tasks_current_content_version_guard 专用预检，数据库 TRIGGER_OTHER 是 authority,content_production._create_human_content←create_manual_content_version/create_content_revision; content_production.delete_content_draft; content_production.abandon_content_version; generation.process_generation_job; publication._delete_task_core←delete_content_task/permanently_delete_content_task: 未见按 content_tasks_current_content_version_guard 专用 diagnostics mapper；SQL 约束/trigger 失败由 owner rollback，HTTP 进入 errors.py:76-79 全局 handler,HTTP owner 当前未捕获时进入全局 409 REVISION_CONFLICT；generation/process worker 无 HTTP 响应，失败由 worker Session rollback/记录。,content_tasks_current_content_version_guard：按 PostgreSQL diagnostics 精确映射；未批准领域 code 时 default500/contract-decision required，禁止错误文本映射。,content_production._create_human_content←create_manual_content_version/create_content_revision；content_production.delete_content_draft；content_production.abandon_content_version；generation.process_generation_job；publication._delete_task_core←delete_content_task/permanently_delete_content_task 的直接 command/worker 顶层 Session（间接 helper 不拥有事务；owner 负责 flush/commit/rollback）,真实 PostgreSQL TRIGGER_OTHER sentinel：content_tasks_current_content_version_guard；仅覆盖直接 owner content_production._create_human_content←create_manual_content_version/create_content_revision; content_production.delete_content_draft; content_production.abandon_content_version; generation.process_generation_job; publication._delete_task_core←delete_content_task/permanently_delete_content_task / operation createManualContentVersion;createContentRevision;deleteContentDraft;abandonContentVersion;无 HTTP operationId（generation.process_generation_job worker）;deleteContentTask;permanentlyDeleteContentTask；断言 diagnostics/HTTP 或 worker 失败边界、rollback、无 SUCCESS audit
content_tasks_platform_guard,content_tasks,platform identity immutable/controlled nulling,TRIGGER_OTHER,"backend/alembic/versions/0025_markdown_facts_direct_platform.py:453; backend/app/models/content.py:28-210; contracts/database.md:37,153-159,221-225,327-341,412,419,434-435",publication.permanently_delete_published_article,permanentlyDeletePublishedArticle,publication.permanently_delete_published_article: 直接写入/修改/删除链按该列或触发器语义执行；未见 content_tasks_platform_guard 专用预检，数据库 TRIGGER_OTHER 是 authority,publication.permanently_delete_published_article: 未见按 content_tasks_platform_guard 专用 diagnostics mapper；SQL 约束/trigger 失败由 owner rollback，HTTP 进入 errors.py:76-79 全局 handler,HTTP owner 当前未捕获时进入全局 409 REVISION_CONFLICT / 数据约束冲突（不泄漏 DB）。,content_tasks_platform_guard：按 PostgreSQL diagnostics 精确映射；未批准领域 code 时 default500/contract-decision required，禁止错误文本映射。,publication.permanently_delete_published_article 的直接 command/worker 顶层 Session（间接 helper 不拥有事务；owner 负责 flush/commit/rollback）,真实 PostgreSQL TRIGGER_OTHER sentinel：content_tasks_platform_guard；仅覆盖直接 owner publication.permanently_delete_published_article / operation permanentlyDeletePublishedArticle；断言 diagnostics/HTTP 或 worker 失败边界、rollback、无 SUCCESS audit
content_versions_delete_guard,content_versions,draft delete controlled task context,TRIGGER_OTHER,backend/alembic/versions/0040_content_draft_management.py:78-106; backend/app/models/content.py:91-150; contracts/database.md:418-421,content_production.delete_content_draft（DELETE）; publication._delete_task_core←delete_content_task/permanently_delete_content_task（DELETE）,deleteContentDraft;deleteContentTask;permanentlyDeleteContentTask,delete_content_draft校验DRAFT/引用/父链/current pointer并设置partsignal.content_version_delete_id；PN/PP设置partsignal.content_task_delete_id；trigger是最终authority。,trigger以SQLSTATE 55000失败，psycopg为OperationalError并由SQLAlchemy包装为OperationalError；不会命中全局IntegrityError handler。三个HTTP request均由get_db rollback。,非法DELETE当前走框架默认500，不是409 REVISION_CONFLICT；不泄漏数据库细节。,保持55000显式失败与默认500，除非后续批准专用业务4xx；禁止文本解析。,delete_content_draft、delete_content_task、permanently_delete_content_task分别持有request Session；_delete_task_core不提交。,真实PG：D合法草稿删除、PN/PP合法聚合删除；无/错GUC直接DELETE断言55000→OperationalError→HTTP500，失败时版本、task pointer、audit/tombstone保持原状。
content_versions_guard,content_versions,payload immutable/status transition,TRIGGER_OTHER,backend/alembic/versions/0040_content_draft_management.py:15-76; backend/app/models/content.py:91-150; contracts/database.md:418-421,content_production.update_content_draft（UPDATE payload/revision）; content_production.abandon_content_version（UPDATE status/revision）; review.transition_content_version（UPDATE status/revision）; publication._delete_task_core←delete_content_task/permanently_delete_content_task（UPDATE source_job_id=NULL）,updateContentDraft;abandonContentVersion;submitContentVersion;approveContentVersion;requestContentVersionChanges;deleteContentTask;permanentlyDeleteContentTask,U校验HUMAN/null job/current DRAFT/无review；A与review做状态/current门禁；PN/PP设置task GUC并保持updated_at。worker只INSERT，不是该BEFORE UPDATE trigger owner。,trigger以SQLSTATE55000失败，psycopg/SQLAlchemy包装为OperationalError；不会命中全局IntegrityError handler。各HTTP request由get_db rollback。,非法UPDATE当前走框架默认500，不是409 REVISION_CONFLICT；不泄漏数据库细节。,保持55000显式失败与默认500，除非按具体trigger分支批准专用业务4xx；禁止文本解析。,update_content_draft、abandon_content_version、review.transition_content_version、delete_content_task/permanently_delete_content_task各持有request Session；_delete_task_core不提交。,真实PG至少覆盖U合法payload及非法identity、A/review合法状态及非法跃迁、PN/PP合法NULL清理、无GUC非法source_job_id更新；断言55000→OperationalError→HTTP500及整笔回滚。
fact_review_records_append_only,fact_review_records,UPDATE/DELETE append-only,TRIGGER_OTHER,"backend/alembic/versions/0016_fact_review_cleanup.py:28; backend/app/models/product_facts.py:27-116; contracts/database.md:417,455",publication.permanently_delete_content_task,permanentlyDeleteContentTask,publication.permanently_delete_content_task: 直接写入/修改/删除链按该列或触发器语义执行；未见 fact_review_records_append_only 专用预检，数据库 TRIGGER_OTHER 是 authority,publication.permanently_delete_content_task: 未见按 fact_review_records_append_only 专用 diagnostics mapper；失败由最终 owner rollback，异常进入全局 handler（worker 则由独立 Session 处理）,HTTP owner 当前未捕获时全局 409 REVISION_CONFLICT / 数据约束冲突（不泄漏 DB）。,fact_review_records_append_only：按 PostgreSQL diagnostics 精确映射；未批准领域 code 时 default500/contract-decision required，禁止错误文本映射。,publication.permanently_delete_content_task 的最终 flush/commit command 或独立 worker Session（间接 helper 不拥有事务）,真实 PostgreSQL TRIGGER_OTHER sentinel：fact_review_records_append_only；仅覆盖直接 owner publication.permanently_delete_content_task / operation permanentlyDeleteContentTask；断言失败边界、rollback、无 SUCCESS audit
fact_versions_guard,fact_versions,approved/version payload immutable,TRIGGER_OTHER,"backend/alembic/versions/0002_product_facts.py:94; backend/app/models/product_facts.py:27-116; contracts/database.md:217,309,416-417",review.transition_fact_version,submitProductFactReview;approveFactVersion;requestFactVersionChanges;retireFactVersion,review.transition_fact_version: 直接写入/修改/删除链按该列或触发器语义执行；未见 fact_versions_guard 专用预检，数据库 TRIGGER_OTHER 是 authority,review.transition_fact_version: 未见按 fact_versions_guard 专用 diagnostics mapper；失败由最终 owner rollback，异常进入全局 handler（worker 则由独立 Session 处理）,HTTP owner 当前未捕获时全局 409 REVISION_CONFLICT / 数据约束冲突（不泄漏 DB）。,fact_versions_guard：按 PostgreSQL diagnostics 精确映射；未批准领域 code 时 default500/contract-decision required，禁止错误文本映射。,review.transition_fact_version 的最终 flush/commit command 或独立 worker Session（间接 helper 不拥有事务）,真实 PostgreSQL TRIGGER_OTHER sentinel：fact_versions_guard；仅覆盖直接 owner review.transition_fact_version / operation submitProductFactReview;approveFactVersion;requestFactVersionChanges;retireFactVersion；断言失败边界、rollback、无 SUCCESS audit
file_records_guard,file_records,metadata immutable/status transition,TRIGGER_OTHER,"backend/alembic/versions/0008_files.py:56; backend/app/models/geo_files.py:24-125; contracts/database.md:65-69,431-432",file_records.complete_file_upload; file_records.abort_file_upload; platform_logo_files.create_platform_logo_candidate; publication.permanently_delete_published_article; publication.permanently_delete_content_task,completeFileUpload;abortFileUpload;createPlatformLogoCandidate;permanentlyDeletePublishedArticle;permanentlyDeleteContentTask,file_records.complete_file_upload; file_records.abort_file_upload; platform_logo_files.create_platform_logo_candidate; publication.permanently_delete_published_article; publication.permanently_delete_content_task: 直接写入/修改/删除链按该列或触发器语义执行；未见 file_records_guard 专用预检，数据库 TRIGGER_OTHER 是 authority,file_records.complete_file_upload; file_records.abort_file_upload; platform_logo_files.create_platform_logo_candidate; publication.permanently_delete_published_article; publication.permanently_delete_content_task: 未见按 file_records_guard 专用 diagnostics mapper；失败由最终 owner rollback，异常进入全局 handler（worker 则由独立 Session 处理）,HTTP owner 当前未捕获时全局 409 REVISION_CONFLICT / 数据约束冲突（不泄漏 DB）。,file_records_guard：按 PostgreSQL diagnostics 精确映射；未批准领域 code 时 default500/contract-decision required，禁止错误文本映射。,file_records.complete_file_upload; file_records.abort_file_upload; platform_logo_files.create_platform_logo_candidate; publication.permanently_delete_published_article; publication.permanently_delete_content_task 的最终 flush/commit command 或独立 worker Session（间接 helper 不拥有事务）,真实 PostgreSQL TRIGGER_OTHER sentinel：file_records_guard；仅覆盖直接 owner file_records.complete_file_upload; file_records.abort_file_upload; platform_logo_files.create_platform_logo_candidate; publication.permanently_delete_published_article; publication.permanently_delete_content_task / operation completeFileUpload;abortFileUpload;createPlatformLogoCandidate;permanentlyDeletePublishedArticle;permanentlyDeleteContentTask；断言失败边界、rollback、无 SUCCESS audit
geo_observation_attachments_append_only,geo_observation_attachments,UPDATE append-only,TRIGGER_OTHER,"backend/alembic/versions/0037_simplify_deletion_lifecycle.py:350; backend/app/models/geo_files.py:24-125; contracts/database.md:69,267-269,432",geo_observation.delete_geo_observation; publication.permanently_delete_content_task,deleteGeoObservation;permanentlyDeleteContentTask,geo_observation.delete_geo_observation; publication.permanently_delete_content_task: 直接写入/修改/删除链按该约束列或触发器语义执行；未见 geo_observation_attachments_append_only 专用预检，数据库 TRIGGER_OTHER 是 authority,geo_observation.delete_geo_observation; publication.permanently_delete_content_task: 未见按 geo_observation_attachments_append_only 专用 diagnostics mapper；失败由最终 owner rollback，异常进入全局 handler（worker 则由独立 Session 处理）,HTTP owner 当前未捕获时全局 409 REVISION_CONFLICT / 数据约束冲突（不泄漏 DB）。,geo_observation_attachments_append_only：按 PostgreSQL diagnostics 精确映射；未批准领域 code 时 default500/contract-decision required，禁止错误文本映射。,geo_observation.delete_geo_observation; publication.permanently_delete_content_task 的最终 flush/commit command 或独立 worker Session（间接 helper 不拥有事务）,真实 PostgreSQL TRIGGER_OTHER sentinel：geo_observation_attachments_append_only；仅覆盖直接 owner geo_observation.delete_geo_observation; publication.permanently_delete_content_task / operation deleteGeoObservation;permanentlyDeleteContentTask；断言失败边界、rollback、无 SUCCESS audit
geo_observation_attachments_verified_file,geo_observation_attachments,linked file must be VERIFIED,TRIGGER_OTHER,"backend/alembic/versions/0008_files.py:81; backend/app/models/geo_files.py:24-125; contracts/database.md:69,267-269,432",geo_observation.create_geo_observation,createGeoObservation,geo_observation.create_geo_observation: 直接写入/修改/删除链按该约束列或触发器语义执行；未见 geo_observation_attachments_verified_file 专用预检，数据库 TRIGGER_OTHER 是 authority,geo_observation.create_geo_observation: 未见按 geo_observation_attachments_verified_file 专用 diagnostics mapper；失败由最终 owner rollback，异常进入全局 handler（worker 则由独立 Session 处理）,HTTP owner 当前未捕获时全局 409 REVISION_CONFLICT / 数据约束冲突（不泄漏 DB）。,geo_observation_attachments_verified_file：按 PostgreSQL diagnostics 精确映射；未批准领域 code 时 default500/contract-decision required，禁止错误文本映射。,geo_observation.create_geo_observation 的最终 flush/commit command 或独立 worker Session（间接 helper 不拥有事务）,真实 PostgreSQL TRIGGER_OTHER sentinel：geo_observation_attachments_verified_file；仅覆盖直接 owner geo_observation.create_geo_observation / operation createGeoObservation；断言失败边界、rollback、无 SUCCESS audit
geo_observation_citations_append_only,geo_observation_citations,UPDATE append-only/controlled unlink,TRIGGER_OTHER,"backend/alembic/versions/0037_simplify_deletion_lifecycle.py:343; backend/app/models/geo_files.py:24-125; contracts/database.md:305,333,457-458",geo_observation.delete_geo_observation; publication.permanently_delete_content_task,deleteGeoObservation;permanentlyDeleteContentTask,geo_observation.delete_geo_observation; publication.permanently_delete_content_task: 直接写入/修改/删除链按该约束列或触发器语义执行；未见 geo_observation_citations_append_only 专用预检，数据库 TRIGGER_OTHER 是 authority,geo_observation.delete_geo_observation; publication.permanently_delete_content_task: 未见按 geo_observation_citations_append_only 专用 diagnostics mapper；失败由最终 owner rollback，异常进入全局 handler（worker 则由独立 Session 处理）,HTTP owner 当前未捕获时全局 409 REVISION_CONFLICT / 数据约束冲突（不泄漏 DB）。,geo_observation_citations_append_only：按 PostgreSQL diagnostics 精确映射；未批准领域 code 时 default500/contract-decision required，禁止错误文本映射。,geo_observation.delete_geo_observation; publication.permanently_delete_content_task 的最终 flush/commit command 或独立 worker Session（间接 helper 不拥有事务）,真实 PostgreSQL TRIGGER_OTHER sentinel：geo_observation_citations_append_only；仅覆盖直接 owner geo_observation.delete_geo_observation; publication.permanently_delete_content_task / operation deleteGeoObservation;permanentlyDeleteContentTask；断言失败边界、rollback、无 SUCCESS audit
geo_observation_publications_append_only,geo_observation_publications,UPDATE append-only,TRIGGER_OTHER,"backend/alembic/versions/0037_simplify_deletion_lifecycle.py:347; backend/app/models/geo_files.py:24-125; contracts/database.md:305,333,457-458",geo_observation.delete_geo_observation; publication.permanently_delete_content_task,deleteGeoObservation;permanentlyDeleteContentTask,geo_observation.delete_geo_observation; publication.permanently_delete_content_task: 直接写入/修改/删除链按该约束列或触发器语义执行；未见 geo_observation_publications_append_only 专用预检，数据库 TRIGGER_OTHER 是 authority,geo_observation.delete_geo_observation; publication.permanently_delete_content_task: 未见按 geo_observation_publications_append_only 专用 diagnostics mapper；失败由最终 owner rollback，异常进入全局 handler（worker 则由独立 Session 处理）,HTTP owner 当前未捕获时全局 409 REVISION_CONFLICT / 数据约束冲突（不泄漏 DB）。,geo_observation_publications_append_only：按 PostgreSQL diagnostics 精确映射；未批准领域 code 时 default500/contract-decision required，禁止错误文本映射。,geo_observation.delete_geo_observation; publication.permanently_delete_content_task 的最终 flush/commit command 或独立 worker Session（间接 helper 不拥有事务）,真实 PostgreSQL TRIGGER_OTHER sentinel：geo_observation_publications_append_only；仅覆盖直接 owner geo_observation.delete_geo_observation; publication.permanently_delete_content_task / operation deleteGeoObservation;permanentlyDeleteContentTask；断言失败边界、rollback、无 SUCCESS audit
geo_observation_publications_article_result_guard,geo_observation_publications,article result belongs to observation/product,TRIGGER_OTHER,"backend/alembic/versions/0034_publication_workflow_redesign.py:655; backend/app/models/geo_files.py:24-125; contracts/database.md:305,333,457-458",geo_observation.create_geo_observation,createGeoObservation,geo_observation.create_geo_observation: 直接写入/修改/删除链按该约束列或触发器语义执行；未见 geo_observation_publications_article_result_guard 专用预检，数据库 TRIGGER_OTHER 是 authority,geo_observation.create_geo_observation: 未见按 geo_observation_publications_article_result_guard 专用 diagnostics mapper；失败由最终 owner rollback，异常进入全局 handler（worker 则由独立 Session 处理）,HTTP owner 当前未捕获时全局 409 REVISION_CONFLICT / 数据约束冲突（不泄漏 DB）。,geo_observation_publications_article_result_guard：按 PostgreSQL diagnostics 精确映射；未批准领域 code 时 default500/contract-decision required，禁止错误文本映射。,geo_observation.create_geo_observation 的最终 flush/commit command 或独立 worker Session（间接 helper 不拥有事务）,真实 PostgreSQL TRIGGER_OTHER sentinel：geo_observation_publications_article_result_guard；仅覆盖直接 owner geo_observation.create_geo_observation / operation createGeoObservation；断言失败边界、rollback、无 SUCCESS audit
geo_observations_append_only,geo_observations,UPDATE append-only,TRIGGER_OTHER,"backend/alembic/versions/0037_simplify_deletion_lifecycle.py:339; backend/app/models/geo_files.py:24-125; contracts/database.md:63,185,457-459",geo_observation.delete_geo_observation; publication.permanently_delete_content_task,deleteGeoObservation;permanentlyDeleteContentTask,geo_observation.delete_geo_observation; publication.permanently_delete_content_task: 直接写入/修改/删除链按该约束列或触发器语义执行；未见 geo_observations_append_only 专用预检，数据库 TRIGGER_OTHER 是 authority,geo_observation.delete_geo_observation; publication.permanently_delete_content_task: 未见按 geo_observations_append_only 专用 diagnostics mapper；失败由最终 owner rollback，异常进入全局 handler（worker 则由独立 Session 处理）,HTTP owner 当前未捕获时全局 409 REVISION_CONFLICT / 数据约束冲突（不泄漏 DB）。,geo_observations_append_only：按 PostgreSQL diagnostics 精确映射；未批准领域 code 时 default500/contract-decision required，禁止错误文本映射。,geo_observation.delete_geo_observation; publication.permanently_delete_content_task 的最终 flush/commit command 或独立 worker Session（间接 helper 不拥有事务）,真实 PostgreSQL TRIGGER_OTHER sentinel：geo_observations_append_only；仅覆盖直接 owner geo_observation.delete_geo_observation; publication.permanently_delete_content_task / operation deleteGeoObservation;permanentlyDeleteContentTask；断言失败边界、rollback、无 SUCCESS audit
platform_profiles_prepare_delete,platform_profiles,delete only with approved context,TRIGGER_OTHER,"backend/alembic/versions/0037_simplify_deletion_lifecycle.py:451; backend/app/models/configuration.py:26-125; contracts/database.md:193-201,221-225,431",platform_configuration.delete_platform_profile; publication.permanently_delete_content_task,deletePlatformProfile;permanentlyDeleteContentTask,platform_configuration.delete_platform_profile; publication.permanently_delete_content_task: 直接写入/修改/删除链按该约束列或触发器语义执行；未见 platform_profiles_prepare_delete 专用预检，数据库 TRIGGER_OTHER 是 authority,platform_configuration.delete_platform_profile; publication.permanently_delete_content_task: 未见按 platform_profiles_prepare_delete 专用 diagnostics mapper；失败由最终 owner rollback，异常进入全局 handler（worker 则由独立 Session 处理）,HTTP owner 当前未捕获时全局 409 REVISION_CONFLICT / 数据约束冲突（不泄漏 DB）。,platform_profiles_prepare_delete：按 PostgreSQL diagnostics 精确映射；未批准领域 code 时 default500/contract-decision required，禁止错误文本映射。,platform_configuration.delete_platform_profile; publication.permanently_delete_content_task 的最终 flush/commit command 或独立 worker Session（间接 helper 不拥有事务）,真实 PostgreSQL TRIGGER_OTHER sentinel：platform_profiles_prepare_delete；仅覆盖直接 owner platform_configuration.delete_platform_profile; publication.permanently_delete_content_task / operation deletePlatformProfile;permanentlyDeleteContentTask；断言失败边界、rollback、无 SUCCESS audit
platform_profiles_require_logo_file,platform_profiles,linked logo must be VERIFIED,TRIGGER_OTHER,"backend/alembic/versions/0028_platform_logo_lifecycle.py:132; backend/app/models/configuration.py:26-125; contracts/database.md:193-201,221-225,431",content_planning.create_platform_profile; platform_configuration.update_platform_profile,createPlatformProfile;updatePlatformProfile,content_planning.create_platform_profile; platform_configuration.update_platform_profile: 直接写入/修改/删除链按该约束列或触发器语义执行；未见 platform_profiles_require_logo_file 专用预检，数据库 TRIGGER_OTHER 是 authority,content_planning.create_platform_profile; platform_configuration.update_platform_profile: 未见按 platform_profiles_require_logo_file 专用 diagnostics mapper；失败由最终 owner rollback，异常进入全局 handler（worker 则由独立 Session 处理）,HTTP owner 当前未捕获时全局 409 REVISION_CONFLICT / 数据约束冲突（不泄漏 DB）。,platform_profiles_require_logo_file：按 PostgreSQL diagnostics 精确映射；未批准领域 code 时 default500/contract-decision required，禁止错误文本映射。,content_planning.create_platform_profile; platform_configuration.update_platform_profile 的最终 flush/commit command 或独立 worker Session（间接 helper 不拥有事务）,真实 PostgreSQL TRIGGER_OTHER sentinel：platform_profiles_require_logo_file；仅覆盖直接 owner content_planning.create_platform_profile; platform_configuration.update_platform_profile / operation createPlatformProfile;updatePlatformProfile；断言失败边界、rollback、无 SUCCESS audit
products_identity_guard,products,identity immutable after facts exist,TRIGGER_OTHER,"backend/alembic/versions/0002_product_facts.py:113; backend/app/models/product_facts.py:27-116; contracts/database.md:217,411,415",product_facts.create_product; product_facts.update_product,createProduct;updateProduct,product_facts.create_product; product_facts.update_product: 应用层业务门禁/受控删除仅作优化；products_identity_guard 的数据库 trigger 是最终 authority,products_identity_guard 由 PostgreSQL trigger 执行 RAISE；当前无按 trigger 名称的 service mapper，异常由上述 owner 处理,HTTP owner 当前未捕获时进入统一边界 409 REVISION_CONFLICT；无 HTTP 的 worker/内部路径只记录 SQLSTATE 并失败，不生成 HTTP 响应,按 products_identity_guard 的业务语义审批专用 4xx 或 default500；必须按 SQLSTATE/owner 处理，禁止错误文本映射,product_facts.create_product; product_facts.update_product 的直接 caller/worker Session；trigger 失败必须回滚整笔 aggregate transaction,真实 PostgreSQL products_identity_guard sentinel；覆盖 createProduct;updateProduct；分别断言 SQLSTATE、HTTP/worker 失败边界、rollback、无 SUCCESS audit
publication_attachments_append_only,publication_attachments,UPDATE/DELETE append-only,TRIGGER_OTHER,"backend/alembic/versions/0034_publication_workflow_redesign.py:600; backend/app/models/publication.py:28-290; contracts/database.md:299,305,432,453",publication.permanently_delete_published_article; publication.permanently_delete_content_task,permanentlyDeletePublishedArticle;permanentlyDeleteContentTask,publication.permanently_delete_published_article; publication.permanently_delete_content_task: 直接写入/修改/删除链按该列或触发器语义执行；未见 publication_attachments_append_only 专用预检，数据库 TRIGGER_OTHER 是 authority,publication.permanently_delete_published_article; publication.permanently_delete_content_task: 未见按 publication_attachments_append_only 专用 diagnostics mapper；失败由最终 owner rollback，异常进入全局 handler（worker 则由独立 Session 处理）,HTTP owner 当前未捕获时全局 409 REVISION_CONFLICT / 数据约束冲突（不泄漏 DB）。,publication_attachments_append_only：按 PostgreSQL diagnostics 精确映射；未批准领域 code 时 default500/contract-decision required，禁止错误文本映射。,publication.permanently_delete_published_article; publication.permanently_delete_content_task 的最终 flush/commit command 或独立 worker Session（间接 helper 不拥有事务）,真实 PostgreSQL TRIGGER_OTHER sentinel：publication_attachments_append_only；仅覆盖直接 owner publication.permanently_delete_published_article; publication.permanently_delete_content_task / operation permanentlyDeletePublishedArticle;permanentlyDeleteContentTask；断言失败边界、rollback、无 SUCCESS audit
publication_attachments_delete_guard,publication_attachments,controlled delete context,TRIGGER_OTHER,"backend/alembic/versions/0038_published_article_delete.py:101; backend/app/models/publication.py:28-290; contracts/database.md:299,305,432,453",publication.permanently_delete_published_article; publication.permanently_delete_content_task,permanentlyDeletePublishedArticle;permanentlyDeleteContentTask,publication.permanently_delete_published_article; publication.permanently_delete_content_task: 直接写入/修改/删除链按该列或触发器语义执行；未见 publication_attachments_delete_guard 专用预检，数据库 TRIGGER_OTHER 是 authority,publication.permanently_delete_published_article; publication.permanently_delete_content_task: 未见按 publication_attachments_delete_guard 专用 diagnostics mapper；失败由最终 owner rollback，异常进入全局 handler（worker 则由独立 Session 处理）,HTTP owner 当前未捕获时全局 409 REVISION_CONFLICT / 数据约束冲突（不泄漏 DB）。,publication_attachments_delete_guard：按 PostgreSQL diagnostics 精确映射；未批准领域 code 时 default500/contract-decision required，禁止错误文本映射。,publication.permanently_delete_published_article; publication.permanently_delete_content_task 的最终 flush/commit command 或独立 worker Session（间接 helper 不拥有事务）,真实 PostgreSQL TRIGGER_OTHER sentinel：publication_attachments_delete_guard；仅覆盖直接 owner publication.permanently_delete_published_article; publication.permanently_delete_content_task / operation permanentlyDeletePublishedArticle;permanentlyDeleteContentTask；断言失败边界、rollback、无 SUCCESS audit
publication_attachments_verified_file,publication_attachments,linked file must be VERIFIED,TRIGGER_OTHER,"backend/alembic/versions/0034_publication_workflow_redesign.py:603; backend/app/models/publication.py:28-290; contracts/database.md:299,305,432,453",publication.create_publication_work,createPublicationWork,publication.create_publication_work: 直接写入/修改/删除链按该列或触发器语义执行；未见 publication_attachments_verified_file 专用预检，数据库 TRIGGER_OTHER 是 authority,publication.create_publication_work: 未见按 publication_attachments_verified_file 专用 diagnostics mapper；失败由最终 owner rollback，异常进入全局 handler（worker 则由独立 Session 处理）,HTTP owner 当前未捕获时全局 409 REVISION_CONFLICT / 数据约束冲突（不泄漏 DB）。,publication_attachments_verified_file：按 PostgreSQL diagnostics 精确映射；未批准领域 code 时 default500/contract-decision required，禁止错误文本映射。,publication.create_publication_work 的最终 flush/commit command 或独立 worker Session（间接 helper 不拥有事务）,真实 PostgreSQL TRIGGER_OTHER sentinel：publication_attachments_verified_file；仅覆盖直接 owner publication.create_publication_work / operation createPublicationWork；断言失败边界、rollback、无 SUCCESS audit
publication_verifications_append_only,publication_verifications,UPDATE/DELETE append-only,TRIGGER_OTHER,"backend/alembic/versions/0037_simplify_deletion_lifecycle.py:296; backend/app/models/publication.py:28-290; contracts/database.md:303,448-451",publication.permanently_delete_published_article; publication.permanently_delete_content_task,permanentlyDeletePublishedArticle;permanentlyDeleteContentTask,publication.permanently_delete_published_article; publication.permanently_delete_content_task: 直接写入/修改/删除链按该列或触发器语义执行；未见 publication_verifications_append_only 专用预检，数据库 TRIGGER_OTHER 是 authority,publication.permanently_delete_published_article; publication.permanently_delete_content_task: 未见按 publication_verifications_append_only 专用 diagnostics mapper；失败由最终 owner rollback，异常进入全局 handler（worker 则由独立 Session 处理）,HTTP owner 当前未捕获时全局 409 REVISION_CONFLICT / 数据约束冲突（不泄漏 DB）。,publication_verifications_append_only：按 PostgreSQL diagnostics 精确映射；未批准领域 code 时 default500/contract-decision required，禁止错误文本映射。,publication.permanently_delete_published_article; publication.permanently_delete_content_task 的最终 flush/commit command 或独立 worker Session（间接 helper 不拥有事务）,真实 PostgreSQL TRIGGER_OTHER sentinel：publication_verifications_append_only；仅覆盖直接 owner publication.permanently_delete_published_article; publication.permanently_delete_content_task / operation permanentlyDeletePublishedArticle;permanentlyDeleteContentTask；断言失败边界、rollback、无 SUCCESS audit
publication_verifications_delete_guard,publication_verifications,controlled delete context,TRIGGER_OTHER,"backend/alembic/versions/0038_published_article_delete.py:92; backend/app/models/publication.py:28-290; contracts/database.md:303,448-451",publication.permanently_delete_published_article; publication.permanently_delete_content_task,permanentlyDeletePublishedArticle;permanentlyDeleteContentTask,publication.permanently_delete_published_article; publication.permanently_delete_content_task: 直接写入/修改/删除链按该列或触发器语义执行；未见 publication_verifications_delete_guard 专用预检，数据库 TRIGGER_OTHER 是 authority,publication.permanently_delete_published_article; publication.permanently_delete_content_task: 未见按 publication_verifications_delete_guard 专用 diagnostics mapper；失败由最终 owner rollback，异常进入全局 handler（worker 则由独立 Session 处理）,HTTP owner 当前未捕获时全局 409 REVISION_CONFLICT / 数据约束冲突（不泄漏 DB）。,publication_verifications_delete_guard：按 PostgreSQL diagnostics 精确映射；未批准领域 code 时 default500/contract-decision required，禁止错误文本映射。,publication.permanently_delete_published_article; publication.permanently_delete_content_task 的最终 flush/commit command 或独立 worker Session（间接 helper 不拥有事务）,真实 PostgreSQL TRIGGER_OTHER sentinel：publication_verifications_delete_guard；仅覆盖直接 owner publication.permanently_delete_published_article; publication.permanently_delete_content_task / operation permanentlyDeletePublishedArticle;permanentlyDeleteContentTask；断言失败边界、rollback、无 SUCCESS audit
publication_verifications_validate_insert,publication_verifications,verification snapshot matches work,TRIGGER_OTHER,"backend/alembic/versions/0034_publication_workflow_redesign.py:460; backend/app/models/publication.py:28-290; contracts/database.md:303,448-451",publication.verify_publication_work,verifyPublicationWork,publication.verify_publication_work: 直接写入/修改/删除链按该列或触发器语义执行；未见 publication_verifications_validate_insert 专用预检，数据库 TRIGGER_OTHER 是 authority,publication.verify_publication_work: 未见按 publication_verifications_validate_insert 专用 diagnostics mapper；失败由最终 owner rollback，异常进入全局 handler（worker 则由独立 Session 处理）,HTTP owner 当前未捕获时全局 409 REVISION_CONFLICT / 数据约束冲突（不泄漏 DB）。,publication_verifications_validate_insert：按 PostgreSQL diagnostics 精确映射；未批准领域 code 时 default500/contract-decision required，禁止错误文本映射。,publication.verify_publication_work 的最终 flush/commit command 或独立 worker Session（间接 helper 不拥有事务）,真实 PostgreSQL TRIGGER_OTHER sentinel：publication_verifications_validate_insert；仅覆盖直接 owner publication.verify_publication_work / operation verifyPublicationWork；断言失败边界、rollback、无 SUCCESS audit
publication_work_events_append_only,publication_work_events,UPDATE/DELETE append-only,TRIGGER_OTHER,"backend/alembic/versions/0037_simplify_deletion_lifecycle.py:292; backend/app/models/publication.py:28-290; contracts/database.md:303,313,448,453",publication.permanently_delete_published_article; publication.permanently_delete_content_task,permanentlyDeletePublishedArticle;permanentlyDeleteContentTask,publication.permanently_delete_published_article; publication.permanently_delete_content_task: 直接写入/修改/删除链按该列或触发器语义执行；未见 publication_work_events_append_only 专用预检，数据库 TRIGGER_OTHER 是 authority,publication.permanently_delete_published_article; publication.permanently_delete_content_task: 未见按 publication_work_events_append_only 专用 diagnostics mapper；失败由最终 owner rollback，异常进入全局 handler（worker 则由独立 Session 处理）,HTTP owner 当前未捕获时全局 409 REVISION_CONFLICT / 数据约束冲突（不泄漏 DB）。,publication_work_events_append_only：按 PostgreSQL diagnostics 精确映射；未批准领域 code 时 default500/contract-decision required，禁止错误文本映射。,publication.permanently_delete_published_article; publication.permanently_delete_content_task 的最终 flush/commit command 或独立 worker Session（间接 helper 不拥有事务）,真实 PostgreSQL TRIGGER_OTHER sentinel：publication_work_events_append_only；仅覆盖直接 owner publication.permanently_delete_published_article; publication.permanently_delete_content_task / operation permanentlyDeletePublishedArticle;permanentlyDeleteContentTask；断言失败边界、rollback、无 SUCCESS audit
publication_work_events_delete_guard,publication_work_events,controlled delete context,TRIGGER_OTHER,"backend/alembic/versions/0038_published_article_delete.py:89; backend/app/models/publication.py:28-290; contracts/database.md:303,313,448,453",publication.permanently_delete_published_article; publication.permanently_delete_content_task,permanentlyDeletePublishedArticle;permanentlyDeleteContentTask,publication.permanently_delete_published_article; publication.permanently_delete_content_task: 直接写入/修改/删除链按该列或触发器语义执行；未见 publication_work_events_delete_guard 专用预检，数据库 TRIGGER_OTHER 是 authority,publication.permanently_delete_published_article; publication.permanently_delete_content_task: 未见按 publication_work_events_delete_guard 专用 diagnostics mapper；失败由最终 owner rollback，异常进入全局 handler（worker 则由独立 Session 处理）,HTTP owner 当前未捕获时全局 409 REVISION_CONFLICT / 数据约束冲突（不泄漏 DB）。,publication_work_events_delete_guard：按 PostgreSQL diagnostics 精确映射；未批准领域 code 时 default500/contract-decision required，禁止错误文本映射。,publication.permanently_delete_published_article; publication.permanently_delete_content_task 的最终 flush/commit command 或独立 worker Session（间接 helper 不拥有事务）,真实 PostgreSQL TRIGGER_OTHER sentinel：publication_work_events_delete_guard；仅覆盖直接 owner publication.permanently_delete_published_article; publication.permanently_delete_content_task / operation permanentlyDeletePublishedArticle;permanentlyDeleteContentTask；断言失败边界、rollback、无 SUCCESS audit
publication_works_delete_guard,publication_works,controlled delete context,TRIGGER_OTHER,"backend/alembic/versions/0038_published_article_delete.py:86; backend/app/models/publication.py:28-290; contracts/database.md:329,333,434-448",publication.permanently_delete_published_article; publication.permanently_delete_content_task,permanentlyDeletePublishedArticle;permanentlyDeleteContentTask,publication.permanently_delete_published_article; publication.permanently_delete_content_task: 应用层业务门禁/受控删除仅作优化；publication_works_delete_guard 的数据库 trigger 是最终 authority,publication_works_delete_guard 由 PostgreSQL trigger 执行 RAISE；当前无按 trigger 名称的 service mapper，异常由上述 owner 处理,HTTP owner 当前未捕获时进入统一边界 409 REVISION_CONFLICT；无 HTTP 的 worker/内部路径只记录 SQLSTATE 并失败，不生成 HTTP 响应,按 publication_works_delete_guard 的业务语义审批专用 4xx 或 default500；必须按 SQLSTATE/owner 处理，禁止错误文本映射,publication.permanently_delete_published_article; publication.permanently_delete_content_task 的直接 caller/worker Session；trigger 失败必须回滚整笔 aggregate transaction,真实 PostgreSQL publication_works_delete_guard sentinel；覆盖 permanentlyDeletePublishedArticle;permanentlyDeleteContentTask；分别断言 SQLSTATE、HTTP/worker 失败边界、rollback、无 SUCCESS audit
publication_works_guard,publication_works,identity immutable/status transition,TRIGGER_OTHER,"backend/alembic/versions/0043_geo_insight_platform_identity.py:156; backend/app/models/publication.py:28-290; contracts/database.md:329,333,434-448",publication.update_publication_preparation; publication.mark_publication_platform_review; publication.register_publication_result; publication.switch_publication_content_version; publication.verify_publication_work; publication.close_publication_work,updatePublicationPreparation;markPublicationPlatformReview;registerPublicationResult;switchPublicationContentVersion;verifyPublicationWork;closePublicationWork,publication.update_publication_preparation; publication.mark_publication_platform_review; publication.register_publication_result; publication.switch_publication_content_version; publication.verify_publication_work; publication.close_publication_work: 应用层业务门禁/受控删除仅作优化；publication_works_guard 的数据库 trigger 是最终 authority,publication_works_guard 由 PostgreSQL trigger 执行 RAISE；当前无按 trigger 名称的 service mapper，异常由上述 owner 处理,HTTP owner 当前未捕获时进入统一边界 409 REVISION_CONFLICT；无 HTTP 的 worker/内部路径只记录 SQLSTATE 并失败，不生成 HTTP 响应,按 publication_works_guard 的业务语义审批专用 4xx 或 default500；必须按 SQLSTATE/owner 处理，禁止错误文本映射,publication.update_publication_preparation; publication.mark_publication_platform_review; publication.register_publication_result; publication.switch_publication_content_version; publication.verify_publication_work; publication.close_publication_work 的直接 caller/worker Session；trigger 失败必须回滚整笔 aggregate transaction,真实 PostgreSQL publication_works_guard sentinel；覆盖 updatePublicationPreparation;markPublicationPlatformReview;registerPublicationResult;switchPublicationContentVersion;verifyPublicationWork;closePublicationWork；分别断言 SQLSTATE、HTTP/worker 失败边界、rollback、无 SUCCESS audit
publication_works_validate_insert,publication_works,new work context/status qualifies,TRIGGER_OTHER,"backend/alembic/versions/0034_publication_workflow_redesign.py:386; backend/app/models/publication.py:28-290; contracts/database.md:329,333,434-448",publication.create_publication_work,createPublicationWork,publication.create_publication_work: 应用层业务门禁/受控删除仅作优化；publication_works_validate_insert 的数据库 trigger 是最终 authority,publication_works_validate_insert 由 PostgreSQL trigger 执行 RAISE；当前无按 trigger 名称的 service mapper，异常由上述 owner 处理,HTTP owner 当前未捕获时进入统一边界 409 REVISION_CONFLICT；无 HTTP 的 worker/内部路径只记录 SQLSTATE 并失败，不生成 HTTP 响应,按 publication_works_validate_insert 的业务语义审批专用 4xx 或 default500；必须按 SQLSTATE/owner 处理，禁止错误文本映射,publication.create_publication_work 的直接 caller/worker Session；trigger 失败必须回滚整笔 aggregate transaction,真实 PostgreSQL publication_works_validate_insert sentinel；覆盖 createPublicationWork；分别断言 SQLSTATE、HTTP/worker 失败边界、rollback、无 SUCCESS audit
publication_works_validate_platform_snapshot,publication_works,platform snapshot equals live identity,TRIGGER_OTHER,"backend/alembic/versions/0043_geo_insight_platform_identity.py:149; backend/app/models/publication.py:28-290; contracts/database.md:329,333,434-448",publication.create_publication_work,createPublicationWork,publication.create_publication_work: 应用层业务门禁/受控删除仅作优化；publication_works_validate_platform_snapshot 的数据库 trigger 是最终 authority,publication_works_validate_platform_snapshot 由 PostgreSQL trigger 执行 RAISE；当前无按 trigger 名称的 service mapper，异常由上述 owner 处理,HTTP owner 当前未捕获时进入统一边界 409 REVISION_CONFLICT；无 HTTP 的 worker/内部路径只记录 SQLSTATE 并失败，不生成 HTTP 响应,按 publication_works_validate_platform_snapshot 的业务语义审批专用 4xx 或 default500；必须按 SQLSTATE/owner 处理，禁止错误文本映射,publication.create_publication_work 的直接 caller/worker Session；trigger 失败必须回滚整笔 aggregate transaction,真实 PostgreSQL publication_works_validate_platform_snapshot sentinel；覆盖 createPublicationWork；分别断言 SQLSTATE、HTTP/worker 失败边界、rollback、无 SUCCESS audit
published_articles_append_only,published_articles,UPDATE/DELETE append-only,TRIGGER_OTHER,"backend/alembic/versions/0037_simplify_deletion_lifecycle.py:300; backend/app/models/publication.py:28-290; contracts/database.md:303,451-453",publication.permanently_delete_published_article; publication.permanently_delete_content_task,permanentlyDeletePublishedArticle;permanentlyDeleteContentTask,publication.permanently_delete_published_article; publication.permanently_delete_content_task: 直接写入/修改/删除链按该列或触发器语义执行；未见 published_articles_append_only 专用预检，数据库 TRIGGER_OTHER 是 authority,publication.permanently_delete_published_article; publication.permanently_delete_content_task: 未见按 published_articles_append_only 专用 diagnostics mapper；失败由最终 owner rollback，异常进入全局 handler（worker 则由独立 Session 处理）,HTTP owner 当前未捕获时全局 409 REVISION_CONFLICT / 数据约束冲突（不泄漏 DB）。,published_articles_append_only：按 PostgreSQL diagnostics 精确映射；未批准领域 code 时 default500/contract-decision required，禁止错误文本映射。,publication.permanently_delete_published_article; publication.permanently_delete_content_task 的最终 flush/commit command 或独立 worker Session（间接 helper 不拥有事务）,真实 PostgreSQL TRIGGER_OTHER sentinel：published_articles_append_only；仅覆盖直接 owner publication.permanently_delete_published_article; publication.permanently_delete_content_task / operation permanentlyDeletePublishedArticle;permanentlyDeleteContentTask；断言失败边界、rollback、无 SUCCESS audit
published_articles_delete_guard,published_articles,controlled delete context,TRIGGER_OTHER,"backend/alembic/versions/0038_published_article_delete.py:95; backend/app/models/publication.py:28-290; contracts/database.md:303,451-453",publication.permanently_delete_published_article; publication.permanently_delete_content_task,permanentlyDeletePublishedArticle;permanentlyDeleteContentTask,publication.permanently_delete_published_article; publication.permanently_delete_content_task: 直接写入/修改/删除链按该列或触发器语义执行；未见 published_articles_delete_guard 专用预检，数据库 TRIGGER_OTHER 是 authority,publication.permanently_delete_published_article; publication.permanently_delete_content_task: 未见按 published_articles_delete_guard 专用 diagnostics mapper；失败由最终 owner rollback，异常进入全局 handler（worker 则由独立 Session 处理）,HTTP owner 当前未捕获时全局 409 REVISION_CONFLICT / 数据约束冲突（不泄漏 DB）。,published_articles_delete_guard：按 PostgreSQL diagnostics 精确映射；未批准领域 code 时 default500/contract-decision required，禁止错误文本映射。,publication.permanently_delete_published_article; publication.permanently_delete_content_task 的最终 flush/commit command 或独立 worker Session（间接 helper 不拥有事务）,真实 PostgreSQL TRIGGER_OTHER sentinel：published_articles_delete_guard；仅覆盖直接 owner publication.permanently_delete_published_article; publication.permanently_delete_content_task / operation permanentlyDeletePublishedArticle;permanentlyDeleteContentTask；断言失败边界、rollback、无 SUCCESS audit
published_content_issues_delete_guard,published_content_issues,controlled delete context,TRIGGER_OTHER,"backend/alembic/versions/0038_published_article_delete.py:98; backend/app/models/publication.py:28-290; contracts/database.md:303,333,454",publication.permanently_delete_published_article; publication.permanently_delete_content_task,permanentlyDeletePublishedArticle;permanentlyDeleteContentTask,publication.permanently_delete_published_article; publication.permanently_delete_content_task: 直接写入/修改/删除链按该列或触发器语义执行；未见 published_content_issues_delete_guard 专用预检，数据库 TRIGGER_OTHER 是 authority,publication.permanently_delete_published_article; publication.permanently_delete_content_task: 未见按 published_content_issues_delete_guard 专用 diagnostics mapper；失败由最终 owner rollback，异常进入全局 handler（worker 则由独立 Session 处理）,HTTP owner 当前未捕获时全局 409 REVISION_CONFLICT / 数据约束冲突（不泄漏 DB）。,published_content_issues_delete_guard：按 PostgreSQL diagnostics 精确映射；未批准领域 code 时 default500/contract-decision required，禁止错误文本映射。,publication.permanently_delete_published_article; publication.permanently_delete_content_task 的最终 flush/commit command 或独立 worker Session（间接 helper 不拥有事务）,真实 PostgreSQL TRIGGER_OTHER sentinel：published_content_issues_delete_guard；仅覆盖直接 owner publication.permanently_delete_published_article; publication.permanently_delete_content_task / operation permanentlyDeletePublishedArticle;permanentlyDeleteContentTask；断言失败边界、rollback、无 SUCCESS audit
published_content_issues_guard,published_content_issues,issue immutable/transition,TRIGGER_OTHER,"backend/alembic/versions/0037_simplify_deletion_lifecycle.py:287; backend/app/models/publication.py:28-290; contracts/database.md:303,333,454",publication.resolve_published_content_issue,resolvePublishedContentIssue,publication.resolve_published_content_issue: 直接写入/修改/删除链按该列或触发器语义执行；未见 published_content_issues_guard 专用预检，数据库 TRIGGER_OTHER 是 authority,publication.resolve_published_content_issue: 未见按 published_content_issues_guard 专用 diagnostics mapper；失败由最终 owner rollback，异常进入全局 handler（worker 则由独立 Session 处理）,HTTP owner 当前未捕获时全局 409 REVISION_CONFLICT / 数据约束冲突（不泄漏 DB）。,published_content_issues_guard：按 PostgreSQL diagnostics 精确映射；未批准领域 code 时 default500/contract-decision required，禁止错误文本映射。,publication.resolve_published_content_issue 的最终 flush/commit command 或独立 worker Session（间接 helper 不拥有事务）,真实 PostgreSQL TRIGGER_OTHER sentinel：published_content_issues_guard；仅覆盖直接 owner publication.resolve_published_content_issue / operation resolvePublishedContentIssue；断言失败边界、rollback、无 SUCCESS audit
published_content_issues_validate_insert,published_content_issues,issue belongs to article/work,TRIGGER_OTHER,"backend/alembic/versions/0034_publication_workflow_redesign.py:573; backend/app/models/publication.py:28-290; contracts/database.md:303,333,454",publication.open_published_content_issue,openPublishedContentIssue,publication.open_published_content_issue: 直接写入/修改/删除链按该列或触发器语义执行；未见 published_content_issues_validate_insert 专用预检，数据库 TRIGGER_OTHER 是 authority,publication.open_published_content_issue: 未见按 published_content_issues_validate_insert 专用 diagnostics mapper；失败由最终 owner rollback，异常进入全局 handler（worker 则由独立 Session 处理）,HTTP owner 当前未捕获时全局 409 REVISION_CONFLICT / 数据约束冲突（不泄漏 DB）。,published_content_issues_validate_insert：按 PostgreSQL diagnostics 精确映射；未批准领域 code 时 default500/contract-decision required，禁止错误文本映射。,publication.open_published_content_issue 的最终 flush/commit command 或独立 worker Session（间接 helper 不拥有事务）,真实 PostgreSQL TRIGGER_OTHER sentinel：published_content_issues_validate_insert；仅覆盖直接 owner publication.open_published_content_issue / operation openPublishedContentIssue；断言失败边界、rollback、无 SUCCESS audit
publication_verifications_completion_guard,publication_verifications,completion consistency,CONSTRAINT_TRIGGER_OTHER,"backend/alembic/versions/0034_publication_workflow_redesign.py:523; backend/app/models/publication.py:28-290; contracts/database.md:303,448-451",publication.verify_publication_work,verifyPublicationWork,publication.verify_publication_work: 直接写入/修改/删除链按该列或触发器语义执行；未见 publication_verifications_completion_guard 专用预检，数据库 CONSTRAINT_TRIGGER_OTHER 是 authority,publication.verify_publication_work: 未见按 publication_verifications_completion_guard 专用 diagnostics mapper；失败由最终 owner rollback，异常进入全局 handler（worker 则由独立 Session 处理）,HTTP owner 当前未捕获时全局 409 REVISION_CONFLICT / 数据约束冲突（不泄漏 DB）。,publication_verifications_completion_guard：按 PostgreSQL diagnostics 精确映射；未批准领域 code 时 default500/contract-decision required，禁止错误文本映射。,publication.verify_publication_work 的最终 flush/commit command 或独立 worker Session（间接 helper 不拥有事务）,真实 PostgreSQL CONSTRAINT_TRIGGER_OTHER sentinel：publication_verifications_completion_guard；仅覆盖直接 owner publication.verify_publication_work / operation verifyPublicationWork；断言失败边界、rollback、无 SUCCESS audit
publication_works_completion_guard,publication_works,COMPLETED requires article/verification/task,CONSTRAINT_TRIGGER_OTHER,"backend/alembic/versions/0034_publication_workflow_redesign.py:515; backend/app/models/publication.py:28-290; contracts/database.md:329,333,434-448",publication.verify_publication_work; publication.register_publication_result; publication.close_publication_work,verifyPublicationWork;registerPublicationResult;closePublicationWork,publication.verify_publication_work; publication.register_publication_result; publication.close_publication_work: 应用层业务门禁/受控删除仅作优化；publication_works_completion_guard 的数据库 trigger 是最终 authority,publication_works_completion_guard 由 PostgreSQL trigger 执行 RAISE；当前无按 trigger 名称的 service mapper，异常由上述 owner 处理,HTTP owner 当前未捕获时进入统一边界 409 REVISION_CONFLICT；无 HTTP 的 worker/内部路径只记录 SQLSTATE 并失败，不生成 HTTP 响应,按 publication_works_completion_guard 的业务语义审批专用 4xx 或 default500；必须按 SQLSTATE/owner 处理，禁止错误文本映射,publication.verify_publication_work; publication.register_publication_result; publication.close_publication_work 的直接 caller/worker Session；trigger 失败必须回滚整笔 aggregate transaction,真实 PostgreSQL publication_works_completion_guard sentinel；覆盖 verifyPublicationWork;registerPublicationResult;closePublicationWork；分别断言 SQLSTATE、HTTP/worker 失败边界、rollback、无 SUCCESS audit
published_articles_completion_guard,published_articles,article completion consistency,CONSTRAINT_TRIGGER_OTHER,backend/alembic/versions/0034_publication_workflow_redesign.py:519; backend/app/models/publication.py:212-226; contracts/database.md:451-453,publication.verify_publication_work,verifyPublicationWork,publication.verify_publication_work: 直接写入/修改/删除链按该列或触发器语义执行；未见 published_articles_completion_guard 专用预检，数据库 CONSTRAINT_TRIGGER_OTHER 是 authority,publication.verify_publication_work: 未见按 published_articles_completion_guard 专用 diagnostics mapper；失败由最终 owner rollback，异常进入全局 handler（worker 则由独立 Session 处理）,HTTP owner 当前未捕获时全局 409 REVISION_CONFLICT / 数据约束冲突（不泄漏 DB）。,published_articles_completion_guard：按 PostgreSQL diagnostics 精确映射；未批准领域 code 时 default500/contract-decision required，禁止错误文本映射。,publication.verify_publication_work 的最终 flush/commit command 或独立 worker Session（间接 helper 不拥有事务）,真实 PostgreSQL CONSTRAINT_TRIGGER_OTHER sentinel：published_articles_completion_guard；仅覆盖直接 owner publication.verify_publication_work / operation verifyPublicationWork；断言失败边界、rollback、无 SUCCESS audit
