UV_CACHE_DIR=/Users/sc/PycharmProjects/partsignal/.cache/uv uv run --project backend python -m app.tools.contract_check contracts/openapi.yaml
FastAPI 运行时操作与 OpenAPI 完整契约一致。
npm --prefix frontend run api:check

> partsignal-frontend-v2@0.1.0 api:check
> node scripts/check-openapi.mjs

✨ openapi-typescript 7.13.0
🚀 ../contracts/openapi.yaml → /var/folders/m5/j06tv2sn1hn93d6f33j559jm0000gn/T/partsignal-v2-openapi-SiDsC0/schema.d.ts [242ms]
OpenAPI 类型与根合同一致。
npm --prefix browser-collector run lint

> partsignal-browser-collector@0.1.0 lint
> node --check src/service.mjs && node --check src/main.mjs && node --check src/healthcheck.mjs && node --check tests/service.test.mjs && node --check tests/support/reference-adapter.mjs && node --check tests/support/adapter-contract.mjs && node --check tests/contracts/local-adapter.test.mjs && node --check ../tests/browser-fixture/server.mjs && node --check ../tests/browser-fixture/fixture.js

UV_CACHE_DIR=/Users/sc/PycharmProjects/partsignal/.cache/uv uv run --project backend ruff check backend
All checks passed!
npm --prefix frontend run lint

> partsignal-frontend-v2@0.1.0 lint
> eslint . --max-warnings 0

npm --prefix browser-collector run typecheck

> partsignal-browser-collector@0.1.0 typecheck
> tsc

UV_CACHE_DIR=/Users/sc/PycharmProjects/partsignal/.cache/uv uv run --project backend mypy --config-file backend/pyproject.toml backend/app
Success: no issues found in 249 source files
npm --prefix frontend run typecheck

> partsignal-frontend-v2@0.1.0 typecheck
> tsc -b --pretty false

npm --prefix browser-collector test

> partsignal-browser-collector@0.1.0 test
> node --test tests/*.test.mjs

✔ 默认关闭与父子配置拒绝；未知值不回退 (0.4675ms)
✔ 仅 UUID 入口；开关和热停止不领取 lease；未实现采集显式拒绝 (0.651625ms)
✔ 健康需要实际 runtime 结果；失败摘要不暴露异常；无任务 HTTP 入口 (13.156584ms)
✔ RSA-OAEP SHA256/AES-GCM 封装在内存恢复相同 storage state (3.3285ms)
✔ 错误私钥和跨 reference/profile/expiry 绑定全部拒绝 (1.734583ms)
✔ nonce/wrapped key/ciphertext/tag/AAD 篡改均无法恢复 (5.733875ms)
✔ 算法、封装闭合、重复 JSON 键和非标准 Base64 被拒绝 (0.716833ms)
✔ 过期材料、非法日期和过期 Cookie 不进入 consumer (1.701709ms)
✔ 恢复资料仍检查 storage state 的结构与秘密错误边界 (5.247459ms)
✔ 每次消费重新授权；撤销拒绝先于读取私钥，保留的资料在 finally 清空 (2.143042ms)
✔ consumer 失败也清空引用且摘要不泄露秘密 (1.740791ms)
✔ 私钥权限、缺失、目录和任意层 symlink 均拒绝 (1.7195ms)
✔ 授权返回损坏材料时不调用 consumer 且错误不带异常正文 (0.521625ms)
ℹ tests 13
ℹ suites 0
ℹ pass 13
ℹ fail 0
ℹ cancelled 0
ℹ skipped 0
ℹ todo 0
ℹ duration_ms 340.9935
UV_CACHE_DIR=/Users/sc/PycharmProjects/partsignal/.cache/uv uv run --project backend pytest backend/tests/unit
........................................................................ [  1%]
........................................................................ [  3%]
........................................................................ [  5%]
........................................................................ [  7%]
........................................................................ [  9%]
........................................................................ [ 11%]
........................................................................ [ 13%]
........................................................................ [ 15%]
........................................................................ [ 17%]
........................................................................ [ 19%]
........................................................................ [ 20%]
........................................................................ [ 22%]
........................................................................ [ 24%]
........................................................................ [ 26%]
........................................................................ [ 28%]
........................................................................ [ 30%]
........................................................................ [ 32%]
........................................................................ [ 34%]
........................................................................ [ 36%]
........................................................................ [ 38%]
........................................................................ [ 39%]
........................................................................ [ 41%]
........................................................................ [ 43%]
........................................................................ [ 45%]
........................................................................ [ 47%]
........................................................................ [ 49%]
........................................................................ [ 51%]
........................................................................ [ 53%]
........................................................................ [ 55%]
........................................................................ [ 57%]
........................................................................ [ 59%]
........................................................................ [ 60%]
........................................................................ [ 62%]
........................................................................ [ 64%]
........................................................................ [ 66%]
........................................................................ [ 68%]
........................................................................ [ 70%]
........................................................................ [ 72%]
........................................................................ [ 74%]
........................................................................ [ 76%]
........................................................................ [ 78%]
........................................................................ [ 79%]
........................................................................ [ 81%]
........................................................................ [ 83%]
........................................................................ [ 85%]
........................................................................ [ 87%]
........................................................................ [ 89%]
........................................................................ [ 91%]
........................................................................ [ 93%]
........................................................................ [ 95%]
........................................................................ [ 97%]
........................................................................ [ 98%]
.......................................                                  [100%]
3783 passed in 65.32s (0:01:05)
npm --prefix frontend run test

> partsignal-frontend-v2@0.1.0 test
> vitest run


 RUN  v4.1.10 /Users/sc/PycharmProjects/partsignal/frontend


 Test Files  135 passed (135)
      Tests  1285 passed (1285)
   Start at  14:04:29
   Duration  28.85s (transform 11.11s, setup 9.60s, import 44.85s, tests 144.12s, environment 48.01s)

docker compose --env-file .env -f deploy/compose.dev.yaml run --rm backend-test
 Container partsignal-dev-postgres-1 Running 
 Container partsignal-dev-redis-1 Running 
 Container partsignal-dev-postgres-1 Waiting 
 Container partsignal-dev-redis-1 Waiting 
 Container partsignal-dev-postgres-1 Healthy 
 Container partsignal-dev-redis-1 Healthy 
 Container partsignal-dev-backend-test-run-3d52fb4c8a69 Creating 
 Container partsignal-dev-backend-test-run-3d52fb4c8a69 Created 
........................................................................ [  6%]
........................................................................ [ 12%]
..............FFFFFF.................................................... [ 18%]
........................................................................ [ 24%]
........................................................................ [ 30%]
........................................................................ [ 36%]
................FFFFFFFFFFFFFFF.FFF.F..FFFF.............FFFF............ [ 42%]
........................................................................ [ 48%]
........................................................................ [ 55%]
..............................................................FFFFFFFFFF [ 61%]
FFFFFF.F.FFFF.........EEEEEE............................................ [ 67%]
........................................................................ [ 73%]
........................................................................ [ 79%]
........................................................................ [ 85%]
........................................................................ [ 91%]
........................................................................ [ 97%]
........................                                                 [100%]
==================================== ERRORS ====================================
_ ERROR at setup of test_real_restore_preserves_details_metrics_credentials_and_schedule _

tmp_path = PosixPath('/tmp/pytest-of-root/pytest-0/test_real_restore_preserves_de0')
monkeypatch = <_pytest.monkeypatch.MonkeyPatch object at 0xf13209181490>

    @pytest.fixture
    def recovery_pg_tools(tmp_path, monkeypatch):
        container = os.environ.get("GEO_RECOVERY_PG_CONTAINER")
        if container:
            # 显式选择同一隔离 PG 容器的工具，不给生产连接提供自动回退。
            from sqlalchemy.engine import make_url
    
            admin = make_url(os.environ["PARTSIGNAL_TEST_DATABASE_URL"])
            mapped = subprocess.check_output(["docker", "port", container, "5432/tcp"], text=True)
            assert admin.host == "127.0.0.1" and f":{admin.port}" in mapped.splitlines()[0]
            tools = tmp_path / "pg-tools"
            tools.mkdir(mode=0o700)
            wrapper = """#!/usr/bin/env python3
    import os, subprocess, sys
    from pathlib import Path
    container = CONTAINER
    name = Path(sys.argv[0]).name
    args = sys.argv[1:]
    database = os.environ['PGDATABASE']
    if not database.startswith(('partsignal_geo903_source_', 'partsignal_e2e_')):
        raise SystemExit('隔离演练工具拒绝非测试库')
    command = ['docker', 'exec', '-i', '-e', 'PGUSER', '-e', 'PGDATABASE', container, name]
    if name in ('pg_dump', 'pg_restore'):
        index = args.index('--file')
        path = args[index+1]
        del args[index:index+2]
        if name == 'pg_dump':
            with open(path, 'xb') as output:
                raise SystemExit(subprocess.run(command+args, stdout=output).returncode)
        with open(args.pop(), 'rb') as incoming, open(path, 'xb') as output:
            result = subprocess.run(command+['--file=-']+args, stdin=incoming, stdout=output)
            raise SystemExit(result.returncode)
    index = args.index('--file')
    path = args[index+1]
    del args[index:index+2]
    with open(path, 'rb') as incoming:
        raise SystemExit(subprocess.run(command+args, stdin=incoming).returncode)
    """.replace("CONTAINER", repr(container))
            for tool in ("pg_dump", "pg_restore", "psql"):
                (tools / tool).write_text(wrapper)
                (tools / tool).chmod(0o700)
            monkeypatch.setenv("RECOVERY_PG_BIN", str(tools))
        if "RECOVERY_PG_BIN" not in os.environ:
>           pytest.fail("真实恢复需显式 RECOVERY_PG_BIN 或 GEO_RECOVERY_PG_CONTAINER，不能 skip")
E           Failed: 真实恢复需显式 RECOVERY_PG_BIN 或 GEO_RECOVERY_PG_CONTAINER，不能 skip

tests/integration/geo_recovery_support.py:88: Failed
---------------------------- Captured stderr setup -----------------------------
INFO  [alembic.runtime.migration] Context impl PostgresqlImpl.
INFO  [alembic.runtime.migration] Will assume transactional DDL.
INFO  [alembic.runtime.migration] Running upgrade  -> 0001_identity_audit, 创建身份、会话和审计表。
INFO  [alembic.runtime.migration] Running upgrade 0001_identity_audit -> 0002_product_facts, 创建规范化产品事实和不可变事实版本。
INFO  [alembic.runtime.migration] Running upgrade 0002_product_facts -> 0003_content_planning, 创建目标问题、平台规则版本和内容任务。
INFO  [alembic.runtime.migration] Running upgrade 0003_content_planning -> 0004_content_production, 创建 PostgreSQL 权威生成作业和不可变 Markdown 内容版本。
INFO  [alembic.runtime.migration] Running upgrade 0004_content_production -> 0005_content_review, 创建追加式内容审核记录。
INFO  [alembic.runtime.migration] Running upgrade 0005_content_review -> 0006_publication, 创建平台账号、人工发布记录和状态事件。
INFO  [alembic.runtime.migration] Running upgrade 0006_publication -> 0007_geo_observation, 创建追加式 GEO 观测及引用关联。
INFO  [alembic.runtime.migration] Running upgrade 0007_geo_observation -> 0008_files, 创建文件生命周期、附件关联并补加证据文件外键。
INFO  [alembic.runtime.migration] Running upgrade 0008_files -> 0009_config_center, 迁移账号类型、配置中心与真实 AI 生成字段。
INFO  [alembic.runtime.migration] Running upgrade 0009_config_center -> 0010_user_cleanup, 清理旧版职责账号并强制既有内容工程师改密。
INFO  [alembic.runtime.migration] Running upgrade 0010_user_cleanup -> 0011_generation_reliability, 增加生成作业补投递诊断字段与到期扫描索引。
INFO  [alembic.runtime.migration] Running upgrade 0011_generation_reliability -> 0012_ai_data_classification, 为生成输入增加显式数据分级与责任人记录。
INFO  [alembic.runtime.migration] Running upgrade 0012_ai_data_classification -> 0013_publication_closure, 增加发布异常待办、修复任务来源和发布平台一致性门禁。
INFO  [alembic.runtime.migration] Running upgrade 0013_publication_closure -> 0014_platform_prompt_ownership, 将当前 Prompt 所有权从平台类型迁移到具体平台。
INFO  [alembic.runtime.migration] Running upgrade 0014_platform_prompt_ownership -> 0015_platform_rule_draft_editing, 允许按修订号编辑平台规则草稿，并继续冻结已激活或退役正文。
INFO  [alembic.runtime.migration] Running upgrade 0015_platform_rule_draft_editing -> 0016_fact_review_cleanup, 允许受约束删除事实版本时清理其从属审核记录。
INFO  [alembic.runtime.migration] Running upgrade 0016_fact_review_cleanup -> 0017_content_humanization, 增加全局自然化 Prompt，并让现有 AI 作业承载自然化修订。
INFO  [alembic.runtime.migration] Running upgrade 0017_content_humanization -> 0018_manual_geo_observation, 增加产品级人工 GEO 观测，并保留旧模型观测历史。
INFO  [alembic.runtime.migration] Running upgrade 0018_manual_geo_observation -> 0019_product_driven_tasks, 允许新内容任务直接围绕产品创建，同时保留历史目标问题关联。
INFO  [alembic.runtime.migration] Running upgrade 0019_product_driven_tasks -> 0020_platform_branding_task_list, 为具体平台增加官网与单一来源 Logo。
INFO  [alembic.runtime.migration] Running upgrade 0020_platform_branding_task_list -> 0021_ai_channel_model_management, 补齐 AI 渠道身份字段与使用统计索引。
INFO  [alembic.runtime.migration] Running upgrade 0021_ai_channel_model_management -> 0022_geo_observation_insights, 补充人工 GEO 逐篇阶段事实与问题主题约束。
INFO  [alembic.runtime.migration] Running upgrade 0022_geo_observation_insights -> 0023_platform_management, 增加具体平台启停状态与管理聚合索引。
INFO  [alembic.runtime.migration] Running upgrade 0023_platform_management -> 0024_audit_outcome, 补齐审计模块、命令结果和安全结果说明。
INFO  [alembic.runtime.migration] Running upgrade 0024_audit_outcome -> 0025_markdown_facts, 将结构化产品事实收敛为 Markdown，并让内容任务直接绑定平台。
INFO  [alembic.runtime.migration] Running upgrade 0025_markdown_facts -> 0026_publication_account_dedup, 补齐发布账号修订约束，并阻止同平台规范化账号标识重复。
INFO  [alembic.runtime.migration] Running upgrade 0026_publication_account_dedup -> 0027_audit_user_delete_guard, 只允许受约束用户删除把匹配审计操作者置空。
INFO  [alembic.runtime.migration] Running upgrade 0027_audit_user_delete_guard -> 0028_platform_logo_lifecycle, 增加平台 Logo 的未引用保留、幂等删除状态与数据库门禁。
INFO  [alembic.runtime.migration] Running upgrade 0028_platform_logo_lifecycle -> 0029_geo_evidence_management, 收敛人工 GEO 独立事实，并为完整更正链删除增加事务门禁。
INFO  [alembic.runtime.migration] Running upgrade 0029_geo_evidence_management -> 0030_publication_record_delete, 为从未公开的发布聚合增加事务级受控删除门禁。
INFO  [alembic.runtime.migration] Running upgrade 0030_publication_record_delete -> 0031_reusable_platform_prompts, 把平台私有 Prompt 收敛为可复用模板和平台当前绑定。
INFO  [alembic.runtime.migration] Running upgrade 0031_reusable_platform_prompts -> 0032_content_task_idempotency, 为普通内容任务创建增加持久化请求键幂等约束。
INFO  [alembic.runtime.migration] Running upgrade 0032_content_task_idempotency -> 0033_task_owned_history_delete, 允许受控删除已取消任务自有的未批准生产历史。
INFO  [alembic.runtime.migration] Running upgrade 0033_task_owned_history_delete -> 0034_publication_redesign, 以发布工作、首次核验成果和发布后内容问题替换旧发布记录。
INFO  [alembic.runtime.migration] Running upgrade 0034_publication_redesign -> 0035_business_workflow, 建立事实提交、内容单主线、发布版本快照与 GEO 来源合同。
INFO  [alembic.runtime.migration] Running upgrade 0035_business_workflow -> 0036_remove_section_url, 删除没有稳定业务含义的发布栏目地址。
INFO  [alembic.runtime.migration] Running upgrade 0036_remove_section_url -> 0037_simplify_deletion_lifecycle, 收缩任务、配置与审计的删除生命周期。
INFO  [alembic.runtime.migration] Running upgrade 0037_simplify_deletion_lifecycle -> 0038_published_article_delete, 允许受控删除无 GEO 引用的发布成果聚合。
INFO  [alembic.runtime.migration] Running upgrade 0038_published_article_delete -> 0039_article_delete_platform, 允许归档任务在删除失效平台的发布成果后转为已取消。
INFO  [alembic.runtime.migration] Running upgrade 0039_article_delete_platform -> 0040_content_draft_management, 允许当前人工未审核草稿受控保存和彻底删除。
INFO  [alembic.runtime.migration] Running upgrade 0040_content_draft_management -> 0041_content_task_list, 补齐内容任务列表的稳定更新时间与排序索引。
INFO  [alembic.runtime.migration] Running upgrade 0041_content_task_list -> 0042_content_version_detail, 记录内容版本自身的真实更新时间。
INFO  [alembic.runtime.migration] Running upgrade 0042_content_version_detail -> 0043_geo_platform_identity, 冻结发布工作的平台 UUID，避免配置删除后 GEO 历史失去身份。
INFO  [alembic.runtime.migration] Running upgrade 0043_geo_platform_identity -> 0044_geo_catalog, 新增 GEO Catalog 三表；冻结本 revision，不读取运行时 ORM。
INFO  [alembic.runtime.migration] Running upgrade 0044_geo_catalog -> 0045_geo_prompt_variants, 仅新增问题变体，冻结规范化及历史锁存，不回填旧问题数组。
INFO  [alembic.runtime.migration] Running upgrade 0045_geo_prompt_variants -> 0046_geo_surfaces_profiles, 新增观测配置与闭合JSON合同；不回填旧GEO或实现运行资格。
INFO  [alembic.runtime.migration] Running upgrade 0046_geo_surfaces_profiles -> 0047_geo_monitoring_plans, 仅增加计划配置聚合；不创建批次、运行或改写历史观测。
INFO  [alembic.runtime.migration] Running upgrade 0047_geo_monitoring_plans -> 0048_geo_batches_runs, 新增独立回答级 Batch/Run，冻结 DDL 与快照/写入守卫，不迁移旧 GEO。
INFO  [alembic.runtime.migration] Running upgrade 0048_geo_batches_runs -> 0049_geo_batch_creation, 创建幂等与批次主体引用；不修改已冻结的 Batch/Run 输入。
INFO  [alembic.runtime.migration] Running upgrade 0049_geo_batch_creation -> 0050_geo_answer_evidence, 新增不可变原始回答、引用和受控文件关系；不实现采集命令。
INFO  [alembic.runtime.migration] Running upgrade 0050_geo_answer_evidence -> 0051_geo_manual_collection, 人工草稿和不可变提交身份；不回填或修改已提交证据。
INFO  [alembic.runtime.migration] Running upgrade 0051_geo_manual_collection -> 0052_geo_profile_tests, API Profile 当前诊断资格与依赖失效；不修改业务历史。
INFO  [alembic.runtime.migration] Running upgrade 0052_geo_profile_tests -> 0053_geo_collection_admission, 加法保存预算预留与发送限速事实，历史 Run 和原始证据保持不变。
INFO  [alembic.runtime.migration] Running upgrade 0053_geo_collection_admission -> 0054_geo_analysis_contract, 分析输入/结果、追加复核与限定 current pointer；不回填历史证据。
INFO  [alembic.runtime.migration] Running upgrade 0054_geo_analysis_contract -> 0055_geo_analysis_worker, 分析执行租约与引用结果；不回填或重写已有 revision。
INFO  [alembic.runtime.migration] Running upgrade 0055_geo_analysis_worker -> 0056_geo_run_review, 受控人工复核发布；历史机器结果与Review不回填、不改写。
INFO  [alembic.runtime.migration] Running upgrade 0056_geo_run_review -> 0057_geo_insight_indexes, GEO-607：洞察日期候选索引，不改变历史数据或业务约束。
INFO  [alembic.runtime.migration] Running upgrade 0057_geo_insight_indexes -> 0058_geo_rule_configuration, GEO-701：当前规则配置和不可变 revision 历史，不回填既有评估。
INFO  [alembic.runtime.migration] Running upgrade 0058_geo_rule_configuration -> 0059_geo_opportunities, GEO-702：机会、追加来源/行动/评估及真实 Batch 来源外键。
INFO  [alembic.runtime.migration] Running upgrade 0059_geo_opportunities -> 0060_geo_opportunity_actions, GEO-704：行动来源快照、幂等回执与目标生命周期保护。
INFO  [alembic.runtime.migration] Running upgrade 0060_geo_opportunity_actions -> 0061_geo_retests, GEO-705：严格复测冻结基线、幂等回执和提交时矩阵验证。
INFO  [alembic.runtime.migration] Running upgrade 0061_geo_retests -> 0062_geo_opportunity_decisions, GEO-706：加法保存显式处理和不可变比较证据，不回填历史。
INFO  [alembic.runtime.migration] Running upgrade 0062_geo_opportunity_decisions -> 0063_geo_browser_sessions, GEO-802：仅增加受保护会话引用、撤销事实与审计动作。
INFO  [alembic.runtime.migration] Running upgrade 0063_geo_browser_sessions -> 0064_geo_retention, GEO 终态草稿清理墓碑；不改已提交证据、不回填历史。
INFO  [alembic.runtime.migration] Running upgrade 0064_geo_retention -> 0065_geo_observability, GEO有限运行健康元数据；加法迁移，不回填或修改业务历史。
_ ERROR at setup of test_missing_evidence_remains_missing_without_removing_run _

tmp_path = PosixPath('/tmp/pytest-of-root/pytest-0/test_missing_evidence_remains_0')
monkeypatch = <_pytest.monkeypatch.MonkeyPatch object at 0xf1320921f170>

    @pytest.fixture
    def recovery_pg_tools(tmp_path, monkeypatch):
        container = os.environ.get("GEO_RECOVERY_PG_CONTAINER")
        if container:
            # 显式选择同一隔离 PG 容器的工具，不给生产连接提供自动回退。
            from sqlalchemy.engine import make_url
    
            admin = make_url(os.environ["PARTSIGNAL_TEST_DATABASE_URL"])
            mapped = subprocess.check_output(["docker", "port", container, "5432/tcp"], text=True)
            assert admin.host == "127.0.0.1" and f":{admin.port}" in mapped.splitlines()[0]
            tools = tmp_path / "pg-tools"
            tools.mkdir(mode=0o700)
            wrapper = """#!/usr/bin/env python3
    import os, subprocess, sys
    from pathlib import Path
    container = CONTAINER
    name = Path(sys.argv[0]).name
    args = sys.argv[1:]
    database = os.environ['PGDATABASE']
    if not database.startswith(('partsignal_geo903_source_', 'partsignal_e2e_')):
        raise SystemExit('隔离演练工具拒绝非测试库')
    command = ['docker', 'exec', '-i', '-e', 'PGUSER', '-e', 'PGDATABASE', container, name]
    if name in ('pg_dump', 'pg_restore'):
        index = args.index('--file')
        path = args[index+1]
        del args[index:index+2]
        if name == 'pg_dump':
            with open(path, 'xb') as output:
                raise SystemExit(subprocess.run(command+args, stdout=output).returncode)
        with open(args.pop(), 'rb') as incoming, open(path, 'xb') as output:
            result = subprocess.run(command+['--file=-']+args, stdin=incoming, stdout=output)
            raise SystemExit(result.returncode)
    index = args.index('--file')
    path = args[index+1]
    del args[index:index+2]
    with open(path, 'rb') as incoming:
        raise SystemExit(subprocess.run(command+args, stdin=incoming).returncode)
    """.replace("CONTAINER", repr(container))
            for tool in ("pg_dump", "pg_restore", "psql"):
                (tools / tool).write_text(wrapper)
                (tools / tool).chmod(0o700)
            monkeypatch.setenv("RECOVERY_PG_BIN", str(tools))
        if "RECOVERY_PG_BIN" not in os.environ:
>           pytest.fail("真实恢复需显式 RECOVERY_PG_BIN 或 GEO_RECOVERY_PG_CONTAINER，不能 skip")
E           Failed: 真实恢复需显式 RECOVERY_PG_BIN 或 GEO_RECOVERY_PG_CONTAINER，不能 skip

tests/integration/geo_recovery_support.py:88: Failed
---------------------------- Captured stderr setup -----------------------------
INFO  [alembic.runtime.migration] Context impl PostgresqlImpl.
INFO  [alembic.runtime.migration] Will assume transactional DDL.
INFO  [alembic.runtime.migration] Running upgrade  -> 0001_identity_audit, 创建身份、会话和审计表。
INFO  [alembic.runtime.migration] Running upgrade 0001_identity_audit -> 0002_product_facts, 创建规范化产品事实和不可变事实版本。
INFO  [alembic.runtime.migration] Running upgrade 0002_product_facts -> 0003_content_planning, 创建目标问题、平台规则版本和内容任务。
INFO  [alembic.runtime.migration] Running upgrade 0003_content_planning -> 0004_content_production, 创建 PostgreSQL 权威生成作业和不可变 Markdown 内容版本。
INFO  [alembic.runtime.migration] Running upgrade 0004_content_production -> 0005_content_review, 创建追加式内容审核记录。
INFO  [alembic.runtime.migration] Running upgrade 0005_content_review -> 0006_publication, 创建平台账号、人工发布记录和状态事件。
INFO  [alembic.runtime.migration] Running upgrade 0006_publication -> 0007_geo_observation, 创建追加式 GEO 观测及引用关联。
INFO  [alembic.runtime.migration] Running upgrade 0007_geo_observation -> 0008_files, 创建文件生命周期、附件关联并补加证据文件外键。
INFO  [alembic.runtime.migration] Running upgrade 0008_files -> 0009_config_center, 迁移账号类型、配置中心与真实 AI 生成字段。
INFO  [alembic.runtime.migration] Running upgrade 0009_config_center -> 0010_user_cleanup, 清理旧版职责账号并强制既有内容工程师改密。
INFO  [alembic.runtime.migration] Running upgrade 0010_user_cleanup -> 0011_generation_reliability, 增加生成作业补投递诊断字段与到期扫描索引。
INFO  [alembic.runtime.migration] Running upgrade 0011_generation_reliability -> 0012_ai_data_classification, 为生成输入增加显式数据分级与责任人记录。
INFO  [alembic.runtime.migration] Running upgrade 0012_ai_data_classification -> 0013_publication_closure, 增加发布异常待办、修复任务来源和发布平台一致性门禁。
INFO  [alembic.runtime.migration] Running upgrade 0013_publication_closure -> 0014_platform_prompt_ownership, 将当前 Prompt 所有权从平台类型迁移到具体平台。
INFO  [alembic.runtime.migration] Running upgrade 0014_platform_prompt_ownership -> 0015_platform_rule_draft_editing, 允许按修订号编辑平台规则草稿，并继续冻结已激活或退役正文。
INFO  [alembic.runtime.migration] Running upgrade 0015_platform_rule_draft_editing -> 0016_fact_review_cleanup, 允许受约束删除事实版本时清理其从属审核记录。
INFO  [alembic.runtime.migration] Running upgrade 0016_fact_review_cleanup -> 0017_content_humanization, 增加全局自然化 Prompt，并让现有 AI 作业承载自然化修订。
INFO  [alembic.runtime.migration] Running upgrade 0017_content_humanization -> 0018_manual_geo_observation, 增加产品级人工 GEO 观测，并保留旧模型观测历史。
INFO  [alembic.runtime.migration] Running upgrade 0018_manual_geo_observation -> 0019_product_driven_tasks, 允许新内容任务直接围绕产品创建，同时保留历史目标问题关联。
INFO  [alembic.runtime.migration] Running upgrade 0019_product_driven_tasks -> 0020_platform_branding_task_list, 为具体平台增加官网与单一来源 Logo。
INFO  [alembic.runtime.migration] Running upgrade 0020_platform_branding_task_list -> 0021_ai_channel_model_management, 补齐 AI 渠道身份字段与使用统计索引。
INFO  [alembic.runtime.migration] Running upgrade 0021_ai_channel_model_management -> 0022_geo_observation_insights, 补充人工 GEO 逐篇阶段事实与问题主题约束。
INFO  [alembic.runtime.migration] Running upgrade 0022_geo_observation_insights -> 0023_platform_management, 增加具体平台启停状态与管理聚合索引。
INFO  [alembic.runtime.migration] Running upgrade 0023_platform_management -> 0024_audit_outcome, 补齐审计模块、命令结果和安全结果说明。
INFO  [alembic.runtime.migration] Running upgrade 0024_audit_outcome -> 0025_markdown_facts, 将结构化产品事实收敛为 Markdown，并让内容任务直接绑定平台。
INFO  [alembic.runtime.migration] Running upgrade 0025_markdown_facts -> 0026_publication_account_dedup, 补齐发布账号修订约束，并阻止同平台规范化账号标识重复。
INFO  [alembic.runtime.migration] Running upgrade 0026_publication_account_dedup -> 0027_audit_user_delete_guard, 只允许受约束用户删除把匹配审计操作者置空。
INFO  [alembic.runtime.migration] Running upgrade 0027_audit_user_delete_guard -> 0028_platform_logo_lifecycle, 增加平台 Logo 的未引用保留、幂等删除状态与数据库门禁。
INFO  [alembic.runtime.migration] Running upgrade 0028_platform_logo_lifecycle -> 0029_geo_evidence_management, 收敛人工 GEO 独立事实，并为完整更正链删除增加事务门禁。
INFO  [alembic.runtime.migration] Running upgrade 0029_geo_evidence_management -> 0030_publication_record_delete, 为从未公开的发布聚合增加事务级受控删除门禁。
INFO  [alembic.runtime.migration] Running upgrade 0030_publication_record_delete -> 0031_reusable_platform_prompts, 把平台私有 Prompt 收敛为可复用模板和平台当前绑定。
INFO  [alembic.runtime.migration] Running upgrade 0031_reusable_platform_prompts -> 0032_content_task_idempotency, 为普通内容任务创建增加持久化请求键幂等约束。
INFO  [alembic.runtime.migration] Running upgrade 0032_content_task_idempotency -> 0033_task_owned_history_delete, 允许受控删除已取消任务自有的未批准生产历史。
INFO  [alembic.runtime.migration] Running upgrade 0033_task_owned_history_delete -> 0034_publication_redesign, 以发布工作、首次核验成果和发布后内容问题替换旧发布记录。
INFO  [alembic.runtime.migration] Running upgrade 0034_publication_redesign -> 0035_business_workflow, 建立事实提交、内容单主线、发布版本快照与 GEO 来源合同。
INFO  [alembic.runtime.migration] Running upgrade 0035_business_workflow -> 0036_remove_section_url, 删除没有稳定业务含义的发布栏目地址。
INFO  [alembic.runtime.migration] Running upgrade 0036_remove_section_url -> 0037_simplify_deletion_lifecycle, 收缩任务、配置与审计的删除生命周期。
INFO  [alembic.runtime.migration] Running upgrade 0037_simplify_deletion_lifecycle -> 0038_published_article_delete, 允许受控删除无 GEO 引用的发布成果聚合。
INFO  [alembic.runtime.migration] Running upgrade 0038_published_article_delete -> 0039_article_delete_platform, 允许归档任务在删除失效平台的发布成果后转为已取消。
INFO  [alembic.runtime.migration] Running upgrade 0039_article_delete_platform -> 0040_content_draft_management, 允许当前人工未审核草稿受控保存和彻底删除。
INFO  [alembic.runtime.migration] Running upgrade 0040_content_draft_management -> 0041_content_task_list, 补齐内容任务列表的稳定更新时间与排序索引。
INFO  [alembic.runtime.migration] Running upgrade 0041_content_task_list -> 0042_content_version_detail, 记录内容版本自身的真实更新时间。
INFO  [alembic.runtime.migration] Running upgrade 0042_content_version_detail -> 0043_geo_platform_identity, 冻结发布工作的平台 UUID，避免配置删除后 GEO 历史失去身份。
INFO  [alembic.runtime.migration] Running upgrade 0043_geo_platform_identity -> 0044_geo_catalog, 新增 GEO Catalog 三表；冻结本 revision，不读取运行时 ORM。
INFO  [alembic.runtime.migration] Running upgrade 0044_geo_catalog -> 0045_geo_prompt_variants, 仅新增问题变体，冻结规范化及历史锁存，不回填旧问题数组。
INFO  [alembic.runtime.migration] Running upgrade 0045_geo_prompt_variants -> 0046_geo_surfaces_profiles, 新增观测配置与闭合JSON合同；不回填旧GEO或实现运行资格。
INFO  [alembic.runtime.migration] Running upgrade 0046_geo_surfaces_profiles -> 0047_geo_monitoring_plans, 仅增加计划配置聚合；不创建批次、运行或改写历史观测。
INFO  [alembic.runtime.migration] Running upgrade 0047_geo_monitoring_plans -> 0048_geo_batches_runs, 新增独立回答级 Batch/Run，冻结 DDL 与快照/写入守卫，不迁移旧 GEO。
INFO  [alembic.runtime.migration] Running upgrade 0048_geo_batches_runs -> 0049_geo_batch_creation, 创建幂等与批次主体引用；不修改已冻结的 Batch/Run 输入。
INFO  [alembic.runtime.migration] Running upgrade 0049_geo_batch_creation -> 0050_geo_answer_evidence, 新增不可变原始回答、引用和受控文件关系；不实现采集命令。
INFO  [alembic.runtime.migration] Running upgrade 0050_geo_answer_evidence -> 0051_geo_manual_collection, 人工草稿和不可变提交身份；不回填或修改已提交证据。
INFO  [alembic.runtime.migration] Running upgrade 0051_geo_manual_collection -> 0052_geo_profile_tests, API Profile 当前诊断资格与依赖失效；不修改业务历史。
INFO  [alembic.runtime.migration] Running upgrade 0052_geo_profile_tests -> 0053_geo_collection_admission, 加法保存预算预留与发送限速事实，历史 Run 和原始证据保持不变。
INFO  [alembic.runtime.migration] Running upgrade 0053_geo_collection_admission -> 0054_geo_analysis_contract, 分析输入/结果、追加复核与限定 current pointer；不回填历史证据。
INFO  [alembic.runtime.migration] Running upgrade 0054_geo_analysis_contract -> 0055_geo_analysis_worker, 分析执行租约与引用结果；不回填或重写已有 revision。
INFO  [alembic.runtime.migration] Running upgrade 0055_geo_analysis_worker -> 0056_geo_run_review, 受控人工复核发布；历史机器结果与Review不回填、不改写。
INFO  [alembic.runtime.migration] Running upgrade 0056_geo_run_review -> 0057_geo_insight_indexes, GEO-607：洞察日期候选索引，不改变历史数据或业务约束。
INFO  [alembic.runtime.migration] Running upgrade 0057_geo_insight_indexes -> 0058_geo_rule_configuration, GEO-701：当前规则配置和不可变 revision 历史，不回填既有评估。
INFO  [alembic.runtime.migration] Running upgrade 0058_geo_rule_configuration -> 0059_geo_opportunities, GEO-702：机会、追加来源/行动/评估及真实 Batch 来源外键。
INFO  [alembic.runtime.migration] Running upgrade 0059_geo_opportunities -> 0060_geo_opportunity_actions, GEO-704：行动来源快照、幂等回执与目标生命周期保护。
INFO  [alembic.runtime.migration] Running upgrade 0060_geo_opportunity_actions -> 0061_geo_retests, GEO-705：严格复测冻结基线、幂等回执和提交时矩阵验证。
INFO  [alembic.runtime.migration] Running upgrade 0061_geo_retests -> 0062_geo_opportunity_decisions, GEO-706：加法保存显式处理和不可变比较证据，不回填历史。
INFO  [alembic.runtime.migration] Running upgrade 0062_geo_opportunity_decisions -> 0063_geo_browser_sessions, GEO-802：仅增加受保护会话引用、撤销事实与审计动作。
INFO  [alembic.runtime.migration] Running upgrade 0063_geo_browser_sessions -> 0064_geo_retention, GEO 终态草稿清理墓碑；不改已提交证据、不回填历史。
INFO  [alembic.runtime.migration] Running upgrade 0064_geo_retention -> 0065_geo_observability, GEO有限运行健康元数据；加法迁移，不回填或修改业务历史。
_ ERROR at setup of test_wrong_master_key_is_reported_without_database_writes __

tmp_path = PosixPath('/tmp/pytest-of-root/pytest-0/test_wrong_master_key_is_repor0')
monkeypatch = <_pytest.monkeypatch.MonkeyPatch object at 0xf131e9875070>

    @pytest.fixture
    def recovery_pg_tools(tmp_path, monkeypatch):
        container = os.environ.get("GEO_RECOVERY_PG_CONTAINER")
        if container:
            # 显式选择同一隔离 PG 容器的工具，不给生产连接提供自动回退。
            from sqlalchemy.engine import make_url
    
            admin = make_url(os.environ["PARTSIGNAL_TEST_DATABASE_URL"])
            mapped = subprocess.check_output(["docker", "port", container, "5432/tcp"], text=True)
            assert admin.host == "127.0.0.1" and f":{admin.port}" in mapped.splitlines()[0]
            tools = tmp_path / "pg-tools"
            tools.mkdir(mode=0o700)
            wrapper = """#!/usr/bin/env python3
    import os, subprocess, sys
    from pathlib import Path
    container = CONTAINER
    name = Path(sys.argv[0]).name
    args = sys.argv[1:]
    database = os.environ['PGDATABASE']
    if not database.startswith(('partsignal_geo903_source_', 'partsignal_e2e_')):
        raise SystemExit('隔离演练工具拒绝非测试库')
    command = ['docker', 'exec', '-i', '-e', 'PGUSER', '-e', 'PGDATABASE', container, name]
    if name in ('pg_dump', 'pg_restore'):
        index = args.index('--file')
        path = args[index+1]
        del args[index:index+2]
        if name == 'pg_dump':
            with open(path, 'xb') as output:
                raise SystemExit(subprocess.run(command+args, stdout=output).returncode)
        with open(args.pop(), 'rb') as incoming, open(path, 'xb') as output:
            result = subprocess.run(command+['--file=-']+args, stdin=incoming, stdout=output)
            raise SystemExit(result.returncode)
    index = args.index('--file')
    path = args[index+1]
    del args[index:index+2]
    with open(path, 'rb') as incoming:
        raise SystemExit(subprocess.run(command+args, stdin=incoming).returncode)
    """.replace("CONTAINER", repr(container))
            for tool in ("pg_dump", "pg_restore", "psql"):
                (tools / tool).write_text(wrapper)
                (tools / tool).chmod(0o700)
            monkeypatch.setenv("RECOVERY_PG_BIN", str(tools))
        if "RECOVERY_PG_BIN" not in os.environ:
>           pytest.fail("真实恢复需显式 RECOVERY_PG_BIN 或 GEO_RECOVERY_PG_CONTAINER，不能 skip")
E           Failed: 真实恢复需显式 RECOVERY_PG_BIN 或 GEO_RECOVERY_PG_CONTAINER，不能 skip

tests/integration/geo_recovery_support.py:88: Failed
---------------------------- Captured stderr setup -----------------------------
INFO  [alembic.runtime.migration] Context impl PostgresqlImpl.
INFO  [alembic.runtime.migration] Will assume transactional DDL.
INFO  [alembic.runtime.migration] Running upgrade  -> 0001_identity_audit, 创建身份、会话和审计表。
INFO  [alembic.runtime.migration] Running upgrade 0001_identity_audit -> 0002_product_facts, 创建规范化产品事实和不可变事实版本。
INFO  [alembic.runtime.migration] Running upgrade 0002_product_facts -> 0003_content_planning, 创建目标问题、平台规则版本和内容任务。
INFO  [alembic.runtime.migration] Running upgrade 0003_content_planning -> 0004_content_production, 创建 PostgreSQL 权威生成作业和不可变 Markdown 内容版本。
INFO  [alembic.runtime.migration] Running upgrade 0004_content_production -> 0005_content_review, 创建追加式内容审核记录。
INFO  [alembic.runtime.migration] Running upgrade 0005_content_review -> 0006_publication, 创建平台账号、人工发布记录和状态事件。
INFO  [alembic.runtime.migration] Running upgrade 0006_publication -> 0007_geo_observation, 创建追加式 GEO 观测及引用关联。
INFO  [alembic.runtime.migration] Running upgrade 0007_geo_observation -> 0008_files, 创建文件生命周期、附件关联并补加证据文件外键。
INFO  [alembic.runtime.migration] Running upgrade 0008_files -> 0009_config_center, 迁移账号类型、配置中心与真实 AI 生成字段。
INFO  [alembic.runtime.migration] Running upgrade 0009_config_center -> 0010_user_cleanup, 清理旧版职责账号并强制既有内容工程师改密。
INFO  [alembic.runtime.migration] Running upgrade 0010_user_cleanup -> 0011_generation_reliability, 增加生成作业补投递诊断字段与到期扫描索引。
INFO  [alembic.runtime.migration] Running upgrade 0011_generation_reliability -> 0012_ai_data_classification, 为生成输入增加显式数据分级与责任人记录。
INFO  [alembic.runtime.migration] Running upgrade 0012_ai_data_classification -> 0013_publication_closure, 增加发布异常待办、修复任务来源和发布平台一致性门禁。
INFO  [alembic.runtime.migration] Running upgrade 0013_publication_closure -> 0014_platform_prompt_ownership, 将当前 Prompt 所有权从平台类型迁移到具体平台。
INFO  [alembic.runtime.migration] Running upgrade 0014_platform_prompt_ownership -> 0015_platform_rule_draft_editing, 允许按修订号编辑平台规则草稿，并继续冻结已激活或退役正文。
INFO  [alembic.runtime.migration] Running upgrade 0015_platform_rule_draft_editing -> 0016_fact_review_cleanup, 允许受约束删除事实版本时清理其从属审核记录。
INFO  [alembic.runtime.migration] Running upgrade 0016_fact_review_cleanup -> 0017_content_humanization, 增加全局自然化 Prompt，并让现有 AI 作业承载自然化修订。
INFO  [alembic.runtime.migration] Running upgrade 0017_content_humanization -> 0018_manual_geo_observation, 增加产品级人工 GEO 观测，并保留旧模型观测历史。
INFO  [alembic.runtime.migration] Running upgrade 0018_manual_geo_observation -> 0019_product_driven_tasks, 允许新内容任务直接围绕产品创建，同时保留历史目标问题关联。
INFO  [alembic.runtime.migration] Running upgrade 0019_product_driven_tasks -> 0020_platform_branding_task_list, 为具体平台增加官网与单一来源 Logo。
INFO  [alembic.runtime.migration] Running upgrade 0020_platform_branding_task_list -> 0021_ai_channel_model_management, 补齐 AI 渠道身份字段与使用统计索引。
INFO  [alembic.runtime.migration] Running upgrade 0021_ai_channel_model_management -> 0022_geo_observation_insights, 补充人工 GEO 逐篇阶段事实与问题主题约束。
INFO  [alembic.runtime.migration] Running upgrade 0022_geo_observation_insights -> 0023_platform_management, 增加具体平台启停状态与管理聚合索引。
INFO  [alembic.runtime.migration] Running upgrade 0023_platform_management -> 0024_audit_outcome, 补齐审计模块、命令结果和安全结果说明。
INFO  [alembic.runtime.migration] Running upgrade 0024_audit_outcome -> 0025_markdown_facts, 将结构化产品事实收敛为 Markdown，并让内容任务直接绑定平台。
INFO  [alembic.runtime.migration] Running upgrade 0025_markdown_facts -> 0026_publication_account_dedup, 补齐发布账号修订约束，并阻止同平台规范化账号标识重复。
INFO  [alembic.runtime.migration] Running upgrade 0026_publication_account_dedup -> 0027_audit_user_delete_guard, 只允许受约束用户删除把匹配审计操作者置空。
INFO  [alembic.runtime.migration] Running upgrade 0027_audit_user_delete_guard -> 0028_platform_logo_lifecycle, 增加平台 Logo 的未引用保留、幂等删除状态与数据库门禁。
INFO  [alembic.runtime.migration] Running upgrade 0028_platform_logo_lifecycle -> 0029_geo_evidence_management, 收敛人工 GEO 独立事实，并为完整更正链删除增加事务门禁。
INFO  [alembic.runtime.migration] Running upgrade 0029_geo_evidence_management -> 0030_publication_record_delete, 为从未公开的发布聚合增加事务级受控删除门禁。
INFO  [alembic.runtime.migration] Running upgrade 0030_publication_record_delete -> 0031_reusable_platform_prompts, 把平台私有 Prompt 收敛为可复用模板和平台当前绑定。
INFO  [alembic.runtime.migration] Running upgrade 0031_reusable_platform_prompts -> 0032_content_task_idempotency, 为普通内容任务创建增加持久化请求键幂等约束。
INFO  [alembic.runtime.migration] Running upgrade 0032_content_task_idempotency -> 0033_task_owned_history_delete, 允许受控删除已取消任务自有的未批准生产历史。
INFO  [alembic.runtime.migration] Running upgrade 0033_task_owned_history_delete -> 0034_publication_redesign, 以发布工作、首次核验成果和发布后内容问题替换旧发布记录。
INFO  [alembic.runtime.migration] Running upgrade 0034_publication_redesign -> 0035_business_workflow, 建立事实提交、内容单主线、发布版本快照与 GEO 来源合同。
INFO  [alembic.runtime.migration] Running upgrade 0035_business_workflow -> 0036_remove_section_url, 删除没有稳定业务含义的发布栏目地址。
INFO  [alembic.runtime.migration] Running upgrade 0036_remove_section_url -> 0037_simplify_deletion_lifecycle, 收缩任务、配置与审计的删除生命周期。
INFO  [alembic.runtime.migration] Running upgrade 0037_simplify_deletion_lifecycle -> 0038_published_article_delete, 允许受控删除无 GEO 引用的发布成果聚合。
INFO  [alembic.runtime.migration] Running upgrade 0038_published_article_delete -> 0039_article_delete_platform, 允许归档任务在删除失效平台的发布成果后转为已取消。
INFO  [alembic.runtime.migration] Running upgrade 0039_article_delete_platform -> 0040_content_draft_management, 允许当前人工未审核草稿受控保存和彻底删除。
INFO  [alembic.runtime.migration] Running upgrade 0040_content_draft_management -> 0041_content_task_list, 补齐内容任务列表的稳定更新时间与排序索引。
INFO  [alembic.runtime.migration] Running upgrade 0041_content_task_list -> 0042_content_version_detail, 记录内容版本自身的真实更新时间。
INFO  [alembic.runtime.migration] Running upgrade 0042_content_version_detail -> 0043_geo_platform_identity, 冻结发布工作的平台 UUID，避免配置删除后 GEO 历史失去身份。
INFO  [alembic.runtime.migration] Running upgrade 0043_geo_platform_identity -> 0044_geo_catalog, 新增 GEO Catalog 三表；冻结本 revision，不读取运行时 ORM。
INFO  [alembic.runtime.migration] Running upgrade 0044_geo_catalog -> 0045_geo_prompt_variants, 仅新增问题变体，冻结规范化及历史锁存，不回填旧问题数组。
INFO  [alembic.runtime.migration] Running upgrade 0045_geo_prompt_variants -> 0046_geo_surfaces_profiles, 新增观测配置与闭合JSON合同；不回填旧GEO或实现运行资格。
INFO  [alembic.runtime.migration] Running upgrade 0046_geo_surfaces_profiles -> 0047_geo_monitoring_plans, 仅增加计划配置聚合；不创建批次、运行或改写历史观测。
INFO  [alembic.runtime.migration] Running upgrade 0047_geo_monitoring_plans -> 0048_geo_batches_runs, 新增独立回答级 Batch/Run，冻结 DDL 与快照/写入守卫，不迁移旧 GEO。
INFO  [alembic.runtime.migration] Running upgrade 0048_geo_batches_runs -> 0049_geo_batch_creation, 创建幂等与批次主体引用；不修改已冻结的 Batch/Run 输入。
INFO  [alembic.runtime.migration] Running upgrade 0049_geo_batch_creation -> 0050_geo_answer_evidence, 新增不可变原始回答、引用和受控文件关系；不实现采集命令。
INFO  [alembic.runtime.migration] Running upgrade 0050_geo_answer_evidence -> 0051_geo_manual_collection, 人工草稿和不可变提交身份；不回填或修改已提交证据。
INFO  [alembic.runtime.migration] Running upgrade 0051_geo_manual_collection -> 0052_geo_profile_tests, API Profile 当前诊断资格与依赖失效；不修改业务历史。
INFO  [alembic.runtime.migration] Running upgrade 0052_geo_profile_tests -> 0053_geo_collection_admission, 加法保存预算预留与发送限速事实，历史 Run 和原始证据保持不变。
INFO  [alembic.runtime.migration] Running upgrade 0053_geo_collection_admission -> 0054_geo_analysis_contract, 分析输入/结果、追加复核与限定 current pointer；不回填历史证据。
INFO  [alembic.runtime.migration] Running upgrade 0054_geo_analysis_contract -> 0055_geo_analysis_worker, 分析执行租约与引用结果；不回填或重写已有 revision。
INFO  [alembic.runtime.migration] Running upgrade 0055_geo_analysis_worker -> 0056_geo_run_review, 受控人工复核发布；历史机器结果与Review不回填、不改写。
INFO  [alembic.runtime.migration] Running upgrade 0056_geo_run_review -> 0057_geo_insight_indexes, GEO-607：洞察日期候选索引，不改变历史数据或业务约束。
INFO  [alembic.runtime.migration] Running upgrade 0057_geo_insight_indexes -> 0058_geo_rule_configuration, GEO-701：当前规则配置和不可变 revision 历史，不回填既有评估。
INFO  [alembic.runtime.migration] Running upgrade 0058_geo_rule_configuration -> 0059_geo_opportunities, GEO-702：机会、追加来源/行动/评估及真实 Batch 来源外键。
INFO  [alembic.runtime.migration] Running upgrade 0059_geo_opportunities -> 0060_geo_opportunity_actions, GEO-704：行动来源快照、幂等回执与目标生命周期保护。
INFO  [alembic.runtime.migration] Running upgrade 0060_geo_opportunity_actions -> 0061_geo_retests, GEO-705：严格复测冻结基线、幂等回执和提交时矩阵验证。
INFO  [alembic.runtime.migration] Running upgrade 0061_geo_retests -> 0062_geo_opportunity_decisions, GEO-706：加法保存显式处理和不可变比较证据，不回填历史。
INFO  [alembic.runtime.migration] Running upgrade 0062_geo_opportunity_decisions -> 0063_geo_browser_sessions, GEO-802：仅增加受保护会话引用、撤销事实与审计动作。
INFO  [alembic.runtime.migration] Running upgrade 0063_geo_browser_sessions -> 0064_geo_retention, GEO 终态草稿清理墓碑；不改已提交证据、不回填历史。
INFO  [alembic.runtime.migration] Running upgrade 0064_geo_retention -> 0065_geo_observability, GEO有限运行健康元数据；加法迁移，不回填或修改业务历史。
_ ERROR at setup of test_wrong_paired_key_cannot_produce_successful_bundle[SESSION_SECRET] _

tmp_path = PosixPath('/tmp/pytest-of-root/pytest-0/test_wrong_paired_key_cannot_p0')
monkeypatch = <_pytest.monkeypatch.MonkeyPatch object at 0xf131eaa00110>

    @pytest.fixture
    def recovery_pg_tools(tmp_path, monkeypatch):
        container = os.environ.get("GEO_RECOVERY_PG_CONTAINER")
        if container:
            # 显式选择同一隔离 PG 容器的工具，不给生产连接提供自动回退。
            from sqlalchemy.engine import make_url
    
            admin = make_url(os.environ["PARTSIGNAL_TEST_DATABASE_URL"])
            mapped = subprocess.check_output(["docker", "port", container, "5432/tcp"], text=True)
            assert admin.host == "127.0.0.1" and f":{admin.port}" in mapped.splitlines()[0]
            tools = tmp_path / "pg-tools"
            tools.mkdir(mode=0o700)
            wrapper = """#!/usr/bin/env python3
    import os, subprocess, sys
    from pathlib import Path
    container = CONTAINER
    name = Path(sys.argv[0]).name
    args = sys.argv[1:]
    database = os.environ['PGDATABASE']
    if not database.startswith(('partsignal_geo903_source_', 'partsignal_e2e_')):
        raise SystemExit('隔离演练工具拒绝非测试库')
    command = ['docker', 'exec', '-i', '-e', 'PGUSER', '-e', 'PGDATABASE', container, name]
    if name in ('pg_dump', 'pg_restore'):
        index = args.index('--file')
        path = args[index+1]
        del args[index:index+2]
        if name == 'pg_dump':
            with open(path, 'xb') as output:
                raise SystemExit(subprocess.run(command+args, stdout=output).returncode)
        with open(args.pop(), 'rb') as incoming, open(path, 'xb') as output:
            result = subprocess.run(command+['--file=-']+args, stdin=incoming, stdout=output)
            raise SystemExit(result.returncode)
    index = args.index('--file')
    path = args[index+1]
    del args[index:index+2]
    with open(path, 'rb') as incoming:
        raise SystemExit(subprocess.run(command+args, stdin=incoming).returncode)
    """.replace("CONTAINER", repr(container))
            for tool in ("pg_dump", "pg_restore", "psql"):
                (tools / tool).write_text(wrapper)
                (tools / tool).chmod(0o700)
            monkeypatch.setenv("RECOVERY_PG_BIN", str(tools))
        if "RECOVERY_PG_BIN" not in os.environ:
>           pytest.fail("真实恢复需显式 RECOVERY_PG_BIN 或 GEO_RECOVERY_PG_CONTAINER，不能 skip")
E           Failed: 真实恢复需显式 RECOVERY_PG_BIN 或 GEO_RECOVERY_PG_CONTAINER，不能 skip

tests/integration/geo_recovery_support.py:88: Failed
---------------------------- Captured stderr setup -----------------------------
INFO  [alembic.runtime.migration] Context impl PostgresqlImpl.
INFO  [alembic.runtime.migration] Will assume transactional DDL.
INFO  [alembic.runtime.migration] Running upgrade  -> 0001_identity_audit, 创建身份、会话和审计表。
INFO  [alembic.runtime.migration] Running upgrade 0001_identity_audit -> 0002_product_facts, 创建规范化产品事实和不可变事实版本。
INFO  [alembic.runtime.migration] Running upgrade 0002_product_facts -> 0003_content_planning, 创建目标问题、平台规则版本和内容任务。
INFO  [alembic.runtime.migration] Running upgrade 0003_content_planning -> 0004_content_production, 创建 PostgreSQL 权威生成作业和不可变 Markdown 内容版本。
INFO  [alembic.runtime.migration] Running upgrade 0004_content_production -> 0005_content_review, 创建追加式内容审核记录。
INFO  [alembic.runtime.migration] Running upgrade 0005_content_review -> 0006_publication, 创建平台账号、人工发布记录和状态事件。
INFO  [alembic.runtime.migration] Running upgrade 0006_publication -> 0007_geo_observation, 创建追加式 GEO 观测及引用关联。
INFO  [alembic.runtime.migration] Running upgrade 0007_geo_observation -> 0008_files, 创建文件生命周期、附件关联并补加证据文件外键。
INFO  [alembic.runtime.migration] Running upgrade 0008_files -> 0009_config_center, 迁移账号类型、配置中心与真实 AI 生成字段。
INFO  [alembic.runtime.migration] Running upgrade 0009_config_center -> 0010_user_cleanup, 清理旧版职责账号并强制既有内容工程师改密。
INFO  [alembic.runtime.migration] Running upgrade 0010_user_cleanup -> 0011_generation_reliability, 增加生成作业补投递诊断字段与到期扫描索引。
INFO  [alembic.runtime.migration] Running upgrade 0011_generation_reliability -> 0012_ai_data_classification, 为生成输入增加显式数据分级与责任人记录。
INFO  [alembic.runtime.migration] Running upgrade 0012_ai_data_classification -> 0013_publication_closure, 增加发布异常待办、修复任务来源和发布平台一致性门禁。
INFO  [alembic.runtime.migration] Running upgrade 0013_publication_closure -> 0014_platform_prompt_ownership, 将当前 Prompt 所有权从平台类型迁移到具体平台。
INFO  [alembic.runtime.migration] Running upgrade 0014_platform_prompt_ownership -> 0015_platform_rule_draft_editing, 允许按修订号编辑平台规则草稿，并继续冻结已激活或退役正文。
INFO  [alembic.runtime.migration] Running upgrade 0015_platform_rule_draft_editing -> 0016_fact_review_cleanup, 允许受约束删除事实版本时清理其从属审核记录。
INFO  [alembic.runtime.migration] Running upgrade 0016_fact_review_cleanup -> 0017_content_humanization, 增加全局自然化 Prompt，并让现有 AI 作业承载自然化修订。
INFO  [alembic.runtime.migration] Running upgrade 0017_content_humanization -> 0018_manual_geo_observation, 增加产品级人工 GEO 观测，并保留旧模型观测历史。
INFO  [alembic.runtime.migration] Running upgrade 0018_manual_geo_observation -> 0019_product_driven_tasks, 允许新内容任务直接围绕产品创建，同时保留历史目标问题关联。
INFO  [alembic.runtime.migration] Running upgrade 0019_product_driven_tasks -> 0020_platform_branding_task_list, 为具体平台增加官网与单一来源 Logo。
INFO  [alembic.runtime.migration] Running upgrade 0020_platform_branding_task_list -> 0021_ai_channel_model_management, 补齐 AI 渠道身份字段与使用统计索引。
INFO  [alembic.runtime.migration] Running upgrade 0021_ai_channel_model_management -> 0022_geo_observation_insights, 补充人工 GEO 逐篇阶段事实与问题主题约束。
INFO  [alembic.runtime.migration] Running upgrade 0022_geo_observation_insights -> 0023_platform_management, 增加具体平台启停状态与管理聚合索引。
INFO  [alembic.runtime.migration] Running upgrade 0023_platform_management -> 0024_audit_outcome, 补齐审计模块、命令结果和安全结果说明。
INFO  [alembic.runtime.migration] Running upgrade 0024_audit_outcome -> 0025_markdown_facts, 将结构化产品事实收敛为 Markdown，并让内容任务直接绑定平台。
INFO  [alembic.runtime.migration] Running upgrade 0025_markdown_facts -> 0026_publication_account_dedup, 补齐发布账号修订约束，并阻止同平台规范化账号标识重复。
INFO  [alembic.runtime.migration] Running upgrade 0026_publication_account_dedup -> 0027_audit_user_delete_guard, 只允许受约束用户删除把匹配审计操作者置空。
INFO  [alembic.runtime.migration] Running upgrade 0027_audit_user_delete_guard -> 0028_platform_logo_lifecycle, 增加平台 Logo 的未引用保留、幂等删除状态与数据库门禁。
INFO  [alembic.runtime.migration] Running upgrade 0028_platform_logo_lifecycle -> 0029_geo_evidence_management, 收敛人工 GEO 独立事实，并为完整更正链删除增加事务门禁。
INFO  [alembic.runtime.migration] Running upgrade 0029_geo_evidence_management -> 0030_publication_record_delete, 为从未公开的发布聚合增加事务级受控删除门禁。
INFO  [alembic.runtime.migration] Running upgrade 0030_publication_record_delete -> 0031_reusable_platform_prompts, 把平台私有 Prompt 收敛为可复用模板和平台当前绑定。
INFO  [alembic.runtime.migration] Running upgrade 0031_reusable_platform_prompts -> 0032_content_task_idempotency, 为普通内容任务创建增加持久化请求键幂等约束。
INFO  [alembic.runtime.migration] Running upgrade 0032_content_task_idempotency -> 0033_task_owned_history_delete, 允许受控删除已取消任务自有的未批准生产历史。
INFO  [alembic.runtime.migration] Running upgrade 0033_task_owned_history_delete -> 0034_publication_redesign, 以发布工作、首次核验成果和发布后内容问题替换旧发布记录。
INFO  [alembic.runtime.migration] Running upgrade 0034_publication_redesign -> 0035_business_workflow, 建立事实提交、内容单主线、发布版本快照与 GEO 来源合同。
INFO  [alembic.runtime.migration] Running upgrade 0035_business_workflow -> 0036_remove_section_url, 删除没有稳定业务含义的发布栏目地址。
INFO  [alembic.runtime.migration] Running upgrade 0036_remove_section_url -> 0037_simplify_deletion_lifecycle, 收缩任务、配置与审计的删除生命周期。
INFO  [alembic.runtime.migration] Running upgrade 0037_simplify_deletion_lifecycle -> 0038_published_article_delete, 允许受控删除无 GEO 引用的发布成果聚合。
INFO  [alembic.runtime.migration] Running upgrade 0038_published_article_delete -> 0039_article_delete_platform, 允许归档任务在删除失效平台的发布成果后转为已取消。
INFO  [alembic.runtime.migration] Running upgrade 0039_article_delete_platform -> 0040_content_draft_management, 允许当前人工未审核草稿受控保存和彻底删除。
INFO  [alembic.runtime.migration] Running upgrade 0040_content_draft_management -> 0041_content_task_list, 补齐内容任务列表的稳定更新时间与排序索引。
INFO  [alembic.runtime.migration] Running upgrade 0041_content_task_list -> 0042_content_version_detail, 记录内容版本自身的真实更新时间。
INFO  [alembic.runtime.migration] Running upgrade 0042_content_version_detail -> 0043_geo_platform_identity, 冻结发布工作的平台 UUID，避免配置删除后 GEO 历史失去身份。
INFO  [alembic.runtime.migration] Running upgrade 0043_geo_platform_identity -> 0044_geo_catalog, 新增 GEO Catalog 三表；冻结本 revision，不读取运行时 ORM。
INFO  [alembic.runtime.migration] Running upgrade 0044_geo_catalog -> 0045_geo_prompt_variants, 仅新增问题变体，冻结规范化及历史锁存，不回填旧问题数组。
INFO  [alembic.runtime.migration] Running upgrade 0045_geo_prompt_variants -> 0046_geo_surfaces_profiles, 新增观测配置与闭合JSON合同；不回填旧GEO或实现运行资格。
INFO  [alembic.runtime.migration] Running upgrade 0046_geo_surfaces_profiles -> 0047_geo_monitoring_plans, 仅增加计划配置聚合；不创建批次、运行或改写历史观测。
INFO  [alembic.runtime.migration] Running upgrade 0047_geo_monitoring_plans -> 0048_geo_batches_runs, 新增独立回答级 Batch/Run，冻结 DDL 与快照/写入守卫，不迁移旧 GEO。
INFO  [alembic.runtime.migration] Running upgrade 0048_geo_batches_runs -> 0049_geo_batch_creation, 创建幂等与批次主体引用；不修改已冻结的 Batch/Run 输入。
INFO  [alembic.runtime.migration] Running upgrade 0049_geo_batch_creation -> 0050_geo_answer_evidence, 新增不可变原始回答、引用和受控文件关系；不实现采集命令。
INFO  [alembic.runtime.migration] Running upgrade 0050_geo_answer_evidence -> 0051_geo_manual_collection, 人工草稿和不可变提交身份；不回填或修改已提交证据。
INFO  [alembic.runtime.migration] Running upgrade 0051_geo_manual_collection -> 0052_geo_profile_tests, API Profile 当前诊断资格与依赖失效；不修改业务历史。
INFO  [alembic.runtime.migration] Running upgrade 0052_geo_profile_tests -> 0053_geo_collection_admission, 加法保存预算预留与发送限速事实，历史 Run 和原始证据保持不变。
INFO  [alembic.runtime.migration] Running upgrade 0053_geo_collection_admission -> 0054_geo_analysis_contract, 分析输入/结果、追加复核与限定 current pointer；不回填历史证据。
INFO  [alembic.runtime.migration] Running upgrade 0054_geo_analysis_contract -> 0055_geo_analysis_worker, 分析执行租约与引用结果；不回填或重写已有 revision。
INFO  [alembic.runtime.migration] Running upgrade 0055_geo_analysis_worker -> 0056_geo_run_review, 受控人工复核发布；历史机器结果与Review不回填、不改写。
INFO  [alembic.runtime.migration] Running upgrade 0056_geo_run_review -> 0057_geo_insight_indexes, GEO-607：洞察日期候选索引，不改变历史数据或业务约束。
INFO  [alembic.runtime.migration] Running upgrade 0057_geo_insight_indexes -> 0058_geo_rule_configuration, GEO-701：当前规则配置和不可变 revision 历史，不回填既有评估。
INFO  [alembic.runtime.migration] Running upgrade 0058_geo_rule_configuration -> 0059_geo_opportunities, GEO-702：机会、追加来源/行动/评估及真实 Batch 来源外键。
INFO  [alembic.runtime.migration] Running upgrade 0059_geo_opportunities -> 0060_geo_opportunity_actions, GEO-704：行动来源快照、幂等回执与目标生命周期保护。
INFO  [alembic.runtime.migration] Running upgrade 0060_geo_opportunity_actions -> 0061_geo_retests, GEO-705：严格复测冻结基线、幂等回执和提交时矩阵验证。
INFO  [alembic.runtime.migration] Running upgrade 0061_geo_retests -> 0062_geo_opportunity_decisions, GEO-706：加法保存显式处理和不可变比较证据，不回填历史。
INFO  [alembic.runtime.migration] Running upgrade 0062_geo_opportunity_decisions -> 0063_geo_browser_sessions, GEO-802：仅增加受保护会话引用、撤销事实与审计动作。
INFO  [alembic.runtime.migration] Running upgrade 0063_geo_browser_sessions -> 0064_geo_retention, GEO 终态草稿清理墓碑；不改已提交证据、不回填历史。
INFO  [alembic.runtime.migration] Running upgrade 0064_geo_retention -> 0065_geo_observability, GEO有限运行健康元数据；加法迁移，不回填或修改业务历史。
_ ERROR at setup of test_wrong_paired_key_cannot_produce_successful_bundle[UPLOAD_SIGNING_SECRET] _

tmp_path = PosixPath('/tmp/pytest-of-root/pytest-0/test_wrong_paired_key_cannot_p1')
monkeypatch = <_pytest.monkeypatch.MonkeyPatch object at 0xf13209258770>

    @pytest.fixture
    def recovery_pg_tools(tmp_path, monkeypatch):
        container = os.environ.get("GEO_RECOVERY_PG_CONTAINER")
        if container:
            # 显式选择同一隔离 PG 容器的工具，不给生产连接提供自动回退。
            from sqlalchemy.engine import make_url
    
            admin = make_url(os.environ["PARTSIGNAL_TEST_DATABASE_URL"])
            mapped = subprocess.check_output(["docker", "port", container, "5432/tcp"], text=True)
            assert admin.host == "127.0.0.1" and f":{admin.port}" in mapped.splitlines()[0]
            tools = tmp_path / "pg-tools"
            tools.mkdir(mode=0o700)
            wrapper = """#!/usr/bin/env python3
    import os, subprocess, sys
    from pathlib import Path
    container = CONTAINER
    name = Path(sys.argv[0]).name
    args = sys.argv[1:]
    database = os.environ['PGDATABASE']
    if not database.startswith(('partsignal_geo903_source_', 'partsignal_e2e_')):
        raise SystemExit('隔离演练工具拒绝非测试库')
    command = ['docker', 'exec', '-i', '-e', 'PGUSER', '-e', 'PGDATABASE', container, name]
    if name in ('pg_dump', 'pg_restore'):
        index = args.index('--file')
        path = args[index+1]
        del args[index:index+2]
        if name == 'pg_dump':
            with open(path, 'xb') as output:
                raise SystemExit(subprocess.run(command+args, stdout=output).returncode)
        with open(args.pop(), 'rb') as incoming, open(path, 'xb') as output:
            result = subprocess.run(command+['--file=-']+args, stdin=incoming, stdout=output)
            raise SystemExit(result.returncode)
    index = args.index('--file')
    path = args[index+1]
    del args[index:index+2]
    with open(path, 'rb') as incoming:
        raise SystemExit(subprocess.run(command+args, stdin=incoming).returncode)
    """.replace("CONTAINER", repr(container))
            for tool in ("pg_dump", "pg_restore", "psql"):
                (tools / tool).write_text(wrapper)
                (tools / tool).chmod(0o700)
            monkeypatch.setenv("RECOVERY_PG_BIN", str(tools))
        if "RECOVERY_PG_BIN" not in os.environ:
>           pytest.fail("真实恢复需显式 RECOVERY_PG_BIN 或 GEO_RECOVERY_PG_CONTAINER，不能 skip")
E           Failed: 真实恢复需显式 RECOVERY_PG_BIN 或 GEO_RECOVERY_PG_CONTAINER，不能 skip

tests/integration/geo_recovery_support.py:88: Failed
---------------------------- Captured stderr setup -----------------------------
INFO  [alembic.runtime.migration] Context impl PostgresqlImpl.
INFO  [alembic.runtime.migration] Will assume transactional DDL.
INFO  [alembic.runtime.migration] Running upgrade  -> 0001_identity_audit, 创建身份、会话和审计表。
INFO  [alembic.runtime.migration] Running upgrade 0001_identity_audit -> 0002_product_facts, 创建规范化产品事实和不可变事实版本。
INFO  [alembic.runtime.migration] Running upgrade 0002_product_facts -> 0003_content_planning, 创建目标问题、平台规则版本和内容任务。
INFO  [alembic.runtime.migration] Running upgrade 0003_content_planning -> 0004_content_production, 创建 PostgreSQL 权威生成作业和不可变 Markdown 内容版本。
INFO  [alembic.runtime.migration] Running upgrade 0004_content_production -> 0005_content_review, 创建追加式内容审核记录。
INFO  [alembic.runtime.migration] Running upgrade 0005_content_review -> 0006_publication, 创建平台账号、人工发布记录和状态事件。
INFO  [alembic.runtime.migration] Running upgrade 0006_publication -> 0007_geo_observation, 创建追加式 GEO 观测及引用关联。
INFO  [alembic.runtime.migration] Running upgrade 0007_geo_observation -> 0008_files, 创建文件生命周期、附件关联并补加证据文件外键。
INFO  [alembic.runtime.migration] Running upgrade 0008_files -> 0009_config_center, 迁移账号类型、配置中心与真实 AI 生成字段。
INFO  [alembic.runtime.migration] Running upgrade 0009_config_center -> 0010_user_cleanup, 清理旧版职责账号并强制既有内容工程师改密。
INFO  [alembic.runtime.migration] Running upgrade 0010_user_cleanup -> 0011_generation_reliability, 增加生成作业补投递诊断字段与到期扫描索引。
INFO  [alembic.runtime.migration] Running upgrade 0011_generation_reliability -> 0012_ai_data_classification, 为生成输入增加显式数据分级与责任人记录。
INFO  [alembic.runtime.migration] Running upgrade 0012_ai_data_classification -> 0013_publication_closure, 增加发布异常待办、修复任务来源和发布平台一致性门禁。
INFO  [alembic.runtime.migration] Running upgrade 0013_publication_closure -> 0014_platform_prompt_ownership, 将当前 Prompt 所有权从平台类型迁移到具体平台。
INFO  [alembic.runtime.migration] Running upgrade 0014_platform_prompt_ownership -> 0015_platform_rule_draft_editing, 允许按修订号编辑平台规则草稿，并继续冻结已激活或退役正文。
INFO  [alembic.runtime.migration] Running upgrade 0015_platform_rule_draft_editing -> 0016_fact_review_cleanup, 允许受约束删除事实版本时清理其从属审核记录。
INFO  [alembic.runtime.migration] Running upgrade 0016_fact_review_cleanup -> 0017_content_humanization, 增加全局自然化 Prompt，并让现有 AI 作业承载自然化修订。
INFO  [alembic.runtime.migration] Running upgrade 0017_content_humanization -> 0018_manual_geo_observation, 增加产品级人工 GEO 观测，并保留旧模型观测历史。
INFO  [alembic.runtime.migration] Running upgrade 0018_manual_geo_observation -> 0019_product_driven_tasks, 允许新内容任务直接围绕产品创建，同时保留历史目标问题关联。
INFO  [alembic.runtime.migration] Running upgrade 0019_product_driven_tasks -> 0020_platform_branding_task_list, 为具体平台增加官网与单一来源 Logo。
INFO  [alembic.runtime.migration] Running upgrade 0020_platform_branding_task_list -> 0021_ai_channel_model_management, 补齐 AI 渠道身份字段与使用统计索引。
INFO  [alembic.runtime.migration] Running upgrade 0021_ai_channel_model_management -> 0022_geo_observation_insights, 补充人工 GEO 逐篇阶段事实与问题主题约束。
INFO  [alembic.runtime.migration] Running upgrade 0022_geo_observation_insights -> 0023_platform_management, 增加具体平台启停状态与管理聚合索引。
INFO  [alembic.runtime.migration] Running upgrade 0023_platform_management -> 0024_audit_outcome, 补齐审计模块、命令结果和安全结果说明。
INFO  [alembic.runtime.migration] Running upgrade 0024_audit_outcome -> 0025_markdown_facts, 将结构化产品事实收敛为 Markdown，并让内容任务直接绑定平台。
INFO  [alembic.runtime.migration] Running upgrade 0025_markdown_facts -> 0026_publication_account_dedup, 补齐发布账号修订约束，并阻止同平台规范化账号标识重复。
INFO  [alembic.runtime.migration] Running upgrade 0026_publication_account_dedup -> 0027_audit_user_delete_guard, 只允许受约束用户删除把匹配审计操作者置空。
INFO  [alembic.runtime.migration] Running upgrade 0027_audit_user_delete_guard -> 0028_platform_logo_lifecycle, 增加平台 Logo 的未引用保留、幂等删除状态与数据库门禁。
INFO  [alembic.runtime.migration] Running upgrade 0028_platform_logo_lifecycle -> 0029_geo_evidence_management, 收敛人工 GEO 独立事实，并为完整更正链删除增加事务门禁。
INFO  [alembic.runtime.migration] Running upgrade 0029_geo_evidence_management -> 0030_publication_record_delete, 为从未公开的发布聚合增加事务级受控删除门禁。
INFO  [alembic.runtime.migration] Running upgrade 0030_publication_record_delete -> 0031_reusable_platform_prompts, 把平台私有 Prompt 收敛为可复用模板和平台当前绑定。
INFO  [alembic.runtime.migration] Running upgrade 0031_reusable_platform_prompts -> 0032_content_task_idempotency, 为普通内容任务创建增加持久化请求键幂等约束。
INFO  [alembic.runtime.migration] Running upgrade 0032_content_task_idempotency -> 0033_task_owned_history_delete, 允许受控删除已取消任务自有的未批准生产历史。
INFO  [alembic.runtime.migration] Running upgrade 0033_task_owned_history_delete -> 0034_publication_redesign, 以发布工作、首次核验成果和发布后内容问题替换旧发布记录。
INFO  [alembic.runtime.migration] Running upgrade 0034_publication_redesign -> 0035_business_workflow, 建立事实提交、内容单主线、发布版本快照与 GEO 来源合同。
INFO  [alembic.runtime.migration] Running upgrade 0035_business_workflow -> 0036_remove_section_url, 删除没有稳定业务含义的发布栏目地址。
INFO  [alembic.runtime.migration] Running upgrade 0036_remove_section_url -> 0037_simplify_deletion_lifecycle, 收缩任务、配置与审计的删除生命周期。
INFO  [alembic.runtime.migration] Running upgrade 0037_simplify_deletion_lifecycle -> 0038_published_article_delete, 允许受控删除无 GEO 引用的发布成果聚合。
INFO  [alembic.runtime.migration] Running upgrade 0038_published_article_delete -> 0039_article_delete_platform, 允许归档任务在删除失效平台的发布成果后转为已取消。
INFO  [alembic.runtime.migration] Running upgrade 0039_article_delete_platform -> 0040_content_draft_management, 允许当前人工未审核草稿受控保存和彻底删除。
INFO  [alembic.runtime.migration] Running upgrade 0040_content_draft_management -> 0041_content_task_list, 补齐内容任务列表的稳定更新时间与排序索引。
INFO  [alembic.runtime.migration] Running upgrade 0041_content_task_list -> 0042_content_version_detail, 记录内容版本自身的真实更新时间。
INFO  [alembic.runtime.migration] Running upgrade 0042_content_version_detail -> 0043_geo_platform_identity, 冻结发布工作的平台 UUID，避免配置删除后 GEO 历史失去身份。
INFO  [alembic.runtime.migration] Running upgrade 0043_geo_platform_identity -> 0044_geo_catalog, 新增 GEO Catalog 三表；冻结本 revision，不读取运行时 ORM。
INFO  [alembic.runtime.migration] Running upgrade 0044_geo_catalog -> 0045_geo_prompt_variants, 仅新增问题变体，冻结规范化及历史锁存，不回填旧问题数组。
INFO  [alembic.runtime.migration] Running upgrade 0045_geo_prompt_variants -> 0046_geo_surfaces_profiles, 新增观测配置与闭合JSON合同；不回填旧GEO或实现运行资格。
INFO  [alembic.runtime.migration] Running upgrade 0046_geo_surfaces_profiles -> 0047_geo_monitoring_plans, 仅增加计划配置聚合；不创建批次、运行或改写历史观测。
INFO  [alembic.runtime.migration] Running upgrade 0047_geo_monitoring_plans -> 0048_geo_batches_runs, 新增独立回答级 Batch/Run，冻结 DDL 与快照/写入守卫，不迁移旧 GEO。
INFO  [alembic.runtime.migration] Running upgrade 0048_geo_batches_runs -> 0049_geo_batch_creation, 创建幂等与批次主体引用；不修改已冻结的 Batch/Run 输入。
INFO  [alembic.runtime.migration] Running upgrade 0049_geo_batch_creation -> 0050_geo_answer_evidence, 新增不可变原始回答、引用和受控文件关系；不实现采集命令。
INFO  [alembic.runtime.migration] Running upgrade 0050_geo_answer_evidence -> 0051_geo_manual_collection, 人工草稿和不可变提交身份；不回填或修改已提交证据。
INFO  [alembic.runtime.migration] Running upgrade 0051_geo_manual_collection -> 0052_geo_profile_tests, API Profile 当前诊断资格与依赖失效；不修改业务历史。
INFO  [alembic.runtime.migration] Running upgrade 0052_geo_profile_tests -> 0053_geo_collection_admission, 加法保存预算预留与发送限速事实，历史 Run 和原始证据保持不变。
INFO  [alembic.runtime.migration] Running upgrade 0053_geo_collection_admission -> 0054_geo_analysis_contract, 分析输入/结果、追加复核与限定 current pointer；不回填历史证据。
INFO  [alembic.runtime.migration] Running upgrade 0054_geo_analysis_contract -> 0055_geo_analysis_worker, 分析执行租约与引用结果；不回填或重写已有 revision。
INFO  [alembic.runtime.migration] Running upgrade 0055_geo_analysis_worker -> 0056_geo_run_review, 受控人工复核发布；历史机器结果与Review不回填、不改写。
INFO  [alembic.runtime.migration] Running upgrade 0056_geo_run_review -> 0057_geo_insight_indexes, GEO-607：洞察日期候选索引，不改变历史数据或业务约束。
INFO  [alembic.runtime.migration] Running upgrade 0057_geo_insight_indexes -> 0058_geo_rule_configuration, GEO-701：当前规则配置和不可变 revision 历史，不回填既有评估。
INFO  [alembic.runtime.migration] Running upgrade 0058_geo_rule_configuration -> 0059_geo_opportunities, GEO-702：机会、追加来源/行动/评估及真实 Batch 来源外键。
INFO  [alembic.runtime.migration] Running upgrade 0059_geo_opportunities -> 0060_geo_opportunity_actions, GEO-704：行动来源快照、幂等回执与目标生命周期保护。
INFO  [alembic.runtime.migration] Running upgrade 0060_geo_opportunity_actions -> 0061_geo_retests, GEO-705：严格复测冻结基线、幂等回执和提交时矩阵验证。
INFO  [alembic.runtime.migration] Running upgrade 0061_geo_retests -> 0062_geo_opportunity_decisions, GEO-706：加法保存显式处理和不可变比较证据，不回填历史。
INFO  [alembic.runtime.migration] Running upgrade 0062_geo_opportunity_decisions -> 0063_geo_browser_sessions, GEO-802：仅增加受保护会话引用、撤销事实与审计动作。
INFO  [alembic.runtime.migration] Running upgrade 0063_geo_browser_sessions -> 0064_geo_retention, GEO 终态草稿清理墓碑；不改已提交证据、不回填历史。
INFO  [alembic.runtime.migration] Running upgrade 0064_geo_retention -> 0065_geo_observability, GEO有限运行健康元数据；加法迁移，不回填或修改业务历史。
___ ERROR at setup of test_sigterm_cleans_owned_database_and_decrypted_files ___

tmp_path = PosixPath('/tmp/pytest-of-root/pytest-0/test_sigterm_cleans_owned_data0')
monkeypatch = <_pytest.monkeypatch.MonkeyPatch object at 0xf132019f69f0>

    @pytest.fixture
    def recovery_pg_tools(tmp_path, monkeypatch):
        container = os.environ.get("GEO_RECOVERY_PG_CONTAINER")
        if container:
            # 显式选择同一隔离 PG 容器的工具，不给生产连接提供自动回退。
            from sqlalchemy.engine import make_url
    
            admin = make_url(os.environ["PARTSIGNAL_TEST_DATABASE_URL"])
            mapped = subprocess.check_output(["docker", "port", container, "5432/tcp"], text=True)
            assert admin.host == "127.0.0.1" and f":{admin.port}" in mapped.splitlines()[0]
            tools = tmp_path / "pg-tools"
            tools.mkdir(mode=0o700)
            wrapper = """#!/usr/bin/env python3
    import os, subprocess, sys
    from pathlib import Path
    container = CONTAINER
    name = Path(sys.argv[0]).name
    args = sys.argv[1:]
    database = os.environ['PGDATABASE']
    if not database.startswith(('partsignal_geo903_source_', 'partsignal_e2e_')):
        raise SystemExit('隔离演练工具拒绝非测试库')
    command = ['docker', 'exec', '-i', '-e', 'PGUSER', '-e', 'PGDATABASE', container, name]
    if name in ('pg_dump', 'pg_restore'):
        index = args.index('--file')
        path = args[index+1]
        del args[index:index+2]
        if name == 'pg_dump':
            with open(path, 'xb') as output:
                raise SystemExit(subprocess.run(command+args, stdout=output).returncode)
        with open(args.pop(), 'rb') as incoming, open(path, 'xb') as output:
            result = subprocess.run(command+['--file=-']+args, stdin=incoming, stdout=output)
            raise SystemExit(result.returncode)
    index = args.index('--file')
    path = args[index+1]
    del args[index:index+2]
    with open(path, 'rb') as incoming:
        raise SystemExit(subprocess.run(command+args, stdin=incoming).returncode)
    """.replace("CONTAINER", repr(container))
            for tool in ("pg_dump", "pg_restore", "psql"):
                (tools / tool).write_text(wrapper)
                (tools / tool).chmod(0o700)
            monkeypatch.setenv("RECOVERY_PG_BIN", str(tools))
        if "RECOVERY_PG_BIN" not in os.environ:
>           pytest.fail("真实恢复需显式 RECOVERY_PG_BIN 或 GEO_RECOVERY_PG_CONTAINER，不能 skip")
E           Failed: 真实恢复需显式 RECOVERY_PG_BIN 或 GEO_RECOVERY_PG_CONTAINER，不能 skip

tests/integration/geo_recovery_support.py:88: Failed
---------------------------- Captured stderr setup -----------------------------
INFO  [alembic.runtime.migration] Context impl PostgresqlImpl.
INFO  [alembic.runtime.migration] Will assume transactional DDL.
INFO  [alembic.runtime.migration] Running upgrade  -> 0001_identity_audit, 创建身份、会话和审计表。
INFO  [alembic.runtime.migration] Running upgrade 0001_identity_audit -> 0002_product_facts, 创建规范化产品事实和不可变事实版本。
INFO  [alembic.runtime.migration] Running upgrade 0002_product_facts -> 0003_content_planning, 创建目标问题、平台规则版本和内容任务。
INFO  [alembic.runtime.migration] Running upgrade 0003_content_planning -> 0004_content_production, 创建 PostgreSQL 权威生成作业和不可变 Markdown 内容版本。
INFO  [alembic.runtime.migration] Running upgrade 0004_content_production -> 0005_content_review, 创建追加式内容审核记录。
INFO  [alembic.runtime.migration] Running upgrade 0005_content_review -> 0006_publication, 创建平台账号、人工发布记录和状态事件。
INFO  [alembic.runtime.migration] Running upgrade 0006_publication -> 0007_geo_observation, 创建追加式 GEO 观测及引用关联。
INFO  [alembic.runtime.migration] Running upgrade 0007_geo_observation -> 0008_files, 创建文件生命周期、附件关联并补加证据文件外键。
INFO  [alembic.runtime.migration] Running upgrade 0008_files -> 0009_config_center, 迁移账号类型、配置中心与真实 AI 生成字段。
INFO  [alembic.runtime.migration] Running upgrade 0009_config_center -> 0010_user_cleanup, 清理旧版职责账号并强制既有内容工程师改密。
INFO  [alembic.runtime.migration] Running upgrade 0010_user_cleanup -> 0011_generation_reliability, 增加生成作业补投递诊断字段与到期扫描索引。
INFO  [alembic.runtime.migration] Running upgrade 0011_generation_reliability -> 0012_ai_data_classification, 为生成输入增加显式数据分级与责任人记录。
INFO  [alembic.runtime.migration] Running upgrade 0012_ai_data_classification -> 0013_publication_closure, 增加发布异常待办、修复任务来源和发布平台一致性门禁。
INFO  [alembic.runtime.migration] Running upgrade 0013_publication_closure -> 0014_platform_prompt_ownership, 将当前 Prompt 所有权从平台类型迁移到具体平台。
INFO  [alembic.runtime.migration] Running upgrade 0014_platform_prompt_ownership -> 0015_platform_rule_draft_editing, 允许按修订号编辑平台规则草稿，并继续冻结已激活或退役正文。
INFO  [alembic.runtime.migration] Running upgrade 0015_platform_rule_draft_editing -> 0016_fact_review_cleanup, 允许受约束删除事实版本时清理其从属审核记录。
INFO  [alembic.runtime.migration] Running upgrade 0016_fact_review_cleanup -> 0017_content_humanization, 增加全局自然化 Prompt，并让现有 AI 作业承载自然化修订。
INFO  [alembic.runtime.migration] Running upgrade 0017_content_humanization -> 0018_manual_geo_observation, 增加产品级人工 GEO 观测，并保留旧模型观测历史。
INFO  [alembic.runtime.migration] Running upgrade 0018_manual_geo_observation -> 0019_product_driven_tasks, 允许新内容任务直接围绕产品创建，同时保留历史目标问题关联。
INFO  [alembic.runtime.migration] Running upgrade 0019_product_driven_tasks -> 0020_platform_branding_task_list, 为具体平台增加官网与单一来源 Logo。
INFO  [alembic.runtime.migration] Running upgrade 0020_platform_branding_task_list -> 0021_ai_channel_model_management, 补齐 AI 渠道身份字段与使用统计索引。
INFO  [alembic.runtime.migration] Running upgrade 0021_ai_channel_model_management -> 0022_geo_observation_insights, 补充人工 GEO 逐篇阶段事实与问题主题约束。
INFO  [alembic.runtime.migration] Running upgrade 0022_geo_observation_insights -> 0023_platform_management, 增加具体平台启停状态与管理聚合索引。
INFO  [alembic.runtime.migration] Running upgrade 0023_platform_management -> 0024_audit_outcome, 补齐审计模块、命令结果和安全结果说明。
INFO  [alembic.runtime.migration] Running upgrade 0024_audit_outcome -> 0025_markdown_facts, 将结构化产品事实收敛为 Markdown，并让内容任务直接绑定平台。
INFO  [alembic.runtime.migration] Running upgrade 0025_markdown_facts -> 0026_publication_account_dedup, 补齐发布账号修订约束，并阻止同平台规范化账号标识重复。
INFO  [alembic.runtime.migration] Running upgrade 0026_publication_account_dedup -> 0027_audit_user_delete_guard, 只允许受约束用户删除把匹配审计操作者置空。
INFO  [alembic.runtime.migration] Running upgrade 0027_audit_user_delete_guard -> 0028_platform_logo_lifecycle, 增加平台 Logo 的未引用保留、幂等删除状态与数据库门禁。
INFO  [alembic.runtime.migration] Running upgrade 0028_platform_logo_lifecycle -> 0029_geo_evidence_management, 收敛人工 GEO 独立事实，并为完整更正链删除增加事务门禁。
INFO  [alembic.runtime.migration] Running upgrade 0029_geo_evidence_management -> 0030_publication_record_delete, 为从未公开的发布聚合增加事务级受控删除门禁。
INFO  [alembic.runtime.migration] Running upgrade 0030_publication_record_delete -> 0031_reusable_platform_prompts, 把平台私有 Prompt 收敛为可复用模板和平台当前绑定。
INFO  [alembic.runtime.migration] Running upgrade 0031_reusable_platform_prompts -> 0032_content_task_idempotency, 为普通内容任务创建增加持久化请求键幂等约束。
INFO  [alembic.runtime.migration] Running upgrade 0032_content_task_idempotency -> 0033_task_owned_history_delete, 允许受控删除已取消任务自有的未批准生产历史。
INFO  [alembic.runtime.migration] Running upgrade 0033_task_owned_history_delete -> 0034_publication_redesign, 以发布工作、首次核验成果和发布后内容问题替换旧发布记录。
INFO  [alembic.runtime.migration] Running upgrade 0034_publication_redesign -> 0035_business_workflow, 建立事实提交、内容单主线、发布版本快照与 GEO 来源合同。
INFO  [alembic.runtime.migration] Running upgrade 0035_business_workflow -> 0036_remove_section_url, 删除没有稳定业务含义的发布栏目地址。
INFO  [alembic.runtime.migration] Running upgrade 0036_remove_section_url -> 0037_simplify_deletion_lifecycle, 收缩任务、配置与审计的删除生命周期。
INFO  [alembic.runtime.migration] Running upgrade 0037_simplify_deletion_lifecycle -> 0038_published_article_delete, 允许受控删除无 GEO 引用的发布成果聚合。
INFO  [alembic.runtime.migration] Running upgrade 0038_published_article_delete -> 0039_article_delete_platform, 允许归档任务在删除失效平台的发布成果后转为已取消。
INFO  [alembic.runtime.migration] Running upgrade 0039_article_delete_platform -> 0040_content_draft_management, 允许当前人工未审核草稿受控保存和彻底删除。
INFO  [alembic.runtime.migration] Running upgrade 0040_content_draft_management -> 0041_content_task_list, 补齐内容任务列表的稳定更新时间与排序索引。
INFO  [alembic.runtime.migration] Running upgrade 0041_content_task_list -> 0042_content_version_detail, 记录内容版本自身的真实更新时间。
INFO  [alembic.runtime.migration] Running upgrade 0042_content_version_detail -> 0043_geo_platform_identity, 冻结发布工作的平台 UUID，避免配置删除后 GEO 历史失去身份。
INFO  [alembic.runtime.migration] Running upgrade 0043_geo_platform_identity -> 0044_geo_catalog, 新增 GEO Catalog 三表；冻结本 revision，不读取运行时 ORM。
INFO  [alembic.runtime.migration] Running upgrade 0044_geo_catalog -> 0045_geo_prompt_variants, 仅新增问题变体，冻结规范化及历史锁存，不回填旧问题数组。
INFO  [alembic.runtime.migration] Running upgrade 0045_geo_prompt_variants -> 0046_geo_surfaces_profiles, 新增观测配置与闭合JSON合同；不回填旧GEO或实现运行资格。
INFO  [alembic.runtime.migration] Running upgrade 0046_geo_surfaces_profiles -> 0047_geo_monitoring_plans, 仅增加计划配置聚合；不创建批次、运行或改写历史观测。
INFO  [alembic.runtime.migration] Running upgrade 0047_geo_monitoring_plans -> 0048_geo_batches_runs, 新增独立回答级 Batch/Run，冻结 DDL 与快照/写入守卫，不迁移旧 GEO。
INFO  [alembic.runtime.migration] Running upgrade 0048_geo_batches_runs -> 0049_geo_batch_creation, 创建幂等与批次主体引用；不修改已冻结的 Batch/Run 输入。
INFO  [alembic.runtime.migration] Running upgrade 0049_geo_batch_creation -> 0050_geo_answer_evidence, 新增不可变原始回答、引用和受控文件关系；不实现采集命令。
INFO  [alembic.runtime.migration] Running upgrade 0050_geo_answer_evidence -> 0051_geo_manual_collection, 人工草稿和不可变提交身份；不回填或修改已提交证据。
INFO  [alembic.runtime.migration] Running upgrade 0051_geo_manual_collection -> 0052_geo_profile_tests, API Profile 当前诊断资格与依赖失效；不修改业务历史。
INFO  [alembic.runtime.migration] Running upgrade 0052_geo_profile_tests -> 0053_geo_collection_admission, 加法保存预算预留与发送限速事实，历史 Run 和原始证据保持不变。
INFO  [alembic.runtime.migration] Running upgrade 0053_geo_collection_admission -> 0054_geo_analysis_contract, 分析输入/结果、追加复核与限定 current pointer；不回填历史证据。
INFO  [alembic.runtime.migration] Running upgrade 0054_geo_analysis_contract -> 0055_geo_analysis_worker, 分析执行租约与引用结果；不回填或重写已有 revision。
INFO  [alembic.runtime.migration] Running upgrade 0055_geo_analysis_worker -> 0056_geo_run_review, 受控人工复核发布；历史机器结果与Review不回填、不改写。
INFO  [alembic.runtime.migration] Running upgrade 0056_geo_run_review -> 0057_geo_insight_indexes, GEO-607：洞察日期候选索引，不改变历史数据或业务约束。
INFO  [alembic.runtime.migration] Running upgrade 0057_geo_insight_indexes -> 0058_geo_rule_configuration, GEO-701：当前规则配置和不可变 revision 历史，不回填既有评估。
INFO  [alembic.runtime.migration] Running upgrade 0058_geo_rule_configuration -> 0059_geo_opportunities, GEO-702：机会、追加来源/行动/评估及真实 Batch 来源外键。
INFO  [alembic.runtime.migration] Running upgrade 0059_geo_opportunities -> 0060_geo_opportunity_actions, GEO-704：行动来源快照、幂等回执与目标生命周期保护。
INFO  [alembic.runtime.migration] Running upgrade 0060_geo_opportunity_actions -> 0061_geo_retests, GEO-705：严格复测冻结基线、幂等回执和提交时矩阵验证。
INFO  [alembic.runtime.migration] Running upgrade 0061_geo_retests -> 0062_geo_opportunity_decisions, GEO-706：加法保存显式处理和不可变比较证据，不回填历史。
INFO  [alembic.runtime.migration] Running upgrade 0062_geo_opportunity_decisions -> 0063_geo_browser_sessions, GEO-802：仅增加受保护会话引用、撤销事实与审计动作。
INFO  [alembic.runtime.migration] Running upgrade 0063_geo_browser_sessions -> 0064_geo_retention, GEO 终态草稿清理墓碑；不改已提交证据、不回填历史。
INFO  [alembic.runtime.migration] Running upgrade 0064_geo_retention -> 0065_geo_observability, GEO有限运行健康元数据；加法迁移，不回填或修改业务历史。
=================================== FAILURES ===================================
___________ test_head_verified_association_and_gc_retains_both_refs ____________

    @contextlib.contextmanager
    def map_httpcore_exceptions() -> typing.Iterator[None]:
        global HTTPCORE_EXC_MAP
        if len(HTTPCORE_EXC_MAP) == 0:
            HTTPCORE_EXC_MAP = _load_httpcore_exceptions()
        try:
>           yield

/opt/venv/lib/python3.12/site-packages/httpx/_transports/default.py:101: 
_ _ _ _ _ _ _ _ _ _ _ _ _ _ _ _ _ _ _ _ _ _ _ _ _ _ _ _ _ _ _ _ _ _ _ _ _ _ _ _ 
/opt/venv/lib/python3.12/site-packages/httpx/_transports/default.py:250: in handle_request
    resp = self._pool.handle_request(req)
           ^^^^^^^^^^^^^^^^^^^^^^^^^^^^^^
/opt/venv/lib/python3.12/site-packages/httpcore/_sync/connection_pool.py:256: in handle_request
    raise exc from None
/opt/venv/lib/python3.12/site-packages/httpcore/_sync/connection_pool.py:236: in handle_request
    response = connection.handle_request(
/opt/venv/lib/python3.12/site-packages/httpcore/_sync/connection.py:101: in handle_request
    raise exc
/opt/venv/lib/python3.12/site-packages/httpcore/_sync/connection.py:78: in handle_request
    stream = self._connect(request)
             ^^^^^^^^^^^^^^^^^^^^^^
/opt/venv/lib/python3.12/site-packages/httpcore/_sync/connection.py:124: in _connect
    stream = self._network_backend.connect_tcp(**kwargs)
             ^^^^^^^^^^^^^^^^^^^^^^^^^^^^^^^^^^^^^^^^^^^
/opt/venv/lib/python3.12/site-packages/httpcore/_backends/sync.py:207: in connect_tcp
    with map_exceptions(exc_map):
         ^^^^^^^^^^^^^^^^^^^^^^^
/usr/local/lib/python3.12/contextlib.py:158: in __exit__
    self.gen.throw(value)
_ _ _ _ _ _ _ _ _ _ _ _ _ _ _ _ _ _ _ _ _ _ _ _ _ _ _ _ _ _ _ _ _ _ _ _ _ _ _ _ 

map = {<class 'TimeoutError'>: <class 'httpcore.ConnectTimeout'>, <class 'OSError'>: <class 'httpcore.ConnectError'>}

    @contextlib.contextmanager
    def map_exceptions(map: ExceptionMapping) -> typing.Iterator[None]:
        try:
            yield
        except Exception as exc:  # noqa: PIE786
            for from_exc, to_exc in map.items():
                if isinstance(exc, from_exc):
>                   raise to_exc(exc) from exc
E                   httpcore.ConnectError: [Errno -2] Name or service not known

/opt/venv/lib/python3.12/site-packages/httpcore/_exceptions.py:14: ConnectError

The above exception was the direct cause of the following exception:

self = <app.services.storage.DevelopmentEvidenceStorage object at 0xf13202ec8f20>
object_key = 'geo304/86b6296c-c33e-449b-82c3-410a550b8c3e.txt'
data = b'{"answer":"fixture"}'

    def put(
        self,
        object_key: str,
        data: bytes,
        *,
        content_type: str,
        sha256: str,
    ) -> None:
        """通过内部签名 URL 保存服务端已经校验的对象。"""
        expires_at = datetime.now(UTC) + timedelta(seconds=60)
        url = signed_storage_url("upload", object_key, expires_at, internal=True)
        try:
>           response = httpx.put(
                url,
                content=data,
                headers={"content-type": content_type, "x-meta-sha256": sha256},
                timeout=10,
            )

app/services/storage.py:131: 
_ _ _ _ _ _ _ _ _ _ _ _ _ _ _ _ _ _ _ _ _ _ _ _ _ _ _ _ _ _ _ _ _ _ _ _ _ _ _ _ 
/opt/venv/lib/python3.12/site-packages/httpx/_api.py:345: in put
    return request(
/opt/venv/lib/python3.12/site-packages/httpx/_api.py:109: in request
    return client.request(
/opt/venv/lib/python3.12/site-packages/httpx/_client.py:825: in request
    return self.send(request, auth=auth, follow_redirects=follow_redirects)
           ^^^^^^^^^^^^^^^^^^^^^^^^^^^^^^^^^^^^^^^^^^^^^^^^^^^^^^^^^^^^^^^^
/opt/venv/lib/python3.12/site-packages/httpx/_client.py:914: in send
    response = self._send_handling_auth(
/opt/venv/lib/python3.12/site-packages/httpx/_client.py:942: in _send_handling_auth
    response = self._send_handling_redirects(
/opt/venv/lib/python3.12/site-packages/httpx/_client.py:979: in _send_handling_redirects
    response = self._send_single_request(request)
               ^^^^^^^^^^^^^^^^^^^^^^^^^^^^^^^^^^
/opt/venv/lib/python3.12/site-packages/httpx/_client.py:1014: in _send_single_request
    response = transport.handle_request(request)
               ^^^^^^^^^^^^^^^^^^^^^^^^^^^^^^^^^
/opt/venv/lib/python3.12/site-packages/httpx/_transports/default.py:249: in handle_request
    with map_httpcore_exceptions():
         ^^^^^^^^^^^^^^^^^^^^^^^^^
/usr/local/lib/python3.12/contextlib.py:158: in __exit__
    self.gen.throw(value)
_ _ _ _ _ _ _ _ _ _ _ _ _ _ _ _ _ _ _ _ _ _ _ _ _ _ _ _ _ _ _ _ _ _ _ _ _ _ _ _ 

    @contextlib.contextmanager
    def map_httpcore_exceptions() -> typing.Iterator[None]:
        global HTTPCORE_EXC_MAP
        if len(HTTPCORE_EXC_MAP) == 0:
            HTTPCORE_EXC_MAP = _load_httpcore_exceptions()
        try:
            yield
        except Exception as exc:
            mapped_exc = None
    
            for from_exc, to_exc in HTTPCORE_EXC_MAP.items():
                if not isinstance(exc, from_exc):
                    continue
                # We want to map to the most specific exception we can find.
                # Eg if `exc` is an `httpcore.ReadTimeout`, we want to map to
                # `httpx.ReadTimeout`, not just `httpx.TimeoutException`.
                if mapped_exc is None or issubclass(to_exc, mapped_exc):
                    mapped_exc = to_exc
    
            if mapped_exc is None:  # pragma: no cover
                raise
    
            message = str(exc)
>           raise mapped_exc(message) from exc
E           httpx.ConnectError: [Errno -2] Name or service not known

/opt/venv/lib/python3.12/site-packages/httpx/_transports/default.py:118: ConnectError

The above exception was the direct cause of the following exception:

answer_database = AnswerDatabase(runs=RunDatabase(plan=PlanDatabase(url='postgresql://partsignal:partsignal_dev@postgres:5432/partsignal...ind': 'LEGACY_MODEL_RESULT', 'web_search_enabled': True},)]]), legacy_run=UUID('5b2fa516-0641-40c0-8250-61c4ff153a08'))
engine = Engine(postgresql+psycopg://partsignal:***@postgres:5432/partsignal_geo206_e8100aee13)
storage = <app.services.storage.DevelopmentEvidenceStorage object at 0xf13202ec8f20>

>   ???

/Users/sc/PycharmProjects/partsignal/backend/tests/integration/test_geo_answer_files.py:76: 
_ _ _ _ _ _ _ _ _ _ _ _ _ _ _ _ _ _ _ _ _ _ _ _ _ _ _ _ _ _ _ _ _ _ _ _ _ _ _ _ 
/Users/sc/PycharmProjects/partsignal/backend/tests/integration/test_geo_answer_files.py:59: in evidence
    ???
_ _ _ _ _ _ _ _ _ _ _ _ _ _ _ _ _ _ _ _ _ _ _ _ _ _ _ _ _ _ _ _ _ _ _ _ _ _ _ _ 

self = <app.services.storage.DevelopmentEvidenceStorage object at 0xf13202ec8f20>
object_key = 'geo304/86b6296c-c33e-449b-82c3-410a550b8c3e.txt'
data = b'{"answer":"fixture"}'

    def put(
        self,
        object_key: str,
        data: bytes,
        *,
        content_type: str,
        sha256: str,
    ) -> None:
        """通过内部签名 URL 保存服务端已经校验的对象。"""
        expires_at = datetime.now(UTC) + timedelta(seconds=60)
        url = signed_storage_url("upload", object_key, expires_at, internal=True)
        try:
            response = httpx.put(
                url,
                content=data,
                headers={"content-type": content_type, "x-meta-sha256": sha256},
                timeout=10,
            )
            response.raise_for_status()
        except (httpx.HTTPStatusError, httpx.RequestError) as error:
>           raise StorageUnavailable("开发对象存储 PUT 请求失败") from error
E           app.services.storage.StorageUnavailable: 开发对象存储 PUT 请求失败

app/services/storage.py:139: StorageUnavailable
---------------------------- Captured stderr setup -----------------------------
INFO  [alembic.runtime.migration] Context impl PostgresqlImpl.
INFO  [alembic.runtime.migration] Will assume transactional DDL.
INFO  [alembic.runtime.migration] Running upgrade  -> 0001_identity_audit, 创建身份、会话和审计表。
INFO  [alembic.runtime.migration] Running upgrade 0001_identity_audit -> 0002_product_facts, 创建规范化产品事实和不可变事实版本。
INFO  [alembic.runtime.migration] Running upgrade 0002_product_facts -> 0003_content_planning, 创建目标问题、平台规则版本和内容任务。
INFO  [alembic.runtime.migration] Running upgrade 0003_content_planning -> 0004_content_production, 创建 PostgreSQL 权威生成作业和不可变 Markdown 内容版本。
INFO  [alembic.runtime.migration] Running upgrade 0004_content_production -> 0005_content_review, 创建追加式内容审核记录。
INFO  [alembic.runtime.migration] Running upgrade 0005_content_review -> 0006_publication, 创建平台账号、人工发布记录和状态事件。
INFO  [alembic.runtime.migration] Running upgrade 0006_publication -> 0007_geo_observation, 创建追加式 GEO 观测及引用关联。
INFO  [alembic.runtime.migration] Running upgrade 0007_geo_observation -> 0008_files, 创建文件生命周期、附件关联并补加证据文件外键。
INFO  [alembic.runtime.migration] Running upgrade 0008_files -> 0009_config_center, 迁移账号类型、配置中心与真实 AI 生成字段。
INFO  [alembic.runtime.migration] Running upgrade 0009_config_center -> 0010_user_cleanup, 清理旧版职责账号并强制既有内容工程师改密。
INFO  [alembic.runtime.migration] Running upgrade 0010_user_cleanup -> 0011_generation_reliability, 增加生成作业补投递诊断字段与到期扫描索引。
INFO  [alembic.runtime.migration] Running upgrade 0011_generation_reliability -> 0012_ai_data_classification, 为生成输入增加显式数据分级与责任人记录。
INFO  [alembic.runtime.migration] Running upgrade 0012_ai_data_classification -> 0013_publication_closure, 增加发布异常待办、修复任务来源和发布平台一致性门禁。
INFO  [alembic.runtime.migration] Running upgrade 0013_publication_closure -> 0014_platform_prompt_ownership, 将当前 Prompt 所有权从平台类型迁移到具体平台。
INFO  [alembic.runtime.migration] Running upgrade 0014_platform_prompt_ownership -> 0015_platform_rule_draft_editing, 允许按修订号编辑平台规则草稿，并继续冻结已激活或退役正文。
INFO  [alembic.runtime.migration] Running upgrade 0015_platform_rule_draft_editing -> 0016_fact_review_cleanup, 允许受约束删除事实版本时清理其从属审核记录。
INFO  [alembic.runtime.migration] Running upgrade 0016_fact_review_cleanup -> 0017_content_humanization, 增加全局自然化 Prompt，并让现有 AI 作业承载自然化修订。
INFO  [alembic.runtime.migration] Running upgrade 0017_content_humanization -> 0018_manual_geo_observation, 增加产品级人工 GEO 观测，并保留旧模型观测历史。
INFO  [alembic.runtime.migration] Running upgrade 0018_manual_geo_observation -> 0019_product_driven_tasks, 允许新内容任务直接围绕产品创建，同时保留历史目标问题关联。
INFO  [alembic.runtime.migration] Running upgrade 0019_product_driven_tasks -> 0020_platform_branding_task_list, 为具体平台增加官网与单一来源 Logo。
INFO  [alembic.runtime.migration] Running upgrade 0020_platform_branding_task_list -> 0021_ai_channel_model_management, 补齐 AI 渠道身份字段与使用统计索引。
INFO  [alembic.runtime.migration] Running upgrade 0021_ai_channel_model_management -> 0022_geo_observation_insights, 补充人工 GEO 逐篇阶段事实与问题主题约束。
INFO  [alembic.runtime.migration] Running upgrade 0022_geo_observation_insights -> 0023_platform_management, 增加具体平台启停状态与管理聚合索引。
INFO  [alembic.runtime.migration] Running upgrade 0023_platform_management -> 0024_audit_outcome, 补齐审计模块、命令结果和安全结果说明。
INFO  [alembic.runtime.migration] Running upgrade 0024_audit_outcome -> 0025_markdown_facts, 将结构化产品事实收敛为 Markdown，并让内容任务直接绑定平台。
INFO  [alembic.runtime.migration] Running upgrade 0025_markdown_facts -> 0026_publication_account_dedup, 补齐发布账号修订约束，并阻止同平台规范化账号标识重复。
INFO  [alembic.runtime.migration] Running upgrade 0026_publication_account_dedup -> 0027_audit_user_delete_guard, 只允许受约束用户删除把匹配审计操作者置空。
INFO  [alembic.runtime.migration] Running upgrade 0027_audit_user_delete_guard -> 0028_platform_logo_lifecycle, 增加平台 Logo 的未引用保留、幂等删除状态与数据库门禁。
INFO  [alembic.runtime.migration] Running upgrade 0028_platform_logo_lifecycle -> 0029_geo_evidence_management, 收敛人工 GEO 独立事实，并为完整更正链删除增加事务门禁。
INFO  [alembic.runtime.migration] Running upgrade 0029_geo_evidence_management -> 0030_publication_record_delete, 为从未公开的发布聚合增加事务级受控删除门禁。
INFO  [alembic.runtime.migration] Running upgrade 0030_publication_record_delete -> 0031_reusable_platform_prompts, 把平台私有 Prompt 收敛为可复用模板和平台当前绑定。
INFO  [alembic.runtime.migration] Running upgrade 0031_reusable_platform_prompts -> 0032_content_task_idempotency, 为普通内容任务创建增加持久化请求键幂等约束。
INFO  [alembic.runtime.migration] Running upgrade 0032_content_task_idempotency -> 0033_task_owned_history_delete, 允许受控删除已取消任务自有的未批准生产历史。
INFO  [alembic.runtime.migration] Running upgrade 0033_task_owned_history_delete -> 0034_publication_redesign, 以发布工作、首次核验成果和发布后内容问题替换旧发布记录。
INFO  [alembic.runtime.migration] Running upgrade 0034_publication_redesign -> 0035_business_workflow, 建立事实提交、内容单主线、发布版本快照与 GEO 来源合同。
INFO  [alembic.runtime.migration] Running upgrade 0035_business_workflow -> 0036_remove_section_url, 删除没有稳定业务含义的发布栏目地址。
INFO  [alembic.runtime.migration] Running upgrade 0036_remove_section_url -> 0037_simplify_deletion_lifecycle, 收缩任务、配置与审计的删除生命周期。
INFO  [alembic.runtime.migration] Running upgrade 0037_simplify_deletion_lifecycle -> 0038_published_article_delete, 允许受控删除无 GEO 引用的发布成果聚合。
INFO  [alembic.runtime.migration] Running upgrade 0038_published_article_delete -> 0039_article_delete_platform, 允许归档任务在删除失效平台的发布成果后转为已取消。
INFO  [alembic.runtime.migration] Running upgrade 0039_article_delete_platform -> 0040_content_draft_management, 允许当前人工未审核草稿受控保存和彻底删除。
INFO  [alembic.runtime.migration] Running upgrade 0040_content_draft_management -> 0041_content_task_list, 补齐内容任务列表的稳定更新时间与排序索引。
INFO  [alembic.runtime.migration] Running upgrade 0041_content_task_list -> 0042_content_version_detail, 记录内容版本自身的真实更新时间。
INFO  [alembic.runtime.migration] Running upgrade 0042_content_version_detail -> 0043_geo_platform_identity, 冻结发布工作的平台 UUID，避免配置删除后 GEO 历史失去身份。
INFO  [alembic.runtime.migration] Running upgrade 0043_geo_platform_identity -> 0044_geo_catalog, 新增 GEO Catalog 三表；冻结本 revision，不读取运行时 ORM。
INFO  [alembic.runtime.migration] Running upgrade 0044_geo_catalog -> 0045_geo_prompt_variants, 仅新增问题变体，冻结规范化及历史锁存，不回填旧问题数组。
INFO  [alembic.runtime.migration] Running upgrade 0045_geo_prompt_variants -> 0046_geo_surfaces_profiles, 新增观测配置与闭合JSON合同；不回填旧GEO或实现运行资格。
INFO  [alembic.runtime.migration] Context impl PostgresqlImpl.
INFO  [alembic.runtime.migration] Will assume transactional DDL.
INFO  [alembic.runtime.migration] Running upgrade 0046_geo_surfaces_profiles -> 0047_geo_monitoring_plans, 仅增加计划配置聚合；不创建批次、运行或改写历史观测。
INFO  [alembic.runtime.migration] Context impl PostgresqlImpl.
INFO  [alembic.runtime.migration] Will assume transactional DDL.
INFO  [alembic.runtime.migration] Running upgrade 0047_geo_monitoring_plans -> 0048_geo_batches_runs, 新增独立回答级 Batch/Run，冻结 DDL 与快照/写入守卫，不迁移旧 GEO。
INFO  [alembic.runtime.migration] Context impl PostgresqlImpl.
INFO  [alembic.runtime.migration] Will assume transactional DDL.
INFO  [alembic.runtime.migration] Running upgrade 0048_geo_batches_runs -> 0049_geo_batch_creation, 创建幂等与批次主体引用；不修改已冻结的 Batch/Run 输入。
INFO  [alembic.runtime.migration] Context impl PostgresqlImpl.
INFO  [alembic.runtime.migration] Will assume transactional DDL.
INFO  [alembic.runtime.migration] Running upgrade 0049_geo_batch_creation -> 0050_geo_answer_evidence, 新增不可变原始回答、引用和受控文件关系；不实现采集命令。
INFO  [alembic.runtime.migration] Running upgrade 0050_geo_answer_evidence -> 0051_geo_manual_collection, 人工草稿和不可变提交身份；不回填或修改已提交证据。
INFO  [alembic.runtime.migration] Running upgrade 0051_geo_manual_collection -> 0052_geo_profile_tests, API Profile 当前诊断资格与依赖失效；不修改业务历史。
INFO  [alembic.runtime.migration] Running upgrade 0052_geo_profile_tests -> 0053_geo_collection_admission, 加法保存预算预留与发送限速事实，历史 Run 和原始证据保持不变。
INFO  [alembic.runtime.migration] Running upgrade 0053_geo_collection_admission -> 0054_geo_analysis_contract, 分析输入/结果、追加复核与限定 current pointer；不回填历史证据。
INFO  [alembic.runtime.migration] Running upgrade 0054_geo_analysis_contract -> 0055_geo_analysis_worker, 分析执行租约与引用结果；不回填或重写已有 revision。
INFO  [alembic.runtime.migration] Running upgrade 0055_geo_analysis_worker -> 0056_geo_run_review, 受控人工复核发布；历史机器结果与Review不回填、不改写。
INFO  [alembic.runtime.migration] Running upgrade 0056_geo_run_review -> 0057_geo_insight_indexes, GEO-607：洞察日期候选索引，不改变历史数据或业务约束。
INFO  [alembic.runtime.migration] Running upgrade 0057_geo_insight_indexes -> 0058_geo_rule_configuration, GEO-701：当前规则配置和不可变 revision 历史，不回填既有评估。
INFO  [alembic.runtime.migration] Running upgrade 0058_geo_rule_configuration -> 0059_geo_opportunities, GEO-702：机会、追加来源/行动/评估及真实 Batch 来源外键。
INFO  [alembic.runtime.migration] Running upgrade 0059_geo_opportunities -> 0060_geo_opportunity_actions, GEO-704：行动来源快照、幂等回执与目标生命周期保护。
INFO  [alembic.runtime.migration] Running upgrade 0060_geo_opportunity_actions -> 0061_geo_retests, GEO-705：严格复测冻结基线、幂等回执和提交时矩阵验证。
INFO  [alembic.runtime.migration] Running upgrade 0061_geo_retests -> 0062_geo_opportunity_decisions, GEO-706：加法保存显式处理和不可变比较证据，不回填历史。
INFO  [alembic.runtime.migration] Running upgrade 0062_geo_opportunity_decisions -> 0063_geo_browser_sessions, GEO-802：仅增加受保护会话引用、撤销事实与审计动作。
INFO  [alembic.runtime.migration] Running upgrade 0063_geo_browser_sessions -> 0064_geo_retention, GEO 终态草稿清理墓碑；不改已提交证据、不回填历史。
INFO  [alembic.runtime.migration] Running upgrade 0064_geo_retention -> 0065_geo_observability, GEO有限运行健康元数据；加法迁移，不回填或修改业务历史。
_ test_recheck_does_not_accept_changed_or_missing_object[owner-PERMISSION_DENIED-403] _

    @contextlib.contextmanager
    def map_httpcore_exceptions() -> typing.Iterator[None]:
        global HTTPCORE_EXC_MAP
        if len(HTTPCORE_EXC_MAP) == 0:
            HTTPCORE_EXC_MAP = _load_httpcore_exceptions()
        try:
>           yield

/opt/venv/lib/python3.12/site-packages/httpx/_transports/default.py:101: 
_ _ _ _ _ _ _ _ _ _ _ _ _ _ _ _ _ _ _ _ _ _ _ _ _ _ _ _ _ _ _ _ _ _ _ _ _ _ _ _ 
/opt/venv/lib/python3.12/site-packages/httpx/_transports/default.py:250: in handle_request
    resp = self._pool.handle_request(req)
           ^^^^^^^^^^^^^^^^^^^^^^^^^^^^^^
/opt/venv/lib/python3.12/site-packages/httpcore/_sync/connection_pool.py:256: in handle_request
    raise exc from None
/opt/venv/lib/python3.12/site-packages/httpcore/_sync/connection_pool.py:236: in handle_request
    response = connection.handle_request(
/opt/venv/lib/python3.12/site-packages/httpcore/_sync/connection.py:101: in handle_request
    raise exc
/opt/venv/lib/python3.12/site-packages/httpcore/_sync/connection.py:78: in handle_request
    stream = self._connect(request)
             ^^^^^^^^^^^^^^^^^^^^^^
/opt/venv/lib/python3.12/site-packages/httpcore/_sync/connection.py:124: in _connect
    stream = self._network_backend.connect_tcp(**kwargs)
             ^^^^^^^^^^^^^^^^^^^^^^^^^^^^^^^^^^^^^^^^^^^
/opt/venv/lib/python3.12/site-packages/httpcore/_backends/sync.py:207: in connect_tcp
    with map_exceptions(exc_map):
         ^^^^^^^^^^^^^^^^^^^^^^^
/usr/local/lib/python3.12/contextlib.py:158: in __exit__
    self.gen.throw(value)
_ _ _ _ _ _ _ _ _ _ _ _ _ _ _ _ _ _ _ _ _ _ _ _ _ _ _ _ _ _ _ _ _ _ _ _ _ _ _ _ 

map = {<class 'TimeoutError'>: <class 'httpcore.ConnectTimeout'>, <class 'OSError'>: <class 'httpcore.ConnectError'>}

    @contextlib.contextmanager
    def map_exceptions(map: ExceptionMapping) -> typing.Iterator[None]:
        try:
            yield
        except Exception as exc:  # noqa: PIE786
            for from_exc, to_exc in map.items():
                if isinstance(exc, from_exc):
>                   raise to_exc(exc) from exc
E                   httpcore.ConnectError: [Errno -2] Name or service not known

/opt/venv/lib/python3.12/site-packages/httpcore/_exceptions.py:14: ConnectError

The above exception was the direct cause of the following exception:

self = <app.services.storage.DevelopmentEvidenceStorage object at 0xf13202c87560>
object_key = 'geo304/75a64d1d-2e91-4862-a054-afe1f31d0e2f.txt'
data = b'{"answer":"fixture"}'

    def put(
        self,
        object_key: str,
        data: bytes,
        *,
        content_type: str,
        sha256: str,
    ) -> None:
        """通过内部签名 URL 保存服务端已经校验的对象。"""
        expires_at = datetime.now(UTC) + timedelta(seconds=60)
        url = signed_storage_url("upload", object_key, expires_at, internal=True)
        try:
>           response = httpx.put(
                url,
                content=data,
                headers={"content-type": content_type, "x-meta-sha256": sha256},
                timeout=10,
            )

app/services/storage.py:131: 
_ _ _ _ _ _ _ _ _ _ _ _ _ _ _ _ _ _ _ _ _ _ _ _ _ _ _ _ _ _ _ _ _ _ _ _ _ _ _ _ 
/opt/venv/lib/python3.12/site-packages/httpx/_api.py:345: in put
    return request(
/opt/venv/lib/python3.12/site-packages/httpx/_api.py:109: in request
    return client.request(
/opt/venv/lib/python3.12/site-packages/httpx/_client.py:825: in request
    return self.send(request, auth=auth, follow_redirects=follow_redirects)
           ^^^^^^^^^^^^^^^^^^^^^^^^^^^^^^^^^^^^^^^^^^^^^^^^^^^^^^^^^^^^^^^^
/opt/venv/lib/python3.12/site-packages/httpx/_client.py:914: in send
    response = self._send_handling_auth(
/opt/venv/lib/python3.12/site-packages/httpx/_client.py:942: in _send_handling_auth
    response = self._send_handling_redirects(
/opt/venv/lib/python3.12/site-packages/httpx/_client.py:979: in _send_handling_redirects
    response = self._send_single_request(request)
               ^^^^^^^^^^^^^^^^^^^^^^^^^^^^^^^^^^
/opt/venv/lib/python3.12/site-packages/httpx/_client.py:1014: in _send_single_request
    response = transport.handle_request(request)
               ^^^^^^^^^^^^^^^^^^^^^^^^^^^^^^^^^
/opt/venv/lib/python3.12/site-packages/httpx/_transports/default.py:249: in handle_request
    with map_httpcore_exceptions():
         ^^^^^^^^^^^^^^^^^^^^^^^^^
/usr/local/lib/python3.12/contextlib.py:158: in __exit__
    self.gen.throw(value)
_ _ _ _ _ _ _ _ _ _ _ _ _ _ _ _ _ _ _ _ _ _ _ _ _ _ _ _ _ _ _ _ _ _ _ _ _ _ _ _ 

    @contextlib.contextmanager
    def map_httpcore_exceptions() -> typing.Iterator[None]:
        global HTTPCORE_EXC_MAP
        if len(HTTPCORE_EXC_MAP) == 0:
            HTTPCORE_EXC_MAP = _load_httpcore_exceptions()
        try:
            yield
        except Exception as exc:
            mapped_exc = None
    
            for from_exc, to_exc in HTTPCORE_EXC_MAP.items():
                if not isinstance(exc, from_exc):
                    continue
                # We want to map to the most specific exception we can find.
                # Eg if `exc` is an `httpcore.ReadTimeout`, we want to map to
                # `httpx.ReadTimeout`, not just `httpx.TimeoutException`.
                if mapped_exc is None or issubclass(to_exc, mapped_exc):
                    mapped_exc = to_exc
    
            if mapped_exc is None:  # pragma: no cover
                raise
    
            message = str(exc)
>           raise mapped_exc(message) from exc
E           httpx.ConnectError: [Errno -2] Name or service not known

/opt/venv/lib/python3.12/site-packages/httpx/_transports/default.py:118: ConnectError

The above exception was the direct cause of the following exception:

answer_database = AnswerDatabase(runs=RunDatabase(plan=PlanDatabase(url='postgresql://partsignal:partsignal_dev@postgres:5432/partsignal...ind': 'LEGACY_MODEL_RESULT', 'web_search_enabled': True},)]]), legacy_run=UUID('5b2fa516-0641-40c0-8250-61c4ff153a08'))
engine = Engine(postgresql+psycopg://partsignal:***@postgres:5432/partsignal_geo206_e8100aee13)
storage = <app.services.storage.DevelopmentEvidenceStorage object at 0xf13202c87560>
monkeypatch = <_pytest.monkeypatch.MonkeyPatch object at 0xf13202c87110>
case = 'owner', code = 'PERMISSION_DENIED', status = 403

>   ???

/Users/sc/PycharmProjects/partsignal/backend/tests/integration/test_geo_answer_files.py:121: 
_ _ _ _ _ _ _ _ _ _ _ _ _ _ _ _ _ _ _ _ _ _ _ _ _ _ _ _ _ _ _ _ _ _ _ _ _ _ _ _ 
/Users/sc/PycharmProjects/partsignal/backend/tests/integration/test_geo_answer_files.py:59: in evidence
    ???
_ _ _ _ _ _ _ _ _ _ _ _ _ _ _ _ _ _ _ _ _ _ _ _ _ _ _ _ _ _ _ _ _ _ _ _ _ _ _ _ 

self = <app.services.storage.DevelopmentEvidenceStorage object at 0xf13202c87560>
object_key = 'geo304/75a64d1d-2e91-4862-a054-afe1f31d0e2f.txt'
data = b'{"answer":"fixture"}'

    def put(
        self,
        object_key: str,
        data: bytes,
        *,
        content_type: str,
        sha256: str,
    ) -> None:
        """通过内部签名 URL 保存服务端已经校验的对象。"""
        expires_at = datetime.now(UTC) + timedelta(seconds=60)
        url = signed_storage_url("upload", object_key, expires_at, internal=True)
        try:
            response = httpx.put(
                url,
                content=data,
                headers={"content-type": content_type, "x-meta-sha256": sha256},
                timeout=10,
            )
            response.raise_for_status()
        except (httpx.HTTPStatusError, httpx.RequestError) as error:
>           raise StorageUnavailable("开发对象存储 PUT 请求失败") from error
E           app.services.storage.StorageUnavailable: 开发对象存储 PUT 请求失败

app/services/storage.py:139: StorageUnavailable
_ test_recheck_does_not_accept_changed_or_missing_object[missing-FILE_INTEGRITY_FAILED-422] _

    @contextlib.contextmanager
    def map_httpcore_exceptions() -> typing.Iterator[None]:
        global HTTPCORE_EXC_MAP
        if len(HTTPCORE_EXC_MAP) == 0:
            HTTPCORE_EXC_MAP = _load_httpcore_exceptions()
        try:
>           yield

/opt/venv/lib/python3.12/site-packages/httpx/_transports/default.py:101: 
_ _ _ _ _ _ _ _ _ _ _ _ _ _ _ _ _ _ _ _ _ _ _ _ _ _ _ _ _ _ _ _ _ _ _ _ _ _ _ _ 
/opt/venv/lib/python3.12/site-packages/httpx/_transports/default.py:250: in handle_request
    resp = self._pool.handle_request(req)
           ^^^^^^^^^^^^^^^^^^^^^^^^^^^^^^
/opt/venv/lib/python3.12/site-packages/httpcore/_sync/connection_pool.py:256: in handle_request
    raise exc from None
/opt/venv/lib/python3.12/site-packages/httpcore/_sync/connection_pool.py:236: in handle_request
    response = connection.handle_request(
/opt/venv/lib/python3.12/site-packages/httpcore/_sync/connection.py:101: in handle_request
    raise exc
/opt/venv/lib/python3.12/site-packages/httpcore/_sync/connection.py:78: in handle_request
    stream = self._connect(request)
             ^^^^^^^^^^^^^^^^^^^^^^
/opt/venv/lib/python3.12/site-packages/httpcore/_sync/connection.py:124: in _connect
    stream = self._network_backend.connect_tcp(**kwargs)
             ^^^^^^^^^^^^^^^^^^^^^^^^^^^^^^^^^^^^^^^^^^^
/opt/venv/lib/python3.12/site-packages/httpcore/_backends/sync.py:207: in connect_tcp
    with map_exceptions(exc_map):
         ^^^^^^^^^^^^^^^^^^^^^^^
/usr/local/lib/python3.12/contextlib.py:158: in __exit__
    self.gen.throw(value)
_ _ _ _ _ _ _ _ _ _ _ _ _ _ _ _ _ _ _ _ _ _ _ _ _ _ _ _ _ _ _ _ _ _ _ _ _ _ _ _ 

map = {<class 'TimeoutError'>: <class 'httpcore.ConnectTimeout'>, <class 'OSError'>: <class 'httpcore.ConnectError'>}

    @contextlib.contextmanager
    def map_exceptions(map: ExceptionMapping) -> typing.Iterator[None]:
        try:
            yield
        except Exception as exc:  # noqa: PIE786
            for from_exc, to_exc in map.items():
                if isinstance(exc, from_exc):
>                   raise to_exc(exc) from exc
E                   httpcore.ConnectError: [Errno -2] Name or service not known

/opt/venv/lib/python3.12/site-packages/httpcore/_exceptions.py:14: ConnectError

The above exception was the direct cause of the following exception:

self = <app.services.storage.DevelopmentEvidenceStorage object at 0xf13202a31850>
object_key = 'geo304/1c621c17-348a-4f33-a640-45def94836d5.txt'
data = b'{"answer":"fixture"}'

    def put(
        self,
        object_key: str,
        data: bytes,
        *,
        content_type: str,
        sha256: str,
    ) -> None:
        """通过内部签名 URL 保存服务端已经校验的对象。"""
        expires_at = datetime.now(UTC) + timedelta(seconds=60)
        url = signed_storage_url("upload", object_key, expires_at, internal=True)
        try:
>           response = httpx.put(
                url,
                content=data,
                headers={"content-type": content_type, "x-meta-sha256": sha256},
                timeout=10,
            )

app/services/storage.py:131: 
_ _ _ _ _ _ _ _ _ _ _ _ _ _ _ _ _ _ _ _ _ _ _ _ _ _ _ _ _ _ _ _ _ _ _ _ _ _ _ _ 
/opt/venv/lib/python3.12/site-packages/httpx/_api.py:345: in put
    return request(
/opt/venv/lib/python3.12/site-packages/httpx/_api.py:109: in request
    return client.request(
/opt/venv/lib/python3.12/site-packages/httpx/_client.py:825: in request
    return self.send(request, auth=auth, follow_redirects=follow_redirects)
           ^^^^^^^^^^^^^^^^^^^^^^^^^^^^^^^^^^^^^^^^^^^^^^^^^^^^^^^^^^^^^^^^
/opt/venv/lib/python3.12/site-packages/httpx/_client.py:914: in send
    response = self._send_handling_auth(
/opt/venv/lib/python3.12/site-packages/httpx/_client.py:942: in _send_handling_auth
    response = self._send_handling_redirects(
/opt/venv/lib/python3.12/site-packages/httpx/_client.py:979: in _send_handling_redirects
    response = self._send_single_request(request)
               ^^^^^^^^^^^^^^^^^^^^^^^^^^^^^^^^^^
/opt/venv/lib/python3.12/site-packages/httpx/_client.py:1014: in _send_single_request
    response = transport.handle_request(request)
               ^^^^^^^^^^^^^^^^^^^^^^^^^^^^^^^^^
/opt/venv/lib/python3.12/site-packages/httpx/_transports/default.py:249: in handle_request
    with map_httpcore_exceptions():
         ^^^^^^^^^^^^^^^^^^^^^^^^^
/usr/local/lib/python3.12/contextlib.py:158: in __exit__
    self.gen.throw(value)
_ _ _ _ _ _ _ _ _ _ _ _ _ _ _ _ _ _ _ _ _ _ _ _ _ _ _ _ _ _ _ _ _ _ _ _ _ _ _ _ 

    @contextlib.contextmanager
    def map_httpcore_exceptions() -> typing.Iterator[None]:
        global HTTPCORE_EXC_MAP
        if len(HTTPCORE_EXC_MAP) == 0:
            HTTPCORE_EXC_MAP = _load_httpcore_exceptions()
        try:
            yield
        except Exception as exc:
            mapped_exc = None
    
            for from_exc, to_exc in HTTPCORE_EXC_MAP.items():
                if not isinstance(exc, from_exc):
                    continue
                # We want to map to the most specific exception we can find.
                # Eg if `exc` is an `httpcore.ReadTimeout`, we want to map to
                # `httpx.ReadTimeout`, not just `httpx.TimeoutException`.
                if mapped_exc is None or issubclass(to_exc, mapped_exc):
                    mapped_exc = to_exc
    
            if mapped_exc is None:  # pragma: no cover
                raise
    
            message = str(exc)
>           raise mapped_exc(message) from exc
E           httpx.ConnectError: [Errno -2] Name or service not known

/opt/venv/lib/python3.12/site-packages/httpx/_transports/default.py:118: ConnectError

The above exception was the direct cause of the following exception:

answer_database = AnswerDatabase(runs=RunDatabase(plan=PlanDatabase(url='postgresql://partsignal:partsignal_dev@postgres:5432/partsignal...ind': 'LEGACY_MODEL_RESULT', 'web_search_enabled': True},)]]), legacy_run=UUID('5b2fa516-0641-40c0-8250-61c4ff153a08'))
engine = Engine(postgresql+psycopg://partsignal:***@postgres:5432/partsignal_geo206_e8100aee13)
storage = <app.services.storage.DevelopmentEvidenceStorage object at 0xf13202a31850>
monkeypatch = <_pytest.monkeypatch.MonkeyPatch object at 0xf13202a31dc0>
case = 'missing', code = 'FILE_INTEGRITY_FAILED', status = 422

>   ???

/Users/sc/PycharmProjects/partsignal/backend/tests/integration/test_geo_answer_files.py:121: 
_ _ _ _ _ _ _ _ _ _ _ _ _ _ _ _ _ _ _ _ _ _ _ _ _ _ _ _ _ _ _ _ _ _ _ _ _ _ _ _ 
/Users/sc/PycharmProjects/partsignal/backend/tests/integration/test_geo_answer_files.py:59: in evidence
    ???
_ _ _ _ _ _ _ _ _ _ _ _ _ _ _ _ _ _ _ _ _ _ _ _ _ _ _ _ _ _ _ _ _ _ _ _ _ _ _ _ 

self = <app.services.storage.DevelopmentEvidenceStorage object at 0xf13202a31850>
object_key = 'geo304/1c621c17-348a-4f33-a640-45def94836d5.txt'
data = b'{"answer":"fixture"}'

    def put(
        self,
        object_key: str,
        data: bytes,
        *,
        content_type: str,
        sha256: str,
    ) -> None:
        """通过内部签名 URL 保存服务端已经校验的对象。"""
        expires_at = datetime.now(UTC) + timedelta(seconds=60)
        url = signed_storage_url("upload", object_key, expires_at, internal=True)
        try:
            response = httpx.put(
                url,
                content=data,
                headers={"content-type": content_type, "x-meta-sha256": sha256},
                timeout=10,
            )
            response.raise_for_status()
        except (httpx.HTTPStatusError, httpx.RequestError) as error:
>           raise StorageUnavailable("开发对象存储 PUT 请求失败") from error
E           app.services.storage.StorageUnavailable: 开发对象存储 PUT 请求失败

app/services/storage.py:139: StorageUnavailable
_ test_recheck_does_not_accept_changed_or_missing_object[changed-FILE_INTEGRITY_FAILED-422] _

    @contextlib.contextmanager
    def map_httpcore_exceptions() -> typing.Iterator[None]:
        global HTTPCORE_EXC_MAP
        if len(HTTPCORE_EXC_MAP) == 0:
            HTTPCORE_EXC_MAP = _load_httpcore_exceptions()
        try:
>           yield

/opt/venv/lib/python3.12/site-packages/httpx/_transports/default.py:101: 
_ _ _ _ _ _ _ _ _ _ _ _ _ _ _ _ _ _ _ _ _ _ _ _ _ _ _ _ _ _ _ _ _ _ _ _ _ _ _ _ 
/opt/venv/lib/python3.12/site-packages/httpx/_transports/default.py:250: in handle_request
    resp = self._pool.handle_request(req)
           ^^^^^^^^^^^^^^^^^^^^^^^^^^^^^^
/opt/venv/lib/python3.12/site-packages/httpcore/_sync/connection_pool.py:256: in handle_request
    raise exc from None
/opt/venv/lib/python3.12/site-packages/httpcore/_sync/connection_pool.py:236: in handle_request
    response = connection.handle_request(
/opt/venv/lib/python3.12/site-packages/httpcore/_sync/connection.py:101: in handle_request
    raise exc
/opt/venv/lib/python3.12/site-packages/httpcore/_sync/connection.py:78: in handle_request
    stream = self._connect(request)
             ^^^^^^^^^^^^^^^^^^^^^^
/opt/venv/lib/python3.12/site-packages/httpcore/_sync/connection.py:124: in _connect
    stream = self._network_backend.connect_tcp(**kwargs)
             ^^^^^^^^^^^^^^^^^^^^^^^^^^^^^^^^^^^^^^^^^^^
/opt/venv/lib/python3.12/site-packages/httpcore/_backends/sync.py:207: in connect_tcp
    with map_exceptions(exc_map):
         ^^^^^^^^^^^^^^^^^^^^^^^
/usr/local/lib/python3.12/contextlib.py:158: in __exit__
    self.gen.throw(value)
_ _ _ _ _ _ _ _ _ _ _ _ _ _ _ _ _ _ _ _ _ _ _ _ _ _ _ _ _ _ _ _ _ _ _ _ _ _ _ _ 

map = {<class 'TimeoutError'>: <class 'httpcore.ConnectTimeout'>, <class 'OSError'>: <class 'httpcore.ConnectError'>}

    @contextlib.contextmanager
    def map_exceptions(map: ExceptionMapping) -> typing.Iterator[None]:
        try:
            yield
        except Exception as exc:  # noqa: PIE786
            for from_exc, to_exc in map.items():
                if isinstance(exc, from_exc):
>                   raise to_exc(exc) from exc
E                   httpcore.ConnectError: [Errno -2] Name or service not known

/opt/venv/lib/python3.12/site-packages/httpcore/_exceptions.py:14: ConnectError

The above exception was the direct cause of the following exception:

self = <app.services.storage.DevelopmentEvidenceStorage object at 0xf13202a33d40>
object_key = 'geo304/3428f03a-06d5-47c5-9098-06354c8a4b1e.txt'
data = b'{"answer":"fixture"}'

    def put(
        self,
        object_key: str,
        data: bytes,
        *,
        content_type: str,
        sha256: str,
    ) -> None:
        """通过内部签名 URL 保存服务端已经校验的对象。"""
        expires_at = datetime.now(UTC) + timedelta(seconds=60)
        url = signed_storage_url("upload", object_key, expires_at, internal=True)
        try:
>           response = httpx.put(
                url,
                content=data,
                headers={"content-type": content_type, "x-meta-sha256": sha256},
                timeout=10,
            )

app/services/storage.py:131: 
_ _ _ _ _ _ _ _ _ _ _ _ _ _ _ _ _ _ _ _ _ _ _ _ _ _ _ _ _ _ _ _ _ _ _ _ _ _ _ _ 
/opt/venv/lib/python3.12/site-packages/httpx/_api.py:345: in put
    return request(
/opt/venv/lib/python3.12/site-packages/httpx/_api.py:109: in request
    return client.request(
/opt/venv/lib/python3.12/site-packages/httpx/_client.py:825: in request
    return self.send(request, auth=auth, follow_redirects=follow_redirects)
           ^^^^^^^^^^^^^^^^^^^^^^^^^^^^^^^^^^^^^^^^^^^^^^^^^^^^^^^^^^^^^^^^
/opt/venv/lib/python3.12/site-packages/httpx/_client.py:914: in send
    response = self._send_handling_auth(
/opt/venv/lib/python3.12/site-packages/httpx/_client.py:942: in _send_handling_auth
    response = self._send_handling_redirects(
/opt/venv/lib/python3.12/site-packages/httpx/_client.py:979: in _send_handling_redirects
    response = self._send_single_request(request)
               ^^^^^^^^^^^^^^^^^^^^^^^^^^^^^^^^^^
/opt/venv/lib/python3.12/site-packages/httpx/_client.py:1014: in _send_single_request
    response = transport.handle_request(request)
               ^^^^^^^^^^^^^^^^^^^^^^^^^^^^^^^^^
/opt/venv/lib/python3.12/site-packages/httpx/_transports/default.py:249: in handle_request
    with map_httpcore_exceptions():
         ^^^^^^^^^^^^^^^^^^^^^^^^^
/usr/local/lib/python3.12/contextlib.py:158: in __exit__
    self.gen.throw(value)
_ _ _ _ _ _ _ _ _ _ _ _ _ _ _ _ _ _ _ _ _ _ _ _ _ _ _ _ _ _ _ _ _ _ _ _ _ _ _ _ 

    @contextlib.contextmanager
    def map_httpcore_exceptions() -> typing.Iterator[None]:
        global HTTPCORE_EXC_MAP
        if len(HTTPCORE_EXC_MAP) == 0:
            HTTPCORE_EXC_MAP = _load_httpcore_exceptions()
        try:
            yield
        except Exception as exc:
            mapped_exc = None
    
            for from_exc, to_exc in HTTPCORE_EXC_MAP.items():
                if not isinstance(exc, from_exc):
                    continue
                # We want to map to the most specific exception we can find.
                # Eg if `exc` is an `httpcore.ReadTimeout`, we want to map to
                # `httpx.ReadTimeout`, not just `httpx.TimeoutException`.
                if mapped_exc is None or issubclass(to_exc, mapped_exc):
                    mapped_exc = to_exc
    
            if mapped_exc is None:  # pragma: no cover
                raise
    
            message = str(exc)
>           raise mapped_exc(message) from exc
E           httpx.ConnectError: [Errno -2] Name or service not known

/opt/venv/lib/python3.12/site-packages/httpx/_transports/default.py:118: ConnectError

The above exception was the direct cause of the following exception:

answer_database = AnswerDatabase(runs=RunDatabase(plan=PlanDatabase(url='postgresql://partsignal:partsignal_dev@postgres:5432/partsignal...ind': 'LEGACY_MODEL_RESULT', 'web_search_enabled': True},)]]), legacy_run=UUID('5b2fa516-0641-40c0-8250-61c4ff153a08'))
engine = Engine(postgresql+psycopg://partsignal:***@postgres:5432/partsignal_geo206_e8100aee13)
storage = <app.services.storage.DevelopmentEvidenceStorage object at 0xf13202a33d40>
monkeypatch = <_pytest.monkeypatch.MonkeyPatch object at 0xf13202a31820>
case = 'changed', code = 'FILE_INTEGRITY_FAILED', status = 422

>   ???

/Users/sc/PycharmProjects/partsignal/backend/tests/integration/test_geo_answer_files.py:121: 
_ _ _ _ _ _ _ _ _ _ _ _ _ _ _ _ _ _ _ _ _ _ _ _ _ _ _ _ _ _ _ _ _ _ _ _ _ _ _ _ 
/Users/sc/PycharmProjects/partsignal/backend/tests/integration/test_geo_answer_files.py:59: in evidence
    ???
_ _ _ _ _ _ _ _ _ _ _ _ _ _ _ _ _ _ _ _ _ _ _ _ _ _ _ _ _ _ _ _ _ _ _ _ _ _ _ _ 

self = <app.services.storage.DevelopmentEvidenceStorage object at 0xf13202a33d40>
object_key = 'geo304/3428f03a-06d5-47c5-9098-06354c8a4b1e.txt'
data = b'{"answer":"fixture"}'

    def put(
        self,
        object_key: str,
        data: bytes,
        *,
        content_type: str,
        sha256: str,
    ) -> None:
        """通过内部签名 URL 保存服务端已经校验的对象。"""
        expires_at = datetime.now(UTC) + timedelta(seconds=60)
        url = signed_storage_url("upload", object_key, expires_at, internal=True)
        try:
            response = httpx.put(
                url,
                content=data,
                headers={"content-type": content_type, "x-meta-sha256": sha256},
                timeout=10,
            )
            response.raise_for_status()
        except (httpx.HTTPStatusError, httpx.RequestError) as error:
>           raise StorageUnavailable("开发对象存储 PUT 请求失败") from error
E           app.services.storage.StorageUnavailable: 开发对象存储 PUT 请求失败

app/services/storage.py:139: StorageUnavailable
_ test_recheck_does_not_accept_changed_or_missing_object[duplicate-FILE_INTEGRITY_FAILED-422] _

    @contextlib.contextmanager
    def map_httpcore_exceptions() -> typing.Iterator[None]:
        global HTTPCORE_EXC_MAP
        if len(HTTPCORE_EXC_MAP) == 0:
            HTTPCORE_EXC_MAP = _load_httpcore_exceptions()
        try:
>           yield

/opt/venv/lib/python3.12/site-packages/httpx/_transports/default.py:101: 
_ _ _ _ _ _ _ _ _ _ _ _ _ _ _ _ _ _ _ _ _ _ _ _ _ _ _ _ _ _ _ _ _ _ _ _ _ _ _ _ 
/opt/venv/lib/python3.12/site-packages/httpx/_transports/default.py:250: in handle_request
    resp = self._pool.handle_request(req)
           ^^^^^^^^^^^^^^^^^^^^^^^^^^^^^^
/opt/venv/lib/python3.12/site-packages/httpcore/_sync/connection_pool.py:256: in handle_request
    raise exc from None
/opt/venv/lib/python3.12/site-packages/httpcore/_sync/connection_pool.py:236: in handle_request
    response = connection.handle_request(
/opt/venv/lib/python3.12/site-packages/httpcore/_sync/connection.py:101: in handle_request
    raise exc
/opt/venv/lib/python3.12/site-packages/httpcore/_sync/connection.py:78: in handle_request
    stream = self._connect(request)
             ^^^^^^^^^^^^^^^^^^^^^^
/opt/venv/lib/python3.12/site-packages/httpcore/_sync/connection.py:124: in _connect
    stream = self._network_backend.connect_tcp(**kwargs)
             ^^^^^^^^^^^^^^^^^^^^^^^^^^^^^^^^^^^^^^^^^^^
/opt/venv/lib/python3.12/site-packages/httpcore/_backends/sync.py:207: in connect_tcp
    with map_exceptions(exc_map):
         ^^^^^^^^^^^^^^^^^^^^^^^
/usr/local/lib/python3.12/contextlib.py:158: in __exit__
    self.gen.throw(value)
_ _ _ _ _ _ _ _ _ _ _ _ _ _ _ _ _ _ _ _ _ _ _ _ _ _ _ _ _ _ _ _ _ _ _ _ _ _ _ _ 

map = {<class 'TimeoutError'>: <class 'httpcore.ConnectTimeout'>, <class 'OSError'>: <class 'httpcore.ConnectError'>}

    @contextlib.contextmanager
    def map_exceptions(map: ExceptionMapping) -> typing.Iterator[None]:
        try:
            yield
        except Exception as exc:  # noqa: PIE786
            for from_exc, to_exc in map.items():
                if isinstance(exc, from_exc):
>                   raise to_exc(exc) from exc
E                   httpcore.ConnectError: [Errno -2] Name or service not known

/opt/venv/lib/python3.12/site-packages/httpcore/_exceptions.py:14: ConnectError

The above exception was the direct cause of the following exception:

self = <app.services.storage.DevelopmentEvidenceStorage object at 0xf13202bcdb50>
object_key = 'geo304/e8c4c02f-d8e0-4f94-ad60-78ff21e80384.txt'
data = b'{"answer":"fixture"}'

    def put(
        self,
        object_key: str,
        data: bytes,
        *,
        content_type: str,
        sha256: str,
    ) -> None:
        """通过内部签名 URL 保存服务端已经校验的对象。"""
        expires_at = datetime.now(UTC) + timedelta(seconds=60)
        url = signed_storage_url("upload", object_key, expires_at, internal=True)
        try:
>           response = httpx.put(
                url,
                content=data,
                headers={"content-type": content_type, "x-meta-sha256": sha256},
                timeout=10,
            )

app/services/storage.py:131: 
_ _ _ _ _ _ _ _ _ _ _ _ _ _ _ _ _ _ _ _ _ _ _ _ _ _ _ _ _ _ _ _ _ _ _ _ _ _ _ _ 
/opt/venv/lib/python3.12/site-packages/httpx/_api.py:345: in put
    return request(
/opt/venv/lib/python3.12/site-packages/httpx/_api.py:109: in request
    return client.request(
/opt/venv/lib/python3.12/site-packages/httpx/_client.py:825: in request
    return self.send(request, auth=auth, follow_redirects=follow_redirects)
           ^^^^^^^^^^^^^^^^^^^^^^^^^^^^^^^^^^^^^^^^^^^^^^^^^^^^^^^^^^^^^^^^
/opt/venv/lib/python3.12/site-packages/httpx/_client.py:914: in send
    response = self._send_handling_auth(
/opt/venv/lib/python3.12/site-packages/httpx/_client.py:942: in _send_handling_auth
    response = self._send_handling_redirects(
/opt/venv/lib/python3.12/site-packages/httpx/_client.py:979: in _send_handling_redirects
    response = self._send_single_request(request)
               ^^^^^^^^^^^^^^^^^^^^^^^^^^^^^^^^^^
/opt/venv/lib/python3.12/site-packages/httpx/_client.py:1014: in _send_single_request
    response = transport.handle_request(request)
               ^^^^^^^^^^^^^^^^^^^^^^^^^^^^^^^^^
/opt/venv/lib/python3.12/site-packages/httpx/_transports/default.py:249: in handle_request
    with map_httpcore_exceptions():
         ^^^^^^^^^^^^^^^^^^^^^^^^^
/usr/local/lib/python3.12/contextlib.py:158: in __exit__
    self.gen.throw(value)
_ _ _ _ _ _ _ _ _ _ _ _ _ _ _ _ _ _ _ _ _ _ _ _ _ _ _ _ _ _ _ _ _ _ _ _ _ _ _ _ 

    @contextlib.contextmanager
    def map_httpcore_exceptions() -> typing.Iterator[None]:
        global HTTPCORE_EXC_MAP
        if len(HTTPCORE_EXC_MAP) == 0:
            HTTPCORE_EXC_MAP = _load_httpcore_exceptions()
        try:
            yield
        except Exception as exc:
            mapped_exc = None
    
            for from_exc, to_exc in HTTPCORE_EXC_MAP.items():
                if not isinstance(exc, from_exc):
                    continue
                # We want to map to the most specific exception we can find.
                # Eg if `exc` is an `httpcore.ReadTimeout`, we want to map to
                # `httpx.ReadTimeout`, not just `httpx.TimeoutException`.
                if mapped_exc is None or issubclass(to_exc, mapped_exc):
                    mapped_exc = to_exc
    
            if mapped_exc is None:  # pragma: no cover
                raise
    
            message = str(exc)
>           raise mapped_exc(message) from exc
E           httpx.ConnectError: [Errno -2] Name or service not known

/opt/venv/lib/python3.12/site-packages/httpx/_transports/default.py:118: ConnectError

The above exception was the direct cause of the following exception:

answer_database = AnswerDatabase(runs=RunDatabase(plan=PlanDatabase(url='postgresql://partsignal:partsignal_dev@postgres:5432/partsignal...ind': 'LEGACY_MODEL_RESULT', 'web_search_enabled': True},)]]), legacy_run=UUID('5b2fa516-0641-40c0-8250-61c4ff153a08'))
engine = Engine(postgresql+psycopg://partsignal:***@postgres:5432/partsignal_geo206_e8100aee13)
storage = <app.services.storage.DevelopmentEvidenceStorage object at 0xf13202bcdb50>
monkeypatch = <_pytest.monkeypatch.MonkeyPatch object at 0xf13202bcd400>
case = 'duplicate', code = 'FILE_INTEGRITY_FAILED', status = 422

>   ???

/Users/sc/PycharmProjects/partsignal/backend/tests/integration/test_geo_answer_files.py:121: 
_ _ _ _ _ _ _ _ _ _ _ _ _ _ _ _ _ _ _ _ _ _ _ _ _ _ _ _ _ _ _ _ _ _ _ _ _ _ _ _ 
/Users/sc/PycharmProjects/partsignal/backend/tests/integration/test_geo_answer_files.py:59: in evidence
    ???
_ _ _ _ _ _ _ _ _ _ _ _ _ _ _ _ _ _ _ _ _ _ _ _ _ _ _ _ _ _ _ _ _ _ _ _ _ _ _ _ 

self = <app.services.storage.DevelopmentEvidenceStorage object at 0xf13202bcdb50>
object_key = 'geo304/e8c4c02f-d8e0-4f94-ad60-78ff21e80384.txt'
data = b'{"answer":"fixture"}'

    def put(
        self,
        object_key: str,
        data: bytes,
        *,
        content_type: str,
        sha256: str,
    ) -> None:
        """通过内部签名 URL 保存服务端已经校验的对象。"""
        expires_at = datetime.now(UTC) + timedelta(seconds=60)
        url = signed_storage_url("upload", object_key, expires_at, internal=True)
        try:
            response = httpx.put(
                url,
                content=data,
                headers={"content-type": content_type, "x-meta-sha256": sha256},
                timeout=10,
            )
            response.raise_for_status()
        except (httpx.HTTPStatusError, httpx.RequestError) as error:
>           raise StorageUnavailable("开发对象存储 PUT 请求失败") from error
E           app.services.storage.StorageUnavailable: 开发对象存储 PUT 请求失败

app/services/storage.py:139: StorageUnavailable
_ test_recheck_does_not_accept_changed_or_missing_object[unavailable-DEPENDENCY_UNAVAILABLE-503] _

    @contextlib.contextmanager
    def map_httpcore_exceptions() -> typing.Iterator[None]:
        global HTTPCORE_EXC_MAP
        if len(HTTPCORE_EXC_MAP) == 0:
            HTTPCORE_EXC_MAP = _load_httpcore_exceptions()
        try:
>           yield

/opt/venv/lib/python3.12/site-packages/httpx/_transports/default.py:101: 
_ _ _ _ _ _ _ _ _ _ _ _ _ _ _ _ _ _ _ _ _ _ _ _ _ _ _ _ _ _ _ _ _ _ _ _ _ _ _ _ 
/opt/venv/lib/python3.12/site-packages/httpx/_transports/default.py:250: in handle_request
    resp = self._pool.handle_request(req)
           ^^^^^^^^^^^^^^^^^^^^^^^^^^^^^^
/opt/venv/lib/python3.12/site-packages/httpcore/_sync/connection_pool.py:256: in handle_request
    raise exc from None
/opt/venv/lib/python3.12/site-packages/httpcore/_sync/connection_pool.py:236: in handle_request
    response = connection.handle_request(
/opt/venv/lib/python3.12/site-packages/httpcore/_sync/connection.py:101: in handle_request
    raise exc
/opt/venv/lib/python3.12/site-packages/httpcore/_sync/connection.py:78: in handle_request
    stream = self._connect(request)
             ^^^^^^^^^^^^^^^^^^^^^^
/opt/venv/lib/python3.12/site-packages/httpcore/_sync/connection.py:124: in _connect
    stream = self._network_backend.connect_tcp(**kwargs)
             ^^^^^^^^^^^^^^^^^^^^^^^^^^^^^^^^^^^^^^^^^^^
/opt/venv/lib/python3.12/site-packages/httpcore/_backends/sync.py:207: in connect_tcp
    with map_exceptions(exc_map):
         ^^^^^^^^^^^^^^^^^^^^^^^
/usr/local/lib/python3.12/contextlib.py:158: in __exit__
    self.gen.throw(value)
_ _ _ _ _ _ _ _ _ _ _ _ _ _ _ _ _ _ _ _ _ _ _ _ _ _ _ _ _ _ _ _ _ _ _ _ _ _ _ _ 

map = {<class 'TimeoutError'>: <class 'httpcore.ConnectTimeout'>, <class 'OSError'>: <class 'httpcore.ConnectError'>}

    @contextlib.contextmanager
    def map_exceptions(map: ExceptionMapping) -> typing.Iterator[None]:
        try:
            yield
        except Exception as exc:  # noqa: PIE786
            for from_exc, to_exc in map.items():
                if isinstance(exc, from_exc):
>                   raise to_exc(exc) from exc
E                   httpcore.ConnectError: [Errno -2] Name or service not known

/opt/venv/lib/python3.12/site-packages/httpcore/_exceptions.py:14: ConnectError

The above exception was the direct cause of the following exception:

self = <app.services.storage.DevelopmentEvidenceStorage object at 0xf13202a55dc0>
object_key = 'geo304/49212da8-ad4f-450c-ae78-8d336b6c4301.txt'
data = b'{"answer":"fixture"}'

    def put(
        self,
        object_key: str,
        data: bytes,
        *,
        content_type: str,
        sha256: str,
    ) -> None:
        """通过内部签名 URL 保存服务端已经校验的对象。"""
        expires_at = datetime.now(UTC) + timedelta(seconds=60)
        url = signed_storage_url("upload", object_key, expires_at, internal=True)
        try:
>           response = httpx.put(
                url,
                content=data,
                headers={"content-type": content_type, "x-meta-sha256": sha256},
                timeout=10,
            )

app/services/storage.py:131: 
_ _ _ _ _ _ _ _ _ _ _ _ _ _ _ _ _ _ _ _ _ _ _ _ _ _ _ _ _ _ _ _ _ _ _ _ _ _ _ _ 
/opt/venv/lib/python3.12/site-packages/httpx/_api.py:345: in put
    return request(
/opt/venv/lib/python3.12/site-packages/httpx/_api.py:109: in request
    return client.request(
/opt/venv/lib/python3.12/site-packages/httpx/_client.py:825: in request
    return self.send(request, auth=auth, follow_redirects=follow_redirects)
           ^^^^^^^^^^^^^^^^^^^^^^^^^^^^^^^^^^^^^^^^^^^^^^^^^^^^^^^^^^^^^^^^
/opt/venv/lib/python3.12/site-packages/httpx/_client.py:914: in send
    response = self._send_handling_auth(
/opt/venv/lib/python3.12/site-packages/httpx/_client.py:942: in _send_handling_auth
    response = self._send_handling_redirects(
/opt/venv/lib/python3.12/site-packages/httpx/_client.py:979: in _send_handling_redirects
    response = self._send_single_request(request)
               ^^^^^^^^^^^^^^^^^^^^^^^^^^^^^^^^^^
/opt/venv/lib/python3.12/site-packages/httpx/_client.py:1014: in _send_single_request
    response = transport.handle_request(request)
               ^^^^^^^^^^^^^^^^^^^^^^^^^^^^^^^^^
/opt/venv/lib/python3.12/site-packages/httpx/_transports/default.py:249: in handle_request
    with map_httpcore_exceptions():
         ^^^^^^^^^^^^^^^^^^^^^^^^^
/usr/local/lib/python3.12/contextlib.py:158: in __exit__
    self.gen.throw(value)
_ _ _ _ _ _ _ _ _ _ _ _ _ _ _ _ _ _ _ _ _ _ _ _ _ _ _ _ _ _ _ _ _ _ _ _ _ _ _ _ 

    @contextlib.contextmanager
    def map_httpcore_exceptions() -> typing.Iterator[None]:
        global HTTPCORE_EXC_MAP
        if len(HTTPCORE_EXC_MAP) == 0:
            HTTPCORE_EXC_MAP = _load_httpcore_exceptions()
        try:
            yield
        except Exception as exc:
            mapped_exc = None
    
            for from_exc, to_exc in HTTPCORE_EXC_MAP.items():
                if not isinstance(exc, from_exc):
                    continue
                # We want to map to the most specific exception we can find.
                # Eg if `exc` is an `httpcore.ReadTimeout`, we want to map to
                # `httpx.ReadTimeout`, not just `httpx.TimeoutException`.
                if mapped_exc is None or issubclass(to_exc, mapped_exc):
                    mapped_exc = to_exc
    
            if mapped_exc is None:  # pragma: no cover
                raise
    
            message = str(exc)
>           raise mapped_exc(message) from exc
E           httpx.ConnectError: [Errno -2] Name or service not known

/opt/venv/lib/python3.12/site-packages/httpx/_transports/default.py:118: ConnectError

The above exception was the direct cause of the following exception:

answer_database = AnswerDatabase(runs=RunDatabase(plan=PlanDatabase(url='postgresql://partsignal:partsignal_dev@postgres:5432/partsignal...ind': 'LEGACY_MODEL_RESULT', 'web_search_enabled': True},)]]), legacy_run=UUID('5b2fa516-0641-40c0-8250-61c4ff153a08'))
engine = Engine(postgresql+psycopg://partsignal:***@postgres:5432/partsignal_geo206_e8100aee13)
storage = <app.services.storage.DevelopmentEvidenceStorage object at 0xf13202a55dc0>
monkeypatch = <_pytest.monkeypatch.MonkeyPatch object at 0xf13202a89a30>
case = 'unavailable', code = 'DEPENDENCY_UNAVAILABLE', status = 503

>   ???

/Users/sc/PycharmProjects/partsignal/backend/tests/integration/test_geo_answer_files.py:121: 
_ _ _ _ _ _ _ _ _ _ _ _ _ _ _ _ _ _ _ _ _ _ _ _ _ _ _ _ _ _ _ _ _ _ _ _ _ _ _ _ 
/Users/sc/PycharmProjects/partsignal/backend/tests/integration/test_geo_answer_files.py:59: in evidence
    ???
_ _ _ _ _ _ _ _ _ _ _ _ _ _ _ _ _ _ _ _ _ _ _ _ _ _ _ _ _ _ _ _ _ _ _ _ _ _ _ _ 

self = <app.services.storage.DevelopmentEvidenceStorage object at 0xf13202a55dc0>
object_key = 'geo304/49212da8-ad4f-450c-ae78-8d336b6c4301.txt'
data = b'{"answer":"fixture"}'

    def put(
        self,
        object_key: str,
        data: bytes,
        *,
        content_type: str,
        sha256: str,
    ) -> None:
        """通过内部签名 URL 保存服务端已经校验的对象。"""
        expires_at = datetime.now(UTC) + timedelta(seconds=60)
        url = signed_storage_url("upload", object_key, expires_at, internal=True)
        try:
            response = httpx.put(
                url,
                content=data,
                headers={"content-type": content_type, "x-meta-sha256": sha256},
                timeout=10,
            )
            response.raise_for_status()
        except (httpx.HTTPStatusError, httpx.RequestError) as error:
>           raise StorageUnavailable("开发对象存储 PUT 请求失败") from error
E           app.services.storage.StorageUnavailable: 开发对象存储 PUT 请求失败

app/services/storage.py:139: StorageUnavailable
__________ test_entry_draft_revision_noop_conflict_and_file_retention __________

    @contextlib.contextmanager
    def map_httpcore_exceptions() -> typing.Iterator[None]:
        global HTTPCORE_EXC_MAP
        if len(HTTPCORE_EXC_MAP) == 0:
            HTTPCORE_EXC_MAP = _load_httpcore_exceptions()
        try:
>           yield

/opt/venv/lib/python3.12/site-packages/httpx/_transports/default.py:101: 
_ _ _ _ _ _ _ _ _ _ _ _ _ _ _ _ _ _ _ _ _ _ _ _ _ _ _ _ _ _ _ _ _ _ _ _ _ _ _ _ 
/opt/venv/lib/python3.12/site-packages/httpx/_transports/default.py:250: in handle_request
    resp = self._pool.handle_request(req)
           ^^^^^^^^^^^^^^^^^^^^^^^^^^^^^^
/opt/venv/lib/python3.12/site-packages/httpcore/_sync/connection_pool.py:256: in handle_request
    raise exc from None
/opt/venv/lib/python3.12/site-packages/httpcore/_sync/connection_pool.py:236: in handle_request
    response = connection.handle_request(
/opt/venv/lib/python3.12/site-packages/httpcore/_sync/connection.py:101: in handle_request
    raise exc
/opt/venv/lib/python3.12/site-packages/httpcore/_sync/connection.py:78: in handle_request
    stream = self._connect(request)
             ^^^^^^^^^^^^^^^^^^^^^^
/opt/venv/lib/python3.12/site-packages/httpcore/_sync/connection.py:124: in _connect
    stream = self._network_backend.connect_tcp(**kwargs)
             ^^^^^^^^^^^^^^^^^^^^^^^^^^^^^^^^^^^^^^^^^^^
/opt/venv/lib/python3.12/site-packages/httpcore/_backends/sync.py:207: in connect_tcp
    with map_exceptions(exc_map):
         ^^^^^^^^^^^^^^^^^^^^^^^
/usr/local/lib/python3.12/contextlib.py:158: in __exit__
    self.gen.throw(value)
_ _ _ _ _ _ _ _ _ _ _ _ _ _ _ _ _ _ _ _ _ _ _ _ _ _ _ _ _ _ _ _ _ _ _ _ _ _ _ _ 

map = {<class 'TimeoutError'>: <class 'httpcore.ConnectTimeout'>, <class 'OSError'>: <class 'httpcore.ConnectError'>}

    @contextlib.contextmanager
    def map_exceptions(map: ExceptionMapping) -> typing.Iterator[None]:
        try:
            yield
        except Exception as exc:  # noqa: PIE786
            for from_exc, to_exc in map.items():
                if isinstance(exc, from_exc):
>                   raise to_exc(exc) from exc
E                   httpcore.ConnectError: [Errno -2] Name or service not known

/opt/venv/lib/python3.12/site-packages/httpcore/_exceptions.py:14: ConnectError

The above exception was the direct cause of the following exception:

self = <app.services.storage.DevelopmentEvidenceStorage object at 0xf13202b524b0>
object_key = 'geo305/204ca0ee-a895-47bc-84f0-20995a458f5a'
data = b'fixture-redacted-screenshot'

    def put(
        self,
        object_key: str,
        data: bytes,
        *,
        content_type: str,
        sha256: str,
    ) -> None:
        """通过内部签名 URL 保存服务端已经校验的对象。"""
        expires_at = datetime.now(UTC) + timedelta(seconds=60)
        url = signed_storage_url("upload", object_key, expires_at, internal=True)
        try:
>           response = httpx.put(
                url,
                content=data,
                headers={"content-type": content_type, "x-meta-sha256": sha256},
                timeout=10,
            )

app/services/storage.py:131: 
_ _ _ _ _ _ _ _ _ _ _ _ _ _ _ _ _ _ _ _ _ _ _ _ _ _ _ _ _ _ _ _ _ _ _ _ _ _ _ _ 
/opt/venv/lib/python3.12/site-packages/httpx/_api.py:345: in put
    return request(
/opt/venv/lib/python3.12/site-packages/httpx/_api.py:109: in request
    return client.request(
/opt/venv/lib/python3.12/site-packages/httpx/_client.py:825: in request
    return self.send(request, auth=auth, follow_redirects=follow_redirects)
           ^^^^^^^^^^^^^^^^^^^^^^^^^^^^^^^^^^^^^^^^^^^^^^^^^^^^^^^^^^^^^^^^
/opt/venv/lib/python3.12/site-packages/httpx/_client.py:914: in send
    response = self._send_handling_auth(
/opt/venv/lib/python3.12/site-packages/httpx/_client.py:942: in _send_handling_auth
    response = self._send_handling_redirects(
/opt/venv/lib/python3.12/site-packages/httpx/_client.py:979: in _send_handling_redirects
    response = self._send_single_request(request)
               ^^^^^^^^^^^^^^^^^^^^^^^^^^^^^^^^^^
/opt/venv/lib/python3.12/site-packages/httpx/_client.py:1014: in _send_single_request
    response = transport.handle_request(request)
               ^^^^^^^^^^^^^^^^^^^^^^^^^^^^^^^^^
/opt/venv/lib/python3.12/site-packages/httpx/_transports/default.py:249: in handle_request
    with map_httpcore_exceptions():
         ^^^^^^^^^^^^^^^^^^^^^^^^^
/usr/local/lib/python3.12/contextlib.py:158: in __exit__
    self.gen.throw(value)
_ _ _ _ _ _ _ _ _ _ _ _ _ _ _ _ _ _ _ _ _ _ _ _ _ _ _ _ _ _ _ _ _ _ _ _ _ _ _ _ 

    @contextlib.contextmanager
    def map_httpcore_exceptions() -> typing.Iterator[None]:
        global HTTPCORE_EXC_MAP
        if len(HTTPCORE_EXC_MAP) == 0:
            HTTPCORE_EXC_MAP = _load_httpcore_exceptions()
        try:
            yield
        except Exception as exc:
            mapped_exc = None
    
            for from_exc, to_exc in HTTPCORE_EXC_MAP.items():
                if not isinstance(exc, from_exc):
                    continue
                # We want to map to the most specific exception we can find.
                # Eg if `exc` is an `httpcore.ReadTimeout`, we want to map to
                # `httpx.ReadTimeout`, not just `httpx.TimeoutException`.
                if mapped_exc is None or issubclass(to_exc, mapped_exc):
                    mapped_exc = to_exc
    
            if mapped_exc is None:  # pragma: no cover
                raise
    
            message = str(exc)
>           raise mapped_exc(message) from exc
E           httpx.ConnectError: [Errno -2] Name or service not known

/opt/venv/lib/python3.12/site-packages/httpx/_transports/default.py:118: ConnectError

The above exception was the direct cause of the following exception:

plans_api = PlansAPI(api=QuestionsAPI(engine=Engine(postgresql+psycopg://partsignal:***@postgres:5432/partsignal_geo208_0337ec1c09...d298e4b64857'), surface=UUID('3e252d9e-6424-4eae-a8a6-0f01fb0f493e'), name='虚构计划-e8e001db-a204-4ec4-b931-c0d018520270')

>   ???

/Users/sc/PycharmProjects/partsignal/backend/tests/integration/test_geo_manual_collection.py:147: 
_ _ _ _ _ _ _ _ _ _ _ _ _ _ _ _ _ _ _ _ _ _ _ _ _ _ _ _ _ _ _ _ _ _ _ _ _ _ _ _ 
/Users/sc/PycharmProjects/partsignal/backend/tests/integration/test_geo_manual_collection.py:70: in evidence
    ???
_ _ _ _ _ _ _ _ _ _ _ _ _ _ _ _ _ _ _ _ _ _ _ _ _ _ _ _ _ _ _ _ _ _ _ _ _ _ _ _ 

self = <app.services.storage.DevelopmentEvidenceStorage object at 0xf13202b524b0>
object_key = 'geo305/204ca0ee-a895-47bc-84f0-20995a458f5a'
data = b'fixture-redacted-screenshot'

    def put(
        self,
        object_key: str,
        data: bytes,
        *,
        content_type: str,
        sha256: str,
    ) -> None:
        """通过内部签名 URL 保存服务端已经校验的对象。"""
        expires_at = datetime.now(UTC) + timedelta(seconds=60)
        url = signed_storage_url("upload", object_key, expires_at, internal=True)
        try:
            response = httpx.put(
                url,
                content=data,
                headers={"content-type": content_type, "x-meta-sha256": sha256},
                timeout=10,
            )
            response.raise_for_status()
        except (httpx.HTTPStatusError, httpx.RequestError) as error:
>           raise StorageUnavailable("开发对象存储 PUT 请求失败") from error
E           app.services.storage.StorageUnavailable: 开发对象存储 PUT 请求失败

app/services/storage.py:139: StorageUnavailable
---------------------------- Captured stderr setup -----------------------------
INFO  [alembic.runtime.migration] Context impl PostgresqlImpl.
INFO  [alembic.runtime.migration] Will assume transactional DDL.
INFO  [alembic.runtime.migration] Running upgrade  -> 0001_identity_audit, 创建身份、会话和审计表。
INFO  [alembic.runtime.migration] Running upgrade 0001_identity_audit -> 0002_product_facts, 创建规范化产品事实和不可变事实版本。
INFO  [alembic.runtime.migration] Running upgrade 0002_product_facts -> 0003_content_planning, 创建目标问题、平台规则版本和内容任务。
INFO  [alembic.runtime.migration] Running upgrade 0003_content_planning -> 0004_content_production, 创建 PostgreSQL 权威生成作业和不可变 Markdown 内容版本。
INFO  [alembic.runtime.migration] Running upgrade 0004_content_production -> 0005_content_review, 创建追加式内容审核记录。
INFO  [alembic.runtime.migration] Running upgrade 0005_content_review -> 0006_publication, 创建平台账号、人工发布记录和状态事件。
INFO  [alembic.runtime.migration] Running upgrade 0006_publication -> 0007_geo_observation, 创建追加式 GEO 观测及引用关联。
INFO  [alembic.runtime.migration] Running upgrade 0007_geo_observation -> 0008_files, 创建文件生命周期、附件关联并补加证据文件外键。
INFO  [alembic.runtime.migration] Running upgrade 0008_files -> 0009_config_center, 迁移账号类型、配置中心与真实 AI 生成字段。
INFO  [alembic.runtime.migration] Running upgrade 0009_config_center -> 0010_user_cleanup, 清理旧版职责账号并强制既有内容工程师改密。
INFO  [alembic.runtime.migration] Running upgrade 0010_user_cleanup -> 0011_generation_reliability, 增加生成作业补投递诊断字段与到期扫描索引。
INFO  [alembic.runtime.migration] Running upgrade 0011_generation_reliability -> 0012_ai_data_classification, 为生成输入增加显式数据分级与责任人记录。
INFO  [alembic.runtime.migration] Running upgrade 0012_ai_data_classification -> 0013_publication_closure, 增加发布异常待办、修复任务来源和发布平台一致性门禁。
INFO  [alembic.runtime.migration] Running upgrade 0013_publication_closure -> 0014_platform_prompt_ownership, 将当前 Prompt 所有权从平台类型迁移到具体平台。
INFO  [alembic.runtime.migration] Running upgrade 0014_platform_prompt_ownership -> 0015_platform_rule_draft_editing, 允许按修订号编辑平台规则草稿，并继续冻结已激活或退役正文。
INFO  [alembic.runtime.migration] Running upgrade 0015_platform_rule_draft_editing -> 0016_fact_review_cleanup, 允许受约束删除事实版本时清理其从属审核记录。
INFO  [alembic.runtime.migration] Running upgrade 0016_fact_review_cleanup -> 0017_content_humanization, 增加全局自然化 Prompt，并让现有 AI 作业承载自然化修订。
INFO  [alembic.runtime.migration] Running upgrade 0017_content_humanization -> 0018_manual_geo_observation, 增加产品级人工 GEO 观测，并保留旧模型观测历史。
INFO  [alembic.runtime.migration] Running upgrade 0018_manual_geo_observation -> 0019_product_driven_tasks, 允许新内容任务直接围绕产品创建，同时保留历史目标问题关联。
INFO  [alembic.runtime.migration] Running upgrade 0019_product_driven_tasks -> 0020_platform_branding_task_list, 为具体平台增加官网与单一来源 Logo。
INFO  [alembic.runtime.migration] Running upgrade 0020_platform_branding_task_list -> 0021_ai_channel_model_management, 补齐 AI 渠道身份字段与使用统计索引。
INFO  [alembic.runtime.migration] Running upgrade 0021_ai_channel_model_management -> 0022_geo_observation_insights, 补充人工 GEO 逐篇阶段事实与问题主题约束。
INFO  [alembic.runtime.migration] Running upgrade 0022_geo_observation_insights -> 0023_platform_management, 增加具体平台启停状态与管理聚合索引。
INFO  [alembic.runtime.migration] Running upgrade 0023_platform_management -> 0024_audit_outcome, 补齐审计模块、命令结果和安全结果说明。
INFO  [alembic.runtime.migration] Running upgrade 0024_audit_outcome -> 0025_markdown_facts, 将结构化产品事实收敛为 Markdown，并让内容任务直接绑定平台。
INFO  [alembic.runtime.migration] Running upgrade 0025_markdown_facts -> 0026_publication_account_dedup, 补齐发布账号修订约束，并阻止同平台规范化账号标识重复。
INFO  [alembic.runtime.migration] Running upgrade 0026_publication_account_dedup -> 0027_audit_user_delete_guard, 只允许受约束用户删除把匹配审计操作者置空。
INFO  [alembic.runtime.migration] Running upgrade 0027_audit_user_delete_guard -> 0028_platform_logo_lifecycle, 增加平台 Logo 的未引用保留、幂等删除状态与数据库门禁。
INFO  [alembic.runtime.migration] Running upgrade 0028_platform_logo_lifecycle -> 0029_geo_evidence_management, 收敛人工 GEO 独立事实，并为完整更正链删除增加事务门禁。
INFO  [alembic.runtime.migration] Running upgrade 0029_geo_evidence_management -> 0030_publication_record_delete, 为从未公开的发布聚合增加事务级受控删除门禁。
INFO  [alembic.runtime.migration] Running upgrade 0030_publication_record_delete -> 0031_reusable_platform_prompts, 把平台私有 Prompt 收敛为可复用模板和平台当前绑定。
INFO  [alembic.runtime.migration] Running upgrade 0031_reusable_platform_prompts -> 0032_content_task_idempotency, 为普通内容任务创建增加持久化请求键幂等约束。
INFO  [alembic.runtime.migration] Running upgrade 0032_content_task_idempotency -> 0033_task_owned_history_delete, 允许受控删除已取消任务自有的未批准生产历史。
INFO  [alembic.runtime.migration] Running upgrade 0033_task_owned_history_delete -> 0034_publication_redesign, 以发布工作、首次核验成果和发布后内容问题替换旧发布记录。
INFO  [alembic.runtime.migration] Running upgrade 0034_publication_redesign -> 0035_business_workflow, 建立事实提交、内容单主线、发布版本快照与 GEO 来源合同。
INFO  [alembic.runtime.migration] Running upgrade 0035_business_workflow -> 0036_remove_section_url, 删除没有稳定业务含义的发布栏目地址。
INFO  [alembic.runtime.migration] Running upgrade 0036_remove_section_url -> 0037_simplify_deletion_lifecycle, 收缩任务、配置与审计的删除生命周期。
INFO  [alembic.runtime.migration] Running upgrade 0037_simplify_deletion_lifecycle -> 0038_published_article_delete, 允许受控删除无 GEO 引用的发布成果聚合。
INFO  [alembic.runtime.migration] Running upgrade 0038_published_article_delete -> 0039_article_delete_platform, 允许归档任务在删除失效平台的发布成果后转为已取消。
INFO  [alembic.runtime.migration] Running upgrade 0039_article_delete_platform -> 0040_content_draft_management, 允许当前人工未审核草稿受控保存和彻底删除。
INFO  [alembic.runtime.migration] Running upgrade 0040_content_draft_management -> 0041_content_task_list, 补齐内容任务列表的稳定更新时间与排序索引。
INFO  [alembic.runtime.migration] Running upgrade 0041_content_task_list -> 0042_content_version_detail, 记录内容版本自身的真实更新时间。
INFO  [alembic.runtime.migration] Running upgrade 0042_content_version_detail -> 0043_geo_platform_identity, 冻结发布工作的平台 UUID，避免配置删除后 GEO 历史失去身份。
INFO  [alembic.runtime.migration] Running upgrade 0043_geo_platform_identity -> 0044_geo_catalog, 新增 GEO Catalog 三表；冻结本 revision，不读取运行时 ORM。
INFO  [alembic.runtime.migration] Running upgrade 0044_geo_catalog -> 0045_geo_prompt_variants, 仅新增问题变体，冻结规范化及历史锁存，不回填旧问题数组。
INFO  [alembic.runtime.migration] Running upgrade 0045_geo_prompt_variants -> 0046_geo_surfaces_profiles, 新增观测配置与闭合JSON合同；不回填旧GEO或实现运行资格。
INFO  [alembic.runtime.migration] Running upgrade 0046_geo_surfaces_profiles -> 0047_geo_monitoring_plans, 仅增加计划配置聚合；不创建批次、运行或改写历史观测。
INFO  [alembic.runtime.migration] Running upgrade 0047_geo_monitoring_plans -> 0048_geo_batches_runs, 新增独立回答级 Batch/Run，冻结 DDL 与快照/写入守卫，不迁移旧 GEO。
INFO  [alembic.runtime.migration] Running upgrade 0048_geo_batches_runs -> 0049_geo_batch_creation, 创建幂等与批次主体引用；不修改已冻结的 Batch/Run 输入。
INFO  [alembic.runtime.migration] Running upgrade 0049_geo_batch_creation -> 0050_geo_answer_evidence, 新增不可变原始回答、引用和受控文件关系；不实现采集命令。
INFO  [alembic.runtime.migration] Running upgrade 0050_geo_answer_evidence -> 0051_geo_manual_collection, 人工草稿和不可变提交身份；不回填或修改已提交证据。
INFO  [alembic.runtime.migration] Running upgrade 0051_geo_manual_collection -> 0052_geo_profile_tests, API Profile 当前诊断资格与依赖失效；不修改业务历史。
INFO  [alembic.runtime.migration] Running upgrade 0052_geo_profile_tests -> 0053_geo_collection_admission, 加法保存预算预留与发送限速事实，历史 Run 和原始证据保持不变。
INFO  [alembic.runtime.migration] Running upgrade 0053_geo_collection_admission -> 0054_geo_analysis_contract, 分析输入/结果、追加复核与限定 current pointer；不回填历史证据。
INFO  [alembic.runtime.migration] Running upgrade 0054_geo_analysis_contract -> 0055_geo_analysis_worker, 分析执行租约与引用结果；不回填或重写已有 revision。
INFO  [alembic.runtime.migration] Running upgrade 0055_geo_analysis_worker -> 0056_geo_run_review, 受控人工复核发布；历史机器结果与Review不回填、不改写。
INFO  [alembic.runtime.migration] Running upgrade 0056_geo_run_review -> 0057_geo_insight_indexes, GEO-607：洞察日期候选索引，不改变历史数据或业务约束。
INFO  [alembic.runtime.migration] Running upgrade 0057_geo_insight_indexes -> 0058_geo_rule_configuration, GEO-701：当前规则配置和不可变 revision 历史，不回填既有评估。
INFO  [alembic.runtime.migration] Running upgrade 0058_geo_rule_configuration -> 0059_geo_opportunities, GEO-702：机会、追加来源/行动/评估及真实 Batch 来源外键。
INFO  [alembic.runtime.migration] Running upgrade 0059_geo_opportunities -> 0060_geo_opportunity_actions, GEO-704：行动来源快照、幂等回执与目标生命周期保护。
INFO  [alembic.runtime.migration] Running upgrade 0060_geo_opportunity_actions -> 0061_geo_retests, GEO-705：严格复测冻结基线、幂等回执和提交时矩阵验证。
INFO  [alembic.runtime.migration] Running upgrade 0061_geo_retests -> 0062_geo_opportunity_decisions, GEO-706：加法保存显式处理和不可变比较证据，不回填历史。
INFO  [alembic.runtime.migration] Running upgrade 0062_geo_opportunity_decisions -> 0063_geo_browser_sessions, GEO-802：仅增加受保护会话引用、撤销事实与审计动作。
INFO  [alembic.runtime.migration] Running upgrade 0063_geo_browser_sessions -> 0064_geo_retention, GEO 终态草稿清理墓碑；不改已提交证据、不回填历史。
INFO  [alembic.runtime.migration] Running upgrade 0064_geo_retention -> 0065_geo_observability, GEO有限运行健康元数据；加法迁移，不回填或修改业务历史。
_____________ test_submit_freezes_all_once_replay_and_no_analysis ______________

    @contextlib.contextmanager
    def map_httpcore_exceptions() -> typing.Iterator[None]:
        global HTTPCORE_EXC_MAP
        if len(HTTPCORE_EXC_MAP) == 0:
            HTTPCORE_EXC_MAP = _load_httpcore_exceptions()
        try:
>           yield

/opt/venv/lib/python3.12/site-packages/httpx/_transports/default.py:101: 
_ _ _ _ _ _ _ _ _ _ _ _ _ _ _ _ _ _ _ _ _ _ _ _ _ _ _ _ _ _ _ _ _ _ _ _ _ _ _ _ 
/opt/venv/lib/python3.12/site-packages/httpx/_transports/default.py:250: in handle_request
    resp = self._pool.handle_request(req)
           ^^^^^^^^^^^^^^^^^^^^^^^^^^^^^^
/opt/venv/lib/python3.12/site-packages/httpcore/_sync/connection_pool.py:256: in handle_request
    raise exc from None
/opt/venv/lib/python3.12/site-packages/httpcore/_sync/connection_pool.py:236: in handle_request
    response = connection.handle_request(
/opt/venv/lib/python3.12/site-packages/httpcore/_sync/connection.py:101: in handle_request
    raise exc
/opt/venv/lib/python3.12/site-packages/httpcore/_sync/connection.py:78: in handle_request
    stream = self._connect(request)
             ^^^^^^^^^^^^^^^^^^^^^^
/opt/venv/lib/python3.12/site-packages/httpcore/_sync/connection.py:124: in _connect
    stream = self._network_backend.connect_tcp(**kwargs)
             ^^^^^^^^^^^^^^^^^^^^^^^^^^^^^^^^^^^^^^^^^^^
/opt/venv/lib/python3.12/site-packages/httpcore/_backends/sync.py:207: in connect_tcp
    with map_exceptions(exc_map):
         ^^^^^^^^^^^^^^^^^^^^^^^
/usr/local/lib/python3.12/contextlib.py:158: in __exit__
    self.gen.throw(value)
_ _ _ _ _ _ _ _ _ _ _ _ _ _ _ _ _ _ _ _ _ _ _ _ _ _ _ _ _ _ _ _ _ _ _ _ _ _ _ _ 

map = {<class 'TimeoutError'>: <class 'httpcore.ConnectTimeout'>, <class 'OSError'>: <class 'httpcore.ConnectError'>}

    @contextlib.contextmanager
    def map_exceptions(map: ExceptionMapping) -> typing.Iterator[None]:
        try:
            yield
        except Exception as exc:  # noqa: PIE786
            for from_exc, to_exc in map.items():
                if isinstance(exc, from_exc):
>                   raise to_exc(exc) from exc
E                   httpcore.ConnectError: [Errno -2] Name or service not known

/opt/venv/lib/python3.12/site-packages/httpcore/_exceptions.py:14: ConnectError

The above exception was the direct cause of the following exception:

self = <app.services.storage.DevelopmentEvidenceStorage object at 0xf131eb951340>
object_key = 'geo305/0505bae4-0da4-4922-acb1-78fbb59154d6'
data = b'fixture-redacted-screenshot'

    def put(
        self,
        object_key: str,
        data: bytes,
        *,
        content_type: str,
        sha256: str,
    ) -> None:
        """通过内部签名 URL 保存服务端已经校验的对象。"""
        expires_at = datetime.now(UTC) + timedelta(seconds=60)
        url = signed_storage_url("upload", object_key, expires_at, internal=True)
        try:
>           response = httpx.put(
                url,
                content=data,
                headers={"content-type": content_type, "x-meta-sha256": sha256},
                timeout=10,
            )

app/services/storage.py:131: 
_ _ _ _ _ _ _ _ _ _ _ _ _ _ _ _ _ _ _ _ _ _ _ _ _ _ _ _ _ _ _ _ _ _ _ _ _ _ _ _ 
/opt/venv/lib/python3.12/site-packages/httpx/_api.py:345: in put
    return request(
/opt/venv/lib/python3.12/site-packages/httpx/_api.py:109: in request
    return client.request(
/opt/venv/lib/python3.12/site-packages/httpx/_client.py:825: in request
    return self.send(request, auth=auth, follow_redirects=follow_redirects)
           ^^^^^^^^^^^^^^^^^^^^^^^^^^^^^^^^^^^^^^^^^^^^^^^^^^^^^^^^^^^^^^^^
/opt/venv/lib/python3.12/site-packages/httpx/_client.py:914: in send
    response = self._send_handling_auth(
/opt/venv/lib/python3.12/site-packages/httpx/_client.py:942: in _send_handling_auth
    response = self._send_handling_redirects(
/opt/venv/lib/python3.12/site-packages/httpx/_client.py:979: in _send_handling_redirects
    response = self._send_single_request(request)
               ^^^^^^^^^^^^^^^^^^^^^^^^^^^^^^^^^^
/opt/venv/lib/python3.12/site-packages/httpx/_client.py:1014: in _send_single_request
    response = transport.handle_request(request)
               ^^^^^^^^^^^^^^^^^^^^^^^^^^^^^^^^^
/opt/venv/lib/python3.12/site-packages/httpx/_transports/default.py:249: in handle_request
    with map_httpcore_exceptions():
         ^^^^^^^^^^^^^^^^^^^^^^^^^
/usr/local/lib/python3.12/contextlib.py:158: in __exit__
    self.gen.throw(value)
_ _ _ _ _ _ _ _ _ _ _ _ _ _ _ _ _ _ _ _ _ _ _ _ _ _ _ _ _ _ _ _ _ _ _ _ _ _ _ _ 

    @contextlib.contextmanager
    def map_httpcore_exceptions() -> typing.Iterator[None]:
        global HTTPCORE_EXC_MAP
        if len(HTTPCORE_EXC_MAP) == 0:
            HTTPCORE_EXC_MAP = _load_httpcore_exceptions()
        try:
            yield
        except Exception as exc:
            mapped_exc = None
    
            for from_exc, to_exc in HTTPCORE_EXC_MAP.items():
                if not isinstance(exc, from_exc):
                    continue
                # We want to map to the most specific exception we can find.
                # Eg if `exc` is an `httpcore.ReadTimeout`, we want to map to
                # `httpx.ReadTimeout`, not just `httpx.TimeoutException`.
                if mapped_exc is None or issubclass(to_exc, mapped_exc):
                    mapped_exc = to_exc
    
            if mapped_exc is None:  # pragma: no cover
                raise
    
            message = str(exc)
>           raise mapped_exc(message) from exc
E           httpx.ConnectError: [Errno -2] Name or service not known

/opt/venv/lib/python3.12/site-packages/httpx/_transports/default.py:118: ConnectError

The above exception was the direct cause of the following exception:

plans_api = PlansAPI(api=QuestionsAPI(engine=Engine(postgresql+psycopg://partsignal:***@postgres:5432/partsignal_geo208_0337ec1c09...e1f6a8ca3b57'), surface=UUID('aeef2bdf-39e5-44da-8cb1-c019e38cf914'), name='虚构计划-f44ae18c-0a9e-4d43-925b-3b1c80bd4aab')
monkeypatch = <_pytest.monkeypatch.MonkeyPatch object at 0xf131ebcbedb0>

>   ???

/Users/sc/PycharmProjects/partsignal/backend/tests/integration/test_geo_manual_collection.py:174: 
_ _ _ _ _ _ _ _ _ _ _ _ _ _ _ _ _ _ _ _ _ _ _ _ _ _ _ _ _ _ _ _ _ _ _ _ _ _ _ _ 
/Users/sc/PycharmProjects/partsignal/backend/tests/integration/test_geo_manual_collection.py:70: in evidence
    ???
_ _ _ _ _ _ _ _ _ _ _ _ _ _ _ _ _ _ _ _ _ _ _ _ _ _ _ _ _ _ _ _ _ _ _ _ _ _ _ _ 

self = <app.services.storage.DevelopmentEvidenceStorage object at 0xf131eb951340>
object_key = 'geo305/0505bae4-0da4-4922-acb1-78fbb59154d6'
data = b'fixture-redacted-screenshot'

    def put(
        self,
        object_key: str,
        data: bytes,
        *,
        content_type: str,
        sha256: str,
    ) -> None:
        """通过内部签名 URL 保存服务端已经校验的对象。"""
        expires_at = datetime.now(UTC) + timedelta(seconds=60)
        url = signed_storage_url("upload", object_key, expires_at, internal=True)
        try:
            response = httpx.put(
                url,
                content=data,
                headers={"content-type": content_type, "x-meta-sha256": sha256},
                timeout=10,
            )
            response.raise_for_status()
        except (httpx.HTTPStatusError, httpx.RequestError) as error:
>           raise StorageUnavailable("开发对象存储 PUT 请求失败") from error
E           app.services.storage.StorageUnavailable: 开发对象存储 PUT 请求失败

app/services/storage.py:139: StorageUnavailable
____________ test_submit_failure_is_atomic[empty-GEO_ANSWER_EMPTY] _____________

    @contextlib.contextmanager
    def map_httpcore_exceptions() -> typing.Iterator[None]:
        global HTTPCORE_EXC_MAP
        if len(HTTPCORE_EXC_MAP) == 0:
            HTTPCORE_EXC_MAP = _load_httpcore_exceptions()
        try:
>           yield

/opt/venv/lib/python3.12/site-packages/httpx/_transports/default.py:101: 
_ _ _ _ _ _ _ _ _ _ _ _ _ _ _ _ _ _ _ _ _ _ _ _ _ _ _ _ _ _ _ _ _ _ _ _ _ _ _ _ 
/opt/venv/lib/python3.12/site-packages/httpx/_transports/default.py:250: in handle_request
    resp = self._pool.handle_request(req)
           ^^^^^^^^^^^^^^^^^^^^^^^^^^^^^^
/opt/venv/lib/python3.12/site-packages/httpcore/_sync/connection_pool.py:256: in handle_request
    raise exc from None
/opt/venv/lib/python3.12/site-packages/httpcore/_sync/connection_pool.py:236: in handle_request
    response = connection.handle_request(
/opt/venv/lib/python3.12/site-packages/httpcore/_sync/connection.py:101: in handle_request
    raise exc
/opt/venv/lib/python3.12/site-packages/httpcore/_sync/connection.py:78: in handle_request
    stream = self._connect(request)
             ^^^^^^^^^^^^^^^^^^^^^^
/opt/venv/lib/python3.12/site-packages/httpcore/_sync/connection.py:124: in _connect
    stream = self._network_backend.connect_tcp(**kwargs)
             ^^^^^^^^^^^^^^^^^^^^^^^^^^^^^^^^^^^^^^^^^^^
/opt/venv/lib/python3.12/site-packages/httpcore/_backends/sync.py:207: in connect_tcp
    with map_exceptions(exc_map):
         ^^^^^^^^^^^^^^^^^^^^^^^
/usr/local/lib/python3.12/contextlib.py:158: in __exit__
    self.gen.throw(value)
_ _ _ _ _ _ _ _ _ _ _ _ _ _ _ _ _ _ _ _ _ _ _ _ _ _ _ _ _ _ _ _ _ _ _ _ _ _ _ _ 

map = {<class 'TimeoutError'>: <class 'httpcore.ConnectTimeout'>, <class 'OSError'>: <class 'httpcore.ConnectError'>}

    @contextlib.contextmanager
    def map_exceptions(map: ExceptionMapping) -> typing.Iterator[None]:
        try:
            yield
        except Exception as exc:  # noqa: PIE786
            for from_exc, to_exc in map.items():
                if isinstance(exc, from_exc):
>                   raise to_exc(exc) from exc
E                   httpcore.ConnectError: [Errno -2] Name or service not known

/opt/venv/lib/python3.12/site-packages/httpcore/_exceptions.py:14: ConnectError

The above exception was the direct cause of the following exception:

self = <app.services.storage.DevelopmentEvidenceStorage object at 0xf132016e9940>
object_key = 'geo305/17a4c69e-46fc-42a7-98f4-e12d8f5d9672'
data = b'fixture-redacted-screenshot'

    def put(
        self,
        object_key: str,
        data: bytes,
        *,
        content_type: str,
        sha256: str,
    ) -> None:
        """通过内部签名 URL 保存服务端已经校验的对象。"""
        expires_at = datetime.now(UTC) + timedelta(seconds=60)
        url = signed_storage_url("upload", object_key, expires_at, internal=True)
        try:
>           response = httpx.put(
                url,
                content=data,
                headers={"content-type": content_type, "x-meta-sha256": sha256},
                timeout=10,
            )

app/services/storage.py:131: 
_ _ _ _ _ _ _ _ _ _ _ _ _ _ _ _ _ _ _ _ _ _ _ _ _ _ _ _ _ _ _ _ _ _ _ _ _ _ _ _ 
/opt/venv/lib/python3.12/site-packages/httpx/_api.py:345: in put
    return request(
/opt/venv/lib/python3.12/site-packages/httpx/_api.py:109: in request
    return client.request(
/opt/venv/lib/python3.12/site-packages/httpx/_client.py:825: in request
    return self.send(request, auth=auth, follow_redirects=follow_redirects)
           ^^^^^^^^^^^^^^^^^^^^^^^^^^^^^^^^^^^^^^^^^^^^^^^^^^^^^^^^^^^^^^^^
/opt/venv/lib/python3.12/site-packages/httpx/_client.py:914: in send
    response = self._send_handling_auth(
/opt/venv/lib/python3.12/site-packages/httpx/_client.py:942: in _send_handling_auth
    response = self._send_handling_redirects(
/opt/venv/lib/python3.12/site-packages/httpx/_client.py:979: in _send_handling_redirects
    response = self._send_single_request(request)
               ^^^^^^^^^^^^^^^^^^^^^^^^^^^^^^^^^^
/opt/venv/lib/python3.12/site-packages/httpx/_client.py:1014: in _send_single_request
    response = transport.handle_request(request)
               ^^^^^^^^^^^^^^^^^^^^^^^^^^^^^^^^^
/opt/venv/lib/python3.12/site-packages/httpx/_transports/default.py:249: in handle_request
    with map_httpcore_exceptions():
         ^^^^^^^^^^^^^^^^^^^^^^^^^
/usr/local/lib/python3.12/contextlib.py:158: in __exit__
    self.gen.throw(value)
_ _ _ _ _ _ _ _ _ _ _ _ _ _ _ _ _ _ _ _ _ _ _ _ _ _ _ _ _ _ _ _ _ _ _ _ _ _ _ _ 

    @contextlib.contextmanager
    def map_httpcore_exceptions() -> typing.Iterator[None]:
        global HTTPCORE_EXC_MAP
        if len(HTTPCORE_EXC_MAP) == 0:
            HTTPCORE_EXC_MAP = _load_httpcore_exceptions()
        try:
            yield
        except Exception as exc:
            mapped_exc = None
    
            for from_exc, to_exc in HTTPCORE_EXC_MAP.items():
                if not isinstance(exc, from_exc):
                    continue
                # We want to map to the most specific exception we can find.
                # Eg if `exc` is an `httpcore.ReadTimeout`, we want to map to
                # `httpx.ReadTimeout`, not just `httpx.TimeoutException`.
                if mapped_exc is None or issubclass(to_exc, mapped_exc):
                    mapped_exc = to_exc
    
            if mapped_exc is None:  # pragma: no cover
                raise
    
            message = str(exc)
>           raise mapped_exc(message) from exc
E           httpx.ConnectError: [Errno -2] Name or service not known

/opt/venv/lib/python3.12/site-packages/httpx/_transports/default.py:118: ConnectError

The above exception was the direct cause of the following exception:

plans_api = PlansAPI(api=QuestionsAPI(engine=Engine(postgresql+psycopg://partsignal:***@postgres:5432/partsignal_geo208_0337ec1c09...3368798c4a59'), surface=UUID('27bc11af-4863-468c-8955-154e605c08e9'), name='虚构计划-c058c136-066e-406c-9eee-093402cc85c8')
monkeypatch = <_pytest.monkeypatch.MonkeyPatch object at 0xf13209eeee70>
case = 'empty', code = 'GEO_ANSWER_EMPTY'

>   ???

/Users/sc/PycharmProjects/partsignal/backend/tests/integration/test_geo_manual_collection.py:250: 
_ _ _ _ _ _ _ _ _ _ _ _ _ _ _ _ _ _ _ _ _ _ _ _ _ _ _ _ _ _ _ _ _ _ _ _ _ _ _ _ 
/Users/sc/PycharmProjects/partsignal/backend/tests/integration/test_geo_manual_collection.py:70: in evidence
    ???
_ _ _ _ _ _ _ _ _ _ _ _ _ _ _ _ _ _ _ _ _ _ _ _ _ _ _ _ _ _ _ _ _ _ _ _ _ _ _ _ 

self = <app.services.storage.DevelopmentEvidenceStorage object at 0xf132016e9940>
object_key = 'geo305/17a4c69e-46fc-42a7-98f4-e12d8f5d9672'
data = b'fixture-redacted-screenshot'

    def put(
        self,
        object_key: str,
        data: bytes,
        *,
        content_type: str,
        sha256: str,
    ) -> None:
        """通过内部签名 URL 保存服务端已经校验的对象。"""
        expires_at = datetime.now(UTC) + timedelta(seconds=60)
        url = signed_storage_url("upload", object_key, expires_at, internal=True)
        try:
            response = httpx.put(
                url,
                content=data,
                headers={"content-type": content_type, "x-meta-sha256": sha256},
                timeout=10,
            )
            response.raise_for_status()
        except (httpx.HTTPStatusError, httpx.RequestError) as error:
>           raise StorageUnavailable("开发对象存储 PUT 请求失败") from error
E           app.services.storage.StorageUnavailable: 开发对象存储 PUT 请求失败

app/services/storage.py:139: StorageUnavailable
_______ test_submit_failure_is_atomic[no_evidence-GEO_EVIDENCE_REQUIRED] _______

    @contextlib.contextmanager
    def map_httpcore_exceptions() -> typing.Iterator[None]:
        global HTTPCORE_EXC_MAP
        if len(HTTPCORE_EXC_MAP) == 0:
            HTTPCORE_EXC_MAP = _load_httpcore_exceptions()
        try:
>           yield

/opt/venv/lib/python3.12/site-packages/httpx/_transports/default.py:101: 
_ _ _ _ _ _ _ _ _ _ _ _ _ _ _ _ _ _ _ _ _ _ _ _ _ _ _ _ _ _ _ _ _ _ _ _ _ _ _ _ 
/opt/venv/lib/python3.12/site-packages/httpx/_transports/default.py:250: in handle_request
    resp = self._pool.handle_request(req)
           ^^^^^^^^^^^^^^^^^^^^^^^^^^^^^^
/opt/venv/lib/python3.12/site-packages/httpcore/_sync/connection_pool.py:256: in handle_request
    raise exc from None
/opt/venv/lib/python3.12/site-packages/httpcore/_sync/connection_pool.py:236: in handle_request
    response = connection.handle_request(
/opt/venv/lib/python3.12/site-packages/httpcore/_sync/connection.py:101: in handle_request
    raise exc
/opt/venv/lib/python3.12/site-packages/httpcore/_sync/connection.py:78: in handle_request
    stream = self._connect(request)
             ^^^^^^^^^^^^^^^^^^^^^^
/opt/venv/lib/python3.12/site-packages/httpcore/_sync/connection.py:124: in _connect
    stream = self._network_backend.connect_tcp(**kwargs)
             ^^^^^^^^^^^^^^^^^^^^^^^^^^^^^^^^^^^^^^^^^^^
/opt/venv/lib/python3.12/site-packages/httpcore/_backends/sync.py:207: in connect_tcp
    with map_exceptions(exc_map):
         ^^^^^^^^^^^^^^^^^^^^^^^
/usr/local/lib/python3.12/contextlib.py:158: in __exit__
    self.gen.throw(value)
_ _ _ _ _ _ _ _ _ _ _ _ _ _ _ _ _ _ _ _ _ _ _ _ _ _ _ _ _ _ _ _ _ _ _ _ _ _ _ _ 

map = {<class 'TimeoutError'>: <class 'httpcore.ConnectTimeout'>, <class 'OSError'>: <class 'httpcore.ConnectError'>}

    @contextlib.contextmanager
    def map_exceptions(map: ExceptionMapping) -> typing.Iterator[None]:
        try:
            yield
        except Exception as exc:  # noqa: PIE786
            for from_exc, to_exc in map.items():
                if isinstance(exc, from_exc):
>                   raise to_exc(exc) from exc
E                   httpcore.ConnectError: [Errno -2] Name or service not known

/opt/venv/lib/python3.12/site-packages/httpcore/_exceptions.py:14: ConnectError

The above exception was the direct cause of the following exception:

self = <app.services.storage.DevelopmentEvidenceStorage object at 0xf132039bc680>
object_key = 'geo305/a008a6eb-24b9-4d32-8aaa-0e65d28bc893'
data = b'fixture-redacted-screenshot'

    def put(
        self,
        object_key: str,
        data: bytes,
        *,
        content_type: str,
        sha256: str,
    ) -> None:
        """通过内部签名 URL 保存服务端已经校验的对象。"""
        expires_at = datetime.now(UTC) + timedelta(seconds=60)
        url = signed_storage_url("upload", object_key, expires_at, internal=True)
        try:
>           response = httpx.put(
                url,
                content=data,
                headers={"content-type": content_type, "x-meta-sha256": sha256},
                timeout=10,
            )

app/services/storage.py:131: 
_ _ _ _ _ _ _ _ _ _ _ _ _ _ _ _ _ _ _ _ _ _ _ _ _ _ _ _ _ _ _ _ _ _ _ _ _ _ _ _ 
/opt/venv/lib/python3.12/site-packages/httpx/_api.py:345: in put
    return request(
/opt/venv/lib/python3.12/site-packages/httpx/_api.py:109: in request
    return client.request(
/opt/venv/lib/python3.12/site-packages/httpx/_client.py:825: in request
    return self.send(request, auth=auth, follow_redirects=follow_redirects)
           ^^^^^^^^^^^^^^^^^^^^^^^^^^^^^^^^^^^^^^^^^^^^^^^^^^^^^^^^^^^^^^^^
/opt/venv/lib/python3.12/site-packages/httpx/_client.py:914: in send
    response = self._send_handling_auth(
/opt/venv/lib/python3.12/site-packages/httpx/_client.py:942: in _send_handling_auth
    response = self._send_handling_redirects(
/opt/venv/lib/python3.12/site-packages/httpx/_client.py:979: in _send_handling_redirects
    response = self._send_single_request(request)
               ^^^^^^^^^^^^^^^^^^^^^^^^^^^^^^^^^^
/opt/venv/lib/python3.12/site-packages/httpx/_client.py:1014: in _send_single_request
    response = transport.handle_request(request)
               ^^^^^^^^^^^^^^^^^^^^^^^^^^^^^^^^^
/opt/venv/lib/python3.12/site-packages/httpx/_transports/default.py:249: in handle_request
    with map_httpcore_exceptions():
         ^^^^^^^^^^^^^^^^^^^^^^^^^
/usr/local/lib/python3.12/contextlib.py:158: in __exit__
    self.gen.throw(value)
_ _ _ _ _ _ _ _ _ _ _ _ _ _ _ _ _ _ _ _ _ _ _ _ _ _ _ _ _ _ _ _ _ _ _ _ _ _ _ _ 

    @contextlib.contextmanager
    def map_httpcore_exceptions() -> typing.Iterator[None]:
        global HTTPCORE_EXC_MAP
        if len(HTTPCORE_EXC_MAP) == 0:
            HTTPCORE_EXC_MAP = _load_httpcore_exceptions()
        try:
            yield
        except Exception as exc:
            mapped_exc = None
    
            for from_exc, to_exc in HTTPCORE_EXC_MAP.items():
                if not isinstance(exc, from_exc):
                    continue
                # We want to map to the most specific exception we can find.
                # Eg if `exc` is an `httpcore.ReadTimeout`, we want to map to
                # `httpx.ReadTimeout`, not just `httpx.TimeoutException`.
                if mapped_exc is None or issubclass(to_exc, mapped_exc):
                    mapped_exc = to_exc
    
            if mapped_exc is None:  # pragma: no cover
                raise
    
            message = str(exc)
>           raise mapped_exc(message) from exc
E           httpx.ConnectError: [Errno -2] Name or service not known

/opt/venv/lib/python3.12/site-packages/httpx/_transports/default.py:118: ConnectError

The above exception was the direct cause of the following exception:

plans_api = PlansAPI(api=QuestionsAPI(engine=Engine(postgresql+psycopg://partsignal:***@postgres:5432/partsignal_geo208_0337ec1c09...06e7044c9381'), surface=UUID('3be5d9ad-e658-493a-9f62-0af194d148cb'), name='虚构计划-16e87dbe-5ab5-4acc-8c9f-b1857b71a9a2')
monkeypatch = <_pytest.monkeypatch.MonkeyPatch object at 0xf13200bc93a0>
case = 'no_evidence', code = 'GEO_EVIDENCE_REQUIRED'

>   ???

/Users/sc/PycharmProjects/partsignal/backend/tests/integration/test_geo_manual_collection.py:250: 
_ _ _ _ _ _ _ _ _ _ _ _ _ _ _ _ _ _ _ _ _ _ _ _ _ _ _ _ _ _ _ _ _ _ _ _ _ _ _ _ 
/Users/sc/PycharmProjects/partsignal/backend/tests/integration/test_geo_manual_collection.py:70: in evidence
    ???
_ _ _ _ _ _ _ _ _ _ _ _ _ _ _ _ _ _ _ _ _ _ _ _ _ _ _ _ _ _ _ _ _ _ _ _ _ _ _ _ 

self = <app.services.storage.DevelopmentEvidenceStorage object at 0xf132039bc680>
object_key = 'geo305/a008a6eb-24b9-4d32-8aaa-0e65d28bc893'
data = b'fixture-redacted-screenshot'

    def put(
        self,
        object_key: str,
        data: bytes,
        *,
        content_type: str,
        sha256: str,
    ) -> None:
        """通过内部签名 URL 保存服务端已经校验的对象。"""
        expires_at = datetime.now(UTC) + timedelta(seconds=60)
        url = signed_storage_url("upload", object_key, expires_at, internal=True)
        try:
            response = httpx.put(
                url,
                content=data,
                headers={"content-type": content_type, "x-meta-sha256": sha256},
                timeout=10,
            )
            response.raise_for_status()
        except (httpx.HTTPStatusError, httpx.RequestError) as error:
>           raise StorageUnavailable("开发对象存储 PUT 请求失败") from error
E           app.services.storage.StorageUnavailable: 开发对象存储 PUT 请求失败

app/services/storage.py:139: StorageUnavailable
_______ test_submit_failure_is_atomic[raw_only-GEO_SCREENSHOT_REQUIRED] ________

    @contextlib.contextmanager
    def map_httpcore_exceptions() -> typing.Iterator[None]:
        global HTTPCORE_EXC_MAP
        if len(HTTPCORE_EXC_MAP) == 0:
            HTTPCORE_EXC_MAP = _load_httpcore_exceptions()
        try:
>           yield

/opt/venv/lib/python3.12/site-packages/httpx/_transports/default.py:101: 
_ _ _ _ _ _ _ _ _ _ _ _ _ _ _ _ _ _ _ _ _ _ _ _ _ _ _ _ _ _ _ _ _ _ _ _ _ _ _ _ 
/opt/venv/lib/python3.12/site-packages/httpx/_transports/default.py:250: in handle_request
    resp = self._pool.handle_request(req)
           ^^^^^^^^^^^^^^^^^^^^^^^^^^^^^^
/opt/venv/lib/python3.12/site-packages/httpcore/_sync/connection_pool.py:256: in handle_request
    raise exc from None
/opt/venv/lib/python3.12/site-packages/httpcore/_sync/connection_pool.py:236: in handle_request
    response = connection.handle_request(
/opt/venv/lib/python3.12/site-packages/httpcore/_sync/connection.py:101: in handle_request
    raise exc
/opt/venv/lib/python3.12/site-packages/httpcore/_sync/connection.py:78: in handle_request
    stream = self._connect(request)
             ^^^^^^^^^^^^^^^^^^^^^^
/opt/venv/lib/python3.12/site-packages/httpcore/_sync/connection.py:124: in _connect
    stream = self._network_backend.connect_tcp(**kwargs)
             ^^^^^^^^^^^^^^^^^^^^^^^^^^^^^^^^^^^^^^^^^^^
/opt/venv/lib/python3.12/site-packages/httpcore/_backends/sync.py:207: in connect_tcp
    with map_exceptions(exc_map):
         ^^^^^^^^^^^^^^^^^^^^^^^
/usr/local/lib/python3.12/contextlib.py:158: in __exit__
    self.gen.throw(value)
_ _ _ _ _ _ _ _ _ _ _ _ _ _ _ _ _ _ _ _ _ _ _ _ _ _ _ _ _ _ _ _ _ _ _ _ _ _ _ _ 

map = {<class 'TimeoutError'>: <class 'httpcore.ConnectTimeout'>, <class 'OSError'>: <class 'httpcore.ConnectError'>}

    @contextlib.contextmanager
    def map_exceptions(map: ExceptionMapping) -> typing.Iterator[None]:
        try:
            yield
        except Exception as exc:  # noqa: PIE786
            for from_exc, to_exc in map.items():
                if isinstance(exc, from_exc):
>                   raise to_exc(exc) from exc
E                   httpcore.ConnectError: [Errno -2] Name or service not known

/opt/venv/lib/python3.12/site-packages/httpcore/_exceptions.py:14: ConnectError

The above exception was the direct cause of the following exception:

self = <app.services.storage.DevelopmentEvidenceStorage object at 0xf13201737290>
object_key = 'geo305/607bd382-2361-4b25-8b43-5a555be76bad'
data = b'fixture-redacted-answer'

    def put(
        self,
        object_key: str,
        data: bytes,
        *,
        content_type: str,
        sha256: str,
    ) -> None:
        """通过内部签名 URL 保存服务端已经校验的对象。"""
        expires_at = datetime.now(UTC) + timedelta(seconds=60)
        url = signed_storage_url("upload", object_key, expires_at, internal=True)
        try:
>           response = httpx.put(
                url,
                content=data,
                headers={"content-type": content_type, "x-meta-sha256": sha256},
                timeout=10,
            )

app/services/storage.py:131: 
_ _ _ _ _ _ _ _ _ _ _ _ _ _ _ _ _ _ _ _ _ _ _ _ _ _ _ _ _ _ _ _ _ _ _ _ _ _ _ _ 
/opt/venv/lib/python3.12/site-packages/httpx/_api.py:345: in put
    return request(
/opt/venv/lib/python3.12/site-packages/httpx/_api.py:109: in request
    return client.request(
/opt/venv/lib/python3.12/site-packages/httpx/_client.py:825: in request
    return self.send(request, auth=auth, follow_redirects=follow_redirects)
           ^^^^^^^^^^^^^^^^^^^^^^^^^^^^^^^^^^^^^^^^^^^^^^^^^^^^^^^^^^^^^^^^
/opt/venv/lib/python3.12/site-packages/httpx/_client.py:914: in send
    response = self._send_handling_auth(
/opt/venv/lib/python3.12/site-packages/httpx/_client.py:942: in _send_handling_auth
    response = self._send_handling_redirects(
/opt/venv/lib/python3.12/site-packages/httpx/_client.py:979: in _send_handling_redirects
    response = self._send_single_request(request)
               ^^^^^^^^^^^^^^^^^^^^^^^^^^^^^^^^^^
/opt/venv/lib/python3.12/site-packages/httpx/_client.py:1014: in _send_single_request
    response = transport.handle_request(request)
               ^^^^^^^^^^^^^^^^^^^^^^^^^^^^^^^^^
/opt/venv/lib/python3.12/site-packages/httpx/_transports/default.py:249: in handle_request
    with map_httpcore_exceptions():
         ^^^^^^^^^^^^^^^^^^^^^^^^^
/usr/local/lib/python3.12/contextlib.py:158: in __exit__
    self.gen.throw(value)
_ _ _ _ _ _ _ _ _ _ _ _ _ _ _ _ _ _ _ _ _ _ _ _ _ _ _ _ _ _ _ _ _ _ _ _ _ _ _ _ 

    @contextlib.contextmanager
    def map_httpcore_exceptions() -> typing.Iterator[None]:
        global HTTPCORE_EXC_MAP
        if len(HTTPCORE_EXC_MAP) == 0:
            HTTPCORE_EXC_MAP = _load_httpcore_exceptions()
        try:
            yield
        except Exception as exc:
            mapped_exc = None
    
            for from_exc, to_exc in HTTPCORE_EXC_MAP.items():
                if not isinstance(exc, from_exc):
                    continue
                # We want to map to the most specific exception we can find.
                # Eg if `exc` is an `httpcore.ReadTimeout`, we want to map to
                # `httpx.ReadTimeout`, not just `httpx.TimeoutException`.
                if mapped_exc is None or issubclass(to_exc, mapped_exc):
                    mapped_exc = to_exc
    
            if mapped_exc is None:  # pragma: no cover
                raise
    
            message = str(exc)
>           raise mapped_exc(message) from exc
E           httpx.ConnectError: [Errno -2] Name or service not known

/opt/venv/lib/python3.12/site-packages/httpx/_transports/default.py:118: ConnectError

The above exception was the direct cause of the following exception:

plans_api = PlansAPI(api=QuestionsAPI(engine=Engine(postgresql+psycopg://partsignal:***@postgres:5432/partsignal_geo208_0337ec1c09...7ed8769858ea'), surface=UUID('e213a242-a5fe-4f50-be96-4fccb08fc624'), name='虚构计划-cd1014ba-5855-4d0a-92cf-b33c52977e8c')
monkeypatch = <_pytest.monkeypatch.MonkeyPatch object at 0xf13202a248c0>
case = 'raw_only', code = 'GEO_SCREENSHOT_REQUIRED'

>   ???

/Users/sc/PycharmProjects/partsignal/backend/tests/integration/test_geo_manual_collection.py:250: 
_ _ _ _ _ _ _ _ _ _ _ _ _ _ _ _ _ _ _ _ _ _ _ _ _ _ _ _ _ _ _ _ _ _ _ _ _ _ _ _ 
/Users/sc/PycharmProjects/partsignal/backend/tests/integration/test_geo_manual_collection.py:70: in evidence
    ???
_ _ _ _ _ _ _ _ _ _ _ _ _ _ _ _ _ _ _ _ _ _ _ _ _ _ _ _ _ _ _ _ _ _ _ _ _ _ _ _ 

self = <app.services.storage.DevelopmentEvidenceStorage object at 0xf13201737290>
object_key = 'geo305/607bd382-2361-4b25-8b43-5a555be76bad'
data = b'fixture-redacted-answer'

    def put(
        self,
        object_key: str,
        data: bytes,
        *,
        content_type: str,
        sha256: str,
    ) -> None:
        """通过内部签名 URL 保存服务端已经校验的对象。"""
        expires_at = datetime.now(UTC) + timedelta(seconds=60)
        url = signed_storage_url("upload", object_key, expires_at, internal=True)
        try:
            response = httpx.put(
                url,
                content=data,
                headers={"content-type": content_type, "x-meta-sha256": sha256},
                timeout=10,
            )
            response.raise_for_status()
        except (httpx.HTTPStatusError, httpx.RequestError) as error:
>           raise StorageUnavailable("开发对象存储 PUT 请求失败") from error
E           app.services.storage.StorageUnavailable: 开发对象存储 PUT 请求失败

app/services/storage.py:139: StorageUnavailable
_________ test_submit_failure_is_atomic[missing-FILE_INTEGRITY_FAILED] _________

    @contextlib.contextmanager
    def map_httpcore_exceptions() -> typing.Iterator[None]:
        global HTTPCORE_EXC_MAP
        if len(HTTPCORE_EXC_MAP) == 0:
            HTTPCORE_EXC_MAP = _load_httpcore_exceptions()
        try:
>           yield

/opt/venv/lib/python3.12/site-packages/httpx/_transports/default.py:101: 
_ _ _ _ _ _ _ _ _ _ _ _ _ _ _ _ _ _ _ _ _ _ _ _ _ _ _ _ _ _ _ _ _ _ _ _ _ _ _ _ 
/opt/venv/lib/python3.12/site-packages/httpx/_transports/default.py:250: in handle_request
    resp = self._pool.handle_request(req)
           ^^^^^^^^^^^^^^^^^^^^^^^^^^^^^^
/opt/venv/lib/python3.12/site-packages/httpcore/_sync/connection_pool.py:256: in handle_request
    raise exc from None
/opt/venv/lib/python3.12/site-packages/httpcore/_sync/connection_pool.py:236: in handle_request
    response = connection.handle_request(
/opt/venv/lib/python3.12/site-packages/httpcore/_sync/connection.py:101: in handle_request
    raise exc
/opt/venv/lib/python3.12/site-packages/httpcore/_sync/connection.py:78: in handle_request
    stream = self._connect(request)
             ^^^^^^^^^^^^^^^^^^^^^^
/opt/venv/lib/python3.12/site-packages/httpcore/_sync/connection.py:124: in _connect
    stream = self._network_backend.connect_tcp(**kwargs)
             ^^^^^^^^^^^^^^^^^^^^^^^^^^^^^^^^^^^^^^^^^^^
/opt/venv/lib/python3.12/site-packages/httpcore/_backends/sync.py:207: in connect_tcp
    with map_exceptions(exc_map):
         ^^^^^^^^^^^^^^^^^^^^^^^
/usr/local/lib/python3.12/contextlib.py:158: in __exit__
    self.gen.throw(value)
_ _ _ _ _ _ _ _ _ _ _ _ _ _ _ _ _ _ _ _ _ _ _ _ _ _ _ _ _ _ _ _ _ _ _ _ _ _ _ _ 

map = {<class 'TimeoutError'>: <class 'httpcore.ConnectTimeout'>, <class 'OSError'>: <class 'httpcore.ConnectError'>}

    @contextlib.contextmanager
    def map_exceptions(map: ExceptionMapping) -> typing.Iterator[None]:
        try:
            yield
        except Exception as exc:  # noqa: PIE786
            for from_exc, to_exc in map.items():
                if isinstance(exc, from_exc):
>                   raise to_exc(exc) from exc
E                   httpcore.ConnectError: [Errno -2] Name or service not known

/opt/venv/lib/python3.12/site-packages/httpcore/_exceptions.py:14: ConnectError

The above exception was the direct cause of the following exception:

self = <app.services.storage.DevelopmentEvidenceStorage object at 0xf132004f3f80>
object_key = 'geo305/3925a839-0586-4705-a92f-c2d0dd0f80a6'
data = b'fixture-redacted-screenshot'

    def put(
        self,
        object_key: str,
        data: bytes,
        *,
        content_type: str,
        sha256: str,
    ) -> None:
        """通过内部签名 URL 保存服务端已经校验的对象。"""
        expires_at = datetime.now(UTC) + timedelta(seconds=60)
        url = signed_storage_url("upload", object_key, expires_at, internal=True)
        try:
>           response = httpx.put(
                url,
                content=data,
                headers={"content-type": content_type, "x-meta-sha256": sha256},
                timeout=10,
            )

app/services/storage.py:131: 
_ _ _ _ _ _ _ _ _ _ _ _ _ _ _ _ _ _ _ _ _ _ _ _ _ _ _ _ _ _ _ _ _ _ _ _ _ _ _ _ 
/opt/venv/lib/python3.12/site-packages/httpx/_api.py:345: in put
    return request(
/opt/venv/lib/python3.12/site-packages/httpx/_api.py:109: in request
    return client.request(
/opt/venv/lib/python3.12/site-packages/httpx/_client.py:825: in request
    return self.send(request, auth=auth, follow_redirects=follow_redirects)
           ^^^^^^^^^^^^^^^^^^^^^^^^^^^^^^^^^^^^^^^^^^^^^^^^^^^^^^^^^^^^^^^^
/opt/venv/lib/python3.12/site-packages/httpx/_client.py:914: in send
    response = self._send_handling_auth(
/opt/venv/lib/python3.12/site-packages/httpx/_client.py:942: in _send_handling_auth
    response = self._send_handling_redirects(
/opt/venv/lib/python3.12/site-packages/httpx/_client.py:979: in _send_handling_redirects
    response = self._send_single_request(request)
               ^^^^^^^^^^^^^^^^^^^^^^^^^^^^^^^^^^
/opt/venv/lib/python3.12/site-packages/httpx/_client.py:1014: in _send_single_request
    response = transport.handle_request(request)
               ^^^^^^^^^^^^^^^^^^^^^^^^^^^^^^^^^
/opt/venv/lib/python3.12/site-packages/httpx/_transports/default.py:249: in handle_request
    with map_httpcore_exceptions():
         ^^^^^^^^^^^^^^^^^^^^^^^^^
/usr/local/lib/python3.12/contextlib.py:158: in __exit__
    self.gen.throw(value)
_ _ _ _ _ _ _ _ _ _ _ _ _ _ _ _ _ _ _ _ _ _ _ _ _ _ _ _ _ _ _ _ _ _ _ _ _ _ _ _ 

    @contextlib.contextmanager
    def map_httpcore_exceptions() -> typing.Iterator[None]:
        global HTTPCORE_EXC_MAP
        if len(HTTPCORE_EXC_MAP) == 0:
            HTTPCORE_EXC_MAP = _load_httpcore_exceptions()
        try:
            yield
        except Exception as exc:
            mapped_exc = None
    
            for from_exc, to_exc in HTTPCORE_EXC_MAP.items():
                if not isinstance(exc, from_exc):
                    continue
                # We want to map to the most specific exception we can find.
                # Eg if `exc` is an `httpcore.ReadTimeout`, we want to map to
                # `httpx.ReadTimeout`, not just `httpx.TimeoutException`.
                if mapped_exc is None or issubclass(to_exc, mapped_exc):
                    mapped_exc = to_exc
    
            if mapped_exc is None:  # pragma: no cover
                raise
    
            message = str(exc)
>           raise mapped_exc(message) from exc
E           httpx.ConnectError: [Errno -2] Name or service not known

/opt/venv/lib/python3.12/site-packages/httpx/_transports/default.py:118: ConnectError

The above exception was the direct cause of the following exception:

plans_api = PlansAPI(api=QuestionsAPI(engine=Engine(postgresql+psycopg://partsignal:***@postgres:5432/partsignal_geo208_0337ec1c09...f0123ac0e603'), surface=UUID('6f7f7670-a68c-4546-ad30-ee72444bf85c'), name='虚构计划-8243a70f-cf2e-49f8-8e16-dd46e86b3518')
monkeypatch = <_pytest.monkeypatch.MonkeyPatch object at 0xf13200e47590>
case = 'missing', code = 'FILE_INTEGRITY_FAILED'

>   ???

/Users/sc/PycharmProjects/partsignal/backend/tests/integration/test_geo_manual_collection.py:250: 
_ _ _ _ _ _ _ _ _ _ _ _ _ _ _ _ _ _ _ _ _ _ _ _ _ _ _ _ _ _ _ _ _ _ _ _ _ _ _ _ 
/Users/sc/PycharmProjects/partsignal/backend/tests/integration/test_geo_manual_collection.py:70: in evidence
    ???
_ _ _ _ _ _ _ _ _ _ _ _ _ _ _ _ _ _ _ _ _ _ _ _ _ _ _ _ _ _ _ _ _ _ _ _ _ _ _ _ 

self = <app.services.storage.DevelopmentEvidenceStorage object at 0xf132004f3f80>
object_key = 'geo305/3925a839-0586-4705-a92f-c2d0dd0f80a6'
data = b'fixture-redacted-screenshot'

    def put(
        self,
        object_key: str,
        data: bytes,
        *,
        content_type: str,
        sha256: str,
    ) -> None:
        """通过内部签名 URL 保存服务端已经校验的对象。"""
        expires_at = datetime.now(UTC) + timedelta(seconds=60)
        url = signed_storage_url("upload", object_key, expires_at, internal=True)
        try:
            response = httpx.put(
                url,
                content=data,
                headers={"content-type": content_type, "x-meta-sha256": sha256},
                timeout=10,
            )
            response.raise_for_status()
        except (httpx.HTTPStatusError, httpx.RequestError) as error:
>           raise StorageUnavailable("开发对象存储 PUT 请求失败") from error
E           app.services.storage.StorageUnavailable: 开发对象存储 PUT 请求失败

app/services/storage.py:139: StorageUnavailable
____________ test_submit_failure_is_atomic[owner-PERMISSION_DENIED] ____________

    @contextlib.contextmanager
    def map_httpcore_exceptions() -> typing.Iterator[None]:
        global HTTPCORE_EXC_MAP
        if len(HTTPCORE_EXC_MAP) == 0:
            HTTPCORE_EXC_MAP = _load_httpcore_exceptions()
        try:
>           yield

/opt/venv/lib/python3.12/site-packages/httpx/_transports/default.py:101: 
_ _ _ _ _ _ _ _ _ _ _ _ _ _ _ _ _ _ _ _ _ _ _ _ _ _ _ _ _ _ _ _ _ _ _ _ _ _ _ _ 
/opt/venv/lib/python3.12/site-packages/httpx/_transports/default.py:250: in handle_request
    resp = self._pool.handle_request(req)
           ^^^^^^^^^^^^^^^^^^^^^^^^^^^^^^
/opt/venv/lib/python3.12/site-packages/httpcore/_sync/connection_pool.py:256: in handle_request
    raise exc from None
/opt/venv/lib/python3.12/site-packages/httpcore/_sync/connection_pool.py:236: in handle_request
    response = connection.handle_request(
/opt/venv/lib/python3.12/site-packages/httpcore/_sync/connection.py:101: in handle_request
    raise exc
/opt/venv/lib/python3.12/site-packages/httpcore/_sync/connection.py:78: in handle_request
    stream = self._connect(request)
             ^^^^^^^^^^^^^^^^^^^^^^
/opt/venv/lib/python3.12/site-packages/httpcore/_sync/connection.py:124: in _connect
    stream = self._network_backend.connect_tcp(**kwargs)
             ^^^^^^^^^^^^^^^^^^^^^^^^^^^^^^^^^^^^^^^^^^^
/opt/venv/lib/python3.12/site-packages/httpcore/_backends/sync.py:207: in connect_tcp
    with map_exceptions(exc_map):
         ^^^^^^^^^^^^^^^^^^^^^^^
/usr/local/lib/python3.12/contextlib.py:158: in __exit__
    self.gen.throw(value)
_ _ _ _ _ _ _ _ _ _ _ _ _ _ _ _ _ _ _ _ _ _ _ _ _ _ _ _ _ _ _ _ _ _ _ _ _ _ _ _ 

map = {<class 'TimeoutError'>: <class 'httpcore.ConnectTimeout'>, <class 'OSError'>: <class 'httpcore.ConnectError'>}

    @contextlib.contextmanager
    def map_exceptions(map: ExceptionMapping) -> typing.Iterator[None]:
        try:
            yield
        except Exception as exc:  # noqa: PIE786
            for from_exc, to_exc in map.items():
                if isinstance(exc, from_exc):
>                   raise to_exc(exc) from exc
E                   httpcore.ConnectError: [Errno -2] Name or service not known

/opt/venv/lib/python3.12/site-packages/httpcore/_exceptions.py:14: ConnectError

The above exception was the direct cause of the following exception:

self = <app.services.storage.DevelopmentEvidenceStorage object at 0xf131eaf8d550>
object_key = 'geo305/6d75f0e2-41a0-42db-9d5f-f89eeb5779a2'
data = b'fixture-redacted-screenshot'

    def put(
        self,
        object_key: str,
        data: bytes,
        *,
        content_type: str,
        sha256: str,
    ) -> None:
        """通过内部签名 URL 保存服务端已经校验的对象。"""
        expires_at = datetime.now(UTC) + timedelta(seconds=60)
        url = signed_storage_url("upload", object_key, expires_at, internal=True)
        try:
>           response = httpx.put(
                url,
                content=data,
                headers={"content-type": content_type, "x-meta-sha256": sha256},
                timeout=10,
            )

app/services/storage.py:131: 
_ _ _ _ _ _ _ _ _ _ _ _ _ _ _ _ _ _ _ _ _ _ _ _ _ _ _ _ _ _ _ _ _ _ _ _ _ _ _ _ 
/opt/venv/lib/python3.12/site-packages/httpx/_api.py:345: in put
    return request(
/opt/venv/lib/python3.12/site-packages/httpx/_api.py:109: in request
    return client.request(
/opt/venv/lib/python3.12/site-packages/httpx/_client.py:825: in request
    return self.send(request, auth=auth, follow_redirects=follow_redirects)
           ^^^^^^^^^^^^^^^^^^^^^^^^^^^^^^^^^^^^^^^^^^^^^^^^^^^^^^^^^^^^^^^^
/opt/venv/lib/python3.12/site-packages/httpx/_client.py:914: in send
    response = self._send_handling_auth(
/opt/venv/lib/python3.12/site-packages/httpx/_client.py:942: in _send_handling_auth
    response = self._send_handling_redirects(
/opt/venv/lib/python3.12/site-packages/httpx/_client.py:979: in _send_handling_redirects
    response = self._send_single_request(request)
               ^^^^^^^^^^^^^^^^^^^^^^^^^^^^^^^^^^
/opt/venv/lib/python3.12/site-packages/httpx/_client.py:1014: in _send_single_request
    response = transport.handle_request(request)
               ^^^^^^^^^^^^^^^^^^^^^^^^^^^^^^^^^
/opt/venv/lib/python3.12/site-packages/httpx/_transports/default.py:249: in handle_request
    with map_httpcore_exceptions():
         ^^^^^^^^^^^^^^^^^^^^^^^^^
/usr/local/lib/python3.12/contextlib.py:158: in __exit__
    self.gen.throw(value)
_ _ _ _ _ _ _ _ _ _ _ _ _ _ _ _ _ _ _ _ _ _ _ _ _ _ _ _ _ _ _ _ _ _ _ _ _ _ _ _ 

    @contextlib.contextmanager
    def map_httpcore_exceptions() -> typing.Iterator[None]:
        global HTTPCORE_EXC_MAP
        if len(HTTPCORE_EXC_MAP) == 0:
            HTTPCORE_EXC_MAP = _load_httpcore_exceptions()
        try:
            yield
        except Exception as exc:
            mapped_exc = None
    
            for from_exc, to_exc in HTTPCORE_EXC_MAP.items():
                if not isinstance(exc, from_exc):
                    continue
                # We want to map to the most specific exception we can find.
                # Eg if `exc` is an `httpcore.ReadTimeout`, we want to map to
                # `httpx.ReadTimeout`, not just `httpx.TimeoutException`.
                if mapped_exc is None or issubclass(to_exc, mapped_exc):
                    mapped_exc = to_exc
    
            if mapped_exc is None:  # pragma: no cover
                raise
    
            message = str(exc)
>           raise mapped_exc(message) from exc
E           httpx.ConnectError: [Errno -2] Name or service not known

/opt/venv/lib/python3.12/site-packages/httpx/_transports/default.py:118: ConnectError

The above exception was the direct cause of the following exception:

plans_api = PlansAPI(api=QuestionsAPI(engine=Engine(postgresql+psycopg://partsignal:***@postgres:5432/partsignal_geo208_0337ec1c09...0c629e1de25a'), surface=UUID('c936ff17-e72e-4d3f-87b1-a5d99d6254ad'), name='虚构计划-d0db4ed0-cff9-4e3b-a077-9dc73a4de2c2')
monkeypatch = <_pytest.monkeypatch.MonkeyPatch object at 0xf1320039e180>
case = 'owner', code = 'PERMISSION_DENIED'

>   ???

/Users/sc/PycharmProjects/partsignal/backend/tests/integration/test_geo_manual_collection.py:250: 
_ _ _ _ _ _ _ _ _ _ _ _ _ _ _ _ _ _ _ _ _ _ _ _ _ _ _ _ _ _ _ _ _ _ _ _ _ _ _ _ 
/Users/sc/PycharmProjects/partsignal/backend/tests/integration/test_geo_manual_collection.py:70: in evidence
    ???
_ _ _ _ _ _ _ _ _ _ _ _ _ _ _ _ _ _ _ _ _ _ _ _ _ _ _ _ _ _ _ _ _ _ _ _ _ _ _ _ 

self = <app.services.storage.DevelopmentEvidenceStorage object at 0xf131eaf8d550>
object_key = 'geo305/6d75f0e2-41a0-42db-9d5f-f89eeb5779a2'
data = b'fixture-redacted-screenshot'

    def put(
        self,
        object_key: str,
        data: bytes,
        *,
        content_type: str,
        sha256: str,
    ) -> None:
        """通过内部签名 URL 保存服务端已经校验的对象。"""
        expires_at = datetime.now(UTC) + timedelta(seconds=60)
        url = signed_storage_url("upload", object_key, expires_at, internal=True)
        try:
            response = httpx.put(
                url,
                content=data,
                headers={"content-type": content_type, "x-meta-sha256": sha256},
                timeout=10,
            )
            response.raise_for_status()
        except (httpx.HTTPStatusError, httpx.RequestError) as error:
>           raise StorageUnavailable("开发对象存储 PUT 请求失败") from error
E           app.services.storage.StorageUnavailable: 开发对象存储 PUT 请求失败

app/services/storage.py:139: StorageUnavailable
_________ test_submit_failure_is_atomic[public-FILE_INTEGRITY_FAILED] __________

    @contextlib.contextmanager
    def map_httpcore_exceptions() -> typing.Iterator[None]:
        global HTTPCORE_EXC_MAP
        if len(HTTPCORE_EXC_MAP) == 0:
            HTTPCORE_EXC_MAP = _load_httpcore_exceptions()
        try:
>           yield

/opt/venv/lib/python3.12/site-packages/httpx/_transports/default.py:101: 
_ _ _ _ _ _ _ _ _ _ _ _ _ _ _ _ _ _ _ _ _ _ _ _ _ _ _ _ _ _ _ _ _ _ _ _ _ _ _ _ 
/opt/venv/lib/python3.12/site-packages/httpx/_transports/default.py:250: in handle_request
    resp = self._pool.handle_request(req)
           ^^^^^^^^^^^^^^^^^^^^^^^^^^^^^^
/opt/venv/lib/python3.12/site-packages/httpcore/_sync/connection_pool.py:256: in handle_request
    raise exc from None
/opt/venv/lib/python3.12/site-packages/httpcore/_sync/connection_pool.py:236: in handle_request
    response = connection.handle_request(
/opt/venv/lib/python3.12/site-packages/httpcore/_sync/connection.py:101: in handle_request
    raise exc
/opt/venv/lib/python3.12/site-packages/httpcore/_sync/connection.py:78: in handle_request
    stream = self._connect(request)
             ^^^^^^^^^^^^^^^^^^^^^^
/opt/venv/lib/python3.12/site-packages/httpcore/_sync/connection.py:124: in _connect
    stream = self._network_backend.connect_tcp(**kwargs)
             ^^^^^^^^^^^^^^^^^^^^^^^^^^^^^^^^^^^^^^^^^^^
/opt/venv/lib/python3.12/site-packages/httpcore/_backends/sync.py:207: in connect_tcp
    with map_exceptions(exc_map):
         ^^^^^^^^^^^^^^^^^^^^^^^
/usr/local/lib/python3.12/contextlib.py:158: in __exit__
    self.gen.throw(value)
_ _ _ _ _ _ _ _ _ _ _ _ _ _ _ _ _ _ _ _ _ _ _ _ _ _ _ _ _ _ _ _ _ _ _ _ _ _ _ _ 

map = {<class 'TimeoutError'>: <class 'httpcore.ConnectTimeout'>, <class 'OSError'>: <class 'httpcore.ConnectError'>}

    @contextlib.contextmanager
    def map_exceptions(map: ExceptionMapping) -> typing.Iterator[None]:
        try:
            yield
        except Exception as exc:  # noqa: PIE786
            for from_exc, to_exc in map.items():
                if isinstance(exc, from_exc):
>                   raise to_exc(exc) from exc
E                   httpcore.ConnectError: [Errno -2] Name or service not known

/opt/venv/lib/python3.12/site-packages/httpcore/_exceptions.py:14: ConnectError

The above exception was the direct cause of the following exception:

self = <app.services.storage.DevelopmentEvidenceStorage object at 0xf1320295f890>
object_key = 'geo305/140fb163-e97a-487b-8023-c9e8df1f790b'
data = b'fixture-redacted-screenshot'

    def put(
        self,
        object_key: str,
        data: bytes,
        *,
        content_type: str,
        sha256: str,
    ) -> None:
        """通过内部签名 URL 保存服务端已经校验的对象。"""
        expires_at = datetime.now(UTC) + timedelta(seconds=60)
        url = signed_storage_url("upload", object_key, expires_at, internal=True)
        try:
>           response = httpx.put(
                url,
                content=data,
                headers={"content-type": content_type, "x-meta-sha256": sha256},
                timeout=10,
            )

app/services/storage.py:131: 
_ _ _ _ _ _ _ _ _ _ _ _ _ _ _ _ _ _ _ _ _ _ _ _ _ _ _ _ _ _ _ _ _ _ _ _ _ _ _ _ 
/opt/venv/lib/python3.12/site-packages/httpx/_api.py:345: in put
    return request(
/opt/venv/lib/python3.12/site-packages/httpx/_api.py:109: in request
    return client.request(
/opt/venv/lib/python3.12/site-packages/httpx/_client.py:825: in request
    return self.send(request, auth=auth, follow_redirects=follow_redirects)
           ^^^^^^^^^^^^^^^^^^^^^^^^^^^^^^^^^^^^^^^^^^^^^^^^^^^^^^^^^^^^^^^^
/opt/venv/lib/python3.12/site-packages/httpx/_client.py:914: in send
    response = self._send_handling_auth(
/opt/venv/lib/python3.12/site-packages/httpx/_client.py:942: in _send_handling_auth
    response = self._send_handling_redirects(
/opt/venv/lib/python3.12/site-packages/httpx/_client.py:979: in _send_handling_redirects
    response = self._send_single_request(request)
               ^^^^^^^^^^^^^^^^^^^^^^^^^^^^^^^^^^
/opt/venv/lib/python3.12/site-packages/httpx/_client.py:1014: in _send_single_request
    response = transport.handle_request(request)
               ^^^^^^^^^^^^^^^^^^^^^^^^^^^^^^^^^
/opt/venv/lib/python3.12/site-packages/httpx/_transports/default.py:249: in handle_request
    with map_httpcore_exceptions():
         ^^^^^^^^^^^^^^^^^^^^^^^^^
/usr/local/lib/python3.12/contextlib.py:158: in __exit__
    self.gen.throw(value)
_ _ _ _ _ _ _ _ _ _ _ _ _ _ _ _ _ _ _ _ _ _ _ _ _ _ _ _ _ _ _ _ _ _ _ _ _ _ _ _ 

    @contextlib.contextmanager
    def map_httpcore_exceptions() -> typing.Iterator[None]:
        global HTTPCORE_EXC_MAP
        if len(HTTPCORE_EXC_MAP) == 0:
            HTTPCORE_EXC_MAP = _load_httpcore_exceptions()
        try:
            yield
        except Exception as exc:
            mapped_exc = None
    
            for from_exc, to_exc in HTTPCORE_EXC_MAP.items():
                if not isinstance(exc, from_exc):
                    continue
                # We want to map to the most specific exception we can find.
                # Eg if `exc` is an `httpcore.ReadTimeout`, we want to map to
                # `httpx.ReadTimeout`, not just `httpx.TimeoutException`.
                if mapped_exc is None or issubclass(to_exc, mapped_exc):
                    mapped_exc = to_exc
    
            if mapped_exc is None:  # pragma: no cover
                raise
    
            message = str(exc)
>           raise mapped_exc(message) from exc
E           httpx.ConnectError: [Errno -2] Name or service not known

/opt/venv/lib/python3.12/site-packages/httpx/_transports/default.py:118: ConnectError

The above exception was the direct cause of the following exception:

plans_api = PlansAPI(api=QuestionsAPI(engine=Engine(postgresql+psycopg://partsignal:***@postgres:5432/partsignal_geo208_0337ec1c09...69f0f101879e'), surface=UUID('e4d9b3e8-d773-450c-a631-87b6bd2cf260'), name='虚构计划-856ad7d8-3da8-4504-a2f8-9f453195cbd3')
monkeypatch = <_pytest.monkeypatch.MonkeyPatch object at 0xf131eb8ce570>
case = 'public', code = 'FILE_INTEGRITY_FAILED'

>   ???

/Users/sc/PycharmProjects/partsignal/backend/tests/integration/test_geo_manual_collection.py:250: 
_ _ _ _ _ _ _ _ _ _ _ _ _ _ _ _ _ _ _ _ _ _ _ _ _ _ _ _ _ _ _ _ _ _ _ _ _ _ _ _ 
/Users/sc/PycharmProjects/partsignal/backend/tests/integration/test_geo_manual_collection.py:70: in evidence
    ???
_ _ _ _ _ _ _ _ _ _ _ _ _ _ _ _ _ _ _ _ _ _ _ _ _ _ _ _ _ _ _ _ _ _ _ _ _ _ _ _ 

self = <app.services.storage.DevelopmentEvidenceStorage object at 0xf1320295f890>
object_key = 'geo305/140fb163-e97a-487b-8023-c9e8df1f790b'
data = b'fixture-redacted-screenshot'

    def put(
        self,
        object_key: str,
        data: bytes,
        *,
        content_type: str,
        sha256: str,
    ) -> None:
        """通过内部签名 URL 保存服务端已经校验的对象。"""
        expires_at = datetime.now(UTC) + timedelta(seconds=60)
        url = signed_storage_url("upload", object_key, expires_at, internal=True)
        try:
            response = httpx.put(
                url,
                content=data,
                headers={"content-type": content_type, "x-meta-sha256": sha256},
                timeout=10,
            )
            response.raise_for_status()
        except (httpx.HTTPStatusError, httpx.RequestError) as error:
>           raise StorageUnavailable("开发对象存储 PUT 请求失败") from error
E           app.services.storage.StorageUnavailable: 开发对象存储 PUT 请求失败

app/services/storage.py:139: StorageUnavailable
____________ test_submit_failure_is_atomic[future-VALIDATION_ERROR] ____________

    @contextlib.contextmanager
    def map_httpcore_exceptions() -> typing.Iterator[None]:
        global HTTPCORE_EXC_MAP
        if len(HTTPCORE_EXC_MAP) == 0:
            HTTPCORE_EXC_MAP = _load_httpcore_exceptions()
        try:
>           yield

/opt/venv/lib/python3.12/site-packages/httpx/_transports/default.py:101: 
_ _ _ _ _ _ _ _ _ _ _ _ _ _ _ _ _ _ _ _ _ _ _ _ _ _ _ _ _ _ _ _ _ _ _ _ _ _ _ _ 
/opt/venv/lib/python3.12/site-packages/httpx/_transports/default.py:250: in handle_request
    resp = self._pool.handle_request(req)
           ^^^^^^^^^^^^^^^^^^^^^^^^^^^^^^
/opt/venv/lib/python3.12/site-packages/httpcore/_sync/connection_pool.py:256: in handle_request
    raise exc from None
/opt/venv/lib/python3.12/site-packages/httpcore/_sync/connection_pool.py:236: in handle_request
    response = connection.handle_request(
/opt/venv/lib/python3.12/site-packages/httpcore/_sync/connection.py:101: in handle_request
    raise exc
/opt/venv/lib/python3.12/site-packages/httpcore/_sync/connection.py:78: in handle_request
    stream = self._connect(request)
             ^^^^^^^^^^^^^^^^^^^^^^
/opt/venv/lib/python3.12/site-packages/httpcore/_sync/connection.py:124: in _connect
    stream = self._network_backend.connect_tcp(**kwargs)
             ^^^^^^^^^^^^^^^^^^^^^^^^^^^^^^^^^^^^^^^^^^^
/opt/venv/lib/python3.12/site-packages/httpcore/_backends/sync.py:207: in connect_tcp
    with map_exceptions(exc_map):
         ^^^^^^^^^^^^^^^^^^^^^^^
/usr/local/lib/python3.12/contextlib.py:158: in __exit__
    self.gen.throw(value)
_ _ _ _ _ _ _ _ _ _ _ _ _ _ _ _ _ _ _ _ _ _ _ _ _ _ _ _ _ _ _ _ _ _ _ _ _ _ _ _ 

map = {<class 'TimeoutError'>: <class 'httpcore.ConnectTimeout'>, <class 'OSError'>: <class 'httpcore.ConnectError'>}

    @contextlib.contextmanager
    def map_exceptions(map: ExceptionMapping) -> typing.Iterator[None]:
        try:
            yield
        except Exception as exc:  # noqa: PIE786
            for from_exc, to_exc in map.items():
                if isinstance(exc, from_exc):
>                   raise to_exc(exc) from exc
E                   httpcore.ConnectError: [Errno -2] Name or service not known

/opt/venv/lib/python3.12/site-packages/httpcore/_exceptions.py:14: ConnectError

The above exception was the direct cause of the following exception:

self = <app.services.storage.DevelopmentEvidenceStorage object at 0xf13201165280>
object_key = 'geo305/f0e66f32-4656-48fb-b525-0916f7ca845a'
data = b'fixture-redacted-screenshot'

    def put(
        self,
        object_key: str,
        data: bytes,
        *,
        content_type: str,
        sha256: str,
    ) -> None:
        """通过内部签名 URL 保存服务端已经校验的对象。"""
        expires_at = datetime.now(UTC) + timedelta(seconds=60)
        url = signed_storage_url("upload", object_key, expires_at, internal=True)
        try:
>           response = httpx.put(
                url,
                content=data,
                headers={"content-type": content_type, "x-meta-sha256": sha256},
                timeout=10,
            )

app/services/storage.py:131: 
_ _ _ _ _ _ _ _ _ _ _ _ _ _ _ _ _ _ _ _ _ _ _ _ _ _ _ _ _ _ _ _ _ _ _ _ _ _ _ _ 
/opt/venv/lib/python3.12/site-packages/httpx/_api.py:345: in put
    return request(
/opt/venv/lib/python3.12/site-packages/httpx/_api.py:109: in request
    return client.request(
/opt/venv/lib/python3.12/site-packages/httpx/_client.py:825: in request
    return self.send(request, auth=auth, follow_redirects=follow_redirects)
           ^^^^^^^^^^^^^^^^^^^^^^^^^^^^^^^^^^^^^^^^^^^^^^^^^^^^^^^^^^^^^^^^
/opt/venv/lib/python3.12/site-packages/httpx/_client.py:914: in send
    response = self._send_handling_auth(
/opt/venv/lib/python3.12/site-packages/httpx/_client.py:942: in _send_handling_auth
    response = self._send_handling_redirects(
/opt/venv/lib/python3.12/site-packages/httpx/_client.py:979: in _send_handling_redirects
    response = self._send_single_request(request)
               ^^^^^^^^^^^^^^^^^^^^^^^^^^^^^^^^^^
/opt/venv/lib/python3.12/site-packages/httpx/_client.py:1014: in _send_single_request
    response = transport.handle_request(request)
               ^^^^^^^^^^^^^^^^^^^^^^^^^^^^^^^^^
/opt/venv/lib/python3.12/site-packages/httpx/_transports/default.py:249: in handle_request
    with map_httpcore_exceptions():
         ^^^^^^^^^^^^^^^^^^^^^^^^^
/usr/local/lib/python3.12/contextlib.py:158: in __exit__
    self.gen.throw(value)
_ _ _ _ _ _ _ _ _ _ _ _ _ _ _ _ _ _ _ _ _ _ _ _ _ _ _ _ _ _ _ _ _ _ _ _ _ _ _ _ 

    @contextlib.contextmanager
    def map_httpcore_exceptions() -> typing.Iterator[None]:
        global HTTPCORE_EXC_MAP
        if len(HTTPCORE_EXC_MAP) == 0:
            HTTPCORE_EXC_MAP = _load_httpcore_exceptions()
        try:
            yield
        except Exception as exc:
            mapped_exc = None
    
            for from_exc, to_exc in HTTPCORE_EXC_MAP.items():
                if not isinstance(exc, from_exc):
                    continue
                # We want to map to the most specific exception we can find.
                # Eg if `exc` is an `httpcore.ReadTimeout`, we want to map to
                # `httpx.ReadTimeout`, not just `httpx.TimeoutException`.
                if mapped_exc is None or issubclass(to_exc, mapped_exc):
                    mapped_exc = to_exc
    
            if mapped_exc is None:  # pragma: no cover
                raise
    
            message = str(exc)
>           raise mapped_exc(message) from exc
E           httpx.ConnectError: [Errno -2] Name or service not known

/opt/venv/lib/python3.12/site-packages/httpx/_transports/default.py:118: ConnectError

The above exception was the direct cause of the following exception:

plans_api = PlansAPI(api=QuestionsAPI(engine=Engine(postgresql+psycopg://partsignal:***@postgres:5432/partsignal_geo208_0337ec1c09...842530c6e3b6'), surface=UUID('b929291f-42bb-4b7c-bb8c-52e5fba8a3f8'), name='虚构计划-8263a669-5677-4209-afe2-2c761627af3e')
monkeypatch = <_pytest.monkeypatch.MonkeyPatch object at 0xf13200410dd0>
case = 'future', code = 'VALIDATION_ERROR'

>   ???

/Users/sc/PycharmProjects/partsignal/backend/tests/integration/test_geo_manual_collection.py:250: 
_ _ _ _ _ _ _ _ _ _ _ _ _ _ _ _ _ _ _ _ _ _ _ _ _ _ _ _ _ _ _ _ _ _ _ _ _ _ _ _ 
/Users/sc/PycharmProjects/partsignal/backend/tests/integration/test_geo_manual_collection.py:70: in evidence
    ???
_ _ _ _ _ _ _ _ _ _ _ _ _ _ _ _ _ _ _ _ _ _ _ _ _ _ _ _ _ _ _ _ _ _ _ _ _ _ _ _ 

self = <app.services.storage.DevelopmentEvidenceStorage object at 0xf13201165280>
object_key = 'geo305/f0e66f32-4656-48fb-b525-0916f7ca845a'
data = b'fixture-redacted-screenshot'

    def put(
        self,
        object_key: str,
        data: bytes,
        *,
        content_type: str,
        sha256: str,
    ) -> None:
        """通过内部签名 URL 保存服务端已经校验的对象。"""
        expires_at = datetime.now(UTC) + timedelta(seconds=60)
        url = signed_storage_url("upload", object_key, expires_at, internal=True)
        try:
            response = httpx.put(
                url,
                content=data,
                headers={"content-type": content_type, "x-meta-sha256": sha256},
                timeout=10,
            )
            response.raise_for_status()
        except (httpx.HTTPStatusError, httpx.RequestError) as error:
>           raise StorageUnavailable("开发对象存储 PUT 请求失败") from error
E           app.services.storage.StorageUnavailable: 开发对象存储 PUT 请求失败

app/services/storage.py:139: StorageUnavailable
____________ test_submit_failure_is_atomic[before-VALIDATION_ERROR] ____________

    @contextlib.contextmanager
    def map_httpcore_exceptions() -> typing.Iterator[None]:
        global HTTPCORE_EXC_MAP
        if len(HTTPCORE_EXC_MAP) == 0:
            HTTPCORE_EXC_MAP = _load_httpcore_exceptions()
        try:
>           yield

/opt/venv/lib/python3.12/site-packages/httpx/_transports/default.py:101: 
_ _ _ _ _ _ _ _ _ _ _ _ _ _ _ _ _ _ _ _ _ _ _ _ _ _ _ _ _ _ _ _ _ _ _ _ _ _ _ _ 
/opt/venv/lib/python3.12/site-packages/httpx/_transports/default.py:250: in handle_request
    resp = self._pool.handle_request(req)
           ^^^^^^^^^^^^^^^^^^^^^^^^^^^^^^
/opt/venv/lib/python3.12/site-packages/httpcore/_sync/connection_pool.py:256: in handle_request
    raise exc from None
/opt/venv/lib/python3.12/site-packages/httpcore/_sync/connection_pool.py:236: in handle_request
    response = connection.handle_request(
/opt/venv/lib/python3.12/site-packages/httpcore/_sync/connection.py:101: in handle_request
    raise exc
/opt/venv/lib/python3.12/site-packages/httpcore/_sync/connection.py:78: in handle_request
    stream = self._connect(request)
             ^^^^^^^^^^^^^^^^^^^^^^
/opt/venv/lib/python3.12/site-packages/httpcore/_sync/connection.py:124: in _connect
    stream = self._network_backend.connect_tcp(**kwargs)
             ^^^^^^^^^^^^^^^^^^^^^^^^^^^^^^^^^^^^^^^^^^^
/opt/venv/lib/python3.12/site-packages/httpcore/_backends/sync.py:207: in connect_tcp
    with map_exceptions(exc_map):
         ^^^^^^^^^^^^^^^^^^^^^^^
/usr/local/lib/python3.12/contextlib.py:158: in __exit__
    self.gen.throw(value)
_ _ _ _ _ _ _ _ _ _ _ _ _ _ _ _ _ _ _ _ _ _ _ _ _ _ _ _ _ _ _ _ _ _ _ _ _ _ _ _ 

map = {<class 'TimeoutError'>: <class 'httpcore.ConnectTimeout'>, <class 'OSError'>: <class 'httpcore.ConnectError'>}

    @contextlib.contextmanager
    def map_exceptions(map: ExceptionMapping) -> typing.Iterator[None]:
        try:
            yield
        except Exception as exc:  # noqa: PIE786
            for from_exc, to_exc in map.items():
                if isinstance(exc, from_exc):
>                   raise to_exc(exc) from exc
E                   httpcore.ConnectError: [Errno -2] Name or service not known

/opt/venv/lib/python3.12/site-packages/httpcore/_exceptions.py:14: ConnectError

The above exception was the direct cause of the following exception:

self = <app.services.storage.DevelopmentEvidenceStorage object at 0xf1320104a0f0>
object_key = 'geo305/66df9c3b-f730-4a83-9bc6-03bcd39ba3eb'
data = b'fixture-redacted-screenshot'

    def put(
        self,
        object_key: str,
        data: bytes,
        *,
        content_type: str,
        sha256: str,
    ) -> None:
        """通过内部签名 URL 保存服务端已经校验的对象。"""
        expires_at = datetime.now(UTC) + timedelta(seconds=60)
        url = signed_storage_url("upload", object_key, expires_at, internal=True)
        try:
>           response = httpx.put(
                url,
                content=data,
                headers={"content-type": content_type, "x-meta-sha256": sha256},
                timeout=10,
            )

app/services/storage.py:131: 
_ _ _ _ _ _ _ _ _ _ _ _ _ _ _ _ _ _ _ _ _ _ _ _ _ _ _ _ _ _ _ _ _ _ _ _ _ _ _ _ 
/opt/venv/lib/python3.12/site-packages/httpx/_api.py:345: in put
    return request(
/opt/venv/lib/python3.12/site-packages/httpx/_api.py:109: in request
    return client.request(
/opt/venv/lib/python3.12/site-packages/httpx/_client.py:825: in request
    return self.send(request, auth=auth, follow_redirects=follow_redirects)
           ^^^^^^^^^^^^^^^^^^^^^^^^^^^^^^^^^^^^^^^^^^^^^^^^^^^^^^^^^^^^^^^^
/opt/venv/lib/python3.12/site-packages/httpx/_client.py:914: in send
    response = self._send_handling_auth(
/opt/venv/lib/python3.12/site-packages/httpx/_client.py:942: in _send_handling_auth
    response = self._send_handling_redirects(
/opt/venv/lib/python3.12/site-packages/httpx/_client.py:979: in _send_handling_redirects
    response = self._send_single_request(request)
               ^^^^^^^^^^^^^^^^^^^^^^^^^^^^^^^^^^
/opt/venv/lib/python3.12/site-packages/httpx/_client.py:1014: in _send_single_request
    response = transport.handle_request(request)
               ^^^^^^^^^^^^^^^^^^^^^^^^^^^^^^^^^
/opt/venv/lib/python3.12/site-packages/httpx/_transports/default.py:249: in handle_request
    with map_httpcore_exceptions():
         ^^^^^^^^^^^^^^^^^^^^^^^^^
/usr/local/lib/python3.12/contextlib.py:158: in __exit__
    self.gen.throw(value)
_ _ _ _ _ _ _ _ _ _ _ _ _ _ _ _ _ _ _ _ _ _ _ _ _ _ _ _ _ _ _ _ _ _ _ _ _ _ _ _ 

    @contextlib.contextmanager
    def map_httpcore_exceptions() -> typing.Iterator[None]:
        global HTTPCORE_EXC_MAP
        if len(HTTPCORE_EXC_MAP) == 0:
            HTTPCORE_EXC_MAP = _load_httpcore_exceptions()
        try:
            yield
        except Exception as exc:
            mapped_exc = None
    
            for from_exc, to_exc in HTTPCORE_EXC_MAP.items():
                if not isinstance(exc, from_exc):
                    continue
                # We want to map to the most specific exception we can find.
                # Eg if `exc` is an `httpcore.ReadTimeout`, we want to map to
                # `httpx.ReadTimeout`, not just `httpx.TimeoutException`.
                if mapped_exc is None or issubclass(to_exc, mapped_exc):
                    mapped_exc = to_exc
    
            if mapped_exc is None:  # pragma: no cover
                raise
    
            message = str(exc)
>           raise mapped_exc(message) from exc
E           httpx.ConnectError: [Errno -2] Name or service not known

/opt/venv/lib/python3.12/site-packages/httpx/_transports/default.py:118: ConnectError

The above exception was the direct cause of the following exception:

plans_api = PlansAPI(api=QuestionsAPI(engine=Engine(postgresql+psycopg://partsignal:***@postgres:5432/partsignal_geo208_0337ec1c09...6924153f6f99'), surface=UUID('4e0a19ce-a95f-4988-be91-2df3bb7a5557'), name='虚构计划-a7cc860a-4cc7-4e55-a8ce-18ebbab077ab')
monkeypatch = <_pytest.monkeypatch.MonkeyPatch object at 0xf13202abe450>
case = 'before', code = 'VALIDATION_ERROR'

>   ???

/Users/sc/PycharmProjects/partsignal/backend/tests/integration/test_geo_manual_collection.py:250: 
_ _ _ _ _ _ _ _ _ _ _ _ _ _ _ _ _ _ _ _ _ _ _ _ _ _ _ _ _ _ _ _ _ _ _ _ _ _ _ _ 
/Users/sc/PycharmProjects/partsignal/backend/tests/integration/test_geo_manual_collection.py:70: in evidence
    ???
_ _ _ _ _ _ _ _ _ _ _ _ _ _ _ _ _ _ _ _ _ _ _ _ _ _ _ _ _ _ _ _ _ _ _ _ _ _ _ _ 

self = <app.services.storage.DevelopmentEvidenceStorage object at 0xf1320104a0f0>
object_key = 'geo305/66df9c3b-f730-4a83-9bc6-03bcd39ba3eb'
data = b'fixture-redacted-screenshot'

    def put(
        self,
        object_key: str,
        data: bytes,
        *,
        content_type: str,
        sha256: str,
    ) -> None:
        """通过内部签名 URL 保存服务端已经校验的对象。"""
        expires_at = datetime.now(UTC) + timedelta(seconds=60)
        url = signed_storage_url("upload", object_key, expires_at, internal=True)
        try:
            response = httpx.put(
                url,
                content=data,
                headers={"content-type": content_type, "x-meta-sha256": sha256},
                timeout=10,
            )
            response.raise_for_status()
        except (httpx.HTTPStatusError, httpx.RequestError) as error:
>           raise StorageUnavailable("开发对象存储 PUT 请求失败") from error
E           app.services.storage.StorageUnavailable: 开发对象存储 PUT 请求失败

app/services/storage.py:139: StorageUnavailable
__________ test_submit_failure_is_atomic[revision-REVISION_CONFLICT] ___________

    @contextlib.contextmanager
    def map_httpcore_exceptions() -> typing.Iterator[None]:
        global HTTPCORE_EXC_MAP
        if len(HTTPCORE_EXC_MAP) == 0:
            HTTPCORE_EXC_MAP = _load_httpcore_exceptions()
        try:
>           yield

/opt/venv/lib/python3.12/site-packages/httpx/_transports/default.py:101: 
_ _ _ _ _ _ _ _ _ _ _ _ _ _ _ _ _ _ _ _ _ _ _ _ _ _ _ _ _ _ _ _ _ _ _ _ _ _ _ _ 
/opt/venv/lib/python3.12/site-packages/httpx/_transports/default.py:250: in handle_request
    resp = self._pool.handle_request(req)
           ^^^^^^^^^^^^^^^^^^^^^^^^^^^^^^
/opt/venv/lib/python3.12/site-packages/httpcore/_sync/connection_pool.py:256: in handle_request
    raise exc from None
/opt/venv/lib/python3.12/site-packages/httpcore/_sync/connection_pool.py:236: in handle_request
    response = connection.handle_request(
/opt/venv/lib/python3.12/site-packages/httpcore/_sync/connection.py:101: in handle_request
    raise exc
/opt/venv/lib/python3.12/site-packages/httpcore/_sync/connection.py:78: in handle_request
    stream = self._connect(request)
             ^^^^^^^^^^^^^^^^^^^^^^
/opt/venv/lib/python3.12/site-packages/httpcore/_sync/connection.py:124: in _connect
    stream = self._network_backend.connect_tcp(**kwargs)
             ^^^^^^^^^^^^^^^^^^^^^^^^^^^^^^^^^^^^^^^^^^^
/opt/venv/lib/python3.12/site-packages/httpcore/_backends/sync.py:207: in connect_tcp
    with map_exceptions(exc_map):
         ^^^^^^^^^^^^^^^^^^^^^^^
/usr/local/lib/python3.12/contextlib.py:158: in __exit__
    self.gen.throw(value)
_ _ _ _ _ _ _ _ _ _ _ _ _ _ _ _ _ _ _ _ _ _ _ _ _ _ _ _ _ _ _ _ _ _ _ _ _ _ _ _ 

map = {<class 'TimeoutError'>: <class 'httpcore.ConnectTimeout'>, <class 'OSError'>: <class 'httpcore.ConnectError'>}

    @contextlib.contextmanager
    def map_exceptions(map: ExceptionMapping) -> typing.Iterator[None]:
        try:
            yield
        except Exception as exc:  # noqa: PIE786
            for from_exc, to_exc in map.items():
                if isinstance(exc, from_exc):
>                   raise to_exc(exc) from exc
E                   httpcore.ConnectError: [Errno -2] Name or service not known

/opt/venv/lib/python3.12/site-packages/httpcore/_exceptions.py:14: ConnectError

The above exception was the direct cause of the following exception:

self = <app.services.storage.DevelopmentEvidenceStorage object at 0xf13200e036e0>
object_key = 'geo305/b498a8cd-5b23-4704-b1f8-f40439c12234'
data = b'fixture-redacted-screenshot'

    def put(
        self,
        object_key: str,
        data: bytes,
        *,
        content_type: str,
        sha256: str,
    ) -> None:
        """通过内部签名 URL 保存服务端已经校验的对象。"""
        expires_at = datetime.now(UTC) + timedelta(seconds=60)
        url = signed_storage_url("upload", object_key, expires_at, internal=True)
        try:
>           response = httpx.put(
                url,
                content=data,
                headers={"content-type": content_type, "x-meta-sha256": sha256},
                timeout=10,
            )

app/services/storage.py:131: 
_ _ _ _ _ _ _ _ _ _ _ _ _ _ _ _ _ _ _ _ _ _ _ _ _ _ _ _ _ _ _ _ _ _ _ _ _ _ _ _ 
/opt/venv/lib/python3.12/site-packages/httpx/_api.py:345: in put
    return request(
/opt/venv/lib/python3.12/site-packages/httpx/_api.py:109: in request
    return client.request(
/opt/venv/lib/python3.12/site-packages/httpx/_client.py:825: in request
    return self.send(request, auth=auth, follow_redirects=follow_redirects)
           ^^^^^^^^^^^^^^^^^^^^^^^^^^^^^^^^^^^^^^^^^^^^^^^^^^^^^^^^^^^^^^^^
/opt/venv/lib/python3.12/site-packages/httpx/_client.py:914: in send
    response = self._send_handling_auth(
/opt/venv/lib/python3.12/site-packages/httpx/_client.py:942: in _send_handling_auth
    response = self._send_handling_redirects(
/opt/venv/lib/python3.12/site-packages/httpx/_client.py:979: in _send_handling_redirects
    response = self._send_single_request(request)
               ^^^^^^^^^^^^^^^^^^^^^^^^^^^^^^^^^^
/opt/venv/lib/python3.12/site-packages/httpx/_client.py:1014: in _send_single_request
    response = transport.handle_request(request)
               ^^^^^^^^^^^^^^^^^^^^^^^^^^^^^^^^^
/opt/venv/lib/python3.12/site-packages/httpx/_transports/default.py:249: in handle_request
    with map_httpcore_exceptions():
         ^^^^^^^^^^^^^^^^^^^^^^^^^
/usr/local/lib/python3.12/contextlib.py:158: in __exit__
    self.gen.throw(value)
_ _ _ _ _ _ _ _ _ _ _ _ _ _ _ _ _ _ _ _ _ _ _ _ _ _ _ _ _ _ _ _ _ _ _ _ _ _ _ _ 

    @contextlib.contextmanager
    def map_httpcore_exceptions() -> typing.Iterator[None]:
        global HTTPCORE_EXC_MAP
        if len(HTTPCORE_EXC_MAP) == 0:
            HTTPCORE_EXC_MAP = _load_httpcore_exceptions()
        try:
            yield
        except Exception as exc:
            mapped_exc = None
    
            for from_exc, to_exc in HTTPCORE_EXC_MAP.items():
                if not isinstance(exc, from_exc):
                    continue
                # We want to map to the most specific exception we can find.
                # Eg if `exc` is an `httpcore.ReadTimeout`, we want to map to
                # `httpx.ReadTimeout`, not just `httpx.TimeoutException`.
                if mapped_exc is None or issubclass(to_exc, mapped_exc):
                    mapped_exc = to_exc
    
            if mapped_exc is None:  # pragma: no cover
                raise
    
            message = str(exc)
>           raise mapped_exc(message) from exc
E           httpx.ConnectError: [Errno -2] Name or service not known

/opt/venv/lib/python3.12/site-packages/httpx/_transports/default.py:118: ConnectError

The above exception was the direct cause of the following exception:

plans_api = PlansAPI(api=QuestionsAPI(engine=Engine(postgresql+psycopg://partsignal:***@postgres:5432/partsignal_geo208_0337ec1c09...699ed2bf1662'), surface=UUID('3ee04eca-6c31-468a-af64-eb6e2f0bd9a6'), name='虚构计划-d62f75d0-eb93-4abf-b6e2-b7b3f1b9b1e8')
monkeypatch = <_pytest.monkeypatch.MonkeyPatch object at 0xf13200c10d70>
case = 'revision', code = 'REVISION_CONFLICT'

>   ???

/Users/sc/PycharmProjects/partsignal/backend/tests/integration/test_geo_manual_collection.py:250: 
_ _ _ _ _ _ _ _ _ _ _ _ _ _ _ _ _ _ _ _ _ _ _ _ _ _ _ _ _ _ _ _ _ _ _ _ _ _ _ _ 
/Users/sc/PycharmProjects/partsignal/backend/tests/integration/test_geo_manual_collection.py:70: in evidence
    ???
_ _ _ _ _ _ _ _ _ _ _ _ _ _ _ _ _ _ _ _ _ _ _ _ _ _ _ _ _ _ _ _ _ _ _ _ _ _ _ _ 

self = <app.services.storage.DevelopmentEvidenceStorage object at 0xf13200e036e0>
object_key = 'geo305/b498a8cd-5b23-4704-b1f8-f40439c12234'
data = b'fixture-redacted-screenshot'

    def put(
        self,
        object_key: str,
        data: bytes,
        *,
        content_type: str,
        sha256: str,
    ) -> None:
        """通过内部签名 URL 保存服务端已经校验的对象。"""
        expires_at = datetime.now(UTC) + timedelta(seconds=60)
        url = signed_storage_url("upload", object_key, expires_at, internal=True)
        try:
            response = httpx.put(
                url,
                content=data,
                headers={"content-type": content_type, "x-meta-sha256": sha256},
                timeout=10,
            )
            response.raise_for_status()
        except (httpx.HTTPStatusError, httpx.RequestError) as error:
>           raise StorageUnavailable("开发对象存储 PUT 请求失败") from error
E           app.services.storage.StorageUnavailable: 开发对象存储 PUT 请求失败

app/services/storage.py:139: StorageUnavailable
_____ test_submit_failure_is_atomic[object_missing-FILE_INTEGRITY_FAILED] ______

    @contextlib.contextmanager
    def map_httpcore_exceptions() -> typing.Iterator[None]:
        global HTTPCORE_EXC_MAP
        if len(HTTPCORE_EXC_MAP) == 0:
            HTTPCORE_EXC_MAP = _load_httpcore_exceptions()
        try:
>           yield

/opt/venv/lib/python3.12/site-packages/httpx/_transports/default.py:101: 
_ _ _ _ _ _ _ _ _ _ _ _ _ _ _ _ _ _ _ _ _ _ _ _ _ _ _ _ _ _ _ _ _ _ _ _ _ _ _ _ 
/opt/venv/lib/python3.12/site-packages/httpx/_transports/default.py:250: in handle_request
    resp = self._pool.handle_request(req)
           ^^^^^^^^^^^^^^^^^^^^^^^^^^^^^^
/opt/venv/lib/python3.12/site-packages/httpcore/_sync/connection_pool.py:256: in handle_request
    raise exc from None
/opt/venv/lib/python3.12/site-packages/httpcore/_sync/connection_pool.py:236: in handle_request
    response = connection.handle_request(
/opt/venv/lib/python3.12/site-packages/httpcore/_sync/connection.py:101: in handle_request
    raise exc
/opt/venv/lib/python3.12/site-packages/httpcore/_sync/connection.py:78: in handle_request
    stream = self._connect(request)
             ^^^^^^^^^^^^^^^^^^^^^^
/opt/venv/lib/python3.12/site-packages/httpcore/_sync/connection.py:124: in _connect
    stream = self._network_backend.connect_tcp(**kwargs)
             ^^^^^^^^^^^^^^^^^^^^^^^^^^^^^^^^^^^^^^^^^^^
/opt/venv/lib/python3.12/site-packages/httpcore/_backends/sync.py:207: in connect_tcp
    with map_exceptions(exc_map):
         ^^^^^^^^^^^^^^^^^^^^^^^
/usr/local/lib/python3.12/contextlib.py:158: in __exit__
    self.gen.throw(value)
_ _ _ _ _ _ _ _ _ _ _ _ _ _ _ _ _ _ _ _ _ _ _ _ _ _ _ _ _ _ _ _ _ _ _ _ _ _ _ _ 

map = {<class 'TimeoutError'>: <class 'httpcore.ConnectTimeout'>, <class 'OSError'>: <class 'httpcore.ConnectError'>}

    @contextlib.contextmanager
    def map_exceptions(map: ExceptionMapping) -> typing.Iterator[None]:
        try:
            yield
        except Exception as exc:  # noqa: PIE786
            for from_exc, to_exc in map.items():
                if isinstance(exc, from_exc):
>                   raise to_exc(exc) from exc
E                   httpcore.ConnectError: [Errno -2] Name or service not known

/opt/venv/lib/python3.12/site-packages/httpcore/_exceptions.py:14: ConnectError

The above exception was the direct cause of the following exception:

self = <app.services.storage.DevelopmentEvidenceStorage object at 0xf13202987590>
object_key = 'geo305/e37127c7-60c1-4933-9a85-42a67ae7c220'
data = b'fixture-redacted-screenshot'

    def put(
        self,
        object_key: str,
        data: bytes,
        *,
        content_type: str,
        sha256: str,
    ) -> None:
        """通过内部签名 URL 保存服务端已经校验的对象。"""
        expires_at = datetime.now(UTC) + timedelta(seconds=60)
        url = signed_storage_url("upload", object_key, expires_at, internal=True)
        try:
>           response = httpx.put(
                url,
                content=data,
                headers={"content-type": content_type, "x-meta-sha256": sha256},
                timeout=10,
            )

app/services/storage.py:131: 
_ _ _ _ _ _ _ _ _ _ _ _ _ _ _ _ _ _ _ _ _ _ _ _ _ _ _ _ _ _ _ _ _ _ _ _ _ _ _ _ 
/opt/venv/lib/python3.12/site-packages/httpx/_api.py:345: in put
    return request(
/opt/venv/lib/python3.12/site-packages/httpx/_api.py:109: in request
    return client.request(
/opt/venv/lib/python3.12/site-packages/httpx/_client.py:825: in request
    return self.send(request, auth=auth, follow_redirects=follow_redirects)
           ^^^^^^^^^^^^^^^^^^^^^^^^^^^^^^^^^^^^^^^^^^^^^^^^^^^^^^^^^^^^^^^^
/opt/venv/lib/python3.12/site-packages/httpx/_client.py:914: in send
    response = self._send_handling_auth(
/opt/venv/lib/python3.12/site-packages/httpx/_client.py:942: in _send_handling_auth
    response = self._send_handling_redirects(
/opt/venv/lib/python3.12/site-packages/httpx/_client.py:979: in _send_handling_redirects
    response = self._send_single_request(request)
               ^^^^^^^^^^^^^^^^^^^^^^^^^^^^^^^^^^
/opt/venv/lib/python3.12/site-packages/httpx/_client.py:1014: in _send_single_request
    response = transport.handle_request(request)
               ^^^^^^^^^^^^^^^^^^^^^^^^^^^^^^^^^
/opt/venv/lib/python3.12/site-packages/httpx/_transports/default.py:249: in handle_request
    with map_httpcore_exceptions():
         ^^^^^^^^^^^^^^^^^^^^^^^^^
/usr/local/lib/python3.12/contextlib.py:158: in __exit__
    self.gen.throw(value)
_ _ _ _ _ _ _ _ _ _ _ _ _ _ _ _ _ _ _ _ _ _ _ _ _ _ _ _ _ _ _ _ _ _ _ _ _ _ _ _ 

    @contextlib.contextmanager
    def map_httpcore_exceptions() -> typing.Iterator[None]:
        global HTTPCORE_EXC_MAP
        if len(HTTPCORE_EXC_MAP) == 0:
            HTTPCORE_EXC_MAP = _load_httpcore_exceptions()
        try:
            yield
        except Exception as exc:
            mapped_exc = None
    
            for from_exc, to_exc in HTTPCORE_EXC_MAP.items():
                if not isinstance(exc, from_exc):
                    continue
                # We want to map to the most specific exception we can find.
                # Eg if `exc` is an `httpcore.ReadTimeout`, we want to map to
                # `httpx.ReadTimeout`, not just `httpx.TimeoutException`.
                if mapped_exc is None or issubclass(to_exc, mapped_exc):
                    mapped_exc = to_exc
    
            if mapped_exc is None:  # pragma: no cover
                raise
    
            message = str(exc)
>           raise mapped_exc(message) from exc
E           httpx.ConnectError: [Errno -2] Name or service not known

/opt/venv/lib/python3.12/site-packages/httpx/_transports/default.py:118: ConnectError

The above exception was the direct cause of the following exception:

plans_api = PlansAPI(api=QuestionsAPI(engine=Engine(postgresql+psycopg://partsignal:***@postgres:5432/partsignal_geo208_0337ec1c09...fb48f2bdb017'), surface=UUID('74d773d4-c1c2-43ef-8219-a3fa673176ce'), name='虚构计划-356249ac-6a11-471d-916b-23d5f630153d')
monkeypatch = <_pytest.monkeypatch.MonkeyPatch object at 0xf13200434800>
case = 'object_missing', code = 'FILE_INTEGRITY_FAILED'

>   ???

/Users/sc/PycharmProjects/partsignal/backend/tests/integration/test_geo_manual_collection.py:250: 
_ _ _ _ _ _ _ _ _ _ _ _ _ _ _ _ _ _ _ _ _ _ _ _ _ _ _ _ _ _ _ _ _ _ _ _ _ _ _ _ 
/Users/sc/PycharmProjects/partsignal/backend/tests/integration/test_geo_manual_collection.py:70: in evidence
    ???
_ _ _ _ _ _ _ _ _ _ _ _ _ _ _ _ _ _ _ _ _ _ _ _ _ _ _ _ _ _ _ _ _ _ _ _ _ _ _ _ 

self = <app.services.storage.DevelopmentEvidenceStorage object at 0xf13202987590>
object_key = 'geo305/e37127c7-60c1-4933-9a85-42a67ae7c220'
data = b'fixture-redacted-screenshot'

    def put(
        self,
        object_key: str,
        data: bytes,
        *,
        content_type: str,
        sha256: str,
    ) -> None:
        """通过内部签名 URL 保存服务端已经校验的对象。"""
        expires_at = datetime.now(UTC) + timedelta(seconds=60)
        url = signed_storage_url("upload", object_key, expires_at, internal=True)
        try:
            response = httpx.put(
                url,
                content=data,
                headers={"content-type": content_type, "x-meta-sha256": sha256},
                timeout=10,
            )
            response.raise_for_status()
        except (httpx.HTTPStatusError, httpx.RequestError) as error:
>           raise StorageUnavailable("开发对象存储 PUT 请求失败") from error
E           app.services.storage.StorageUnavailable: 开发对象存储 PUT 请求失败

app/services/storage.py:139: StorageUnavailable
_____ test_submit_failure_is_atomic[object_changed-FILE_INTEGRITY_FAILED] ______

    @contextlib.contextmanager
    def map_httpcore_exceptions() -> typing.Iterator[None]:
        global HTTPCORE_EXC_MAP
        if len(HTTPCORE_EXC_MAP) == 0:
            HTTPCORE_EXC_MAP = _load_httpcore_exceptions()
        try:
>           yield

/opt/venv/lib/python3.12/site-packages/httpx/_transports/default.py:101: 
_ _ _ _ _ _ _ _ _ _ _ _ _ _ _ _ _ _ _ _ _ _ _ _ _ _ _ _ _ _ _ _ _ _ _ _ _ _ _ _ 
/opt/venv/lib/python3.12/site-packages/httpx/_transports/default.py:250: in handle_request
    resp = self._pool.handle_request(req)
           ^^^^^^^^^^^^^^^^^^^^^^^^^^^^^^
/opt/venv/lib/python3.12/site-packages/httpcore/_sync/connection_pool.py:256: in handle_request
    raise exc from None
/opt/venv/lib/python3.12/site-packages/httpcore/_sync/connection_pool.py:236: in handle_request
    response = connection.handle_request(
/opt/venv/lib/python3.12/site-packages/httpcore/_sync/connection.py:101: in handle_request
    raise exc
/opt/venv/lib/python3.12/site-packages/httpcore/_sync/connection.py:78: in handle_request
    stream = self._connect(request)
             ^^^^^^^^^^^^^^^^^^^^^^
/opt/venv/lib/python3.12/site-packages/httpcore/_sync/connection.py:124: in _connect
    stream = self._network_backend.connect_tcp(**kwargs)
             ^^^^^^^^^^^^^^^^^^^^^^^^^^^^^^^^^^^^^^^^^^^
/opt/venv/lib/python3.12/site-packages/httpcore/_backends/sync.py:207: in connect_tcp
    with map_exceptions(exc_map):
         ^^^^^^^^^^^^^^^^^^^^^^^
/usr/local/lib/python3.12/contextlib.py:158: in __exit__
    self.gen.throw(value)
_ _ _ _ _ _ _ _ _ _ _ _ _ _ _ _ _ _ _ _ _ _ _ _ _ _ _ _ _ _ _ _ _ _ _ _ _ _ _ _ 

map = {<class 'TimeoutError'>: <class 'httpcore.ConnectTimeout'>, <class 'OSError'>: <class 'httpcore.ConnectError'>}

    @contextlib.contextmanager
    def map_exceptions(map: ExceptionMapping) -> typing.Iterator[None]:
        try:
            yield
        except Exception as exc:  # noqa: PIE786
            for from_exc, to_exc in map.items():
                if isinstance(exc, from_exc):
>                   raise to_exc(exc) from exc
E                   httpcore.ConnectError: [Errno -2] Name or service not known

/opt/venv/lib/python3.12/site-packages/httpcore/_exceptions.py:14: ConnectError

The above exception was the direct cause of the following exception:

self = <app.services.storage.DevelopmentEvidenceStorage object at 0xf13200b16690>
object_key = 'geo305/bbe33c6f-3639-4319-ac70-5cce5c1a4c5f'
data = b'fixture-redacted-screenshot'

    def put(
        self,
        object_key: str,
        data: bytes,
        *,
        content_type: str,
        sha256: str,
    ) -> None:
        """通过内部签名 URL 保存服务端已经校验的对象。"""
        expires_at = datetime.now(UTC) + timedelta(seconds=60)
        url = signed_storage_url("upload", object_key, expires_at, internal=True)
        try:
>           response = httpx.put(
                url,
                content=data,
                headers={"content-type": content_type, "x-meta-sha256": sha256},
                timeout=10,
            )

app/services/storage.py:131: 
_ _ _ _ _ _ _ _ _ _ _ _ _ _ _ _ _ _ _ _ _ _ _ _ _ _ _ _ _ _ _ _ _ _ _ _ _ _ _ _ 
/opt/venv/lib/python3.12/site-packages/httpx/_api.py:345: in put
    return request(
/opt/venv/lib/python3.12/site-packages/httpx/_api.py:109: in request
    return client.request(
/opt/venv/lib/python3.12/site-packages/httpx/_client.py:825: in request
    return self.send(request, auth=auth, follow_redirects=follow_redirects)
           ^^^^^^^^^^^^^^^^^^^^^^^^^^^^^^^^^^^^^^^^^^^^^^^^^^^^^^^^^^^^^^^^
/opt/venv/lib/python3.12/site-packages/httpx/_client.py:914: in send
    response = self._send_handling_auth(
/opt/venv/lib/python3.12/site-packages/httpx/_client.py:942: in _send_handling_auth
    response = self._send_handling_redirects(
/opt/venv/lib/python3.12/site-packages/httpx/_client.py:979: in _send_handling_redirects
    response = self._send_single_request(request)
               ^^^^^^^^^^^^^^^^^^^^^^^^^^^^^^^^^^
/opt/venv/lib/python3.12/site-packages/httpx/_client.py:1014: in _send_single_request
    response = transport.handle_request(request)
               ^^^^^^^^^^^^^^^^^^^^^^^^^^^^^^^^^
/opt/venv/lib/python3.12/site-packages/httpx/_transports/default.py:249: in handle_request
    with map_httpcore_exceptions():
         ^^^^^^^^^^^^^^^^^^^^^^^^^
/usr/local/lib/python3.12/contextlib.py:158: in __exit__
    self.gen.throw(value)
_ _ _ _ _ _ _ _ _ _ _ _ _ _ _ _ _ _ _ _ _ _ _ _ _ _ _ _ _ _ _ _ _ _ _ _ _ _ _ _ 

    @contextlib.contextmanager
    def map_httpcore_exceptions() -> typing.Iterator[None]:
        global HTTPCORE_EXC_MAP
        if len(HTTPCORE_EXC_MAP) == 0:
            HTTPCORE_EXC_MAP = _load_httpcore_exceptions()
        try:
            yield
        except Exception as exc:
            mapped_exc = None
    
            for from_exc, to_exc in HTTPCORE_EXC_MAP.items():
                if not isinstance(exc, from_exc):
                    continue
                # We want to map to the most specific exception we can find.
                # Eg if `exc` is an `httpcore.ReadTimeout`, we want to map to
                # `httpx.ReadTimeout`, not just `httpx.TimeoutException`.
                if mapped_exc is None or issubclass(to_exc, mapped_exc):
                    mapped_exc = to_exc
    
            if mapped_exc is None:  # pragma: no cover
                raise
    
            message = str(exc)
>           raise mapped_exc(message) from exc
E           httpx.ConnectError: [Errno -2] Name or service not known

/opt/venv/lib/python3.12/site-packages/httpx/_transports/default.py:118: ConnectError

The above exception was the direct cause of the following exception:

plans_api = PlansAPI(api=QuestionsAPI(engine=Engine(postgresql+psycopg://partsignal:***@postgres:5432/partsignal_geo208_0337ec1c09...92ebf3d216d9'), surface=UUID('ce804e80-679b-40b1-8d84-4d9e10296bcf'), name='虚构计划-9c85f409-8d03-41c4-97be-741e3fd3f081')
monkeypatch = <_pytest.monkeypatch.MonkeyPatch object at 0xf13200437440>
case = 'object_changed', code = 'FILE_INTEGRITY_FAILED'

>   ???

/Users/sc/PycharmProjects/partsignal/backend/tests/integration/test_geo_manual_collection.py:250: 
_ _ _ _ _ _ _ _ _ _ _ _ _ _ _ _ _ _ _ _ _ _ _ _ _ _ _ _ _ _ _ _ _ _ _ _ _ _ _ _ 
/Users/sc/PycharmProjects/partsignal/backend/tests/integration/test_geo_manual_collection.py:70: in evidence
    ???
_ _ _ _ _ _ _ _ _ _ _ _ _ _ _ _ _ _ _ _ _ _ _ _ _ _ _ _ _ _ _ _ _ _ _ _ _ _ _ _ 

self = <app.services.storage.DevelopmentEvidenceStorage object at 0xf13200b16690>
object_key = 'geo305/bbe33c6f-3639-4319-ac70-5cce5c1a4c5f'
data = b'fixture-redacted-screenshot'

    def put(
        self,
        object_key: str,
        data: bytes,
        *,
        content_type: str,
        sha256: str,
    ) -> None:
        """通过内部签名 URL 保存服务端已经校验的对象。"""
        expires_at = datetime.now(UTC) + timedelta(seconds=60)
        url = signed_storage_url("upload", object_key, expires_at, internal=True)
        try:
            response = httpx.put(
                url,
                content=data,
                headers={"content-type": content_type, "x-meta-sha256": sha256},
                timeout=10,
            )
            response.raise_for_status()
        except (httpx.HTTPStatusError, httpx.RequestError) as error:
>           raise StorageUnavailable("开发对象存储 PUT 请求失败") from error
E           app.services.storage.StorageUnavailable: 开发对象存储 PUT 请求失败

app/services/storage.py:139: StorageUnavailable
________ test_submit_failure_is_atomic[storage-DEPENDENCY_UNAVAILABLE] _________

    @contextlib.contextmanager
    def map_httpcore_exceptions() -> typing.Iterator[None]:
        global HTTPCORE_EXC_MAP
        if len(HTTPCORE_EXC_MAP) == 0:
            HTTPCORE_EXC_MAP = _load_httpcore_exceptions()
        try:
>           yield

/opt/venv/lib/python3.12/site-packages/httpx/_transports/default.py:101: 
_ _ _ _ _ _ _ _ _ _ _ _ _ _ _ _ _ _ _ _ _ _ _ _ _ _ _ _ _ _ _ _ _ _ _ _ _ _ _ _ 
/opt/venv/lib/python3.12/site-packages/httpx/_transports/default.py:250: in handle_request
    resp = self._pool.handle_request(req)
           ^^^^^^^^^^^^^^^^^^^^^^^^^^^^^^
/opt/venv/lib/python3.12/site-packages/httpcore/_sync/connection_pool.py:256: in handle_request
    raise exc from None
/opt/venv/lib/python3.12/site-packages/httpcore/_sync/connection_pool.py:236: in handle_request
    response = connection.handle_request(
/opt/venv/lib/python3.12/site-packages/httpcore/_sync/connection.py:101: in handle_request
    raise exc
/opt/venv/lib/python3.12/site-packages/httpcore/_sync/connection.py:78: in handle_request
    stream = self._connect(request)
             ^^^^^^^^^^^^^^^^^^^^^^
/opt/venv/lib/python3.12/site-packages/httpcore/_sync/connection.py:124: in _connect
    stream = self._network_backend.connect_tcp(**kwargs)
             ^^^^^^^^^^^^^^^^^^^^^^^^^^^^^^^^^^^^^^^^^^^
/opt/venv/lib/python3.12/site-packages/httpcore/_backends/sync.py:207: in connect_tcp
    with map_exceptions(exc_map):
         ^^^^^^^^^^^^^^^^^^^^^^^
/usr/local/lib/python3.12/contextlib.py:158: in __exit__
    self.gen.throw(value)
_ _ _ _ _ _ _ _ _ _ _ _ _ _ _ _ _ _ _ _ _ _ _ _ _ _ _ _ _ _ _ _ _ _ _ _ _ _ _ _ 

map = {<class 'TimeoutError'>: <class 'httpcore.ConnectTimeout'>, <class 'OSError'>: <class 'httpcore.ConnectError'>}

    @contextlib.contextmanager
    def map_exceptions(map: ExceptionMapping) -> typing.Iterator[None]:
        try:
            yield
        except Exception as exc:  # noqa: PIE786
            for from_exc, to_exc in map.items():
                if isinstance(exc, from_exc):
>                   raise to_exc(exc) from exc
E                   httpcore.ConnectError: [Errno -2] Name or service not known

/opt/venv/lib/python3.12/site-packages/httpcore/_exceptions.py:14: ConnectError

The above exception was the direct cause of the following exception:

self = <app.services.storage.DevelopmentEvidenceStorage object at 0xf13200b3c1a0>
object_key = 'geo305/33449817-21df-450f-8a05-bab343023319'
data = b'fixture-redacted-screenshot'

    def put(
        self,
        object_key: str,
        data: bytes,
        *,
        content_type: str,
        sha256: str,
    ) -> None:
        """通过内部签名 URL 保存服务端已经校验的对象。"""
        expires_at = datetime.now(UTC) + timedelta(seconds=60)
        url = signed_storage_url("upload", object_key, expires_at, internal=True)
        try:
>           response = httpx.put(
                url,
                content=data,
                headers={"content-type": content_type, "x-meta-sha256": sha256},
                timeout=10,
            )

app/services/storage.py:131: 
_ _ _ _ _ _ _ _ _ _ _ _ _ _ _ _ _ _ _ _ _ _ _ _ _ _ _ _ _ _ _ _ _ _ _ _ _ _ _ _ 
/opt/venv/lib/python3.12/site-packages/httpx/_api.py:345: in put
    return request(
/opt/venv/lib/python3.12/site-packages/httpx/_api.py:109: in request
    return client.request(
/opt/venv/lib/python3.12/site-packages/httpx/_client.py:825: in request
    return self.send(request, auth=auth, follow_redirects=follow_redirects)
           ^^^^^^^^^^^^^^^^^^^^^^^^^^^^^^^^^^^^^^^^^^^^^^^^^^^^^^^^^^^^^^^^
/opt/venv/lib/python3.12/site-packages/httpx/_client.py:914: in send
    response = self._send_handling_auth(
/opt/venv/lib/python3.12/site-packages/httpx/_client.py:942: in _send_handling_auth
    response = self._send_handling_redirects(
/opt/venv/lib/python3.12/site-packages/httpx/_client.py:979: in _send_handling_redirects
    response = self._send_single_request(request)
               ^^^^^^^^^^^^^^^^^^^^^^^^^^^^^^^^^^
/opt/venv/lib/python3.12/site-packages/httpx/_client.py:1014: in _send_single_request
    response = transport.handle_request(request)
               ^^^^^^^^^^^^^^^^^^^^^^^^^^^^^^^^^
/opt/venv/lib/python3.12/site-packages/httpx/_transports/default.py:249: in handle_request
    with map_httpcore_exceptions():
         ^^^^^^^^^^^^^^^^^^^^^^^^^
/usr/local/lib/python3.12/contextlib.py:158: in __exit__
    self.gen.throw(value)
_ _ _ _ _ _ _ _ _ _ _ _ _ _ _ _ _ _ _ _ _ _ _ _ _ _ _ _ _ _ _ _ _ _ _ _ _ _ _ _ 

    @contextlib.contextmanager
    def map_httpcore_exceptions() -> typing.Iterator[None]:
        global HTTPCORE_EXC_MAP
        if len(HTTPCORE_EXC_MAP) == 0:
            HTTPCORE_EXC_MAP = _load_httpcore_exceptions()
        try:
            yield
        except Exception as exc:
            mapped_exc = None
    
            for from_exc, to_exc in HTTPCORE_EXC_MAP.items():
                if not isinstance(exc, from_exc):
                    continue
                # We want to map to the most specific exception we can find.
                # Eg if `exc` is an `httpcore.ReadTimeout`, we want to map to
                # `httpx.ReadTimeout`, not just `httpx.TimeoutException`.
                if mapped_exc is None or issubclass(to_exc, mapped_exc):
                    mapped_exc = to_exc
    
            if mapped_exc is None:  # pragma: no cover
                raise
    
            message = str(exc)
>           raise mapped_exc(message) from exc
E           httpx.ConnectError: [Errno -2] Name or service not known

/opt/venv/lib/python3.12/site-packages/httpx/_transports/default.py:118: ConnectError

The above exception was the direct cause of the following exception:

plans_api = PlansAPI(api=QuestionsAPI(engine=Engine(postgresql+psycopg://partsignal:***@postgres:5432/partsignal_geo208_0337ec1c09...4375fe59c86a'), surface=UUID('13e60a8d-5f33-4512-971a-741bca190fc7'), name='虚构计划-3bc1becb-5ddb-41cc-8492-825fe90335be')
monkeypatch = <_pytest.monkeypatch.MonkeyPatch object at 0xf13200e007a0>
case = 'storage', code = 'DEPENDENCY_UNAVAILABLE'

>   ???

/Users/sc/PycharmProjects/partsignal/backend/tests/integration/test_geo_manual_collection.py:250: 
_ _ _ _ _ _ _ _ _ _ _ _ _ _ _ _ _ _ _ _ _ _ _ _ _ _ _ _ _ _ _ _ _ _ _ _ _ _ _ _ 
/Users/sc/PycharmProjects/partsignal/backend/tests/integration/test_geo_manual_collection.py:70: in evidence
    ???
_ _ _ _ _ _ _ _ _ _ _ _ _ _ _ _ _ _ _ _ _ _ _ _ _ _ _ _ _ _ _ _ _ _ _ _ _ _ _ _ 

self = <app.services.storage.DevelopmentEvidenceStorage object at 0xf13200b3c1a0>
object_key = 'geo305/33449817-21df-450f-8a05-bab343023319'
data = b'fixture-redacted-screenshot'

    def put(
        self,
        object_key: str,
        data: bytes,
        *,
        content_type: str,
        sha256: str,
    ) -> None:
        """通过内部签名 URL 保存服务端已经校验的对象。"""
        expires_at = datetime.now(UTC) + timedelta(seconds=60)
        url = signed_storage_url("upload", object_key, expires_at, internal=True)
        try:
            response = httpx.put(
                url,
                content=data,
                headers={"content-type": content_type, "x-meta-sha256": sha256},
                timeout=10,
            )
            response.raise_for_status()
        except (httpx.HTTPStatusError, httpx.RequestError) as error:
>           raise StorageUnavailable("开发对象存储 PUT 请求失败") from error
E           app.services.storage.StorageUnavailable: 开发对象存储 PUT 请求失败

app/services/storage.py:139: StorageUnavailable
_ test_optional_screenshot_still_requires_evidence_and_submission_can_include_unsaved_edits _

    @contextlib.contextmanager
    def map_httpcore_exceptions() -> typing.Iterator[None]:
        global HTTPCORE_EXC_MAP
        if len(HTTPCORE_EXC_MAP) == 0:
            HTTPCORE_EXC_MAP = _load_httpcore_exceptions()
        try:
>           yield

/opt/venv/lib/python3.12/site-packages/httpx/_transports/default.py:101: 
_ _ _ _ _ _ _ _ _ _ _ _ _ _ _ _ _ _ _ _ _ _ _ _ _ _ _ _ _ _ _ _ _ _ _ _ _ _ _ _ 
/opt/venv/lib/python3.12/site-packages/httpx/_transports/default.py:250: in handle_request
    resp = self._pool.handle_request(req)
           ^^^^^^^^^^^^^^^^^^^^^^^^^^^^^^
/opt/venv/lib/python3.12/site-packages/httpcore/_sync/connection_pool.py:256: in handle_request
    raise exc from None
/opt/venv/lib/python3.12/site-packages/httpcore/_sync/connection_pool.py:236: in handle_request
    response = connection.handle_request(
/opt/venv/lib/python3.12/site-packages/httpcore/_sync/connection.py:101: in handle_request
    raise exc
/opt/venv/lib/python3.12/site-packages/httpcore/_sync/connection.py:78: in handle_request
    stream = self._connect(request)
             ^^^^^^^^^^^^^^^^^^^^^^
/opt/venv/lib/python3.12/site-packages/httpcore/_sync/connection.py:124: in _connect
    stream = self._network_backend.connect_tcp(**kwargs)
             ^^^^^^^^^^^^^^^^^^^^^^^^^^^^^^^^^^^^^^^^^^^
/opt/venv/lib/python3.12/site-packages/httpcore/_backends/sync.py:207: in connect_tcp
    with map_exceptions(exc_map):
         ^^^^^^^^^^^^^^^^^^^^^^^
/usr/local/lib/python3.12/contextlib.py:158: in __exit__
    self.gen.throw(value)
_ _ _ _ _ _ _ _ _ _ _ _ _ _ _ _ _ _ _ _ _ _ _ _ _ _ _ _ _ _ _ _ _ _ _ _ _ _ _ _ 

map = {<class 'TimeoutError'>: <class 'httpcore.ConnectTimeout'>, <class 'OSError'>: <class 'httpcore.ConnectError'>}

    @contextlib.contextmanager
    def map_exceptions(map: ExceptionMapping) -> typing.Iterator[None]:
        try:
            yield
        except Exception as exc:  # noqa: PIE786
            for from_exc, to_exc in map.items():
                if isinstance(exc, from_exc):
>                   raise to_exc(exc) from exc
E                   httpcore.ConnectError: [Errno -2] Name or service not known

/opt/venv/lib/python3.12/site-packages/httpcore/_exceptions.py:14: ConnectError

The above exception was the direct cause of the following exception:

self = <app.services.storage.DevelopmentEvidenceStorage object at 0xf132004d6600>
object_key = 'geo305/4385efb2-8f1e-44a8-9ef8-8f96048f16c9'
data = b'fixture-redacted-answer'

    def put(
        self,
        object_key: str,
        data: bytes,
        *,
        content_type: str,
        sha256: str,
    ) -> None:
        """通过内部签名 URL 保存服务端已经校验的对象。"""
        expires_at = datetime.now(UTC) + timedelta(seconds=60)
        url = signed_storage_url("upload", object_key, expires_at, internal=True)
        try:
>           response = httpx.put(
                url,
                content=data,
                headers={"content-type": content_type, "x-meta-sha256": sha256},
                timeout=10,
            )

app/services/storage.py:131: 
_ _ _ _ _ _ _ _ _ _ _ _ _ _ _ _ _ _ _ _ _ _ _ _ _ _ _ _ _ _ _ _ _ _ _ _ _ _ _ _ 
/opt/venv/lib/python3.12/site-packages/httpx/_api.py:345: in put
    return request(
/opt/venv/lib/python3.12/site-packages/httpx/_api.py:109: in request
    return client.request(
/opt/venv/lib/python3.12/site-packages/httpx/_client.py:825: in request
    return self.send(request, auth=auth, follow_redirects=follow_redirects)
           ^^^^^^^^^^^^^^^^^^^^^^^^^^^^^^^^^^^^^^^^^^^^^^^^^^^^^^^^^^^^^^^^
/opt/venv/lib/python3.12/site-packages/httpx/_client.py:914: in send
    response = self._send_handling_auth(
/opt/venv/lib/python3.12/site-packages/httpx/_client.py:942: in _send_handling_auth
    response = self._send_handling_redirects(
/opt/venv/lib/python3.12/site-packages/httpx/_client.py:979: in _send_handling_redirects
    response = self._send_single_request(request)
               ^^^^^^^^^^^^^^^^^^^^^^^^^^^^^^^^^^
/opt/venv/lib/python3.12/site-packages/httpx/_client.py:1014: in _send_single_request
    response = transport.handle_request(request)
               ^^^^^^^^^^^^^^^^^^^^^^^^^^^^^^^^^
/opt/venv/lib/python3.12/site-packages/httpx/_transports/default.py:249: in handle_request
    with map_httpcore_exceptions():
         ^^^^^^^^^^^^^^^^^^^^^^^^^
/usr/local/lib/python3.12/contextlib.py:158: in __exit__
    self.gen.throw(value)
_ _ _ _ _ _ _ _ _ _ _ _ _ _ _ _ _ _ _ _ _ _ _ _ _ _ _ _ _ _ _ _ _ _ _ _ _ _ _ _ 

    @contextlib.contextmanager
    def map_httpcore_exceptions() -> typing.Iterator[None]:
        global HTTPCORE_EXC_MAP
        if len(HTTPCORE_EXC_MAP) == 0:
            HTTPCORE_EXC_MAP = _load_httpcore_exceptions()
        try:
            yield
        except Exception as exc:
            mapped_exc = None
    
            for from_exc, to_exc in HTTPCORE_EXC_MAP.items():
                if not isinstance(exc, from_exc):
                    continue
                # We want to map to the most specific exception we can find.
                # Eg if `exc` is an `httpcore.ReadTimeout`, we want to map to
                # `httpx.ReadTimeout`, not just `httpx.TimeoutException`.
                if mapped_exc is None or issubclass(to_exc, mapped_exc):
                    mapped_exc = to_exc
    
            if mapped_exc is None:  # pragma: no cover
                raise
    
            message = str(exc)
>           raise mapped_exc(message) from exc
E           httpx.ConnectError: [Errno -2] Name or service not known

/opt/venv/lib/python3.12/site-packages/httpx/_transports/default.py:118: ConnectError

The above exception was the direct cause of the following exception:

plans_api = PlansAPI(api=QuestionsAPI(engine=Engine(postgresql+psycopg://partsignal:***@postgres:5432/partsignal_geo208_0337ec1c09...98253be81a9d'), surface=UUID('31a54b1f-7391-44c7-bf76-c37854bf55b8'), name='虚构计划-25fe8eb2-b058-49e8-add5-02c2197c7014')

>   ???

/Users/sc/PycharmProjects/partsignal/backend/tests/integration/test_geo_manual_collection.py:291: 
_ _ _ _ _ _ _ _ _ _ _ _ _ _ _ _ _ _ _ _ _ _ _ _ _ _ _ _ _ _ _ _ _ _ _ _ _ _ _ _ 
/Users/sc/PycharmProjects/partsignal/backend/tests/integration/test_geo_manual_collection.py:70: in evidence
    ???
_ _ _ _ _ _ _ _ _ _ _ _ _ _ _ _ _ _ _ _ _ _ _ _ _ _ _ _ _ _ _ _ _ _ _ _ _ _ _ _ 

self = <app.services.storage.DevelopmentEvidenceStorage object at 0xf132004d6600>
object_key = 'geo305/4385efb2-8f1e-44a8-9ef8-8f96048f16c9'
data = b'fixture-redacted-answer'

    def put(
        self,
        object_key: str,
        data: bytes,
        *,
        content_type: str,
        sha256: str,
    ) -> None:
        """通过内部签名 URL 保存服务端已经校验的对象。"""
        expires_at = datetime.now(UTC) + timedelta(seconds=60)
        url = signed_storage_url("upload", object_key, expires_at, internal=True)
        try:
            response = httpx.put(
                url,
                content=data,
                headers={"content-type": content_type, "x-meta-sha256": sha256},
                timeout=10,
            )
            response.raise_for_status()
        except (httpx.HTTPStatusError, httpx.RequestError) as error:
>           raise StorageUnavailable("开发对象存储 PUT 请求失败") from error
E           app.services.storage.StorageUnavailable: 开发对象存储 PUT 请求失败

app/services/storage.py:139: StorageUnavailable
___________ test_audit_failure_rolls_back_freeze_and_preserves_draft ___________

    @contextlib.contextmanager
    def map_httpcore_exceptions() -> typing.Iterator[None]:
        global HTTPCORE_EXC_MAP
        if len(HTTPCORE_EXC_MAP) == 0:
            HTTPCORE_EXC_MAP = _load_httpcore_exceptions()
        try:
>           yield

/opt/venv/lib/python3.12/site-packages/httpx/_transports/default.py:101: 
_ _ _ _ _ _ _ _ _ _ _ _ _ _ _ _ _ _ _ _ _ _ _ _ _ _ _ _ _ _ _ _ _ _ _ _ _ _ _ _ 
/opt/venv/lib/python3.12/site-packages/httpx/_transports/default.py:250: in handle_request
    resp = self._pool.handle_request(req)
           ^^^^^^^^^^^^^^^^^^^^^^^^^^^^^^
/opt/venv/lib/python3.12/site-packages/httpcore/_sync/connection_pool.py:256: in handle_request
    raise exc from None
/opt/venv/lib/python3.12/site-packages/httpcore/_sync/connection_pool.py:236: in handle_request
    response = connection.handle_request(
/opt/venv/lib/python3.12/site-packages/httpcore/_sync/connection.py:101: in handle_request
    raise exc
/opt/venv/lib/python3.12/site-packages/httpcore/_sync/connection.py:78: in handle_request
    stream = self._connect(request)
             ^^^^^^^^^^^^^^^^^^^^^^
/opt/venv/lib/python3.12/site-packages/httpcore/_sync/connection.py:124: in _connect
    stream = self._network_backend.connect_tcp(**kwargs)
             ^^^^^^^^^^^^^^^^^^^^^^^^^^^^^^^^^^^^^^^^^^^
/opt/venv/lib/python3.12/site-packages/httpcore/_backends/sync.py:207: in connect_tcp
    with map_exceptions(exc_map):
         ^^^^^^^^^^^^^^^^^^^^^^^
/usr/local/lib/python3.12/contextlib.py:158: in __exit__
    self.gen.throw(value)
_ _ _ _ _ _ _ _ _ _ _ _ _ _ _ _ _ _ _ _ _ _ _ _ _ _ _ _ _ _ _ _ _ _ _ _ _ _ _ _ 

map = {<class 'TimeoutError'>: <class 'httpcore.ConnectTimeout'>, <class 'OSError'>: <class 'httpcore.ConnectError'>}

    @contextlib.contextmanager
    def map_exceptions(map: ExceptionMapping) -> typing.Iterator[None]:
        try:
            yield
        except Exception as exc:  # noqa: PIE786
            for from_exc, to_exc in map.items():
                if isinstance(exc, from_exc):
>                   raise to_exc(exc) from exc
E                   httpcore.ConnectError: [Errno -2] Name or service not known

/opt/venv/lib/python3.12/site-packages/httpcore/_exceptions.py:14: ConnectError

The above exception was the direct cause of the following exception:

self = <app.services.storage.DevelopmentEvidenceStorage object at 0xf132004d5eb0>
object_key = 'geo305/6121fc15-dd87-4007-ab5e-9bf06fc31d2d'
data = b'fixture-redacted-screenshot'

    def put(
        self,
        object_key: str,
        data: bytes,
        *,
        content_type: str,
        sha256: str,
    ) -> None:
        """通过内部签名 URL 保存服务端已经校验的对象。"""
        expires_at = datetime.now(UTC) + timedelta(seconds=60)
        url = signed_storage_url("upload", object_key, expires_at, internal=True)
        try:
>           response = httpx.put(
                url,
                content=data,
                headers={"content-type": content_type, "x-meta-sha256": sha256},
                timeout=10,
            )

app/services/storage.py:131: 
_ _ _ _ _ _ _ _ _ _ _ _ _ _ _ _ _ _ _ _ _ _ _ _ _ _ _ _ _ _ _ _ _ _ _ _ _ _ _ _ 
/opt/venv/lib/python3.12/site-packages/httpx/_api.py:345: in put
    return request(
/opt/venv/lib/python3.12/site-packages/httpx/_api.py:109: in request
    return client.request(
/opt/venv/lib/python3.12/site-packages/httpx/_client.py:825: in request
    return self.send(request, auth=auth, follow_redirects=follow_redirects)
           ^^^^^^^^^^^^^^^^^^^^^^^^^^^^^^^^^^^^^^^^^^^^^^^^^^^^^^^^^^^^^^^^
/opt/venv/lib/python3.12/site-packages/httpx/_client.py:914: in send
    response = self._send_handling_auth(
/opt/venv/lib/python3.12/site-packages/httpx/_client.py:942: in _send_handling_auth
    response = self._send_handling_redirects(
/opt/venv/lib/python3.12/site-packages/httpx/_client.py:979: in _send_handling_redirects
    response = self._send_single_request(request)
               ^^^^^^^^^^^^^^^^^^^^^^^^^^^^^^^^^^
/opt/venv/lib/python3.12/site-packages/httpx/_client.py:1014: in _send_single_request
    response = transport.handle_request(request)
               ^^^^^^^^^^^^^^^^^^^^^^^^^^^^^^^^^
/opt/venv/lib/python3.12/site-packages/httpx/_transports/default.py:249: in handle_request
    with map_httpcore_exceptions():
         ^^^^^^^^^^^^^^^^^^^^^^^^^
/usr/local/lib/python3.12/contextlib.py:158: in __exit__
    self.gen.throw(value)
_ _ _ _ _ _ _ _ _ _ _ _ _ _ _ _ _ _ _ _ _ _ _ _ _ _ _ _ _ _ _ _ _ _ _ _ _ _ _ _ 

    @contextlib.contextmanager
    def map_httpcore_exceptions() -> typing.Iterator[None]:
        global HTTPCORE_EXC_MAP
        if len(HTTPCORE_EXC_MAP) == 0:
            HTTPCORE_EXC_MAP = _load_httpcore_exceptions()
        try:
            yield
        except Exception as exc:
            mapped_exc = None
    
            for from_exc, to_exc in HTTPCORE_EXC_MAP.items():
                if not isinstance(exc, from_exc):
                    continue
                # We want to map to the most specific exception we can find.
                # Eg if `exc` is an `httpcore.ReadTimeout`, we want to map to
                # `httpx.ReadTimeout`, not just `httpx.TimeoutException`.
                if mapped_exc is None or issubclass(to_exc, mapped_exc):
                    mapped_exc = to_exc
    
            if mapped_exc is None:  # pragma: no cover
                raise
    
            message = str(exc)
>           raise mapped_exc(message) from exc
E           httpx.ConnectError: [Errno -2] Name or service not known

/opt/venv/lib/python3.12/site-packages/httpx/_transports/default.py:118: ConnectError

The above exception was the direct cause of the following exception:

plans_api = PlansAPI(api=QuestionsAPI(engine=Engine(postgresql+psycopg://partsignal:***@postgres:5432/partsignal_geo208_0337ec1c09...7cdc74d626ff'), surface=UUID('e8fc49a8-b17c-4827-80ff-0eac03d60e5d'), name='虚构计划-c59f65c8-3ee6-4653-a42a-4121024b4adb')
monkeypatch = <_pytest.monkeypatch.MonkeyPatch object at 0xf13200719910>

>   ???

/Users/sc/PycharmProjects/partsignal/backend/tests/integration/test_geo_manual_collection.py:319: 
_ _ _ _ _ _ _ _ _ _ _ _ _ _ _ _ _ _ _ _ _ _ _ _ _ _ _ _ _ _ _ _ _ _ _ _ _ _ _ _ 
/Users/sc/PycharmProjects/partsignal/backend/tests/integration/test_geo_manual_collection.py:70: in evidence
    ???
_ _ _ _ _ _ _ _ _ _ _ _ _ _ _ _ _ _ _ _ _ _ _ _ _ _ _ _ _ _ _ _ _ _ _ _ _ _ _ _ 

self = <app.services.storage.DevelopmentEvidenceStorage object at 0xf132004d5eb0>
object_key = 'geo305/6121fc15-dd87-4007-ab5e-9bf06fc31d2d'
data = b'fixture-redacted-screenshot'

    def put(
        self,
        object_key: str,
        data: bytes,
        *,
        content_type: str,
        sha256: str,
    ) -> None:
        """通过内部签名 URL 保存服务端已经校验的对象。"""
        expires_at = datetime.now(UTC) + timedelta(seconds=60)
        url = signed_storage_url("upload", object_key, expires_at, internal=True)
        try:
            response = httpx.put(
                url,
                content=data,
                headers={"content-type": content_type, "x-meta-sha256": sha256},
                timeout=10,
            )
            response.raise_for_status()
        except (httpx.HTTPStatusError, httpx.RequestError) as error:
>           raise StorageUnavailable("开发对象存储 PUT 请求失败") from error
E           app.services.storage.StorageUnavailable: 开发对象存储 PUT 请求失败

app/services/storage.py:139: StorageUnavailable
_________________ test_concurrent_submit_is_exactly_once[True] _________________

    @contextlib.contextmanager
    def map_httpcore_exceptions() -> typing.Iterator[None]:
        global HTTPCORE_EXC_MAP
        if len(HTTPCORE_EXC_MAP) == 0:
            HTTPCORE_EXC_MAP = _load_httpcore_exceptions()
        try:
>           yield

/opt/venv/lib/python3.12/site-packages/httpx/_transports/default.py:101: 
_ _ _ _ _ _ _ _ _ _ _ _ _ _ _ _ _ _ _ _ _ _ _ _ _ _ _ _ _ _ _ _ _ _ _ _ _ _ _ _ 
/opt/venv/lib/python3.12/site-packages/httpx/_transports/default.py:250: in handle_request
    resp = self._pool.handle_request(req)
           ^^^^^^^^^^^^^^^^^^^^^^^^^^^^^^
/opt/venv/lib/python3.12/site-packages/httpcore/_sync/connection_pool.py:256: in handle_request
    raise exc from None
/opt/venv/lib/python3.12/site-packages/httpcore/_sync/connection_pool.py:236: in handle_request
    response = connection.handle_request(
/opt/venv/lib/python3.12/site-packages/httpcore/_sync/connection.py:101: in handle_request
    raise exc
/opt/venv/lib/python3.12/site-packages/httpcore/_sync/connection.py:78: in handle_request
    stream = self._connect(request)
             ^^^^^^^^^^^^^^^^^^^^^^
/opt/venv/lib/python3.12/site-packages/httpcore/_sync/connection.py:124: in _connect
    stream = self._network_backend.connect_tcp(**kwargs)
             ^^^^^^^^^^^^^^^^^^^^^^^^^^^^^^^^^^^^^^^^^^^
/opt/venv/lib/python3.12/site-packages/httpcore/_backends/sync.py:207: in connect_tcp
    with map_exceptions(exc_map):
         ^^^^^^^^^^^^^^^^^^^^^^^
/usr/local/lib/python3.12/contextlib.py:158: in __exit__
    self.gen.throw(value)
_ _ _ _ _ _ _ _ _ _ _ _ _ _ _ _ _ _ _ _ _ _ _ _ _ _ _ _ _ _ _ _ _ _ _ _ _ _ _ _ 

map = {<class 'TimeoutError'>: <class 'httpcore.ConnectTimeout'>, <class 'OSError'>: <class 'httpcore.ConnectError'>}

    @contextlib.contextmanager
    def map_exceptions(map: ExceptionMapping) -> typing.Iterator[None]:
        try:
            yield
        except Exception as exc:  # noqa: PIE786
            for from_exc, to_exc in map.items():
                if isinstance(exc, from_exc):
>                   raise to_exc(exc) from exc
E                   httpcore.ConnectError: [Errno -2] Name or service not known

/opt/venv/lib/python3.12/site-packages/httpcore/_exceptions.py:14: ConnectError

The above exception was the direct cause of the following exception:

self = <app.services.storage.DevelopmentEvidenceStorage object at 0xf13203835940>
object_key = 'geo305/b4231ea2-e049-48d6-ba28-b21f5af2cb64'
data = b'fixture-redacted-screenshot'

    def put(
        self,
        object_key: str,
        data: bytes,
        *,
        content_type: str,
        sha256: str,
    ) -> None:
        """通过内部签名 URL 保存服务端已经校验的对象。"""
        expires_at = datetime.now(UTC) + timedelta(seconds=60)
        url = signed_storage_url("upload", object_key, expires_at, internal=True)
        try:
>           response = httpx.put(
                url,
                content=data,
                headers={"content-type": content_type, "x-meta-sha256": sha256},
                timeout=10,
            )

app/services/storage.py:131: 
_ _ _ _ _ _ _ _ _ _ _ _ _ _ _ _ _ _ _ _ _ _ _ _ _ _ _ _ _ _ _ _ _ _ _ _ _ _ _ _ 
/opt/venv/lib/python3.12/site-packages/httpx/_api.py:345: in put
    return request(
/opt/venv/lib/python3.12/site-packages/httpx/_api.py:109: in request
    return client.request(
/opt/venv/lib/python3.12/site-packages/httpx/_client.py:825: in request
    return self.send(request, auth=auth, follow_redirects=follow_redirects)
           ^^^^^^^^^^^^^^^^^^^^^^^^^^^^^^^^^^^^^^^^^^^^^^^^^^^^^^^^^^^^^^^^
/opt/venv/lib/python3.12/site-packages/httpx/_client.py:914: in send
    response = self._send_handling_auth(
/opt/venv/lib/python3.12/site-packages/httpx/_client.py:942: in _send_handling_auth
    response = self._send_handling_redirects(
/opt/venv/lib/python3.12/site-packages/httpx/_client.py:979: in _send_handling_redirects
    response = self._send_single_request(request)
               ^^^^^^^^^^^^^^^^^^^^^^^^^^^^^^^^^^
/opt/venv/lib/python3.12/site-packages/httpx/_client.py:1014: in _send_single_request
    response = transport.handle_request(request)
               ^^^^^^^^^^^^^^^^^^^^^^^^^^^^^^^^^
/opt/venv/lib/python3.12/site-packages/httpx/_transports/default.py:249: in handle_request
    with map_httpcore_exceptions():
         ^^^^^^^^^^^^^^^^^^^^^^^^^
/usr/local/lib/python3.12/contextlib.py:158: in __exit__
    self.gen.throw(value)
_ _ _ _ _ _ _ _ _ _ _ _ _ _ _ _ _ _ _ _ _ _ _ _ _ _ _ _ _ _ _ _ _ _ _ _ _ _ _ _ 

    @contextlib.contextmanager
    def map_httpcore_exceptions() -> typing.Iterator[None]:
        global HTTPCORE_EXC_MAP
        if len(HTTPCORE_EXC_MAP) == 0:
            HTTPCORE_EXC_MAP = _load_httpcore_exceptions()
        try:
            yield
        except Exception as exc:
            mapped_exc = None
    
            for from_exc, to_exc in HTTPCORE_EXC_MAP.items():
                if not isinstance(exc, from_exc):
                    continue
                # We want to map to the most specific exception we can find.
                # Eg if `exc` is an `httpcore.ReadTimeout`, we want to map to
                # `httpx.ReadTimeout`, not just `httpx.TimeoutException`.
                if mapped_exc is None or issubclass(to_exc, mapped_exc):
                    mapped_exc = to_exc
    
            if mapped_exc is None:  # pragma: no cover
                raise
    
            message = str(exc)
>           raise mapped_exc(message) from exc
E           httpx.ConnectError: [Errno -2] Name or service not known

/opt/venv/lib/python3.12/site-packages/httpx/_transports/default.py:118: ConnectError

The above exception was the direct cause of the following exception:

plans_api = PlansAPI(api=QuestionsAPI(engine=Engine(postgresql+psycopg://partsignal:***@postgres:5432/partsignal_geo208_0337ec1c09...60596678602c'), surface=UUID('9a7282f9-952b-4271-b0a4-1bf32bd71e88'), name='虚构计划-2fb69267-f6f1-4a4e-b8d2-9ef6535045d6')
same_key = True

>   ???

/Users/sc/PycharmProjects/partsignal/backend/tests/integration/test_geo_manual_collection.py:346: 
_ _ _ _ _ _ _ _ _ _ _ _ _ _ _ _ _ _ _ _ _ _ _ _ _ _ _ _ _ _ _ _ _ _ _ _ _ _ _ _ 
/Users/sc/PycharmProjects/partsignal/backend/tests/integration/test_geo_manual_collection.py:70: in evidence
    ???
_ _ _ _ _ _ _ _ _ _ _ _ _ _ _ _ _ _ _ _ _ _ _ _ _ _ _ _ _ _ _ _ _ _ _ _ _ _ _ _ 

self = <app.services.storage.DevelopmentEvidenceStorage object at 0xf13203835940>
object_key = 'geo305/b4231ea2-e049-48d6-ba28-b21f5af2cb64'
data = b'fixture-redacted-screenshot'

    def put(
        self,
        object_key: str,
        data: bytes,
        *,
        content_type: str,
        sha256: str,
    ) -> None:
        """通过内部签名 URL 保存服务端已经校验的对象。"""
        expires_at = datetime.now(UTC) + timedelta(seconds=60)
        url = signed_storage_url("upload", object_key, expires_at, internal=True)
        try:
            response = httpx.put(
                url,
                content=data,
                headers={"content-type": content_type, "x-meta-sha256": sha256},
                timeout=10,
            )
            response.raise_for_status()
        except (httpx.HTTPStatusError, httpx.RequestError) as error:
>           raise StorageUnavailable("开发对象存储 PUT 请求失败") from error
E           app.services.storage.StorageUnavailable: 开发对象存储 PUT 请求失败

app/services/storage.py:139: StorageUnavailable
________________ test_concurrent_submit_is_exactly_once[False] _________________

    @contextlib.contextmanager
    def map_httpcore_exceptions() -> typing.Iterator[None]:
        global HTTPCORE_EXC_MAP
        if len(HTTPCORE_EXC_MAP) == 0:
            HTTPCORE_EXC_MAP = _load_httpcore_exceptions()
        try:
>           yield

/opt/venv/lib/python3.12/site-packages/httpx/_transports/default.py:101: 
_ _ _ _ _ _ _ _ _ _ _ _ _ _ _ _ _ _ _ _ _ _ _ _ _ _ _ _ _ _ _ _ _ _ _ _ _ _ _ _ 
/opt/venv/lib/python3.12/site-packages/httpx/_transports/default.py:250: in handle_request
    resp = self._pool.handle_request(req)
           ^^^^^^^^^^^^^^^^^^^^^^^^^^^^^^
/opt/venv/lib/python3.12/site-packages/httpcore/_sync/connection_pool.py:256: in handle_request
    raise exc from None
/opt/venv/lib/python3.12/site-packages/httpcore/_sync/connection_pool.py:236: in handle_request
    response = connection.handle_request(
/opt/venv/lib/python3.12/site-packages/httpcore/_sync/connection.py:101: in handle_request
    raise exc
/opt/venv/lib/python3.12/site-packages/httpcore/_sync/connection.py:78: in handle_request
    stream = self._connect(request)
             ^^^^^^^^^^^^^^^^^^^^^^
/opt/venv/lib/python3.12/site-packages/httpcore/_sync/connection.py:124: in _connect
    stream = self._network_backend.connect_tcp(**kwargs)
             ^^^^^^^^^^^^^^^^^^^^^^^^^^^^^^^^^^^^^^^^^^^
/opt/venv/lib/python3.12/site-packages/httpcore/_backends/sync.py:207: in connect_tcp
    with map_exceptions(exc_map):
         ^^^^^^^^^^^^^^^^^^^^^^^
/usr/local/lib/python3.12/contextlib.py:158: in __exit__
    self.gen.throw(value)
_ _ _ _ _ _ _ _ _ _ _ _ _ _ _ _ _ _ _ _ _ _ _ _ _ _ _ _ _ _ _ _ _ _ _ _ _ _ _ _ 

map = {<class 'TimeoutError'>: <class 'httpcore.ConnectTimeout'>, <class 'OSError'>: <class 'httpcore.ConnectError'>}

    @contextlib.contextmanager
    def map_exceptions(map: ExceptionMapping) -> typing.Iterator[None]:
        try:
            yield
        except Exception as exc:  # noqa: PIE786
            for from_exc, to_exc in map.items():
                if isinstance(exc, from_exc):
>                   raise to_exc(exc) from exc
E                   httpcore.ConnectError: [Errno -2] Name or service not known

/opt/venv/lib/python3.12/site-packages/httpcore/_exceptions.py:14: ConnectError

The above exception was the direct cause of the following exception:

self = <app.services.storage.DevelopmentEvidenceStorage object at 0xf13202a303e0>
object_key = 'geo305/f9227179-d5b0-4ef4-975d-e3229b89689c'
data = b'fixture-redacted-screenshot'

    def put(
        self,
        object_key: str,
        data: bytes,
        *,
        content_type: str,
        sha256: str,
    ) -> None:
        """通过内部签名 URL 保存服务端已经校验的对象。"""
        expires_at = datetime.now(UTC) + timedelta(seconds=60)
        url = signed_storage_url("upload", object_key, expires_at, internal=True)
        try:
>           response = httpx.put(
                url,
                content=data,
                headers={"content-type": content_type, "x-meta-sha256": sha256},
                timeout=10,
            )

app/services/storage.py:131: 
_ _ _ _ _ _ _ _ _ _ _ _ _ _ _ _ _ _ _ _ _ _ _ _ _ _ _ _ _ _ _ _ _ _ _ _ _ _ _ _ 
/opt/venv/lib/python3.12/site-packages/httpx/_api.py:345: in put
    return request(
/opt/venv/lib/python3.12/site-packages/httpx/_api.py:109: in request
    return client.request(
/opt/venv/lib/python3.12/site-packages/httpx/_client.py:825: in request
    return self.send(request, auth=auth, follow_redirects=follow_redirects)
           ^^^^^^^^^^^^^^^^^^^^^^^^^^^^^^^^^^^^^^^^^^^^^^^^^^^^^^^^^^^^^^^^
/opt/venv/lib/python3.12/site-packages/httpx/_client.py:914: in send
    response = self._send_handling_auth(
/opt/venv/lib/python3.12/site-packages/httpx/_client.py:942: in _send_handling_auth
    response = self._send_handling_redirects(
/opt/venv/lib/python3.12/site-packages/httpx/_client.py:979: in _send_handling_redirects
    response = self._send_single_request(request)
               ^^^^^^^^^^^^^^^^^^^^^^^^^^^^^^^^^^
/opt/venv/lib/python3.12/site-packages/httpx/_client.py:1014: in _send_single_request
    response = transport.handle_request(request)
               ^^^^^^^^^^^^^^^^^^^^^^^^^^^^^^^^^
/opt/venv/lib/python3.12/site-packages/httpx/_transports/default.py:249: in handle_request
    with map_httpcore_exceptions():
         ^^^^^^^^^^^^^^^^^^^^^^^^^
/usr/local/lib/python3.12/contextlib.py:158: in __exit__
    self.gen.throw(value)
_ _ _ _ _ _ _ _ _ _ _ _ _ _ _ _ _ _ _ _ _ _ _ _ _ _ _ _ _ _ _ _ _ _ _ _ _ _ _ _ 

    @contextlib.contextmanager
    def map_httpcore_exceptions() -> typing.Iterator[None]:
        global HTTPCORE_EXC_MAP
        if len(HTTPCORE_EXC_MAP) == 0:
            HTTPCORE_EXC_MAP = _load_httpcore_exceptions()
        try:
            yield
        except Exception as exc:
            mapped_exc = None
    
            for from_exc, to_exc in HTTPCORE_EXC_MAP.items():
                if not isinstance(exc, from_exc):
                    continue
                # We want to map to the most specific exception we can find.
                # Eg if `exc` is an `httpcore.ReadTimeout`, we want to map to
                # `httpx.ReadTimeout`, not just `httpx.TimeoutException`.
                if mapped_exc is None or issubclass(to_exc, mapped_exc):
                    mapped_exc = to_exc
    
            if mapped_exc is None:  # pragma: no cover
                raise
    
            message = str(exc)
>           raise mapped_exc(message) from exc
E           httpx.ConnectError: [Errno -2] Name or service not known

/opt/venv/lib/python3.12/site-packages/httpx/_transports/default.py:118: ConnectError

The above exception was the direct cause of the following exception:

plans_api = PlansAPI(api=QuestionsAPI(engine=Engine(postgresql+psycopg://partsignal:***@postgres:5432/partsignal_geo208_0337ec1c09...20ca2b022c26'), surface=UUID('bdb2e87d-3731-48de-8059-310b4f55bd96'), name='虚构计划-72cd9d68-ae40-4515-9706-5416a5d16152')
same_key = False

>   ???

/Users/sc/PycharmProjects/partsignal/backend/tests/integration/test_geo_manual_collection.py:346: 
_ _ _ _ _ _ _ _ _ _ _ _ _ _ _ _ _ _ _ _ _ _ _ _ _ _ _ _ _ _ _ _ _ _ _ _ _ _ _ _ 
/Users/sc/PycharmProjects/partsignal/backend/tests/integration/test_geo_manual_collection.py:70: in evidence
    ???
_ _ _ _ _ _ _ _ _ _ _ _ _ _ _ _ _ _ _ _ _ _ _ _ _ _ _ _ _ _ _ _ _ _ _ _ _ _ _ _ 

self = <app.services.storage.DevelopmentEvidenceStorage object at 0xf13202a303e0>
object_key = 'geo305/f9227179-d5b0-4ef4-975d-e3229b89689c'
data = b'fixture-redacted-screenshot'

    def put(
        self,
        object_key: str,
        data: bytes,
        *,
        content_type: str,
        sha256: str,
    ) -> None:
        """通过内部签名 URL 保存服务端已经校验的对象。"""
        expires_at = datetime.now(UTC) + timedelta(seconds=60)
        url = signed_storage_url("upload", object_key, expires_at, internal=True)
        try:
            response = httpx.put(
                url,
                content=data,
                headers={"content-type": content_type, "x-meta-sha256": sha256},
                timeout=10,
            )
            response.raise_for_status()
        except (httpx.HTTPStatusError, httpx.RequestError) as error:
>           raise StorageUnavailable("开发对象存储 PUT 请求失败") from error
E           app.services.storage.StorageUnavailable: 开发对象存储 PUT 请求失败

app/services/storage.py:139: StorageUnavailable
______________________ test_sql_final_facts_are_immutable ______________________

    @contextlib.contextmanager
    def map_httpcore_exceptions() -> typing.Iterator[None]:
        global HTTPCORE_EXC_MAP
        if len(HTTPCORE_EXC_MAP) == 0:
            HTTPCORE_EXC_MAP = _load_httpcore_exceptions()
        try:
>           yield

/opt/venv/lib/python3.12/site-packages/httpx/_transports/default.py:101: 
_ _ _ _ _ _ _ _ _ _ _ _ _ _ _ _ _ _ _ _ _ _ _ _ _ _ _ _ _ _ _ _ _ _ _ _ _ _ _ _ 
/opt/venv/lib/python3.12/site-packages/httpx/_transports/default.py:250: in handle_request
    resp = self._pool.handle_request(req)
           ^^^^^^^^^^^^^^^^^^^^^^^^^^^^^^
/opt/venv/lib/python3.12/site-packages/httpcore/_sync/connection_pool.py:256: in handle_request
    raise exc from None
/opt/venv/lib/python3.12/site-packages/httpcore/_sync/connection_pool.py:236: in handle_request
    response = connection.handle_request(
/opt/venv/lib/python3.12/site-packages/httpcore/_sync/connection.py:101: in handle_request
    raise exc
/opt/venv/lib/python3.12/site-packages/httpcore/_sync/connection.py:78: in handle_request
    stream = self._connect(request)
             ^^^^^^^^^^^^^^^^^^^^^^
/opt/venv/lib/python3.12/site-packages/httpcore/_sync/connection.py:124: in _connect
    stream = self._network_backend.connect_tcp(**kwargs)
             ^^^^^^^^^^^^^^^^^^^^^^^^^^^^^^^^^^^^^^^^^^^
/opt/venv/lib/python3.12/site-packages/httpcore/_backends/sync.py:207: in connect_tcp
    with map_exceptions(exc_map):
         ^^^^^^^^^^^^^^^^^^^^^^^
/usr/local/lib/python3.12/contextlib.py:158: in __exit__
    self.gen.throw(value)
_ _ _ _ _ _ _ _ _ _ _ _ _ _ _ _ _ _ _ _ _ _ _ _ _ _ _ _ _ _ _ _ _ _ _ _ _ _ _ _ 

map = {<class 'TimeoutError'>: <class 'httpcore.ConnectTimeout'>, <class 'OSError'>: <class 'httpcore.ConnectError'>}

    @contextlib.contextmanager
    def map_exceptions(map: ExceptionMapping) -> typing.Iterator[None]:
        try:
            yield
        except Exception as exc:  # noqa: PIE786
            for from_exc, to_exc in map.items():
                if isinstance(exc, from_exc):
>                   raise to_exc(exc) from exc
E                   httpcore.ConnectError: [Errno -2] Name or service not known

/opt/venv/lib/python3.12/site-packages/httpcore/_exceptions.py:14: ConnectError

The above exception was the direct cause of the following exception:

self = <app.services.storage.DevelopmentEvidenceStorage object at 0xf131ea87ffb0>
object_key = 'geo305/d8e13f92-5658-4aea-a47c-74cf61bcf669'
data = b'fixture-redacted-screenshot'

    def put(
        self,
        object_key: str,
        data: bytes,
        *,
        content_type: str,
        sha256: str,
    ) -> None:
        """通过内部签名 URL 保存服务端已经校验的对象。"""
        expires_at = datetime.now(UTC) + timedelta(seconds=60)
        url = signed_storage_url("upload", object_key, expires_at, internal=True)
        try:
>           response = httpx.put(
                url,
                content=data,
                headers={"content-type": content_type, "x-meta-sha256": sha256},
                timeout=10,
            )

app/services/storage.py:131: 
_ _ _ _ _ _ _ _ _ _ _ _ _ _ _ _ _ _ _ _ _ _ _ _ _ _ _ _ _ _ _ _ _ _ _ _ _ _ _ _ 
/opt/venv/lib/python3.12/site-packages/httpx/_api.py:345: in put
    return request(
/opt/venv/lib/python3.12/site-packages/httpx/_api.py:109: in request
    return client.request(
/opt/venv/lib/python3.12/site-packages/httpx/_client.py:825: in request
    return self.send(request, auth=auth, follow_redirects=follow_redirects)
           ^^^^^^^^^^^^^^^^^^^^^^^^^^^^^^^^^^^^^^^^^^^^^^^^^^^^^^^^^^^^^^^^
/opt/venv/lib/python3.12/site-packages/httpx/_client.py:914: in send
    response = self._send_handling_auth(
/opt/venv/lib/python3.12/site-packages/httpx/_client.py:942: in _send_handling_auth
    response = self._send_handling_redirects(
/opt/venv/lib/python3.12/site-packages/httpx/_client.py:979: in _send_handling_redirects
    response = self._send_single_request(request)
               ^^^^^^^^^^^^^^^^^^^^^^^^^^^^^^^^^^
/opt/venv/lib/python3.12/site-packages/httpx/_client.py:1014: in _send_single_request
    response = transport.handle_request(request)
               ^^^^^^^^^^^^^^^^^^^^^^^^^^^^^^^^^
/opt/venv/lib/python3.12/site-packages/httpx/_transports/default.py:249: in handle_request
    with map_httpcore_exceptions():
         ^^^^^^^^^^^^^^^^^^^^^^^^^
/usr/local/lib/python3.12/contextlib.py:158: in __exit__
    self.gen.throw(value)
_ _ _ _ _ _ _ _ _ _ _ _ _ _ _ _ _ _ _ _ _ _ _ _ _ _ _ _ _ _ _ _ _ _ _ _ _ _ _ _ 

    @contextlib.contextmanager
    def map_httpcore_exceptions() -> typing.Iterator[None]:
        global HTTPCORE_EXC_MAP
        if len(HTTPCORE_EXC_MAP) == 0:
            HTTPCORE_EXC_MAP = _load_httpcore_exceptions()
        try:
            yield
        except Exception as exc:
            mapped_exc = None
    
            for from_exc, to_exc in HTTPCORE_EXC_MAP.items():
                if not isinstance(exc, from_exc):
                    continue
                # We want to map to the most specific exception we can find.
                # Eg if `exc` is an `httpcore.ReadTimeout`, we want to map to
                # `httpx.ReadTimeout`, not just `httpx.TimeoutException`.
                if mapped_exc is None or issubclass(to_exc, mapped_exc):
                    mapped_exc = to_exc
    
            if mapped_exc is None:  # pragma: no cover
                raise
    
            message = str(exc)
>           raise mapped_exc(message) from exc
E           httpx.ConnectError: [Errno -2] Name or service not known

/opt/venv/lib/python3.12/site-packages/httpx/_transports/default.py:118: ConnectError

The above exception was the direct cause of the following exception:

plans_api = PlansAPI(api=QuestionsAPI(engine=Engine(postgresql+psycopg://partsignal:***@postgres:5432/partsignal_geo208_0337ec1c09...86709e46937e'), surface=UUID('1858daab-a375-4c41-b517-7d8e6dfb0cc7'), name='虚构计划-4c2c1c2a-1945-4bfe-b525-b4644e5ba149')

>   ???

/Users/sc/PycharmProjects/partsignal/backend/tests/integration/test_geo_manual_collection.py:424: 
_ _ _ _ _ _ _ _ _ _ _ _ _ _ _ _ _ _ _ _ _ _ _ _ _ _ _ _ _ _ _ _ _ _ _ _ _ _ _ _ 
/Users/sc/PycharmProjects/partsignal/backend/tests/integration/test_geo_manual_collection.py:70: in evidence
    ???
_ _ _ _ _ _ _ _ _ _ _ _ _ _ _ _ _ _ _ _ _ _ _ _ _ _ _ _ _ _ _ _ _ _ _ _ _ _ _ _ 

self = <app.services.storage.DevelopmentEvidenceStorage object at 0xf131ea87ffb0>
object_key = 'geo305/d8e13f92-5658-4aea-a47c-74cf61bcf669'
data = b'fixture-redacted-screenshot'

    def put(
        self,
        object_key: str,
        data: bytes,
        *,
        content_type: str,
        sha256: str,
    ) -> None:
        """通过内部签名 URL 保存服务端已经校验的对象。"""
        expires_at = datetime.now(UTC) + timedelta(seconds=60)
        url = signed_storage_url("upload", object_key, expires_at, internal=True)
        try:
            response = httpx.put(
                url,
                content=data,
                headers={"content-type": content_type, "x-meta-sha256": sha256},
                timeout=10,
            )
            response.raise_for_status()
        except (httpx.HTTPStatusError, httpx.RequestError) as error:
>           raise StorageUnavailable("开发对象存储 PUT 请求失败") from error
E           app.services.storage.StorageUnavailable: 开发对象存储 PUT 请求失败

app/services/storage.py:139: StorageUnavailable
________ test_csrf_role_and_disabled_actor_are_enforced_even_on_replay _________

    @contextlib.contextmanager
    def map_httpcore_exceptions() -> typing.Iterator[None]:
        global HTTPCORE_EXC_MAP
        if len(HTTPCORE_EXC_MAP) == 0:
            HTTPCORE_EXC_MAP = _load_httpcore_exceptions()
        try:
>           yield

/opt/venv/lib/python3.12/site-packages/httpx/_transports/default.py:101: 
_ _ _ _ _ _ _ _ _ _ _ _ _ _ _ _ _ _ _ _ _ _ _ _ _ _ _ _ _ _ _ _ _ _ _ _ _ _ _ _ 
/opt/venv/lib/python3.12/site-packages/httpx/_transports/default.py:250: in handle_request
    resp = self._pool.handle_request(req)
           ^^^^^^^^^^^^^^^^^^^^^^^^^^^^^^
/opt/venv/lib/python3.12/site-packages/httpcore/_sync/connection_pool.py:256: in handle_request
    raise exc from None
/opt/venv/lib/python3.12/site-packages/httpcore/_sync/connection_pool.py:236: in handle_request
    response = connection.handle_request(
/opt/venv/lib/python3.12/site-packages/httpcore/_sync/connection.py:101: in handle_request
    raise exc
/opt/venv/lib/python3.12/site-packages/httpcore/_sync/connection.py:78: in handle_request
    stream = self._connect(request)
             ^^^^^^^^^^^^^^^^^^^^^^
/opt/venv/lib/python3.12/site-packages/httpcore/_sync/connection.py:124: in _connect
    stream = self._network_backend.connect_tcp(**kwargs)
             ^^^^^^^^^^^^^^^^^^^^^^^^^^^^^^^^^^^^^^^^^^^
/opt/venv/lib/python3.12/site-packages/httpcore/_backends/sync.py:207: in connect_tcp
    with map_exceptions(exc_map):
         ^^^^^^^^^^^^^^^^^^^^^^^
/usr/local/lib/python3.12/contextlib.py:158: in __exit__
    self.gen.throw(value)
_ _ _ _ _ _ _ _ _ _ _ _ _ _ _ _ _ _ _ _ _ _ _ _ _ _ _ _ _ _ _ _ _ _ _ _ _ _ _ _ 

map = {<class 'TimeoutError'>: <class 'httpcore.ConnectTimeout'>, <class 'OSError'>: <class 'httpcore.ConnectError'>}

    @contextlib.contextmanager
    def map_exceptions(map: ExceptionMapping) -> typing.Iterator[None]:
        try:
            yield
        except Exception as exc:  # noqa: PIE786
            for from_exc, to_exc in map.items():
                if isinstance(exc, from_exc):
>                   raise to_exc(exc) from exc
E                   httpcore.ConnectError: [Errno -2] Name or service not known

/opt/venv/lib/python3.12/site-packages/httpcore/_exceptions.py:14: ConnectError

The above exception was the direct cause of the following exception:

self = <app.services.storage.DevelopmentEvidenceStorage object at 0xf13201375df0>
object_key = 'geo305/49531736-586f-46b9-a595-5ea7eb613be2'
data = b'fixture-redacted-screenshot'

    def put(
        self,
        object_key: str,
        data: bytes,
        *,
        content_type: str,
        sha256: str,
    ) -> None:
        """通过内部签名 URL 保存服务端已经校验的对象。"""
        expires_at = datetime.now(UTC) + timedelta(seconds=60)
        url = signed_storage_url("upload", object_key, expires_at, internal=True)
        try:
>           response = httpx.put(
                url,
                content=data,
                headers={"content-type": content_type, "x-meta-sha256": sha256},
                timeout=10,
            )

app/services/storage.py:131: 
_ _ _ _ _ _ _ _ _ _ _ _ _ _ _ _ _ _ _ _ _ _ _ _ _ _ _ _ _ _ _ _ _ _ _ _ _ _ _ _ 
/opt/venv/lib/python3.12/site-packages/httpx/_api.py:345: in put
    return request(
/opt/venv/lib/python3.12/site-packages/httpx/_api.py:109: in request
    return client.request(
/opt/venv/lib/python3.12/site-packages/httpx/_client.py:825: in request
    return self.send(request, auth=auth, follow_redirects=follow_redirects)
           ^^^^^^^^^^^^^^^^^^^^^^^^^^^^^^^^^^^^^^^^^^^^^^^^^^^^^^^^^^^^^^^^
/opt/venv/lib/python3.12/site-packages/httpx/_client.py:914: in send
    response = self._send_handling_auth(
/opt/venv/lib/python3.12/site-packages/httpx/_client.py:942: in _send_handling_auth
    response = self._send_handling_redirects(
/opt/venv/lib/python3.12/site-packages/httpx/_client.py:979: in _send_handling_redirects
    response = self._send_single_request(request)
               ^^^^^^^^^^^^^^^^^^^^^^^^^^^^^^^^^^
/opt/venv/lib/python3.12/site-packages/httpx/_client.py:1014: in _send_single_request
    response = transport.handle_request(request)
               ^^^^^^^^^^^^^^^^^^^^^^^^^^^^^^^^^
/opt/venv/lib/python3.12/site-packages/httpx/_transports/default.py:249: in handle_request
    with map_httpcore_exceptions():
         ^^^^^^^^^^^^^^^^^^^^^^^^^
/usr/local/lib/python3.12/contextlib.py:158: in __exit__
    self.gen.throw(value)
_ _ _ _ _ _ _ _ _ _ _ _ _ _ _ _ _ _ _ _ _ _ _ _ _ _ _ _ _ _ _ _ _ _ _ _ _ _ _ _ 

    @contextlib.contextmanager
    def map_httpcore_exceptions() -> typing.Iterator[None]:
        global HTTPCORE_EXC_MAP
        if len(HTTPCORE_EXC_MAP) == 0:
            HTTPCORE_EXC_MAP = _load_httpcore_exceptions()
        try:
            yield
        except Exception as exc:
            mapped_exc = None
    
            for from_exc, to_exc in HTTPCORE_EXC_MAP.items():
                if not isinstance(exc, from_exc):
                    continue
                # We want to map to the most specific exception we can find.
                # Eg if `exc` is an `httpcore.ReadTimeout`, we want to map to
                # `httpx.ReadTimeout`, not just `httpx.TimeoutException`.
                if mapped_exc is None or issubclass(to_exc, mapped_exc):
                    mapped_exc = to_exc
    
            if mapped_exc is None:  # pragma: no cover
                raise
    
            message = str(exc)
>           raise mapped_exc(message) from exc
E           httpx.ConnectError: [Errno -2] Name or service not known

/opt/venv/lib/python3.12/site-packages/httpx/_transports/default.py:118: ConnectError

The above exception was the direct cause of the following exception:

plans_api = PlansAPI(api=QuestionsAPI(engine=Engine(postgresql+psycopg://partsignal:***@postgres:5432/partsignal_geo208_0fa012475e...c7089335786d'), surface=UUID('a8bd7ea8-0f7e-402e-bae5-b1ff486225ab'), name='虚构计划-addb4ffa-fa43-4be0-9c5b-b19a4073e6b2')

>   ???

/Users/sc/PycharmProjects/partsignal/backend/tests/integration/test_geo_manual_collection_boundaries.py:96: 
_ _ _ _ _ _ _ _ _ _ _ _ _ _ _ _ _ _ _ _ _ _ _ _ _ _ _ _ _ _ _ _ _ _ _ _ _ _ _ _ 
/Users/sc/PycharmProjects/partsignal/backend/tests/integration/test_geo_manual_collection.py:70: in evidence
    ???
_ _ _ _ _ _ _ _ _ _ _ _ _ _ _ _ _ _ _ _ _ _ _ _ _ _ _ _ _ _ _ _ _ _ _ _ _ _ _ _ 

self = <app.services.storage.DevelopmentEvidenceStorage object at 0xf13201375df0>
object_key = 'geo305/49531736-586f-46b9-a595-5ea7eb613be2'
data = b'fixture-redacted-screenshot'

    def put(
        self,
        object_key: str,
        data: bytes,
        *,
        content_type: str,
        sha256: str,
    ) -> None:
        """通过内部签名 URL 保存服务端已经校验的对象。"""
        expires_at = datetime.now(UTC) + timedelta(seconds=60)
        url = signed_storage_url("upload", object_key, expires_at, internal=True)
        try:
            response = httpx.put(
                url,
                content=data,
                headers={"content-type": content_type, "x-meta-sha256": sha256},
                timeout=10,
            )
            response.raise_for_status()
        except (httpx.HTTPStatusError, httpx.RequestError) as error:
>           raise StorageUnavailable("开发对象存储 PUT 请求失败") from error
E           app.services.storage.StorageUnavailable: 开发对象存储 PUT 请求失败

app/services/storage.py:139: StorageUnavailable
________________ test_same_key_cannot_be_reused_for_another_run ________________

    @contextlib.contextmanager
    def map_httpcore_exceptions() -> typing.Iterator[None]:
        global HTTPCORE_EXC_MAP
        if len(HTTPCORE_EXC_MAP) == 0:
            HTTPCORE_EXC_MAP = _load_httpcore_exceptions()
        try:
>           yield

/opt/venv/lib/python3.12/site-packages/httpx/_transports/default.py:101: 
_ _ _ _ _ _ _ _ _ _ _ _ _ _ _ _ _ _ _ _ _ _ _ _ _ _ _ _ _ _ _ _ _ _ _ _ _ _ _ _ 
/opt/venv/lib/python3.12/site-packages/httpx/_transports/default.py:250: in handle_request
    resp = self._pool.handle_request(req)
           ^^^^^^^^^^^^^^^^^^^^^^^^^^^^^^
/opt/venv/lib/python3.12/site-packages/httpcore/_sync/connection_pool.py:256: in handle_request
    raise exc from None
/opt/venv/lib/python3.12/site-packages/httpcore/_sync/connection_pool.py:236: in handle_request
    response = connection.handle_request(
/opt/venv/lib/python3.12/site-packages/httpcore/_sync/connection.py:101: in handle_request
    raise exc
/opt/venv/lib/python3.12/site-packages/httpcore/_sync/connection.py:78: in handle_request
    stream = self._connect(request)
             ^^^^^^^^^^^^^^^^^^^^^^
/opt/venv/lib/python3.12/site-packages/httpcore/_sync/connection.py:124: in _connect
    stream = self._network_backend.connect_tcp(**kwargs)
             ^^^^^^^^^^^^^^^^^^^^^^^^^^^^^^^^^^^^^^^^^^^
/opt/venv/lib/python3.12/site-packages/httpcore/_backends/sync.py:207: in connect_tcp
    with map_exceptions(exc_map):
         ^^^^^^^^^^^^^^^^^^^^^^^
/usr/local/lib/python3.12/contextlib.py:158: in __exit__
    self.gen.throw(value)
_ _ _ _ _ _ _ _ _ _ _ _ _ _ _ _ _ _ _ _ _ _ _ _ _ _ _ _ _ _ _ _ _ _ _ _ _ _ _ _ 

map = {<class 'TimeoutError'>: <class 'httpcore.ConnectTimeout'>, <class 'OSError'>: <class 'httpcore.ConnectError'>}

    @contextlib.contextmanager
    def map_exceptions(map: ExceptionMapping) -> typing.Iterator[None]:
        try:
            yield
        except Exception as exc:  # noqa: PIE786
            for from_exc, to_exc in map.items():
                if isinstance(exc, from_exc):
>                   raise to_exc(exc) from exc
E                   httpcore.ConnectError: [Errno -2] Name or service not known

/opt/venv/lib/python3.12/site-packages/httpcore/_exceptions.py:14: ConnectError

The above exception was the direct cause of the following exception:

self = <app.services.storage.DevelopmentEvidenceStorage object at 0xf131eafdecf0>
object_key = 'geo305/33286be9-fade-4824-b433-882d6bc6dcee'
data = b'fixture-redacted-screenshot'

    def put(
        self,
        object_key: str,
        data: bytes,
        *,
        content_type: str,
        sha256: str,
    ) -> None:
        """通过内部签名 URL 保存服务端已经校验的对象。"""
        expires_at = datetime.now(UTC) + timedelta(seconds=60)
        url = signed_storage_url("upload", object_key, expires_at, internal=True)
        try:
>           response = httpx.put(
                url,
                content=data,
                headers={"content-type": content_type, "x-meta-sha256": sha256},
                timeout=10,
            )

app/services/storage.py:131: 
_ _ _ _ _ _ _ _ _ _ _ _ _ _ _ _ _ _ _ _ _ _ _ _ _ _ _ _ _ _ _ _ _ _ _ _ _ _ _ _ 
/opt/venv/lib/python3.12/site-packages/httpx/_api.py:345: in put
    return request(
/opt/venv/lib/python3.12/site-packages/httpx/_api.py:109: in request
    return client.request(
/opt/venv/lib/python3.12/site-packages/httpx/_client.py:825: in request
    return self.send(request, auth=auth, follow_redirects=follow_redirects)
           ^^^^^^^^^^^^^^^^^^^^^^^^^^^^^^^^^^^^^^^^^^^^^^^^^^^^^^^^^^^^^^^^
/opt/venv/lib/python3.12/site-packages/httpx/_client.py:914: in send
    response = self._send_handling_auth(
/opt/venv/lib/python3.12/site-packages/httpx/_client.py:942: in _send_handling_auth
    response = self._send_handling_redirects(
/opt/venv/lib/python3.12/site-packages/httpx/_client.py:979: in _send_handling_redirects
    response = self._send_single_request(request)
               ^^^^^^^^^^^^^^^^^^^^^^^^^^^^^^^^^^
/opt/venv/lib/python3.12/site-packages/httpx/_client.py:1014: in _send_single_request
    response = transport.handle_request(request)
               ^^^^^^^^^^^^^^^^^^^^^^^^^^^^^^^^^
/opt/venv/lib/python3.12/site-packages/httpx/_transports/default.py:249: in handle_request
    with map_httpcore_exceptions():
         ^^^^^^^^^^^^^^^^^^^^^^^^^
/usr/local/lib/python3.12/contextlib.py:158: in __exit__
    self.gen.throw(value)
_ _ _ _ _ _ _ _ _ _ _ _ _ _ _ _ _ _ _ _ _ _ _ _ _ _ _ _ _ _ _ _ _ _ _ _ _ _ _ _ 

    @contextlib.contextmanager
    def map_httpcore_exceptions() -> typing.Iterator[None]:
        global HTTPCORE_EXC_MAP
        if len(HTTPCORE_EXC_MAP) == 0:
            HTTPCORE_EXC_MAP = _load_httpcore_exceptions()
        try:
            yield
        except Exception as exc:
            mapped_exc = None
    
            for from_exc, to_exc in HTTPCORE_EXC_MAP.items():
                if not isinstance(exc, from_exc):
                    continue
                # We want to map to the most specific exception we can find.
                # Eg if `exc` is an `httpcore.ReadTimeout`, we want to map to
                # `httpx.ReadTimeout`, not just `httpx.TimeoutException`.
                if mapped_exc is None or issubclass(to_exc, mapped_exc):
                    mapped_exc = to_exc
    
            if mapped_exc is None:  # pragma: no cover
                raise
    
            message = str(exc)
>           raise mapped_exc(message) from exc
E           httpx.ConnectError: [Errno -2] Name or service not known

/opt/venv/lib/python3.12/site-packages/httpx/_transports/default.py:118: ConnectError

The above exception was the direct cause of the following exception:

plans_api = PlansAPI(api=QuestionsAPI(engine=Engine(postgresql+psycopg://partsignal:***@postgres:5432/partsignal_geo208_0fa012475e...7e9fb6a7dab1'), surface=UUID('285c069e-2d43-4632-b4bc-6e63e1c37466'), name='虚构计划-cdae0ea2-08d9-4bd9-b499-0cea027dd40d')

>   ???

/Users/sc/PycharmProjects/partsignal/backend/tests/integration/test_geo_manual_collection_boundaries.py:134: 
_ _ _ _ _ _ _ _ _ _ _ _ _ _ _ _ _ _ _ _ _ _ _ _ _ _ _ _ _ _ _ _ _ _ _ _ _ _ _ _ 
/Users/sc/PycharmProjects/partsignal/backend/tests/integration/test_geo_manual_collection.py:70: in evidence
    ???
_ _ _ _ _ _ _ _ _ _ _ _ _ _ _ _ _ _ _ _ _ _ _ _ _ _ _ _ _ _ _ _ _ _ _ _ _ _ _ _ 

self = <app.services.storage.DevelopmentEvidenceStorage object at 0xf131eafdecf0>
object_key = 'geo305/33286be9-fade-4824-b433-882d6bc6dcee'
data = b'fixture-redacted-screenshot'

    def put(
        self,
        object_key: str,
        data: bytes,
        *,
        content_type: str,
        sha256: str,
    ) -> None:
        """通过内部签名 URL 保存服务端已经校验的对象。"""
        expires_at = datetime.now(UTC) + timedelta(seconds=60)
        url = signed_storage_url("upload", object_key, expires_at, internal=True)
        try:
            response = httpx.put(
                url,
                content=data,
                headers={"content-type": content_type, "x-meta-sha256": sha256},
                timeout=10,
            )
            response.raise_for_status()
        except (httpx.HTTPStatusError, httpx.RequestError) as error:
>           raise StorageUnavailable("开发对象存储 PUT 请求失败") from error
E           app.services.storage.StorageUnavailable: 开发对象存储 PUT 请求失败

app/services/storage.py:139: StorageUnavailable
___________________ test_distinct_actors_compete_on_run_lock ___________________

    @contextlib.contextmanager
    def map_httpcore_exceptions() -> typing.Iterator[None]:
        global HTTPCORE_EXC_MAP
        if len(HTTPCORE_EXC_MAP) == 0:
            HTTPCORE_EXC_MAP = _load_httpcore_exceptions()
        try:
>           yield

/opt/venv/lib/python3.12/site-packages/httpx/_transports/default.py:101: 
_ _ _ _ _ _ _ _ _ _ _ _ _ _ _ _ _ _ _ _ _ _ _ _ _ _ _ _ _ _ _ _ _ _ _ _ _ _ _ _ 
/opt/venv/lib/python3.12/site-packages/httpx/_transports/default.py:250: in handle_request
    resp = self._pool.handle_request(req)
           ^^^^^^^^^^^^^^^^^^^^^^^^^^^^^^
/opt/venv/lib/python3.12/site-packages/httpcore/_sync/connection_pool.py:256: in handle_request
    raise exc from None
/opt/venv/lib/python3.12/site-packages/httpcore/_sync/connection_pool.py:236: in handle_request
    response = connection.handle_request(
/opt/venv/lib/python3.12/site-packages/httpcore/_sync/connection.py:101: in handle_request
    raise exc
/opt/venv/lib/python3.12/site-packages/httpcore/_sync/connection.py:78: in handle_request
    stream = self._connect(request)
             ^^^^^^^^^^^^^^^^^^^^^^
/opt/venv/lib/python3.12/site-packages/httpcore/_sync/connection.py:124: in _connect
    stream = self._network_backend.connect_tcp(**kwargs)
             ^^^^^^^^^^^^^^^^^^^^^^^^^^^^^^^^^^^^^^^^^^^
/opt/venv/lib/python3.12/site-packages/httpcore/_backends/sync.py:207: in connect_tcp
    with map_exceptions(exc_map):
         ^^^^^^^^^^^^^^^^^^^^^^^
/usr/local/lib/python3.12/contextlib.py:158: in __exit__
    self.gen.throw(value)
_ _ _ _ _ _ _ _ _ _ _ _ _ _ _ _ _ _ _ _ _ _ _ _ _ _ _ _ _ _ _ _ _ _ _ _ _ _ _ _ 

map = {<class 'TimeoutError'>: <class 'httpcore.ConnectTimeout'>, <class 'OSError'>: <class 'httpcore.ConnectError'>}

    @contextlib.contextmanager
    def map_exceptions(map: ExceptionMapping) -> typing.Iterator[None]:
        try:
            yield
        except Exception as exc:  # noqa: PIE786
            for from_exc, to_exc in map.items():
                if isinstance(exc, from_exc):
>                   raise to_exc(exc) from exc
E                   httpcore.ConnectError: [Errno -2] Name or service not known

/opt/venv/lib/python3.12/site-packages/httpcore/_exceptions.py:14: ConnectError

The above exception was the direct cause of the following exception:

self = <app.services.storage.DevelopmentEvidenceStorage object at 0xf131eafde690>
object_key = 'geo305/1199ab02-ebc8-41ca-a3a7-69ba5ad63004'
data = b'fixture-redacted-screenshot'

    def put(
        self,
        object_key: str,
        data: bytes,
        *,
        content_type: str,
        sha256: str,
    ) -> None:
        """通过内部签名 URL 保存服务端已经校验的对象。"""
        expires_at = datetime.now(UTC) + timedelta(seconds=60)
        url = signed_storage_url("upload", object_key, expires_at, internal=True)
        try:
>           response = httpx.put(
                url,
                content=data,
                headers={"content-type": content_type, "x-meta-sha256": sha256},
                timeout=10,
            )

app/services/storage.py:131: 
_ _ _ _ _ _ _ _ _ _ _ _ _ _ _ _ _ _ _ _ _ _ _ _ _ _ _ _ _ _ _ _ _ _ _ _ _ _ _ _ 
/opt/venv/lib/python3.12/site-packages/httpx/_api.py:345: in put
    return request(
/opt/venv/lib/python3.12/site-packages/httpx/_api.py:109: in request
    return client.request(
/opt/venv/lib/python3.12/site-packages/httpx/_client.py:825: in request
    return self.send(request, auth=auth, follow_redirects=follow_redirects)
           ^^^^^^^^^^^^^^^^^^^^^^^^^^^^^^^^^^^^^^^^^^^^^^^^^^^^^^^^^^^^^^^^
/opt/venv/lib/python3.12/site-packages/httpx/_client.py:914: in send
    response = self._send_handling_auth(
/opt/venv/lib/python3.12/site-packages/httpx/_client.py:942: in _send_handling_auth
    response = self._send_handling_redirects(
/opt/venv/lib/python3.12/site-packages/httpx/_client.py:979: in _send_handling_redirects
    response = self._send_single_request(request)
               ^^^^^^^^^^^^^^^^^^^^^^^^^^^^^^^^^^
/opt/venv/lib/python3.12/site-packages/httpx/_client.py:1014: in _send_single_request
    response = transport.handle_request(request)
               ^^^^^^^^^^^^^^^^^^^^^^^^^^^^^^^^^
/opt/venv/lib/python3.12/site-packages/httpx/_transports/default.py:249: in handle_request
    with map_httpcore_exceptions():
         ^^^^^^^^^^^^^^^^^^^^^^^^^
/usr/local/lib/python3.12/contextlib.py:158: in __exit__
    self.gen.throw(value)
_ _ _ _ _ _ _ _ _ _ _ _ _ _ _ _ _ _ _ _ _ _ _ _ _ _ _ _ _ _ _ _ _ _ _ _ _ _ _ _ 

    @contextlib.contextmanager
    def map_httpcore_exceptions() -> typing.Iterator[None]:
        global HTTPCORE_EXC_MAP
        if len(HTTPCORE_EXC_MAP) == 0:
            HTTPCORE_EXC_MAP = _load_httpcore_exceptions()
        try:
            yield
        except Exception as exc:
            mapped_exc = None
    
            for from_exc, to_exc in HTTPCORE_EXC_MAP.items():
                if not isinstance(exc, from_exc):
                    continue
                # We want to map to the most specific exception we can find.
                # Eg if `exc` is an `httpcore.ReadTimeout`, we want to map to
                # `httpx.ReadTimeout`, not just `httpx.TimeoutException`.
                if mapped_exc is None or issubclass(to_exc, mapped_exc):
                    mapped_exc = to_exc
    
            if mapped_exc is None:  # pragma: no cover
                raise
    
            message = str(exc)
>           raise mapped_exc(message) from exc
E           httpx.ConnectError: [Errno -2] Name or service not known

/opt/venv/lib/python3.12/site-packages/httpx/_transports/default.py:118: ConnectError

The above exception was the direct cause of the following exception:

plans_api = PlansAPI(api=QuestionsAPI(engine=Engine(postgresql+psycopg://partsignal:***@postgres:5432/partsignal_geo208_0fa012475e...edf15504954d'), surface=UUID('8d393aab-b950-4573-b564-115955b034b1'), name='虚构计划-12bdbef2-33e5-4215-a334-0398cbbc21d0')

>   ???

/Users/sc/PycharmProjects/partsignal/backend/tests/integration/test_geo_manual_collection_boundaries.py:146: 
_ _ _ _ _ _ _ _ _ _ _ _ _ _ _ _ _ _ _ _ _ _ _ _ _ _ _ _ _ _ _ _ _ _ _ _ _ _ _ _ 
/Users/sc/PycharmProjects/partsignal/backend/tests/integration/test_geo_manual_collection.py:70: in evidence
    ???
_ _ _ _ _ _ _ _ _ _ _ _ _ _ _ _ _ _ _ _ _ _ _ _ _ _ _ _ _ _ _ _ _ _ _ _ _ _ _ _ 

self = <app.services.storage.DevelopmentEvidenceStorage object at 0xf131eafde690>
object_key = 'geo305/1199ab02-ebc8-41ca-a3a7-69ba5ad63004'
data = b'fixture-redacted-screenshot'

    def put(
        self,
        object_key: str,
        data: bytes,
        *,
        content_type: str,
        sha256: str,
    ) -> None:
        """通过内部签名 URL 保存服务端已经校验的对象。"""
        expires_at = datetime.now(UTC) + timedelta(seconds=60)
        url = signed_storage_url("upload", object_key, expires_at, internal=True)
        try:
            response = httpx.put(
                url,
                content=data,
                headers={"content-type": content_type, "x-meta-sha256": sha256},
                timeout=10,
            )
            response.raise_for_status()
        except (httpx.HTTPStatusError, httpx.RequestError) as error:
>           raise StorageUnavailable("开发对象存储 PUT 请求失败") from error
E           app.services.storage.StorageUnavailable: 开发对象存储 PUT 请求失败

app/services/storage.py:139: StorageUnavailable
____________ test_save_racing_submit_cannot_overwrite_final_answer _____________

    @contextlib.contextmanager
    def map_httpcore_exceptions() -> typing.Iterator[None]:
        global HTTPCORE_EXC_MAP
        if len(HTTPCORE_EXC_MAP) == 0:
            HTTPCORE_EXC_MAP = _load_httpcore_exceptions()
        try:
>           yield

/opt/venv/lib/python3.12/site-packages/httpx/_transports/default.py:101: 
_ _ _ _ _ _ _ _ _ _ _ _ _ _ _ _ _ _ _ _ _ _ _ _ _ _ _ _ _ _ _ _ _ _ _ _ _ _ _ _ 
/opt/venv/lib/python3.12/site-packages/httpx/_transports/default.py:250: in handle_request
    resp = self._pool.handle_request(req)
           ^^^^^^^^^^^^^^^^^^^^^^^^^^^^^^
/opt/venv/lib/python3.12/site-packages/httpcore/_sync/connection_pool.py:256: in handle_request
    raise exc from None
/opt/venv/lib/python3.12/site-packages/httpcore/_sync/connection_pool.py:236: in handle_request
    response = connection.handle_request(
/opt/venv/lib/python3.12/site-packages/httpcore/_sync/connection.py:101: in handle_request
    raise exc
/opt/venv/lib/python3.12/site-packages/httpcore/_sync/connection.py:78: in handle_request
    stream = self._connect(request)
             ^^^^^^^^^^^^^^^^^^^^^^
/opt/venv/lib/python3.12/site-packages/httpcore/_sync/connection.py:124: in _connect
    stream = self._network_backend.connect_tcp(**kwargs)
             ^^^^^^^^^^^^^^^^^^^^^^^^^^^^^^^^^^^^^^^^^^^
/opt/venv/lib/python3.12/site-packages/httpcore/_backends/sync.py:207: in connect_tcp
    with map_exceptions(exc_map):
         ^^^^^^^^^^^^^^^^^^^^^^^
/usr/local/lib/python3.12/contextlib.py:158: in __exit__
    self.gen.throw(value)
_ _ _ _ _ _ _ _ _ _ _ _ _ _ _ _ _ _ _ _ _ _ _ _ _ _ _ _ _ _ _ _ _ _ _ _ _ _ _ _ 

map = {<class 'TimeoutError'>: <class 'httpcore.ConnectTimeout'>, <class 'OSError'>: <class 'httpcore.ConnectError'>}

    @contextlib.contextmanager
    def map_exceptions(map: ExceptionMapping) -> typing.Iterator[None]:
        try:
            yield
        except Exception as exc:  # noqa: PIE786
            for from_exc, to_exc in map.items():
                if isinstance(exc, from_exc):
>                   raise to_exc(exc) from exc
E                   httpcore.ConnectError: [Errno -2] Name or service not known

/opt/venv/lib/python3.12/site-packages/httpcore/_exceptions.py:14: ConnectError

The above exception was the direct cause of the following exception:

self = <app.services.storage.DevelopmentEvidenceStorage object at 0xf131ebc75670>
object_key = 'geo305/373e47f5-b3ba-4d71-9bd4-c6a76e91f707'
data = b'fixture-redacted-screenshot'

    def put(
        self,
        object_key: str,
        data: bytes,
        *,
        content_type: str,
        sha256: str,
    ) -> None:
        """通过内部签名 URL 保存服务端已经校验的对象。"""
        expires_at = datetime.now(UTC) + timedelta(seconds=60)
        url = signed_storage_url("upload", object_key, expires_at, internal=True)
        try:
>           response = httpx.put(
                url,
                content=data,
                headers={"content-type": content_type, "x-meta-sha256": sha256},
                timeout=10,
            )

app/services/storage.py:131: 
_ _ _ _ _ _ _ _ _ _ _ _ _ _ _ _ _ _ _ _ _ _ _ _ _ _ _ _ _ _ _ _ _ _ _ _ _ _ _ _ 
/opt/venv/lib/python3.12/site-packages/httpx/_api.py:345: in put
    return request(
/opt/venv/lib/python3.12/site-packages/httpx/_api.py:109: in request
    return client.request(
/opt/venv/lib/python3.12/site-packages/httpx/_client.py:825: in request
    return self.send(request, auth=auth, follow_redirects=follow_redirects)
           ^^^^^^^^^^^^^^^^^^^^^^^^^^^^^^^^^^^^^^^^^^^^^^^^^^^^^^^^^^^^^^^^
/opt/venv/lib/python3.12/site-packages/httpx/_client.py:914: in send
    response = self._send_handling_auth(
/opt/venv/lib/python3.12/site-packages/httpx/_client.py:942: in _send_handling_auth
    response = self._send_handling_redirects(
/opt/venv/lib/python3.12/site-packages/httpx/_client.py:979: in _send_handling_redirects
    response = self._send_single_request(request)
               ^^^^^^^^^^^^^^^^^^^^^^^^^^^^^^^^^^
/opt/venv/lib/python3.12/site-packages/httpx/_client.py:1014: in _send_single_request
    response = transport.handle_request(request)
               ^^^^^^^^^^^^^^^^^^^^^^^^^^^^^^^^^
/opt/venv/lib/python3.12/site-packages/httpx/_transports/default.py:249: in handle_request
    with map_httpcore_exceptions():
         ^^^^^^^^^^^^^^^^^^^^^^^^^
/usr/local/lib/python3.12/contextlib.py:158: in __exit__
    self.gen.throw(value)
_ _ _ _ _ _ _ _ _ _ _ _ _ _ _ _ _ _ _ _ _ _ _ _ _ _ _ _ _ _ _ _ _ _ _ _ _ _ _ _ 

    @contextlib.contextmanager
    def map_httpcore_exceptions() -> typing.Iterator[None]:
        global HTTPCORE_EXC_MAP
        if len(HTTPCORE_EXC_MAP) == 0:
            HTTPCORE_EXC_MAP = _load_httpcore_exceptions()
        try:
            yield
        except Exception as exc:
            mapped_exc = None
    
            for from_exc, to_exc in HTTPCORE_EXC_MAP.items():
                if not isinstance(exc, from_exc):
                    continue
                # We want to map to the most specific exception we can find.
                # Eg if `exc` is an `httpcore.ReadTimeout`, we want to map to
                # `httpx.ReadTimeout`, not just `httpx.TimeoutException`.
                if mapped_exc is None or issubclass(to_exc, mapped_exc):
                    mapped_exc = to_exc
    
            if mapped_exc is None:  # pragma: no cover
                raise
    
            message = str(exc)
>           raise mapped_exc(message) from exc
E           httpx.ConnectError: [Errno -2] Name or service not known

/opt/venv/lib/python3.12/site-packages/httpx/_transports/default.py:118: ConnectError

The above exception was the direct cause of the following exception:

plans_api = PlansAPI(api=QuestionsAPI(engine=Engine(postgresql+psycopg://partsignal:***@postgres:5432/partsignal_geo208_0fa012475e...7f0509bf0d3c'), surface=UUID('0ec8237a-e038-4a21-b34a-50cd80ae6594'), name='虚构计划-a336e5ca-8b7a-4b47-b37a-85e62088848c')

>   ???

/Users/sc/PycharmProjects/partsignal/backend/tests/integration/test_geo_manual_collection_boundaries.py:176: 
_ _ _ _ _ _ _ _ _ _ _ _ _ _ _ _ _ _ _ _ _ _ _ _ _ _ _ _ _ _ _ _ _ _ _ _ _ _ _ _ 
/Users/sc/PycharmProjects/partsignal/backend/tests/integration/test_geo_manual_collection.py:70: in evidence
    ???
_ _ _ _ _ _ _ _ _ _ _ _ _ _ _ _ _ _ _ _ _ _ _ _ _ _ _ _ _ _ _ _ _ _ _ _ _ _ _ _ 

self = <app.services.storage.DevelopmentEvidenceStorage object at 0xf131ebc75670>
object_key = 'geo305/373e47f5-b3ba-4d71-9bd4-c6a76e91f707'
data = b'fixture-redacted-screenshot'

    def put(
        self,
        object_key: str,
        data: bytes,
        *,
        content_type: str,
        sha256: str,
    ) -> None:
        """通过内部签名 URL 保存服务端已经校验的对象。"""
        expires_at = datetime.now(UTC) + timedelta(seconds=60)
        url = signed_storage_url("upload", object_key, expires_at, internal=True)
        try:
            response = httpx.put(
                url,
                content=data,
                headers={"content-type": content_type, "x-meta-sha256": sha256},
                timeout=10,
            )
            response.raise_for_status()
        except (httpx.HTTPStatusError, httpx.RequestError) as error:
>           raise StorageUnavailable("开发对象存储 PUT 请求失败") from error
E           app.services.storage.StorageUnavailable: 开发对象存储 PUT 请求失败

app/services/storage.py:139: StorageUnavailable
__________________ test_cancel_commits_before_waiting_submit ___________________

    @contextlib.contextmanager
    def map_httpcore_exceptions() -> typing.Iterator[None]:
        global HTTPCORE_EXC_MAP
        if len(HTTPCORE_EXC_MAP) == 0:
            HTTPCORE_EXC_MAP = _load_httpcore_exceptions()
        try:
>           yield

/opt/venv/lib/python3.12/site-packages/httpx/_transports/default.py:101: 
_ _ _ _ _ _ _ _ _ _ _ _ _ _ _ _ _ _ _ _ _ _ _ _ _ _ _ _ _ _ _ _ _ _ _ _ _ _ _ _ 
/opt/venv/lib/python3.12/site-packages/httpx/_transports/default.py:250: in handle_request
    resp = self._pool.handle_request(req)
           ^^^^^^^^^^^^^^^^^^^^^^^^^^^^^^
/opt/venv/lib/python3.12/site-packages/httpcore/_sync/connection_pool.py:256: in handle_request
    raise exc from None
/opt/venv/lib/python3.12/site-packages/httpcore/_sync/connection_pool.py:236: in handle_request
    response = connection.handle_request(
/opt/venv/lib/python3.12/site-packages/httpcore/_sync/connection.py:101: in handle_request
    raise exc
/opt/venv/lib/python3.12/site-packages/httpcore/_sync/connection.py:78: in handle_request
    stream = self._connect(request)
             ^^^^^^^^^^^^^^^^^^^^^^
/opt/venv/lib/python3.12/site-packages/httpcore/_sync/connection.py:124: in _connect
    stream = self._network_backend.connect_tcp(**kwargs)
             ^^^^^^^^^^^^^^^^^^^^^^^^^^^^^^^^^^^^^^^^^^^
/opt/venv/lib/python3.12/site-packages/httpcore/_backends/sync.py:207: in connect_tcp
    with map_exceptions(exc_map):
         ^^^^^^^^^^^^^^^^^^^^^^^
/usr/local/lib/python3.12/contextlib.py:158: in __exit__
    self.gen.throw(value)
_ _ _ _ _ _ _ _ _ _ _ _ _ _ _ _ _ _ _ _ _ _ _ _ _ _ _ _ _ _ _ _ _ _ _ _ _ _ _ _ 

map = {<class 'TimeoutError'>: <class 'httpcore.ConnectTimeout'>, <class 'OSError'>: <class 'httpcore.ConnectError'>}

    @contextlib.contextmanager
    def map_exceptions(map: ExceptionMapping) -> typing.Iterator[None]:
        try:
            yield
        except Exception as exc:  # noqa: PIE786
            for from_exc, to_exc in map.items():
                if isinstance(exc, from_exc):
>                   raise to_exc(exc) from exc
E                   httpcore.ConnectError: [Errno -2] Name or service not known

/opt/venv/lib/python3.12/site-packages/httpcore/_exceptions.py:14: ConnectError

The above exception was the direct cause of the following exception:

self = <app.services.storage.DevelopmentEvidenceStorage object at 0xf13200b3cec0>
object_key = 'geo305/03bb32cf-60e8-4dbf-8348-e6c949103c0d'
data = b'fixture-redacted-screenshot'

    def put(
        self,
        object_key: str,
        data: bytes,
        *,
        content_type: str,
        sha256: str,
    ) -> None:
        """通过内部签名 URL 保存服务端已经校验的对象。"""
        expires_at = datetime.now(UTC) + timedelta(seconds=60)
        url = signed_storage_url("upload", object_key, expires_at, internal=True)
        try:
>           response = httpx.put(
                url,
                content=data,
                headers={"content-type": content_type, "x-meta-sha256": sha256},
                timeout=10,
            )

app/services/storage.py:131: 
_ _ _ _ _ _ _ _ _ _ _ _ _ _ _ _ _ _ _ _ _ _ _ _ _ _ _ _ _ _ _ _ _ _ _ _ _ _ _ _ 
/opt/venv/lib/python3.12/site-packages/httpx/_api.py:345: in put
    return request(
/opt/venv/lib/python3.12/site-packages/httpx/_api.py:109: in request
    return client.request(
/opt/venv/lib/python3.12/site-packages/httpx/_client.py:825: in request
    return self.send(request, auth=auth, follow_redirects=follow_redirects)
           ^^^^^^^^^^^^^^^^^^^^^^^^^^^^^^^^^^^^^^^^^^^^^^^^^^^^^^^^^^^^^^^^
/opt/venv/lib/python3.12/site-packages/httpx/_client.py:914: in send
    response = self._send_handling_auth(
/opt/venv/lib/python3.12/site-packages/httpx/_client.py:942: in _send_handling_auth
    response = self._send_handling_redirects(
/opt/venv/lib/python3.12/site-packages/httpx/_client.py:979: in _send_handling_redirects
    response = self._send_single_request(request)
               ^^^^^^^^^^^^^^^^^^^^^^^^^^^^^^^^^^
/opt/venv/lib/python3.12/site-packages/httpx/_client.py:1014: in _send_single_request
    response = transport.handle_request(request)
               ^^^^^^^^^^^^^^^^^^^^^^^^^^^^^^^^^
/opt/venv/lib/python3.12/site-packages/httpx/_transports/default.py:249: in handle_request
    with map_httpcore_exceptions():
         ^^^^^^^^^^^^^^^^^^^^^^^^^
/usr/local/lib/python3.12/contextlib.py:158: in __exit__
    self.gen.throw(value)
_ _ _ _ _ _ _ _ _ _ _ _ _ _ _ _ _ _ _ _ _ _ _ _ _ _ _ _ _ _ _ _ _ _ _ _ _ _ _ _ 

    @contextlib.contextmanager
    def map_httpcore_exceptions() -> typing.Iterator[None]:
        global HTTPCORE_EXC_MAP
        if len(HTTPCORE_EXC_MAP) == 0:
            HTTPCORE_EXC_MAP = _load_httpcore_exceptions()
        try:
            yield
        except Exception as exc:
            mapped_exc = None
    
            for from_exc, to_exc in HTTPCORE_EXC_MAP.items():
                if not isinstance(exc, from_exc):
                    continue
                # We want to map to the most specific exception we can find.
                # Eg if `exc` is an `httpcore.ReadTimeout`, we want to map to
                # `httpx.ReadTimeout`, not just `httpx.TimeoutException`.
                if mapped_exc is None or issubclass(to_exc, mapped_exc):
                    mapped_exc = to_exc
    
            if mapped_exc is None:  # pragma: no cover
                raise
    
            message = str(exc)
>           raise mapped_exc(message) from exc
E           httpx.ConnectError: [Errno -2] Name or service not known

/opt/venv/lib/python3.12/site-packages/httpx/_transports/default.py:118: ConnectError

The above exception was the direct cause of the following exception:

plans_api = PlansAPI(api=QuestionsAPI(engine=Engine(postgresql+psycopg://partsignal:***@postgres:5432/partsignal_geo208_a64599ef61...2f13cc61845c'), surface=UUID('49966b4d-067c-43ab-8a62-e54cffecc237'), name='虚构计划-367a45d2-1129-4255-959f-fbd4327efbd4')

>   ???

/Users/sc/PycharmProjects/partsignal/backend/tests/integration/test_geo_manual_races.py:97: 
_ _ _ _ _ _ _ _ _ _ _ _ _ _ _ _ _ _ _ _ _ _ _ _ _ _ _ _ _ _ _ _ _ _ _ _ _ _ _ _ 
/Users/sc/PycharmProjects/partsignal/backend/tests/integration/test_geo_manual_collection.py:70: in evidence
    ???
_ _ _ _ _ _ _ _ _ _ _ _ _ _ _ _ _ _ _ _ _ _ _ _ _ _ _ _ _ _ _ _ _ _ _ _ _ _ _ _ 

self = <app.services.storage.DevelopmentEvidenceStorage object at 0xf13200b3cec0>
object_key = 'geo305/03bb32cf-60e8-4dbf-8348-e6c949103c0d'
data = b'fixture-redacted-screenshot'

    def put(
        self,
        object_key: str,
        data: bytes,
        *,
        content_type: str,
        sha256: str,
    ) -> None:
        """通过内部签名 URL 保存服务端已经校验的对象。"""
        expires_at = datetime.now(UTC) + timedelta(seconds=60)
        url = signed_storage_url("upload", object_key, expires_at, internal=True)
        try:
            response = httpx.put(
                url,
                content=data,
                headers={"content-type": content_type, "x-meta-sha256": sha256},
                timeout=10,
            )
            response.raise_for_status()
        except (httpx.HTTPStatusError, httpx.RequestError) as error:
>           raise StorageUnavailable("开发对象存储 PUT 请求失败") from error
E           app.services.storage.StorageUnavailable: 开发对象存储 PUT 请求失败

app/services/storage.py:139: StorageUnavailable
---------------------------- Captured stderr setup -----------------------------
INFO  [alembic.runtime.migration] Context impl PostgresqlImpl.
INFO  [alembic.runtime.migration] Will assume transactional DDL.
INFO  [alembic.runtime.migration] Running upgrade  -> 0001_identity_audit, 创建身份、会话和审计表。
INFO  [alembic.runtime.migration] Running upgrade 0001_identity_audit -> 0002_product_facts, 创建规范化产品事实和不可变事实版本。
INFO  [alembic.runtime.migration] Running upgrade 0002_product_facts -> 0003_content_planning, 创建目标问题、平台规则版本和内容任务。
INFO  [alembic.runtime.migration] Running upgrade 0003_content_planning -> 0004_content_production, 创建 PostgreSQL 权威生成作业和不可变 Markdown 内容版本。
INFO  [alembic.runtime.migration] Running upgrade 0004_content_production -> 0005_content_review, 创建追加式内容审核记录。
INFO  [alembic.runtime.migration] Running upgrade 0005_content_review -> 0006_publication, 创建平台账号、人工发布记录和状态事件。
INFO  [alembic.runtime.migration] Running upgrade 0006_publication -> 0007_geo_observation, 创建追加式 GEO 观测及引用关联。
INFO  [alembic.runtime.migration] Running upgrade 0007_geo_observation -> 0008_files, 创建文件生命周期、附件关联并补加证据文件外键。
INFO  [alembic.runtime.migration] Running upgrade 0008_files -> 0009_config_center, 迁移账号类型、配置中心与真实 AI 生成字段。
INFO  [alembic.runtime.migration] Running upgrade 0009_config_center -> 0010_user_cleanup, 清理旧版职责账号并强制既有内容工程师改密。
INFO  [alembic.runtime.migration] Running upgrade 0010_user_cleanup -> 0011_generation_reliability, 增加生成作业补投递诊断字段与到期扫描索引。
INFO  [alembic.runtime.migration] Running upgrade 0011_generation_reliability -> 0012_ai_data_classification, 为生成输入增加显式数据分级与责任人记录。
INFO  [alembic.runtime.migration] Running upgrade 0012_ai_data_classification -> 0013_publication_closure, 增加发布异常待办、修复任务来源和发布平台一致性门禁。
INFO  [alembic.runtime.migration] Running upgrade 0013_publication_closure -> 0014_platform_prompt_ownership, 将当前 Prompt 所有权从平台类型迁移到具体平台。
INFO  [alembic.runtime.migration] Running upgrade 0014_platform_prompt_ownership -> 0015_platform_rule_draft_editing, 允许按修订号编辑平台规则草稿，并继续冻结已激活或退役正文。
INFO  [alembic.runtime.migration] Running upgrade 0015_platform_rule_draft_editing -> 0016_fact_review_cleanup, 允许受约束删除事实版本时清理其从属审核记录。
INFO  [alembic.runtime.migration] Running upgrade 0016_fact_review_cleanup -> 0017_content_humanization, 增加全局自然化 Prompt，并让现有 AI 作业承载自然化修订。
INFO  [alembic.runtime.migration] Running upgrade 0017_content_humanization -> 0018_manual_geo_observation, 增加产品级人工 GEO 观测，并保留旧模型观测历史。
INFO  [alembic.runtime.migration] Running upgrade 0018_manual_geo_observation -> 0019_product_driven_tasks, 允许新内容任务直接围绕产品创建，同时保留历史目标问题关联。
INFO  [alembic.runtime.migration] Running upgrade 0019_product_driven_tasks -> 0020_platform_branding_task_list, 为具体平台增加官网与单一来源 Logo。
INFO  [alembic.runtime.migration] Running upgrade 0020_platform_branding_task_list -> 0021_ai_channel_model_management, 补齐 AI 渠道身份字段与使用统计索引。
INFO  [alembic.runtime.migration] Running upgrade 0021_ai_channel_model_management -> 0022_geo_observation_insights, 补充人工 GEO 逐篇阶段事实与问题主题约束。
INFO  [alembic.runtime.migration] Running upgrade 0022_geo_observation_insights -> 0023_platform_management, 增加具体平台启停状态与管理聚合索引。
INFO  [alembic.runtime.migration] Running upgrade 0023_platform_management -> 0024_audit_outcome, 补齐审计模块、命令结果和安全结果说明。
INFO  [alembic.runtime.migration] Running upgrade 0024_audit_outcome -> 0025_markdown_facts, 将结构化产品事实收敛为 Markdown，并让内容任务直接绑定平台。
INFO  [alembic.runtime.migration] Running upgrade 0025_markdown_facts -> 0026_publication_account_dedup, 补齐发布账号修订约束，并阻止同平台规范化账号标识重复。
INFO  [alembic.runtime.migration] Running upgrade 0026_publication_account_dedup -> 0027_audit_user_delete_guard, 只允许受约束用户删除把匹配审计操作者置空。
INFO  [alembic.runtime.migration] Running upgrade 0027_audit_user_delete_guard -> 0028_platform_logo_lifecycle, 增加平台 Logo 的未引用保留、幂等删除状态与数据库门禁。
INFO  [alembic.runtime.migration] Running upgrade 0028_platform_logo_lifecycle -> 0029_geo_evidence_management, 收敛人工 GEO 独立事实，并为完整更正链删除增加事务门禁。
INFO  [alembic.runtime.migration] Running upgrade 0029_geo_evidence_management -> 0030_publication_record_delete, 为从未公开的发布聚合增加事务级受控删除门禁。
INFO  [alembic.runtime.migration] Running upgrade 0030_publication_record_delete -> 0031_reusable_platform_prompts, 把平台私有 Prompt 收敛为可复用模板和平台当前绑定。
INFO  [alembic.runtime.migration] Running upgrade 0031_reusable_platform_prompts -> 0032_content_task_idempotency, 为普通内容任务创建增加持久化请求键幂等约束。
INFO  [alembic.runtime.migration] Running upgrade 0032_content_task_idempotency -> 0033_task_owned_history_delete, 允许受控删除已取消任务自有的未批准生产历史。
INFO  [alembic.runtime.migration] Running upgrade 0033_task_owned_history_delete -> 0034_publication_redesign, 以发布工作、首次核验成果和发布后内容问题替换旧发布记录。
INFO  [alembic.runtime.migration] Running upgrade 0034_publication_redesign -> 0035_business_workflow, 建立事实提交、内容单主线、发布版本快照与 GEO 来源合同。
INFO  [alembic.runtime.migration] Running upgrade 0035_business_workflow -> 0036_remove_section_url, 删除没有稳定业务含义的发布栏目地址。
INFO  [alembic.runtime.migration] Running upgrade 0036_remove_section_url -> 0037_simplify_deletion_lifecycle, 收缩任务、配置与审计的删除生命周期。
INFO  [alembic.runtime.migration] Running upgrade 0037_simplify_deletion_lifecycle -> 0038_published_article_delete, 允许受控删除无 GEO 引用的发布成果聚合。
INFO  [alembic.runtime.migration] Running upgrade 0038_published_article_delete -> 0039_article_delete_platform, 允许归档任务在删除失效平台的发布成果后转为已取消。
INFO  [alembic.runtime.migration] Running upgrade 0039_article_delete_platform -> 0040_content_draft_management, 允许当前人工未审核草稿受控保存和彻底删除。
INFO  [alembic.runtime.migration] Running upgrade 0040_content_draft_management -> 0041_content_task_list, 补齐内容任务列表的稳定更新时间与排序索引。
INFO  [alembic.runtime.migration] Running upgrade 0041_content_task_list -> 0042_content_version_detail, 记录内容版本自身的真实更新时间。
INFO  [alembic.runtime.migration] Running upgrade 0042_content_version_detail -> 0043_geo_platform_identity, 冻结发布工作的平台 UUID，避免配置删除后 GEO 历史失去身份。
INFO  [alembic.runtime.migration] Running upgrade 0043_geo_platform_identity -> 0044_geo_catalog, 新增 GEO Catalog 三表；冻结本 revision，不读取运行时 ORM。
INFO  [alembic.runtime.migration] Running upgrade 0044_geo_catalog -> 0045_geo_prompt_variants, 仅新增问题变体，冻结规范化及历史锁存，不回填旧问题数组。
INFO  [alembic.runtime.migration] Running upgrade 0045_geo_prompt_variants -> 0046_geo_surfaces_profiles, 新增观测配置与闭合JSON合同；不回填旧GEO或实现运行资格。
INFO  [alembic.runtime.migration] Running upgrade 0046_geo_surfaces_profiles -> 0047_geo_monitoring_plans, 仅增加计划配置聚合；不创建批次、运行或改写历史观测。
INFO  [alembic.runtime.migration] Running upgrade 0047_geo_monitoring_plans -> 0048_geo_batches_runs, 新增独立回答级 Batch/Run，冻结 DDL 与快照/写入守卫，不迁移旧 GEO。
INFO  [alembic.runtime.migration] Running upgrade 0048_geo_batches_runs -> 0049_geo_batch_creation, 创建幂等与批次主体引用；不修改已冻结的 Batch/Run 输入。
INFO  [alembic.runtime.migration] Running upgrade 0049_geo_batch_creation -> 0050_geo_answer_evidence, 新增不可变原始回答、引用和受控文件关系；不实现采集命令。
INFO  [alembic.runtime.migration] Running upgrade 0050_geo_answer_evidence -> 0051_geo_manual_collection, 人工草稿和不可变提交身份；不回填或修改已提交证据。
INFO  [alembic.runtime.migration] Running upgrade 0051_geo_manual_collection -> 0052_geo_profile_tests, API Profile 当前诊断资格与依赖失效；不修改业务历史。
INFO  [alembic.runtime.migration] Running upgrade 0052_geo_profile_tests -> 0053_geo_collection_admission, 加法保存预算预留与发送限速事实，历史 Run 和原始证据保持不变。
INFO  [alembic.runtime.migration] Running upgrade 0053_geo_collection_admission -> 0054_geo_analysis_contract, 分析输入/结果、追加复核与限定 current pointer；不回填历史证据。
INFO  [alembic.runtime.migration] Running upgrade 0054_geo_analysis_contract -> 0055_geo_analysis_worker, 分析执行租约与引用结果；不回填或重写已有 revision。
INFO  [alembic.runtime.migration] Running upgrade 0055_geo_analysis_worker -> 0056_geo_run_review, 受控人工复核发布；历史机器结果与Review不回填、不改写。
INFO  [alembic.runtime.migration] Running upgrade 0056_geo_run_review -> 0057_geo_insight_indexes, GEO-607：洞察日期候选索引，不改变历史数据或业务约束。
INFO  [alembic.runtime.migration] Running upgrade 0057_geo_insight_indexes -> 0058_geo_rule_configuration, GEO-701：当前规则配置和不可变 revision 历史，不回填既有评估。
INFO  [alembic.runtime.migration] Running upgrade 0058_geo_rule_configuration -> 0059_geo_opportunities, GEO-702：机会、追加来源/行动/评估及真实 Batch 来源外键。
INFO  [alembic.runtime.migration] Running upgrade 0059_geo_opportunities -> 0060_geo_opportunity_actions, GEO-704：行动来源快照、幂等回执与目标生命周期保护。
INFO  [alembic.runtime.migration] Running upgrade 0060_geo_opportunity_actions -> 0061_geo_retests, GEO-705：严格复测冻结基线、幂等回执和提交时矩阵验证。
INFO  [alembic.runtime.migration] Running upgrade 0061_geo_retests -> 0062_geo_opportunity_decisions, GEO-706：加法保存显式处理和不可变比较证据，不回填历史。
INFO  [alembic.runtime.migration] Running upgrade 0062_geo_opportunity_decisions -> 0063_geo_browser_sessions, GEO-802：仅增加受保护会话引用、撤销事实与审计动作。
INFO  [alembic.runtime.migration] Running upgrade 0063_geo_browser_sessions -> 0064_geo_retention, GEO 终态草稿清理墓碑；不改已提交证据、不回填历史。
INFO  [alembic.runtime.migration] Running upgrade 0064_geo_retention -> 0065_geo_observability, GEO有限运行健康元数据；加法迁移，不回填或修改业务历史。
__________ test_submit_commits_before_waiting_cancel_or_save[cancel] ___________

    @contextlib.contextmanager
    def map_httpcore_exceptions() -> typing.Iterator[None]:
        global HTTPCORE_EXC_MAP
        if len(HTTPCORE_EXC_MAP) == 0:
            HTTPCORE_EXC_MAP = _load_httpcore_exceptions()
        try:
>           yield

/opt/venv/lib/python3.12/site-packages/httpx/_transports/default.py:101: 
_ _ _ _ _ _ _ _ _ _ _ _ _ _ _ _ _ _ _ _ _ _ _ _ _ _ _ _ _ _ _ _ _ _ _ _ _ _ _ _ 
/opt/venv/lib/python3.12/site-packages/httpx/_transports/default.py:250: in handle_request
    resp = self._pool.handle_request(req)
           ^^^^^^^^^^^^^^^^^^^^^^^^^^^^^^
/opt/venv/lib/python3.12/site-packages/httpcore/_sync/connection_pool.py:256: in handle_request
    raise exc from None
/opt/venv/lib/python3.12/site-packages/httpcore/_sync/connection_pool.py:236: in handle_request
    response = connection.handle_request(
/opt/venv/lib/python3.12/site-packages/httpcore/_sync/connection.py:101: in handle_request
    raise exc
/opt/venv/lib/python3.12/site-packages/httpcore/_sync/connection.py:78: in handle_request
    stream = self._connect(request)
             ^^^^^^^^^^^^^^^^^^^^^^
/opt/venv/lib/python3.12/site-packages/httpcore/_sync/connection.py:124: in _connect
    stream = self._network_backend.connect_tcp(**kwargs)
             ^^^^^^^^^^^^^^^^^^^^^^^^^^^^^^^^^^^^^^^^^^^
/opt/venv/lib/python3.12/site-packages/httpcore/_backends/sync.py:207: in connect_tcp
    with map_exceptions(exc_map):
         ^^^^^^^^^^^^^^^^^^^^^^^
/usr/local/lib/python3.12/contextlib.py:158: in __exit__
    self.gen.throw(value)
_ _ _ _ _ _ _ _ _ _ _ _ _ _ _ _ _ _ _ _ _ _ _ _ _ _ _ _ _ _ _ _ _ _ _ _ _ _ _ _ 

map = {<class 'TimeoutError'>: <class 'httpcore.ConnectTimeout'>, <class 'OSError'>: <class 'httpcore.ConnectError'>}

    @contextlib.contextmanager
    def map_exceptions(map: ExceptionMapping) -> typing.Iterator[None]:
        try:
            yield
        except Exception as exc:  # noqa: PIE786
            for from_exc, to_exc in map.items():
                if isinstance(exc, from_exc):
>                   raise to_exc(exc) from exc
E                   httpcore.ConnectError: [Errno -2] Name or service not known

/opt/venv/lib/python3.12/site-packages/httpcore/_exceptions.py:14: ConnectError

The above exception was the direct cause of the following exception:

self = <app.services.storage.DevelopmentEvidenceStorage object at 0xf131ead74a40>
object_key = 'geo305/a1197378-6b58-456a-a6a6-cd5631ee5ee9'
data = b'fixture-redacted-screenshot'

    def put(
        self,
        object_key: str,
        data: bytes,
        *,
        content_type: str,
        sha256: str,
    ) -> None:
        """通过内部签名 URL 保存服务端已经校验的对象。"""
        expires_at = datetime.now(UTC) + timedelta(seconds=60)
        url = signed_storage_url("upload", object_key, expires_at, internal=True)
        try:
>           response = httpx.put(
                url,
                content=data,
                headers={"content-type": content_type, "x-meta-sha256": sha256},
                timeout=10,
            )

app/services/storage.py:131: 
_ _ _ _ _ _ _ _ _ _ _ _ _ _ _ _ _ _ _ _ _ _ _ _ _ _ _ _ _ _ _ _ _ _ _ _ _ _ _ _ 
/opt/venv/lib/python3.12/site-packages/httpx/_api.py:345: in put
    return request(
/opt/venv/lib/python3.12/site-packages/httpx/_api.py:109: in request
    return client.request(
/opt/venv/lib/python3.12/site-packages/httpx/_client.py:825: in request
    return self.send(request, auth=auth, follow_redirects=follow_redirects)
           ^^^^^^^^^^^^^^^^^^^^^^^^^^^^^^^^^^^^^^^^^^^^^^^^^^^^^^^^^^^^^^^^
/opt/venv/lib/python3.12/site-packages/httpx/_client.py:914: in send
    response = self._send_handling_auth(
/opt/venv/lib/python3.12/site-packages/httpx/_client.py:942: in _send_handling_auth
    response = self._send_handling_redirects(
/opt/venv/lib/python3.12/site-packages/httpx/_client.py:979: in _send_handling_redirects
    response = self._send_single_request(request)
               ^^^^^^^^^^^^^^^^^^^^^^^^^^^^^^^^^^
/opt/venv/lib/python3.12/site-packages/httpx/_client.py:1014: in _send_single_request
    response = transport.handle_request(request)
               ^^^^^^^^^^^^^^^^^^^^^^^^^^^^^^^^^
/opt/venv/lib/python3.12/site-packages/httpx/_transports/default.py:249: in handle_request
    with map_httpcore_exceptions():
         ^^^^^^^^^^^^^^^^^^^^^^^^^
/usr/local/lib/python3.12/contextlib.py:158: in __exit__
    self.gen.throw(value)
_ _ _ _ _ _ _ _ _ _ _ _ _ _ _ _ _ _ _ _ _ _ _ _ _ _ _ _ _ _ _ _ _ _ _ _ _ _ _ _ 

    @contextlib.contextmanager
    def map_httpcore_exceptions() -> typing.Iterator[None]:
        global HTTPCORE_EXC_MAP
        if len(HTTPCORE_EXC_MAP) == 0:
            HTTPCORE_EXC_MAP = _load_httpcore_exceptions()
        try:
            yield
        except Exception as exc:
            mapped_exc = None
    
            for from_exc, to_exc in HTTPCORE_EXC_MAP.items():
                if not isinstance(exc, from_exc):
                    continue
                # We want to map to the most specific exception we can find.
                # Eg if `exc` is an `httpcore.ReadTimeout`, we want to map to
                # `httpx.ReadTimeout`, not just `httpx.TimeoutException`.
                if mapped_exc is None or issubclass(to_exc, mapped_exc):
                    mapped_exc = to_exc
    
            if mapped_exc is None:  # pragma: no cover
                raise
    
            message = str(exc)
>           raise mapped_exc(message) from exc
E           httpx.ConnectError: [Errno -2] Name or service not known

/opt/venv/lib/python3.12/site-packages/httpx/_transports/default.py:118: ConnectError

The above exception was the direct cause of the following exception:

plans_api = PlansAPI(api=QuestionsAPI(engine=Engine(postgresql+psycopg://partsignal:***@postgres:5432/partsignal_geo208_a64599ef61...de080a7558c8'), surface=UUID('28c369b8-df03-4d81-a643-a010ed105d43'), name='虚构计划-f9169eb1-5668-4d26-b529-77b02e94044d')
monkeypatch = <_pytest.monkeypatch.MonkeyPatch object at 0xf132005b9f40>
loser = 'cancel'

>   ???

/Users/sc/PycharmProjects/partsignal/backend/tests/integration/test_geo_manual_races.py:140: 
_ _ _ _ _ _ _ _ _ _ _ _ _ _ _ _ _ _ _ _ _ _ _ _ _ _ _ _ _ _ _ _ _ _ _ _ _ _ _ _ 
/Users/sc/PycharmProjects/partsignal/backend/tests/integration/test_geo_manual_collection.py:70: in evidence
    ???
_ _ _ _ _ _ _ _ _ _ _ _ _ _ _ _ _ _ _ _ _ _ _ _ _ _ _ _ _ _ _ _ _ _ _ _ _ _ _ _ 

self = <app.services.storage.DevelopmentEvidenceStorage object at 0xf131ead74a40>
object_key = 'geo305/a1197378-6b58-456a-a6a6-cd5631ee5ee9'
data = b'fixture-redacted-screenshot'

    def put(
        self,
        object_key: str,
        data: bytes,
        *,
        content_type: str,
        sha256: str,
    ) -> None:
        """通过内部签名 URL 保存服务端已经校验的对象。"""
        expires_at = datetime.now(UTC) + timedelta(seconds=60)
        url = signed_storage_url("upload", object_key, expires_at, internal=True)
        try:
            response = httpx.put(
                url,
                content=data,
                headers={"content-type": content_type, "x-meta-sha256": sha256},
                timeout=10,
            )
            response.raise_for_status()
        except (httpx.HTTPStatusError, httpx.RequestError) as error:
>           raise StorageUnavailable("开发对象存储 PUT 请求失败") from error
E           app.services.storage.StorageUnavailable: 开发对象存储 PUT 请求失败

app/services/storage.py:139: StorageUnavailable
___________ test_submit_commits_before_waiting_cancel_or_save[save] ____________

    @contextlib.contextmanager
    def map_httpcore_exceptions() -> typing.Iterator[None]:
        global HTTPCORE_EXC_MAP
        if len(HTTPCORE_EXC_MAP) == 0:
            HTTPCORE_EXC_MAP = _load_httpcore_exceptions()
        try:
>           yield

/opt/venv/lib/python3.12/site-packages/httpx/_transports/default.py:101: 
_ _ _ _ _ _ _ _ _ _ _ _ _ _ _ _ _ _ _ _ _ _ _ _ _ _ _ _ _ _ _ _ _ _ _ _ _ _ _ _ 
/opt/venv/lib/python3.12/site-packages/httpx/_transports/default.py:250: in handle_request
    resp = self._pool.handle_request(req)
           ^^^^^^^^^^^^^^^^^^^^^^^^^^^^^^
/opt/venv/lib/python3.12/site-packages/httpcore/_sync/connection_pool.py:256: in handle_request
    raise exc from None
/opt/venv/lib/python3.12/site-packages/httpcore/_sync/connection_pool.py:236: in handle_request
    response = connection.handle_request(
/opt/venv/lib/python3.12/site-packages/httpcore/_sync/connection.py:101: in handle_request
    raise exc
/opt/venv/lib/python3.12/site-packages/httpcore/_sync/connection.py:78: in handle_request
    stream = self._connect(request)
             ^^^^^^^^^^^^^^^^^^^^^^
/opt/venv/lib/python3.12/site-packages/httpcore/_sync/connection.py:124: in _connect
    stream = self._network_backend.connect_tcp(**kwargs)
             ^^^^^^^^^^^^^^^^^^^^^^^^^^^^^^^^^^^^^^^^^^^
/opt/venv/lib/python3.12/site-packages/httpcore/_backends/sync.py:207: in connect_tcp
    with map_exceptions(exc_map):
         ^^^^^^^^^^^^^^^^^^^^^^^
/usr/local/lib/python3.12/contextlib.py:158: in __exit__
    self.gen.throw(value)
_ _ _ _ _ _ _ _ _ _ _ _ _ _ _ _ _ _ _ _ _ _ _ _ _ _ _ _ _ _ _ _ _ _ _ _ _ _ _ _ 

map = {<class 'TimeoutError'>: <class 'httpcore.ConnectTimeout'>, <class 'OSError'>: <class 'httpcore.ConnectError'>}

    @contextlib.contextmanager
    def map_exceptions(map: ExceptionMapping) -> typing.Iterator[None]:
        try:
            yield
        except Exception as exc:  # noqa: PIE786
            for from_exc, to_exc in map.items():
                if isinstance(exc, from_exc):
>                   raise to_exc(exc) from exc
E                   httpcore.ConnectError: [Errno -2] Name or service not known

/opt/venv/lib/python3.12/site-packages/httpcore/_exceptions.py:14: ConnectError

The above exception was the direct cause of the following exception:

self = <app.services.storage.DevelopmentEvidenceStorage object at 0xf13202f7d2e0>
object_key = 'geo305/4ccd000d-673d-4cfa-8a08-ff9530a6f351'
data = b'fixture-redacted-screenshot'

    def put(
        self,
        object_key: str,
        data: bytes,
        *,
        content_type: str,
        sha256: str,
    ) -> None:
        """通过内部签名 URL 保存服务端已经校验的对象。"""
        expires_at = datetime.now(UTC) + timedelta(seconds=60)
        url = signed_storage_url("upload", object_key, expires_at, internal=True)
        try:
>           response = httpx.put(
                url,
                content=data,
                headers={"content-type": content_type, "x-meta-sha256": sha256},
                timeout=10,
            )

app/services/storage.py:131: 
_ _ _ _ _ _ _ _ _ _ _ _ _ _ _ _ _ _ _ _ _ _ _ _ _ _ _ _ _ _ _ _ _ _ _ _ _ _ _ _ 
/opt/venv/lib/python3.12/site-packages/httpx/_api.py:345: in put
    return request(
/opt/venv/lib/python3.12/site-packages/httpx/_api.py:109: in request
    return client.request(
/opt/venv/lib/python3.12/site-packages/httpx/_client.py:825: in request
    return self.send(request, auth=auth, follow_redirects=follow_redirects)
           ^^^^^^^^^^^^^^^^^^^^^^^^^^^^^^^^^^^^^^^^^^^^^^^^^^^^^^^^^^^^^^^^
/opt/venv/lib/python3.12/site-packages/httpx/_client.py:914: in send
    response = self._send_handling_auth(
/opt/venv/lib/python3.12/site-packages/httpx/_client.py:942: in _send_handling_auth
    response = self._send_handling_redirects(
/opt/venv/lib/python3.12/site-packages/httpx/_client.py:979: in _send_handling_redirects
    response = self._send_single_request(request)
               ^^^^^^^^^^^^^^^^^^^^^^^^^^^^^^^^^^
/opt/venv/lib/python3.12/site-packages/httpx/_client.py:1014: in _send_single_request
    response = transport.handle_request(request)
               ^^^^^^^^^^^^^^^^^^^^^^^^^^^^^^^^^
/opt/venv/lib/python3.12/site-packages/httpx/_transports/default.py:249: in handle_request
    with map_httpcore_exceptions():
         ^^^^^^^^^^^^^^^^^^^^^^^^^
/usr/local/lib/python3.12/contextlib.py:158: in __exit__
    self.gen.throw(value)
_ _ _ _ _ _ _ _ _ _ _ _ _ _ _ _ _ _ _ _ _ _ _ _ _ _ _ _ _ _ _ _ _ _ _ _ _ _ _ _ 

    @contextlib.contextmanager
    def map_httpcore_exceptions() -> typing.Iterator[None]:
        global HTTPCORE_EXC_MAP
        if len(HTTPCORE_EXC_MAP) == 0:
            HTTPCORE_EXC_MAP = _load_httpcore_exceptions()
        try:
            yield
        except Exception as exc:
            mapped_exc = None
    
            for from_exc, to_exc in HTTPCORE_EXC_MAP.items():
                if not isinstance(exc, from_exc):
                    continue
                # We want to map to the most specific exception we can find.
                # Eg if `exc` is an `httpcore.ReadTimeout`, we want to map to
                # `httpx.ReadTimeout`, not just `httpx.TimeoutException`.
                if mapped_exc is None or issubclass(to_exc, mapped_exc):
                    mapped_exc = to_exc
    
            if mapped_exc is None:  # pragma: no cover
                raise
    
            message = str(exc)
>           raise mapped_exc(message) from exc
E           httpx.ConnectError: [Errno -2] Name or service not known

/opt/venv/lib/python3.12/site-packages/httpx/_transports/default.py:118: ConnectError

The above exception was the direct cause of the following exception:

plans_api = PlansAPI(api=QuestionsAPI(engine=Engine(postgresql+psycopg://partsignal:***@postgres:5432/partsignal_geo208_a64599ef61...87d5dd24fe12'), surface=UUID('60d4a4d4-0f39-4389-9850-9b1ee3412e22'), name='虚构计划-e2c15f00-a764-434d-a63c-ac5c668b01bb')
monkeypatch = <_pytest.monkeypatch.MonkeyPatch object at 0xf131eb3a6750>
loser = 'save'

>   ???

/Users/sc/PycharmProjects/partsignal/backend/tests/integration/test_geo_manual_races.py:140: 
_ _ _ _ _ _ _ _ _ _ _ _ _ _ _ _ _ _ _ _ _ _ _ _ _ _ _ _ _ _ _ _ _ _ _ _ _ _ _ _ 
/Users/sc/PycharmProjects/partsignal/backend/tests/integration/test_geo_manual_collection.py:70: in evidence
    ???
_ _ _ _ _ _ _ _ _ _ _ _ _ _ _ _ _ _ _ _ _ _ _ _ _ _ _ _ _ _ _ _ _ _ _ _ _ _ _ _ 

self = <app.services.storage.DevelopmentEvidenceStorage object at 0xf13202f7d2e0>
object_key = 'geo305/4ccd000d-673d-4cfa-8a08-ff9530a6f351'
data = b'fixture-redacted-screenshot'

    def put(
        self,
        object_key: str,
        data: bytes,
        *,
        content_type: str,
        sha256: str,
    ) -> None:
        """通过内部签名 URL 保存服务端已经校验的对象。"""
        expires_at = datetime.now(UTC) + timedelta(seconds=60)
        url = signed_storage_url("upload", object_key, expires_at, internal=True)
        try:
            response = httpx.put(
                url,
                content=data,
                headers={"content-type": content_type, "x-meta-sha256": sha256},
                timeout=10,
            )
            response.raise_for_status()
        except (httpx.HTTPStatusError, httpx.RequestError) as error:
>           raise StorageUnavailable("开发对象存储 PUT 请求失败") from error
E           app.services.storage.StorageUnavailable: 开发对象存储 PUT 请求失败

app/services/storage.py:139: StorageUnavailable
______________ test_saved_revision_commits_before_waiting_submit _______________

    @contextlib.contextmanager
    def map_httpcore_exceptions() -> typing.Iterator[None]:
        global HTTPCORE_EXC_MAP
        if len(HTTPCORE_EXC_MAP) == 0:
            HTTPCORE_EXC_MAP = _load_httpcore_exceptions()
        try:
>           yield

/opt/venv/lib/python3.12/site-packages/httpx/_transports/default.py:101: 
_ _ _ _ _ _ _ _ _ _ _ _ _ _ _ _ _ _ _ _ _ _ _ _ _ _ _ _ _ _ _ _ _ _ _ _ _ _ _ _ 
/opt/venv/lib/python3.12/site-packages/httpx/_transports/default.py:250: in handle_request
    resp = self._pool.handle_request(req)
           ^^^^^^^^^^^^^^^^^^^^^^^^^^^^^^
/opt/venv/lib/python3.12/site-packages/httpcore/_sync/connection_pool.py:256: in handle_request
    raise exc from None
/opt/venv/lib/python3.12/site-packages/httpcore/_sync/connection_pool.py:236: in handle_request
    response = connection.handle_request(
/opt/venv/lib/python3.12/site-packages/httpcore/_sync/connection.py:101: in handle_request
    raise exc
/opt/venv/lib/python3.12/site-packages/httpcore/_sync/connection.py:78: in handle_request
    stream = self._connect(request)
             ^^^^^^^^^^^^^^^^^^^^^^
/opt/venv/lib/python3.12/site-packages/httpcore/_sync/connection.py:124: in _connect
    stream = self._network_backend.connect_tcp(**kwargs)
             ^^^^^^^^^^^^^^^^^^^^^^^^^^^^^^^^^^^^^^^^^^^
/opt/venv/lib/python3.12/site-packages/httpcore/_backends/sync.py:207: in connect_tcp
    with map_exceptions(exc_map):
         ^^^^^^^^^^^^^^^^^^^^^^^
/usr/local/lib/python3.12/contextlib.py:158: in __exit__
    self.gen.throw(value)
_ _ _ _ _ _ _ _ _ _ _ _ _ _ _ _ _ _ _ _ _ _ _ _ _ _ _ _ _ _ _ _ _ _ _ _ _ _ _ _ 

map = {<class 'TimeoutError'>: <class 'httpcore.ConnectTimeout'>, <class 'OSError'>: <class 'httpcore.ConnectError'>}

    @contextlib.contextmanager
    def map_exceptions(map: ExceptionMapping) -> typing.Iterator[None]:
        try:
            yield
        except Exception as exc:  # noqa: PIE786
            for from_exc, to_exc in map.items():
                if isinstance(exc, from_exc):
>                   raise to_exc(exc) from exc
E                   httpcore.ConnectError: [Errno -2] Name or service not known

/opt/venv/lib/python3.12/site-packages/httpcore/_exceptions.py:14: ConnectError

The above exception was the direct cause of the following exception:

self = <app.services.storage.DevelopmentEvidenceStorage object at 0xf13200b2be30>
object_key = 'geo305/bf1279d1-650e-4c4e-a71f-b00f7852194f'
data = b'fixture-redacted-screenshot'

    def put(
        self,
        object_key: str,
        data: bytes,
        *,
        content_type: str,
        sha256: str,
    ) -> None:
        """通过内部签名 URL 保存服务端已经校验的对象。"""
        expires_at = datetime.now(UTC) + timedelta(seconds=60)
        url = signed_storage_url("upload", object_key, expires_at, internal=True)
        try:
>           response = httpx.put(
                url,
                content=data,
                headers={"content-type": content_type, "x-meta-sha256": sha256},
                timeout=10,
            )

app/services/storage.py:131: 
_ _ _ _ _ _ _ _ _ _ _ _ _ _ _ _ _ _ _ _ _ _ _ _ _ _ _ _ _ _ _ _ _ _ _ _ _ _ _ _ 
/opt/venv/lib/python3.12/site-packages/httpx/_api.py:345: in put
    return request(
/opt/venv/lib/python3.12/site-packages/httpx/_api.py:109: in request
    return client.request(
/opt/venv/lib/python3.12/site-packages/httpx/_client.py:825: in request
    return self.send(request, auth=auth, follow_redirects=follow_redirects)
           ^^^^^^^^^^^^^^^^^^^^^^^^^^^^^^^^^^^^^^^^^^^^^^^^^^^^^^^^^^^^^^^^
/opt/venv/lib/python3.12/site-packages/httpx/_client.py:914: in send
    response = self._send_handling_auth(
/opt/venv/lib/python3.12/site-packages/httpx/_client.py:942: in _send_handling_auth
    response = self._send_handling_redirects(
/opt/venv/lib/python3.12/site-packages/httpx/_client.py:979: in _send_handling_redirects
    response = self._send_single_request(request)
               ^^^^^^^^^^^^^^^^^^^^^^^^^^^^^^^^^^
/opt/venv/lib/python3.12/site-packages/httpx/_client.py:1014: in _send_single_request
    response = transport.handle_request(request)
               ^^^^^^^^^^^^^^^^^^^^^^^^^^^^^^^^^
/opt/venv/lib/python3.12/site-packages/httpx/_transports/default.py:249: in handle_request
    with map_httpcore_exceptions():
         ^^^^^^^^^^^^^^^^^^^^^^^^^
/usr/local/lib/python3.12/contextlib.py:158: in __exit__
    self.gen.throw(value)
_ _ _ _ _ _ _ _ _ _ _ _ _ _ _ _ _ _ _ _ _ _ _ _ _ _ _ _ _ _ _ _ _ _ _ _ _ _ _ _ 

    @contextlib.contextmanager
    def map_httpcore_exceptions() -> typing.Iterator[None]:
        global HTTPCORE_EXC_MAP
        if len(HTTPCORE_EXC_MAP) == 0:
            HTTPCORE_EXC_MAP = _load_httpcore_exceptions()
        try:
            yield
        except Exception as exc:
            mapped_exc = None
    
            for from_exc, to_exc in HTTPCORE_EXC_MAP.items():
                if not isinstance(exc, from_exc):
                    continue
                # We want to map to the most specific exception we can find.
                # Eg if `exc` is an `httpcore.ReadTimeout`, we want to map to
                # `httpx.ReadTimeout`, not just `httpx.TimeoutException`.
                if mapped_exc is None or issubclass(to_exc, mapped_exc):
                    mapped_exc = to_exc
    
            if mapped_exc is None:  # pragma: no cover
                raise
    
            message = str(exc)
>           raise mapped_exc(message) from exc
E           httpx.ConnectError: [Errno -2] Name or service not known

/opt/venv/lib/python3.12/site-packages/httpx/_transports/default.py:118: ConnectError

The above exception was the direct cause of the following exception:

plans_api = PlansAPI(api=QuestionsAPI(engine=Engine(postgresql+psycopg://partsignal:***@postgres:5432/partsignal_geo208_a64599ef61...850a08c708cc'), surface=UUID('5e766c83-036f-4fbb-93b7-c5b7eaf4321e'), name='虚构计划-60aff754-b79d-49e4-81fc-7b68305d743d')
monkeypatch = <_pytest.monkeypatch.MonkeyPatch object at 0xf131eb3677a0>

>   ???

/Users/sc/PycharmProjects/partsignal/backend/tests/integration/test_geo_manual_races.py:211: 
_ _ _ _ _ _ _ _ _ _ _ _ _ _ _ _ _ _ _ _ _ _ _ _ _ _ _ _ _ _ _ _ _ _ _ _ _ _ _ _ 
/Users/sc/PycharmProjects/partsignal/backend/tests/integration/test_geo_manual_collection.py:70: in evidence
    ???
_ _ _ _ _ _ _ _ _ _ _ _ _ _ _ _ _ _ _ _ _ _ _ _ _ _ _ _ _ _ _ _ _ _ _ _ _ _ _ _ 

self = <app.services.storage.DevelopmentEvidenceStorage object at 0xf13200b2be30>
object_key = 'geo305/bf1279d1-650e-4c4e-a71f-b00f7852194f'
data = b'fixture-redacted-screenshot'

    def put(
        self,
        object_key: str,
        data: bytes,
        *,
        content_type: str,
        sha256: str,
    ) -> None:
        """通过内部签名 URL 保存服务端已经校验的对象。"""
        expires_at = datetime.now(UTC) + timedelta(seconds=60)
        url = signed_storage_url("upload", object_key, expires_at, internal=True)
        try:
            response = httpx.put(
                url,
                content=data,
                headers={"content-type": content_type, "x-meta-sha256": sha256},
                timeout=10,
            )
            response.raise_for_status()
        except (httpx.HTTPStatusError, httpx.RequestError) as error:
>           raise StorageUnavailable("开发对象存储 PUT 请求失败") from error
E           app.services.storage.StorageUnavailable: 开发对象存储 PUT 请求失败

app/services/storage.py:139: StorageUnavailable
_ test_committed_aggregate_attack_rolls_back_entire_transaction[UPDATE geo_answer_snapshots SET answer_text='\u7be1\u6539' WHERE run_id=:run-ck_geo_answers_immutable] _

    @contextlib.contextmanager
    def map_httpcore_exceptions() -> typing.Iterator[None]:
        global HTTPCORE_EXC_MAP
        if len(HTTPCORE_EXC_MAP) == 0:
            HTTPCORE_EXC_MAP = _load_httpcore_exceptions()
        try:
>           yield

/opt/venv/lib/python3.12/site-packages/httpx/_transports/default.py:101: 
_ _ _ _ _ _ _ _ _ _ _ _ _ _ _ _ _ _ _ _ _ _ _ _ _ _ _ _ _ _ _ _ _ _ _ _ _ _ _ _ 
/opt/venv/lib/python3.12/site-packages/httpx/_transports/default.py:250: in handle_request
    resp = self._pool.handle_request(req)
           ^^^^^^^^^^^^^^^^^^^^^^^^^^^^^^
/opt/venv/lib/python3.12/site-packages/httpcore/_sync/connection_pool.py:256: in handle_request
    raise exc from None
/opt/venv/lib/python3.12/site-packages/httpcore/_sync/connection_pool.py:236: in handle_request
    response = connection.handle_request(
/opt/venv/lib/python3.12/site-packages/httpcore/_sync/connection.py:101: in handle_request
    raise exc
/opt/venv/lib/python3.12/site-packages/httpcore/_sync/connection.py:78: in handle_request
    stream = self._connect(request)
             ^^^^^^^^^^^^^^^^^^^^^^
/opt/venv/lib/python3.12/site-packages/httpcore/_sync/connection.py:124: in _connect
    stream = self._network_backend.connect_tcp(**kwargs)
             ^^^^^^^^^^^^^^^^^^^^^^^^^^^^^^^^^^^^^^^^^^^
/opt/venv/lib/python3.12/site-packages/httpcore/_backends/sync.py:207: in connect_tcp
    with map_exceptions(exc_map):
         ^^^^^^^^^^^^^^^^^^^^^^^
/usr/local/lib/python3.12/contextlib.py:158: in __exit__
    self.gen.throw(value)
_ _ _ _ _ _ _ _ _ _ _ _ _ _ _ _ _ _ _ _ _ _ _ _ _ _ _ _ _ _ _ _ _ _ _ _ _ _ _ _ 

map = {<class 'TimeoutError'>: <class 'httpcore.ConnectTimeout'>, <class 'OSError'>: <class 'httpcore.ConnectError'>}

    @contextlib.contextmanager
    def map_exceptions(map: ExceptionMapping) -> typing.Iterator[None]:
        try:
            yield
        except Exception as exc:  # noqa: PIE786
            for from_exc, to_exc in map.items():
                if isinstance(exc, from_exc):
>                   raise to_exc(exc) from exc
E                   httpcore.ConnectError: [Errno -2] Name or service not known

/opt/venv/lib/python3.12/site-packages/httpcore/_exceptions.py:14: ConnectError

The above exception was the direct cause of the following exception:

self = <app.services.storage.DevelopmentEvidenceStorage object at 0xf132090756d0>
object_key = 'geo305/7f960d82-5835-4afd-a89b-4e5cbe92db68'
data = b'fixture-redacted-screenshot'

    def put(
        self,
        object_key: str,
        data: bytes,
        *,
        content_type: str,
        sha256: str,
    ) -> None:
        """通过内部签名 URL 保存服务端已经校验的对象。"""
        expires_at = datetime.now(UTC) + timedelta(seconds=60)
        url = signed_storage_url("upload", object_key, expires_at, internal=True)
        try:
>           response = httpx.put(
                url,
                content=data,
                headers={"content-type": content_type, "x-meta-sha256": sha256},
                timeout=10,
            )

app/services/storage.py:131: 
_ _ _ _ _ _ _ _ _ _ _ _ _ _ _ _ _ _ _ _ _ _ _ _ _ _ _ _ _ _ _ _ _ _ _ _ _ _ _ _ 
/opt/venv/lib/python3.12/site-packages/httpx/_api.py:345: in put
    return request(
/opt/venv/lib/python3.12/site-packages/httpx/_api.py:109: in request
    return client.request(
/opt/venv/lib/python3.12/site-packages/httpx/_client.py:825: in request
    return self.send(request, auth=auth, follow_redirects=follow_redirects)
           ^^^^^^^^^^^^^^^^^^^^^^^^^^^^^^^^^^^^^^^^^^^^^^^^^^^^^^^^^^^^^^^^
/opt/venv/lib/python3.12/site-packages/httpx/_client.py:914: in send
    response = self._send_handling_auth(
/opt/venv/lib/python3.12/site-packages/httpx/_client.py:942: in _send_handling_auth
    response = self._send_handling_redirects(
/opt/venv/lib/python3.12/site-packages/httpx/_client.py:979: in _send_handling_redirects
    response = self._send_single_request(request)
               ^^^^^^^^^^^^^^^^^^^^^^^^^^^^^^^^^^
/opt/venv/lib/python3.12/site-packages/httpx/_client.py:1014: in _send_single_request
    response = transport.handle_request(request)
               ^^^^^^^^^^^^^^^^^^^^^^^^^^^^^^^^^
/opt/venv/lib/python3.12/site-packages/httpx/_transports/default.py:249: in handle_request
    with map_httpcore_exceptions():
         ^^^^^^^^^^^^^^^^^^^^^^^^^
/usr/local/lib/python3.12/contextlib.py:158: in __exit__
    self.gen.throw(value)
_ _ _ _ _ _ _ _ _ _ _ _ _ _ _ _ _ _ _ _ _ _ _ _ _ _ _ _ _ _ _ _ _ _ _ _ _ _ _ _ 

    @contextlib.contextmanager
    def map_httpcore_exceptions() -> typing.Iterator[None]:
        global HTTPCORE_EXC_MAP
        if len(HTTPCORE_EXC_MAP) == 0:
            HTTPCORE_EXC_MAP = _load_httpcore_exceptions()
        try:
            yield
        except Exception as exc:
            mapped_exc = None
    
            for from_exc, to_exc in HTTPCORE_EXC_MAP.items():
                if not isinstance(exc, from_exc):
                    continue
                # We want to map to the most specific exception we can find.
                # Eg if `exc` is an `httpcore.ReadTimeout`, we want to map to
                # `httpx.ReadTimeout`, not just `httpx.TimeoutException`.
                if mapped_exc is None or issubclass(to_exc, mapped_exc):
                    mapped_exc = to_exc
    
            if mapped_exc is None:  # pragma: no cover
                raise
    
            message = str(exc)
>           raise mapped_exc(message) from exc
E           httpx.ConnectError: [Errno -2] Name or service not known

/opt/venv/lib/python3.12/site-packages/httpx/_transports/default.py:118: ConnectError

The above exception was the direct cause of the following exception:

plans_api = PlansAPI(api=QuestionsAPI(engine=Engine(postgresql+psycopg://partsignal:***@postgres:5432/partsignal_geo208_6bfdb8006d...cde8740f158c'), surface=UUID('4e670963-86f2-493a-86fb-24284a560dc1'), name='虚构计划-fbd9f2bb-9d94-4262-a9c2-444908ebe435')
statement = "UPDATE geo_answer_snapshots SET answer_text='篡改' WHERE run_id=:run"
constraint = 'ck_geo_answers_immutable'

>   ???

/Users/sc/PycharmProjects/partsignal/backend/tests/integration/test_geo_r2_immutability.py:123: 
_ _ _ _ _ _ _ _ _ _ _ _ _ _ _ _ _ _ _ _ _ _ _ _ _ _ _ _ _ _ _ _ _ _ _ _ _ _ _ _ 
/Users/sc/PycharmProjects/partsignal/backend/tests/integration/test_geo_manual_collection.py:70: in evidence
    ???
_ _ _ _ _ _ _ _ _ _ _ _ _ _ _ _ _ _ _ _ _ _ _ _ _ _ _ _ _ _ _ _ _ _ _ _ _ _ _ _ 

self = <app.services.storage.DevelopmentEvidenceStorage object at 0xf132090756d0>
object_key = 'geo305/7f960d82-5835-4afd-a89b-4e5cbe92db68'
data = b'fixture-redacted-screenshot'

    def put(
        self,
        object_key: str,
        data: bytes,
        *,
        content_type: str,
        sha256: str,
    ) -> None:
        """通过内部签名 URL 保存服务端已经校验的对象。"""
        expires_at = datetime.now(UTC) + timedelta(seconds=60)
        url = signed_storage_url("upload", object_key, expires_at, internal=True)
        try:
            response = httpx.put(
                url,
                content=data,
                headers={"content-type": content_type, "x-meta-sha256": sha256},
                timeout=10,
            )
            response.raise_for_status()
        except (httpx.HTTPStatusError, httpx.RequestError) as error:
>           raise StorageUnavailable("开发对象存储 PUT 请求失败") from error
E           app.services.storage.StorageUnavailable: 开发对象存储 PUT 请求失败

app/services/storage.py:139: StorageUnavailable
---------------------------- Captured stderr setup -----------------------------
INFO  [alembic.runtime.migration] Context impl PostgresqlImpl.
INFO  [alembic.runtime.migration] Will assume transactional DDL.
INFO  [alembic.runtime.migration] Running upgrade  -> 0001_identity_audit, 创建身份、会话和审计表。
INFO  [alembic.runtime.migration] Running upgrade 0001_identity_audit -> 0002_product_facts, 创建规范化产品事实和不可变事实版本。
INFO  [alembic.runtime.migration] Running upgrade 0002_product_facts -> 0003_content_planning, 创建目标问题、平台规则版本和内容任务。
INFO  [alembic.runtime.migration] Running upgrade 0003_content_planning -> 0004_content_production, 创建 PostgreSQL 权威生成作业和不可变 Markdown 内容版本。
INFO  [alembic.runtime.migration] Running upgrade 0004_content_production -> 0005_content_review, 创建追加式内容审核记录。
INFO  [alembic.runtime.migration] Running upgrade 0005_content_review -> 0006_publication, 创建平台账号、人工发布记录和状态事件。
INFO  [alembic.runtime.migration] Running upgrade 0006_publication -> 0007_geo_observation, 创建追加式 GEO 观测及引用关联。
INFO  [alembic.runtime.migration] Running upgrade 0007_geo_observation -> 0008_files, 创建文件生命周期、附件关联并补加证据文件外键。
INFO  [alembic.runtime.migration] Running upgrade 0008_files -> 0009_config_center, 迁移账号类型、配置中心与真实 AI 生成字段。
INFO  [alembic.runtime.migration] Running upgrade 0009_config_center -> 0010_user_cleanup, 清理旧版职责账号并强制既有内容工程师改密。
INFO  [alembic.runtime.migration] Running upgrade 0010_user_cleanup -> 0011_generation_reliability, 增加生成作业补投递诊断字段与到期扫描索引。
INFO  [alembic.runtime.migration] Running upgrade 0011_generation_reliability -> 0012_ai_data_classification, 为生成输入增加显式数据分级与责任人记录。
INFO  [alembic.runtime.migration] Running upgrade 0012_ai_data_classification -> 0013_publication_closure, 增加发布异常待办、修复任务来源和发布平台一致性门禁。
INFO  [alembic.runtime.migration] Running upgrade 0013_publication_closure -> 0014_platform_prompt_ownership, 将当前 Prompt 所有权从平台类型迁移到具体平台。
INFO  [alembic.runtime.migration] Running upgrade 0014_platform_prompt_ownership -> 0015_platform_rule_draft_editing, 允许按修订号编辑平台规则草稿，并继续冻结已激活或退役正文。
INFO  [alembic.runtime.migration] Running upgrade 0015_platform_rule_draft_editing -> 0016_fact_review_cleanup, 允许受约束删除事实版本时清理其从属审核记录。
INFO  [alembic.runtime.migration] Running upgrade 0016_fact_review_cleanup -> 0017_content_humanization, 增加全局自然化 Prompt，并让现有 AI 作业承载自然化修订。
INFO  [alembic.runtime.migration] Running upgrade 0017_content_humanization -> 0018_manual_geo_observation, 增加产品级人工 GEO 观测，并保留旧模型观测历史。
INFO  [alembic.runtime.migration] Running upgrade 0018_manual_geo_observation -> 0019_product_driven_tasks, 允许新内容任务直接围绕产品创建，同时保留历史目标问题关联。
INFO  [alembic.runtime.migration] Running upgrade 0019_product_driven_tasks -> 0020_platform_branding_task_list, 为具体平台增加官网与单一来源 Logo。
INFO  [alembic.runtime.migration] Running upgrade 0020_platform_branding_task_list -> 0021_ai_channel_model_management, 补齐 AI 渠道身份字段与使用统计索引。
INFO  [alembic.runtime.migration] Running upgrade 0021_ai_channel_model_management -> 0022_geo_observation_insights, 补充人工 GEO 逐篇阶段事实与问题主题约束。
INFO  [alembic.runtime.migration] Running upgrade 0022_geo_observation_insights -> 0023_platform_management, 增加具体平台启停状态与管理聚合索引。
INFO  [alembic.runtime.migration] Running upgrade 0023_platform_management -> 0024_audit_outcome, 补齐审计模块、命令结果和安全结果说明。
INFO  [alembic.runtime.migration] Running upgrade 0024_audit_outcome -> 0025_markdown_facts, 将结构化产品事实收敛为 Markdown，并让内容任务直接绑定平台。
INFO  [alembic.runtime.migration] Running upgrade 0025_markdown_facts -> 0026_publication_account_dedup, 补齐发布账号修订约束，并阻止同平台规范化账号标识重复。
INFO  [alembic.runtime.migration] Running upgrade 0026_publication_account_dedup -> 0027_audit_user_delete_guard, 只允许受约束用户删除把匹配审计操作者置空。
INFO  [alembic.runtime.migration] Running upgrade 0027_audit_user_delete_guard -> 0028_platform_logo_lifecycle, 增加平台 Logo 的未引用保留、幂等删除状态与数据库门禁。
INFO  [alembic.runtime.migration] Running upgrade 0028_platform_logo_lifecycle -> 0029_geo_evidence_management, 收敛人工 GEO 独立事实，并为完整更正链删除增加事务门禁。
INFO  [alembic.runtime.migration] Running upgrade 0029_geo_evidence_management -> 0030_publication_record_delete, 为从未公开的发布聚合增加事务级受控删除门禁。
INFO  [alembic.runtime.migration] Running upgrade 0030_publication_record_delete -> 0031_reusable_platform_prompts, 把平台私有 Prompt 收敛为可复用模板和平台当前绑定。
INFO  [alembic.runtime.migration] Running upgrade 0031_reusable_platform_prompts -> 0032_content_task_idempotency, 为普通内容任务创建增加持久化请求键幂等约束。
INFO  [alembic.runtime.migration] Running upgrade 0032_content_task_idempotency -> 0033_task_owned_history_delete, 允许受控删除已取消任务自有的未批准生产历史。
INFO  [alembic.runtime.migration] Running upgrade 0033_task_owned_history_delete -> 0034_publication_redesign, 以发布工作、首次核验成果和发布后内容问题替换旧发布记录。
INFO  [alembic.runtime.migration] Running upgrade 0034_publication_redesign -> 0035_business_workflow, 建立事实提交、内容单主线、发布版本快照与 GEO 来源合同。
INFO  [alembic.runtime.migration] Running upgrade 0035_business_workflow -> 0036_remove_section_url, 删除没有稳定业务含义的发布栏目地址。
INFO  [alembic.runtime.migration] Running upgrade 0036_remove_section_url -> 0037_simplify_deletion_lifecycle, 收缩任务、配置与审计的删除生命周期。
INFO  [alembic.runtime.migration] Running upgrade 0037_simplify_deletion_lifecycle -> 0038_published_article_delete, 允许受控删除无 GEO 引用的发布成果聚合。
INFO  [alembic.runtime.migration] Running upgrade 0038_published_article_delete -> 0039_article_delete_platform, 允许归档任务在删除失效平台的发布成果后转为已取消。
INFO  [alembic.runtime.migration] Running upgrade 0039_article_delete_platform -> 0040_content_draft_management, 允许当前人工未审核草稿受控保存和彻底删除。
INFO  [alembic.runtime.migration] Running upgrade 0040_content_draft_management -> 0041_content_task_list, 补齐内容任务列表的稳定更新时间与排序索引。
INFO  [alembic.runtime.migration] Running upgrade 0041_content_task_list -> 0042_content_version_detail, 记录内容版本自身的真实更新时间。
INFO  [alembic.runtime.migration] Running upgrade 0042_content_version_detail -> 0043_geo_platform_identity, 冻结发布工作的平台 UUID，避免配置删除后 GEO 历史失去身份。
INFO  [alembic.runtime.migration] Running upgrade 0043_geo_platform_identity -> 0044_geo_catalog, 新增 GEO Catalog 三表；冻结本 revision，不读取运行时 ORM。
INFO  [alembic.runtime.migration] Running upgrade 0044_geo_catalog -> 0045_geo_prompt_variants, 仅新增问题变体，冻结规范化及历史锁存，不回填旧问题数组。
INFO  [alembic.runtime.migration] Running upgrade 0045_geo_prompt_variants -> 0046_geo_surfaces_profiles, 新增观测配置与闭合JSON合同；不回填旧GEO或实现运行资格。
INFO  [alembic.runtime.migration] Running upgrade 0046_geo_surfaces_profiles -> 0047_geo_monitoring_plans, 仅增加计划配置聚合；不创建批次、运行或改写历史观测。
INFO  [alembic.runtime.migration] Running upgrade 0047_geo_monitoring_plans -> 0048_geo_batches_runs, 新增独立回答级 Batch/Run，冻结 DDL 与快照/写入守卫，不迁移旧 GEO。
INFO  [alembic.runtime.migration] Running upgrade 0048_geo_batches_runs -> 0049_geo_batch_creation, 创建幂等与批次主体引用；不修改已冻结的 Batch/Run 输入。
INFO  [alembic.runtime.migration] Running upgrade 0049_geo_batch_creation -> 0050_geo_answer_evidence, 新增不可变原始回答、引用和受控文件关系；不实现采集命令。
INFO  [alembic.runtime.migration] Running upgrade 0050_geo_answer_evidence -> 0051_geo_manual_collection, 人工草稿和不可变提交身份；不回填或修改已提交证据。
INFO  [alembic.runtime.migration] Running upgrade 0051_geo_manual_collection -> 0052_geo_profile_tests, API Profile 当前诊断资格与依赖失效；不修改业务历史。
INFO  [alembic.runtime.migration] Running upgrade 0052_geo_profile_tests -> 0053_geo_collection_admission, 加法保存预算预留与发送限速事实，历史 Run 和原始证据保持不变。
INFO  [alembic.runtime.migration] Running upgrade 0053_geo_collection_admission -> 0054_geo_analysis_contract, 分析输入/结果、追加复核与限定 current pointer；不回填历史证据。
INFO  [alembic.runtime.migration] Running upgrade 0054_geo_analysis_contract -> 0055_geo_analysis_worker, 分析执行租约与引用结果；不回填或重写已有 revision。
INFO  [alembic.runtime.migration] Running upgrade 0055_geo_analysis_worker -> 0056_geo_run_review, 受控人工复核发布；历史机器结果与Review不回填、不改写。
INFO  [alembic.runtime.migration] Running upgrade 0056_geo_run_review -> 0057_geo_insight_indexes, GEO-607：洞察日期候选索引，不改变历史数据或业务约束。
INFO  [alembic.runtime.migration] Running upgrade 0057_geo_insight_indexes -> 0058_geo_rule_configuration, GEO-701：当前规则配置和不可变 revision 历史，不回填既有评估。
INFO  [alembic.runtime.migration] Running upgrade 0058_geo_rule_configuration -> 0059_geo_opportunities, GEO-702：机会、追加来源/行动/评估及真实 Batch 来源外键。
INFO  [alembic.runtime.migration] Running upgrade 0059_geo_opportunities -> 0060_geo_opportunity_actions, GEO-704：行动来源快照、幂等回执与目标生命周期保护。
INFO  [alembic.runtime.migration] Running upgrade 0060_geo_opportunity_actions -> 0061_geo_retests, GEO-705：严格复测冻结基线、幂等回执和提交时矩阵验证。
INFO  [alembic.runtime.migration] Running upgrade 0061_geo_retests -> 0062_geo_opportunity_decisions, GEO-706：加法保存显式处理和不可变比较证据，不回填历史。
INFO  [alembic.runtime.migration] Running upgrade 0062_geo_opportunity_decisions -> 0063_geo_browser_sessions, GEO-802：仅增加受保护会话引用、撤销事实与审计动作。
INFO  [alembic.runtime.migration] Running upgrade 0063_geo_browser_sessions -> 0064_geo_retention, GEO 终态草稿清理墓碑；不改已提交证据、不回填历史。
INFO  [alembic.runtime.migration] Running upgrade 0064_geo_retention -> 0065_geo_observability, GEO有限运行健康元数据；加法迁移，不回填或修改业务历史。
_ test_committed_aggregate_attack_rolls_back_entire_transaction[DELETE FROM geo_answer_snapshots WHERE run_id=:run-ck_geo_answers_immutable] _

    @contextlib.contextmanager
    def map_httpcore_exceptions() -> typing.Iterator[None]:
        global HTTPCORE_EXC_MAP
        if len(HTTPCORE_EXC_MAP) == 0:
            HTTPCORE_EXC_MAP = _load_httpcore_exceptions()
        try:
>           yield

/opt/venv/lib/python3.12/site-packages/httpx/_transports/default.py:101: 
_ _ _ _ _ _ _ _ _ _ _ _ _ _ _ _ _ _ _ _ _ _ _ _ _ _ _ _ _ _ _ _ _ _ _ _ _ _ _ _ 
/opt/venv/lib/python3.12/site-packages/httpx/_transports/default.py:250: in handle_request
    resp = self._pool.handle_request(req)
           ^^^^^^^^^^^^^^^^^^^^^^^^^^^^^^
/opt/venv/lib/python3.12/site-packages/httpcore/_sync/connection_pool.py:256: in handle_request
    raise exc from None
/opt/venv/lib/python3.12/site-packages/httpcore/_sync/connection_pool.py:236: in handle_request
    response = connection.handle_request(
/opt/venv/lib/python3.12/site-packages/httpcore/_sync/connection.py:101: in handle_request
    raise exc
/opt/venv/lib/python3.12/site-packages/httpcore/_sync/connection.py:78: in handle_request
    stream = self._connect(request)
             ^^^^^^^^^^^^^^^^^^^^^^
/opt/venv/lib/python3.12/site-packages/httpcore/_sync/connection.py:124: in _connect
    stream = self._network_backend.connect_tcp(**kwargs)
             ^^^^^^^^^^^^^^^^^^^^^^^^^^^^^^^^^^^^^^^^^^^
/opt/venv/lib/python3.12/site-packages/httpcore/_backends/sync.py:207: in connect_tcp
    with map_exceptions(exc_map):
         ^^^^^^^^^^^^^^^^^^^^^^^
/usr/local/lib/python3.12/contextlib.py:158: in __exit__
    self.gen.throw(value)
_ _ _ _ _ _ _ _ _ _ _ _ _ _ _ _ _ _ _ _ _ _ _ _ _ _ _ _ _ _ _ _ _ _ _ _ _ _ _ _ 

map = {<class 'TimeoutError'>: <class 'httpcore.ConnectTimeout'>, <class 'OSError'>: <class 'httpcore.ConnectError'>}

    @contextlib.contextmanager
    def map_exceptions(map: ExceptionMapping) -> typing.Iterator[None]:
        try:
            yield
        except Exception as exc:  # noqa: PIE786
            for from_exc, to_exc in map.items():
                if isinstance(exc, from_exc):
>                   raise to_exc(exc) from exc
E                   httpcore.ConnectError: [Errno -2] Name or service not known

/opt/venv/lib/python3.12/site-packages/httpcore/_exceptions.py:14: ConnectError

The above exception was the direct cause of the following exception:

self = <app.services.storage.DevelopmentEvidenceStorage object at 0xf13202cfc800>
object_key = 'geo305/87dabc98-191a-44d9-b6d2-1f925fb6f80d'
data = b'fixture-redacted-screenshot'

    def put(
        self,
        object_key: str,
        data: bytes,
        *,
        content_type: str,
        sha256: str,
    ) -> None:
        """通过内部签名 URL 保存服务端已经校验的对象。"""
        expires_at = datetime.now(UTC) + timedelta(seconds=60)
        url = signed_storage_url("upload", object_key, expires_at, internal=True)
        try:
>           response = httpx.put(
                url,
                content=data,
                headers={"content-type": content_type, "x-meta-sha256": sha256},
                timeout=10,
            )

app/services/storage.py:131: 
_ _ _ _ _ _ _ _ _ _ _ _ _ _ _ _ _ _ _ _ _ _ _ _ _ _ _ _ _ _ _ _ _ _ _ _ _ _ _ _ 
/opt/venv/lib/python3.12/site-packages/httpx/_api.py:345: in put
    return request(
/opt/venv/lib/python3.12/site-packages/httpx/_api.py:109: in request
    return client.request(
/opt/venv/lib/python3.12/site-packages/httpx/_client.py:825: in request
    return self.send(request, auth=auth, follow_redirects=follow_redirects)
           ^^^^^^^^^^^^^^^^^^^^^^^^^^^^^^^^^^^^^^^^^^^^^^^^^^^^^^^^^^^^^^^^
/opt/venv/lib/python3.12/site-packages/httpx/_client.py:914: in send
    response = self._send_handling_auth(
/opt/venv/lib/python3.12/site-packages/httpx/_client.py:942: in _send_handling_auth
    response = self._send_handling_redirects(
/opt/venv/lib/python3.12/site-packages/httpx/_client.py:979: in _send_handling_redirects
    response = self._send_single_request(request)
               ^^^^^^^^^^^^^^^^^^^^^^^^^^^^^^^^^^
/opt/venv/lib/python3.12/site-packages/httpx/_client.py:1014: in _send_single_request
    response = transport.handle_request(request)
               ^^^^^^^^^^^^^^^^^^^^^^^^^^^^^^^^^
/opt/venv/lib/python3.12/site-packages/httpx/_transports/default.py:249: in handle_request
    with map_httpcore_exceptions():
         ^^^^^^^^^^^^^^^^^^^^^^^^^
/usr/local/lib/python3.12/contextlib.py:158: in __exit__
    self.gen.throw(value)
_ _ _ _ _ _ _ _ _ _ _ _ _ _ _ _ _ _ _ _ _ _ _ _ _ _ _ _ _ _ _ _ _ _ _ _ _ _ _ _ 

    @contextlib.contextmanager
    def map_httpcore_exceptions() -> typing.Iterator[None]:
        global HTTPCORE_EXC_MAP
        if len(HTTPCORE_EXC_MAP) == 0:
            HTTPCORE_EXC_MAP = _load_httpcore_exceptions()
        try:
            yield
        except Exception as exc:
            mapped_exc = None
    
            for from_exc, to_exc in HTTPCORE_EXC_MAP.items():
                if not isinstance(exc, from_exc):
                    continue
                # We want to map to the most specific exception we can find.
                # Eg if `exc` is an `httpcore.ReadTimeout`, we want to map to
                # `httpx.ReadTimeout`, not just `httpx.TimeoutException`.
                if mapped_exc is None or issubclass(to_exc, mapped_exc):
                    mapped_exc = to_exc
    
            if mapped_exc is None:  # pragma: no cover
                raise
    
            message = str(exc)
>           raise mapped_exc(message) from exc
E           httpx.ConnectError: [Errno -2] Name or service not known

/opt/venv/lib/python3.12/site-packages/httpx/_transports/default.py:118: ConnectError

The above exception was the direct cause of the following exception:

plans_api = PlansAPI(api=QuestionsAPI(engine=Engine(postgresql+psycopg://partsignal:***@postgres:5432/partsignal_geo208_6bfdb8006d...b526701a544c'), surface=UUID('3b1adc4d-e558-4809-ba56-71d92e1f0609'), name='虚构计划-b61ec092-3ce5-4a88-97a3-b803160f6224')
statement = 'DELETE FROM geo_answer_snapshots WHERE run_id=:run'
constraint = 'ck_geo_answers_immutable'

>   ???

/Users/sc/PycharmProjects/partsignal/backend/tests/integration/test_geo_r2_immutability.py:123: 
_ _ _ _ _ _ _ _ _ _ _ _ _ _ _ _ _ _ _ _ _ _ _ _ _ _ _ _ _ _ _ _ _ _ _ _ _ _ _ _ 
/Users/sc/PycharmProjects/partsignal/backend/tests/integration/test_geo_manual_collection.py:70: in evidence
    ???
_ _ _ _ _ _ _ _ _ _ _ _ _ _ _ _ _ _ _ _ _ _ _ _ _ _ _ _ _ _ _ _ _ _ _ _ _ _ _ _ 

self = <app.services.storage.DevelopmentEvidenceStorage object at 0xf13202cfc800>
object_key = 'geo305/87dabc98-191a-44d9-b6d2-1f925fb6f80d'
data = b'fixture-redacted-screenshot'

    def put(
        self,
        object_key: str,
        data: bytes,
        *,
        content_type: str,
        sha256: str,
    ) -> None:
        """通过内部签名 URL 保存服务端已经校验的对象。"""
        expires_at = datetime.now(UTC) + timedelta(seconds=60)
        url = signed_storage_url("upload", object_key, expires_at, internal=True)
        try:
            response = httpx.put(
                url,
                content=data,
                headers={"content-type": content_type, "x-meta-sha256": sha256},
                timeout=10,
            )
            response.raise_for_status()
        except (httpx.HTTPStatusError, httpx.RequestError) as error:
>           raise StorageUnavailable("开发对象存储 PUT 请求失败") from error
E           app.services.storage.StorageUnavailable: 开发对象存储 PUT 请求失败

app/services/storage.py:139: StorageUnavailable
_ test_committed_aggregate_attack_rolls_back_entire_transaction[UPDATE geo_answer_citations SET id=id WHERE answer_snapshot_id=:answer-ck_geo_citations_immutable] _

    @contextlib.contextmanager
    def map_httpcore_exceptions() -> typing.Iterator[None]:
        global HTTPCORE_EXC_MAP
        if len(HTTPCORE_EXC_MAP) == 0:
            HTTPCORE_EXC_MAP = _load_httpcore_exceptions()
        try:
>           yield

/opt/venv/lib/python3.12/site-packages/httpx/_transports/default.py:101: 
_ _ _ _ _ _ _ _ _ _ _ _ _ _ _ _ _ _ _ _ _ _ _ _ _ _ _ _ _ _ _ _ _ _ _ _ _ _ _ _ 
/opt/venv/lib/python3.12/site-packages/httpx/_transports/default.py:250: in handle_request
    resp = self._pool.handle_request(req)
           ^^^^^^^^^^^^^^^^^^^^^^^^^^^^^^
/opt/venv/lib/python3.12/site-packages/httpcore/_sync/connection_pool.py:256: in handle_request
    raise exc from None
/opt/venv/lib/python3.12/site-packages/httpcore/_sync/connection_pool.py:236: in handle_request
    response = connection.handle_request(
/opt/venv/lib/python3.12/site-packages/httpcore/_sync/connection.py:101: in handle_request
    raise exc
/opt/venv/lib/python3.12/site-packages/httpcore/_sync/connection.py:78: in handle_request
    stream = self._connect(request)
             ^^^^^^^^^^^^^^^^^^^^^^
/opt/venv/lib/python3.12/site-packages/httpcore/_sync/connection.py:124: in _connect
    stream = self._network_backend.connect_tcp(**kwargs)
             ^^^^^^^^^^^^^^^^^^^^^^^^^^^^^^^^^^^^^^^^^^^
/opt/venv/lib/python3.12/site-packages/httpcore/_backends/sync.py:207: in connect_tcp
    with map_exceptions(exc_map):
         ^^^^^^^^^^^^^^^^^^^^^^^
/usr/local/lib/python3.12/contextlib.py:158: in __exit__
    self.gen.throw(value)
_ _ _ _ _ _ _ _ _ _ _ _ _ _ _ _ _ _ _ _ _ _ _ _ _ _ _ _ _ _ _ _ _ _ _ _ _ _ _ _ 

map = {<class 'TimeoutError'>: <class 'httpcore.ConnectTimeout'>, <class 'OSError'>: <class 'httpcore.ConnectError'>}

    @contextlib.contextmanager
    def map_exceptions(map: ExceptionMapping) -> typing.Iterator[None]:
        try:
            yield
        except Exception as exc:  # noqa: PIE786
            for from_exc, to_exc in map.items():
                if isinstance(exc, from_exc):
>                   raise to_exc(exc) from exc
E                   httpcore.ConnectError: [Errno -2] Name or service not known

/opt/venv/lib/python3.12/site-packages/httpcore/_exceptions.py:14: ConnectError

The above exception was the direct cause of the following exception:

self = <app.services.storage.DevelopmentEvidenceStorage object at 0xf131e9c00c50>
object_key = 'geo305/15095d10-5e37-4d4a-abde-d5fc6f685a18'
data = b'fixture-redacted-screenshot'

    def put(
        self,
        object_key: str,
        data: bytes,
        *,
        content_type: str,
        sha256: str,
    ) -> None:
        """通过内部签名 URL 保存服务端已经校验的对象。"""
        expires_at = datetime.now(UTC) + timedelta(seconds=60)
        url = signed_storage_url("upload", object_key, expires_at, internal=True)
        try:
>           response = httpx.put(
                url,
                content=data,
                headers={"content-type": content_type, "x-meta-sha256": sha256},
                timeout=10,
            )

app/services/storage.py:131: 
_ _ _ _ _ _ _ _ _ _ _ _ _ _ _ _ _ _ _ _ _ _ _ _ _ _ _ _ _ _ _ _ _ _ _ _ _ _ _ _ 
/opt/venv/lib/python3.12/site-packages/httpx/_api.py:345: in put
    return request(
/opt/venv/lib/python3.12/site-packages/httpx/_api.py:109: in request
    return client.request(
/opt/venv/lib/python3.12/site-packages/httpx/_client.py:825: in request
    return self.send(request, auth=auth, follow_redirects=follow_redirects)
           ^^^^^^^^^^^^^^^^^^^^^^^^^^^^^^^^^^^^^^^^^^^^^^^^^^^^^^^^^^^^^^^^
/opt/venv/lib/python3.12/site-packages/httpx/_client.py:914: in send
    response = self._send_handling_auth(
/opt/venv/lib/python3.12/site-packages/httpx/_client.py:942: in _send_handling_auth
    response = self._send_handling_redirects(
/opt/venv/lib/python3.12/site-packages/httpx/_client.py:979: in _send_handling_redirects
    response = self._send_single_request(request)
               ^^^^^^^^^^^^^^^^^^^^^^^^^^^^^^^^^^
/opt/venv/lib/python3.12/site-packages/httpx/_client.py:1014: in _send_single_request
    response = transport.handle_request(request)
               ^^^^^^^^^^^^^^^^^^^^^^^^^^^^^^^^^
/opt/venv/lib/python3.12/site-packages/httpx/_transports/default.py:249: in handle_request
    with map_httpcore_exceptions():
         ^^^^^^^^^^^^^^^^^^^^^^^^^
/usr/local/lib/python3.12/contextlib.py:158: in __exit__
    self.gen.throw(value)
_ _ _ _ _ _ _ _ _ _ _ _ _ _ _ _ _ _ _ _ _ _ _ _ _ _ _ _ _ _ _ _ _ _ _ _ _ _ _ _ 

    @contextlib.contextmanager
    def map_httpcore_exceptions() -> typing.Iterator[None]:
        global HTTPCORE_EXC_MAP
        if len(HTTPCORE_EXC_MAP) == 0:
            HTTPCORE_EXC_MAP = _load_httpcore_exceptions()
        try:
            yield
        except Exception as exc:
            mapped_exc = None
    
            for from_exc, to_exc in HTTPCORE_EXC_MAP.items():
                if not isinstance(exc, from_exc):
                    continue
                # We want to map to the most specific exception we can find.
                # Eg if `exc` is an `httpcore.ReadTimeout`, we want to map to
                # `httpx.ReadTimeout`, not just `httpx.TimeoutException`.
                if mapped_exc is None or issubclass(to_exc, mapped_exc):
                    mapped_exc = to_exc
    
            if mapped_exc is None:  # pragma: no cover
                raise
    
            message = str(exc)
>           raise mapped_exc(message) from exc
E           httpx.ConnectError: [Errno -2] Name or service not known

/opt/venv/lib/python3.12/site-packages/httpx/_transports/default.py:118: ConnectError

The above exception was the direct cause of the following exception:

plans_api = PlansAPI(api=QuestionsAPI(engine=Engine(postgresql+psycopg://partsignal:***@postgres:5432/partsignal_geo208_6bfdb8006d...ffd262df2d4d'), surface=UUID('4fcd9759-a528-44da-829d-fb9df506d2d0'), name='虚构计划-7ce65a66-81e0-464e-89f6-98dda3a31879')
statement = 'UPDATE geo_answer_citations SET id=id WHERE answer_snapshot_id=:answer'
constraint = 'ck_geo_citations_immutable'

>   ???

/Users/sc/PycharmProjects/partsignal/backend/tests/integration/test_geo_r2_immutability.py:123: 
_ _ _ _ _ _ _ _ _ _ _ _ _ _ _ _ _ _ _ _ _ _ _ _ _ _ _ _ _ _ _ _ _ _ _ _ _ _ _ _ 
/Users/sc/PycharmProjects/partsignal/backend/tests/integration/test_geo_manual_collection.py:70: in evidence
    ???
_ _ _ _ _ _ _ _ _ _ _ _ _ _ _ _ _ _ _ _ _ _ _ _ _ _ _ _ _ _ _ _ _ _ _ _ _ _ _ _ 

self = <app.services.storage.DevelopmentEvidenceStorage object at 0xf131e9c00c50>
object_key = 'geo305/15095d10-5e37-4d4a-abde-d5fc6f685a18'
data = b'fixture-redacted-screenshot'

    def put(
        self,
        object_key: str,
        data: bytes,
        *,
        content_type: str,
        sha256: str,
    ) -> None:
        """通过内部签名 URL 保存服务端已经校验的对象。"""
        expires_at = datetime.now(UTC) + timedelta(seconds=60)
        url = signed_storage_url("upload", object_key, expires_at, internal=True)
        try:
            response = httpx.put(
                url,
                content=data,
                headers={"content-type": content_type, "x-meta-sha256": sha256},
                timeout=10,
            )
            response.raise_for_status()
        except (httpx.HTTPStatusError, httpx.RequestError) as error:
>           raise StorageUnavailable("开发对象存储 PUT 请求失败") from error
E           app.services.storage.StorageUnavailable: 开发对象存储 PUT 请求失败

app/services/storage.py:139: StorageUnavailable
_ test_committed_aggregate_attack_rolls_back_entire_transaction[DELETE FROM geo_answer_citations WHERE answer_snapshot_id=:answer-ck_geo_citations_immutable] _

    @contextlib.contextmanager
    def map_httpcore_exceptions() -> typing.Iterator[None]:
        global HTTPCORE_EXC_MAP
        if len(HTTPCORE_EXC_MAP) == 0:
            HTTPCORE_EXC_MAP = _load_httpcore_exceptions()
        try:
>           yield

/opt/venv/lib/python3.12/site-packages/httpx/_transports/default.py:101: 
_ _ _ _ _ _ _ _ _ _ _ _ _ _ _ _ _ _ _ _ _ _ _ _ _ _ _ _ _ _ _ _ _ _ _ _ _ _ _ _ 
/opt/venv/lib/python3.12/site-packages/httpx/_transports/default.py:250: in handle_request
    resp = self._pool.handle_request(req)
           ^^^^^^^^^^^^^^^^^^^^^^^^^^^^^^
/opt/venv/lib/python3.12/site-packages/httpcore/_sync/connection_pool.py:256: in handle_request
    raise exc from None
/opt/venv/lib/python3.12/site-packages/httpcore/_sync/connection_pool.py:236: in handle_request
    response = connection.handle_request(
/opt/venv/lib/python3.12/site-packages/httpcore/_sync/connection.py:101: in handle_request
    raise exc
/opt/venv/lib/python3.12/site-packages/httpcore/_sync/connection.py:78: in handle_request
    stream = self._connect(request)
             ^^^^^^^^^^^^^^^^^^^^^^
/opt/venv/lib/python3.12/site-packages/httpcore/_sync/connection.py:124: in _connect
    stream = self._network_backend.connect_tcp(**kwargs)
             ^^^^^^^^^^^^^^^^^^^^^^^^^^^^^^^^^^^^^^^^^^^
/opt/venv/lib/python3.12/site-packages/httpcore/_backends/sync.py:207: in connect_tcp
    with map_exceptions(exc_map):
         ^^^^^^^^^^^^^^^^^^^^^^^
/usr/local/lib/python3.12/contextlib.py:158: in __exit__
    self.gen.throw(value)
_ _ _ _ _ _ _ _ _ _ _ _ _ _ _ _ _ _ _ _ _ _ _ _ _ _ _ _ _ _ _ _ _ _ _ _ _ _ _ _ 

map = {<class 'TimeoutError'>: <class 'httpcore.ConnectTimeout'>, <class 'OSError'>: <class 'httpcore.ConnectError'>}

    @contextlib.contextmanager
    def map_exceptions(map: ExceptionMapping) -> typing.Iterator[None]:
        try:
            yield
        except Exception as exc:  # noqa: PIE786
            for from_exc, to_exc in map.items():
                if isinstance(exc, from_exc):
>                   raise to_exc(exc) from exc
E                   httpcore.ConnectError: [Errno -2] Name or service not known

/opt/venv/lib/python3.12/site-packages/httpcore/_exceptions.py:14: ConnectError

The above exception was the direct cause of the following exception:

self = <app.services.storage.DevelopmentEvidenceStorage object at 0xf1320082c590>
object_key = 'geo305/35788400-d4a0-4bc9-ad45-afecbdb90f00'
data = b'fixture-redacted-screenshot'

    def put(
        self,
        object_key: str,
        data: bytes,
        *,
        content_type: str,
        sha256: str,
    ) -> None:
        """通过内部签名 URL 保存服务端已经校验的对象。"""
        expires_at = datetime.now(UTC) + timedelta(seconds=60)
        url = signed_storage_url("upload", object_key, expires_at, internal=True)
        try:
>           response = httpx.put(
                url,
                content=data,
                headers={"content-type": content_type, "x-meta-sha256": sha256},
                timeout=10,
            )

app/services/storage.py:131: 
_ _ _ _ _ _ _ _ _ _ _ _ _ _ _ _ _ _ _ _ _ _ _ _ _ _ _ _ _ _ _ _ _ _ _ _ _ _ _ _ 
/opt/venv/lib/python3.12/site-packages/httpx/_api.py:345: in put
    return request(
/opt/venv/lib/python3.12/site-packages/httpx/_api.py:109: in request
    return client.request(
/opt/venv/lib/python3.12/site-packages/httpx/_client.py:825: in request
    return self.send(request, auth=auth, follow_redirects=follow_redirects)
           ^^^^^^^^^^^^^^^^^^^^^^^^^^^^^^^^^^^^^^^^^^^^^^^^^^^^^^^^^^^^^^^^
/opt/venv/lib/python3.12/site-packages/httpx/_client.py:914: in send
    response = self._send_handling_auth(
/opt/venv/lib/python3.12/site-packages/httpx/_client.py:942: in _send_handling_auth
    response = self._send_handling_redirects(
/opt/venv/lib/python3.12/site-packages/httpx/_client.py:979: in _send_handling_redirects
    response = self._send_single_request(request)
               ^^^^^^^^^^^^^^^^^^^^^^^^^^^^^^^^^^
/opt/venv/lib/python3.12/site-packages/httpx/_client.py:1014: in _send_single_request
    response = transport.handle_request(request)
               ^^^^^^^^^^^^^^^^^^^^^^^^^^^^^^^^^
/opt/venv/lib/python3.12/site-packages/httpx/_transports/default.py:249: in handle_request
    with map_httpcore_exceptions():
         ^^^^^^^^^^^^^^^^^^^^^^^^^
/usr/local/lib/python3.12/contextlib.py:158: in __exit__
    self.gen.throw(value)
_ _ _ _ _ _ _ _ _ _ _ _ _ _ _ _ _ _ _ _ _ _ _ _ _ _ _ _ _ _ _ _ _ _ _ _ _ _ _ _ 

    @contextlib.contextmanager
    def map_httpcore_exceptions() -> typing.Iterator[None]:
        global HTTPCORE_EXC_MAP
        if len(HTTPCORE_EXC_MAP) == 0:
            HTTPCORE_EXC_MAP = _load_httpcore_exceptions()
        try:
            yield
        except Exception as exc:
            mapped_exc = None
    
            for from_exc, to_exc in HTTPCORE_EXC_MAP.items():
                if not isinstance(exc, from_exc):
                    continue
                # We want to map to the most specific exception we can find.
                # Eg if `exc` is an `httpcore.ReadTimeout`, we want to map to
                # `httpx.ReadTimeout`, not just `httpx.TimeoutException`.
                if mapped_exc is None or issubclass(to_exc, mapped_exc):
                    mapped_exc = to_exc
    
            if mapped_exc is None:  # pragma: no cover
                raise
    
            message = str(exc)
>           raise mapped_exc(message) from exc
E           httpx.ConnectError: [Errno -2] Name or service not known

/opt/venv/lib/python3.12/site-packages/httpx/_transports/default.py:118: ConnectError

The above exception was the direct cause of the following exception:

plans_api = PlansAPI(api=QuestionsAPI(engine=Engine(postgresql+psycopg://partsignal:***@postgres:5432/partsignal_geo208_6bfdb8006d...06d93c4447d4'), surface=UUID('1a230b7a-14f7-485e-964a-023eb2fac2d6'), name='虚构计划-5ba2394b-cdae-4549-94c7-82de87abd9e7')
statement = 'DELETE FROM geo_answer_citations WHERE answer_snapshot_id=:answer'
constraint = 'ck_geo_citations_immutable'

>   ???

/Users/sc/PycharmProjects/partsignal/backend/tests/integration/test_geo_r2_immutability.py:123: 
_ _ _ _ _ _ _ _ _ _ _ _ _ _ _ _ _ _ _ _ _ _ _ _ _ _ _ _ _ _ _ _ _ _ _ _ _ _ _ _ 
/Users/sc/PycharmProjects/partsignal/backend/tests/integration/test_geo_manual_collection.py:70: in evidence
    ???
_ _ _ _ _ _ _ _ _ _ _ _ _ _ _ _ _ _ _ _ _ _ _ _ _ _ _ _ _ _ _ _ _ _ _ _ _ _ _ _ 

self = <app.services.storage.DevelopmentEvidenceStorage object at 0xf1320082c590>
object_key = 'geo305/35788400-d4a0-4bc9-ad45-afecbdb90f00'
data = b'fixture-redacted-screenshot'

    def put(
        self,
        object_key: str,
        data: bytes,
        *,
        content_type: str,
        sha256: str,
    ) -> None:
        """通过内部签名 URL 保存服务端已经校验的对象。"""
        expires_at = datetime.now(UTC) + timedelta(seconds=60)
        url = signed_storage_url("upload", object_key, expires_at, internal=True)
        try:
            response = httpx.put(
                url,
                content=data,
                headers={"content-type": content_type, "x-meta-sha256": sha256},
                timeout=10,
            )
            response.raise_for_status()
        except (httpx.HTTPStatusError, httpx.RequestError) as error:
>           raise StorageUnavailable("开发对象存储 PUT 请求失败") from error
E           app.services.storage.StorageUnavailable: 开发对象存储 PUT 请求失败

app/services/storage.py:139: StorageUnavailable
_ test_committed_aggregate_attack_rolls_back_entire_transaction[UPDATE geo_manual_submissions SET identity_hash=identity_hash WHERE run_id=:run-ck_geo_manual_submissions_immutable] _

    @contextlib.contextmanager
    def map_httpcore_exceptions() -> typing.Iterator[None]:
        global HTTPCORE_EXC_MAP
        if len(HTTPCORE_EXC_MAP) == 0:
            HTTPCORE_EXC_MAP = _load_httpcore_exceptions()
        try:
>           yield

/opt/venv/lib/python3.12/site-packages/httpx/_transports/default.py:101: 
_ _ _ _ _ _ _ _ _ _ _ _ _ _ _ _ _ _ _ _ _ _ _ _ _ _ _ _ _ _ _ _ _ _ _ _ _ _ _ _ 
/opt/venv/lib/python3.12/site-packages/httpx/_transports/default.py:250: in handle_request
    resp = self._pool.handle_request(req)
           ^^^^^^^^^^^^^^^^^^^^^^^^^^^^^^
/opt/venv/lib/python3.12/site-packages/httpcore/_sync/connection_pool.py:256: in handle_request
    raise exc from None
/opt/venv/lib/python3.12/site-packages/httpcore/_sync/connection_pool.py:236: in handle_request
    response = connection.handle_request(
/opt/venv/lib/python3.12/site-packages/httpcore/_sync/connection.py:101: in handle_request
    raise exc
/opt/venv/lib/python3.12/site-packages/httpcore/_sync/connection.py:78: in handle_request
    stream = self._connect(request)
             ^^^^^^^^^^^^^^^^^^^^^^
/opt/venv/lib/python3.12/site-packages/httpcore/_sync/connection.py:124: in _connect
    stream = self._network_backend.connect_tcp(**kwargs)
             ^^^^^^^^^^^^^^^^^^^^^^^^^^^^^^^^^^^^^^^^^^^
/opt/venv/lib/python3.12/site-packages/httpcore/_backends/sync.py:207: in connect_tcp
    with map_exceptions(exc_map):
         ^^^^^^^^^^^^^^^^^^^^^^^
/usr/local/lib/python3.12/contextlib.py:158: in __exit__
    self.gen.throw(value)
_ _ _ _ _ _ _ _ _ _ _ _ _ _ _ _ _ _ _ _ _ _ _ _ _ _ _ _ _ _ _ _ _ _ _ _ _ _ _ _ 

map = {<class 'TimeoutError'>: <class 'httpcore.ConnectTimeout'>, <class 'OSError'>: <class 'httpcore.ConnectError'>}

    @contextlib.contextmanager
    def map_exceptions(map: ExceptionMapping) -> typing.Iterator[None]:
        try:
            yield
        except Exception as exc:  # noqa: PIE786
            for from_exc, to_exc in map.items():
                if isinstance(exc, from_exc):
>                   raise to_exc(exc) from exc
E                   httpcore.ConnectError: [Errno -2] Name or service not known

/opt/venv/lib/python3.12/site-packages/httpcore/_exceptions.py:14: ConnectError

The above exception was the direct cause of the following exception:

self = <app.services.storage.DevelopmentEvidenceStorage object at 0xf131ebae9a60>
object_key = 'geo305/e62f8ad3-ed5a-4344-8a51-8f1f4804588b'
data = b'fixture-redacted-screenshot'

    def put(
        self,
        object_key: str,
        data: bytes,
        *,
        content_type: str,
        sha256: str,
    ) -> None:
        """通过内部签名 URL 保存服务端已经校验的对象。"""
        expires_at = datetime.now(UTC) + timedelta(seconds=60)
        url = signed_storage_url("upload", object_key, expires_at, internal=True)
        try:
>           response = httpx.put(
                url,
                content=data,
                headers={"content-type": content_type, "x-meta-sha256": sha256},
                timeout=10,
            )

app/services/storage.py:131: 
_ _ _ _ _ _ _ _ _ _ _ _ _ _ _ _ _ _ _ _ _ _ _ _ _ _ _ _ _ _ _ _ _ _ _ _ _ _ _ _ 
/opt/venv/lib/python3.12/site-packages/httpx/_api.py:345: in put
    return request(
/opt/venv/lib/python3.12/site-packages/httpx/_api.py:109: in request
    return client.request(
/opt/venv/lib/python3.12/site-packages/httpx/_client.py:825: in request
    return self.send(request, auth=auth, follow_redirects=follow_redirects)
           ^^^^^^^^^^^^^^^^^^^^^^^^^^^^^^^^^^^^^^^^^^^^^^^^^^^^^^^^^^^^^^^^
/opt/venv/lib/python3.12/site-packages/httpx/_client.py:914: in send
    response = self._send_handling_auth(
/opt/venv/lib/python3.12/site-packages/httpx/_client.py:942: in _send_handling_auth
    response = self._send_handling_redirects(
/opt/venv/lib/python3.12/site-packages/httpx/_client.py:979: in _send_handling_redirects
    response = self._send_single_request(request)
               ^^^^^^^^^^^^^^^^^^^^^^^^^^^^^^^^^^
/opt/venv/lib/python3.12/site-packages/httpx/_client.py:1014: in _send_single_request
    response = transport.handle_request(request)
               ^^^^^^^^^^^^^^^^^^^^^^^^^^^^^^^^^
/opt/venv/lib/python3.12/site-packages/httpx/_transports/default.py:249: in handle_request
    with map_httpcore_exceptions():
         ^^^^^^^^^^^^^^^^^^^^^^^^^
/usr/local/lib/python3.12/contextlib.py:158: in __exit__
    self.gen.throw(value)
_ _ _ _ _ _ _ _ _ _ _ _ _ _ _ _ _ _ _ _ _ _ _ _ _ _ _ _ _ _ _ _ _ _ _ _ _ _ _ _ 

    @contextlib.contextmanager
    def map_httpcore_exceptions() -> typing.Iterator[None]:
        global HTTPCORE_EXC_MAP
        if len(HTTPCORE_EXC_MAP) == 0:
            HTTPCORE_EXC_MAP = _load_httpcore_exceptions()
        try:
            yield
        except Exception as exc:
            mapped_exc = None
    
            for from_exc, to_exc in HTTPCORE_EXC_MAP.items():
                if not isinstance(exc, from_exc):
                    continue
                # We want to map to the most specific exception we can find.
                # Eg if `exc` is an `httpcore.ReadTimeout`, we want to map to
                # `httpx.ReadTimeout`, not just `httpx.TimeoutException`.
                if mapped_exc is None or issubclass(to_exc, mapped_exc):
                    mapped_exc = to_exc
    
            if mapped_exc is None:  # pragma: no cover
                raise
    
            message = str(exc)
>           raise mapped_exc(message) from exc
E           httpx.ConnectError: [Errno -2] Name or service not known

/opt/venv/lib/python3.12/site-packages/httpx/_transports/default.py:118: ConnectError

The above exception was the direct cause of the following exception:

plans_api = PlansAPI(api=QuestionsAPI(engine=Engine(postgresql+psycopg://partsignal:***@postgres:5432/partsignal_geo208_6bfdb8006d...1b2b1a9dd254'), surface=UUID('e15f5a89-5b81-4ccd-995e-c7c737f165d3'), name='虚构计划-c0a8d281-7d83-4de6-9e68-83683e718e92')
statement = 'UPDATE geo_manual_submissions SET identity_hash=identity_hash WHERE run_id=:run'
constraint = 'ck_geo_manual_submissions_immutable'

>   ???

/Users/sc/PycharmProjects/partsignal/backend/tests/integration/test_geo_r2_immutability.py:123: 
_ _ _ _ _ _ _ _ _ _ _ _ _ _ _ _ _ _ _ _ _ _ _ _ _ _ _ _ _ _ _ _ _ _ _ _ _ _ _ _ 
/Users/sc/PycharmProjects/partsignal/backend/tests/integration/test_geo_manual_collection.py:70: in evidence
    ???
_ _ _ _ _ _ _ _ _ _ _ _ _ _ _ _ _ _ _ _ _ _ _ _ _ _ _ _ _ _ _ _ _ _ _ _ _ _ _ _ 

self = <app.services.storage.DevelopmentEvidenceStorage object at 0xf131ebae9a60>
object_key = 'geo305/e62f8ad3-ed5a-4344-8a51-8f1f4804588b'
data = b'fixture-redacted-screenshot'

    def put(
        self,
        object_key: str,
        data: bytes,
        *,
        content_type: str,
        sha256: str,
    ) -> None:
        """通过内部签名 URL 保存服务端已经校验的对象。"""
        expires_at = datetime.now(UTC) + timedelta(seconds=60)
        url = signed_storage_url("upload", object_key, expires_at, internal=True)
        try:
            response = httpx.put(
                url,
                content=data,
                headers={"content-type": content_type, "x-meta-sha256": sha256},
                timeout=10,
            )
            response.raise_for_status()
        except (httpx.HTTPStatusError, httpx.RequestError) as error:
>           raise StorageUnavailable("开发对象存储 PUT 请求失败") from error
E           app.services.storage.StorageUnavailable: 开发对象存储 PUT 请求失败

app/services/storage.py:139: StorageUnavailable
_ test_committed_aggregate_attack_rolls_back_entire_transaction[DELETE FROM geo_manual_submissions WHERE run_id=:run-ck_geo_manual_submissions_immutable] _

    @contextlib.contextmanager
    def map_httpcore_exceptions() -> typing.Iterator[None]:
        global HTTPCORE_EXC_MAP
        if len(HTTPCORE_EXC_MAP) == 0:
            HTTPCORE_EXC_MAP = _load_httpcore_exceptions()
        try:
>           yield

/opt/venv/lib/python3.12/site-packages/httpx/_transports/default.py:101: 
_ _ _ _ _ _ _ _ _ _ _ _ _ _ _ _ _ _ _ _ _ _ _ _ _ _ _ _ _ _ _ _ _ _ _ _ _ _ _ _ 
/opt/venv/lib/python3.12/site-packages/httpx/_transports/default.py:250: in handle_request
    resp = self._pool.handle_request(req)
           ^^^^^^^^^^^^^^^^^^^^^^^^^^^^^^
/opt/venv/lib/python3.12/site-packages/httpcore/_sync/connection_pool.py:256: in handle_request
    raise exc from None
/opt/venv/lib/python3.12/site-packages/httpcore/_sync/connection_pool.py:236: in handle_request
    response = connection.handle_request(
/opt/venv/lib/python3.12/site-packages/httpcore/_sync/connection.py:101: in handle_request
    raise exc
/opt/venv/lib/python3.12/site-packages/httpcore/_sync/connection.py:78: in handle_request
    stream = self._connect(request)
             ^^^^^^^^^^^^^^^^^^^^^^
/opt/venv/lib/python3.12/site-packages/httpcore/_sync/connection.py:124: in _connect
    stream = self._network_backend.connect_tcp(**kwargs)
             ^^^^^^^^^^^^^^^^^^^^^^^^^^^^^^^^^^^^^^^^^^^
/opt/venv/lib/python3.12/site-packages/httpcore/_backends/sync.py:207: in connect_tcp
    with map_exceptions(exc_map):
         ^^^^^^^^^^^^^^^^^^^^^^^
/usr/local/lib/python3.12/contextlib.py:158: in __exit__
    self.gen.throw(value)
_ _ _ _ _ _ _ _ _ _ _ _ _ _ _ _ _ _ _ _ _ _ _ _ _ _ _ _ _ _ _ _ _ _ _ _ _ _ _ _ 

map = {<class 'TimeoutError'>: <class 'httpcore.ConnectTimeout'>, <class 'OSError'>: <class 'httpcore.ConnectError'>}

    @contextlib.contextmanager
    def map_exceptions(map: ExceptionMapping) -> typing.Iterator[None]:
        try:
            yield
        except Exception as exc:  # noqa: PIE786
            for from_exc, to_exc in map.items():
                if isinstance(exc, from_exc):
>                   raise to_exc(exc) from exc
E                   httpcore.ConnectError: [Errno -2] Name or service not known

/opt/venv/lib/python3.12/site-packages/httpcore/_exceptions.py:14: ConnectError

The above exception was the direct cause of the following exception:

self = <app.services.storage.DevelopmentEvidenceStorage object at 0xf13200b29970>
object_key = 'geo305/f683ce9a-bf8c-4794-94f0-e8ed4c203489'
data = b'fixture-redacted-screenshot'

    def put(
        self,
        object_key: str,
        data: bytes,
        *,
        content_type: str,
        sha256: str,
    ) -> None:
        """通过内部签名 URL 保存服务端已经校验的对象。"""
        expires_at = datetime.now(UTC) + timedelta(seconds=60)
        url = signed_storage_url("upload", object_key, expires_at, internal=True)
        try:
>           response = httpx.put(
                url,
                content=data,
                headers={"content-type": content_type, "x-meta-sha256": sha256},
                timeout=10,
            )

app/services/storage.py:131: 
_ _ _ _ _ _ _ _ _ _ _ _ _ _ _ _ _ _ _ _ _ _ _ _ _ _ _ _ _ _ _ _ _ _ _ _ _ _ _ _ 
/opt/venv/lib/python3.12/site-packages/httpx/_api.py:345: in put
    return request(
/opt/venv/lib/python3.12/site-packages/httpx/_api.py:109: in request
    return client.request(
/opt/venv/lib/python3.12/site-packages/httpx/_client.py:825: in request
    return self.send(request, auth=auth, follow_redirects=follow_redirects)
           ^^^^^^^^^^^^^^^^^^^^^^^^^^^^^^^^^^^^^^^^^^^^^^^^^^^^^^^^^^^^^^^^
/opt/venv/lib/python3.12/site-packages/httpx/_client.py:914: in send
    response = self._send_handling_auth(
/opt/venv/lib/python3.12/site-packages/httpx/_client.py:942: in _send_handling_auth
    response = self._send_handling_redirects(
/opt/venv/lib/python3.12/site-packages/httpx/_client.py:979: in _send_handling_redirects
    response = self._send_single_request(request)
               ^^^^^^^^^^^^^^^^^^^^^^^^^^^^^^^^^^
/opt/venv/lib/python3.12/site-packages/httpx/_client.py:1014: in _send_single_request
    response = transport.handle_request(request)
               ^^^^^^^^^^^^^^^^^^^^^^^^^^^^^^^^^
/opt/venv/lib/python3.12/site-packages/httpx/_transports/default.py:249: in handle_request
    with map_httpcore_exceptions():
         ^^^^^^^^^^^^^^^^^^^^^^^^^
/usr/local/lib/python3.12/contextlib.py:158: in __exit__
    self.gen.throw(value)
_ _ _ _ _ _ _ _ _ _ _ _ _ _ _ _ _ _ _ _ _ _ _ _ _ _ _ _ _ _ _ _ _ _ _ _ _ _ _ _ 

    @contextlib.contextmanager
    def map_httpcore_exceptions() -> typing.Iterator[None]:
        global HTTPCORE_EXC_MAP
        if len(HTTPCORE_EXC_MAP) == 0:
            HTTPCORE_EXC_MAP = _load_httpcore_exceptions()
        try:
            yield
        except Exception as exc:
            mapped_exc = None
    
            for from_exc, to_exc in HTTPCORE_EXC_MAP.items():
                if not isinstance(exc, from_exc):
                    continue
                # We want to map to the most specific exception we can find.
                # Eg if `exc` is an `httpcore.ReadTimeout`, we want to map to
                # `httpx.ReadTimeout`, not just `httpx.TimeoutException`.
                if mapped_exc is None or issubclass(to_exc, mapped_exc):
                    mapped_exc = to_exc
    
            if mapped_exc is None:  # pragma: no cover
                raise
    
            message = str(exc)
>           raise mapped_exc(message) from exc
E           httpx.ConnectError: [Errno -2] Name or service not known

/opt/venv/lib/python3.12/site-packages/httpx/_transports/default.py:118: ConnectError

The above exception was the direct cause of the following exception:

plans_api = PlansAPI(api=QuestionsAPI(engine=Engine(postgresql+psycopg://partsignal:***@postgres:5432/partsignal_geo208_6bfdb8006d...944755cb65f5'), surface=UUID('2a103f18-9683-4404-8afe-0d54d44521f0'), name='虚构计划-31b21f63-ee2a-44d7-bb3e-6ae9fc20174e')
statement = 'DELETE FROM geo_manual_submissions WHERE run_id=:run'
constraint = 'ck_geo_manual_submissions_immutable'

>   ???

/Users/sc/PycharmProjects/partsignal/backend/tests/integration/test_geo_r2_immutability.py:123: 
_ _ _ _ _ _ _ _ _ _ _ _ _ _ _ _ _ _ _ _ _ _ _ _ _ _ _ _ _ _ _ _ _ _ _ _ _ _ _ _ 
/Users/sc/PycharmProjects/partsignal/backend/tests/integration/test_geo_manual_collection.py:70: in evidence
    ???
_ _ _ _ _ _ _ _ _ _ _ _ _ _ _ _ _ _ _ _ _ _ _ _ _ _ _ _ _ _ _ _ _ _ _ _ _ _ _ _ 

self = <app.services.storage.DevelopmentEvidenceStorage object at 0xf13200b29970>
object_key = 'geo305/f683ce9a-bf8c-4794-94f0-e8ed4c203489'
data = b'fixture-redacted-screenshot'

    def put(
        self,
        object_key: str,
        data: bytes,
        *,
        content_type: str,
        sha256: str,
    ) -> None:
        """通过内部签名 URL 保存服务端已经校验的对象。"""
        expires_at = datetime.now(UTC) + timedelta(seconds=60)
        url = signed_storage_url("upload", object_key, expires_at, internal=True)
        try:
            response = httpx.put(
                url,
                content=data,
                headers={"content-type": content_type, "x-meta-sha256": sha256},
                timeout=10,
            )
            response.raise_for_status()
        except (httpx.HTTPStatusError, httpx.RequestError) as error:
>           raise StorageUnavailable("开发对象存储 PUT 请求失败") from error
E           app.services.storage.StorageUnavailable: 开发对象存储 PUT 请求失败

app/services/storage.py:139: StorageUnavailable
_ test_committed_aggregate_attack_rolls_back_entire_transaction[UPDATE geo_batch_creation_requests SET request_hash=request_hash WHERE batch_id=:batch-ck_geo_creation_immutable] _

    @contextlib.contextmanager
    def map_httpcore_exceptions() -> typing.Iterator[None]:
        global HTTPCORE_EXC_MAP
        if len(HTTPCORE_EXC_MAP) == 0:
            HTTPCORE_EXC_MAP = _load_httpcore_exceptions()
        try:
>           yield

/opt/venv/lib/python3.12/site-packages/httpx/_transports/default.py:101: 
_ _ _ _ _ _ _ _ _ _ _ _ _ _ _ _ _ _ _ _ _ _ _ _ _ _ _ _ _ _ _ _ _ _ _ _ _ _ _ _ 
/opt/venv/lib/python3.12/site-packages/httpx/_transports/default.py:250: in handle_request
    resp = self._pool.handle_request(req)
           ^^^^^^^^^^^^^^^^^^^^^^^^^^^^^^
/opt/venv/lib/python3.12/site-packages/httpcore/_sync/connection_pool.py:256: in handle_request
    raise exc from None
/opt/venv/lib/python3.12/site-packages/httpcore/_sync/connection_pool.py:236: in handle_request
    response = connection.handle_request(
/opt/venv/lib/python3.12/site-packages/httpcore/_sync/connection.py:101: in handle_request
    raise exc
/opt/venv/lib/python3.12/site-packages/httpcore/_sync/connection.py:78: in handle_request
    stream = self._connect(request)
             ^^^^^^^^^^^^^^^^^^^^^^
/opt/venv/lib/python3.12/site-packages/httpcore/_sync/connection.py:124: in _connect
    stream = self._network_backend.connect_tcp(**kwargs)
             ^^^^^^^^^^^^^^^^^^^^^^^^^^^^^^^^^^^^^^^^^^^
/opt/venv/lib/python3.12/site-packages/httpcore/_backends/sync.py:207: in connect_tcp
    with map_exceptions(exc_map):
         ^^^^^^^^^^^^^^^^^^^^^^^
/usr/local/lib/python3.12/contextlib.py:158: in __exit__
    self.gen.throw(value)
_ _ _ _ _ _ _ _ _ _ _ _ _ _ _ _ _ _ _ _ _ _ _ _ _ _ _ _ _ _ _ _ _ _ _ _ _ _ _ _ 

map = {<class 'TimeoutError'>: <class 'httpcore.ConnectTimeout'>, <class 'OSError'>: <class 'httpcore.ConnectError'>}

    @contextlib.contextmanager
    def map_exceptions(map: ExceptionMapping) -> typing.Iterator[None]:
        try:
            yield
        except Exception as exc:  # noqa: PIE786
            for from_exc, to_exc in map.items():
                if isinstance(exc, from_exc):
>                   raise to_exc(exc) from exc
E                   httpcore.ConnectError: [Errno -2] Name or service not known

/opt/venv/lib/python3.12/site-packages/httpcore/_exceptions.py:14: ConnectError

The above exception was the direct cause of the following exception:

self = <app.services.storage.DevelopmentEvidenceStorage object at 0xf13200b2be30>
object_key = 'geo305/49368ef7-bd09-48ae-8167-2d725aecd4ec'
data = b'fixture-redacted-screenshot'

    def put(
        self,
        object_key: str,
        data: bytes,
        *,
        content_type: str,
        sha256: str,
    ) -> None:
        """通过内部签名 URL 保存服务端已经校验的对象。"""
        expires_at = datetime.now(UTC) + timedelta(seconds=60)
        url = signed_storage_url("upload", object_key, expires_at, internal=True)
        try:
>           response = httpx.put(
                url,
                content=data,
                headers={"content-type": content_type, "x-meta-sha256": sha256},
                timeout=10,
            )

app/services/storage.py:131: 
_ _ _ _ _ _ _ _ _ _ _ _ _ _ _ _ _ _ _ _ _ _ _ _ _ _ _ _ _ _ _ _ _ _ _ _ _ _ _ _ 
/opt/venv/lib/python3.12/site-packages/httpx/_api.py:345: in put
    return request(
/opt/venv/lib/python3.12/site-packages/httpx/_api.py:109: in request
    return client.request(
/opt/venv/lib/python3.12/site-packages/httpx/_client.py:825: in request
    return self.send(request, auth=auth, follow_redirects=follow_redirects)
           ^^^^^^^^^^^^^^^^^^^^^^^^^^^^^^^^^^^^^^^^^^^^^^^^^^^^^^^^^^^^^^^^
/opt/venv/lib/python3.12/site-packages/httpx/_client.py:914: in send
    response = self._send_handling_auth(
/opt/venv/lib/python3.12/site-packages/httpx/_client.py:942: in _send_handling_auth
    response = self._send_handling_redirects(
/opt/venv/lib/python3.12/site-packages/httpx/_client.py:979: in _send_handling_redirects
    response = self._send_single_request(request)
               ^^^^^^^^^^^^^^^^^^^^^^^^^^^^^^^^^^
/opt/venv/lib/python3.12/site-packages/httpx/_client.py:1014: in _send_single_request
    response = transport.handle_request(request)
               ^^^^^^^^^^^^^^^^^^^^^^^^^^^^^^^^^
/opt/venv/lib/python3.12/site-packages/httpx/_transports/default.py:249: in handle_request
    with map_httpcore_exceptions():
         ^^^^^^^^^^^^^^^^^^^^^^^^^
/usr/local/lib/python3.12/contextlib.py:158: in __exit__
    self.gen.throw(value)
_ _ _ _ _ _ _ _ _ _ _ _ _ _ _ _ _ _ _ _ _ _ _ _ _ _ _ _ _ _ _ _ _ _ _ _ _ _ _ _ 

    @contextlib.contextmanager
    def map_httpcore_exceptions() -> typing.Iterator[None]:
        global HTTPCORE_EXC_MAP
        if len(HTTPCORE_EXC_MAP) == 0:
            HTTPCORE_EXC_MAP = _load_httpcore_exceptions()
        try:
            yield
        except Exception as exc:
            mapped_exc = None
    
            for from_exc, to_exc in HTTPCORE_EXC_MAP.items():
                if not isinstance(exc, from_exc):
                    continue
                # We want to map to the most specific exception we can find.
                # Eg if `exc` is an `httpcore.ReadTimeout`, we want to map to
                # `httpx.ReadTimeout`, not just `httpx.TimeoutException`.
                if mapped_exc is None or issubclass(to_exc, mapped_exc):
                    mapped_exc = to_exc
    
            if mapped_exc is None:  # pragma: no cover
                raise
    
            message = str(exc)
>           raise mapped_exc(message) from exc
E           httpx.ConnectError: [Errno -2] Name or service not known

/opt/venv/lib/python3.12/site-packages/httpx/_transports/default.py:118: ConnectError

The above exception was the direct cause of the following exception:

plans_api = PlansAPI(api=QuestionsAPI(engine=Engine(postgresql+psycopg://partsignal:***@postgres:5432/partsignal_geo208_6bfdb8006d...721d5e639526'), surface=UUID('76366c5e-ee8d-4055-b981-44a149e1733a'), name='虚构计划-336be63e-6b6c-4117-914e-9402d68a9696')
statement = 'UPDATE geo_batch_creation_requests SET request_hash=request_hash WHERE batch_id=:batch'
constraint = 'ck_geo_creation_immutable'

>   ???

/Users/sc/PycharmProjects/partsignal/backend/tests/integration/test_geo_r2_immutability.py:123: 
_ _ _ _ _ _ _ _ _ _ _ _ _ _ _ _ _ _ _ _ _ _ _ _ _ _ _ _ _ _ _ _ _ _ _ _ _ _ _ _ 
/Users/sc/PycharmProjects/partsignal/backend/tests/integration/test_geo_manual_collection.py:70: in evidence
    ???
_ _ _ _ _ _ _ _ _ _ _ _ _ _ _ _ _ _ _ _ _ _ _ _ _ _ _ _ _ _ _ _ _ _ _ _ _ _ _ _ 

self = <app.services.storage.DevelopmentEvidenceStorage object at 0xf13200b2be30>
object_key = 'geo305/49368ef7-bd09-48ae-8167-2d725aecd4ec'
data = b'fixture-redacted-screenshot'

    def put(
        self,
        object_key: str,
        data: bytes,
        *,
        content_type: str,
        sha256: str,
    ) -> None:
        """通过内部签名 URL 保存服务端已经校验的对象。"""
        expires_at = datetime.now(UTC) + timedelta(seconds=60)
        url = signed_storage_url("upload", object_key, expires_at, internal=True)
        try:
            response = httpx.put(
                url,
                content=data,
                headers={"content-type": content_type, "x-meta-sha256": sha256},
                timeout=10,
            )
            response.raise_for_status()
        except (httpx.HTTPStatusError, httpx.RequestError) as error:
>           raise StorageUnavailable("开发对象存储 PUT 请求失败") from error
E           app.services.storage.StorageUnavailable: 开发对象存储 PUT 请求失败

app/services/storage.py:139: StorageUnavailable
_ test_committed_aggregate_attack_rolls_back_entire_transaction[DELETE FROM geo_batch_subjects WHERE batch_id=:batch-ck_geo_creation_immutable] _

    @contextlib.contextmanager
    def map_httpcore_exceptions() -> typing.Iterator[None]:
        global HTTPCORE_EXC_MAP
        if len(HTTPCORE_EXC_MAP) == 0:
            HTTPCORE_EXC_MAP = _load_httpcore_exceptions()
        try:
>           yield

/opt/venv/lib/python3.12/site-packages/httpx/_transports/default.py:101: 
_ _ _ _ _ _ _ _ _ _ _ _ _ _ _ _ _ _ _ _ _ _ _ _ _ _ _ _ _ _ _ _ _ _ _ _ _ _ _ _ 
/opt/venv/lib/python3.12/site-packages/httpx/_transports/default.py:250: in handle_request
    resp = self._pool.handle_request(req)
           ^^^^^^^^^^^^^^^^^^^^^^^^^^^^^^
/opt/venv/lib/python3.12/site-packages/httpcore/_sync/connection_pool.py:256: in handle_request
    raise exc from None
/opt/venv/lib/python3.12/site-packages/httpcore/_sync/connection_pool.py:236: in handle_request
    response = connection.handle_request(
/opt/venv/lib/python3.12/site-packages/httpcore/_sync/connection.py:101: in handle_request
    raise exc
/opt/venv/lib/python3.12/site-packages/httpcore/_sync/connection.py:78: in handle_request
    stream = self._connect(request)
             ^^^^^^^^^^^^^^^^^^^^^^
/opt/venv/lib/python3.12/site-packages/httpcore/_sync/connection.py:124: in _connect
    stream = self._network_backend.connect_tcp(**kwargs)
             ^^^^^^^^^^^^^^^^^^^^^^^^^^^^^^^^^^^^^^^^^^^
/opt/venv/lib/python3.12/site-packages/httpcore/_backends/sync.py:207: in connect_tcp
    with map_exceptions(exc_map):
         ^^^^^^^^^^^^^^^^^^^^^^^
/usr/local/lib/python3.12/contextlib.py:158: in __exit__
    self.gen.throw(value)
_ _ _ _ _ _ _ _ _ _ _ _ _ _ _ _ _ _ _ _ _ _ _ _ _ _ _ _ _ _ _ _ _ _ _ _ _ _ _ _ 

map = {<class 'TimeoutError'>: <class 'httpcore.ConnectTimeout'>, <class 'OSError'>: <class 'httpcore.ConnectError'>}

    @contextlib.contextmanager
    def map_exceptions(map: ExceptionMapping) -> typing.Iterator[None]:
        try:
            yield
        except Exception as exc:  # noqa: PIE786
            for from_exc, to_exc in map.items():
                if isinstance(exc, from_exc):
>                   raise to_exc(exc) from exc
E                   httpcore.ConnectError: [Errno -2] Name or service not known

/opt/venv/lib/python3.12/site-packages/httpcore/_exceptions.py:14: ConnectError

The above exception was the direct cause of the following exception:

self = <app.services.storage.DevelopmentEvidenceStorage object at 0xf13201f0c050>
object_key = 'geo305/54aea254-0948-42d5-a797-9cc27ab0a1b7'
data = b'fixture-redacted-screenshot'

    def put(
        self,
        object_key: str,
        data: bytes,
        *,
        content_type: str,
        sha256: str,
    ) -> None:
        """通过内部签名 URL 保存服务端已经校验的对象。"""
        expires_at = datetime.now(UTC) + timedelta(seconds=60)
        url = signed_storage_url("upload", object_key, expires_at, internal=True)
        try:
>           response = httpx.put(
                url,
                content=data,
                headers={"content-type": content_type, "x-meta-sha256": sha256},
                timeout=10,
            )

app/services/storage.py:131: 
_ _ _ _ _ _ _ _ _ _ _ _ _ _ _ _ _ _ _ _ _ _ _ _ _ _ _ _ _ _ _ _ _ _ _ _ _ _ _ _ 
/opt/venv/lib/python3.12/site-packages/httpx/_api.py:345: in put
    return request(
/opt/venv/lib/python3.12/site-packages/httpx/_api.py:109: in request
    return client.request(
/opt/venv/lib/python3.12/site-packages/httpx/_client.py:825: in request
    return self.send(request, auth=auth, follow_redirects=follow_redirects)
           ^^^^^^^^^^^^^^^^^^^^^^^^^^^^^^^^^^^^^^^^^^^^^^^^^^^^^^^^^^^^^^^^
/opt/venv/lib/python3.12/site-packages/httpx/_client.py:914: in send
    response = self._send_handling_auth(
/opt/venv/lib/python3.12/site-packages/httpx/_client.py:942: in _send_handling_auth
    response = self._send_handling_redirects(
/opt/venv/lib/python3.12/site-packages/httpx/_client.py:979: in _send_handling_redirects
    response = self._send_single_request(request)
               ^^^^^^^^^^^^^^^^^^^^^^^^^^^^^^^^^^
/opt/venv/lib/python3.12/site-packages/httpx/_client.py:1014: in _send_single_request
    response = transport.handle_request(request)
               ^^^^^^^^^^^^^^^^^^^^^^^^^^^^^^^^^
/opt/venv/lib/python3.12/site-packages/httpx/_transports/default.py:249: in handle_request
    with map_httpcore_exceptions():
         ^^^^^^^^^^^^^^^^^^^^^^^^^
/usr/local/lib/python3.12/contextlib.py:158: in __exit__
    self.gen.throw(value)
_ _ _ _ _ _ _ _ _ _ _ _ _ _ _ _ _ _ _ _ _ _ _ _ _ _ _ _ _ _ _ _ _ _ _ _ _ _ _ _ 

    @contextlib.contextmanager
    def map_httpcore_exceptions() -> typing.Iterator[None]:
        global HTTPCORE_EXC_MAP
        if len(HTTPCORE_EXC_MAP) == 0:
            HTTPCORE_EXC_MAP = _load_httpcore_exceptions()
        try:
            yield
        except Exception as exc:
            mapped_exc = None
    
            for from_exc, to_exc in HTTPCORE_EXC_MAP.items():
                if not isinstance(exc, from_exc):
                    continue
                # We want to map to the most specific exception we can find.
                # Eg if `exc` is an `httpcore.ReadTimeout`, we want to map to
                # `httpx.ReadTimeout`, not just `httpx.TimeoutException`.
                if mapped_exc is None or issubclass(to_exc, mapped_exc):
                    mapped_exc = to_exc
    
            if mapped_exc is None:  # pragma: no cover
                raise
    
            message = str(exc)
>           raise mapped_exc(message) from exc
E           httpx.ConnectError: [Errno -2] Name or service not known

/opt/venv/lib/python3.12/site-packages/httpx/_transports/default.py:118: ConnectError

The above exception was the direct cause of the following exception:

plans_api = PlansAPI(api=QuestionsAPI(engine=Engine(postgresql+psycopg://partsignal:***@postgres:5432/partsignal_geo208_6bfdb8006d...8abb6dfaa1f0'), surface=UUID('aabf670c-28a4-4ad4-9f1f-a1670acedf1c'), name='虚构计划-c7bf1d35-e21f-4cae-8b47-1ec713525ee0')
statement = 'DELETE FROM geo_batch_subjects WHERE batch_id=:batch'
constraint = 'ck_geo_creation_immutable'

>   ???

/Users/sc/PycharmProjects/partsignal/backend/tests/integration/test_geo_r2_immutability.py:123: 
_ _ _ _ _ _ _ _ _ _ _ _ _ _ _ _ _ _ _ _ _ _ _ _ _ _ _ _ _ _ _ _ _ _ _ _ _ _ _ _ 
/Users/sc/PycharmProjects/partsignal/backend/tests/integration/test_geo_manual_collection.py:70: in evidence
    ???
_ _ _ _ _ _ _ _ _ _ _ _ _ _ _ _ _ _ _ _ _ _ _ _ _ _ _ _ _ _ _ _ _ _ _ _ _ _ _ _ 

self = <app.services.storage.DevelopmentEvidenceStorage object at 0xf13201f0c050>
object_key = 'geo305/54aea254-0948-42d5-a797-9cc27ab0a1b7'
data = b'fixture-redacted-screenshot'

    def put(
        self,
        object_key: str,
        data: bytes,
        *,
        content_type: str,
        sha256: str,
    ) -> None:
        """通过内部签名 URL 保存服务端已经校验的对象。"""
        expires_at = datetime.now(UTC) + timedelta(seconds=60)
        url = signed_storage_url("upload", object_key, expires_at, internal=True)
        try:
            response = httpx.put(
                url,
                content=data,
                headers={"content-type": content_type, "x-meta-sha256": sha256},
                timeout=10,
            )
            response.raise_for_status()
        except (httpx.HTTPStatusError, httpx.RequestError) as error:
>           raise StorageUnavailable("开发对象存储 PUT 请求失败") from error
E           app.services.storage.StorageUnavailable: 开发对象存储 PUT 请求失败

app/services/storage.py:139: StorageUnavailable
_ test_committed_aggregate_attack_rolls_back_entire_transaction[UPDATE geo_observation_runs SET input_snapshot='{}',revision=revision+1 WHERE id=:run-ck_geo_runs_immutable] _

    @contextlib.contextmanager
    def map_httpcore_exceptions() -> typing.Iterator[None]:
        global HTTPCORE_EXC_MAP
        if len(HTTPCORE_EXC_MAP) == 0:
            HTTPCORE_EXC_MAP = _load_httpcore_exceptions()
        try:
>           yield

/opt/venv/lib/python3.12/site-packages/httpx/_transports/default.py:101: 
_ _ _ _ _ _ _ _ _ _ _ _ _ _ _ _ _ _ _ _ _ _ _ _ _ _ _ _ _ _ _ _ _ _ _ _ _ _ _ _ 
/opt/venv/lib/python3.12/site-packages/httpx/_transports/default.py:250: in handle_request
    resp = self._pool.handle_request(req)
           ^^^^^^^^^^^^^^^^^^^^^^^^^^^^^^
/opt/venv/lib/python3.12/site-packages/httpcore/_sync/connection_pool.py:256: in handle_request
    raise exc from None
/opt/venv/lib/python3.12/site-packages/httpcore/_sync/connection_pool.py:236: in handle_request
    response = connection.handle_request(
/opt/venv/lib/python3.12/site-packages/httpcore/_sync/connection.py:101: in handle_request
    raise exc
/opt/venv/lib/python3.12/site-packages/httpcore/_sync/connection.py:78: in handle_request
    stream = self._connect(request)
             ^^^^^^^^^^^^^^^^^^^^^^
/opt/venv/lib/python3.12/site-packages/httpcore/_sync/connection.py:124: in _connect
    stream = self._network_backend.connect_tcp(**kwargs)
             ^^^^^^^^^^^^^^^^^^^^^^^^^^^^^^^^^^^^^^^^^^^
/opt/venv/lib/python3.12/site-packages/httpcore/_backends/sync.py:207: in connect_tcp
    with map_exceptions(exc_map):
         ^^^^^^^^^^^^^^^^^^^^^^^
/usr/local/lib/python3.12/contextlib.py:158: in __exit__
    self.gen.throw(value)
_ _ _ _ _ _ _ _ _ _ _ _ _ _ _ _ _ _ _ _ _ _ _ _ _ _ _ _ _ _ _ _ _ _ _ _ _ _ _ _ 

map = {<class 'TimeoutError'>: <class 'httpcore.ConnectTimeout'>, <class 'OSError'>: <class 'httpcore.ConnectError'>}

    @contextlib.contextmanager
    def map_exceptions(map: ExceptionMapping) -> typing.Iterator[None]:
        try:
            yield
        except Exception as exc:  # noqa: PIE786
            for from_exc, to_exc in map.items():
                if isinstance(exc, from_exc):
>                   raise to_exc(exc) from exc
E                   httpcore.ConnectError: [Errno -2] Name or service not known

/opt/venv/lib/python3.12/site-packages/httpcore/_exceptions.py:14: ConnectError

The above exception was the direct cause of the following exception:

self = <app.services.storage.DevelopmentEvidenceStorage object at 0xf131e9e48200>
object_key = 'geo305/519f0c2b-ab57-4776-99f6-d0638eced0d9'
data = b'fixture-redacted-screenshot'

    def put(
        self,
        object_key: str,
        data: bytes,
        *,
        content_type: str,
        sha256: str,
    ) -> None:
        """通过内部签名 URL 保存服务端已经校验的对象。"""
        expires_at = datetime.now(UTC) + timedelta(seconds=60)
        url = signed_storage_url("upload", object_key, expires_at, internal=True)
        try:
>           response = httpx.put(
                url,
                content=data,
                headers={"content-type": content_type, "x-meta-sha256": sha256},
                timeout=10,
            )

app/services/storage.py:131: 
_ _ _ _ _ _ _ _ _ _ _ _ _ _ _ _ _ _ _ _ _ _ _ _ _ _ _ _ _ _ _ _ _ _ _ _ _ _ _ _ 
/opt/venv/lib/python3.12/site-packages/httpx/_api.py:345: in put
    return request(
/opt/venv/lib/python3.12/site-packages/httpx/_api.py:109: in request
    return client.request(
/opt/venv/lib/python3.12/site-packages/httpx/_client.py:825: in request
    return self.send(request, auth=auth, follow_redirects=follow_redirects)
           ^^^^^^^^^^^^^^^^^^^^^^^^^^^^^^^^^^^^^^^^^^^^^^^^^^^^^^^^^^^^^^^^
/opt/venv/lib/python3.12/site-packages/httpx/_client.py:914: in send
    response = self._send_handling_auth(
/opt/venv/lib/python3.12/site-packages/httpx/_client.py:942: in _send_handling_auth
    response = self._send_handling_redirects(
/opt/venv/lib/python3.12/site-packages/httpx/_client.py:979: in _send_handling_redirects
    response = self._send_single_request(request)
               ^^^^^^^^^^^^^^^^^^^^^^^^^^^^^^^^^^
/opt/venv/lib/python3.12/site-packages/httpx/_client.py:1014: in _send_single_request
    response = transport.handle_request(request)
               ^^^^^^^^^^^^^^^^^^^^^^^^^^^^^^^^^
/opt/venv/lib/python3.12/site-packages/httpx/_transports/default.py:249: in handle_request
    with map_httpcore_exceptions():
         ^^^^^^^^^^^^^^^^^^^^^^^^^
/usr/local/lib/python3.12/contextlib.py:158: in __exit__
    self.gen.throw(value)
_ _ _ _ _ _ _ _ _ _ _ _ _ _ _ _ _ _ _ _ _ _ _ _ _ _ _ _ _ _ _ _ _ _ _ _ _ _ _ _ 

    @contextlib.contextmanager
    def map_httpcore_exceptions() -> typing.Iterator[None]:
        global HTTPCORE_EXC_MAP
        if len(HTTPCORE_EXC_MAP) == 0:
            HTTPCORE_EXC_MAP = _load_httpcore_exceptions()
        try:
            yield
        except Exception as exc:
            mapped_exc = None
    
            for from_exc, to_exc in HTTPCORE_EXC_MAP.items():
                if not isinstance(exc, from_exc):
                    continue
                # We want to map to the most specific exception we can find.
                # Eg if `exc` is an `httpcore.ReadTimeout`, we want to map to
                # `httpx.ReadTimeout`, not just `httpx.TimeoutException`.
                if mapped_exc is None or issubclass(to_exc, mapped_exc):
                    mapped_exc = to_exc
    
            if mapped_exc is None:  # pragma: no cover
                raise
    
            message = str(exc)
>           raise mapped_exc(message) from exc
E           httpx.ConnectError: [Errno -2] Name or service not known

/opt/venv/lib/python3.12/site-packages/httpx/_transports/default.py:118: ConnectError

The above exception was the direct cause of the following exception:

plans_api = PlansAPI(api=QuestionsAPI(engine=Engine(postgresql+psycopg://partsignal:***@postgres:5432/partsignal_geo208_6bfdb8006d...2b57514f8e7a'), surface=UUID('e48e4ccb-4664-4e61-a28a-937931429a50'), name='虚构计划-cd4710c0-887b-4f9b-8293-ab52a9a5fafa')
statement = "UPDATE geo_observation_runs SET input_snapshot='{}',revision=revision+1 WHERE id=:run"
constraint = 'ck_geo_runs_immutable'

>   ???

/Users/sc/PycharmProjects/partsignal/backend/tests/integration/test_geo_r2_immutability.py:123: 
_ _ _ _ _ _ _ _ _ _ _ _ _ _ _ _ _ _ _ _ _ _ _ _ _ _ _ _ _ _ _ _ _ _ _ _ _ _ _ _ 
/Users/sc/PycharmProjects/partsignal/backend/tests/integration/test_geo_manual_collection.py:70: in evidence
    ???
_ _ _ _ _ _ _ _ _ _ _ _ _ _ _ _ _ _ _ _ _ _ _ _ _ _ _ _ _ _ _ _ _ _ _ _ _ _ _ _ 

self = <app.services.storage.DevelopmentEvidenceStorage object at 0xf131e9e48200>
object_key = 'geo305/519f0c2b-ab57-4776-99f6-d0638eced0d9'
data = b'fixture-redacted-screenshot'

    def put(
        self,
        object_key: str,
        data: bytes,
        *,
        content_type: str,
        sha256: str,
    ) -> None:
        """通过内部签名 URL 保存服务端已经校验的对象。"""
        expires_at = datetime.now(UTC) + timedelta(seconds=60)
        url = signed_storage_url("upload", object_key, expires_at, internal=True)
        try:
            response = httpx.put(
                url,
                content=data,
                headers={"content-type": content_type, "x-meta-sha256": sha256},
                timeout=10,
            )
            response.raise_for_status()
        except (httpx.HTTPStatusError, httpx.RequestError) as error:
>           raise StorageUnavailable("开发对象存储 PUT 请求失败") from error
E           app.services.storage.StorageUnavailable: 开发对象存储 PUT 请求失败

app/services/storage.py:139: StorageUnavailable
_ test_committed_aggregate_attack_rolls_back_entire_transaction[DELETE FROM geo_observation_runs WHERE id=:run-ck_geo_runs_immutable] _

    @contextlib.contextmanager
    def map_httpcore_exceptions() -> typing.Iterator[None]:
        global HTTPCORE_EXC_MAP
        if len(HTTPCORE_EXC_MAP) == 0:
            HTTPCORE_EXC_MAP = _load_httpcore_exceptions()
        try:
>           yield

/opt/venv/lib/python3.12/site-packages/httpx/_transports/default.py:101: 
_ _ _ _ _ _ _ _ _ _ _ _ _ _ _ _ _ _ _ _ _ _ _ _ _ _ _ _ _ _ _ _ _ _ _ _ _ _ _ _ 
/opt/venv/lib/python3.12/site-packages/httpx/_transports/default.py:250: in handle_request
    resp = self._pool.handle_request(req)
           ^^^^^^^^^^^^^^^^^^^^^^^^^^^^^^
/opt/venv/lib/python3.12/site-packages/httpcore/_sync/connection_pool.py:256: in handle_request
    raise exc from None
/opt/venv/lib/python3.12/site-packages/httpcore/_sync/connection_pool.py:236: in handle_request
    response = connection.handle_request(
/opt/venv/lib/python3.12/site-packages/httpcore/_sync/connection.py:101: in handle_request
    raise exc
/opt/venv/lib/python3.12/site-packages/httpcore/_sync/connection.py:78: in handle_request
    stream = self._connect(request)
             ^^^^^^^^^^^^^^^^^^^^^^
/opt/venv/lib/python3.12/site-packages/httpcore/_sync/connection.py:124: in _connect
    stream = self._network_backend.connect_tcp(**kwargs)
             ^^^^^^^^^^^^^^^^^^^^^^^^^^^^^^^^^^^^^^^^^^^
/opt/venv/lib/python3.12/site-packages/httpcore/_backends/sync.py:207: in connect_tcp
    with map_exceptions(exc_map):
         ^^^^^^^^^^^^^^^^^^^^^^^
/usr/local/lib/python3.12/contextlib.py:158: in __exit__
    self.gen.throw(value)
_ _ _ _ _ _ _ _ _ _ _ _ _ _ _ _ _ _ _ _ _ _ _ _ _ _ _ _ _ _ _ _ _ _ _ _ _ _ _ _ 

map = {<class 'TimeoutError'>: <class 'httpcore.ConnectTimeout'>, <class 'OSError'>: <class 'httpcore.ConnectError'>}

    @contextlib.contextmanager
    def map_exceptions(map: ExceptionMapping) -> typing.Iterator[None]:
        try:
            yield
        except Exception as exc:  # noqa: PIE786
            for from_exc, to_exc in map.items():
                if isinstance(exc, from_exc):
>                   raise to_exc(exc) from exc
E                   httpcore.ConnectError: [Errno -2] Name or service not known

/opt/venv/lib/python3.12/site-packages/httpcore/_exceptions.py:14: ConnectError

The above exception was the direct cause of the following exception:

self = <app.services.storage.DevelopmentEvidenceStorage object at 0xf13200b173e0>
object_key = 'geo305/a95c459d-2325-4f08-ab9c-2f82c8d4d563'
data = b'fixture-redacted-screenshot'

    def put(
        self,
        object_key: str,
        data: bytes,
        *,
        content_type: str,
        sha256: str,
    ) -> None:
        """通过内部签名 URL 保存服务端已经校验的对象。"""
        expires_at = datetime.now(UTC) + timedelta(seconds=60)
        url = signed_storage_url("upload", object_key, expires_at, internal=True)
        try:
>           response = httpx.put(
                url,
                content=data,
                headers={"content-type": content_type, "x-meta-sha256": sha256},
                timeout=10,
            )

app/services/storage.py:131: 
_ _ _ _ _ _ _ _ _ _ _ _ _ _ _ _ _ _ _ _ _ _ _ _ _ _ _ _ _ _ _ _ _ _ _ _ _ _ _ _ 
/opt/venv/lib/python3.12/site-packages/httpx/_api.py:345: in put
    return request(
/opt/venv/lib/python3.12/site-packages/httpx/_api.py:109: in request
    return client.request(
/opt/venv/lib/python3.12/site-packages/httpx/_client.py:825: in request
    return self.send(request, auth=auth, follow_redirects=follow_redirects)
           ^^^^^^^^^^^^^^^^^^^^^^^^^^^^^^^^^^^^^^^^^^^^^^^^^^^^^^^^^^^^^^^^
/opt/venv/lib/python3.12/site-packages/httpx/_client.py:914: in send
    response = self._send_handling_auth(
/opt/venv/lib/python3.12/site-packages/httpx/_client.py:942: in _send_handling_auth
    response = self._send_handling_redirects(
/opt/venv/lib/python3.12/site-packages/httpx/_client.py:979: in _send_handling_redirects
    response = self._send_single_request(request)
               ^^^^^^^^^^^^^^^^^^^^^^^^^^^^^^^^^^
/opt/venv/lib/python3.12/site-packages/httpx/_client.py:1014: in _send_single_request
    response = transport.handle_request(request)
               ^^^^^^^^^^^^^^^^^^^^^^^^^^^^^^^^^
/opt/venv/lib/python3.12/site-packages/httpx/_transports/default.py:249: in handle_request
    with map_httpcore_exceptions():
         ^^^^^^^^^^^^^^^^^^^^^^^^^
/usr/local/lib/python3.12/contextlib.py:158: in __exit__
    self.gen.throw(value)
_ _ _ _ _ _ _ _ _ _ _ _ _ _ _ _ _ _ _ _ _ _ _ _ _ _ _ _ _ _ _ _ _ _ _ _ _ _ _ _ 

    @contextlib.contextmanager
    def map_httpcore_exceptions() -> typing.Iterator[None]:
        global HTTPCORE_EXC_MAP
        if len(HTTPCORE_EXC_MAP) == 0:
            HTTPCORE_EXC_MAP = _load_httpcore_exceptions()
        try:
            yield
        except Exception as exc:
            mapped_exc = None
    
            for from_exc, to_exc in HTTPCORE_EXC_MAP.items():
                if not isinstance(exc, from_exc):
                    continue
                # We want to map to the most specific exception we can find.
                # Eg if `exc` is an `httpcore.ReadTimeout`, we want to map to
                # `httpx.ReadTimeout`, not just `httpx.TimeoutException`.
                if mapped_exc is None or issubclass(to_exc, mapped_exc):
                    mapped_exc = to_exc
    
            if mapped_exc is None:  # pragma: no cover
                raise
    
            message = str(exc)
>           raise mapped_exc(message) from exc
E           httpx.ConnectError: [Errno -2] Name or service not known

/opt/venv/lib/python3.12/site-packages/httpx/_transports/default.py:118: ConnectError

The above exception was the direct cause of the following exception:

plans_api = PlansAPI(api=QuestionsAPI(engine=Engine(postgresql+psycopg://partsignal:***@postgres:5432/partsignal_geo208_6bfdb8006d...c73e911680e8'), surface=UUID('df5235e6-90f2-4e81-9941-e9433299a4b0'), name='虚构计划-27e5d646-c910-47b6-8ffa-ca638410825a')
statement = 'DELETE FROM geo_observation_runs WHERE id=:run'
constraint = 'ck_geo_runs_immutable'

>   ???

/Users/sc/PycharmProjects/partsignal/backend/tests/integration/test_geo_r2_immutability.py:123: 
_ _ _ _ _ _ _ _ _ _ _ _ _ _ _ _ _ _ _ _ _ _ _ _ _ _ _ _ _ _ _ _ _ _ _ _ _ _ _ _ 
/Users/sc/PycharmProjects/partsignal/backend/tests/integration/test_geo_manual_collection.py:70: in evidence
    ???
_ _ _ _ _ _ _ _ _ _ _ _ _ _ _ _ _ _ _ _ _ _ _ _ _ _ _ _ _ _ _ _ _ _ _ _ _ _ _ _ 

self = <app.services.storage.DevelopmentEvidenceStorage object at 0xf13200b173e0>
object_key = 'geo305/a95c459d-2325-4f08-ab9c-2f82c8d4d563'
data = b'fixture-redacted-screenshot'

    def put(
        self,
        object_key: str,
        data: bytes,
        *,
        content_type: str,
        sha256: str,
    ) -> None:
        """通过内部签名 URL 保存服务端已经校验的对象。"""
        expires_at = datetime.now(UTC) + timedelta(seconds=60)
        url = signed_storage_url("upload", object_key, expires_at, internal=True)
        try:
            response = httpx.put(
                url,
                content=data,
                headers={"content-type": content_type, "x-meta-sha256": sha256},
                timeout=10,
            )
            response.raise_for_status()
        except (httpx.HTTPStatusError, httpx.RequestError) as error:
>           raise StorageUnavailable("开发对象存储 PUT 请求失败") from error
E           app.services.storage.StorageUnavailable: 开发对象存储 PUT 请求失败

app/services/storage.py:139: StorageUnavailable
_ test_committed_aggregate_attack_rolls_back_entire_transaction[UPDATE geo_observation_batches SET rule_snapshot='{}',revision=revision+1 WHERE id=:batch-ck_geo_batches_immutable] _

    @contextlib.contextmanager
    def map_httpcore_exceptions() -> typing.Iterator[None]:
        global HTTPCORE_EXC_MAP
        if len(HTTPCORE_EXC_MAP) == 0:
            HTTPCORE_EXC_MAP = _load_httpcore_exceptions()
        try:
>           yield

/opt/venv/lib/python3.12/site-packages/httpx/_transports/default.py:101: 
_ _ _ _ _ _ _ _ _ _ _ _ _ _ _ _ _ _ _ _ _ _ _ _ _ _ _ _ _ _ _ _ _ _ _ _ _ _ _ _ 
/opt/venv/lib/python3.12/site-packages/httpx/_transports/default.py:250: in handle_request
    resp = self._pool.handle_request(req)
           ^^^^^^^^^^^^^^^^^^^^^^^^^^^^^^
/opt/venv/lib/python3.12/site-packages/httpcore/_sync/connection_pool.py:256: in handle_request
    raise exc from None
/opt/venv/lib/python3.12/site-packages/httpcore/_sync/connection_pool.py:236: in handle_request
    response = connection.handle_request(
/opt/venv/lib/python3.12/site-packages/httpcore/_sync/connection.py:101: in handle_request
    raise exc
/opt/venv/lib/python3.12/site-packages/httpcore/_sync/connection.py:78: in handle_request
    stream = self._connect(request)
             ^^^^^^^^^^^^^^^^^^^^^^
/opt/venv/lib/python3.12/site-packages/httpcore/_sync/connection.py:124: in _connect
    stream = self._network_backend.connect_tcp(**kwargs)
             ^^^^^^^^^^^^^^^^^^^^^^^^^^^^^^^^^^^^^^^^^^^
/opt/venv/lib/python3.12/site-packages/httpcore/_backends/sync.py:207: in connect_tcp
    with map_exceptions(exc_map):
         ^^^^^^^^^^^^^^^^^^^^^^^
/usr/local/lib/python3.12/contextlib.py:158: in __exit__
    self.gen.throw(value)
_ _ _ _ _ _ _ _ _ _ _ _ _ _ _ _ _ _ _ _ _ _ _ _ _ _ _ _ _ _ _ _ _ _ _ _ _ _ _ _ 

map = {<class 'TimeoutError'>: <class 'httpcore.ConnectTimeout'>, <class 'OSError'>: <class 'httpcore.ConnectError'>}

    @contextlib.contextmanager
    def map_exceptions(map: ExceptionMapping) -> typing.Iterator[None]:
        try:
            yield
        except Exception as exc:  # noqa: PIE786
            for from_exc, to_exc in map.items():
                if isinstance(exc, from_exc):
>                   raise to_exc(exc) from exc
E                   httpcore.ConnectError: [Errno -2] Name or service not known

/opt/venv/lib/python3.12/site-packages/httpcore/_exceptions.py:14: ConnectError

The above exception was the direct cause of the following exception:

self = <app.services.storage.DevelopmentEvidenceStorage object at 0xf13202cfd100>
object_key = 'geo305/d9dfaea2-ef52-4682-993b-136d48161b86'
data = b'fixture-redacted-screenshot'

    def put(
        self,
        object_key: str,
        data: bytes,
        *,
        content_type: str,
        sha256: str,
    ) -> None:
        """通过内部签名 URL 保存服务端已经校验的对象。"""
        expires_at = datetime.now(UTC) + timedelta(seconds=60)
        url = signed_storage_url("upload", object_key, expires_at, internal=True)
        try:
>           response = httpx.put(
                url,
                content=data,
                headers={"content-type": content_type, "x-meta-sha256": sha256},
                timeout=10,
            )

app/services/storage.py:131: 
_ _ _ _ _ _ _ _ _ _ _ _ _ _ _ _ _ _ _ _ _ _ _ _ _ _ _ _ _ _ _ _ _ _ _ _ _ _ _ _ 
/opt/venv/lib/python3.12/site-packages/httpx/_api.py:345: in put
    return request(
/opt/venv/lib/python3.12/site-packages/httpx/_api.py:109: in request
    return client.request(
/opt/venv/lib/python3.12/site-packages/httpx/_client.py:825: in request
    return self.send(request, auth=auth, follow_redirects=follow_redirects)
           ^^^^^^^^^^^^^^^^^^^^^^^^^^^^^^^^^^^^^^^^^^^^^^^^^^^^^^^^^^^^^^^^
/opt/venv/lib/python3.12/site-packages/httpx/_client.py:914: in send
    response = self._send_handling_auth(
/opt/venv/lib/python3.12/site-packages/httpx/_client.py:942: in _send_handling_auth
    response = self._send_handling_redirects(
/opt/venv/lib/python3.12/site-packages/httpx/_client.py:979: in _send_handling_redirects
    response = self._send_single_request(request)
               ^^^^^^^^^^^^^^^^^^^^^^^^^^^^^^^^^^
/opt/venv/lib/python3.12/site-packages/httpx/_client.py:1014: in _send_single_request
    response = transport.handle_request(request)
               ^^^^^^^^^^^^^^^^^^^^^^^^^^^^^^^^^
/opt/venv/lib/python3.12/site-packages/httpx/_transports/default.py:249: in handle_request
    with map_httpcore_exceptions():
         ^^^^^^^^^^^^^^^^^^^^^^^^^
/usr/local/lib/python3.12/contextlib.py:158: in __exit__
    self.gen.throw(value)
_ _ _ _ _ _ _ _ _ _ _ _ _ _ _ _ _ _ _ _ _ _ _ _ _ _ _ _ _ _ _ _ _ _ _ _ _ _ _ _ 

    @contextlib.contextmanager
    def map_httpcore_exceptions() -> typing.Iterator[None]:
        global HTTPCORE_EXC_MAP
        if len(HTTPCORE_EXC_MAP) == 0:
            HTTPCORE_EXC_MAP = _load_httpcore_exceptions()
        try:
            yield
        except Exception as exc:
            mapped_exc = None
    
            for from_exc, to_exc in HTTPCORE_EXC_MAP.items():
                if not isinstance(exc, from_exc):
                    continue
                # We want to map to the most specific exception we can find.
                # Eg if `exc` is an `httpcore.ReadTimeout`, we want to map to
                # `httpx.ReadTimeout`, not just `httpx.TimeoutException`.
                if mapped_exc is None or issubclass(to_exc, mapped_exc):
                    mapped_exc = to_exc
    
            if mapped_exc is None:  # pragma: no cover
                raise
    
            message = str(exc)
>           raise mapped_exc(message) from exc
E           httpx.ConnectError: [Errno -2] Name or service not known

/opt/venv/lib/python3.12/site-packages/httpx/_transports/default.py:118: ConnectError

The above exception was the direct cause of the following exception:

plans_api = PlansAPI(api=QuestionsAPI(engine=Engine(postgresql+psycopg://partsignal:***@postgres:5432/partsignal_geo208_6bfdb8006d...9e03feaec0bf'), surface=UUID('6cc2bba7-f54c-4865-8408-29307a71763e'), name='虚构计划-c26eda7b-b969-43bc-8d9f-0ba93c620c67')
statement = "UPDATE geo_observation_batches SET rule_snapshot='{}',revision=revision+1 WHERE id=:batch"
constraint = 'ck_geo_batches_immutable'

>   ???

/Users/sc/PycharmProjects/partsignal/backend/tests/integration/test_geo_r2_immutability.py:123: 
_ _ _ _ _ _ _ _ _ _ _ _ _ _ _ _ _ _ _ _ _ _ _ _ _ _ _ _ _ _ _ _ _ _ _ _ _ _ _ _ 
/Users/sc/PycharmProjects/partsignal/backend/tests/integration/test_geo_manual_collection.py:70: in evidence
    ???
_ _ _ _ _ _ _ _ _ _ _ _ _ _ _ _ _ _ _ _ _ _ _ _ _ _ _ _ _ _ _ _ _ _ _ _ _ _ _ _ 

self = <app.services.storage.DevelopmentEvidenceStorage object at 0xf13202cfd100>
object_key = 'geo305/d9dfaea2-ef52-4682-993b-136d48161b86'
data = b'fixture-redacted-screenshot'

    def put(
        self,
        object_key: str,
        data: bytes,
        *,
        content_type: str,
        sha256: str,
    ) -> None:
        """通过内部签名 URL 保存服务端已经校验的对象。"""
        expires_at = datetime.now(UTC) + timedelta(seconds=60)
        url = signed_storage_url("upload", object_key, expires_at, internal=True)
        try:
            response = httpx.put(
                url,
                content=data,
                headers={"content-type": content_type, "x-meta-sha256": sha256},
                timeout=10,
            )
            response.raise_for_status()
        except (httpx.HTTPStatusError, httpx.RequestError) as error:
>           raise StorageUnavailable("开发对象存储 PUT 请求失败") from error
E           app.services.storage.StorageUnavailable: 开发对象存储 PUT 请求失败

app/services/storage.py:139: StorageUnavailable
_ test_committed_aggregate_attack_rolls_back_entire_transaction[DELETE FROM geo_observation_batches WHERE id=:batch-ck_geo_batches_immutable] _

    @contextlib.contextmanager
    def map_httpcore_exceptions() -> typing.Iterator[None]:
        global HTTPCORE_EXC_MAP
        if len(HTTPCORE_EXC_MAP) == 0:
            HTTPCORE_EXC_MAP = _load_httpcore_exceptions()
        try:
>           yield

/opt/venv/lib/python3.12/site-packages/httpx/_transports/default.py:101: 
_ _ _ _ _ _ _ _ _ _ _ _ _ _ _ _ _ _ _ _ _ _ _ _ _ _ _ _ _ _ _ _ _ _ _ _ _ _ _ _ 
/opt/venv/lib/python3.12/site-packages/httpx/_transports/default.py:250: in handle_request
    resp = self._pool.handle_request(req)
           ^^^^^^^^^^^^^^^^^^^^^^^^^^^^^^
/opt/venv/lib/python3.12/site-packages/httpcore/_sync/connection_pool.py:256: in handle_request
    raise exc from None
/opt/venv/lib/python3.12/site-packages/httpcore/_sync/connection_pool.py:236: in handle_request
    response = connection.handle_request(
/opt/venv/lib/python3.12/site-packages/httpcore/_sync/connection.py:101: in handle_request
    raise exc
/opt/venv/lib/python3.12/site-packages/httpcore/_sync/connection.py:78: in handle_request
    stream = self._connect(request)
             ^^^^^^^^^^^^^^^^^^^^^^
/opt/venv/lib/python3.12/site-packages/httpcore/_sync/connection.py:124: in _connect
    stream = self._network_backend.connect_tcp(**kwargs)
             ^^^^^^^^^^^^^^^^^^^^^^^^^^^^^^^^^^^^^^^^^^^
/opt/venv/lib/python3.12/site-packages/httpcore/_backends/sync.py:207: in connect_tcp
    with map_exceptions(exc_map):
         ^^^^^^^^^^^^^^^^^^^^^^^
/usr/local/lib/python3.12/contextlib.py:158: in __exit__
    self.gen.throw(value)
_ _ _ _ _ _ _ _ _ _ _ _ _ _ _ _ _ _ _ _ _ _ _ _ _ _ _ _ _ _ _ _ _ _ _ _ _ _ _ _ 

map = {<class 'TimeoutError'>: <class 'httpcore.ConnectTimeout'>, <class 'OSError'>: <class 'httpcore.ConnectError'>}

    @contextlib.contextmanager
    def map_exceptions(map: ExceptionMapping) -> typing.Iterator[None]:
        try:
            yield
        except Exception as exc:  # noqa: PIE786
            for from_exc, to_exc in map.items():
                if isinstance(exc, from_exc):
>                   raise to_exc(exc) from exc
E                   httpcore.ConnectError: [Errno -2] Name or service not known

/opt/venv/lib/python3.12/site-packages/httpcore/_exceptions.py:14: ConnectError

The above exception was the direct cause of the following exception:

self = <app.services.storage.DevelopmentEvidenceStorage object at 0xf131eafdc0e0>
object_key = 'geo305/ef48c66e-fc65-43f1-8993-696f6332bda6'
data = b'fixture-redacted-screenshot'

    def put(
        self,
        object_key: str,
        data: bytes,
        *,
        content_type: str,
        sha256: str,
    ) -> None:
        """通过内部签名 URL 保存服务端已经校验的对象。"""
        expires_at = datetime.now(UTC) + timedelta(seconds=60)
        url = signed_storage_url("upload", object_key, expires_at, internal=True)
        try:
>           response = httpx.put(
                url,
                content=data,
                headers={"content-type": content_type, "x-meta-sha256": sha256},
                timeout=10,
            )

app/services/storage.py:131: 
_ _ _ _ _ _ _ _ _ _ _ _ _ _ _ _ _ _ _ _ _ _ _ _ _ _ _ _ _ _ _ _ _ _ _ _ _ _ _ _ 
/opt/venv/lib/python3.12/site-packages/httpx/_api.py:345: in put
    return request(
/opt/venv/lib/python3.12/site-packages/httpx/_api.py:109: in request
    return client.request(
/opt/venv/lib/python3.12/site-packages/httpx/_client.py:825: in request
    return self.send(request, auth=auth, follow_redirects=follow_redirects)
           ^^^^^^^^^^^^^^^^^^^^^^^^^^^^^^^^^^^^^^^^^^^^^^^^^^^^^^^^^^^^^^^^
/opt/venv/lib/python3.12/site-packages/httpx/_client.py:914: in send
    response = self._send_handling_auth(
/opt/venv/lib/python3.12/site-packages/httpx/_client.py:942: in _send_handling_auth
    response = self._send_handling_redirects(
/opt/venv/lib/python3.12/site-packages/httpx/_client.py:979: in _send_handling_redirects
    response = self._send_single_request(request)
               ^^^^^^^^^^^^^^^^^^^^^^^^^^^^^^^^^^
/opt/venv/lib/python3.12/site-packages/httpx/_client.py:1014: in _send_single_request
    response = transport.handle_request(request)
               ^^^^^^^^^^^^^^^^^^^^^^^^^^^^^^^^^
/opt/venv/lib/python3.12/site-packages/httpx/_transports/default.py:249: in handle_request
    with map_httpcore_exceptions():
         ^^^^^^^^^^^^^^^^^^^^^^^^^
/usr/local/lib/python3.12/contextlib.py:158: in __exit__
    self.gen.throw(value)
_ _ _ _ _ _ _ _ _ _ _ _ _ _ _ _ _ _ _ _ _ _ _ _ _ _ _ _ _ _ _ _ _ _ _ _ _ _ _ _ 

    @contextlib.contextmanager
    def map_httpcore_exceptions() -> typing.Iterator[None]:
        global HTTPCORE_EXC_MAP
        if len(HTTPCORE_EXC_MAP) == 0:
            HTTPCORE_EXC_MAP = _load_httpcore_exceptions()
        try:
            yield
        except Exception as exc:
            mapped_exc = None
    
            for from_exc, to_exc in HTTPCORE_EXC_MAP.items():
                if not isinstance(exc, from_exc):
                    continue
                # We want to map to the most specific exception we can find.
                # Eg if `exc` is an `httpcore.ReadTimeout`, we want to map to
                # `httpx.ReadTimeout`, not just `httpx.TimeoutException`.
                if mapped_exc is None or issubclass(to_exc, mapped_exc):
                    mapped_exc = to_exc
    
            if mapped_exc is None:  # pragma: no cover
                raise
    
            message = str(exc)
>           raise mapped_exc(message) from exc
E           httpx.ConnectError: [Errno -2] Name or service not known

/opt/venv/lib/python3.12/site-packages/httpx/_transports/default.py:118: ConnectError

The above exception was the direct cause of the following exception:

plans_api = PlansAPI(api=QuestionsAPI(engine=Engine(postgresql+psycopg://partsignal:***@postgres:5432/partsignal_geo208_6bfdb8006d...5b901b7a5685'), surface=UUID('b892825f-1982-435b-b203-f254a63dec45'), name='虚构计划-ac8f2b7f-e6e6-4650-9c1f-9d97723f859e')
statement = 'DELETE FROM geo_observation_batches WHERE id=:batch'
constraint = 'ck_geo_batches_immutable'

>   ???

/Users/sc/PycharmProjects/partsignal/backend/tests/integration/test_geo_r2_immutability.py:123: 
_ _ _ _ _ _ _ _ _ _ _ _ _ _ _ _ _ _ _ _ _ _ _ _ _ _ _ _ _ _ _ _ _ _ _ _ _ _ _ _ 
/Users/sc/PycharmProjects/partsignal/backend/tests/integration/test_geo_manual_collection.py:70: in evidence
    ???
_ _ _ _ _ _ _ _ _ _ _ _ _ _ _ _ _ _ _ _ _ _ _ _ _ _ _ _ _ _ _ _ _ _ _ _ _ _ _ _ 

self = <app.services.storage.DevelopmentEvidenceStorage object at 0xf131eafdc0e0>
object_key = 'geo305/ef48c66e-fc65-43f1-8993-696f6332bda6'
data = b'fixture-redacted-screenshot'

    def put(
        self,
        object_key: str,
        data: bytes,
        *,
        content_type: str,
        sha256: str,
    ) -> None:
        """通过内部签名 URL 保存服务端已经校验的对象。"""
        expires_at = datetime.now(UTC) + timedelta(seconds=60)
        url = signed_storage_url("upload", object_key, expires_at, internal=True)
        try:
            response = httpx.put(
                url,
                content=data,
                headers={"content-type": content_type, "x-meta-sha256": sha256},
                timeout=10,
            )
            response.raise_for_status()
        except (httpx.HTTPStatusError, httpx.RequestError) as error:
>           raise StorageUnavailable("开发对象存储 PUT 请求失败") from error
E           app.services.storage.StorageUnavailable: 开发对象存储 PUT 请求失败

app/services/storage.py:139: StorageUnavailable
_ test_committed_aggregate_attack_rolls_back_entire_transaction[UPDATE file_records SET status='DELETING' WHERE id=:file-ck_geo_evidence_file_immutable] _

    @contextlib.contextmanager
    def map_httpcore_exceptions() -> typing.Iterator[None]:
        global HTTPCORE_EXC_MAP
        if len(HTTPCORE_EXC_MAP) == 0:
            HTTPCORE_EXC_MAP = _load_httpcore_exceptions()
        try:
>           yield

/opt/venv/lib/python3.12/site-packages/httpx/_transports/default.py:101: 
_ _ _ _ _ _ _ _ _ _ _ _ _ _ _ _ _ _ _ _ _ _ _ _ _ _ _ _ _ _ _ _ _ _ _ _ _ _ _ _ 
/opt/venv/lib/python3.12/site-packages/httpx/_transports/default.py:250: in handle_request
    resp = self._pool.handle_request(req)
           ^^^^^^^^^^^^^^^^^^^^^^^^^^^^^^
/opt/venv/lib/python3.12/site-packages/httpcore/_sync/connection_pool.py:256: in handle_request
    raise exc from None
/opt/venv/lib/python3.12/site-packages/httpcore/_sync/connection_pool.py:236: in handle_request
    response = connection.handle_request(
/opt/venv/lib/python3.12/site-packages/httpcore/_sync/connection.py:101: in handle_request
    raise exc
/opt/venv/lib/python3.12/site-packages/httpcore/_sync/connection.py:78: in handle_request
    stream = self._connect(request)
             ^^^^^^^^^^^^^^^^^^^^^^
/opt/venv/lib/python3.12/site-packages/httpcore/_sync/connection.py:124: in _connect
    stream = self._network_backend.connect_tcp(**kwargs)
             ^^^^^^^^^^^^^^^^^^^^^^^^^^^^^^^^^^^^^^^^^^^
/opt/venv/lib/python3.12/site-packages/httpcore/_backends/sync.py:207: in connect_tcp
    with map_exceptions(exc_map):
         ^^^^^^^^^^^^^^^^^^^^^^^
/usr/local/lib/python3.12/contextlib.py:158: in __exit__
    self.gen.throw(value)
_ _ _ _ _ _ _ _ _ _ _ _ _ _ _ _ _ _ _ _ _ _ _ _ _ _ _ _ _ _ _ _ _ _ _ _ _ _ _ _ 

map = {<class 'TimeoutError'>: <class 'httpcore.ConnectTimeout'>, <class 'OSError'>: <class 'httpcore.ConnectError'>}

    @contextlib.contextmanager
    def map_exceptions(map: ExceptionMapping) -> typing.Iterator[None]:
        try:
            yield
        except Exception as exc:  # noqa: PIE786
            for from_exc, to_exc in map.items():
                if isinstance(exc, from_exc):
>                   raise to_exc(exc) from exc
E                   httpcore.ConnectError: [Errno -2] Name or service not known

/opt/venv/lib/python3.12/site-packages/httpcore/_exceptions.py:14: ConnectError

The above exception was the direct cause of the following exception:

self = <app.services.storage.DevelopmentEvidenceStorage object at 0xf132093778f0>
object_key = 'geo305/3a01ac47-bc9d-41ed-a78f-1ece3e5876f7'
data = b'fixture-redacted-screenshot'

    def put(
        self,
        object_key: str,
        data: bytes,
        *,
        content_type: str,
        sha256: str,
    ) -> None:
        """通过内部签名 URL 保存服务端已经校验的对象。"""
        expires_at = datetime.now(UTC) + timedelta(seconds=60)
        url = signed_storage_url("upload", object_key, expires_at, internal=True)
        try:
>           response = httpx.put(
                url,
                content=data,
                headers={"content-type": content_type, "x-meta-sha256": sha256},
                timeout=10,
            )

app/services/storage.py:131: 
_ _ _ _ _ _ _ _ _ _ _ _ _ _ _ _ _ _ _ _ _ _ _ _ _ _ _ _ _ _ _ _ _ _ _ _ _ _ _ _ 
/opt/venv/lib/python3.12/site-packages/httpx/_api.py:345: in put
    return request(
/opt/venv/lib/python3.12/site-packages/httpx/_api.py:109: in request
    return client.request(
/opt/venv/lib/python3.12/site-packages/httpx/_client.py:825: in request
    return self.send(request, auth=auth, follow_redirects=follow_redirects)
           ^^^^^^^^^^^^^^^^^^^^^^^^^^^^^^^^^^^^^^^^^^^^^^^^^^^^^^^^^^^^^^^^
/opt/venv/lib/python3.12/site-packages/httpx/_client.py:914: in send
    response = self._send_handling_auth(
/opt/venv/lib/python3.12/site-packages/httpx/_client.py:942: in _send_handling_auth
    response = self._send_handling_redirects(
/opt/venv/lib/python3.12/site-packages/httpx/_client.py:979: in _send_handling_redirects
    response = self._send_single_request(request)
               ^^^^^^^^^^^^^^^^^^^^^^^^^^^^^^^^^^
/opt/venv/lib/python3.12/site-packages/httpx/_client.py:1014: in _send_single_request
    response = transport.handle_request(request)
               ^^^^^^^^^^^^^^^^^^^^^^^^^^^^^^^^^
/opt/venv/lib/python3.12/site-packages/httpx/_transports/default.py:249: in handle_request
    with map_httpcore_exceptions():
         ^^^^^^^^^^^^^^^^^^^^^^^^^
/usr/local/lib/python3.12/contextlib.py:158: in __exit__
    self.gen.throw(value)
_ _ _ _ _ _ _ _ _ _ _ _ _ _ _ _ _ _ _ _ _ _ _ _ _ _ _ _ _ _ _ _ _ _ _ _ _ _ _ _ 

    @contextlib.contextmanager
    def map_httpcore_exceptions() -> typing.Iterator[None]:
        global HTTPCORE_EXC_MAP
        if len(HTTPCORE_EXC_MAP) == 0:
            HTTPCORE_EXC_MAP = _load_httpcore_exceptions()
        try:
            yield
        except Exception as exc:
            mapped_exc = None
    
            for from_exc, to_exc in HTTPCORE_EXC_MAP.items():
                if not isinstance(exc, from_exc):
                    continue
                # We want to map to the most specific exception we can find.
                # Eg if `exc` is an `httpcore.ReadTimeout`, we want to map to
                # `httpx.ReadTimeout`, not just `httpx.TimeoutException`.
                if mapped_exc is None or issubclass(to_exc, mapped_exc):
                    mapped_exc = to_exc
    
            if mapped_exc is None:  # pragma: no cover
                raise
    
            message = str(exc)
>           raise mapped_exc(message) from exc
E           httpx.ConnectError: [Errno -2] Name or service not known

/opt/venv/lib/python3.12/site-packages/httpx/_transports/default.py:118: ConnectError

The above exception was the direct cause of the following exception:

plans_api = PlansAPI(api=QuestionsAPI(engine=Engine(postgresql+psycopg://partsignal:***@postgres:5432/partsignal_geo208_6bfdb8006d...9382a3ab5b69'), surface=UUID('60bff3b8-60d5-4704-b038-bc4e49a7bf07'), name='虚构计划-4c9a3ea9-8a6a-44a5-8e90-d74245e540a8')
statement = "UPDATE file_records SET status='DELETING' WHERE id=:file"
constraint = 'ck_geo_evidence_file_immutable'

>   ???

/Users/sc/PycharmProjects/partsignal/backend/tests/integration/test_geo_r2_immutability.py:123: 
_ _ _ _ _ _ _ _ _ _ _ _ _ _ _ _ _ _ _ _ _ _ _ _ _ _ _ _ _ _ _ _ _ _ _ _ _ _ _ _ 
/Users/sc/PycharmProjects/partsignal/backend/tests/integration/test_geo_manual_collection.py:70: in evidence
    ???
_ _ _ _ _ _ _ _ _ _ _ _ _ _ _ _ _ _ _ _ _ _ _ _ _ _ _ _ _ _ _ _ _ _ _ _ _ _ _ _ 

self = <app.services.storage.DevelopmentEvidenceStorage object at 0xf132093778f0>
object_key = 'geo305/3a01ac47-bc9d-41ed-a78f-1ece3e5876f7'
data = b'fixture-redacted-screenshot'

    def put(
        self,
        object_key: str,
        data: bytes,
        *,
        content_type: str,
        sha256: str,
    ) -> None:
        """通过内部签名 URL 保存服务端已经校验的对象。"""
        expires_at = datetime.now(UTC) + timedelta(seconds=60)
        url = signed_storage_url("upload", object_key, expires_at, internal=True)
        try:
            response = httpx.put(
                url,
                content=data,
                headers={"content-type": content_type, "x-meta-sha256": sha256},
                timeout=10,
            )
            response.raise_for_status()
        except (httpx.HTTPStatusError, httpx.RequestError) as error:
>           raise StorageUnavailable("开发对象存储 PUT 请求失败") from error
E           app.services.storage.StorageUnavailable: 开发对象存储 PUT 请求失败

app/services/storage.py:139: StorageUnavailable
_ test_committed_aggregate_attack_rolls_back_entire_transaction[DELETE FROM file_records WHERE id=:file-ck_geo_evidence_file_immutable] _

    @contextlib.contextmanager
    def map_httpcore_exceptions() -> typing.Iterator[None]:
        global HTTPCORE_EXC_MAP
        if len(HTTPCORE_EXC_MAP) == 0:
            HTTPCORE_EXC_MAP = _load_httpcore_exceptions()
        try:
>           yield

/opt/venv/lib/python3.12/site-packages/httpx/_transports/default.py:101: 
_ _ _ _ _ _ _ _ _ _ _ _ _ _ _ _ _ _ _ _ _ _ _ _ _ _ _ _ _ _ _ _ _ _ _ _ _ _ _ _ 
/opt/venv/lib/python3.12/site-packages/httpx/_transports/default.py:250: in handle_request
    resp = self._pool.handle_request(req)
           ^^^^^^^^^^^^^^^^^^^^^^^^^^^^^^
/opt/venv/lib/python3.12/site-packages/httpcore/_sync/connection_pool.py:256: in handle_request
    raise exc from None
/opt/venv/lib/python3.12/site-packages/httpcore/_sync/connection_pool.py:236: in handle_request
    response = connection.handle_request(
/opt/venv/lib/python3.12/site-packages/httpcore/_sync/connection.py:101: in handle_request
    raise exc
/opt/venv/lib/python3.12/site-packages/httpcore/_sync/connection.py:78: in handle_request
    stream = self._connect(request)
             ^^^^^^^^^^^^^^^^^^^^^^
/opt/venv/lib/python3.12/site-packages/httpcore/_sync/connection.py:124: in _connect
    stream = self._network_backend.connect_tcp(**kwargs)
             ^^^^^^^^^^^^^^^^^^^^^^^^^^^^^^^^^^^^^^^^^^^
/opt/venv/lib/python3.12/site-packages/httpcore/_backends/sync.py:207: in connect_tcp
    with map_exceptions(exc_map):
         ^^^^^^^^^^^^^^^^^^^^^^^
/usr/local/lib/python3.12/contextlib.py:158: in __exit__
    self.gen.throw(value)
_ _ _ _ _ _ _ _ _ _ _ _ _ _ _ _ _ _ _ _ _ _ _ _ _ _ _ _ _ _ _ _ _ _ _ _ _ _ _ _ 

map = {<class 'TimeoutError'>: <class 'httpcore.ConnectTimeout'>, <class 'OSError'>: <class 'httpcore.ConnectError'>}

    @contextlib.contextmanager
    def map_exceptions(map: ExceptionMapping) -> typing.Iterator[None]:
        try:
            yield
        except Exception as exc:  # noqa: PIE786
            for from_exc, to_exc in map.items():
                if isinstance(exc, from_exc):
>                   raise to_exc(exc) from exc
E                   httpcore.ConnectError: [Errno -2] Name or service not known

/opt/venv/lib/python3.12/site-packages/httpcore/_exceptions.py:14: ConnectError

The above exception was the direct cause of the following exception:

self = <app.services.storage.DevelopmentEvidenceStorage object at 0xf13202c586e0>
object_key = 'geo305/ed65c18a-4665-415c-8340-c6d85d6f2b30'
data = b'fixture-redacted-screenshot'

    def put(
        self,
        object_key: str,
        data: bytes,
        *,
        content_type: str,
        sha256: str,
    ) -> None:
        """通过内部签名 URL 保存服务端已经校验的对象。"""
        expires_at = datetime.now(UTC) + timedelta(seconds=60)
        url = signed_storage_url("upload", object_key, expires_at, internal=True)
        try:
>           response = httpx.put(
                url,
                content=data,
                headers={"content-type": content_type, "x-meta-sha256": sha256},
                timeout=10,
            )

app/services/storage.py:131: 
_ _ _ _ _ _ _ _ _ _ _ _ _ _ _ _ _ _ _ _ _ _ _ _ _ _ _ _ _ _ _ _ _ _ _ _ _ _ _ _ 
/opt/venv/lib/python3.12/site-packages/httpx/_api.py:345: in put
    return request(
/opt/venv/lib/python3.12/site-packages/httpx/_api.py:109: in request
    return client.request(
/opt/venv/lib/python3.12/site-packages/httpx/_client.py:825: in request
    return self.send(request, auth=auth, follow_redirects=follow_redirects)
           ^^^^^^^^^^^^^^^^^^^^^^^^^^^^^^^^^^^^^^^^^^^^^^^^^^^^^^^^^^^^^^^^
/opt/venv/lib/python3.12/site-packages/httpx/_client.py:914: in send
    response = self._send_handling_auth(
/opt/venv/lib/python3.12/site-packages/httpx/_client.py:942: in _send_handling_auth
    response = self._send_handling_redirects(
/opt/venv/lib/python3.12/site-packages/httpx/_client.py:979: in _send_handling_redirects
    response = self._send_single_request(request)
               ^^^^^^^^^^^^^^^^^^^^^^^^^^^^^^^^^^
/opt/venv/lib/python3.12/site-packages/httpx/_client.py:1014: in _send_single_request
    response = transport.handle_request(request)
               ^^^^^^^^^^^^^^^^^^^^^^^^^^^^^^^^^
/opt/venv/lib/python3.12/site-packages/httpx/_transports/default.py:249: in handle_request
    with map_httpcore_exceptions():
         ^^^^^^^^^^^^^^^^^^^^^^^^^
/usr/local/lib/python3.12/contextlib.py:158: in __exit__
    self.gen.throw(value)
_ _ _ _ _ _ _ _ _ _ _ _ _ _ _ _ _ _ _ _ _ _ _ _ _ _ _ _ _ _ _ _ _ _ _ _ _ _ _ _ 

    @contextlib.contextmanager
    def map_httpcore_exceptions() -> typing.Iterator[None]:
        global HTTPCORE_EXC_MAP
        if len(HTTPCORE_EXC_MAP) == 0:
            HTTPCORE_EXC_MAP = _load_httpcore_exceptions()
        try:
            yield
        except Exception as exc:
            mapped_exc = None
    
            for from_exc, to_exc in HTTPCORE_EXC_MAP.items():
                if not isinstance(exc, from_exc):
                    continue
                # We want to map to the most specific exception we can find.
                # Eg if `exc` is an `httpcore.ReadTimeout`, we want to map to
                # `httpx.ReadTimeout`, not just `httpx.TimeoutException`.
                if mapped_exc is None or issubclass(to_exc, mapped_exc):
                    mapped_exc = to_exc
    
            if mapped_exc is None:  # pragma: no cover
                raise
    
            message = str(exc)
>           raise mapped_exc(message) from exc
E           httpx.ConnectError: [Errno -2] Name or service not known

/opt/venv/lib/python3.12/site-packages/httpx/_transports/default.py:118: ConnectError

The above exception was the direct cause of the following exception:

plans_api = PlansAPI(api=QuestionsAPI(engine=Engine(postgresql+psycopg://partsignal:***@postgres:5432/partsignal_geo208_6bfdb8006d...71b57438428b'), surface=UUID('08eb016f-eba7-42d1-8f61-b35831a88f7f'), name='虚构计划-70a6e7d1-b25a-43a4-addc-1c480b3966a6')
statement = 'DELETE FROM file_records WHERE id=:file'
constraint = 'ck_geo_evidence_file_immutable'

>   ???

/Users/sc/PycharmProjects/partsignal/backend/tests/integration/test_geo_r2_immutability.py:123: 
_ _ _ _ _ _ _ _ _ _ _ _ _ _ _ _ _ _ _ _ _ _ _ _ _ _ _ _ _ _ _ _ _ _ _ _ _ _ _ _ 
/Users/sc/PycharmProjects/partsignal/backend/tests/integration/test_geo_manual_collection.py:70: in evidence
    ???
_ _ _ _ _ _ _ _ _ _ _ _ _ _ _ _ _ _ _ _ _ _ _ _ _ _ _ _ _ _ _ _ _ _ _ _ _ _ _ _ 

self = <app.services.storage.DevelopmentEvidenceStorage object at 0xf13202c586e0>
object_key = 'geo305/ed65c18a-4665-415c-8340-c6d85d6f2b30'
data = b'fixture-redacted-screenshot'

    def put(
        self,
        object_key: str,
        data: bytes,
        *,
        content_type: str,
        sha256: str,
    ) -> None:
        """通过内部签名 URL 保存服务端已经校验的对象。"""
        expires_at = datetime.now(UTC) + timedelta(seconds=60)
        url = signed_storage_url("upload", object_key, expires_at, internal=True)
        try:
            response = httpx.put(
                url,
                content=data,
                headers={"content-type": content_type, "x-meta-sha256": sha256},
                timeout=10,
            )
            response.raise_for_status()
        except (httpx.HTTPStatusError, httpx.RequestError) as error:
>           raise StorageUnavailable("开发对象存储 PUT 请求失败") from error
E           app.services.storage.StorageUnavailable: 开发对象存储 PUT 请求失败

app/services/storage.py:139: StorageUnavailable
_____ test_committed_cancelled_run_cannot_accept_late_result[late_answer] ______

    @contextlib.contextmanager
    def map_httpcore_exceptions() -> typing.Iterator[None]:
        global HTTPCORE_EXC_MAP
        if len(HTTPCORE_EXC_MAP) == 0:
            HTTPCORE_EXC_MAP = _load_httpcore_exceptions()
        try:
>           yield

/opt/venv/lib/python3.12/site-packages/httpx/_transports/default.py:101: 
_ _ _ _ _ _ _ _ _ _ _ _ _ _ _ _ _ _ _ _ _ _ _ _ _ _ _ _ _ _ _ _ _ _ _ _ _ _ _ _ 
/opt/venv/lib/python3.12/site-packages/httpx/_transports/default.py:250: in handle_request
    resp = self._pool.handle_request(req)
           ^^^^^^^^^^^^^^^^^^^^^^^^^^^^^^
/opt/venv/lib/python3.12/site-packages/httpcore/_sync/connection_pool.py:256: in handle_request
    raise exc from None
/opt/venv/lib/python3.12/site-packages/httpcore/_sync/connection_pool.py:236: in handle_request
    response = connection.handle_request(
/opt/venv/lib/python3.12/site-packages/httpcore/_sync/connection.py:101: in handle_request
    raise exc
/opt/venv/lib/python3.12/site-packages/httpcore/_sync/connection.py:78: in handle_request
    stream = self._connect(request)
             ^^^^^^^^^^^^^^^^^^^^^^
/opt/venv/lib/python3.12/site-packages/httpcore/_sync/connection.py:124: in _connect
    stream = self._network_backend.connect_tcp(**kwargs)
             ^^^^^^^^^^^^^^^^^^^^^^^^^^^^^^^^^^^^^^^^^^^
/opt/venv/lib/python3.12/site-packages/httpcore/_backends/sync.py:207: in connect_tcp
    with map_exceptions(exc_map):
         ^^^^^^^^^^^^^^^^^^^^^^^
/usr/local/lib/python3.12/contextlib.py:158: in __exit__
    self.gen.throw(value)
_ _ _ _ _ _ _ _ _ _ _ _ _ _ _ _ _ _ _ _ _ _ _ _ _ _ _ _ _ _ _ _ _ _ _ _ _ _ _ _ 

map = {<class 'TimeoutError'>: <class 'httpcore.ConnectTimeout'>, <class 'OSError'>: <class 'httpcore.ConnectError'>}

    @contextlib.contextmanager
    def map_exceptions(map: ExceptionMapping) -> typing.Iterator[None]:
        try:
            yield
        except Exception as exc:  # noqa: PIE786
            for from_exc, to_exc in map.items():
                if isinstance(exc, from_exc):
>                   raise to_exc(exc) from exc
E                   httpcore.ConnectError: [Errno -2] Name or service not known

/opt/venv/lib/python3.12/site-packages/httpcore/_exceptions.py:14: ConnectError

The above exception was the direct cause of the following exception:

self = <app.services.storage.DevelopmentEvidenceStorage object at 0xf132093355e0>
object_key = 'geo305/fc8cff6e-b16b-4df8-9192-8fad2587e8ea'
data = b'fixture-redacted-screenshot'

    def put(
        self,
        object_key: str,
        data: bytes,
        *,
        content_type: str,
        sha256: str,
    ) -> None:
        """通过内部签名 URL 保存服务端已经校验的对象。"""
        expires_at = datetime.now(UTC) + timedelta(seconds=60)
        url = signed_storage_url("upload", object_key, expires_at, internal=True)
        try:
>           response = httpx.put(
                url,
                content=data,
                headers={"content-type": content_type, "x-meta-sha256": sha256},
                timeout=10,
            )

app/services/storage.py:131: 
_ _ _ _ _ _ _ _ _ _ _ _ _ _ _ _ _ _ _ _ _ _ _ _ _ _ _ _ _ _ _ _ _ _ _ _ _ _ _ _ 
/opt/venv/lib/python3.12/site-packages/httpx/_api.py:345: in put
    return request(
/opt/venv/lib/python3.12/site-packages/httpx/_api.py:109: in request
    return client.request(
/opt/venv/lib/python3.12/site-packages/httpx/_client.py:825: in request
    return self.send(request, auth=auth, follow_redirects=follow_redirects)
           ^^^^^^^^^^^^^^^^^^^^^^^^^^^^^^^^^^^^^^^^^^^^^^^^^^^^^^^^^^^^^^^^
/opt/venv/lib/python3.12/site-packages/httpx/_client.py:914: in send
    response = self._send_handling_auth(
/opt/venv/lib/python3.12/site-packages/httpx/_client.py:942: in _send_handling_auth
    response = self._send_handling_redirects(
/opt/venv/lib/python3.12/site-packages/httpx/_client.py:979: in _send_handling_redirects
    response = self._send_single_request(request)
               ^^^^^^^^^^^^^^^^^^^^^^^^^^^^^^^^^^
/opt/venv/lib/python3.12/site-packages/httpx/_client.py:1014: in _send_single_request
    response = transport.handle_request(request)
               ^^^^^^^^^^^^^^^^^^^^^^^^^^^^^^^^^
/opt/venv/lib/python3.12/site-packages/httpx/_transports/default.py:249: in handle_request
    with map_httpcore_exceptions():
         ^^^^^^^^^^^^^^^^^^^^^^^^^
/usr/local/lib/python3.12/contextlib.py:158: in __exit__
    self.gen.throw(value)
_ _ _ _ _ _ _ _ _ _ _ _ _ _ _ _ _ _ _ _ _ _ _ _ _ _ _ _ _ _ _ _ _ _ _ _ _ _ _ _ 

    @contextlib.contextmanager
    def map_httpcore_exceptions() -> typing.Iterator[None]:
        global HTTPCORE_EXC_MAP
        if len(HTTPCORE_EXC_MAP) == 0:
            HTTPCORE_EXC_MAP = _load_httpcore_exceptions()
        try:
            yield
        except Exception as exc:
            mapped_exc = None
    
            for from_exc, to_exc in HTTPCORE_EXC_MAP.items():
                if not isinstance(exc, from_exc):
                    continue
                # We want to map to the most specific exception we can find.
                # Eg if `exc` is an `httpcore.ReadTimeout`, we want to map to
                # `httpx.ReadTimeout`, not just `httpx.TimeoutException`.
                if mapped_exc is None or issubclass(to_exc, mapped_exc):
                    mapped_exc = to_exc
    
            if mapped_exc is None:  # pragma: no cover
                raise
    
            message = str(exc)
>           raise mapped_exc(message) from exc
E           httpx.ConnectError: [Errno -2] Name or service not known

/opt/venv/lib/python3.12/site-packages/httpx/_transports/default.py:118: ConnectError

The above exception was the direct cause of the following exception:

plans_api = PlansAPI(api=QuestionsAPI(engine=Engine(postgresql+psycopg://partsignal:***@postgres:5432/partsignal_geo208_6bfdb8006d...957d77d0313f'), surface=UUID('1559c54c-0242-4ecf-8cfa-7e5657ab432d'), name='虚构计划-b6472645-261d-4905-8101-5087499f19cc')
attack = 'late_answer'

>   ???

/Users/sc/PycharmProjects/partsignal/backend/tests/integration/test_geo_r2_immutability.py:174: 
_ _ _ _ _ _ _ _ _ _ _ _ _ _ _ _ _ _ _ _ _ _ _ _ _ _ _ _ _ _ _ _ _ _ _ _ _ _ _ _ 
/Users/sc/PycharmProjects/partsignal/backend/tests/integration/test_geo_manual_collection.py:70: in evidence
    ???
_ _ _ _ _ _ _ _ _ _ _ _ _ _ _ _ _ _ _ _ _ _ _ _ _ _ _ _ _ _ _ _ _ _ _ _ _ _ _ _ 

self = <app.services.storage.DevelopmentEvidenceStorage object at 0xf132093355e0>
object_key = 'geo305/fc8cff6e-b16b-4df8-9192-8fad2587e8ea'
data = b'fixture-redacted-screenshot'

    def put(
        self,
        object_key: str,
        data: bytes,
        *,
        content_type: str,
        sha256: str,
    ) -> None:
        """通过内部签名 URL 保存服务端已经校验的对象。"""
        expires_at = datetime.now(UTC) + timedelta(seconds=60)
        url = signed_storage_url("upload", object_key, expires_at, internal=True)
        try:
            response = httpx.put(
                url,
                content=data,
                headers={"content-type": content_type, "x-meta-sha256": sha256},
                timeout=10,
            )
            response.raise_for_status()
        except (httpx.HTTPStatusError, httpx.RequestError) as error:
>           raise StorageUnavailable("开发对象存储 PUT 请求失败") from error
E           app.services.storage.StorageUnavailable: 开发对象存储 PUT 请求失败

app/services/storage.py:139: StorageUnavailable
________ test_committed_cancelled_run_cannot_accept_late_result[reopen] ________

    @contextlib.contextmanager
    def map_httpcore_exceptions() -> typing.Iterator[None]:
        global HTTPCORE_EXC_MAP
        if len(HTTPCORE_EXC_MAP) == 0:
            HTTPCORE_EXC_MAP = _load_httpcore_exceptions()
        try:
>           yield

/opt/venv/lib/python3.12/site-packages/httpx/_transports/default.py:101: 
_ _ _ _ _ _ _ _ _ _ _ _ _ _ _ _ _ _ _ _ _ _ _ _ _ _ _ _ _ _ _ _ _ _ _ _ _ _ _ _ 
/opt/venv/lib/python3.12/site-packages/httpx/_transports/default.py:250: in handle_request
    resp = self._pool.handle_request(req)
           ^^^^^^^^^^^^^^^^^^^^^^^^^^^^^^
/opt/venv/lib/python3.12/site-packages/httpcore/_sync/connection_pool.py:256: in handle_request
    raise exc from None
/opt/venv/lib/python3.12/site-packages/httpcore/_sync/connection_pool.py:236: in handle_request
    response = connection.handle_request(
/opt/venv/lib/python3.12/site-packages/httpcore/_sync/connection.py:101: in handle_request
    raise exc
/opt/venv/lib/python3.12/site-packages/httpcore/_sync/connection.py:78: in handle_request
    stream = self._connect(request)
             ^^^^^^^^^^^^^^^^^^^^^^
/opt/venv/lib/python3.12/site-packages/httpcore/_sync/connection.py:124: in _connect
    stream = self._network_backend.connect_tcp(**kwargs)
             ^^^^^^^^^^^^^^^^^^^^^^^^^^^^^^^^^^^^^^^^^^^
/opt/venv/lib/python3.12/site-packages/httpcore/_backends/sync.py:207: in connect_tcp
    with map_exceptions(exc_map):
         ^^^^^^^^^^^^^^^^^^^^^^^
/usr/local/lib/python3.12/contextlib.py:158: in __exit__
    self.gen.throw(value)
_ _ _ _ _ _ _ _ _ _ _ _ _ _ _ _ _ _ _ _ _ _ _ _ _ _ _ _ _ _ _ _ _ _ _ _ _ _ _ _ 

map = {<class 'TimeoutError'>: <class 'httpcore.ConnectTimeout'>, <class 'OSError'>: <class 'httpcore.ConnectError'>}

    @contextlib.contextmanager
    def map_exceptions(map: ExceptionMapping) -> typing.Iterator[None]:
        try:
            yield
        except Exception as exc:  # noqa: PIE786
            for from_exc, to_exc in map.items():
                if isinstance(exc, from_exc):
>                   raise to_exc(exc) from exc
E                   httpcore.ConnectError: [Errno -2] Name or service not known

/opt/venv/lib/python3.12/site-packages/httpcore/_exceptions.py:14: ConnectError

The above exception was the direct cause of the following exception:

self = <app.services.storage.DevelopmentEvidenceStorage object at 0xf132085e7740>
object_key = 'geo305/479b65b4-c958-47cb-814d-465c7a0cf6d2'
data = b'fixture-redacted-screenshot'

    def put(
        self,
        object_key: str,
        data: bytes,
        *,
        content_type: str,
        sha256: str,
    ) -> None:
        """通过内部签名 URL 保存服务端已经校验的对象。"""
        expires_at = datetime.now(UTC) + timedelta(seconds=60)
        url = signed_storage_url("upload", object_key, expires_at, internal=True)
        try:
>           response = httpx.put(
                url,
                content=data,
                headers={"content-type": content_type, "x-meta-sha256": sha256},
                timeout=10,
            )

app/services/storage.py:131: 
_ _ _ _ _ _ _ _ _ _ _ _ _ _ _ _ _ _ _ _ _ _ _ _ _ _ _ _ _ _ _ _ _ _ _ _ _ _ _ _ 
/opt/venv/lib/python3.12/site-packages/httpx/_api.py:345: in put
    return request(
/opt/venv/lib/python3.12/site-packages/httpx/_api.py:109: in request
    return client.request(
/opt/venv/lib/python3.12/site-packages/httpx/_client.py:825: in request
    return self.send(request, auth=auth, follow_redirects=follow_redirects)
           ^^^^^^^^^^^^^^^^^^^^^^^^^^^^^^^^^^^^^^^^^^^^^^^^^^^^^^^^^^^^^^^^
/opt/venv/lib/python3.12/site-packages/httpx/_client.py:914: in send
    response = self._send_handling_auth(
/opt/venv/lib/python3.12/site-packages/httpx/_client.py:942: in _send_handling_auth
    response = self._send_handling_redirects(
/opt/venv/lib/python3.12/site-packages/httpx/_client.py:979: in _send_handling_redirects
    response = self._send_single_request(request)
               ^^^^^^^^^^^^^^^^^^^^^^^^^^^^^^^^^^
/opt/venv/lib/python3.12/site-packages/httpx/_client.py:1014: in _send_single_request
    response = transport.handle_request(request)
               ^^^^^^^^^^^^^^^^^^^^^^^^^^^^^^^^^
/opt/venv/lib/python3.12/site-packages/httpx/_transports/default.py:249: in handle_request
    with map_httpcore_exceptions():
         ^^^^^^^^^^^^^^^^^^^^^^^^^
/usr/local/lib/python3.12/contextlib.py:158: in __exit__
    self.gen.throw(value)
_ _ _ _ _ _ _ _ _ _ _ _ _ _ _ _ _ _ _ _ _ _ _ _ _ _ _ _ _ _ _ _ _ _ _ _ _ _ _ _ 

    @contextlib.contextmanager
    def map_httpcore_exceptions() -> typing.Iterator[None]:
        global HTTPCORE_EXC_MAP
        if len(HTTPCORE_EXC_MAP) == 0:
            HTTPCORE_EXC_MAP = _load_httpcore_exceptions()
        try:
            yield
        except Exception as exc:
            mapped_exc = None
    
            for from_exc, to_exc in HTTPCORE_EXC_MAP.items():
                if not isinstance(exc, from_exc):
                    continue
                # We want to map to the most specific exception we can find.
                # Eg if `exc` is an `httpcore.ReadTimeout`, we want to map to
                # `httpx.ReadTimeout`, not just `httpx.TimeoutException`.
                if mapped_exc is None or issubclass(to_exc, mapped_exc):
                    mapped_exc = to_exc
    
            if mapped_exc is None:  # pragma: no cover
                raise
    
            message = str(exc)
>           raise mapped_exc(message) from exc
E           httpx.ConnectError: [Errno -2] Name or service not known

/opt/venv/lib/python3.12/site-packages/httpx/_transports/default.py:118: ConnectError

The above exception was the direct cause of the following exception:

plans_api = PlansAPI(api=QuestionsAPI(engine=Engine(postgresql+psycopg://partsignal:***@postgres:5432/partsignal_geo208_6bfdb8006d...952ad6702fd2'), surface=UUID('dd772175-a631-448b-9cf2-0fba9f301fdf'), name='虚构计划-27c83cf5-52ba-4cd1-aba8-d2b5d6aa4c7e')
attack = 'reopen'

>   ???

/Users/sc/PycharmProjects/partsignal/backend/tests/integration/test_geo_r2_immutability.py:174: 
_ _ _ _ _ _ _ _ _ _ _ _ _ _ _ _ _ _ _ _ _ _ _ _ _ _ _ _ _ _ _ _ _ _ _ _ _ _ _ _ 
/Users/sc/PycharmProjects/partsignal/backend/tests/integration/test_geo_manual_collection.py:70: in evidence
    ???
_ _ _ _ _ _ _ _ _ _ _ _ _ _ _ _ _ _ _ _ _ _ _ _ _ _ _ _ _ _ _ _ _ _ _ _ _ _ _ _ 

self = <app.services.storage.DevelopmentEvidenceStorage object at 0xf132085e7740>
object_key = 'geo305/479b65b4-c958-47cb-814d-465c7a0cf6d2'
data = b'fixture-redacted-screenshot'

    def put(
        self,
        object_key: str,
        data: bytes,
        *,
        content_type: str,
        sha256: str,
    ) -> None:
        """通过内部签名 URL 保存服务端已经校验的对象。"""
        expires_at = datetime.now(UTC) + timedelta(seconds=60)
        url = signed_storage_url("upload", object_key, expires_at, internal=True)
        try:
            response = httpx.put(
                url,
                content=data,
                headers={"content-type": content_type, "x-meta-sha256": sha256},
                timeout=10,
            )
            response.raise_for_status()
        except (httpx.HTTPStatusError, httpx.RequestError) as error:
>           raise StorageUnavailable("开发对象存储 PUT 请求失败") from error
E           app.services.storage.StorageUnavailable: 开发对象存储 PUT 请求失败

app/services/storage.py:139: StorageUnavailable
__________ test_query_count_constant_with_runs_references_and_batches __________

    @contextlib.contextmanager
    def map_httpcore_exceptions() -> typing.Iterator[None]:
        global HTTPCORE_EXC_MAP
        if len(HTTPCORE_EXC_MAP) == 0:
            HTTPCORE_EXC_MAP = _load_httpcore_exceptions()
        try:
>           yield

/opt/venv/lib/python3.12/site-packages/httpx/_transports/default.py:101: 
_ _ _ _ _ _ _ _ _ _ _ _ _ _ _ _ _ _ _ _ _ _ _ _ _ _ _ _ _ _ _ _ _ _ _ _ _ _ _ _ 
/opt/venv/lib/python3.12/site-packages/httpx/_transports/default.py:250: in handle_request
    resp = self._pool.handle_request(req)
           ^^^^^^^^^^^^^^^^^^^^^^^^^^^^^^
/opt/venv/lib/python3.12/site-packages/httpcore/_sync/connection_pool.py:256: in handle_request
    raise exc from None
/opt/venv/lib/python3.12/site-packages/httpcore/_sync/connection_pool.py:236: in handle_request
    response = connection.handle_request(
/opt/venv/lib/python3.12/site-packages/httpcore/_sync/connection.py:101: in handle_request
    raise exc
/opt/venv/lib/python3.12/site-packages/httpcore/_sync/connection.py:78: in handle_request
    stream = self._connect(request)
             ^^^^^^^^^^^^^^^^^^^^^^
/opt/venv/lib/python3.12/site-packages/httpcore/_sync/connection.py:124: in _connect
    stream = self._network_backend.connect_tcp(**kwargs)
             ^^^^^^^^^^^^^^^^^^^^^^^^^^^^^^^^^^^^^^^^^^^
/opt/venv/lib/python3.12/site-packages/httpcore/_backends/sync.py:207: in connect_tcp
    with map_exceptions(exc_map):
         ^^^^^^^^^^^^^^^^^^^^^^^
/usr/local/lib/python3.12/contextlib.py:158: in __exit__
    self.gen.throw(value)
_ _ _ _ _ _ _ _ _ _ _ _ _ _ _ _ _ _ _ _ _ _ _ _ _ _ _ _ _ _ _ _ _ _ _ _ _ _ _ _ 

map = {<class 'TimeoutError'>: <class 'httpcore.ConnectTimeout'>, <class 'OSError'>: <class 'httpcore.ConnectError'>}

    @contextlib.contextmanager
    def map_exceptions(map: ExceptionMapping) -> typing.Iterator[None]:
        try:
            yield
        except Exception as exc:  # noqa: PIE786
            for from_exc, to_exc in map.items():
                if isinstance(exc, from_exc):
>                   raise to_exc(exc) from exc
E                   httpcore.ConnectError: [Errno -2] Name or service not known

/opt/venv/lib/python3.12/site-packages/httpcore/_exceptions.py:14: ConnectError

The above exception was the direct cause of the following exception:

self = <app.services.storage.DevelopmentEvidenceStorage object at 0xf131e981f710>
object_key = 'geo305/2129fc78-03a4-4b20-979b-202ccaea71b3'
data = b'fixture-redacted-screenshot'

    def put(
        self,
        object_key: str,
        data: bytes,
        *,
        content_type: str,
        sha256: str,
    ) -> None:
        """通过内部签名 URL 保存服务端已经校验的对象。"""
        expires_at = datetime.now(UTC) + timedelta(seconds=60)
        url = signed_storage_url("upload", object_key, expires_at, internal=True)
        try:
>           response = httpx.put(
                url,
                content=data,
                headers={"content-type": content_type, "x-meta-sha256": sha256},
                timeout=10,
            )

app/services/storage.py:131: 
_ _ _ _ _ _ _ _ _ _ _ _ _ _ _ _ _ _ _ _ _ _ _ _ _ _ _ _ _ _ _ _ _ _ _ _ _ _ _ _ 
/opt/venv/lib/python3.12/site-packages/httpx/_api.py:345: in put
    return request(
/opt/venv/lib/python3.12/site-packages/httpx/_api.py:109: in request
    return client.request(
/opt/venv/lib/python3.12/site-packages/httpx/_client.py:825: in request
    return self.send(request, auth=auth, follow_redirects=follow_redirects)
           ^^^^^^^^^^^^^^^^^^^^^^^^^^^^^^^^^^^^^^^^^^^^^^^^^^^^^^^^^^^^^^^^
/opt/venv/lib/python3.12/site-packages/httpx/_client.py:914: in send
    response = self._send_handling_auth(
/opt/venv/lib/python3.12/site-packages/httpx/_client.py:942: in _send_handling_auth
    response = self._send_handling_redirects(
/opt/venv/lib/python3.12/site-packages/httpx/_client.py:979: in _send_handling_redirects
    response = self._send_single_request(request)
               ^^^^^^^^^^^^^^^^^^^^^^^^^^^^^^^^^^
/opt/venv/lib/python3.12/site-packages/httpx/_client.py:1014: in _send_single_request
    response = transport.handle_request(request)
               ^^^^^^^^^^^^^^^^^^^^^^^^^^^^^^^^^
/opt/venv/lib/python3.12/site-packages/httpx/_transports/default.py:249: in handle_request
    with map_httpcore_exceptions():
         ^^^^^^^^^^^^^^^^^^^^^^^^^
/usr/local/lib/python3.12/contextlib.py:158: in __exit__
    self.gen.throw(value)
_ _ _ _ _ _ _ _ _ _ _ _ _ _ _ _ _ _ _ _ _ _ _ _ _ _ _ _ _ _ _ _ _ _ _ _ _ _ _ _ 

    @contextlib.contextmanager
    def map_httpcore_exceptions() -> typing.Iterator[None]:
        global HTTPCORE_EXC_MAP
        if len(HTTPCORE_EXC_MAP) == 0:
            HTTPCORE_EXC_MAP = _load_httpcore_exceptions()
        try:
            yield
        except Exception as exc:
            mapped_exc = None
    
            for from_exc, to_exc in HTTPCORE_EXC_MAP.items():
                if not isinstance(exc, from_exc):
                    continue
                # We want to map to the most specific exception we can find.
                # Eg if `exc` is an `httpcore.ReadTimeout`, we want to map to
                # `httpx.ReadTimeout`, not just `httpx.TimeoutException`.
                if mapped_exc is None or issubclass(to_exc, mapped_exc):
                    mapped_exc = to_exc
    
            if mapped_exc is None:  # pragma: no cover
                raise
    
            message = str(exc)
>           raise mapped_exc(message) from exc
E           httpx.ConnectError: [Errno -2] Name or service not known

/opt/venv/lib/python3.12/site-packages/httpx/_transports/default.py:118: ConnectError

The above exception was the direct cause of the following exception:

plans_api = PlansAPI(api=QuestionsAPI(engine=Engine(postgresql+psycopg://partsignal:***@postgres:5432/partsignal_geo208_74098e8c2b...a3bda3f2551f'), surface=UUID('610f9ed3-7f94-4c53-85c2-e7a6af6433be'), name='虚构计划-5bab1c78-0db0-40ac-b4db-93892a6d760f')

>   ???

/Users/sc/PycharmProjects/partsignal/backend/tests/integration/test_geo_read_consistency.py:60: 
_ _ _ _ _ _ _ _ _ _ _ _ _ _ _ _ _ _ _ _ _ _ _ _ _ _ _ _ _ _ _ _ _ _ _ _ _ _ _ _ 
/Users/sc/PycharmProjects/partsignal/backend/tests/integration/test_geo_manual_collection.py:70: in evidence
    ???
_ _ _ _ _ _ _ _ _ _ _ _ _ _ _ _ _ _ _ _ _ _ _ _ _ _ _ _ _ _ _ _ _ _ _ _ _ _ _ _ 

self = <app.services.storage.DevelopmentEvidenceStorage object at 0xf131e981f710>
object_key = 'geo305/2129fc78-03a4-4b20-979b-202ccaea71b3'
data = b'fixture-redacted-screenshot'

    def put(
        self,
        object_key: str,
        data: bytes,
        *,
        content_type: str,
        sha256: str,
    ) -> None:
        """通过内部签名 URL 保存服务端已经校验的对象。"""
        expires_at = datetime.now(UTC) + timedelta(seconds=60)
        url = signed_storage_url("upload", object_key, expires_at, internal=True)
        try:
            response = httpx.put(
                url,
                content=data,
                headers={"content-type": content_type, "x-meta-sha256": sha256},
                timeout=10,
            )
            response.raise_for_status()
        except (httpx.HTTPStatusError, httpx.RequestError) as error:
>           raise StorageUnavailable("开发对象存储 PUT 请求失败") from error
E           app.services.storage.StorageUnavailable: 开发对象存储 PUT 请求失败

app/services/storage.py:139: StorageUnavailable
---------------------------- Captured stderr setup -----------------------------
INFO  [alembic.runtime.migration] Context impl PostgresqlImpl.
INFO  [alembic.runtime.migration] Will assume transactional DDL.
INFO  [alembic.runtime.migration] Running upgrade  -> 0001_identity_audit, 创建身份、会话和审计表。
INFO  [alembic.runtime.migration] Running upgrade 0001_identity_audit -> 0002_product_facts, 创建规范化产品事实和不可变事实版本。
INFO  [alembic.runtime.migration] Running upgrade 0002_product_facts -> 0003_content_planning, 创建目标问题、平台规则版本和内容任务。
INFO  [alembic.runtime.migration] Running upgrade 0003_content_planning -> 0004_content_production, 创建 PostgreSQL 权威生成作业和不可变 Markdown 内容版本。
INFO  [alembic.runtime.migration] Running upgrade 0004_content_production -> 0005_content_review, 创建追加式内容审核记录。
INFO  [alembic.runtime.migration] Running upgrade 0005_content_review -> 0006_publication, 创建平台账号、人工发布记录和状态事件。
INFO  [alembic.runtime.migration] Running upgrade 0006_publication -> 0007_geo_observation, 创建追加式 GEO 观测及引用关联。
INFO  [alembic.runtime.migration] Running upgrade 0007_geo_observation -> 0008_files, 创建文件生命周期、附件关联并补加证据文件外键。
INFO  [alembic.runtime.migration] Running upgrade 0008_files -> 0009_config_center, 迁移账号类型、配置中心与真实 AI 生成字段。
INFO  [alembic.runtime.migration] Running upgrade 0009_config_center -> 0010_user_cleanup, 清理旧版职责账号并强制既有内容工程师改密。
INFO  [alembic.runtime.migration] Running upgrade 0010_user_cleanup -> 0011_generation_reliability, 增加生成作业补投递诊断字段与到期扫描索引。
INFO  [alembic.runtime.migration] Running upgrade 0011_generation_reliability -> 0012_ai_data_classification, 为生成输入增加显式数据分级与责任人记录。
INFO  [alembic.runtime.migration] Running upgrade 0012_ai_data_classification -> 0013_publication_closure, 增加发布异常待办、修复任务来源和发布平台一致性门禁。
INFO  [alembic.runtime.migration] Running upgrade 0013_publication_closure -> 0014_platform_prompt_ownership, 将当前 Prompt 所有权从平台类型迁移到具体平台。
INFO  [alembic.runtime.migration] Running upgrade 0014_platform_prompt_ownership -> 0015_platform_rule_draft_editing, 允许按修订号编辑平台规则草稿，并继续冻结已激活或退役正文。
INFO  [alembic.runtime.migration] Running upgrade 0015_platform_rule_draft_editing -> 0016_fact_review_cleanup, 允许受约束删除事实版本时清理其从属审核记录。
INFO  [alembic.runtime.migration] Running upgrade 0016_fact_review_cleanup -> 0017_content_humanization, 增加全局自然化 Prompt，并让现有 AI 作业承载自然化修订。
INFO  [alembic.runtime.migration] Running upgrade 0017_content_humanization -> 0018_manual_geo_observation, 增加产品级人工 GEO 观测，并保留旧模型观测历史。
INFO  [alembic.runtime.migration] Running upgrade 0018_manual_geo_observation -> 0019_product_driven_tasks, 允许新内容任务直接围绕产品创建，同时保留历史目标问题关联。
INFO  [alembic.runtime.migration] Running upgrade 0019_product_driven_tasks -> 0020_platform_branding_task_list, 为具体平台增加官网与单一来源 Logo。
INFO  [alembic.runtime.migration] Running upgrade 0020_platform_branding_task_list -> 0021_ai_channel_model_management, 补齐 AI 渠道身份字段与使用统计索引。
INFO  [alembic.runtime.migration] Running upgrade 0021_ai_channel_model_management -> 0022_geo_observation_insights, 补充人工 GEO 逐篇阶段事实与问题主题约束。
INFO  [alembic.runtime.migration] Running upgrade 0022_geo_observation_insights -> 0023_platform_management, 增加具体平台启停状态与管理聚合索引。
INFO  [alembic.runtime.migration] Running upgrade 0023_platform_management -> 0024_audit_outcome, 补齐审计模块、命令结果和安全结果说明。
INFO  [alembic.runtime.migration] Running upgrade 0024_audit_outcome -> 0025_markdown_facts, 将结构化产品事实收敛为 Markdown，并让内容任务直接绑定平台。
INFO  [alembic.runtime.migration] Running upgrade 0025_markdown_facts -> 0026_publication_account_dedup, 补齐发布账号修订约束，并阻止同平台规范化账号标识重复。
INFO  [alembic.runtime.migration] Running upgrade 0026_publication_account_dedup -> 0027_audit_user_delete_guard, 只允许受约束用户删除把匹配审计操作者置空。
INFO  [alembic.runtime.migration] Running upgrade 0027_audit_user_delete_guard -> 0028_platform_logo_lifecycle, 增加平台 Logo 的未引用保留、幂等删除状态与数据库门禁。
INFO  [alembic.runtime.migration] Running upgrade 0028_platform_logo_lifecycle -> 0029_geo_evidence_management, 收敛人工 GEO 独立事实，并为完整更正链删除增加事务门禁。
INFO  [alembic.runtime.migration] Running upgrade 0029_geo_evidence_management -> 0030_publication_record_delete, 为从未公开的发布聚合增加事务级受控删除门禁。
INFO  [alembic.runtime.migration] Running upgrade 0030_publication_record_delete -> 0031_reusable_platform_prompts, 把平台私有 Prompt 收敛为可复用模板和平台当前绑定。
INFO  [alembic.runtime.migration] Running upgrade 0031_reusable_platform_prompts -> 0032_content_task_idempotency, 为普通内容任务创建增加持久化请求键幂等约束。
INFO  [alembic.runtime.migration] Running upgrade 0032_content_task_idempotency -> 0033_task_owned_history_delete, 允许受控删除已取消任务自有的未批准生产历史。
INFO  [alembic.runtime.migration] Running upgrade 0033_task_owned_history_delete -> 0034_publication_redesign, 以发布工作、首次核验成果和发布后内容问题替换旧发布记录。
INFO  [alembic.runtime.migration] Running upgrade 0034_publication_redesign -> 0035_business_workflow, 建立事实提交、内容单主线、发布版本快照与 GEO 来源合同。
INFO  [alembic.runtime.migration] Running upgrade 0035_business_workflow -> 0036_remove_section_url, 删除没有稳定业务含义的发布栏目地址。
INFO  [alembic.runtime.migration] Running upgrade 0036_remove_section_url -> 0037_simplify_deletion_lifecycle, 收缩任务、配置与审计的删除生命周期。
INFO  [alembic.runtime.migration] Running upgrade 0037_simplify_deletion_lifecycle -> 0038_published_article_delete, 允许受控删除无 GEO 引用的发布成果聚合。
INFO  [alembic.runtime.migration] Running upgrade 0038_published_article_delete -> 0039_article_delete_platform, 允许归档任务在删除失效平台的发布成果后转为已取消。
INFO  [alembic.runtime.migration] Running upgrade 0039_article_delete_platform -> 0040_content_draft_management, 允许当前人工未审核草稿受控保存和彻底删除。
INFO  [alembic.runtime.migration] Running upgrade 0040_content_draft_management -> 0041_content_task_list, 补齐内容任务列表的稳定更新时间与排序索引。
INFO  [alembic.runtime.migration] Running upgrade 0041_content_task_list -> 0042_content_version_detail, 记录内容版本自身的真实更新时间。
INFO  [alembic.runtime.migration] Running upgrade 0042_content_version_detail -> 0043_geo_platform_identity, 冻结发布工作的平台 UUID，避免配置删除后 GEO 历史失去身份。
INFO  [alembic.runtime.migration] Running upgrade 0043_geo_platform_identity -> 0044_geo_catalog, 新增 GEO Catalog 三表；冻结本 revision，不读取运行时 ORM。
INFO  [alembic.runtime.migration] Running upgrade 0044_geo_catalog -> 0045_geo_prompt_variants, 仅新增问题变体，冻结规范化及历史锁存，不回填旧问题数组。
INFO  [alembic.runtime.migration] Running upgrade 0045_geo_prompt_variants -> 0046_geo_surfaces_profiles, 新增观测配置与闭合JSON合同；不回填旧GEO或实现运行资格。
INFO  [alembic.runtime.migration] Running upgrade 0046_geo_surfaces_profiles -> 0047_geo_monitoring_plans, 仅增加计划配置聚合；不创建批次、运行或改写历史观测。
INFO  [alembic.runtime.migration] Running upgrade 0047_geo_monitoring_plans -> 0048_geo_batches_runs, 新增独立回答级 Batch/Run，冻结 DDL 与快照/写入守卫，不迁移旧 GEO。
INFO  [alembic.runtime.migration] Running upgrade 0048_geo_batches_runs -> 0049_geo_batch_creation, 创建幂等与批次主体引用；不修改已冻结的 Batch/Run 输入。
INFO  [alembic.runtime.migration] Running upgrade 0049_geo_batch_creation -> 0050_geo_answer_evidence, 新增不可变原始回答、引用和受控文件关系；不实现采集命令。
INFO  [alembic.runtime.migration] Running upgrade 0050_geo_answer_evidence -> 0051_geo_manual_collection, 人工草稿和不可变提交身份；不回填或修改已提交证据。
INFO  [alembic.runtime.migration] Running upgrade 0051_geo_manual_collection -> 0052_geo_profile_tests, API Profile 当前诊断资格与依赖失效；不修改业务历史。
INFO  [alembic.runtime.migration] Running upgrade 0052_geo_profile_tests -> 0053_geo_collection_admission, 加法保存预算预留与发送限速事实，历史 Run 和原始证据保持不变。
INFO  [alembic.runtime.migration] Running upgrade 0053_geo_collection_admission -> 0054_geo_analysis_contract, 分析输入/结果、追加复核与限定 current pointer；不回填历史证据。
INFO  [alembic.runtime.migration] Running upgrade 0054_geo_analysis_contract -> 0055_geo_analysis_worker, 分析执行租约与引用结果；不回填或重写已有 revision。
INFO  [alembic.runtime.migration] Running upgrade 0055_geo_analysis_worker -> 0056_geo_run_review, 受控人工复核发布；历史机器结果与Review不回填、不改写。
INFO  [alembic.runtime.migration] Running upgrade 0056_geo_run_review -> 0057_geo_insight_indexes, GEO-607：洞察日期候选索引，不改变历史数据或业务约束。
INFO  [alembic.runtime.migration] Running upgrade 0057_geo_insight_indexes -> 0058_geo_rule_configuration, GEO-701：当前规则配置和不可变 revision 历史，不回填既有评估。
INFO  [alembic.runtime.migration] Running upgrade 0058_geo_rule_configuration -> 0059_geo_opportunities, GEO-702：机会、追加来源/行动/评估及真实 Batch 来源外键。
INFO  [alembic.runtime.migration] Running upgrade 0059_geo_opportunities -> 0060_geo_opportunity_actions, GEO-704：行动来源快照、幂等回执与目标生命周期保护。
INFO  [alembic.runtime.migration] Running upgrade 0060_geo_opportunity_actions -> 0061_geo_retests, GEO-705：严格复测冻结基线、幂等回执和提交时矩阵验证。
INFO  [alembic.runtime.migration] Running upgrade 0061_geo_retests -> 0062_geo_opportunity_decisions, GEO-706：加法保存显式处理和不可变比较证据，不回填历史。
INFO  [alembic.runtime.migration] Running upgrade 0062_geo_opportunity_decisions -> 0063_geo_browser_sessions, GEO-802：仅增加受保护会话引用、撤销事实与审计动作。
INFO  [alembic.runtime.migration] Running upgrade 0063_geo_browser_sessions -> 0064_geo_retention, GEO 终态草稿清理墓碑；不改已提交证据、不回填历史。
INFO  [alembic.runtime.migration] Running upgrade 0064_geo_retention -> 0065_geo_observability, GEO有限运行健康元数据；加法迁移，不回填或修改业务历史。
_____ test_detail_concurrent_submit_cannot_mix_old_status_and_new_evidence _____

    @contextlib.contextmanager
    def map_httpcore_exceptions() -> typing.Iterator[None]:
        global HTTPCORE_EXC_MAP
        if len(HTTPCORE_EXC_MAP) == 0:
            HTTPCORE_EXC_MAP = _load_httpcore_exceptions()
        try:
>           yield

/opt/venv/lib/python3.12/site-packages/httpx/_transports/default.py:101: 
_ _ _ _ _ _ _ _ _ _ _ _ _ _ _ _ _ _ _ _ _ _ _ _ _ _ _ _ _ _ _ _ _ _ _ _ _ _ _ _ 
/opt/venv/lib/python3.12/site-packages/httpx/_transports/default.py:250: in handle_request
    resp = self._pool.handle_request(req)
           ^^^^^^^^^^^^^^^^^^^^^^^^^^^^^^
/opt/venv/lib/python3.12/site-packages/httpcore/_sync/connection_pool.py:256: in handle_request
    raise exc from None
/opt/venv/lib/python3.12/site-packages/httpcore/_sync/connection_pool.py:236: in handle_request
    response = connection.handle_request(
/opt/venv/lib/python3.12/site-packages/httpcore/_sync/connection.py:101: in handle_request
    raise exc
/opt/venv/lib/python3.12/site-packages/httpcore/_sync/connection.py:78: in handle_request
    stream = self._connect(request)
             ^^^^^^^^^^^^^^^^^^^^^^
/opt/venv/lib/python3.12/site-packages/httpcore/_sync/connection.py:124: in _connect
    stream = self._network_backend.connect_tcp(**kwargs)
             ^^^^^^^^^^^^^^^^^^^^^^^^^^^^^^^^^^^^^^^^^^^
/opt/venv/lib/python3.12/site-packages/httpcore/_backends/sync.py:207: in connect_tcp
    with map_exceptions(exc_map):
         ^^^^^^^^^^^^^^^^^^^^^^^
/usr/local/lib/python3.12/contextlib.py:158: in __exit__
    self.gen.throw(value)
_ _ _ _ _ _ _ _ _ _ _ _ _ _ _ _ _ _ _ _ _ _ _ _ _ _ _ _ _ _ _ _ _ _ _ _ _ _ _ _ 

map = {<class 'TimeoutError'>: <class 'httpcore.ConnectTimeout'>, <class 'OSError'>: <class 'httpcore.ConnectError'>}

    @contextlib.contextmanager
    def map_exceptions(map: ExceptionMapping) -> typing.Iterator[None]:
        try:
            yield
        except Exception as exc:  # noqa: PIE786
            for from_exc, to_exc in map.items():
                if isinstance(exc, from_exc):
>                   raise to_exc(exc) from exc
E                   httpcore.ConnectError: [Errno -2] Name or service not known

/opt/venv/lib/python3.12/site-packages/httpcore/_exceptions.py:14: ConnectError

The above exception was the direct cause of the following exception:

self = <app.services.storage.DevelopmentEvidenceStorage object at 0xf131e9558aa0>
object_key = 'geo305/851edc26-2e83-4fff-b3ed-2b13c064b369'
data = b'fixture-redacted-screenshot'

    def put(
        self,
        object_key: str,
        data: bytes,
        *,
        content_type: str,
        sha256: str,
    ) -> None:
        """通过内部签名 URL 保存服务端已经校验的对象。"""
        expires_at = datetime.now(UTC) + timedelta(seconds=60)
        url = signed_storage_url("upload", object_key, expires_at, internal=True)
        try:
>           response = httpx.put(
                url,
                content=data,
                headers={"content-type": content_type, "x-meta-sha256": sha256},
                timeout=10,
            )

app/services/storage.py:131: 
_ _ _ _ _ _ _ _ _ _ _ _ _ _ _ _ _ _ _ _ _ _ _ _ _ _ _ _ _ _ _ _ _ _ _ _ _ _ _ _ 
/opt/venv/lib/python3.12/site-packages/httpx/_api.py:345: in put
    return request(
/opt/venv/lib/python3.12/site-packages/httpx/_api.py:109: in request
    return client.request(
/opt/venv/lib/python3.12/site-packages/httpx/_client.py:825: in request
    return self.send(request, auth=auth, follow_redirects=follow_redirects)
           ^^^^^^^^^^^^^^^^^^^^^^^^^^^^^^^^^^^^^^^^^^^^^^^^^^^^^^^^^^^^^^^^
/opt/venv/lib/python3.12/site-packages/httpx/_client.py:914: in send
    response = self._send_handling_auth(
/opt/venv/lib/python3.12/site-packages/httpx/_client.py:942: in _send_handling_auth
    response = self._send_handling_redirects(
/opt/venv/lib/python3.12/site-packages/httpx/_client.py:979: in _send_handling_redirects
    response = self._send_single_request(request)
               ^^^^^^^^^^^^^^^^^^^^^^^^^^^^^^^^^^
/opt/venv/lib/python3.12/site-packages/httpx/_client.py:1014: in _send_single_request
    response = transport.handle_request(request)
               ^^^^^^^^^^^^^^^^^^^^^^^^^^^^^^^^^
/opt/venv/lib/python3.12/site-packages/httpx/_transports/default.py:249: in handle_request
    with map_httpcore_exceptions():
         ^^^^^^^^^^^^^^^^^^^^^^^^^
/usr/local/lib/python3.12/contextlib.py:158: in __exit__
    self.gen.throw(value)
_ _ _ _ _ _ _ _ _ _ _ _ _ _ _ _ _ _ _ _ _ _ _ _ _ _ _ _ _ _ _ _ _ _ _ _ _ _ _ _ 

    @contextlib.contextmanager
    def map_httpcore_exceptions() -> typing.Iterator[None]:
        global HTTPCORE_EXC_MAP
        if len(HTTPCORE_EXC_MAP) == 0:
            HTTPCORE_EXC_MAP = _load_httpcore_exceptions()
        try:
            yield
        except Exception as exc:
            mapped_exc = None
    
            for from_exc, to_exc in HTTPCORE_EXC_MAP.items():
                if not isinstance(exc, from_exc):
                    continue
                # We want to map to the most specific exception we can find.
                # Eg if `exc` is an `httpcore.ReadTimeout`, we want to map to
                # `httpx.ReadTimeout`, not just `httpx.TimeoutException`.
                if mapped_exc is None or issubclass(to_exc, mapped_exc):
                    mapped_exc = to_exc
    
            if mapped_exc is None:  # pragma: no cover
                raise
    
            message = str(exc)
>           raise mapped_exc(message) from exc
E           httpx.ConnectError: [Errno -2] Name or service not known

/opt/venv/lib/python3.12/site-packages/httpx/_transports/default.py:118: ConnectError

The above exception was the direct cause of the following exception:

plans_api = PlansAPI(api=QuestionsAPI(engine=Engine(postgresql+psycopg://partsignal:***@postgres:5432/partsignal_geo208_74098e8c2b...52521bd0fe7f'), surface=UUID('0ed1007b-d929-4ff5-971e-435bf78fd654'), name='虚构计划-16df0a94-dcc9-4348-99a1-4248a03cd978')

>   ???

/Users/sc/PycharmProjects/partsignal/backend/tests/integration/test_geo_read_consistency.py:130: 
_ _ _ _ _ _ _ _ _ _ _ _ _ _ _ _ _ _ _ _ _ _ _ _ _ _ _ _ _ _ _ _ _ _ _ _ _ _ _ _ 
/Users/sc/PycharmProjects/partsignal/backend/tests/integration/test_geo_manual_collection.py:70: in evidence
    ???
_ _ _ _ _ _ _ _ _ _ _ _ _ _ _ _ _ _ _ _ _ _ _ _ _ _ _ _ _ _ _ _ _ _ _ _ _ _ _ _ 

self = <app.services.storage.DevelopmentEvidenceStorage object at 0xf131e9558aa0>
object_key = 'geo305/851edc26-2e83-4fff-b3ed-2b13c064b369'
data = b'fixture-redacted-screenshot'

    def put(
        self,
        object_key: str,
        data: bytes,
        *,
        content_type: str,
        sha256: str,
    ) -> None:
        """通过内部签名 URL 保存服务端已经校验的对象。"""
        expires_at = datetime.now(UTC) + timedelta(seconds=60)
        url = signed_storage_url("upload", object_key, expires_at, internal=True)
        try:
            response = httpx.put(
                url,
                content=data,
                headers={"content-type": content_type, "x-meta-sha256": sha256},
                timeout=10,
            )
            response.raise_for_status()
        except (httpx.HTTPStatusError, httpx.RequestError) as error:
>           raise StorageUnavailable("开发对象存储 PUT 请求失败") from error
E           app.services.storage.StorageUnavailable: 开发对象存储 PUT 请求失败

app/services/storage.py:139: StorageUnavailable
_________ test_detail_one_request_evidence_timeline_and_frozen_context _________

    @contextlib.contextmanager
    def map_httpcore_exceptions() -> typing.Iterator[None]:
        global HTTPCORE_EXC_MAP
        if len(HTTPCORE_EXC_MAP) == 0:
            HTTPCORE_EXC_MAP = _load_httpcore_exceptions()
        try:
>           yield

/opt/venv/lib/python3.12/site-packages/httpx/_transports/default.py:101: 
_ _ _ _ _ _ _ _ _ _ _ _ _ _ _ _ _ _ _ _ _ _ _ _ _ _ _ _ _ _ _ _ _ _ _ _ _ _ _ _ 
/opt/venv/lib/python3.12/site-packages/httpx/_transports/default.py:250: in handle_request
    resp = self._pool.handle_request(req)
           ^^^^^^^^^^^^^^^^^^^^^^^^^^^^^^
/opt/venv/lib/python3.12/site-packages/httpcore/_sync/connection_pool.py:256: in handle_request
    raise exc from None
/opt/venv/lib/python3.12/site-packages/httpcore/_sync/connection_pool.py:236: in handle_request
    response = connection.handle_request(
/opt/venv/lib/python3.12/site-packages/httpcore/_sync/connection.py:101: in handle_request
    raise exc
/opt/venv/lib/python3.12/site-packages/httpcore/_sync/connection.py:78: in handle_request
    stream = self._connect(request)
             ^^^^^^^^^^^^^^^^^^^^^^
/opt/venv/lib/python3.12/site-packages/httpcore/_sync/connection.py:124: in _connect
    stream = self._network_backend.connect_tcp(**kwargs)
             ^^^^^^^^^^^^^^^^^^^^^^^^^^^^^^^^^^^^^^^^^^^
/opt/venv/lib/python3.12/site-packages/httpcore/_backends/sync.py:207: in connect_tcp
    with map_exceptions(exc_map):
         ^^^^^^^^^^^^^^^^^^^^^^^
/usr/local/lib/python3.12/contextlib.py:158: in __exit__
    self.gen.throw(value)
_ _ _ _ _ _ _ _ _ _ _ _ _ _ _ _ _ _ _ _ _ _ _ _ _ _ _ _ _ _ _ _ _ _ _ _ _ _ _ _ 

map = {<class 'TimeoutError'>: <class 'httpcore.ConnectTimeout'>, <class 'OSError'>: <class 'httpcore.ConnectError'>}

    @contextlib.contextmanager
    def map_exceptions(map: ExceptionMapping) -> typing.Iterator[None]:
        try:
            yield
        except Exception as exc:  # noqa: PIE786
            for from_exc, to_exc in map.items():
                if isinstance(exc, from_exc):
>                   raise to_exc(exc) from exc
E                   httpcore.ConnectError: [Errno -2] Name or service not known

/opt/venv/lib/python3.12/site-packages/httpcore/_exceptions.py:14: ConnectError

The above exception was the direct cause of the following exception:

self = <app.services.storage.DevelopmentEvidenceStorage object at 0xf131eada7b60>
object_key = 'geo305/20947240-3d10-41fc-8fc4-0fe2e42cd8b9'
data = b'fixture-redacted-screenshot'

    def put(
        self,
        object_key: str,
        data: bytes,
        *,
        content_type: str,
        sha256: str,
    ) -> None:
        """通过内部签名 URL 保存服务端已经校验的对象。"""
        expires_at = datetime.now(UTC) + timedelta(seconds=60)
        url = signed_storage_url("upload", object_key, expires_at, internal=True)
        try:
>           response = httpx.put(
                url,
                content=data,
                headers={"content-type": content_type, "x-meta-sha256": sha256},
                timeout=10,
            )

app/services/storage.py:131: 
_ _ _ _ _ _ _ _ _ _ _ _ _ _ _ _ _ _ _ _ _ _ _ _ _ _ _ _ _ _ _ _ _ _ _ _ _ _ _ _ 
/opt/venv/lib/python3.12/site-packages/httpx/_api.py:345: in put
    return request(
/opt/venv/lib/python3.12/site-packages/httpx/_api.py:109: in request
    return client.request(
/opt/venv/lib/python3.12/site-packages/httpx/_client.py:825: in request
    return self.send(request, auth=auth, follow_redirects=follow_redirects)
           ^^^^^^^^^^^^^^^^^^^^^^^^^^^^^^^^^^^^^^^^^^^^^^^^^^^^^^^^^^^^^^^^
/opt/venv/lib/python3.12/site-packages/httpx/_client.py:914: in send
    response = self._send_handling_auth(
/opt/venv/lib/python3.12/site-packages/httpx/_client.py:942: in _send_handling_auth
    response = self._send_handling_redirects(
/opt/venv/lib/python3.12/site-packages/httpx/_client.py:979: in _send_handling_redirects
    response = self._send_single_request(request)
               ^^^^^^^^^^^^^^^^^^^^^^^^^^^^^^^^^^
/opt/venv/lib/python3.12/site-packages/httpx/_client.py:1014: in _send_single_request
    response = transport.handle_request(request)
               ^^^^^^^^^^^^^^^^^^^^^^^^^^^^^^^^^
/opt/venv/lib/python3.12/site-packages/httpx/_transports/default.py:249: in handle_request
    with map_httpcore_exceptions():
         ^^^^^^^^^^^^^^^^^^^^^^^^^
/usr/local/lib/python3.12/contextlib.py:158: in __exit__
    self.gen.throw(value)
_ _ _ _ _ _ _ _ _ _ _ _ _ _ _ _ _ _ _ _ _ _ _ _ _ _ _ _ _ _ _ _ _ _ _ _ _ _ _ _ 

    @contextlib.contextmanager
    def map_httpcore_exceptions() -> typing.Iterator[None]:
        global HTTPCORE_EXC_MAP
        if len(HTTPCORE_EXC_MAP) == 0:
            HTTPCORE_EXC_MAP = _load_httpcore_exceptions()
        try:
            yield
        except Exception as exc:
            mapped_exc = None
    
            for from_exc, to_exc in HTTPCORE_EXC_MAP.items():
                if not isinstance(exc, from_exc):
                    continue
                # We want to map to the most specific exception we can find.
                # Eg if `exc` is an `httpcore.ReadTimeout`, we want to map to
                # `httpx.ReadTimeout`, not just `httpx.TimeoutException`.
                if mapped_exc is None or issubclass(to_exc, mapped_exc):
                    mapped_exc = to_exc
    
            if mapped_exc is None:  # pragma: no cover
                raise
    
            message = str(exc)
>           raise mapped_exc(message) from exc
E           httpx.ConnectError: [Errno -2] Name or service not known

/opt/venv/lib/python3.12/site-packages/httpx/_transports/default.py:118: ConnectError

The above exception was the direct cause of the following exception:

plans_api = PlansAPI(api=QuestionsAPI(engine=Engine(postgresql+psycopg://partsignal:***@postgres:5432/partsignal_geo208_23545c9119...10c67b76584d'), surface=UUID('96053caa-952c-46ed-8056-da1544758592'), name='虚构计划-e32a238e-23b5-4996-8117-6590bf9621ea')
monkeypatch = <_pytest.monkeypatch.MonkeyPatch object at 0xf132090e3110>
contract = {'components': {'headers': {'RequestIdResponseHeader': {'required': True, 'schema': {'maxLength': 100, 'minLength': 1,.../components/responses/ErrorResponse'}, '403': {'$ref': '#/components/responses/ErrorResponse'}, ...}, ...}}, ...}, ...}

>   ???

/Users/sc/PycharmProjects/partsignal/backend/tests/integration/test_geo_read_models.py:55: 
_ _ _ _ _ _ _ _ _ _ _ _ _ _ _ _ _ _ _ _ _ _ _ _ _ _ _ _ _ _ _ _ _ _ _ _ _ _ _ _ 
/Users/sc/PycharmProjects/partsignal/backend/tests/integration/test_geo_manual_collection.py:70: in evidence
    ???
_ _ _ _ _ _ _ _ _ _ _ _ _ _ _ _ _ _ _ _ _ _ _ _ _ _ _ _ _ _ _ _ _ _ _ _ _ _ _ _ 

self = <app.services.storage.DevelopmentEvidenceStorage object at 0xf131eada7b60>
object_key = 'geo305/20947240-3d10-41fc-8fc4-0fe2e42cd8b9'
data = b'fixture-redacted-screenshot'

    def put(
        self,
        object_key: str,
        data: bytes,
        *,
        content_type: str,
        sha256: str,
    ) -> None:
        """通过内部签名 URL 保存服务端已经校验的对象。"""
        expires_at = datetime.now(UTC) + timedelta(seconds=60)
        url = signed_storage_url("upload", object_key, expires_at, internal=True)
        try:
            response = httpx.put(
                url,
                content=data,
                headers={"content-type": content_type, "x-meta-sha256": sha256},
                timeout=10,
            )
            response.raise_for_status()
        except (httpx.HTTPStatusError, httpx.RequestError) as error:
>           raise StorageUnavailable("开发对象存储 PUT 请求失败") from error
E           app.services.storage.StorageUnavailable: 开发对象存储 PUT 请求失败

app/services/storage.py:139: StorageUnavailable
---------------------------- Captured stderr setup -----------------------------
INFO  [alembic.runtime.migration] Context impl PostgresqlImpl.
INFO  [alembic.runtime.migration] Will assume transactional DDL.
INFO  [alembic.runtime.migration] Running upgrade  -> 0001_identity_audit, 创建身份、会话和审计表。
INFO  [alembic.runtime.migration] Running upgrade 0001_identity_audit -> 0002_product_facts, 创建规范化产品事实和不可变事实版本。
INFO  [alembic.runtime.migration] Running upgrade 0002_product_facts -> 0003_content_planning, 创建目标问题、平台规则版本和内容任务。
INFO  [alembic.runtime.migration] Running upgrade 0003_content_planning -> 0004_content_production, 创建 PostgreSQL 权威生成作业和不可变 Markdown 内容版本。
INFO  [alembic.runtime.migration] Running upgrade 0004_content_production -> 0005_content_review, 创建追加式内容审核记录。
INFO  [alembic.runtime.migration] Running upgrade 0005_content_review -> 0006_publication, 创建平台账号、人工发布记录和状态事件。
INFO  [alembic.runtime.migration] Running upgrade 0006_publication -> 0007_geo_observation, 创建追加式 GEO 观测及引用关联。
INFO  [alembic.runtime.migration] Running upgrade 0007_geo_observation -> 0008_files, 创建文件生命周期、附件关联并补加证据文件外键。
INFO  [alembic.runtime.migration] Running upgrade 0008_files -> 0009_config_center, 迁移账号类型、配置中心与真实 AI 生成字段。
INFO  [alembic.runtime.migration] Running upgrade 0009_config_center -> 0010_user_cleanup, 清理旧版职责账号并强制既有内容工程师改密。
INFO  [alembic.runtime.migration] Running upgrade 0010_user_cleanup -> 0011_generation_reliability, 增加生成作业补投递诊断字段与到期扫描索引。
INFO  [alembic.runtime.migration] Running upgrade 0011_generation_reliability -> 0012_ai_data_classification, 为生成输入增加显式数据分级与责任人记录。
INFO  [alembic.runtime.migration] Running upgrade 0012_ai_data_classification -> 0013_publication_closure, 增加发布异常待办、修复任务来源和发布平台一致性门禁。
INFO  [alembic.runtime.migration] Running upgrade 0013_publication_closure -> 0014_platform_prompt_ownership, 将当前 Prompt 所有权从平台类型迁移到具体平台。
INFO  [alembic.runtime.migration] Running upgrade 0014_platform_prompt_ownership -> 0015_platform_rule_draft_editing, 允许按修订号编辑平台规则草稿，并继续冻结已激活或退役正文。
INFO  [alembic.runtime.migration] Running upgrade 0015_platform_rule_draft_editing -> 0016_fact_review_cleanup, 允许受约束删除事实版本时清理其从属审核记录。
INFO  [alembic.runtime.migration] Running upgrade 0016_fact_review_cleanup -> 0017_content_humanization, 增加全局自然化 Prompt，并让现有 AI 作业承载自然化修订。
INFO  [alembic.runtime.migration] Running upgrade 0017_content_humanization -> 0018_manual_geo_observation, 增加产品级人工 GEO 观测，并保留旧模型观测历史。
INFO  [alembic.runtime.migration] Running upgrade 0018_manual_geo_observation -> 0019_product_driven_tasks, 允许新内容任务直接围绕产品创建，同时保留历史目标问题关联。
INFO  [alembic.runtime.migration] Running upgrade 0019_product_driven_tasks -> 0020_platform_branding_task_list, 为具体平台增加官网与单一来源 Logo。
INFO  [alembic.runtime.migration] Running upgrade 0020_platform_branding_task_list -> 0021_ai_channel_model_management, 补齐 AI 渠道身份字段与使用统计索引。
INFO  [alembic.runtime.migration] Running upgrade 0021_ai_channel_model_management -> 0022_geo_observation_insights, 补充人工 GEO 逐篇阶段事实与问题主题约束。
INFO  [alembic.runtime.migration] Running upgrade 0022_geo_observation_insights -> 0023_platform_management, 增加具体平台启停状态与管理聚合索引。
INFO  [alembic.runtime.migration] Running upgrade 0023_platform_management -> 0024_audit_outcome, 补齐审计模块、命令结果和安全结果说明。
INFO  [alembic.runtime.migration] Running upgrade 0024_audit_outcome -> 0025_markdown_facts, 将结构化产品事实收敛为 Markdown，并让内容任务直接绑定平台。
INFO  [alembic.runtime.migration] Running upgrade 0025_markdown_facts -> 0026_publication_account_dedup, 补齐发布账号修订约束，并阻止同平台规范化账号标识重复。
INFO  [alembic.runtime.migration] Running upgrade 0026_publication_account_dedup -> 0027_audit_user_delete_guard, 只允许受约束用户删除把匹配审计操作者置空。
INFO  [alembic.runtime.migration] Running upgrade 0027_audit_user_delete_guard -> 0028_platform_logo_lifecycle, 增加平台 Logo 的未引用保留、幂等删除状态与数据库门禁。
INFO  [alembic.runtime.migration] Running upgrade 0028_platform_logo_lifecycle -> 0029_geo_evidence_management, 收敛人工 GEO 独立事实，并为完整更正链删除增加事务门禁。
INFO  [alembic.runtime.migration] Running upgrade 0029_geo_evidence_management -> 0030_publication_record_delete, 为从未公开的发布聚合增加事务级受控删除门禁。
INFO  [alembic.runtime.migration] Running upgrade 0030_publication_record_delete -> 0031_reusable_platform_prompts, 把平台私有 Prompt 收敛为可复用模板和平台当前绑定。
INFO  [alembic.runtime.migration] Running upgrade 0031_reusable_platform_prompts -> 0032_content_task_idempotency, 为普通内容任务创建增加持久化请求键幂等约束。
INFO  [alembic.runtime.migration] Running upgrade 0032_content_task_idempotency -> 0033_task_owned_history_delete, 允许受控删除已取消任务自有的未批准生产历史。
INFO  [alembic.runtime.migration] Running upgrade 0033_task_owned_history_delete -> 0034_publication_redesign, 以发布工作、首次核验成果和发布后内容问题替换旧发布记录。
INFO  [alembic.runtime.migration] Running upgrade 0034_publication_redesign -> 0035_business_workflow, 建立事实提交、内容单主线、发布版本快照与 GEO 来源合同。
INFO  [alembic.runtime.migration] Running upgrade 0035_business_workflow -> 0036_remove_section_url, 删除没有稳定业务含义的发布栏目地址。
INFO  [alembic.runtime.migration] Running upgrade 0036_remove_section_url -> 0037_simplify_deletion_lifecycle, 收缩任务、配置与审计的删除生命周期。
INFO  [alembic.runtime.migration] Running upgrade 0037_simplify_deletion_lifecycle -> 0038_published_article_delete, 允许受控删除无 GEO 引用的发布成果聚合。
INFO  [alembic.runtime.migration] Running upgrade 0038_published_article_delete -> 0039_article_delete_platform, 允许归档任务在删除失效平台的发布成果后转为已取消。
INFO  [alembic.runtime.migration] Running upgrade 0039_article_delete_platform -> 0040_content_draft_management, 允许当前人工未审核草稿受控保存和彻底删除。
INFO  [alembic.runtime.migration] Running upgrade 0040_content_draft_management -> 0041_content_task_list, 补齐内容任务列表的稳定更新时间与排序索引。
INFO  [alembic.runtime.migration] Running upgrade 0041_content_task_list -> 0042_content_version_detail, 记录内容版本自身的真实更新时间。
INFO  [alembic.runtime.migration] Running upgrade 0042_content_version_detail -> 0043_geo_platform_identity, 冻结发布工作的平台 UUID，避免配置删除后 GEO 历史失去身份。
INFO  [alembic.runtime.migration] Running upgrade 0043_geo_platform_identity -> 0044_geo_catalog, 新增 GEO Catalog 三表；冻结本 revision，不读取运行时 ORM。
INFO  [alembic.runtime.migration] Running upgrade 0044_geo_catalog -> 0045_geo_prompt_variants, 仅新增问题变体，冻结规范化及历史锁存，不回填旧问题数组。
INFO  [alembic.runtime.migration] Running upgrade 0045_geo_prompt_variants -> 0046_geo_surfaces_profiles, 新增观测配置与闭合JSON合同；不回填旧GEO或实现运行资格。
INFO  [alembic.runtime.migration] Running upgrade 0046_geo_surfaces_profiles -> 0047_geo_monitoring_plans, 仅增加计划配置聚合；不创建批次、运行或改写历史观测。
INFO  [alembic.runtime.migration] Running upgrade 0047_geo_monitoring_plans -> 0048_geo_batches_runs, 新增独立回答级 Batch/Run，冻结 DDL 与快照/写入守卫，不迁移旧 GEO。
INFO  [alembic.runtime.migration] Running upgrade 0048_geo_batches_runs -> 0049_geo_batch_creation, 创建幂等与批次主体引用；不修改已冻结的 Batch/Run 输入。
INFO  [alembic.runtime.migration] Running upgrade 0049_geo_batch_creation -> 0050_geo_answer_evidence, 新增不可变原始回答、引用和受控文件关系；不实现采集命令。
INFO  [alembic.runtime.migration] Running upgrade 0050_geo_answer_evidence -> 0051_geo_manual_collection, 人工草稿和不可变提交身份；不回填或修改已提交证据。
INFO  [alembic.runtime.migration] Running upgrade 0051_geo_manual_collection -> 0052_geo_profile_tests, API Profile 当前诊断资格与依赖失效；不修改业务历史。
INFO  [alembic.runtime.migration] Running upgrade 0052_geo_profile_tests -> 0053_geo_collection_admission, 加法保存预算预留与发送限速事实，历史 Run 和原始证据保持不变。
INFO  [alembic.runtime.migration] Running upgrade 0053_geo_collection_admission -> 0054_geo_analysis_contract, 分析输入/结果、追加复核与限定 current pointer；不回填历史证据。
INFO  [alembic.runtime.migration] Running upgrade 0054_geo_analysis_contract -> 0055_geo_analysis_worker, 分析执行租约与引用结果；不回填或重写已有 revision。
INFO  [alembic.runtime.migration] Running upgrade 0055_geo_analysis_worker -> 0056_geo_run_review, 受控人工复核发布；历史机器结果与Review不回填、不改写。
INFO  [alembic.runtime.migration] Running upgrade 0056_geo_run_review -> 0057_geo_insight_indexes, GEO-607：洞察日期候选索引，不改变历史数据或业务约束。
INFO  [alembic.runtime.migration] Running upgrade 0057_geo_insight_indexes -> 0058_geo_rule_configuration, GEO-701：当前规则配置和不可变 revision 历史，不回填既有评估。
INFO  [alembic.runtime.migration] Running upgrade 0058_geo_rule_configuration -> 0059_geo_opportunities, GEO-702：机会、追加来源/行动/评估及真实 Batch 来源外键。
INFO  [alembic.runtime.migration] Running upgrade 0059_geo_opportunities -> 0060_geo_opportunity_actions, GEO-704：行动来源快照、幂等回执与目标生命周期保护。
INFO  [alembic.runtime.migration] Running upgrade 0060_geo_opportunity_actions -> 0061_geo_retests, GEO-705：严格复测冻结基线、幂等回执和提交时矩阵验证。
INFO  [alembic.runtime.migration] Running upgrade 0061_geo_retests -> 0062_geo_opportunity_decisions, GEO-706：加法保存显式处理和不可变比较证据，不回填历史。
INFO  [alembic.runtime.migration] Running upgrade 0062_geo_opportunity_decisions -> 0063_geo_browser_sessions, GEO-802：仅增加受保护会话引用、撤销事实与审计动作。
INFO  [alembic.runtime.migration] Running upgrade 0063_geo_browser_sessions -> 0064_geo_retention, GEO 终态草稿清理墓碑；不改已提交证据、不回填历史。
INFO  [alembic.runtime.migration] Running upgrade 0064_geo_retention -> 0065_geo_observability, GEO有限运行健康元数据；加法迁移，不回填或修改业务历史。
_________ test_signed_access_downloads_and_signer_failure_is_explicit __________

    @contextlib.contextmanager
    def map_httpcore_exceptions() -> typing.Iterator[None]:
        global HTTPCORE_EXC_MAP
        if len(HTTPCORE_EXC_MAP) == 0:
            HTTPCORE_EXC_MAP = _load_httpcore_exceptions()
        try:
>           yield

/opt/venv/lib/python3.12/site-packages/httpx/_transports/default.py:101: 
_ _ _ _ _ _ _ _ _ _ _ _ _ _ _ _ _ _ _ _ _ _ _ _ _ _ _ _ _ _ _ _ _ _ _ _ _ _ _ _ 
/opt/venv/lib/python3.12/site-packages/httpx/_transports/default.py:250: in handle_request
    resp = self._pool.handle_request(req)
           ^^^^^^^^^^^^^^^^^^^^^^^^^^^^^^
/opt/venv/lib/python3.12/site-packages/httpcore/_sync/connection_pool.py:256: in handle_request
    raise exc from None
/opt/venv/lib/python3.12/site-packages/httpcore/_sync/connection_pool.py:236: in handle_request
    response = connection.handle_request(
/opt/venv/lib/python3.12/site-packages/httpcore/_sync/connection.py:101: in handle_request
    raise exc
/opt/venv/lib/python3.12/site-packages/httpcore/_sync/connection.py:78: in handle_request
    stream = self._connect(request)
             ^^^^^^^^^^^^^^^^^^^^^^
/opt/venv/lib/python3.12/site-packages/httpcore/_sync/connection.py:124: in _connect
    stream = self._network_backend.connect_tcp(**kwargs)
             ^^^^^^^^^^^^^^^^^^^^^^^^^^^^^^^^^^^^^^^^^^^
/opt/venv/lib/python3.12/site-packages/httpcore/_backends/sync.py:207: in connect_tcp
    with map_exceptions(exc_map):
         ^^^^^^^^^^^^^^^^^^^^^^^
/usr/local/lib/python3.12/contextlib.py:158: in __exit__
    self.gen.throw(value)
_ _ _ _ _ _ _ _ _ _ _ _ _ _ _ _ _ _ _ _ _ _ _ _ _ _ _ _ _ _ _ _ _ _ _ _ _ _ _ _ 

map = {<class 'TimeoutError'>: <class 'httpcore.ConnectTimeout'>, <class 'OSError'>: <class 'httpcore.ConnectError'>}

    @contextlib.contextmanager
    def map_exceptions(map: ExceptionMapping) -> typing.Iterator[None]:
        try:
            yield
        except Exception as exc:  # noqa: PIE786
            for from_exc, to_exc in map.items():
                if isinstance(exc, from_exc):
>                   raise to_exc(exc) from exc
E                   httpcore.ConnectError: [Errno -2] Name or service not known

/opt/venv/lib/python3.12/site-packages/httpcore/_exceptions.py:14: ConnectError

The above exception was the direct cause of the following exception:

self = <app.services.storage.DevelopmentEvidenceStorage object at 0xf132038c9970>
object_key = 'geo305/142252a4-29f8-4e8e-ba70-e85e1f57555b'
data = b'fixture-redacted-screenshot'

    def put(
        self,
        object_key: str,
        data: bytes,
        *,
        content_type: str,
        sha256: str,
    ) -> None:
        """通过内部签名 URL 保存服务端已经校验的对象。"""
        expires_at = datetime.now(UTC) + timedelta(seconds=60)
        url = signed_storage_url("upload", object_key, expires_at, internal=True)
        try:
>           response = httpx.put(
                url,
                content=data,
                headers={"content-type": content_type, "x-meta-sha256": sha256},
                timeout=10,
            )

app/services/storage.py:131: 
_ _ _ _ _ _ _ _ _ _ _ _ _ _ _ _ _ _ _ _ _ _ _ _ _ _ _ _ _ _ _ _ _ _ _ _ _ _ _ _ 
/opt/venv/lib/python3.12/site-packages/httpx/_api.py:345: in put
    return request(
/opt/venv/lib/python3.12/site-packages/httpx/_api.py:109: in request
    return client.request(
/opt/venv/lib/python3.12/site-packages/httpx/_client.py:825: in request
    return self.send(request, auth=auth, follow_redirects=follow_redirects)
           ^^^^^^^^^^^^^^^^^^^^^^^^^^^^^^^^^^^^^^^^^^^^^^^^^^^^^^^^^^^^^^^^
/opt/venv/lib/python3.12/site-packages/httpx/_client.py:914: in send
    response = self._send_handling_auth(
/opt/venv/lib/python3.12/site-packages/httpx/_client.py:942: in _send_handling_auth
    response = self._send_handling_redirects(
/opt/venv/lib/python3.12/site-packages/httpx/_client.py:979: in _send_handling_redirects
    response = self._send_single_request(request)
               ^^^^^^^^^^^^^^^^^^^^^^^^^^^^^^^^^^
/opt/venv/lib/python3.12/site-packages/httpx/_client.py:1014: in _send_single_request
    response = transport.handle_request(request)
               ^^^^^^^^^^^^^^^^^^^^^^^^^^^^^^^^^
/opt/venv/lib/python3.12/site-packages/httpx/_transports/default.py:249: in handle_request
    with map_httpcore_exceptions():
         ^^^^^^^^^^^^^^^^^^^^^^^^^
/usr/local/lib/python3.12/contextlib.py:158: in __exit__
    self.gen.throw(value)
_ _ _ _ _ _ _ _ _ _ _ _ _ _ _ _ _ _ _ _ _ _ _ _ _ _ _ _ _ _ _ _ _ _ _ _ _ _ _ _ 

    @contextlib.contextmanager
    def map_httpcore_exceptions() -> typing.Iterator[None]:
        global HTTPCORE_EXC_MAP
        if len(HTTPCORE_EXC_MAP) == 0:
            HTTPCORE_EXC_MAP = _load_httpcore_exceptions()
        try:
            yield
        except Exception as exc:
            mapped_exc = None
    
            for from_exc, to_exc in HTTPCORE_EXC_MAP.items():
                if not isinstance(exc, from_exc):
                    continue
                # We want to map to the most specific exception we can find.
                # Eg if `exc` is an `httpcore.ReadTimeout`, we want to map to
                # `httpx.ReadTimeout`, not just `httpx.TimeoutException`.
                if mapped_exc is None or issubclass(to_exc, mapped_exc):
                    mapped_exc = to_exc
    
            if mapped_exc is None:  # pragma: no cover
                raise
    
            message = str(exc)
>           raise mapped_exc(message) from exc
E           httpx.ConnectError: [Errno -2] Name or service not known

/opt/venv/lib/python3.12/site-packages/httpx/_transports/default.py:118: ConnectError

The above exception was the direct cause of the following exception:

plans_api = PlansAPI(api=QuestionsAPI(engine=Engine(postgresql+psycopg://partsignal:***@postgres:5432/partsignal_geo208_23545c9119...7b4bd1f64bbf'), surface=UUID('f2d2d936-e6b9-467b-a194-9cb0fa9f8f13'), name='虚构计划-c53f7f05-b6b9-4eb2-82ea-9274acd55ca3')
monkeypatch = <_pytest.monkeypatch.MonkeyPatch object at 0xf132090e0620>

>   ???

/Users/sc/PycharmProjects/partsignal/backend/tests/integration/test_geo_read_models.py:119: 
_ _ _ _ _ _ _ _ _ _ _ _ _ _ _ _ _ _ _ _ _ _ _ _ _ _ _ _ _ _ _ _ _ _ _ _ _ _ _ _ 
/Users/sc/PycharmProjects/partsignal/backend/tests/integration/test_geo_manual_collection.py:70: in evidence
    ???
_ _ _ _ _ _ _ _ _ _ _ _ _ _ _ _ _ _ _ _ _ _ _ _ _ _ _ _ _ _ _ _ _ _ _ _ _ _ _ _ 

self = <app.services.storage.DevelopmentEvidenceStorage object at 0xf132038c9970>
object_key = 'geo305/142252a4-29f8-4e8e-ba70-e85e1f57555b'
data = b'fixture-redacted-screenshot'

    def put(
        self,
        object_key: str,
        data: bytes,
        *,
        content_type: str,
        sha256: str,
    ) -> None:
        """通过内部签名 URL 保存服务端已经校验的对象。"""
        expires_at = datetime.now(UTC) + timedelta(seconds=60)
        url = signed_storage_url("upload", object_key, expires_at, internal=True)
        try:
            response = httpx.put(
                url,
                content=data,
                headers={"content-type": content_type, "x-meta-sha256": sha256},
                timeout=10,
            )
            response.raise_for_status()
        except (httpx.HTTPStatusError, httpx.RequestError) as error:
>           raise StorageUnavailable("开发对象存储 PUT 请求失败") from error
E           app.services.storage.StorageUnavailable: 开发对象存储 PUT 请求失败

app/services/storage.py:139: StorageUnavailable
________ test_batch_summary_independent_of_run_page_and_stable_filters _________

    @contextlib.contextmanager
    def map_httpcore_exceptions() -> typing.Iterator[None]:
        global HTTPCORE_EXC_MAP
        if len(HTTPCORE_EXC_MAP) == 0:
            HTTPCORE_EXC_MAP = _load_httpcore_exceptions()
        try:
>           yield

/opt/venv/lib/python3.12/site-packages/httpx/_transports/default.py:101: 
_ _ _ _ _ _ _ _ _ _ _ _ _ _ _ _ _ _ _ _ _ _ _ _ _ _ _ _ _ _ _ _ _ _ _ _ _ _ _ _ 
/opt/venv/lib/python3.12/site-packages/httpx/_transports/default.py:250: in handle_request
    resp = self._pool.handle_request(req)
           ^^^^^^^^^^^^^^^^^^^^^^^^^^^^^^
/opt/venv/lib/python3.12/site-packages/httpcore/_sync/connection_pool.py:256: in handle_request
    raise exc from None
/opt/venv/lib/python3.12/site-packages/httpcore/_sync/connection_pool.py:236: in handle_request
    response = connection.handle_request(
/opt/venv/lib/python3.12/site-packages/httpcore/_sync/connection.py:101: in handle_request
    raise exc
/opt/venv/lib/python3.12/site-packages/httpcore/_sync/connection.py:78: in handle_request
    stream = self._connect(request)
             ^^^^^^^^^^^^^^^^^^^^^^
/opt/venv/lib/python3.12/site-packages/httpcore/_sync/connection.py:124: in _connect
    stream = self._network_backend.connect_tcp(**kwargs)
             ^^^^^^^^^^^^^^^^^^^^^^^^^^^^^^^^^^^^^^^^^^^
/opt/venv/lib/python3.12/site-packages/httpcore/_backends/sync.py:207: in connect_tcp
    with map_exceptions(exc_map):
         ^^^^^^^^^^^^^^^^^^^^^^^
/usr/local/lib/python3.12/contextlib.py:158: in __exit__
    self.gen.throw(value)
_ _ _ _ _ _ _ _ _ _ _ _ _ _ _ _ _ _ _ _ _ _ _ _ _ _ _ _ _ _ _ _ _ _ _ _ _ _ _ _ 

map = {<class 'TimeoutError'>: <class 'httpcore.ConnectTimeout'>, <class 'OSError'>: <class 'httpcore.ConnectError'>}

    @contextlib.contextmanager
    def map_exceptions(map: ExceptionMapping) -> typing.Iterator[None]:
        try:
            yield
        except Exception as exc:  # noqa: PIE786
            for from_exc, to_exc in map.items():
                if isinstance(exc, from_exc):
>                   raise to_exc(exc) from exc
E                   httpcore.ConnectError: [Errno -2] Name or service not known

/opt/venv/lib/python3.12/site-packages/httpcore/_exceptions.py:14: ConnectError

The above exception was the direct cause of the following exception:

self = <app.services.storage.DevelopmentEvidenceStorage object at 0xf131eaf86630>
object_key = 'geo305/4b99c6b2-c63b-4fac-9782-d9a80f34011c'
data = b'fixture-redacted-screenshot'

    def put(
        self,
        object_key: str,
        data: bytes,
        *,
        content_type: str,
        sha256: str,
    ) -> None:
        """通过内部签名 URL 保存服务端已经校验的对象。"""
        expires_at = datetime.now(UTC) + timedelta(seconds=60)
        url = signed_storage_url("upload", object_key, expires_at, internal=True)
        try:
>           response = httpx.put(
                url,
                content=data,
                headers={"content-type": content_type, "x-meta-sha256": sha256},
                timeout=10,
            )

app/services/storage.py:131: 
_ _ _ _ _ _ _ _ _ _ _ _ _ _ _ _ _ _ _ _ _ _ _ _ _ _ _ _ _ _ _ _ _ _ _ _ _ _ _ _ 
/opt/venv/lib/python3.12/site-packages/httpx/_api.py:345: in put
    return request(
/opt/venv/lib/python3.12/site-packages/httpx/_api.py:109: in request
    return client.request(
/opt/venv/lib/python3.12/site-packages/httpx/_client.py:825: in request
    return self.send(request, auth=auth, follow_redirects=follow_redirects)
           ^^^^^^^^^^^^^^^^^^^^^^^^^^^^^^^^^^^^^^^^^^^^^^^^^^^^^^^^^^^^^^^^
/opt/venv/lib/python3.12/site-packages/httpx/_client.py:914: in send
    response = self._send_handling_auth(
/opt/venv/lib/python3.12/site-packages/httpx/_client.py:942: in _send_handling_auth
    response = self._send_handling_redirects(
/opt/venv/lib/python3.12/site-packages/httpx/_client.py:979: in _send_handling_redirects
    response = self._send_single_request(request)
               ^^^^^^^^^^^^^^^^^^^^^^^^^^^^^^^^^^
/opt/venv/lib/python3.12/site-packages/httpx/_client.py:1014: in _send_single_request
    response = transport.handle_request(request)
               ^^^^^^^^^^^^^^^^^^^^^^^^^^^^^^^^^
/opt/venv/lib/python3.12/site-packages/httpx/_transports/default.py:249: in handle_request
    with map_httpcore_exceptions():
         ^^^^^^^^^^^^^^^^^^^^^^^^^
/usr/local/lib/python3.12/contextlib.py:158: in __exit__
    self.gen.throw(value)
_ _ _ _ _ _ _ _ _ _ _ _ _ _ _ _ _ _ _ _ _ _ _ _ _ _ _ _ _ _ _ _ _ _ _ _ _ _ _ _ 

    @contextlib.contextmanager
    def map_httpcore_exceptions() -> typing.Iterator[None]:
        global HTTPCORE_EXC_MAP
        if len(HTTPCORE_EXC_MAP) == 0:
            HTTPCORE_EXC_MAP = _load_httpcore_exceptions()
        try:
            yield
        except Exception as exc:
            mapped_exc = None
    
            for from_exc, to_exc in HTTPCORE_EXC_MAP.items():
                if not isinstance(exc, from_exc):
                    continue
                # We want to map to the most specific exception we can find.
                # Eg if `exc` is an `httpcore.ReadTimeout`, we want to map to
                # `httpx.ReadTimeout`, not just `httpx.TimeoutException`.
                if mapped_exc is None or issubclass(to_exc, mapped_exc):
                    mapped_exc = to_exc
    
            if mapped_exc is None:  # pragma: no cover
                raise
    
            message = str(exc)
>           raise mapped_exc(message) from exc
E           httpx.ConnectError: [Errno -2] Name or service not known

/opt/venv/lib/python3.12/site-packages/httpx/_transports/default.py:118: ConnectError

The above exception was the direct cause of the following exception:

plans_api = PlansAPI(api=QuestionsAPI(engine=Engine(postgresql+psycopg://partsignal:***@postgres:5432/partsignal_geo208_23545c9119...45d02cabcdf6'), surface=UUID('0b672c62-2f02-4840-ad90-b7c9de7ddc66'), name='虚构计划-8a637444-b752-4d39-b298-e33662c6b55f')

>   ???

/Users/sc/PycharmProjects/partsignal/backend/tests/integration/test_geo_read_models.py:151: 
_ _ _ _ _ _ _ _ _ _ _ _ _ _ _ _ _ _ _ _ _ _ _ _ _ _ _ _ _ _ _ _ _ _ _ _ _ _ _ _ 
/Users/sc/PycharmProjects/partsignal/backend/tests/integration/test_geo_manual_collection.py:70: in evidence
    ???
_ _ _ _ _ _ _ _ _ _ _ _ _ _ _ _ _ _ _ _ _ _ _ _ _ _ _ _ _ _ _ _ _ _ _ _ _ _ _ _ 

self = <app.services.storage.DevelopmentEvidenceStorage object at 0xf131eaf86630>
object_key = 'geo305/4b99c6b2-c63b-4fac-9782-d9a80f34011c'
data = b'fixture-redacted-screenshot'

    def put(
        self,
        object_key: str,
        data: bytes,
        *,
        content_type: str,
        sha256: str,
    ) -> None:
        """通过内部签名 URL 保存服务端已经校验的对象。"""
        expires_at = datetime.now(UTC) + timedelta(seconds=60)
        url = signed_storage_url("upload", object_key, expires_at, internal=True)
        try:
            response = httpx.put(
                url,
                content=data,
                headers={"content-type": content_type, "x-meta-sha256": sha256},
                timeout=10,
            )
            response.raise_for_status()
        except (httpx.HTTPStatusError, httpx.RequestError) as error:
>           raise StorageUnavailable("开发对象存储 PUT 请求失败") from error
E           app.services.storage.StorageUnavailable: 开发对象存储 PUT 请求失败

app/services/storage.py:139: StorageUnavailable
=============================== warnings summary ===============================
tests/integration/test_geo_admission_migration.py::test_0053_preserves_run_history_and_backfills_unknown
  /Users/sc/PycharmProjects/partsignal/backend/tests/integration/test_geo_admission_migration.py:148: SAWarning: Cannot correctly sort tables; there are unresolvable cycles between tables "content_tasks, content_versions, generation_jobs, publication_verifications, publication_works, published_articles, published_content_issues", which is usually caused by mutually dependent foreign key constraints.  Foreign key constraints involving these tables will not be considered; this warning may raise an error in a future release.

tests/integration/test_geo_admission_migration.py::test_0053_preserves_run_history_and_backfills_unknown
  /Users/sc/PycharmProjects/partsignal/backend/tests/integration/test_geo_admission_migration.py:148: SAWarning: Can't validate argument 'dialect_options'; can't locate any SQLAlchemy dialect named 'dialect'

tests/integration/test_geo_analysis_migration.py::test_nonempty_0053_forward_preserves_evidence_and_matches_models
  /Users/sc/PycharmProjects/partsignal/backend/tests/integration/test_geo_analysis_migration.py:78: SAWarning: Cannot correctly sort tables; there are unresolvable cycles between tables "content_tasks, content_versions, generation_jobs, publication_verifications, publication_works, published_articles, published_content_issues", which is usually caused by mutually dependent foreign key constraints.  Foreign key constraints involving these tables will not be considered; this warning may raise an error in a future release.

tests/integration/test_geo_analysis_migration.py::test_nonempty_0053_forward_preserves_evidence_and_matches_models
  /Users/sc/PycharmProjects/partsignal/backend/tests/integration/test_geo_analysis_migration.py:78: SAWarning: Can't validate argument 'dialect_options'; can't locate any SQLAlchemy dialect named 'dialect'

tests/integration/test_geo_analysis_migration.py::test_nonempty_0053_forward_preserves_evidence_and_matches_models
  /opt/venv/lib/python3.12/site-packages/alembic/autogenerate/compare/server_defaults.py:120: UserWarning: Computed default on geo_analysis_revisions.input_sha256 cannot be modified
    util.warn("Computed default on %s.%s cannot be modified" % (tname, cname))

tests/integration/test_geo_analysis_worker_migration.py::test_0055_nonempty_forward_preserves_analysis_and_review_history
  /Users/sc/PycharmProjects/partsignal/backend/tests/integration/test_geo_analysis_worker_migration.py:105: SAWarning: Cannot correctly sort tables; there are unresolvable cycles between tables "content_tasks, content_versions, generation_jobs, publication_verifications, publication_works, published_articles, published_content_issues", which is usually caused by mutually dependent foreign key constraints.  Foreign key constraints involving these tables will not be considered; this warning may raise an error in a future release.

tests/integration/test_geo_analysis_worker_migration.py::test_0055_nonempty_forward_preserves_analysis_and_review_history
  /Users/sc/PycharmProjects/partsignal/backend/tests/integration/test_geo_analysis_worker_migration.py:105: SAWarning: Can't validate argument 'dialect_options'; can't locate any SQLAlchemy dialect named 'dialect'

tests/integration/test_geo_answer_migration.py::test_forward_keeps_nonempty_history_and_matches_models
  /Users/sc/PycharmProjects/partsignal/backend/tests/integration/test_geo_answer_migration.py:54: SAWarning: Cannot correctly sort tables; there are unresolvable cycles between tables "content_tasks, content_versions, generation_jobs, publication_verifications, publication_works, published_articles, published_content_issues", which is usually caused by mutually dependent foreign key constraints.  Foreign key constraints involving these tables will not be considered; this warning may raise an error in a future release.

tests/integration/test_geo_answer_migration.py::test_forward_keeps_nonempty_history_and_matches_models
  /Users/sc/PycharmProjects/partsignal/backend/tests/integration/test_geo_answer_migration.py:54: SAWarning: Can't validate argument 'dialect_options'; can't locate any SQLAlchemy dialect named 'dialect'

tests/integration/test_geo_batch_creation_migration.py::test_forward_preserves_nonempty_frozen_inputs_and_matches_metadata
  /Users/sc/PycharmProjects/partsignal/backend/tests/integration/test_geo_batch_creation_migration.py:82: SAWarning: Cannot correctly sort tables; there are unresolvable cycles between tables "content_tasks, content_versions, generation_jobs, publication_verifications, publication_works, published_articles, published_content_issues", which is usually caused by mutually dependent foreign key constraints.  Foreign key constraints involving these tables will not be considered; this warning may raise an error in a future release.

tests/integration/test_geo_batch_creation_migration.py::test_forward_preserves_nonempty_frozen_inputs_and_matches_metadata
  /Users/sc/PycharmProjects/partsignal/backend/tests/integration/test_geo_batch_creation_migration.py:82: SAWarning: Can't validate argument 'dialect_options'; can't locate any SQLAlchemy dialect named 'dialect'

tests/integration/test_geo_browser_session_migration.py::test_empty_database_installs_0063_and_matches_models
tests/integration/test_geo_browser_session_migration.py::test_nonempty_0062_forward_keeps_history_and_refuses_destructive_downgrade
  /Users/sc/PycharmProjects/partsignal/backend/tests/integration/test_geo_browser_session_migration.py:36: SAWarning: Cannot correctly sort tables; there are unresolvable cycles between tables "content_tasks, content_versions, generation_jobs, publication_verifications, publication_works, published_articles, published_content_issues", which is usually caused by mutually dependent foreign key constraints.  Foreign key constraints involving these tables will not be considered; this warning may raise an error in a future release.

tests/integration/test_geo_browser_session_migration.py::test_empty_database_installs_0063_and_matches_models
tests/integration/test_geo_browser_session_migration.py::test_nonempty_0062_forward_keeps_history_and_refuses_destructive_downgrade
  /Users/sc/PycharmProjects/partsignal/backend/tests/integration/test_geo_browser_session_migration.py:36: SAWarning: Can't validate argument 'dialect_options'; can't locate any SQLAlchemy dialect named 'dialect'

tests/integration/test_geo_catalog.py::test_catalog_metadata_matches_migrated_postgresql
  /Users/sc/PycharmProjects/partsignal/backend/tests/integration/test_geo_catalog.py:187: SAWarning: Cannot correctly sort tables; there are unresolvable cycles between tables "content_tasks, content_versions, generation_jobs, publication_verifications, publication_works, published_articles, published_content_issues", which is usually caused by mutually dependent foreign key constraints.  Foreign key constraints involving these tables will not be considered; this warning may raise an error in a future release.

tests/integration/test_geo_catalog.py::test_catalog_metadata_matches_migrated_postgresql
  /Users/sc/PycharmProjects/partsignal/backend/tests/integration/test_geo_catalog.py:187: SAWarning: Can't validate argument 'dialect_options'; can't locate any SQLAlchemy dialect named 'dialect'

tests/integration/test_geo_decision_migration.py::test_nonempty_0061_upgrade_keeps_every_history_and_matches_metadata
  /Users/sc/PycharmProjects/partsignal/backend/tests/integration/test_geo_decision_migration.py:74: SAWarning: Cannot correctly sort tables; there are unresolvable cycles between tables "content_tasks, content_versions, generation_jobs, publication_verifications, publication_works, published_articles, published_content_issues", which is usually caused by mutually dependent foreign key constraints.  Foreign key constraints involving these tables will not be considered; this warning may raise an error in a future release.

tests/integration/test_geo_decision_migration.py::test_nonempty_0061_upgrade_keeps_every_history_and_matches_metadata
  /Users/sc/PycharmProjects/partsignal/backend/tests/integration/test_geo_decision_migration.py:74: SAWarning: Can't validate argument 'dialect_options'; can't locate any SQLAlchemy dialect named 'dialect'

tests/integration/test_geo_insight_indexes.py::test_0057_forward_and_index_only_rollback_preserve_history
  /Users/sc/PycharmProjects/partsignal/backend/tests/integration/test_geo_insight_indexes.py:77: SAWarning: Cannot correctly sort tables; there are unresolvable cycles between tables "content_tasks, content_versions, generation_jobs, publication_verifications, publication_works, published_articles, published_content_issues", which is usually caused by mutually dependent foreign key constraints.  Foreign key constraints involving these tables will not be considered; this warning may raise an error in a future release.

tests/integration/test_geo_insight_indexes.py::test_0057_forward_and_index_only_rollback_preserve_history
  /Users/sc/PycharmProjects/partsignal/backend/tests/integration/test_geo_insight_indexes.py:77: SAWarning: Can't validate argument 'dialect_options'; can't locate any SQLAlchemy dialect named 'dialect'

tests/integration/test_geo_manual_migration.py::test_0051_preserves_nonempty_0050_evidence_and_safe_stop
  /Users/sc/PycharmProjects/partsignal/backend/tests/integration/test_geo_manual_migration.py:73: SAWarning: Cannot correctly sort tables; there are unresolvable cycles between tables "content_tasks, content_versions, generation_jobs, publication_verifications, publication_works, published_articles, published_content_issues", which is usually caused by mutually dependent foreign key constraints.  Foreign key constraints involving these tables will not be considered; this warning may raise an error in a future release.

tests/integration/test_geo_manual_migration.py::test_0051_preserves_nonempty_0050_evidence_and_safe_stop
  /Users/sc/PycharmProjects/partsignal/backend/tests/integration/test_geo_manual_migration.py:73: SAWarning: Can't validate argument 'dialect_options'; can't locate any SQLAlchemy dialect named 'dialect'

tests/integration/test_geo_monitoring_plans.py::test_forward_preserves_existing_data_and_metadata
  /Users/sc/PycharmProjects/partsignal/backend/tests/integration/test_geo_monitoring_plans.py:241: SAWarning: Cannot correctly sort tables; there are unresolvable cycles between tables "content_tasks, content_versions, generation_jobs, publication_verifications, publication_works, published_articles, published_content_issues", which is usually caused by mutually dependent foreign key constraints.  Foreign key constraints involving these tables will not be considered; this warning may raise an error in a future release.

tests/integration/test_geo_monitoring_plans.py::test_forward_preserves_existing_data_and_metadata
  /Users/sc/PycharmProjects/partsignal/backend/tests/integration/test_geo_monitoring_plans.py:241: SAWarning: Can't validate argument 'dialect_options'; can't locate any SQLAlchemy dialect named 'dialect'

tests/integration/test_geo_opportunities.py::test_model_metadata_and_subject_history_reference_projection
  /Users/sc/PycharmProjects/partsignal/backend/tests/integration/test_geo_opportunities.py:395: SAWarning: Cannot correctly sort tables; there are unresolvable cycles between tables "content_tasks, content_versions, generation_jobs, publication_verifications, publication_works, published_articles, published_content_issues", which is usually caused by mutually dependent foreign key constraints.  Foreign key constraints involving these tables will not be considered; this warning may raise an error in a future release.

tests/integration/test_geo_opportunities.py::test_model_metadata_and_subject_history_reference_projection
  /Users/sc/PycharmProjects/partsignal/backend/tests/integration/test_geo_opportunities.py:395: SAWarning: Can't validate argument 'dialect_options'; can't locate any SQLAlchemy dialect named 'dialect'

tests/integration/test_geo_ops_runtime.py::test_additive_migration_and_concurrent_health_do_not_commit_business
  /Users/sc/PycharmProjects/partsignal/backend/tests/integration/test_geo_ops_runtime.py:40: SAWarning: Cannot correctly sort tables; there are unresolvable cycles between tables "content_tasks, content_versions, generation_jobs, publication_verifications, publication_works, published_articles, published_content_issues", which is usually caused by mutually dependent foreign key constraints.  Foreign key constraints involving these tables will not be considered; this warning may raise an error in a future release.

tests/integration/test_geo_ops_runtime.py::test_additive_migration_and_concurrent_health_do_not_commit_business
  /Users/sc/PycharmProjects/partsignal/backend/tests/integration/test_geo_ops_runtime.py:40: SAWarning: Can't validate argument 'dialect_options'; can't locate any SQLAlchemy dialect named 'dialect'

tests/integration/test_geo_profile_test_migration.py::test_0052_forward_invalidates_only_current_api_qualification
  /Users/sc/PycharmProjects/partsignal/backend/tests/integration/test_geo_profile_test_migration.py:77: SAWarning: Cannot correctly sort tables; there are unresolvable cycles between tables "content_tasks, content_versions, generation_jobs, publication_verifications, publication_works, published_articles, published_content_issues", which is usually caused by mutually dependent foreign key constraints.  Foreign key constraints involving these tables will not be considered; this warning may raise an error in a future release.

tests/integration/test_geo_profile_test_migration.py::test_0052_forward_invalidates_only_current_api_qualification
  /Users/sc/PycharmProjects/partsignal/backend/tests/integration/test_geo_profile_test_migration.py:77: SAWarning: Can't validate argument 'dialect_options'; can't locate any SQLAlchemy dialect named 'dialect'

tests/integration/test_geo_prompt_variants.py::test_additive_migration_metadata_and_safe_stop
  /Users/sc/PycharmProjects/partsignal/backend/tests/integration/test_geo_prompt_variants.py:176: SAWarning: Cannot correctly sort tables; there are unresolvable cycles between tables "content_tasks, content_versions, generation_jobs, publication_verifications, publication_works, published_articles, published_content_issues", which is usually caused by mutually dependent foreign key constraints.  Foreign key constraints involving these tables will not be considered; this warning may raise an error in a future release.

tests/integration/test_geo_prompt_variants.py::test_additive_migration_metadata_and_safe_stop
  /Users/sc/PycharmProjects/partsignal/backend/tests/integration/test_geo_prompt_variants.py:176: SAWarning: Can't validate argument 'dialect_options'; can't locate any SQLAlchemy dialect named 'dialect'

tests/integration/test_geo_retention.py::test_retention_schema_matches_models
  /Users/sc/PycharmProjects/partsignal/backend/tests/integration/test_geo_retention.py:376: SAWarning: Cannot correctly sort tables; there are unresolvable cycles between tables "content_tasks, content_versions, generation_jobs, publication_verifications, publication_works, published_articles, published_content_issues", which is usually caused by mutually dependent foreign key constraints.  Foreign key constraints involving these tables will not be considered; this warning may raise an error in a future release.

tests/integration/test_geo_retention.py::test_retention_schema_matches_models
  /Users/sc/PycharmProjects/partsignal/backend/tests/integration/test_geo_retention.py:376: SAWarning: Can't validate argument 'dialect_options'; can't locate any SQLAlchemy dialect named 'dialect'

tests/integration/test_geo_retest_migration.py::test_nonempty_0060_forward_matches_metadata_preserves_history_and_safe_downgrade
  /Users/sc/PycharmProjects/partsignal/backend/tests/integration/test_geo_retest_migration.py:266: SAWarning: Cannot correctly sort tables; there are unresolvable cycles between tables "content_tasks, content_versions, generation_jobs, publication_verifications, publication_works, published_articles, published_content_issues", which is usually caused by mutually dependent foreign key constraints.  Foreign key constraints involving these tables will not be considered; this warning may raise an error in a future release.

tests/integration/test_geo_retest_migration.py::test_nonempty_0060_forward_matches_metadata_preserves_history_and_safe_downgrade
  /Users/sc/PycharmProjects/partsignal/backend/tests/integration/test_geo_retest_migration.py:266: SAWarning: Can't validate argument 'dialect_options'; can't locate any SQLAlchemy dialect named 'dialect'

tests/integration/test_geo_rule_snapshots.py::test_forward_preserves_v1_nonempty_history_and_rule_metadata
  /Users/sc/PycharmProjects/partsignal/backend/tests/integration/test_geo_rule_snapshots.py:67: SAWarning: Cannot correctly sort tables; there are unresolvable cycles between tables "content_tasks, content_versions, generation_jobs, publication_verifications, publication_works, published_articles, published_content_issues", which is usually caused by mutually dependent foreign key constraints.  Foreign key constraints involving these tables will not be considered; this warning may raise an error in a future release.

tests/integration/test_geo_rule_snapshots.py::test_forward_preserves_v1_nonempty_history_and_rule_metadata
  /Users/sc/PycharmProjects/partsignal/backend/tests/integration/test_geo_rule_snapshots.py:67: SAWarning: Can't validate argument 'dialect_options'; can't locate any SQLAlchemy dialect named 'dialect'

tests/integration/test_geo_run_migration.py::test_forward_preserves_nonempty_old_geo_and_matches_metadata
  /Users/sc/PycharmProjects/partsignal/backend/tests/integration/test_geo_run_migration.py:78: SAWarning: Cannot correctly sort tables; there are unresolvable cycles between tables "content_tasks, content_versions, generation_jobs, publication_verifications, publication_works, published_articles, published_content_issues", which is usually caused by mutually dependent foreign key constraints.  Foreign key constraints involving these tables will not be considered; this warning may raise an error in a future release.

tests/integration/test_geo_run_migration.py::test_forward_preserves_nonempty_old_geo_and_matches_metadata
  /Users/sc/PycharmProjects/partsignal/backend/tests/integration/test_geo_run_migration.py:78: SAWarning: Can't validate argument 'dialect_options'; can't locate any SQLAlchemy dialect named 'dialect'

tests/integration/test_geo_surfaces_profiles.py::test_old_head_forward_preserves_rows_metadata_and_downgrade_stops
  /Users/sc/PycharmProjects/partsignal/backend/tests/integration/test_geo_surfaces_profiles.py:217: SAWarning: Cannot correctly sort tables; there are unresolvable cycles between tables "content_tasks, content_versions, generation_jobs, publication_verifications, publication_works, published_articles, published_content_issues", which is usually caused by mutually dependent foreign key constraints.  Foreign key constraints involving these tables will not be considered; this warning may raise an error in a future release.

tests/integration/test_geo_surfaces_profiles.py::test_old_head_forward_preserves_rows_metadata_and_downgrade_stops
  /Users/sc/PycharmProjects/partsignal/backend/tests/integration/test_geo_surfaces_profiles.py:217: SAWarning: Can't validate argument 'dialect_options'; can't locate any SQLAlchemy dialect named 'dialect'

-- Docs: https://docs.pytest.org/en/stable/how-to/capture-warnings.html
=========================== short test summary info ============================
FAILED tests/integration/test_geo_answer_files.py::test_head_verified_association_and_gc_retains_both_refs
FAILED tests/integration/test_geo_answer_files.py::test_recheck_does_not_accept_changed_or_missing_object[owner-PERMISSION_DENIED-403]
FAILED tests/integration/test_geo_answer_files.py::test_recheck_does_not_accept_changed_or_missing_object[missing-FILE_INTEGRITY_FAILED-422]
FAILED tests/integration/test_geo_answer_files.py::test_recheck_does_not_accept_changed_or_missing_object[changed-FILE_INTEGRITY_FAILED-422]
FAILED tests/integration/test_geo_answer_files.py::test_recheck_does_not_accept_changed_or_missing_object[duplicate-FILE_INTEGRITY_FAILED-422]
FAILED tests/integration/test_geo_answer_files.py::test_recheck_does_not_accept_changed_or_missing_object[unavailable-DEPENDENCY_UNAVAILABLE-503]
FAILED tests/integration/test_geo_manual_collection.py::test_entry_draft_revision_noop_conflict_and_file_retention
FAILED tests/integration/test_geo_manual_collection.py::test_submit_freezes_all_once_replay_and_no_analysis
FAILED tests/integration/test_geo_manual_collection.py::test_submit_failure_is_atomic[empty-GEO_ANSWER_EMPTY]
FAILED tests/integration/test_geo_manual_collection.py::test_submit_failure_is_atomic[no_evidence-GEO_EVIDENCE_REQUIRED]
FAILED tests/integration/test_geo_manual_collection.py::test_submit_failure_is_atomic[raw_only-GEO_SCREENSHOT_REQUIRED]
FAILED tests/integration/test_geo_manual_collection.py::test_submit_failure_is_atomic[missing-FILE_INTEGRITY_FAILED]
FAILED tests/integration/test_geo_manual_collection.py::test_submit_failure_is_atomic[owner-PERMISSION_DENIED]
FAILED tests/integration/test_geo_manual_collection.py::test_submit_failure_is_atomic[public-FILE_INTEGRITY_FAILED]
FAILED tests/integration/test_geo_manual_collection.py::test_submit_failure_is_atomic[future-VALIDATION_ERROR]
FAILED tests/integration/test_geo_manual_collection.py::test_submit_failure_is_atomic[before-VALIDATION_ERROR]
FAILED tests/integration/test_geo_manual_collection.py::test_submit_failure_is_atomic[revision-REVISION_CONFLICT]
FAILED tests/integration/test_geo_manual_collection.py::test_submit_failure_is_atomic[object_missing-FILE_INTEGRITY_FAILED]
FAILED tests/integration/test_geo_manual_collection.py::test_submit_failure_is_atomic[object_changed-FILE_INTEGRITY_FAILED]
FAILED tests/integration/test_geo_manual_collection.py::test_submit_failure_is_atomic[storage-DEPENDENCY_UNAVAILABLE]
FAILED tests/integration/test_geo_manual_collection.py::test_optional_screenshot_still_requires_evidence_and_submission_can_include_unsaved_edits
FAILED tests/integration/test_geo_manual_collection.py::test_audit_failure_rolls_back_freeze_and_preserves_draft
FAILED tests/integration/test_geo_manual_collection.py::test_concurrent_submit_is_exactly_once[True]
FAILED tests/integration/test_geo_manual_collection.py::test_concurrent_submit_is_exactly_once[False]
FAILED tests/integration/test_geo_manual_collection.py::test_sql_final_facts_are_immutable
FAILED tests/integration/test_geo_manual_collection_boundaries.py::test_csrf_role_and_disabled_actor_are_enforced_even_on_replay
FAILED tests/integration/test_geo_manual_collection_boundaries.py::test_same_key_cannot_be_reused_for_another_run
FAILED tests/integration/test_geo_manual_collection_boundaries.py::test_distinct_actors_compete_on_run_lock
FAILED tests/integration/test_geo_manual_collection_boundaries.py::test_save_racing_submit_cannot_overwrite_final_answer
FAILED tests/integration/test_geo_manual_races.py::test_cancel_commits_before_waiting_submit
FAILED tests/integration/test_geo_manual_races.py::test_submit_commits_before_waiting_cancel_or_save[cancel]
FAILED tests/integration/test_geo_manual_races.py::test_submit_commits_before_waiting_cancel_or_save[save]
FAILED tests/integration/test_geo_manual_races.py::test_saved_revision_commits_before_waiting_submit
FAILED tests/integration/test_geo_r2_immutability.py::test_committed_aggregate_attack_rolls_back_entire_transaction[UPDATE geo_answer_snapshots SET answer_text='\u7be1\u6539' WHERE run_id=:run-ck_geo_answers_immutable]
FAILED tests/integration/test_geo_r2_immutability.py::test_committed_aggregate_attack_rolls_back_entire_transaction[DELETE FROM geo_answer_snapshots WHERE run_id=:run-ck_geo_answers_immutable]
FAILED tests/integration/test_geo_r2_immutability.py::test_committed_aggregate_attack_rolls_back_entire_transaction[UPDATE geo_answer_citations SET id=id WHERE answer_snapshot_id=:answer-ck_geo_citations_immutable]
FAILED tests/integration/test_geo_r2_immutability.py::test_committed_aggregate_attack_rolls_back_entire_transaction[DELETE FROM geo_answer_citations WHERE answer_snapshot_id=:answer-ck_geo_citations_immutable]
FAILED tests/integration/test_geo_r2_immutability.py::test_committed_aggregate_attack_rolls_back_entire_transaction[UPDATE geo_manual_submissions SET identity_hash=identity_hash WHERE run_id=:run-ck_geo_manual_submissions_immutable]
FAILED tests/integration/test_geo_r2_immutability.py::test_committed_aggregate_attack_rolls_back_entire_transaction[DELETE FROM geo_manual_submissions WHERE run_id=:run-ck_geo_manual_submissions_immutable]
FAILED tests/integration/test_geo_r2_immutability.py::test_committed_aggregate_attack_rolls_back_entire_transaction[UPDATE geo_batch_creation_requests SET request_hash=request_hash WHERE batch_id=:batch-ck_geo_creation_immutable]
FAILED tests/integration/test_geo_r2_immutability.py::test_committed_aggregate_attack_rolls_back_entire_transaction[DELETE FROM geo_batch_subjects WHERE batch_id=:batch-ck_geo_creation_immutable]
FAILED tests/integration/test_geo_r2_immutability.py::test_committed_aggregate_attack_rolls_back_entire_transaction[UPDATE geo_observation_runs SET input_snapshot='{}',revision=revision+1 WHERE id=:run-ck_geo_runs_immutable]
FAILED tests/integration/test_geo_r2_immutability.py::test_committed_aggregate_attack_rolls_back_entire_transaction[DELETE FROM geo_observation_runs WHERE id=:run-ck_geo_runs_immutable]
FAILED tests/integration/test_geo_r2_immutability.py::test_committed_aggregate_attack_rolls_back_entire_transaction[UPDATE geo_observation_batches SET rule_snapshot='{}',revision=revision+1 WHERE id=:batch-ck_geo_batches_immutable]
FAILED tests/integration/test_geo_r2_immutability.py::test_committed_aggregate_attack_rolls_back_entire_transaction[DELETE FROM geo_observation_batches WHERE id=:batch-ck_geo_batches_immutable]
FAILED tests/integration/test_geo_r2_immutability.py::test_committed_aggregate_attack_rolls_back_entire_transaction[UPDATE file_records SET status='DELETING' WHERE id=:file-ck_geo_evidence_file_immutable]
FAILED tests/integration/test_geo_r2_immutability.py::test_committed_aggregate_attack_rolls_back_entire_transaction[DELETE FROM file_records WHERE id=:file-ck_geo_evidence_file_immutable]
FAILED tests/integration/test_geo_r2_immutability.py::test_committed_cancelled_run_cannot_accept_late_result[late_answer]
FAILED tests/integration/test_geo_r2_immutability.py::test_committed_cancelled_run_cannot_accept_late_result[reopen]
FAILED tests/integration/test_geo_read_consistency.py::test_query_count_constant_with_runs_references_and_batches
FAILED tests/integration/test_geo_read_consistency.py::test_detail_concurrent_submit_cannot_mix_old_status_and_new_evidence
FAILED tests/integration/test_geo_read_models.py::test_detail_one_request_evidence_timeline_and_frozen_context
FAILED tests/integration/test_geo_read_models.py::test_signed_access_downloads_and_signer_failure_is_explicit
FAILED tests/integration/test_geo_read_models.py::test_batch_summary_independent_of_run_page_and_stable_filters
ERROR tests/integration/test_geo_recovery.py::test_real_restore_preserves_details_metrics_credentials_and_schedule
ERROR tests/integration/test_geo_recovery.py::test_missing_evidence_remains_missing_without_removing_run
ERROR tests/integration/test_geo_recovery.py::test_wrong_master_key_is_reported_without_database_writes
ERROR tests/integration/test_geo_recovery.py::test_wrong_paired_key_cannot_produce_successful_bundle[SESSION_SECRET]
ERROR tests/integration/test_geo_recovery.py::test_wrong_paired_key_cannot_produce_successful_bundle[UPLOAD_SIGNING_SECRET]
ERROR tests/integration/test_geo_recovery.py::test_sigterm_cleans_owned_database_and_decrypted_files
54 failed, 1116 passed, 43 warnings, 6 errors in 608.48s (0:10:08)

make: *** [test-integration] Error 1
