UV_CACHE_DIR=/Users/sc/PycharmProjects/partsignal/.cache/uv uv run --project backend python -m app.tools.contract_check contracts/openapi.yaml
FastAPI 运行时操作与 OpenAPI 完整契约一致。
npm --prefix frontend run api:check

> partsignal-frontend-v2@0.1.0 api:check
> node scripts/check-openapi.mjs

✨ openapi-typescript 7.13.0
🚀 ../contracts/openapi.yaml → /var/folders/m5/j06tv2sn1hn93d6f33j559jm0000gn/T/partsignal-v2-openapi-sUZpjm/schema.d.ts [161.2ms]
OpenAPI 类型与根合同一致。
UV_CACHE_DIR=/Users/sc/PycharmProjects/partsignal/.cache/uv uv run --project backend ruff check backend
All checks passed!
npm --prefix frontend run lint

> partsignal-frontend-v2@0.1.0 lint
> eslint . --max-warnings 0

UV_CACHE_DIR=/Users/sc/PycharmProjects/partsignal/.cache/uv uv run --project backend mypy --config-file backend/pyproject.toml backend/app
Success: no issues found in 117 source files
npm --prefix frontend run typecheck

> partsignal-frontend-v2@0.1.0 typecheck
> tsc -b --pretty false

UV_CACHE_DIR=/Users/sc/PycharmProjects/partsignal/.cache/uv uv run --project backend pytest backend/tests/unit
........................................................................ [  5%]
........................................................................ [ 11%]
........................................................................ [ 17%]
........................................................................ [ 23%]
........................................................................ [ 28%]
........................................................................ [ 34%]
........................................................................ [ 40%]
........................................................................ [ 46%]
........................................................................ [ 51%]
........................................................................ [ 57%]
........................................................................ [ 63%]
........................................................................ [ 69%]
........................................................................ [ 75%]
........................................................................ [ 80%]
........................................................................ [ 86%]
........................................................................ [ 92%]
........................................................................ [ 98%]
.......................                                                  [100%]
1247 passed in 24.84s
npm --prefix frontend run test

> partsignal-frontend-v2@0.1.0 test
> vitest run


 RUN  v4.1.10 /Users/sc/PycharmProjects/partsignal/frontend


 Test Files  111 passed (111)
      Tests  1066 passed (1066)
   Start at  13:08:40
   Duration  23.58s (transform 9.83s, setup 7.93s, import 35.02s, tests 116.40s, environment 40.94s)

docker compose -p partsignal-geo209 -f .trellis/tasks/10-02-geo-209-plan-ui/evidence/validation-compose.yaml run --rm backend-test
 Container partsignal-geo209-postgres-1 Running 
 Container partsignal-geo209-redis-1 Running 
 Container partsignal-geo209-fake-oss-1 Running 
 Container partsignal-geo209-postgres-1 Waiting 
 Container partsignal-geo209-postgres-1 Healthy 
 Container partsignal-geo209-backend-test-run-b3ad52062ef8 Creating 
 Container partsignal-geo209-backend-test-run-b3ad52062ef8 Created 
........................................................................ [ 11%]
........................................................................ [ 23%]
........................................................................ [ 34%]
........................................................................ [ 46%]
........................................................................ [ 57%]
........................................................................ [ 69%]
........................................................................ [ 80%]
........................................................................ [ 92%]
.................................................                        [100%]
=============================== warnings summary ===============================
tests/integration/test_geo_catalog.py::test_catalog_metadata_matches_migrated_postgresql
  /Users/sc/PycharmProjects/partsignal/backend/tests/integration/test_geo_catalog.py:187: SAWarning: Cannot correctly sort tables; there are unresolvable cycles between tables "content_tasks, content_versions, generation_jobs, publication_verifications, publication_works, published_articles, published_content_issues", which is usually caused by mutually dependent foreign key constraints.  Foreign key constraints involving these tables will not be considered; this warning may raise an error in a future release.

tests/integration/test_geo_catalog.py::test_catalog_metadata_matches_migrated_postgresql
  /Users/sc/PycharmProjects/partsignal/backend/tests/integration/test_geo_catalog.py:187: SAWarning: Can't validate argument 'dialect_options'; can't locate any SQLAlchemy dialect named 'dialect'

tests/integration/test_geo_monitoring_plans.py::test_forward_preserves_existing_data_and_metadata
  /Users/sc/PycharmProjects/partsignal/backend/tests/integration/test_geo_monitoring_plans.py:232: SAWarning: Cannot correctly sort tables; there are unresolvable cycles between tables "content_tasks, content_versions, generation_jobs, publication_verifications, publication_works, published_articles, published_content_issues", which is usually caused by mutually dependent foreign key constraints.  Foreign key constraints involving these tables will not be considered; this warning may raise an error in a future release.

tests/integration/test_geo_monitoring_plans.py::test_forward_preserves_existing_data_and_metadata
  /Users/sc/PycharmProjects/partsignal/backend/tests/integration/test_geo_monitoring_plans.py:232: SAWarning: Can't validate argument 'dialect_options'; can't locate any SQLAlchemy dialect named 'dialect'

tests/integration/test_geo_prompt_variants.py::test_additive_migration_metadata_and_safe_stop
  /Users/sc/PycharmProjects/partsignal/backend/tests/integration/test_geo_prompt_variants.py:176: SAWarning: Cannot correctly sort tables; there are unresolvable cycles between tables "content_tasks, content_versions, generation_jobs, publication_verifications, publication_works, published_articles, published_content_issues", which is usually caused by mutually dependent foreign key constraints.  Foreign key constraints involving these tables will not be considered; this warning may raise an error in a future release.

tests/integration/test_geo_prompt_variants.py::test_additive_migration_metadata_and_safe_stop
  /Users/sc/PycharmProjects/partsignal/backend/tests/integration/test_geo_prompt_variants.py:176: SAWarning: Can't validate argument 'dialect_options'; can't locate any SQLAlchemy dialect named 'dialect'

tests/integration/test_geo_surfaces_profiles.py::test_old_head_forward_preserves_rows_metadata_and_downgrade_stops
  /Users/sc/PycharmProjects/partsignal/backend/tests/integration/test_geo_surfaces_profiles.py:202: SAWarning: Cannot correctly sort tables; there are unresolvable cycles between tables "content_tasks, content_versions, generation_jobs, publication_verifications, publication_works, published_articles, published_content_issues", which is usually caused by mutually dependent foreign key constraints.  Foreign key constraints involving these tables will not be considered; this warning may raise an error in a future release.

tests/integration/test_geo_surfaces_profiles.py::test_old_head_forward_preserves_rows_metadata_and_downgrade_stops
  /Users/sc/PycharmProjects/partsignal/backend/tests/integration/test_geo_surfaces_profiles.py:202: SAWarning: Can't validate argument 'dialect_options'; can't locate any SQLAlchemy dialect named 'dialect'

-- Docs: https://docs.pytest.org/en/stable/how-to/capture-warnings.html
625 passed, 8 warnings in 361.36s (0:06:01)
docker build -f frontend/Dockerfile -t partsignal-frontend-v2:test frontend
#0 building with "colima" instance using docker driver

#1 [internal] load build definition from Dockerfile
#1 transferring dockerfile: 339B done
#1 DONE 0.0s

#2 [internal] load metadata for docker.io/library/node:22-alpine
#2 DONE 1.7s

#3 [internal] load metadata for docker.io/library/nginx:1.27-alpine
#3 DONE 1.7s

#4 [internal] load .dockerignore
#4 transferring context: 137B done
#4 DONE 0.0s

#5 [development 1/5] FROM docker.io/library/node:22-alpine@sha256:0a7108bf6c7bf5de370ffb1a3ed6be93d405b43ff159f681a8d18c0e2bc2e402
#5 resolve docker.io/library/node:22-alpine@sha256:0a7108bf6c7bf5de370ffb1a3ed6be93d405b43ff159f681a8d18c0e2bc2e402 0.0s done
#5 DONE 0.0s

#6 [stage-2 1/3] FROM docker.io/library/nginx:1.27-alpine@sha256:65645c7bb6a0661892a8b03b89d0743208a18dd2f3f17a54ef4b76fb8e2f2a10
#6 resolve docker.io/library/nginx:1.27-alpine@sha256:65645c7bb6a0661892a8b03b89d0743208a18dd2f3f17a54ef4b76fb8e2f2a10 0.0s done
#6 DONE 0.0s

#7 [internal] load build context
#7 transferring context: 274.34kB 0.0s done
#7 DONE 0.0s

#8 [development 3/5] COPY package.json package-lock.json ./
#8 CACHED

#9 [development 2/5] WORKDIR /app
#9 CACHED

#10 [development 4/5] RUN npm ci
#10 CACHED

#11 [development 5/5] COPY . .
#11 DONE 0.0s

#12 [build 1/1] RUN npm run build
#12 0.226 
#12 0.226 > partsignal-frontend-v2@0.1.0 build
#12 0.226 > tsc -b && vite build --config vite.config.ts
#12 0.226 
#12 11.40 vite v8.2.1 building client environment for production...
#12 11.40 [2Ktransforming...✓ 2938 modules transformed.
#12 11.98 rendering chunks...
#12 12.05 computing gzip size...
#12 12.06 dist/index.html                                                    0.57 kB │ gzip:   0.34 kB
#12 12.06 dist/assets/index-CLA4QQDr.css                                    79.93 kB │ gzip:  13.88 kB
#12 12.06 dist/assets/queryOptions-Dfvzj6n2.js                               0.03 kB │ gzip:   0.05 kB
#12 12.06 dist/assets/route-3YAM3tuL.js                                      0.07 kB │ gzip:   0.08 kB
#12 12.06 dist/assets/route-B2aZ3QBi.js                                      0.07 kB │ gzip:   0.08 kB
#12 12.06 dist/assets/route-B41ZhOLB.js                                      0.07 kB │ gzip:   0.08 kB
#12 12.06 dist/assets/route-BQmWoCus.js                                      0.07 kB │ gzip:   0.08 kB
#12 12.06 dist/assets/route-C5cBrTK3.js                                      0.07 kB │ gzip:   0.08 kB
#12 12.06 dist/assets/route-COvhN9v6.js                                      0.07 kB │ gzip:   0.08 kB
#12 12.06 dist/assets/route-CW62_yWg.js                                      0.07 kB │ gzip:   0.08 kB
#12 12.06 dist/assets/route-DEzmN659.js                                      0.07 kB │ gzip:   0.08 kB
#12 12.06 dist/assets/route-DQwB-ZOv.js                                      0.07 kB │ gzip:   0.08 kB
#12 12.06 dist/assets/route-DYSd7FA3.js                                      0.07 kB │ gzip:   0.08 kB
#12 12.06 dist/assets/route-DYSd7FA32.js                                     0.07 kB │ gzip:   0.08 kB
#12 12.06 dist/assets/route-DrPtIM3S.js                                      0.07 kB │ gzip:   0.08 kB
#12 12.06 dist/assets/route-DsXtGSAg.js                                      0.07 kB │ gzip:   0.08 kB
#12 12.06 dist/assets/route-TEQwWL7Y.js                                      0.07 kB │ gzip:   0.08 kB
#12 12.06 dist/assets/coerce-BiU-Mf9U.js                                     0.08 kB │ gzip:   0.10 kB
#12 12.06 dist/assets/isElementDisabled-KSuuBj8D.js                          0.11 kB │ gzip:   0.11 kB
#12 12.06 dist/assets/chevron-right-CWRnukFu.js                              0.13 kB │ gzip:   0.14 kB
#12 12.06 dist/assets/canonical-uuid-DrzESmzC.js                             0.13 kB │ gzip:   0.13 kB
#12 12.06 dist/assets/settings.ai-CipVaq6G.js                                0.21 kB │ gzip:   0.20 kB
#12 12.06 dist/assets/_taskId_.editor-_qjLAkbp.js                            0.22 kB │ gzip:   0.20 kB
#12 12.06 dist/assets/_taskId_.review-zeX8OAEE.js                            0.22 kB │ gzip:   0.20 kB
#12 12.06 dist/assets/route-DFljbmbX.js                                      0.22 kB │ gzip:   0.20 kB
#12 12.06 dist/assets/system.audit-qBeF2bb1.js                               0.22 kB │ gzip:   0.20 kB
#12 12.06 dist/assets/system.users-0TM8kiXu.js                               0.22 kB │ gzip:   0.20 kB
#12 12.06 dist/assets/settings.prompts-9jQdIs2s.js                           0.22 kB │ gzip:   0.20 kB
#12 12.06 dist/assets/_taskId-Vsd3-0WC.js                                    0.22 kB │ gzip:   0.21 kB
#12 12.06 dist/assets/settings.platforms.types-C4NjYBws.js                   0.22 kB │ gzip:   0.21 kB
#12 12.06 dist/assets/versions_._versionId-BW6wP3pa.js                       0.22 kB │ gzip:   0.21 kB
#12 12.06 dist/assets/_platformId-BeKfjBVf.js                                0.22 kB │ gzip:   0.20 kB
#12 12.06 dist/assets/settings.ai_._channelId-Z_MUrH5D.js                    0.22 kB │ gzip:   0.20 kB
#12 12.06 dist/assets/_observationId-B3QjNhkV.js                             0.23 kB │ gzip:   0.21 kB
#12 12.06 dist/assets/useControlled-DMK4Pb-8.js                              0.24 kB │ gzip:   0.21 kB
#12 12.06 dist/assets/skeleton-Ged3Zc9T.js                                   0.24 kB │ gzip:   0.20 kB
#12 12.06 dist/assets/table-shell-BGuXgMNH.js                                0.33 kB │ gzip:   0.24 kB
#12 12.06 dist/assets/usePopupHandleStore-D9Ys5NRI.js                        0.35 kB │ gzip:   0.25 kB
#12 12.06 dist/assets/table-toolbar-JNNhOzlg.js                              0.42 kB │ gzip:   0.27 kB
#12 12.06 dist/assets/route-error-Bl0menBv.js                                0.46 kB │ gzip:   0.31 kB
#12 12.06 dist/assets/_productId-Cu3oT6KN.js                                 0.49 kB │ gzip:   0.35 kB
#12 12.06 dist/assets/_productId_.facts-C-S7KVKf.js                          0.50 kB │ gzip:   0.36 kB
#12 12.06 dist/assets/_productId_.facts_.versions_._versionId-996oc21h.js    0.50 kB │ gzip:   0.36 kB
#12 12.06 dist/assets/_productId_.facts_.review-CtF33cCX.js                  0.50 kB │ gzip:   0.37 kB
#12 12.06 dist/assets/_observationId_.correct-BHl9w40o.js                    0.51 kB │ gzip:   0.37 kB
#12 12.06 dist/assets/useCompositeItem-BGClVRCY.js                           0.54 kB │ gzip:   0.37 kB
#12 12.06 dist/assets/_observationId_.correct-Czz9Md1u.js                    0.58 kB │ gzip:   0.31 kB
#12 12.06 dist/assets/content-version.model-BVKgM5xI.js                      0.61 kB │ gzip:   0.43 kB
#12 12.06 dist/assets/detail-section-Dm8gVxQG.js                             0.63 kB │ gzip:   0.34 kB
#12 12.06 dist/assets/return-to-BzbJXkRi.js                                  0.63 kB │ gzip:   0.39 kB
#12 12.06 dist/assets/workbench.api-BODcO5uB.js                              0.71 kB │ gzip:   0.46 kB
#12 12.06 dist/assets/route-Do6Dxmmm.js                                      0.72 kB │ gzip:   0.50 kB
#12 12.06 dist/assets/textarea-CPcbKIlY.js                                   0.83 kB │ gzip:   0.43 kB
#12 12.06 dist/assets/table-skeleton-DhD_SVns.js                             0.94 kB │ gzip:   0.54 kB
#12 12.06 dist/assets/timeline-BSjJ8olh.js                                   0.94 kB │ gzip:   0.49 kB
#12 12.06 dist/assets/form-field-Dwoq3h4m.js                                 0.97 kB │ gzip:   0.54 kB
#12 12.06 dist/assets/rowSortingFeature-XkgtLGqC.js                          1.02 kB │ gzip:   0.49 kB
#12 12.06 dist/assets/security-C5dcwtcu.js                                   1.08 kB │ gzip:   0.59 kB
#12 12.06 dist/assets/geo-observation-actions-C2i_qn8N.js                    1.09 kB │ gzip:   0.67 kB
#12 12.06 dist/assets/login-TOQumvAG.js                                      1.17 kB │ gzip:   0.65 kB
#12 12.06 dist/assets/print-B1nBWDy1.js                                      1.20 kB │ gzip:   0.67 kB
#12 12.06 dist/assets/product-deletion-dialog-DzGNnJ0i.js                    1.20 kB │ gzip:   0.76 kB
#12 12.06 dist/assets/filter-bar-CS1BB11D.js                                 1.23 kB │ gzip:   0.71 kB
#12 12.06 dist/assets/new-C3EUYrCm.js                                        1.23 kB │ gzip:   0.71 kB
#12 12.06 dist/assets/form-layout-B0Bgsdpq.js                                1.29 kB │ gzip:   0.69 kB
#12 12.06 dist/assets/file-transfer-CkO3-a8I.js                              1.41 kB │ gzip:   0.83 kB
#12 12.06 dist/assets/useBaseUiId-C9V7pCeo.js                                1.42 kB │ gzip:   0.80 kB
#12 12.06 dist/assets/table-pagination-CEqndEEW.js                           1.48 kB │ gzip:   0.81 kB
#12 12.06 dist/assets/badge-DofVsWMx.js                                      1.57 kB │ gzip:   0.70 kB
#12 12.06 dist/assets/audit.api-DbvqXWmm.js                                  1.62 kB │ gzip:   0.76 kB
#12 12.06 dist/assets/sticky-action-bar-DBpYwFoO.js                          1.62 kB │ gzip:   0.86 kB
#12 12.06 dist/assets/versions_._versionId-tY8RN_zD.js                       1.72 kB │ gzip:   0.89 kB
#12 12.06 dist/assets/_productId_.facts_.versions_._versionId-Tt7mmGYF.js    1.77 kB │ gzip:   0.89 kB
#12 12.06 dist/assets/workspace-shell-Cqsub1Y6.js                            1.77 kB │ gzip:   0.83 kB
#12 12.06 dist/assets/insights-ehd1RKbJ.js                                   1.78 kB │ gzip:   0.96 kB
#12 12.06 dist/assets/articles-w_DQ2jR5.js                                   1.79 kB │ gzip:   0.95 kB
#12 12.06 dist/assets/_productId_.facts_.versions-BfVmJCK9.js                1.92 kB │ gzip:   1.04 kB
#12 12.06 dist/assets/new-CLv4zeq_.js                                        1.94 kB │ gzip:   1.06 kB
#12 12.06 dist/assets/_articleId-BD3GjHs0.js                                 1.96 kB │ gzip:   1.09 kB
#12 12.06 dist/assets/issues-CnwreINZ.js                                     1.96 kB │ gzip:   1.03 kB
#12 12.06 dist/assets/catalog-controls-CTwrxKau.js                           1.97 kB │ gzip:   0.88 kB
#12 12.06 dist/assets/settings.platforms.types-DgO2rh8k.js                   1.98 kB │ gzip:   1.00 kB
#12 12.06 dist/assets/_taskId-CBV_N94l.js                                    2.00 kB │ gzip:   1.06 kB
#12 12.06 dist/assets/work-98F9vamc.js                                       2.07 kB │ gzip:   1.09 kB
#12 12.06 dist/assets/new-CMG2sEuF.js                                        2.08 kB │ gzip:   1.17 kB
#12 12.06 dist/assets/_observationId-Bd7bPa18.js                             2.09 kB │ gzip:   1.09 kB
#12 12.06 dist/assets/_productId-BexFkCy6.js                                 2.14 kB │ gzip:   1.11 kB
#12 12.06 dist/assets/platforms-D3thPci9.js                                  2.15 kB │ gzip:   1.12 kB
#12 12.06 dist/assets/_taskId_.review-CSptsu6I.js                            2.16 kB │ gzip:   1.13 kB
#12 12.06 dist/assets/_productId_.facts_.review-DKKfJcqA.js                  2.17 kB │ gzip:   1.12 kB
#12 12.06 dist/assets/_productId_.facts-CLlHTsJL.js                          2.22 kB │ gzip:   1.16 kB
#12 12.06 dist/assets/tasks-CnZY1jgu.js                                      2.23 kB │ gzip:   1.15 kB
#12 12.06 dist/assets/observations-Cm8opsxq.js                               2.24 kB │ gzip:   1.16 kB
#12 12.06 dist/assets/useRegisterFieldControl-BcstcGLC.js                    2.25 kB │ gzip:   1.07 kB
#12 12.06 dist/assets/_issueId-Bvts_ThW.js                                   2.27 kB │ gzip:   1.25 kB
#12 12.06 dist/assets/useStore-VZN0-5bO.js                                   2.27 kB │ gzip:   0.97 kB
#12 12.06 dist/assets/_taskId_.editor-BUd4BOvP.js                            2.27 kB │ gzip:   1.17 kB
#12 12.06 dist/assets/topics-CgL-1JCx.js                                     2.30 kB │ gzip:   1.20 kB
#12 12.06 dist/assets/system.audit-D2Es1HxA.js                               2.31 kB │ gzip:   1.16 kB
#12 12.06 dist/assets/dialog-55Fy1Gva.js                                     2.33 kB │ gzip:   0.91 kB
#12 12.06 dist/assets/input-BctqO2IH.js                                      2.47 kB │ gzip:   1.25 kB
#12 12.06 dist/assets/settings.ai-BIe1puE1.js                                2.57 kB │ gzip:   1.32 kB
#12 12.06 dist/assets/dirty-guard-FVWKMYP8.js                                2.58 kB │ gzip:   1.23 kB
#12 12.06 dist/assets/prompt.api-ClmNqhO5.js                                 2.65 kB │ gzip:   1.01 kB
#12 12.06 dist/assets/products-BM6mlLev.js                                   2.69 kB │ gzip:   1.39 kB
#12 12.06 dist/assets/security-HqhfLFjS.js                                   3.03 kB │ gzip:   1.48 kB
#12 12.06 dist/assets/login-B3sW5Jyr.js                                      3.04 kB │ gzip:   1.48 kB
#12 12.06 dist/assets/useCompositeListItem-u8lPl9Q5.js                       3.11 kB │ gzip:   1.41 kB
#12 12.06 dist/assets/settings.ai_._channelId-DYsUD05d.js                    3.11 kB │ gzip:   1.55 kB
#12 12.06 dist/assets/sheet-5mx_FJ6z.js                                      3.73 kB │ gzip:   1.45 kB
#12 12.06 dist/assets/audit-detail-content-CeZtC_hQ.js                       3.90 kB │ gzip:   1.61 kB
#12 12.06 dist/assets/print-B2uf1uoA.js                                      4.13 kB │ gzip:   1.66 kB
#12 12.06 dist/assets/product.model-D-21SSe3.js                              4.40 kB │ gzip:   2.01 kB
#12 12.06 dist/assets/Match-CvdDQUn7.js                                      4.41 kB │ gzip:   1.72 kB
#12 12.06 dist/assets/new-Bnsx4hYl.js                                        4.45 kB │ gzip:   1.95 kB
#12 12.06 dist/assets/_workId-BA7wo7LO.js                                    4.72 kB │ gzip:   2.42 kB
#12 12.06 dist/assets/settings.prompts-TM7Yngr_.js                           4.89 kB │ gzip:   2.41 kB
#12 12.06 dist/assets/issues-2bnEbw4E.js                                     5.06 kB │ gzip:   2.12 kB
#12 12.06 dist/assets/_productId_.facts_.versions-B1J_ZtNP.js                5.23 kB │ gzip:   2.35 kB
#12 12.06 dist/assets/composite-B5Gj1tLF.js                                  5.88 kB │ gzip:   2.28 kB
#12 12.06 dist/assets/articles-TLdxseg1.js                                   5.92 kB │ gzip:   2.40 kB
#12 12.06 dist/assets/geo-evidence-upload-Ban0jgAB.js                        6.15 kB │ gzip:   2.66 kB
#12 12.06 dist/assets/client-_ADlmVAQ.js                                     6.60 kB │ gzip:   2.57 kB
#12 12.06 dist/assets/principal-epoch-C10oPH-p.js                            6.87 kB │ gzip:   2.33 kB
#12 12.06 dist/assets/globalFilteringFeature-DtQ2I7Ea.js                     6.95 kB │ gzip:   1.97 kB
#12 12.06 dist/assets/_platformId-CHoNcoyj.js                                7.70 kB │ gzip:   3.45 kB
#12 12.06 dist/assets/_app--fc4GM5f.js                                       7.72 kB │ gzip:   2.58 kB
#12 12.06 dist/assets/QueryClientProvider-CWfwOWtR.js                        7.80 kB │ gzip:   3.04 kB
#12 12.06 dist/assets/product.api-CAQc7TNS.js                                7.94 kB │ gzip:   2.60 kB
#12 12.06 dist/assets/_productId_.facts_.versions_._versionId-cBMMIagQ.js    8.18 kB │ gzip:   2.62 kB
#12 12.06 dist/assets/jsx-runtime-B-hcVAMW.js                                8.55 kB │ gzip:   3.26 kB
#12 12.06 dist/assets/x-CR0wpoZL.js                                          8.72 kB │ gzip:   3.14 kB
#12 12.06 dist/assets/questions-BTQlwhFY.js                                  8.73 kB │ gzip:   3.86 kB
#12 12.06 dist/assets/new-B69TRB4r.js                                        8.95 kB │ gzip:   3.78 kB
#12 12.06 dist/assets/geo-entities-DLAbXMt7.js                               9.04 kB │ gzip:   3.59 kB
#12 12.06 dist/assets/products-Cpft-Lz-.js                                   9.21 kB │ gzip:   3.69 kB
#12 12.06 dist/assets/tasks-Byvy8W_f.js                                      9.23 kB │ gzip:   3.56 kB
#12 12.06 dist/assets/plans-BlC7Y5nB.js                                      9.57 kB │ gzip:   4.22 kB
#12 12.06 dist/assets/platform.api-hYlFG8fS.js                               9.71 kB │ gzip:   3.25 kB
#12 12.06 dist/assets/geo-insights-report-CzHlPmTy.js                       10.34 kB │ gzip:   2.88 kB
#12 12.06 dist/assets/versions_._versionId-GGzTKLnX.js                      12.02 kB │ gzip:   3.82 kB
#12 12.06 dist/assets/tabs--wQuviHc.js                                      12.50 kB │ gzip:   4.72 kB
#12 12.06 dist/assets/system.audit-BfkgzOdp.js                              12.50 kB │ gzip:   4.37 kB
#12 12.06 dist/assets/content-task-lifecycle-B3EE0z-C.js                    12.51 kB │ gzip:   4.65 kB
#12 12.06 dist/assets/observations-CTyyXqfS.js                              12.51 kB │ gzip:   4.85 kB
#12 12.06 dist/assets/system.users-VSe5fPEz.js                              12.83 kB │ gzip:   5.46 kB
#12 12.06 dist/assets/insights-C8HH1gmd.js                                  13.39 kB │ gzip:   4.90 kB
#12 12.06 dist/assets/route-C0EGItY22.js                                    13.48 kB │ gzip:   5.10 kB
#12 12.06 dist/assets/_taskId-CVvwmCV3.js                                   14.87 kB │ gzip:   4.62 kB
#12 12.06 dist/assets/content.api-D2j6FSOh.js                               14.90 kB │ gzip:   4.32 kB
#12 12.06 dist/assets/_productId_.facts_.review-BfAbzIm-.js                 15.83 kB │ gzip:   5.63 kB
#12 12.06 dist/assets/work-7L7bWvwL.js                                      15.88 kB │ gzip:   5.19 kB
#12 12.06 dist/assets/publication.api-BM4qVjVl.js                           16.20 kB │ gzip:   4.80 kB
#12 12.06 dist/assets/_articleId-O4dtANTY.js                                16.27 kB │ gzip:   5.43 kB
#12 12.06 dist/assets/useQuery-fTBak1Kd.js                                  16.32 kB │ gzip:   5.46 kB
#12 12.06 dist/assets/settings.platforms.types-BGrFOySB.js                  16.38 kB │ gzip:   5.90 kB
#12 12.06 dist/assets/new-h-kMCi2G.js                                       16.94 kB │ gzip:   6.04 kB
#12 12.06 dist/assets/platforms-0vCrnXoZ.js                                 17.03 kB │ gzip:   6.17 kB
#12 12.06 dist/assets/_productId_.facts-wMbXQE4b.js                         17.33 kB │ gzip:   5.82 kB
#12 12.06 dist/assets/settings.ai-BBld6Eys.js                               17.46 kB │ gzip:   6.30 kB
#12 12.06 dist/assets/_taskId_.review-CqDuKWIS.js                           17.48 kB │ gzip:   6.06 kB
#12 12.06 dist/assets/_productId-ZIANG0L-.js                                17.55 kB │ gzip:   5.89 kB
#12 12.06 dist/assets/audit.model-BU0Z1ThR.js                               17.75 kB │ gzip:   5.57 kB
#12 12.06 dist/assets/row-actions-CTTcfkAF.js                               17.90 kB │ gzip:   6.59 kB
#12 12.06 dist/assets/geo-surfaces-ximHk2O-.js                              17.94 kB │ gzip:   6.72 kB
#12 12.06 dist/assets/_observationId-Dsy_mVFb.js                            18.05 kB │ gzip:   5.76 kB
#12 12.06 dist/assets/auth-provider-CFNsTERj.js                             18.50 kB │ gzip:   6.78 kB
#12 12.06 dist/assets/geo.api-CAbBiqc3.js                                   18.53 kB │ gzip:   5.93 kB
#12 12.06 dist/assets/_issueId-ChbeGtp0.js                                  19.62 kB │ gzip:   6.52 kB
#12 12.06 dist/assets/topics-spabcua-.js                                    19.94 kB │ gzip:   7.02 kB
#12 12.06 dist/assets/ai-channel-workspace.model-D6DidTXj.js                20.72 kB │ gzip:   6.32 kB
#12 12.06 dist/assets/lazyRouteComponent-DJ-L5ntS.js                        24.20 kB │ gzip:   8.99 kB
#12 12.06 dist/assets/_observationId_.correct-k_8Mb_Nw.js                   24.42 kB │ gzip:   8.23 kB
#12 12.06 dist/assets/_workId-DybGKwPv.js                                   28.51 kB │ gzip:   8.89 kB
#12 12.06 dist/assets/questions-NloD0gdY.js                                 28.78 kB │ gzip:   9.21 kB
#12 12.06 dist/assets/select-V_OKC9ox.js                                    30.10 kB │ gzip:  10.91 kB
#12 12.06 dist/assets/settings.prompts-skK8OAw6.js                          30.81 kB │ gzip:   9.97 kB
#12 12.06 dist/assets/system.users-BJPAbVTJ.js                              30.96 kB │ gzip:   9.73 kB
#12 12.06 dist/assets/providers-OenlKjGI.js                                 35.07 kB │ gzip:  10.47 kB
#12 12.06 dist/assets/geo-entities-DgRJSOP7.js                              35.28 kB │ gzip:  10.92 kB
#12 12.06 dist/assets/geo-surfaces-BJ81rCUF.js                              35.71 kB │ gzip:  11.02 kB
#12 12.06 dist/assets/icon-button-CIna4KmL.js                               36.26 kB │ gzip:  12.08 kB
#12 12.06 dist/assets/column-header-BkmxRjng.js                             36.45 kB │ gzip:  11.43 kB
#12 12.06 dist/assets/ToolbarRootContext--gwyb55r.js                        36.62 kB │ gzip:  14.02 kB
#12 12.06 dist/assets/_taskId_.editor-ewaf5qvs.js                           37.91 kB │ gzip:  11.54 kB
#12 12.06 dist/assets/_platformId-_qRcriJd.js                               38.91 kB │ gzip:  11.58 kB
#12 12.06 dist/assets/createLucideIcon-BJDtr5DL.js                          39.80 kB │ gzip:  14.03 kB
#12 12.06 dist/assets/button-BZhX1_Og.js                                    40.12 kB │ gzip:  13.54 kB
#12 12.06 dist/assets/zod-CS-qYe1E.js                                       40.85 kB │ gzip:  14.09 kB
#12 12.06 dist/assets/route-BY_csVSr.js                                     43.50 kB │ gzip:  15.67 kB
#12 12.06 dist/assets/settings.ai_._channelId-g_KEyxKm.js                   49.67 kB │ gzip:  13.69 kB
#12 12.06 dist/assets/plans-DFC8kh98.js                                     50.57 kB │ gzip:  15.64 kB
#12 12.06 dist/assets/schemas-CV9vwgjf.js                                   69.76 kB │ gzip:  18.61 kB
#12 12.06 dist/assets/index-BJTxQPJ8.js                                    188.55 kB │ gzip:  60.25 kB
#12 12.06 dist/assets/markdown-editor-NyaH8VfX.js                          729.88 kB │ gzip: 245.01 kB
#12 12.06 
#12 12.06 ✓ built in 657ms
#12 12.06 [plugin builtin:vite-reporter] 
#12 12.06 (!) Some chunks are larger than 500 kB after minification. Consider:
#12 12.06 - Using dynamic import() to code-split the application
#12 12.06 - Use build.rolldownOptions.output.codeSplitting to improve chunking: https://rolldown.rs/reference/OutputOptions.codeSplitting
#12 12.06 - Adjust chunk size limit for this warning via build.chunkSizeWarningLimit.
#12 12.08 npm notice
#12 12.08 npm notice New major version of npm available! 10.9.9 -> 12.2.0
#12 12.08 npm notice Changelog: https://github.com/npm/cli/releases/tag/v12.2.0
#12 12.08 npm notice To update run: npm install -g npm@12.2.0
#12 12.08 npm notice
#12 DONE 12.1s

#6 [stage-2 1/3] FROM docker.io/library/nginx:1.27-alpine@sha256:65645c7bb6a0661892a8b03b89d0743208a18dd2f3f17a54ef4b76fb8e2f2a10
#6 CACHED

#13 [stage-2 2/3] COPY --from=build /app/dist /usr/share/nginx/html
#13 DONE 0.0s

#14 [stage-2 3/3] COPY nginx.conf /etc/nginx/conf.d/default.conf
#14 DONE 0.0s

#15 exporting to image
#15 exporting layers 0.1s done
#15 exporting manifest sha256:8112960c04477fc276174ec973e423fb5c2f6be3c83dc064c1e96e293b499dae done
#15 exporting config sha256:56a158f93c33b6450fc042691ac6ff60ea9f05d15ee2d22fe37e4bcb329004de done
#15 exporting attestation manifest sha256:d43ec94cadac878aa5a924fe637a38cad8d02f726225c20187594d1b13a4bcad done
#15 exporting manifest list sha256:a230eb95c0124303bfe2f18b194df927605381dde6247bb69af6b5c345c0c6e9 done
#15 naming to docker.io/library/partsignal-frontend-v2:test done
#15 unpacking to docker.io/library/partsignal-frontend-v2:test 0.0s done
#15 DONE 0.1s
docker build -f backend/Dockerfile -t partsignal-backend:test backend
#0 building with "colima" instance using docker driver

#1 [internal] load build definition from Dockerfile
#1 transferring dockerfile: 594B done
#1 DONE 0.0s

#2 [internal] load metadata for docker.io/library/python:3.12-slim
#2 ...

#3 [auth] astral-sh/uv:pull token for ghcr.io
#3 DONE 0.0s

#4 [internal] load metadata for ghcr.io/astral-sh/uv:0.7.13
#4 ...

#2 [internal] load metadata for docker.io/library/python:3.12-slim
#2 DONE 1.7s

#4 [internal] load metadata for ghcr.io/astral-sh/uv:0.7.13
#4 DONE 2.1s

#5 [internal] load .dockerignore
#5 transferring context: 152B done
#5 DONE 0.0s

#6 FROM ghcr.io/astral-sh/uv:0.7.13@sha256:6c1e19020ec221986a210027040044a5df8de762eb36d5240e382bc41d7a9043
#6 resolve ghcr.io/astral-sh/uv:0.7.13@sha256:6c1e19020ec221986a210027040044a5df8de762eb36d5240e382bc41d7a9043 done
#6 DONE 0.0s

#7 [runtime 1/7] FROM docker.io/library/python:3.12-slim@sha256:dddfd7e07f9d15aeeca61529320492139d21cac7f0070c00609243e51e4e0016
#7 resolve docker.io/library/python:3.12-slim@sha256:dddfd7e07f9d15aeeca61529320492139d21cac7f0070c00609243e51e4e0016 0.0s done
#7 DONE 0.0s

#8 [internal] load build context
#8 transferring context: 43.92kB 0.0s done
#8 DONE 0.0s

#9 [runtime 2/7] WORKDIR /app
#9 CACHED

#10 [runtime 4/7] COPY pyproject.toml uv.lock* ./
#10 CACHED

#11 [runtime 6/7] COPY . .
#11 CACHED

#12 [runtime 3/7] COPY --from=ghcr.io/astral-sh/uv:0.7.13 /uv /uvx /bin/
#12 CACHED

#13 [runtime 5/7] RUN uv sync --no-dev --no-install-project
#13 CACHED

#14 [runtime 7/7] RUN uv sync --no-dev
#14 CACHED

#15 exporting to image
#15 exporting layers done
#15 exporting manifest sha256:07cfeffab29cdf3520af6512672e3a8998bb637d156441cc6f44ae3085d73c1d done
#15 exporting config sha256:f29db9c832bdd93aca673cbe94b8bd34a336a44fb3beb5587d587966ec79aee4 done
#15 exporting attestation manifest sha256:88ff27c3209baadbf680b08b99bcf14e01f48788857b989b4dc035a3b2612242 done
#15 exporting manifest list sha256:893f1d27821b0245dbaf35969ffcd745110c9c85b69cb7869fc82e37e403823a done
#15 naming to docker.io/library/partsignal-backend:test done
#15 unpacking to docker.io/library/partsignal-backend:test done
#15 DONE 0.0s
deploy/scripts/e2e-local.sh
E2E_SECRET_REGISTRATION status=ready
INFO  [alembic.runtime.migration] Context impl PostgresqlImpl.
INFO  [alembic.runtime.migration] Will assume transactional DDL.
INFO  [alembic.runtime.migration] Running upgrade  -> 0001_identity_audit, 创建身份、会话和审计表。
INFO  [alembic.runtime.migration] Running upgrade 0001_identity_audit -> 0002_product_facts, 创建规范化产品事实和不可变事实版本。
INFO  [alembic.runtime.migration] Running upgrade 0002_product_facts -> 0003_content_planning, 创建目标问题、平台规则版本和内容任务。
INFO  [alembic.runtime.migration] Running upgrade 0003_content_planning -> 0004_content_production, 创建 PostgreSQL 权威生成作业和不可变 Markdown 内容版本。
INFO  [alembic.runtime.migration] Running upgrade 0004_content_production -> 0005_content_review, 创建追加式内容审核记录。
INFO  [alembic.runtime.migration] Running upgrade 0005_content_review -> 0006_publication, 创建平台账号、人工发布记录和状态事件。
INFO  [alembic.runtime.migration] Running upgrade 0006_publication -> 0007_geo_observation, 创建追加式 GEO 观测及引用关联。
INFO  [alembic.runtime.migration] Running upgrade 0007_geo_observation -> 0008_files, 创建文件生命周期、附件关联并补加证据文件外键。
INFO  [alembic.runtime.migration] Running upgrade 0008_files -> 0009_config_center, 迁移账号类型、配置中心与真实 AI 生成字段。
INFO  [alembic.runtime.migration] Running upgrade 0009_config_center -> 0010_user_cleanup, 清理旧版职责账号并强制既有内容工程师改密。
INFO  [alembic.runtime.migration] Running upgrade 0010_user_cleanup -> 0011_generation_reliability, 增加生成作业补投递诊断字段与到期扫描索引。
INFO  [alembic.runtime.migration] Running upgrade 0011_generation_reliability -> 0012_ai_data_classification, 为生成输入增加显式数据分级与责任人记录。
INFO  [alembic.runtime.migration] Running upgrade 0012_ai_data_classification -> 0013_publication_closure, 增加发布异常待办、修复任务来源和发布平台一致性门禁。
INFO  [alembic.runtime.migration] Running upgrade 0013_publication_closure -> 0014_platform_prompt_ownership, 将当前 Prompt 所有权从平台类型迁移到具体平台。
INFO  [alembic.runtime.migration] Running upgrade 0014_platform_prompt_ownership -> 0015_platform_rule_draft_editing, 允许按修订号编辑平台规则草稿，并继续冻结已激活或退役正文。
INFO  [alembic.runtime.migration] Running upgrade 0015_platform_rule_draft_editing -> 0016_fact_review_cleanup, 允许受约束删除事实版本时清理其从属审核记录。
INFO  [alembic.runtime.migration] Running upgrade 0016_fact_review_cleanup -> 0017_content_humanization, 增加全局自然化 Prompt，并让现有 AI 作业承载自然化修订。
INFO  [alembic.runtime.migration] Running upgrade 0017_content_humanization -> 0018_manual_geo_observation, 增加产品级人工 GEO 观测，并保留旧模型观测历史。
INFO  [alembic.runtime.migration] Running upgrade 0018_manual_geo_observation -> 0019_product_driven_tasks, 允许新内容任务直接围绕产品创建，同时保留历史目标问题关联。
INFO  [alembic.runtime.migration] Running upgrade 0019_product_driven_tasks -> 0020_platform_branding_task_list, 为具体平台增加官网与单一来源 Logo。
INFO  [alembic.runtime.migration] Running upgrade 0020_platform_branding_task_list -> 0021_ai_channel_model_management, 补齐 AI 渠道身份字段与使用统计索引。
INFO  [alembic.runtime.migration] Running upgrade 0021_ai_channel_model_management -> 0022_geo_observation_insights, 补充人工 GEO 逐篇阶段事实与问题主题约束。
INFO  [alembic.runtime.migration] Running upgrade 0022_geo_observation_insights -> 0023_platform_management, 增加具体平台启停状态与管理聚合索引。
INFO  [alembic.runtime.migration] Running upgrade 0023_platform_management -> 0024_audit_outcome, 补齐审计模块、命令结果和安全结果说明。
INFO  [alembic.runtime.migration] Running upgrade 0024_audit_outcome -> 0025_markdown_facts, 将结构化产品事实收敛为 Markdown，并让内容任务直接绑定平台。
INFO  [alembic.runtime.migration] Running upgrade 0025_markdown_facts -> 0026_publication_account_dedup, 补齐发布账号修订约束，并阻止同平台规范化账号标识重复。
INFO  [alembic.runtime.migration] Running upgrade 0026_publication_account_dedup -> 0027_audit_user_delete_guard, 只允许受约束用户删除把匹配审计操作者置空。
INFO  [alembic.runtime.migration] Running upgrade 0027_audit_user_delete_guard -> 0028_platform_logo_lifecycle, 增加平台 Logo 的未引用保留、幂等删除状态与数据库门禁。
INFO  [alembic.runtime.migration] Running upgrade 0028_platform_logo_lifecycle -> 0029_geo_evidence_management, 收敛人工 GEO 独立事实，并为完整更正链删除增加事务门禁。
INFO  [alembic.runtime.migration] Running upgrade 0029_geo_evidence_management -> 0030_publication_record_delete, 为从未公开的发布聚合增加事务级受控删除门禁。
INFO  [alembic.runtime.migration] Running upgrade 0030_publication_record_delete -> 0031_reusable_platform_prompts, 把平台私有 Prompt 收敛为可复用模板和平台当前绑定。
INFO  [alembic.runtime.migration] Running upgrade 0031_reusable_platform_prompts -> 0032_content_task_idempotency, 为普通内容任务创建增加持久化请求键幂等约束。
INFO  [alembic.runtime.migration] Running upgrade 0032_content_task_idempotency -> 0033_task_owned_history_delete, 允许受控删除已取消任务自有的未批准生产历史。
INFO  [alembic.runtime.migration] Running upgrade 0033_task_owned_history_delete -> 0034_publication_redesign, 以发布工作、首次核验成果和发布后内容问题替换旧发布记录。
INFO  [alembic.runtime.migration] Running upgrade 0034_publication_redesign -> 0035_business_workflow, 建立事实提交、内容单主线、发布版本快照与 GEO 来源合同。
INFO  [alembic.runtime.migration] Running upgrade 0035_business_workflow -> 0036_remove_section_url, 删除没有稳定业务含义的发布栏目地址。
INFO  [alembic.runtime.migration] Running upgrade 0036_remove_section_url -> 0037_simplify_deletion_lifecycle, 收缩任务、配置与审计的删除生命周期。
INFO  [alembic.runtime.migration] Running upgrade 0037_simplify_deletion_lifecycle -> 0038_published_article_delete, 允许受控删除无 GEO 引用的发布成果聚合。
INFO  [alembic.runtime.migration] Running upgrade 0038_published_article_delete -> 0039_article_delete_platform, 允许归档任务在删除失效平台的发布成果后转为已取消。
INFO  [alembic.runtime.migration] Running upgrade 0039_article_delete_platform -> 0040_content_draft_management, 允许当前人工未审核草稿受控保存和彻底删除。
INFO  [alembic.runtime.migration] Running upgrade 0040_content_draft_management -> 0041_content_task_list, 补齐内容任务列表的稳定更新时间与排序索引。
INFO  [alembic.runtime.migration] Running upgrade 0041_content_task_list -> 0042_content_version_detail, 记录内容版本自身的真实更新时间。
INFO  [alembic.runtime.migration] Running upgrade 0042_content_version_detail -> 0043_geo_platform_identity, 冻结发布工作的平台 UUID，避免配置删除后 GEO 历史失去身份。
INFO  [alembic.runtime.migration] Running upgrade 0043_geo_platform_identity -> 0044_geo_catalog, 新增 GEO Catalog 三表；冻结本 revision，不读取运行时 ORM。
INFO  [alembic.runtime.migration] Running upgrade 0044_geo_catalog -> 0045_geo_prompt_variants, 仅新增问题变体，冻结规范化及历史锁存，不回填旧问题数组。
INFO  [alembic.runtime.migration] Running upgrade 0045_geo_prompt_variants -> 0046_geo_surfaces_profiles, 新增观测配置与闭合JSON合同；不回填旧GEO或实现运行资格。
INFO  [alembic.runtime.migration] Running upgrade 0046_geo_surfaces_profiles -> 0047_geo_monitoring_plans, 仅增加计划配置聚合；不创建批次、运行或改写历史观测。

> partsignal-frontend-v2@0.1.0 build
> tsc -b && vite build --config vite.config.ts

vite v8.2.1 building client environment for production...
[2Ktransforming...✓ 2938 modules transformed.
rendering chunks...
computing gzip size...
dist/index.html                                                    0.57 kB │ gzip:   0.34 kB
dist/assets/index-CLA4QQDr.css                                    79.93 kB │ gzip:  13.88 kB
dist/assets/queryOptions-Dfvzj6n2.js                               0.03 kB │ gzip:   0.05 kB
dist/assets/route-3YAM3tuL.js                                      0.07 kB │ gzip:   0.08 kB
dist/assets/route-B2aZ3QBi.js                                      0.07 kB │ gzip:   0.08 kB
dist/assets/route-B41ZhOLB.js                                      0.07 kB │ gzip:   0.08 kB
dist/assets/route-BQmWoCus.js                                      0.07 kB │ gzip:   0.08 kB
dist/assets/route-C5cBrTK3.js                                      0.07 kB │ gzip:   0.08 kB
dist/assets/route-COvhN9v6.js                                      0.07 kB │ gzip:   0.08 kB
dist/assets/route-CW62_yWg.js                                      0.07 kB │ gzip:   0.08 kB
dist/assets/route-DEzmN659.js                                      0.07 kB │ gzip:   0.08 kB
dist/assets/route-DQwB-ZOv.js                                      0.07 kB │ gzip:   0.08 kB
dist/assets/route-DYSd7FA3.js                                      0.07 kB │ gzip:   0.08 kB
dist/assets/route-DYSd7FA32.js                                     0.07 kB │ gzip:   0.08 kB
dist/assets/route-DrPtIM3S.js                                      0.07 kB │ gzip:   0.08 kB
dist/assets/route-DsXtGSAg.js                                      0.07 kB │ gzip:   0.08 kB
dist/assets/route-TEQwWL7Y.js                                      0.07 kB │ gzip:   0.08 kB
dist/assets/coerce-BXpXe7ca.js                                     0.08 kB │ gzip:   0.10 kB
dist/assets/isElementDisabled-KSuuBj8D.js                          0.11 kB │ gzip:   0.11 kB
dist/assets/chevron-right-CDqhF1kD.js                              0.13 kB │ gzip:   0.14 kB
dist/assets/canonical-uuid-DSNlkJjm.js                             0.13 kB │ gzip:   0.13 kB
dist/assets/settings.ai-CipVaq6G.js                                0.21 kB │ gzip:   0.20 kB
dist/assets/_taskId_.editor-_qjLAkbp.js                            0.22 kB │ gzip:   0.20 kB
dist/assets/_taskId_.review-zeX8OAEE.js                            0.22 kB │ gzip:   0.20 kB
dist/assets/route-DFljbmbX.js                                      0.22 kB │ gzip:   0.20 kB
dist/assets/system.audit-qBeF2bb1.js                               0.22 kB │ gzip:   0.20 kB
dist/assets/system.users-0TM8kiXu.js                               0.22 kB │ gzip:   0.20 kB
dist/assets/settings.prompts-9jQdIs2s.js                           0.22 kB │ gzip:   0.20 kB
dist/assets/_taskId-Vsd3-0WC.js                                    0.22 kB │ gzip:   0.21 kB
dist/assets/settings.platforms.types-C4NjYBws.js                   0.22 kB │ gzip:   0.21 kB
dist/assets/versions_._versionId-BW6wP3pa.js                       0.22 kB │ gzip:   0.21 kB
dist/assets/_platformId-BeKfjBVf.js                                0.22 kB │ gzip:   0.20 kB
dist/assets/settings.ai_._channelId-Z_MUrH5D.js                    0.22 kB │ gzip:   0.20 kB
dist/assets/_observationId-B3QjNhkV.js                             0.23 kB │ gzip:   0.21 kB
dist/assets/useControlled-DMK4Pb-8.js                              0.24 kB │ gzip:   0.21 kB
dist/assets/skeleton-Ged3Zc9T.js                                   0.24 kB │ gzip:   0.20 kB
dist/assets/table-shell-BGuXgMNH.js                                0.33 kB │ gzip:   0.24 kB
dist/assets/usePopupHandleStore-D9Ys5NRI.js                        0.35 kB │ gzip:   0.25 kB
dist/assets/table-toolbar-JNNhOzlg.js                              0.42 kB │ gzip:   0.27 kB
dist/assets/route-error-Bl0menBv.js                                0.46 kB │ gzip:   0.31 kB
dist/assets/_productId-Cu3oT6KN.js                                 0.49 kB │ gzip:   0.35 kB
dist/assets/_productId_.facts-C-S7KVKf.js                          0.50 kB │ gzip:   0.36 kB
dist/assets/_productId_.facts_.versions_._versionId-996oc21h.js    0.50 kB │ gzip:   0.36 kB
dist/assets/_productId_.facts_.review-CtF33cCX.js                  0.50 kB │ gzip:   0.37 kB
dist/assets/_observationId_.correct-BzGP1fdz.js                    0.51 kB │ gzip:   0.37 kB
dist/assets/useCompositeItem-BGClVRCY.js                           0.54 kB │ gzip:   0.37 kB
dist/assets/_observationId_.correct-BrbdblYN.js                    0.58 kB │ gzip:   0.32 kB
dist/assets/content-version.model-BVKgM5xI.js                      0.61 kB │ gzip:   0.43 kB
dist/assets/detail-section-Dm8gVxQG.js                             0.63 kB │ gzip:   0.34 kB
dist/assets/return-to-BzbJXkRi.js                                  0.63 kB │ gzip:   0.39 kB
dist/assets/workbench.api-Cm9VqJUK.js                              0.71 kB │ gzip:   0.46 kB
dist/assets/route-Do6Dxmmm.js                                      0.72 kB │ gzip:   0.50 kB
dist/assets/textarea-CPcbKIlY.js                                   0.83 kB │ gzip:   0.43 kB
dist/assets/table-skeleton-DhD_SVns.js                             0.94 kB │ gzip:   0.54 kB
dist/assets/timeline-BSjJ8olh.js                                   0.94 kB │ gzip:   0.49 kB
dist/assets/form-field-Dwoq3h4m.js                                 0.97 kB │ gzip:   0.54 kB
dist/assets/rowSortingFeature-B_lz61E2.js                          1.02 kB │ gzip:   0.49 kB
dist/assets/security-ynQfxl41.js                                   1.08 kB │ gzip:   0.59 kB
dist/assets/geo-observation-actions-C2i_qn8N.js                    1.09 kB │ gzip:   0.67 kB
dist/assets/login-C5fwTqsg.js                                      1.17 kB │ gzip:   0.64 kB
dist/assets/print-CevnwWEX.js                                      1.20 kB │ gzip:   0.67 kB
dist/assets/product-deletion-dialog-varTFfUJ.js                    1.20 kB │ gzip:   0.76 kB
dist/assets/filter-bar-xNOm75io.js                                 1.23 kB │ gzip:   0.72 kB
dist/assets/new-4EysCopq.js                                        1.23 kB │ gzip:   0.71 kB
dist/assets/form-layout-B0Bgsdpq.js                                1.29 kB │ gzip:   0.69 kB
dist/assets/file-transfer-bcVkqTxX.js                              1.41 kB │ gzip:   0.83 kB
dist/assets/useBaseUiId-C9V7pCeo.js                                1.42 kB │ gzip:   0.80 kB
dist/assets/table-pagination-CYjiki2o.js                           1.48 kB │ gzip:   0.81 kB
dist/assets/badge-DofVsWMx.js                                      1.57 kB │ gzip:   0.70 kB
dist/assets/audit.api-BQ3OWPTb.js                                  1.62 kB │ gzip:   0.76 kB
dist/assets/sticky-action-bar-CuszW0B-.js                          1.62 kB │ gzip:   0.86 kB
dist/assets/versions_._versionId-B054v_t3.js                       1.72 kB │ gzip:   0.89 kB
dist/assets/_productId_.facts_.versions_._versionId-CbcWGrnC.js    1.77 kB │ gzip:   0.89 kB
dist/assets/workspace-shell-qtHMpXkQ.js                            1.77 kB │ gzip:   0.83 kB
dist/assets/insights-CHsSb_yf.js                                   1.78 kB │ gzip:   0.96 kB
dist/assets/articles-BH_le-5m.js                                   1.79 kB │ gzip:   0.95 kB
dist/assets/_productId_.facts_.versions-lzC17NMA.js                1.92 kB │ gzip:   1.04 kB
dist/assets/new-B7msSUaU.js                                        1.94 kB │ gzip:   1.06 kB
dist/assets/_articleId-Nv8GI3UY.js                                 1.96 kB │ gzip:   1.09 kB
dist/assets/issues-DuDF3KH-.js                                     1.96 kB │ gzip:   1.03 kB
dist/assets/catalog-controls-CLlv0tYj.js                           1.97 kB │ gzip:   0.88 kB
dist/assets/settings.platforms.types-Cf2TkeQ1.js                   1.98 kB │ gzip:   1.01 kB
dist/assets/_taskId-BlQBjZlZ.js                                    2.00 kB │ gzip:   1.06 kB
dist/assets/work-BGaqAOeA.js                                       2.07 kB │ gzip:   1.09 kB
dist/assets/new-CMK27bu-.js                                        2.08 kB │ gzip:   1.17 kB
dist/assets/_observationId-Bl16JtYm.js                             2.09 kB │ gzip:   1.09 kB
dist/assets/_productId-MBho032y.js                                 2.14 kB │ gzip:   1.11 kB
dist/assets/platforms-Owb9RnNQ.js                                  2.15 kB │ gzip:   1.12 kB
dist/assets/_taskId_.review-mAdrKTeb.js                            2.16 kB │ gzip:   1.13 kB
dist/assets/_productId_.facts_.review-Dkz_FPU1.js                  2.17 kB │ gzip:   1.12 kB
dist/assets/_productId_.facts-CUxauvzf.js                          2.22 kB │ gzip:   1.15 kB
dist/assets/tasks-BGp2mqEj.js                                      2.23 kB │ gzip:   1.15 kB
dist/assets/observations-CTxrHbF7.js                               2.24 kB │ gzip:   1.16 kB
dist/assets/useRegisterFieldControl-BcstcGLC.js                    2.25 kB │ gzip:   1.07 kB
dist/assets/_issueId-CL0cnnbj.js                                   2.27 kB │ gzip:   1.25 kB
dist/assets/useStore-VZN0-5bO.js                                   2.27 kB │ gzip:   0.97 kB
dist/assets/_taskId_.editor-CgArrib6.js                            2.27 kB │ gzip:   1.17 kB
dist/assets/topics-DH96uBbC.js                                     2.30 kB │ gzip:   1.20 kB
dist/assets/system.audit-KEZr4OXi.js                               2.31 kB │ gzip:   1.16 kB
dist/assets/dialog-B37E-058.js                                     2.33 kB │ gzip:   0.91 kB
dist/assets/input-BctqO2IH.js                                      2.47 kB │ gzip:   1.25 kB
dist/assets/settings.ai-Bnat-5cy.js                                2.57 kB │ gzip:   1.31 kB
dist/assets/dirty-guard-CgpRrVji.js                                2.58 kB │ gzip:   1.23 kB
dist/assets/prompt.api-DzGm0lBb.js                                 2.65 kB │ gzip:   1.01 kB
dist/assets/products-DWUndyCT.js                                   2.69 kB │ gzip:   1.39 kB
dist/assets/security-CRvRQdVX.js                                   3.03 kB │ gzip:   1.48 kB
dist/assets/login-JjD1hkk6.js                                      3.04 kB │ gzip:   1.48 kB
dist/assets/useCompositeListItem-u8lPl9Q5.js                       3.11 kB │ gzip:   1.41 kB
dist/assets/settings.ai_._channelId-IecXmrdB.js                    3.11 kB │ gzip:   1.54 kB
dist/assets/sheet-BWGO2www.js                                      3.73 kB │ gzip:   1.45 kB
dist/assets/audit-detail-content-_CPLdeIr.js                       3.90 kB │ gzip:   1.61 kB
dist/assets/print-AFVZuuBJ.js                                      4.13 kB │ gzip:   1.66 kB
dist/assets/product.model-DwuxTbNz.js                              4.40 kB │ gzip:   2.01 kB
dist/assets/Match-CvdDQUn7.js                                      4.41 kB │ gzip:   1.72 kB
dist/assets/new-CroCHTgk.js                                        4.45 kB │ gzip:   1.94 kB
dist/assets/_workId-BQNkR6sU.js                                    4.72 kB │ gzip:   2.42 kB
dist/assets/settings.prompts-0dIRaU_-.js                           4.89 kB │ gzip:   2.41 kB
dist/assets/issues-DtBJwmq2.js                                     5.06 kB │ gzip:   2.12 kB
dist/assets/_productId_.facts_.versions-Dw8PjhrA.js                5.23 kB │ gzip:   2.35 kB
dist/assets/composite-CcrNJ9Cu.js                                  5.88 kB │ gzip:   2.28 kB
dist/assets/articles-C87ooYIe.js                                   5.92 kB │ gzip:   2.40 kB
dist/assets/geo-evidence-upload-RtmBoW0q.js                        6.15 kB │ gzip:   2.67 kB
dist/assets/client-C6dNGmfD.js                                     6.59 kB │ gzip:   2.58 kB
dist/assets/principal-epoch-C10oPH-p.js                            6.87 kB │ gzip:   2.33 kB
dist/assets/globalFilteringFeature-BleErhCV.js                     6.95 kB │ gzip:   1.98 kB
dist/assets/_platformId-CJ8Dc8_W.js                                7.70 kB │ gzip:   3.46 kB
dist/assets/_app-C3MxuYtA.js                                       7.72 kB │ gzip:   2.58 kB
dist/assets/QueryClientProvider-CWfwOWtR.js                        7.80 kB │ gzip:   3.04 kB
dist/assets/product.api-BmtOZrbH.js                                7.94 kB │ gzip:   2.59 kB
dist/assets/_productId_.facts_.versions_._versionId-BggT-45H.js    8.18 kB │ gzip:   2.62 kB
dist/assets/jsx-runtime-B-hcVAMW.js                                8.55 kB │ gzip:   3.26 kB
dist/assets/x-DxwFdKJ8.js                                          8.72 kB │ gzip:   3.14 kB
dist/assets/questions-B4mlaYxR.js                                  8.73 kB │ gzip:   3.86 kB
dist/assets/new-D9P-gd8L.js                                        8.95 kB │ gzip:   3.78 kB
dist/assets/geo-entities-ig7W4b6f.js                               9.04 kB │ gzip:   3.60 kB
dist/assets/products-D34R2X0j.js                                   9.21 kB │ gzip:   3.69 kB
dist/assets/tasks-B3PLWGWJ.js                                      9.23 kB │ gzip:   3.56 kB
dist/assets/plans-2HCsxpKb.js                                      9.57 kB │ gzip:   4.23 kB
dist/assets/platform.api-CTTuzJCK.js                               9.71 kB │ gzip:   3.25 kB
dist/assets/geo-insights-report-1Go5-gno.js                       10.34 kB │ gzip:   2.88 kB
dist/assets/versions_._versionId-DFhvNWWe.js                      12.02 kB │ gzip:   3.81 kB
dist/assets/tabs-lre784gw.js                                      12.50 kB │ gzip:   4.72 kB
dist/assets/system.audit-DB2QgW2R.js                              12.50 kB │ gzip:   4.36 kB
dist/assets/content-task-lifecycle-qGqcHdZ-.js                    12.51 kB │ gzip:   4.65 kB
dist/assets/observations-Bl0a7Mp-.js                              12.51 kB │ gzip:   4.85 kB
dist/assets/system.users-CzEkn4SQ.js                              12.83 kB │ gzip:   5.47 kB
dist/assets/insights-BoeMKwxY.js                                  13.39 kB │ gzip:   4.89 kB
dist/assets/route-vK7fve372.js                                    13.48 kB │ gzip:   5.11 kB
dist/assets/_taskId-RhMgOUqz.js                                   14.87 kB │ gzip:   4.63 kB
dist/assets/content.api-BG7cxLPw.js                               14.90 kB │ gzip:   4.32 kB
dist/assets/_productId_.facts_.review-BZQ5fbRw.js                 15.83 kB │ gzip:   5.63 kB
dist/assets/work-BjEmGwm5.js                                      15.88 kB │ gzip:   5.19 kB
dist/assets/publication.api-DbMHajVP.js                           16.20 kB │ gzip:   4.80 kB
dist/assets/_articleId-B1XpTZ4k.js                                16.27 kB │ gzip:   5.43 kB
dist/assets/useQuery-fTBak1Kd.js                                  16.32 kB │ gzip:   5.46 kB
dist/assets/settings.platforms.types-DWHwSda1.js                  16.38 kB │ gzip:   5.90 kB
dist/assets/new-DUqqyHJM.js                                       16.94 kB │ gzip:   6.03 kB
dist/assets/platforms-CodrtvVc.js                                 17.03 kB │ gzip:   6.17 kB
dist/assets/_productId_.facts-ijvc0h66.js                         17.33 kB │ gzip:   5.82 kB
dist/assets/settings.ai-ZIqx0nWh.js                               17.46 kB │ gzip:   6.30 kB
dist/assets/_taskId_.review-ltj_muf1.js                           17.48 kB │ gzip:   6.06 kB
dist/assets/_productId-BQqY6k8u.js                                17.55 kB │ gzip:   5.89 kB
dist/assets/audit.model-hbkyp-i_.js                               17.75 kB │ gzip:   5.56 kB
dist/assets/row-actions-CZiM1Mhl.js                               17.90 kB │ gzip:   6.59 kB
dist/assets/geo-surfaces-Ca1nwYj8.js                              17.94 kB │ gzip:   6.72 kB
dist/assets/_observationId-B2DRXAkW.js                            18.05 kB │ gzip:   5.76 kB
dist/assets/auth-provider-BbsnzOvk.js                             18.50 kB │ gzip:   6.78 kB
dist/assets/geo.api-BLCIfqu6.js                                   18.53 kB │ gzip:   5.93 kB
dist/assets/_issueId-DdEOkBNJ.js                                  19.62 kB │ gzip:   6.52 kB
dist/assets/topics-Dnkp7DNb.js                                    19.94 kB │ gzip:   7.02 kB
dist/assets/ai-channel-workspace.model-zrjwTbNn.js                20.72 kB │ gzip:   6.31 kB
dist/assets/lazyRouteComponent-HfKYjSmZ.js                        24.20 kB │ gzip:   8.98 kB
dist/assets/_observationId_.correct-DByXdV9N.js                   24.42 kB │ gzip:   8.23 kB
dist/assets/_workId-DNnqKNAl.js                                   28.51 kB │ gzip:   8.89 kB
dist/assets/questions-3__cmQ6h.js                                 28.78 kB │ gzip:   9.20 kB
dist/assets/select-CyXvVJ3w.js                                    30.10 kB │ gzip:  10.91 kB
dist/assets/settings.prompts-BZqdhOBr.js                          30.81 kB │ gzip:   9.97 kB
dist/assets/system.users-oebXNVhY.js                              30.96 kB │ gzip:   9.74 kB
dist/assets/providers-DZ1lFGdj.js                                 35.07 kB │ gzip:  10.46 kB
dist/assets/geo-entities-XIpm1G9O.js                              35.28 kB │ gzip:  10.92 kB
dist/assets/geo-surfaces-ChjJqphj.js                              35.71 kB │ gzip:  11.02 kB
dist/assets/icon-button-DYCR8fkA.js                               36.26 kB │ gzip:  12.08 kB
dist/assets/column-header-B-FTocf7.js                             36.45 kB │ gzip:  11.43 kB
dist/assets/ToolbarRootContext-g08i2kkp.js                        36.62 kB │ gzip:  14.02 kB
dist/assets/_taskId_.editor-Cw0YhjUj.js                           37.91 kB │ gzip:  11.54 kB
dist/assets/_platformId-CEyLA0l5.js                               38.91 kB │ gzip:  11.58 kB
dist/assets/createLucideIcon-EH4jyHkU.js                          39.80 kB │ gzip:  14.03 kB
dist/assets/button-BZhX1_Og.js                                    40.12 kB │ gzip:  13.54 kB
dist/assets/zod-CS-qYe1E.js                                       40.85 kB │ gzip:  14.09 kB
dist/assets/route-CGCfyJG9.js                                     43.50 kB │ gzip:  15.67 kB
dist/assets/settings.ai_._channelId-CvLqm-zZ.js                   49.67 kB │ gzip:  13.68 kB
dist/assets/plans-D6GT7PnU.js                                     50.57 kB │ gzip:  15.64 kB
dist/assets/schemas-DPHmkP6a.js                                   69.76 kB │ gzip:  18.61 kB
dist/assets/index-sea3qOw9.js                                    188.55 kB │ gzip:  60.26 kB
dist/assets/markdown-editor-DIlx5YTT.js                          729.88 kB │ gzip: 245.01 kB

✓ built in 536ms
[plugin builtin:vite-reporter] 
(!) Some chunks are larger than 500 kB after minification. Consider:
- Using dynamic import() to code-split the application
- Use build.rolldownOptions.output.codeSplitting to improve chunking: https://rolldown.rs/reference/OutputOptions.codeSplitting
- Adjust chunk size limit for this warning via build.chunkSizeWarningLimit.
已创建或确认管理员和内容工程师账号。
INFO:     Started server process [71711]
INFO:     Waiting for application startup.
INFO:     Application startup complete.
INFO:     Uvicorn running on http://127.0.0.1:9001 (Press CTRL+C to quit)
INFO:     Started server process [71710]
INFO:     Waiting for application startup.
INFO:     Application startup complete.
INFO:     Uvicorn running on http://127.0.0.1:19009 (Press CTRL+C to quit)
  ➜  Local:   http://127.0.0.1:4174/
INFO:     Started server process [71709]
INFO:     Waiting for application startup.
INFO:     Application startup complete.
INFO:     Uvicorn running on http://127.0.0.1:8000 (Press CTRL+C to quit)
INFO:     127.0.0.1:55963 - "GET /api/health/ready HTTP/1.1" 200 OK
INFO:     127.0.0.1:55966 - "GET /v1/models HTTP/1.1" 200 OK

> partsignal-frontend-v2@0.1.0 e2e:raw
> playwright test tests/e2e/ai-channel-configuration-real-stack.spec.ts tests/e2e/product-facts-real-stack.spec.ts tests/e2e/catalog-real-stack.spec.ts tests/e2e/questions-real-stack.spec.ts tests/e2e/surfaces-real-stack.spec.ts tests/e2e/plans-real-stack.spec.ts tests/e2e/content-ai-real-stack.spec.ts tests/e2e/content-review-real-stack.spec.ts tests/e2e/content-version-detail-real-stack.spec.ts tests/e2e/publication-workspace-real-stack.spec.ts tests/e2e/geo-real-stack.spec.ts tests/e2e/auth-session-real-stack.spec.ts tests/e2e/system-admin-real-stack.spec.ts --project=foundation-desktop


Running 25 tests using 1 worker

(node:71738) Warning: The 'NO_COLOR' env is ignored due to the 'FORCE_COLOR' env being set.
(Use `node --trace-warnings ...` to show where the warning was created)
INFO:     127.0.0.1:55973 - "POST /api/v1/auth/login HTTP/1.1" 200 OK
INFO:     127.0.0.1:55973 - "POST /api/v1/platform-prompts HTTP/1.1" 201 Created
INFO:     127.0.0.1:55973 - "POST /api/v1/platform-types HTTP/1.1" 201 Created
INFO:     127.0.0.1:55973 - "POST /api/v1/platform-profiles HTTP/1.1" 201 Created
INFO:     127.0.0.1:55973 - "POST /api/v1/products HTTP/1.1" 201 Created
INFO:     127.0.0.1:55973 - "GET /api/v1/products/1e69c7b1-65db-4caa-b5e6-134ca88441ba/facts HTTP/1.1" 200 OK
INFO:     127.0.0.1:55973 - "PUT /api/v1/products/1e69c7b1-65db-4caa-b5e6-134ca88441ba/facts HTTP/1.1" 200 OK
INFO:     127.0.0.1:55973 - "POST /api/v1/products/1e69c7b1-65db-4caa-b5e6-134ca88441ba/fact-review-submissions HTTP/1.1" 201 Created
INFO:     127.0.0.1:55973 - "POST /api/v1/fact-versions/8da4bf0d-d848-4299-aaf5-952291217479/approve HTTP/1.1" 200 OK
INFO:     127.0.0.1:55973 - "POST /api/v1/content-tasks HTTP/1.1" 201 Created
INFO:     127.0.0.1:55973 - "POST /api/v1/products HTTP/1.1" 201 Created
INFO:     127.0.0.1:55973 - "GET /api/v1/products/3a94207d-0dab-4d9f-a83f-c40e805e59ef/facts HTTP/1.1" 200 OK
INFO:     127.0.0.1:55973 - "PUT /api/v1/products/3a94207d-0dab-4d9f-a83f-c40e805e59ef/facts HTTP/1.1" 200 OK
INFO:     127.0.0.1:55973 - "POST /api/v1/products/3a94207d-0dab-4d9f-a83f-c40e805e59ef/fact-review-submissions HTTP/1.1" 201 Created
INFO:     127.0.0.1:55973 - "POST /api/v1/fact-versions/3c6b3bfc-4b26-4157-a481-6ca2029de30c/approve HTTP/1.1" 200 OK
INFO:     127.0.0.1:55973 - "POST /api/v1/content-tasks HTTP/1.1" 201 Created
INFO:     127.0.0.1:55980 - "GET /api/v1/auth/session HTTP/1.1" 200 OK
INFO:     127.0.0.1:55980 - "GET /api/v1/platform-prompts HTTP/1.1" 200 OK
INFO:     127.0.0.1:55980 - "GET /api/v1/platform-prompts/1eec85e5-5641-448d-8532-f26eaab632c8 HTTP/1.1" 200 OK
INFO:     127.0.0.1:55980 - "GET /api/v1/platform-prompts/1eec85e5-5641-448d-8532-f26eaab632c8/preview-options HTTP/1.1" 200 OK
INFO:     127.0.0.1:55980 - "GET /api/v1/content-tasks?archive_status=ACTIVE&page=1&page_size=20 HTTP/1.1" 200 OK
INFO:     127.0.0.1:55981 - "GET /api/v1/platform-profiles HTTP/1.1" 200 OK
INFO:     127.0.0.1:55981 - "GET /api/v1/content-tasks?q=CONFIG-57e7ecb4&archive_status=ACTIVE&page=1&page_size=20 HTTP/1.1" 200 OK
INFO:     127.0.0.1:55981 - "GET /api/v1/auth/session HTTP/1.1" 200 OK
INFO:     127.0.0.1:55981 - "GET /api/v1/content-tasks/57d9184c-5d7f-4795-882e-812808ca477c/editor-context HTTP/1.1" 200 OK
INFO:     127.0.0.1:55981 - "GET /api/v1/content-tasks/57d9184c-5d7f-4795-882e-812808ca477c/generation-options HTTP/1.1" 200 OK
INFO:     127.0.0.1:55981 - "GET /api/v1/ai-channels?page=1&page_size=20 HTTP/1.1" 200 OK
INFO:     127.0.0.1:55983 - "OPTIONS /api/v1/ai-channels HTTP/1.1" 200 OK
INFO:     127.0.0.1:55981 - "POST /api/v1/ai-channels HTTP/1.1" 201 Created
INFO:     127.0.0.1:55981 - "GET /api/v1/ai-channels?page=1&page_size=20 HTTP/1.1" 200 OK
INFO:     127.0.0.1:55983 - "OPTIONS /api/v1/ai-channels/25b7e0a5-d388-4705-a866-5ae1f5c29092 HTTP/1.1" 200 OK
INFO:     127.0.0.1:55981 - "PATCH /api/v1/ai-channels/25b7e0a5-d388-4705-a866-5ae1f5c29092 HTTP/1.1" 200 OK
INFO:     127.0.0.1:55973 - "GET /api/v1/ai-channels/25b7e0a5-d388-4705-a866-5ae1f5c29092 HTTP/1.1" 200 OK
INFO:     127.0.0.1:55973 - "PATCH /api/v1/ai-channels/25b7e0a5-d388-4705-a866-5ae1f5c29092 HTTP/1.1" 200 OK
INFO:     127.0.0.1:55981 - "PATCH /api/v1/ai-channels/25b7e0a5-d388-4705-a866-5ae1f5c29092 HTTP/1.1" 409 Conflict
INFO:     127.0.0.1:55981 - "GET /api/v1/ai-channels/25b7e0a5-d388-4705-a866-5ae1f5c29092 HTTP/1.1" 200 OK
INFO:     127.0.0.1:55983 - "OPTIONS /api/v1/ai-channels/25b7e0a5-d388-4705-a866-5ae1f5c29092/headers HTTP/1.1" 200 OK
INFO:     127.0.0.1:55981 - "POST /api/v1/ai-channels/25b7e0a5-d388-4705-a866-5ae1f5c29092/headers HTTP/1.1" 201 Created
INFO:     127.0.0.1:55981 - "POST /api/v1/ai-channels/25b7e0a5-d388-4705-a866-5ae1f5c29092/headers HTTP/1.1" 201 Created
INFO:     127.0.0.1:55981 - "GET /api/v1/ai-channels/25b7e0a5-d388-4705-a866-5ae1f5c29092/models HTTP/1.1" 200 OK
INFO:     127.0.0.1:55983 - "OPTIONS /api/v1/ai-channels/25b7e0a5-d388-4705-a866-5ae1f5c29092/discover-models HTTP/1.1" 200 OK
INFO:     127.0.0.1:55985 - "GET /v1/models HTTP/1.1" 200 OK
INFO:     127.0.0.1:55981 - "POST /api/v1/ai-channels/25b7e0a5-d388-4705-a866-5ae1f5c29092/discover-models HTTP/1.1" 200 OK
INFO:     127.0.0.1:55983 - "OPTIONS /api/v1/ai-channels/25b7e0a5-d388-4705-a866-5ae1f5c29092/models HTTP/1.1" 200 OK
INFO:     127.0.0.1:55981 - "POST /api/v1/ai-channels/25b7e0a5-d388-4705-a866-5ae1f5c29092/models HTTP/1.1" 201 Created
INFO:     127.0.0.1:55980 - "GET /api/v1/ai-channels/25b7e0a5-d388-4705-a866-5ae1f5c29092 HTTP/1.1" 200 OK
INFO:     127.0.0.1:55981 - "GET /api/v1/ai-channels/25b7e0a5-d388-4705-a866-5ae1f5c29092/models HTTP/1.1" 200 OK
INFO:     127.0.0.1:55981 - "POST /api/v1/ai-channels/25b7e0a5-d388-4705-a866-5ae1f5c29092/models HTTP/1.1" 201 Created
INFO:     127.0.0.1:55980 - "GET /api/v1/ai-channels/25b7e0a5-d388-4705-a866-5ae1f5c29092 HTTP/1.1" 200 OK
INFO:     127.0.0.1:55981 - "GET /api/v1/ai-channels/25b7e0a5-d388-4705-a866-5ae1f5c29092/models HTTP/1.1" 200 OK
INFO:     127.0.0.1:55983 - "OPTIONS /api/v1/ai-models/ac91ba06-e228-47db-b423-eb265b17e772 HTTP/1.1" 200 OK
INFO:     127.0.0.1:55981 - "PATCH /api/v1/ai-models/ac91ba06-e228-47db-b423-eb265b17e772 HTTP/1.1" 200 OK
INFO:     127.0.0.1:55980 - "GET /api/v1/ai-channels/25b7e0a5-d388-4705-a866-5ae1f5c29092 HTTP/1.1" 200 OK
INFO:     127.0.0.1:55981 - "GET /api/v1/ai-channels/25b7e0a5-d388-4705-a866-5ae1f5c29092/models HTTP/1.1" 200 OK
INFO:     127.0.0.1:55983 - "OPTIONS /api/v1/ai-models/317a1a82-c820-48ea-af0b-4bb2338fbb82?expected_revision=0 HTTP/1.1" 200 OK
INFO:     127.0.0.1:55981 - "DELETE /api/v1/ai-models/317a1a82-c820-48ea-af0b-4bb2338fbb82?expected_revision=0 HTTP/1.1" 204 No Content
INFO:     127.0.0.1:55980 - "GET /api/v1/ai-channels/25b7e0a5-d388-4705-a866-5ae1f5c29092 HTTP/1.1" 200 OK
INFO:     127.0.0.1:55981 - "GET /api/v1/ai-channels/25b7e0a5-d388-4705-a866-5ae1f5c29092/models HTTP/1.1" 200 OK
INFO:     127.0.0.1:55983 - "OPTIONS /api/v1/ai-models/ac91ba06-e228-47db-b423-eb265b17e772/test HTTP/1.1" 200 OK
INFO:     127.0.0.1:55986 - "POST /v1/chat/completions HTTP/1.1" 400 Bad Request
INFO:     127.0.0.1:55981 - "POST /api/v1/ai-models/ac91ba06-e228-47db-b423-eb265b17e772/test HTTP/1.1" 200 OK
INFO:     127.0.0.1:55987 - "GET /e2e/calls/e2e-config-model-57e7ecb4 HTTP/1.1" 200 OK
INFO:     127.0.0.1:55980 - "GET /api/v1/ai-channels/25b7e0a5-d388-4705-a866-5ae1f5c29092 HTTP/1.1" 200 OK
INFO:     127.0.0.1:55981 - "GET /api/v1/ai-channels/25b7e0a5-d388-4705-a866-5ae1f5c29092/models HTTP/1.1" 200 OK
INFO:     127.0.0.1:55983 - "OPTIONS /api/v1/ai-channels/25b7e0a5-d388-4705-a866-5ae1f5c29092/api-key HTTP/1.1" 200 OK
INFO:     127.0.0.1:55981 - "PUT /api/v1/ai-channels/25b7e0a5-d388-4705-a866-5ae1f5c29092/api-key HTTP/1.1" 200 OK
INFO:     127.0.0.1:55983 - "OPTIONS /api/v1/ai-channel-headers/09f886b0-b76f-4956-960c-42b491d6a386 HTTP/1.1" 200 OK
INFO:     127.0.0.1:55981 - "PATCH /api/v1/ai-channel-headers/09f886b0-b76f-4956-960c-42b491d6a386 HTTP/1.1" 200 OK
INFO:     127.0.0.1:55981 - "GET /api/v1/ai-channels/25b7e0a5-d388-4705-a866-5ae1f5c29092/models HTTP/1.1" 200 OK
INFO:     127.0.0.1:55988 - "POST /v1/chat/completions HTTP/1.1" 200 OK
INFO:     127.0.0.1:55981 - "POST /api/v1/ai-models/ac91ba06-e228-47db-b423-eb265b17e772/test HTTP/1.1" 200 OK
INFO:     127.0.0.1:55980 - "GET /api/v1/ai-channels/25b7e0a5-d388-4705-a866-5ae1f5c29092 HTTP/1.1" 200 OK
INFO:     127.0.0.1:55981 - "GET /api/v1/ai-channels/25b7e0a5-d388-4705-a866-5ae1f5c29092/models HTTP/1.1" 200 OK
INFO:     127.0.0.1:55983 - "OPTIONS /api/v1/ai-models/ac91ba06-e228-47db-b423-eb265b17e772/enable HTTP/1.1" 200 OK
INFO:     127.0.0.1:55981 - "POST /api/v1/ai-models/ac91ba06-e228-47db-b423-eb265b17e772/enable HTTP/1.1" 200 OK
INFO:     127.0.0.1:55980 - "GET /api/v1/ai-channels/25b7e0a5-d388-4705-a866-5ae1f5c29092 HTTP/1.1" 200 OK
INFO:     127.0.0.1:55981 - "GET /api/v1/ai-channels/25b7e0a5-d388-4705-a866-5ae1f5c29092/models HTTP/1.1" 200 OK
INFO:     127.0.0.1:55983 - "OPTIONS /api/v1/ai-channels/25b7e0a5-d388-4705-a866-5ae1f5c29092/enable HTTP/1.1" 200 OK
INFO:     127.0.0.1:55981 - "POST /api/v1/ai-channels/25b7e0a5-d388-4705-a866-5ae1f5c29092/enable HTTP/1.1" 200 OK
INFO:     127.0.0.1:55981 - "GET /api/v1/ai-channels/25b7e0a5-d388-4705-a866-5ae1f5c29092 HTTP/1.1" 200 OK
INFO:     127.0.0.1:55981 - "GET /api/v1/ai-channels/25b7e0a5-d388-4705-a866-5ae1f5c29092/models HTTP/1.1" 200 OK
INFO:     127.0.0.1:55981 - "GET /api/v1/platform-prompts HTTP/1.1" 200 OK
INFO:     127.0.0.1:55981 - "GET /api/v1/platform-prompts/1eec85e5-5641-448d-8532-f26eaab632c8 HTTP/1.1" 200 OK
INFO:     127.0.0.1:55981 - "GET /api/v1/platform-prompts/1eec85e5-5641-448d-8532-f26eaab632c8/preview-options HTTP/1.1" 200 OK
INFO:     127.0.0.1:55981 - "GET /api/v1/content-tasks?archive_status=ACTIVE&page=1&page_size=20 HTTP/1.1" 200 OK
INFO:     127.0.0.1:55980 - "GET /api/v1/platform-profiles HTTP/1.1" 200 OK
INFO:     127.0.0.1:55980 - "GET /api/v1/content-tasks?q=CONFIG-57e7ecb4&archive_status=ACTIVE&page=1&page_size=20 HTTP/1.1" 200 OK
INFO:     127.0.0.1:55980 - "GET /api/v1/auth/session HTTP/1.1" 200 OK
INFO:     127.0.0.1:55980 - "GET /api/v1/content-tasks/57d9184c-5d7f-4795-882e-812808ca477c/editor-context HTTP/1.1" 200 OK
INFO:     127.0.0.1:55980 - "GET /api/v1/content-tasks/57d9184c-5d7f-4795-882e-812808ca477c/generation-options HTTP/1.1" 200 OK
INFO:     127.0.0.1:55980 - "GET /api/v1/ai-channels?page=1&page_size=20 HTTP/1.1" 200 OK
INFO:     127.0.0.1:55980 - "GET /api/v1/ai-channels?q=E2E%20%E6%9C%8D%E5%8A%A1%E7%AB%AF%E6%B8%A0%E9%81%93%2057e7ecb4&page=1&page_size=20 HTTP/1.1" 200 OK
INFO:     127.0.0.1:55980 - "GET /api/v1/auth/session HTTP/1.1" 200 OK
INFO:     127.0.0.1:55980 - "GET /api/v1/ai-channels/25b7e0a5-d388-4705-a866-5ae1f5c29092 HTTP/1.1" 200 OK
INFO:     127.0.0.1:55980 - "GET /api/v1/ai-channels/25b7e0a5-d388-4705-a866-5ae1f5c29092/usage-summary?period=30d HTTP/1.1" 200 OK
INFO:     127.0.0.1:55980 - "GET /api/v1/platform-prompts HTTP/1.1" 200 OK
INFO:     127.0.0.1:55980 - "GET /api/v1/platform-prompts/1eec85e5-5641-448d-8532-f26eaab632c8 HTTP/1.1" 200 OK
INFO:     127.0.0.1:55980 - "GET /api/v1/platform-prompts/1eec85e5-5641-448d-8532-f26eaab632c8/preview-options HTTP/1.1" 200 OK
INFO:     127.0.0.1:55983 - "OPTIONS /api/v1/content-tasks/f169ae1d-df91-4c59-afd6-c3c7cb8b724a/generation-jobs HTTP/1.1" 200 OK
INFO:     127.0.0.1:55980 - "POST /api/v1/content-tasks/f169ae1d-df91-4c59-afd6-c3c7cb8b724a/generation-jobs HTTP/1.1" 202 Accepted
INFO:     127.0.0.1:55980 - "GET /api/v1/platform-prompts/1eec85e5-5641-448d-8532-f26eaab632c8/preview-options HTTP/1.1" 200 OK
INFO:     127.0.0.1:55981 - "GET /api/v1/content-tasks/f169ae1d-df91-4c59-afd6-c3c7cb8b724a/generation-jobs HTTP/1.1" 200 OK
INFO:     127.0.0.1:55992 - "POST /v1/chat/completions HTTP/1.1" 200 OK
INFO:     127.0.0.1:55981 - "GET /api/v1/content-tasks/f169ae1d-df91-4c59-afd6-c3c7cb8b724a/generation-jobs HTTP/1.1" 200 OK
INFO:     127.0.0.1:55981 - "GET /api/v1/content-versions/d3551a9b-d5f6-4ccd-b02c-5f58314a0013 HTTP/1.1" 200 OK
INFO:     127.0.0.1:55980 - "GET /api/v1/platform-prompts/1eec85e5-5641-448d-8532-f26eaab632c8/preview-options HTTP/1.1" 200 OK
INFO:     127.0.0.1:55994 - "GET /e2e/calls/e2e-config-model-57e7ecb4 HTTP/1.1" 200 OK
INFO:     127.0.0.1:55980 - "GET /api/v1/content-tasks?archive_status=ACTIVE&page=1&page_size=20 HTTP/1.1" 200 OK
INFO:     127.0.0.1:55981 - "GET /api/v1/platform-profiles HTTP/1.1" 200 OK
INFO:     127.0.0.1:55981 - "GET /api/v1/content-tasks?q=CONFIG-57e7ecb4&archive_status=ACTIVE&page=1&page_size=20 HTTP/1.1" 200 OK
INFO:     127.0.0.1:55981 - "GET /api/v1/auth/session HTTP/1.1" 200 OK
INFO:     127.0.0.1:55981 - "GET /api/v1/content-tasks/57d9184c-5d7f-4795-882e-812808ca477c/editor-context HTTP/1.1" 200 OK
INFO:     127.0.0.1:55981 - "GET /api/v1/content-tasks/57d9184c-5d7f-4795-882e-812808ca477c/generation-options HTTP/1.1" 200 OK
INFO:     127.0.0.1:55983 - "OPTIONS /api/v1/content-tasks/57d9184c-5d7f-4795-882e-812808ca477c/generation-jobs HTTP/1.1" 200 OK
INFO:     127.0.0.1:55981 - "POST /api/v1/content-tasks/57d9184c-5d7f-4795-882e-812808ca477c/generation-jobs HTTP/1.1" 202 Accepted
INFO:     127.0.0.1:56001 - "POST /v1/chat/completions HTTP/1.1" 200 OK
INFO:     127.0.0.1:55981 - "GET /api/v1/content-tasks/57d9184c-5d7f-4795-882e-812808ca477c/generation-jobs HTTP/1.1" 200 OK
INFO:     127.0.0.1:55981 - "GET /api/v1/content-tasks/57d9184c-5d7f-4795-882e-812808ca477c/generation-jobs HTTP/1.1" 200 OK
INFO:     127.0.0.1:55981 - "GET /api/v1/content-tasks/57d9184c-5d7f-4795-882e-812808ca477c/editor-context HTTP/1.1" 200 OK
INFO:     127.0.0.1:56002 - "GET /api/v1/content-tasks/57d9184c-5d7f-4795-882e-812808ca477c/editor-context HTTP/1.1" 200 OK
INFO:     127.0.0.1:55994 - "GET /e2e/calls/e2e-config-model-57e7ecb4 HTTP/1.1" 200 OK
INFO:     127.0.0.1:55994 - "GET /e2e/payloads/e2e-config-model-57e7ecb4 HTTP/1.1" 200 OK
INFO:     127.0.0.1:55981 - "GET /api/v1/ai-channels?page=1&page_size=20 HTTP/1.1" 200 OK
INFO:     127.0.0.1:55981 - "GET /api/v1/ai-channels?q=E2E%20%E6%9C%8D%E5%8A%A1%E7%AB%AF%E6%B8%A0%E9%81%93%2057e7ecb4&page=1&page_size=20 HTTP/1.1" 200 OK
INFO:     127.0.0.1:55981 - "GET /api/v1/auth/session HTTP/1.1" 200 OK
INFO:     127.0.0.1:55981 - "GET /api/v1/ai-channels/25b7e0a5-d388-4705-a866-5ae1f5c29092 HTTP/1.1" 200 OK
INFO:     127.0.0.1:55981 - "GET /api/v1/ai-channels/25b7e0a5-d388-4705-a866-5ae1f5c29092/usage-summary?period=30d HTTP/1.1" 200 OK
INFO:     127.0.0.1:55981 - "GET /api/v1/ai-channels/25b7e0a5-d388-4705-a866-5ae1f5c29092/usage-summary?period=all HTTP/1.1" 200 OK
INFO:     127.0.0.1:55981 - "GET /api/v1/ai-channels/25b7e0a5-d388-4705-a866-5ae1f5c29092/audit-logs?page=1&page_size=20 HTTP/1.1" 200 OK
INFO:     127.0.0.1:55981 - "GET /api/v1/audit-logs/609c84d0-eb88-4d58-88e2-fd18db970457 HTTP/1.1" 200 OK
INFO:     127.0.0.1:56002 - "GET /api/v1/ai-channels/25b7e0a5-d388-4705-a866-5ae1f5c29092/audit-logs?page=1&page_size=50 HTTP/1.1" 200 OK
INFO:     127.0.0.1:56002 - "GET /api/v1/ai-channels/25b7e0a5-d388-4705-a866-5ae1f5c29092/models HTTP/1.1" 200 OK
INFO:     127.0.0.1:55983 - "OPTIONS /api/v1/ai-channels/25b7e0a5-d388-4705-a866-5ae1f5c29092/disable HTTP/1.1" 200 OK
INFO:     127.0.0.1:55981 - "POST /api/v1/ai-channels/25b7e0a5-d388-4705-a866-5ae1f5c29092/disable HTTP/1.1" 200 OK
INFO:     127.0.0.1:55981 - "GET /api/v1/ai-channels/25b7e0a5-d388-4705-a866-5ae1f5c29092 HTTP/1.1" 200 OK
INFO:     127.0.0.1:55981 - "GET /api/v1/ai-channels/25b7e0a5-d388-4705-a866-5ae1f5c29092/audit-logs?page=1&page_size=20 HTTP/1.1" 200 OK
INFO:     127.0.0.1:55981 - "GET /api/v1/ai-channels/25b7e0a5-d388-4705-a866-5ae1f5c29092/models HTTP/1.1" 200 OK
INFO:     127.0.0.1:55983 - "OPTIONS /api/v1/ai-models/ac91ba06-e228-47db-b423-eb265b17e772/disable HTTP/1.1" 200 OK
INFO:     127.0.0.1:55981 - "POST /api/v1/ai-models/ac91ba06-e228-47db-b423-eb265b17e772/disable HTTP/1.1" 200 OK
INFO:     127.0.0.1:55980 - "GET /api/v1/ai-channels/25b7e0a5-d388-4705-a866-5ae1f5c29092 HTTP/1.1" 200 OK
INFO:     127.0.0.1:55981 - "GET /api/v1/ai-channels/25b7e0a5-d388-4705-a866-5ae1f5c29092/models HTTP/1.1" 200 OK
INFO:     127.0.0.1:55983 - "OPTIONS /api/v1/ai-channel-headers/a57ebbc6-53e9-41dc-a367-bd3c26e9bc1e?expected_channel_revision=8 HTTP/1.1" 200 OK
INFO:     127.0.0.1:55981 - "DELETE /api/v1/ai-channel-headers/a57ebbc6-53e9-41dc-a367-bd3c26e9bc1e?expected_channel_revision=8 HTTP/1.1" 204 No Content
INFO:     127.0.0.1:55981 - "GET /api/v1/ai-channels/25b7e0a5-d388-4705-a866-5ae1f5c29092 HTTP/1.1" 200 OK
INFO:     127.0.0.1:55981 - "GET /api/v1/ai-channels/25b7e0a5-d388-4705-a866-5ae1f5c29092/models HTTP/1.1" 200 OK
INFO:     127.0.0.1:55983 - "OPTIONS /api/v1/ai-models/ac91ba06-e228-47db-b423-eb265b17e772?expected_revision=8 HTTP/1.1" 200 OK
INFO:     127.0.0.1:55981 - "DELETE /api/v1/ai-models/ac91ba06-e228-47db-b423-eb265b17e772?expected_revision=8 HTTP/1.1" 204 No Content
INFO:     127.0.0.1:55981 - "GET /api/v1/ai-channels/25b7e0a5-d388-4705-a866-5ae1f5c29092/models HTTP/1.1" 200 OK
INFO:     127.0.0.1:55980 - "GET /api/v1/ai-channels/25b7e0a5-d388-4705-a866-5ae1f5c29092 HTTP/1.1" 200 OK
INFO:     127.0.0.1:55983 - "OPTIONS /api/v1/ai-channels/25b7e0a5-d388-4705-a866-5ae1f5c29092?expected_revision=9 HTTP/1.1" 200 OK
INFO:     127.0.0.1:55980 - "DELETE /api/v1/ai-channels/25b7e0a5-d388-4705-a866-5ae1f5c29092?expected_revision=9 HTTP/1.1" 204 No Content
INFO:     127.0.0.1:55980 - "GET /api/v1/ai-channels?page=1&page_size=20 HTTP/1.1" 200 OK
  ✓   1 [foundation-desktop] › tests/e2e/ai-channel-configuration-real-stack.spec.ts:206:1 › AI Channel Configuration 真实栈闭环 (16.3s)
INFO:     127.0.0.1:56002 - "POST /api/v1/auth/login HTTP/1.1" 200 OK
INFO:     127.0.0.1:56009 - "GET /api/v1/auth/session HTTP/1.1" 200 OK
INFO:     127.0.0.1:56010 - "OPTIONS /api/v1/products HTTP/1.1" 200 OK
INFO:     127.0.0.1:56009 - "POST /api/v1/products HTTP/1.1" 201 Created
INFO:     127.0.0.1:56009 - "GET /api/v1/products/d461e680-09e2-4df8-b869-6451195979a9/detail HTTP/1.1" 200 OK
INFO:     127.0.0.1:56009 - "GET /api/v1/auth/session HTTP/1.1" 200 OK
INFO:     127.0.0.1:56009 - "GET /api/v1/products/d461e680-09e2-4df8-b869-6451195979a9/facts HTTP/1.1" 200 OK
INFO:     127.0.0.1:56010 - "OPTIONS /api/v1/products/d461e680-09e2-4df8-b869-6451195979a9/facts HTTP/1.1" 200 OK
INFO:     127.0.0.1:56009 - "PUT /api/v1/products/d461e680-09e2-4df8-b869-6451195979a9/facts HTTP/1.1" 200 OK
INFO:     127.0.0.1:56010 - "OPTIONS /api/v1/products/d461e680-09e2-4df8-b869-6451195979a9/fact-review-submissions HTTP/1.1" 200 OK
INFO:     127.0.0.1:56009 - "POST /api/v1/products/d461e680-09e2-4df8-b869-6451195979a9/fact-review-submissions HTTP/1.1" 201 Created
INFO:     127.0.0.1:56009 - "GET /api/v1/products/d461e680-09e2-4df8-b869-6451195979a9/facts HTTP/1.1" 200 OK
INFO:     127.0.0.1:56009 - "GET /api/v1/auth/session HTTP/1.1" 200 OK
INFO:     127.0.0.1:56009 - "GET /api/v1/products/d461e680-09e2-4df8-b869-6451195979a9/fact-review-context HTTP/1.1" 200 OK
INFO:     127.0.0.1:56010 - "OPTIONS /api/v1/fact-versions/b2934730-e08e-4217-98f6-befe404997f1/approve HTTP/1.1" 200 OK
INFO:     127.0.0.1:56009 - "POST /api/v1/fact-versions/b2934730-e08e-4217-98f6-befe404997f1/approve HTTP/1.1" 200 OK
INFO:     127.0.0.1:56009 - "GET /api/v1/products/d461e680-09e2-4df8-b869-6451195979a9/fact-review-context HTTP/1.1" 200 OK
INFO:     127.0.0.1:56002 - "GET /api/v1/products/d461e680-09e2-4df8-b869-6451195979a9 HTTP/1.1" 200 OK
INFO:     127.0.0.1:56002 - "GET /api/v1/products/d461e680-09e2-4df8-b869-6451195979a9/facts HTTP/1.1" 200 OK
INFO:     127.0.0.1:56002 - "GET /api/v1/products/d461e680-09e2-4df8-b869-6451195979a9/fact-versions HTTP/1.1" 200 OK
INFO:     127.0.0.1:56002 - "GET /api/v1/products/d461e680-09e2-4df8-b869-6451195979a9/fact-review-context HTTP/1.1" 200 OK
INFO:     127.0.0.1:56009 - "GET /api/v1/auth/session HTTP/1.1" 200 OK
INFO:     127.0.0.1:56009 - "GET /api/v1/geo/subjects?page=1&page_size=20&sort=NAME_ASC HTTP/1.1" 200 OK
INFO:     127.0.0.1:56011 - "GET /api/v1/geo/subjects?page=1&page_size=10&sort=NAME_ASC&subject_type=OWN_BRAND HTTP/1.1" 200 OK
INFO:     127.0.0.1:56009 - "GET /api/v1/products?search=&page=1&page_size=10&sort=MODEL_ASC HTTP/1.1" 200 OK
INFO:     127.0.0.1:56011 - "GET /api/v1/products?search=GEO106-b313d0b6&page=1&page_size=10&sort=MODEL_ASC HTTP/1.1" 200 OK
INFO:     127.0.0.1:56010 - "OPTIONS /api/v1/geo/subjects HTTP/1.1" 200 OK
INFO:     127.0.0.1:56011 - "POST /api/v1/geo/subjects HTTP/1.1" 201 Created
INFO:     127.0.0.1:56009 - "GET /api/v1/geo/subjects?page=1&page_size=10&sort=NAME_ASC&subject_type=OWN_BRAND HTTP/1.1" 200 OK
INFO:     127.0.0.1:56011 - "GET /api/v1/geo/subjects?page=1&page_size=20&sort=NAME_ASC HTTP/1.1" 200 OK
INFO:     127.0.0.1:56012 - "GET /api/v1/geo/subjects/333724f3-8dfb-4de4-b680-d18a4fcf1cdc HTTP/1.1" 200 OK
INFO:     127.0.0.1:56010 - "OPTIONS /api/v1/geo/subjects/333724f3-8dfb-4de4-b680-d18a4fcf1cdc/aliases HTTP/1.1" 200 OK
INFO:     127.0.0.1:56012 - "POST /api/v1/geo/subjects/333724f3-8dfb-4de4-b680-d18a4fcf1cdc/aliases HTTP/1.1" 200 OK
INFO:     127.0.0.1:56012 - "GET /api/v1/geo/subjects?page=1&page_size=20&sort=NAME_ASC HTTP/1.1" 200 OK
INFO:     127.0.0.1:56010 - "OPTIONS /api/v1/geo/subjects/333724f3-8dfb-4de4-b680-d18a4fcf1cdc/domains HTTP/1.1" 200 OK
INFO:     127.0.0.1:56012 - "POST /api/v1/geo/subjects/333724f3-8dfb-4de4-b680-d18a4fcf1cdc/domains HTTP/1.1" 200 OK
INFO:     127.0.0.1:56012 - "GET /api/v1/geo/subjects?page=1&page_size=20&sort=NAME_ASC HTTP/1.1" 200 OK
INFO:     127.0.0.1:56011 - "GET /api/v1/geo/subjects?page=1&page_size=10&sort=NAME_ASC&subject_type=OWN_BRAND HTTP/1.1" 200 OK
INFO:     127.0.0.1:56012 - "GET /api/v1/products?search=&page=1&page_size=10&sort=MODEL_ASC HTTP/1.1" 200 OK
INFO:     127.0.0.1:56012 - "POST /api/v1/geo/subjects HTTP/1.1" 201 Created
INFO:     127.0.0.1:56012 - "GET /api/v1/geo/subjects?page=1&page_size=20&sort=NAME_ASC HTTP/1.1" 200 OK
INFO:     127.0.0.1:56011 - "GET /api/v1/geo/subjects/570be83b-fd3e-48da-81d4-f01352a505df HTTP/1.1" 200 OK
INFO:     127.0.0.1:56012 - "GET /api/v1/geo/subjects?page=1&page_size=10&sort=NAME_ASC&subject_type=OWN_BRAND HTTP/1.1" 200 OK
INFO:     127.0.0.1:56011 - "GET /api/v1/products?search=&page=1&page_size=10&sort=MODEL_ASC HTTP/1.1" 200 OK
INFO:     127.0.0.1:56011 - "GET /api/v1/geo/subjects?page=1&page_size=10&sort=NAME_ASC&subject_type=COMPETITOR_BRAND HTTP/1.1" 200 OK
INFO:     127.0.0.1:56011 - "GET /api/v1/geo/subjects?page=1&page_size=10&sort=NAME_ASC&q=%E8%99%9A%E6%9E%84%E7%AB%9E%E5%93%81%E5%93%81%E7%89%8C-b313d0b6&subject_type=COMPETITOR_BRAND HTTP/1.1" 200 OK
INFO:     127.0.0.1:56011 - "POST /api/v1/geo/subjects HTTP/1.1" 201 Created
INFO:     127.0.0.1:56011 - "GET /api/v1/geo/subjects?page=1&page_size=20&sort=NAME_ASC HTTP/1.1" 200 OK
INFO:     127.0.0.1:56009 - "GET /api/v1/geo/subjects/68902f16-fa35-400f-8f78-91a1c8d68aab HTTP/1.1" 200 OK
INFO:     127.0.0.1:56010 - "OPTIONS /api/v1/geo/subjects/68902f16-fa35-400f-8f78-91a1c8d68aab/aliases HTTP/1.1" 200 OK
INFO:     127.0.0.1:56009 - "POST /api/v1/geo/subjects/68902f16-fa35-400f-8f78-91a1c8d68aab/aliases HTTP/1.1" 200 OK
INFO:     127.0.0.1:56009 - "GET /api/v1/geo/subjects?page=1&page_size=20&sort=NAME_ASC HTTP/1.1" 200 OK
INFO:     127.0.0.1:56010 - "OPTIONS /api/v1/geo/subjects/68902f16-fa35-400f-8f78-91a1c8d68aab/domains HTTP/1.1" 200 OK
INFO:     127.0.0.1:56009 - "POST /api/v1/geo/subjects/68902f16-fa35-400f-8f78-91a1c8d68aab/domains HTTP/1.1" 200 OK
INFO:     127.0.0.1:56009 - "GET /api/v1/geo/subjects?page=1&page_size=20&sort=NAME_ASC HTTP/1.1" 200 OK
INFO:     127.0.0.1:56002 - "GET /api/v1/geo/subjects/333724f3-8dfb-4de4-b680-d18a4fcf1cdc HTTP/1.1" 200 OK
INFO:     127.0.0.1:56002 - "GET /api/v1/geo/subjects/68902f16-fa35-400f-8f78-91a1c8d68aab HTTP/1.1" 200 OK
INFO:     127.0.0.1:56009 - "GET /api/v1/auth/session HTTP/1.1" 200 OK
INFO:     127.0.0.1:56011 - "GET /api/v1/geo/subjects/333724f3-8dfb-4de4-b680-d18a4fcf1cdc HTTP/1.1" 200 OK
INFO:     127.0.0.1:56009 - "GET /api/v1/geo/subjects?page=1&page_size=20&sort=NAME_ASC&q=GEO106-b313d0b6 HTTP/1.1" 200 OK
INFO:     127.0.0.1:56009 - "GET /api/v1/auth/session HTTP/1.1" 200 OK
INFO:     127.0.0.1:56011 - "GET /api/v1/geo/subjects/333724f3-8dfb-4de4-b680-d18a4fcf1cdc HTTP/1.1" 200 OK
INFO:     127.0.0.1:56009 - "GET /api/v1/geo/subjects?page=1&page_size=20&sort=NAME_ASC&q=GEO106-b313d0b6 HTTP/1.1" 200 OK
INFO:     127.0.0.1:56009 - "GET /api/v1/geo/subjects?page=1&page_size=20&sort=NAME_ASC&q=PS-b313d0b6 HTTP/1.1" 200 OK
INFO:     127.0.0.1:56009 - "GET /api/v1/auth/session HTTP/1.1" 200 OK
INFO:     127.0.0.1:56011 - "GET /api/v1/geo/subjects/333724f3-8dfb-4de4-b680-d18a4fcf1cdc HTTP/1.1" 200 OK
INFO:     127.0.0.1:56009 - "GET /api/v1/geo/subjects?page=1&page_size=20&sort=NAME_ASC&q=PS-b313d0b6 HTTP/1.1" 200 OK
INFO:     127.0.0.1:56011 - "GET /api/v1/geo/subjects?page=1&page_size=10&sort=NAME_ASC&subject_type=OWN_BRAND HTTP/1.1" 200 OK
INFO:     127.0.0.1:56009 - "GET /api/v1/products?search=&page=1&page_size=10&sort=MODEL_ASC HTTP/1.1" 200 OK
INFO:     127.0.0.1:56009 - "GET /api/v1/products?search=GEO106-b313d0b6&page=1&page_size=10&sort=MODEL_ASC HTTP/1.1" 200 OK
INFO:     127.0.0.1:56009 - "POST /api/v1/geo/subjects HTTP/1.1" 409 Conflict
INFO:     127.0.0.1:56002 - "GET /api/v1/geo/subjects?product_id=d461e680-09e2-4df8-b869-6451195979a9&is_active=true HTTP/1.1" 200 OK
INFO:     127.0.0.1:56002 - "GET /api/v1/products/d461e680-09e2-4df8-b869-6451195979a9 HTTP/1.1" 200 OK
INFO:     127.0.0.1:56002 - "GET /api/v1/products/d461e680-09e2-4df8-b869-6451195979a9/facts HTTP/1.1" 200 OK
INFO:     127.0.0.1:56002 - "GET /api/v1/products/d461e680-09e2-4df8-b869-6451195979a9/fact-versions HTTP/1.1" 200 OK
INFO:     127.0.0.1:56002 - "GET /api/v1/products/d461e680-09e2-4df8-b869-6451195979a9/fact-review-context HTTP/1.1" 200 OK
INFO:     127.0.0.1:56002 - "GET /api/v1/products/d461e680-09e2-4df8-b869-6451195979a9 HTTP/1.1" 200 OK
INFO:     127.0.0.1:56002 - "POST /api/v1/users HTTP/1.1" 201 Created
INFO:     127.0.0.1:56002 - "POST /api/v1/auth/login HTTP/1.1" 200 OK
INFO:     127.0.0.1:56002 - "POST /api/v1/auth/change-password HTTP/1.1" 204 No Content
INFO:     127.0.0.1:56021 - "GET /api/v1/auth/session HTTP/1.1" 200 OK
INFO:     127.0.0.1:56022 - "GET /api/v1/geo/subjects/333724f3-8dfb-4de4-b680-d18a4fcf1cdc HTTP/1.1" 200 OK
INFO:     127.0.0.1:56021 - "GET /api/v1/geo/subjects?page=1&page_size=20&sort=NAME_ASC HTTP/1.1" 200 OK
INFO:     127.0.0.1:56021 - "GET /api/v1/auth/session HTTP/1.1" 200 OK
INFO:     127.0.0.1:56021 - "GET /api/v1/geo/subjects?page=1&page_size=20&sort=NAME_ASC HTTP/1.1" 200 OK
  ✓   2 [foundation-desktop] › tests/e2e/catalog-real-stack.spec.ts:50:1 › 从已批准事实的 Product 建立唯一监测身份、竞品和字典，刷新及 ENGINEER 只读 (5.5s)
INFO:     127.0.0.1:56002 - "POST /api/v1/auth/login HTTP/1.1" 200 OK
INFO:     127.0.0.1:56002 - "POST /api/v1/platform-prompts HTTP/1.1" 201 Created
INFO:     127.0.0.1:56002 - "POST /api/v1/platform-types HTTP/1.1" 201 Created
INFO:     127.0.0.1:56002 - "POST /api/v1/platform-profiles HTTP/1.1" 201 Created
INFO:     127.0.0.1:56002 - "GET /api/v1/content-humanization-prompt HTTP/1.1" 204 No Content
INFO:     127.0.0.1:56002 - "PUT /api/v1/content-humanization-prompt HTTP/1.1" 200 OK
INFO:     127.0.0.1:56002 - "POST /api/v1/ai-channels HTTP/1.1" 201 Created
INFO:     127.0.0.1:56002 - "POST /api/v1/ai-channels/b67b120d-028a-414b-943d-31c772bc9124/headers HTTP/1.1" 201 Created
INFO:     127.0.0.1:56002 - "POST /api/v1/ai-channels/b67b120d-028a-414b-943d-31c772bc9124/headers HTTP/1.1" 201 Created
INFO:     127.0.0.1:56002 - "POST /api/v1/ai-channels/b67b120d-028a-414b-943d-31c772bc9124/models HTTP/1.1" 201 Created
INFO:     127.0.0.1:56023 - "POST /v1/chat/completions HTTP/1.1" 200 OK
INFO:     127.0.0.1:56002 - "POST /api/v1/ai-models/680dac5c-51a5-408d-8d3b-92935f3c7717/test HTTP/1.1" 200 OK
INFO:     127.0.0.1:56002 - "POST /api/v1/ai-models/680dac5c-51a5-408d-8d3b-92935f3c7717/enable HTTP/1.1" 200 OK
INFO:     127.0.0.1:56002 - "POST /api/v1/ai-channels/b67b120d-028a-414b-943d-31c772bc9124/enable HTTP/1.1" 200 OK
INFO:     127.0.0.1:56002 - "POST /api/v1/ai-channels HTTP/1.1" 201 Created
INFO:     127.0.0.1:56002 - "POST /api/v1/ai-channels/fd911062-b1ca-4f99-96b8-2b36cfc5ca60/headers HTTP/1.1" 201 Created
INFO:     127.0.0.1:56002 - "POST /api/v1/ai-channels/fd911062-b1ca-4f99-96b8-2b36cfc5ca60/headers HTTP/1.1" 201 Created
INFO:     127.0.0.1:56002 - "POST /api/v1/ai-channels/fd911062-b1ca-4f99-96b8-2b36cfc5ca60/models HTTP/1.1" 201 Created
INFO:     127.0.0.1:56024 - "POST /v1/chat/completions HTTP/1.1" 200 OK
INFO:     127.0.0.1:56002 - "POST /api/v1/ai-models/e47964e0-5a83-4c90-8179-0d311d9981b1/test HTTP/1.1" 200 OK
INFO:     127.0.0.1:56002 - "POST /api/v1/ai-models/e47964e0-5a83-4c90-8179-0d311d9981b1/enable HTTP/1.1" 200 OK
INFO:     127.0.0.1:56002 - "POST /api/v1/ai-channels/fd911062-b1ca-4f99-96b8-2b36cfc5ca60/enable HTTP/1.1" 200 OK
INFO:     127.0.0.1:56031 - "GET /api/v1/auth/session HTTP/1.1" 200 OK
INFO:     127.0.0.1:56032 - "OPTIONS /api/v1/products HTTP/1.1" 200 OK
INFO:     127.0.0.1:56031 - "POST /api/v1/products HTTP/1.1" 201 Created
INFO:     127.0.0.1:56031 - "GET /api/v1/products/234caf71-94f2-4ea3-b86c-ca361a4709e2/detail HTTP/1.1" 200 OK
INFO:     127.0.0.1:56031 - "GET /api/v1/auth/session HTTP/1.1" 200 OK
INFO:     127.0.0.1:56031 - "GET /api/v1/products/234caf71-94f2-4ea3-b86c-ca361a4709e2/facts HTTP/1.1" 200 OK
INFO:     127.0.0.1:56032 - "OPTIONS /api/v1/products/234caf71-94f2-4ea3-b86c-ca361a4709e2/facts HTTP/1.1" 200 OK
INFO:     127.0.0.1:56031 - "PUT /api/v1/products/234caf71-94f2-4ea3-b86c-ca361a4709e2/facts HTTP/1.1" 200 OK
INFO:     127.0.0.1:56032 - "OPTIONS /api/v1/products/234caf71-94f2-4ea3-b86c-ca361a4709e2/fact-review-submissions HTTP/1.1" 200 OK
INFO:     127.0.0.1:56033 - "GET /api/v1/auth/session HTTP/1.1" 200 OK
INFO:     127.0.0.1:56033 - "GET /api/v1/products?page=1&page_size=20&sort=UPDATED_DESC HTTP/1.1" 200 OK
INFO:     127.0.0.1:56033 - "GET /api/v1/products?page=1&page_size=20&search=AI-V2-a01c5f05&sort=UPDATED_DESC HTTP/1.1" 200 OK
INFO:     127.0.0.1:56033 - "GET /api/v1/auth/session HTTP/1.1" 200 OK
INFO:     127.0.0.1:56033 - "GET /api/v1/products/234caf71-94f2-4ea3-b86c-ca361a4709e2/fact-review-context HTTP/1.1" 200 OK
INFO:     127.0.0.1:56032 - "OPTIONS /api/v1/fact-versions/de25dccf-0294-4593-b7fe-5195fbcc53ec/approve HTTP/1.1" 200 OK
INFO:     127.0.0.1:56033 - "POST /api/v1/fact-versions/de25dccf-0294-4593-b7fe-5195fbcc53ec/approve HTTP/1.1" 200 OK
INFO:     127.0.0.1:56033 - "GET /api/v1/products/234caf71-94f2-4ea3-b86c-ca361a4709e2/fact-review-context HTTP/1.1" 200 OK
INFO:     127.0.0.1:56033 - "GET /api/v1/auth/session HTTP/1.1" 200 OK
INFO:     127.0.0.1:56033 - "GET /api/v1/products/234caf71-94f2-4ea3-b86c-ca361a4709e2/detail HTTP/1.1" 200 OK
INFO:     127.0.0.1:56033 - "GET /api/v1/auth/session HTTP/1.1" 200 OK
INFO:     127.0.0.1:56033 - "GET /api/v1/content-tasks/creation-options?requested_product_id=234caf71-94f2-4ea3-b86c-ca361a4709e2 HTTP/1.1" 200 OK
INFO:     127.0.0.1:56032 - "OPTIONS /api/v1/content-tasks HTTP/1.1" 200 OK
INFO:     127.0.0.1:56033 - "POST /api/v1/content-tasks HTTP/1.1" 201 Created
INFO:     127.0.0.1:56033 - "GET /api/v1/content-tasks/c6a0f8f0-34d7-4dd6-93b8-d025c0565ef0/detail HTTP/1.1" 200 OK
INFO:     127.0.0.1:56033 - "GET /api/v1/auth/session HTTP/1.1" 200 OK
INFO:     127.0.0.1:56033 - "GET /api/v1/content-tasks/c6a0f8f0-34d7-4dd6-93b8-d025c0565ef0/editor-context HTTP/1.1" 200 OK
INFO:     127.0.0.1:56033 - "GET /api/v1/content-tasks/c6a0f8f0-34d7-4dd6-93b8-d025c0565ef0/generation-options HTTP/1.1" 200 OK
INFO:     127.0.0.1:56032 - "OPTIONS /api/v1/content-tasks/c6a0f8f0-34d7-4dd6-93b8-d025c0565ef0/generation-jobs HTTP/1.1" 200 OK
INFO:     127.0.0.1:56033 - "POST /api/v1/content-tasks/c6a0f8f0-34d7-4dd6-93b8-d025c0565ef0/generation-jobs HTTP/1.1" 202 Accepted
INFO:     127.0.0.1:56034 - "POST /v1/chat/completions HTTP/1.1" 200 OK
INFO:     127.0.0.1:56033 - "GET /api/v1/content-tasks/c6a0f8f0-34d7-4dd6-93b8-d025c0565ef0/generation-jobs HTTP/1.1" 200 OK
INFO:     127.0.0.1:56033 - "GET /api/v1/content-tasks/c6a0f8f0-34d7-4dd6-93b8-d025c0565ef0/generation-jobs HTTP/1.1" 200 OK
INFO:     127.0.0.1:56033 - "GET /api/v1/content-tasks/c6a0f8f0-34d7-4dd6-93b8-d025c0565ef0/editor-context HTTP/1.1" 200 OK
INFO:     127.0.0.1:56035 - "GET /api/v1/content-tasks/c6a0f8f0-34d7-4dd6-93b8-d025c0565ef0/editor-context HTTP/1.1" 200 OK
INFO:     127.0.0.1:56035 - "GET /api/v1/content-versions/8eea90f9-d5ac-4c39-88da-bcfefcc7a610 HTTP/1.1" 200 OK
INFO:     127.0.0.1:56033 - "GET /api/v1/content-tasks/c6a0f8f0-34d7-4dd6-93b8-d025c0565ef0/generation-options HTTP/1.1" 200 OK
INFO:     127.0.0.1:56032 - "OPTIONS /api/v1/content-versions/8eea90f9-d5ac-4c39-88da-bcfefcc7a610/humanization-jobs HTTP/1.1" 200 OK
INFO:     127.0.0.1:56033 - "POST /api/v1/content-versions/8eea90f9-d5ac-4c39-88da-bcfefcc7a610/humanization-jobs HTTP/1.1" 202 Accepted
{"event":"E2E_HUMANIZATION_RESPONSE","job_id":"5f8162aa-3b9a-4783-b9bc-bccddc983c41","request_id":"a1ee983e-84e2-4ab4-8272-468a08b151e2","status":"PENDING"}
INFO:     127.0.0.1:56033 - "GET /api/v1/content-tasks/c6a0f8f0-34d7-4dd6-93b8-d025c0565ef0/generation-jobs HTTP/1.1" 200 OK
INFO:     127.0.0.1:56036 - "POST /v1/chat/completions HTTP/1.1" 200 OK
INFO:     127.0.0.1:56033 - "GET /api/v1/content-tasks/c6a0f8f0-34d7-4dd6-93b8-d025c0565ef0/generation-jobs HTTP/1.1" 200 OK
INFO:     127.0.0.1:56033 - "GET /api/v1/content-tasks/c6a0f8f0-34d7-4dd6-93b8-d025c0565ef0/editor-context HTTP/1.1" 200 OK
INFO:     127.0.0.1:56035 - "GET /api/v1/content-tasks/c6a0f8f0-34d7-4dd6-93b8-d025c0565ef0/editor-context HTTP/1.1" 200 OK
INFO:     127.0.0.1:56035 - "GET /api/v1/generation-jobs/5f8162aa-3b9a-4783-b9bc-bccddc983c41 HTTP/1.1" 200 OK
INFO:     127.0.0.1:56035 - "GET /api/v1/content-versions/8eea90f9-d5ac-4c39-88da-bcfefcc7a610 HTTP/1.1" 200 OK
{"attempt_count":1,"content_version_id":"d465fcb1-9f74-45c2-b697-831a8b6c8de4","event":"E2E_HUMANIZATION_TERMINAL","finished_at":"2026-10-02T20:16:04.268072Z","job_id":"5f8162aa-3b9a-4783-b9bc-bccddc983c41","provider_request_id":"e2e-provider-request","started_at":"2026-10-02T20:16:04.248282Z","status":"SUCCEEDED"}
INFO:     127.0.0.1:56033 - "GET /api/v1/auth/session HTTP/1.1" 200 OK
INFO:     127.0.0.1:56033 - "GET /api/v1/products/234caf71-94f2-4ea3-b86c-ca361a4709e2/detail HTTP/1.1" 200 OK
INFO:     127.0.0.1:56033 - "GET /api/v1/auth/session HTTP/1.1" 200 OK
INFO:     127.0.0.1:56033 - "GET /api/v1/content-tasks/creation-options?requested_product_id=234caf71-94f2-4ea3-b86c-ca361a4709e2 HTTP/1.1" 200 OK
INFO:     127.0.0.1:56033 - "POST /api/v1/content-tasks HTTP/1.1" 201 Created
INFO:     127.0.0.1:56033 - "GET /api/v1/content-tasks/d07421c8-e27c-4865-9b01-085c0c83cf21/detail HTTP/1.1" 200 OK
INFO:     127.0.0.1:56033 - "GET /api/v1/auth/session HTTP/1.1" 200 OK
INFO:     127.0.0.1:56033 - "GET /api/v1/content-tasks/d07421c8-e27c-4865-9b01-085c0c83cf21/editor-context HTTP/1.1" 200 OK
INFO:     127.0.0.1:56033 - "GET /api/v1/content-tasks/d07421c8-e27c-4865-9b01-085c0c83cf21/generation-options HTTP/1.1" 200 OK
INFO:     127.0.0.1:56032 - "OPTIONS /api/v1/content-tasks/d07421c8-e27c-4865-9b01-085c0c83cf21/generation-jobs HTTP/1.1" 200 OK
INFO:     127.0.0.1:56033 - "POST /api/v1/content-tasks/d07421c8-e27c-4865-9b01-085c0c83cf21/generation-jobs HTTP/1.1" 202 Accepted
INFO:     127.0.0.1:56033 - "GET /api/v1/content-tasks/d07421c8-e27c-4865-9b01-085c0c83cf21/generation-jobs HTTP/1.1" 200 OK
INFO:     127.0.0.1:56033 - "GET /api/v1/content-tasks/d07421c8-e27c-4865-9b01-085c0c83cf21/generation-jobs HTTP/1.1" 200 OK
INFO:     127.0.0.1:56033 - "GET /api/v1/content-tasks/d07421c8-e27c-4865-9b01-085c0c83cf21/generation-jobs HTTP/1.1" 200 OK
INFO:     127.0.0.1:56033 - "GET /api/v1/content-tasks/d07421c8-e27c-4865-9b01-085c0c83cf21/generation-jobs HTTP/1.1" 200 OK
INFO:     127.0.0.1:56033 - "GET /api/v1/content-tasks/d07421c8-e27c-4865-9b01-085c0c83cf21/generation-jobs HTTP/1.1" 200 OK
[2026-10-02 13:16:18,125: ERROR/MainProcess] AI 作业失败 job_id=d8e614b5-3584-4c6a-9d3b-205b066838dd job_type=GENERATE source_content_version_id=None status=FAILED error_code=AI_PROVIDER_TIMEOUT error_type=AppError
INFO:     127.0.0.1:56033 - "GET /api/v1/content-tasks/d07421c8-e27c-4865-9b01-085c0c83cf21/generation-jobs HTTP/1.1" 200 OK
INFO:     127.0.0.1:56033 - "GET /api/v1/content-tasks/d07421c8-e27c-4865-9b01-085c0c83cf21/editor-context HTTP/1.1" 200 OK
INFO:     127.0.0.1:56044 - "GET /api/v1/content-tasks/d07421c8-e27c-4865-9b01-085c0c83cf21/editor-context HTTP/1.1" 200 OK
INFO:     127.0.0.1:56044 - "GET /api/v1/generation-jobs/d8e614b5-3584-4c6a-9d3b-205b066838dd HTTP/1.1" 200 OK
INFO:     127.0.0.1:56033 - "GET /api/v1/generation-jobs/d8e614b5-3584-4c6a-9d3b-205b066838dd HTTP/1.1" 200 OK
INFO:     127.0.0.1:56044 - "PUT /api/v1/ai-channels/fd911062-b1ca-4f99-96b8-2b36cfc5ca60/api-key HTTP/1.1" 200 OK
INFO:     127.0.0.1:56044 - "PATCH /api/v1/ai-channel-headers/b0def44b-f97f-4a89-97d2-f925fed91a23 HTTP/1.1" 200 OK
INFO:     127.0.0.1:56046 - "GET /api/v1/ai-channels/fd911062-b1ca-4f99-96b8-2b36cfc5ca60/models HTTP/1.1" 200 OK
INFO:     127.0.0.1:56047 - "POST /v1/chat/completions HTTP/1.1" 200 OK
INFO:     127.0.0.1:56044 - "POST /api/v1/ai-models/e47964e0-5a83-4c90-8179-0d311d9981b1/test HTTP/1.1" 200 OK
INFO:     127.0.0.1:56044 - "POST /api/v1/ai-models/e47964e0-5a83-4c90-8179-0d311d9981b1/enable HTTP/1.1" 200 OK
INFO:     127.0.0.1:56044 - "POST /api/v1/ai-channels/fd911062-b1ca-4f99-96b8-2b36cfc5ca60/enable HTTP/1.1" 200 OK
INFO:     127.0.0.1:56048 - "OPTIONS /api/v1/generation-jobs/d8e614b5-3584-4c6a-9d3b-205b066838dd/retry HTTP/1.1" 200 OK
INFO:     127.0.0.1:56033 - "POST /api/v1/generation-jobs/d8e614b5-3584-4c6a-9d3b-205b066838dd/retry HTTP/1.1" 202 Accepted
INFO:     127.0.0.1:56049 - "POST /v1/chat/completions HTTP/1.1" 200 OK
INFO:     127.0.0.1:56033 - "GET /api/v1/content-tasks/d07421c8-e27c-4865-9b01-085c0c83cf21/generation-jobs HTTP/1.1" 200 OK
INFO:     127.0.0.1:56033 - "GET /api/v1/content-tasks/d07421c8-e27c-4865-9b01-085c0c83cf21/generation-jobs HTTP/1.1" 200 OK
INFO:     127.0.0.1:56033 - "GET /api/v1/content-tasks/d07421c8-e27c-4865-9b01-085c0c83cf21/editor-context HTTP/1.1" 200 OK
INFO:     127.0.0.1:56044 - "GET /api/v1/content-tasks/d07421c8-e27c-4865-9b01-085c0c83cf21/editor-context HTTP/1.1" 200 OK
INFO:     127.0.0.1:56044 - "GET /api/v1/generation-jobs/d74adab3-6f93-4b6f-93a8-4b93d6e47e65 HTTP/1.1" 200 OK
INFO:     127.0.0.1:56050 - "GET /e2e/calls/e2e-timeout-model-a01c5f05 HTTP/1.1" 200 OK
  ✓   3 [foundation-desktop] › tests/e2e/content-ai-real-stack.spec.ts:269:1 › AI Production：成功、自然化、失败详情与 exact snapshot retry (23.2s)
INFO:     127.0.0.1:56044 - "POST /api/v1/auth/login HTTP/1.1" 200 OK
INFO:     127.0.0.1:56044 - "POST /api/v1/platform-types HTTP/1.1" 201 Created
INFO:     127.0.0.1:56044 - "POST /api/v1/platform-profiles HTTP/1.1" 201 Created
INFO:     127.0.0.1:56057 - "GET /api/v1/auth/session HTTP/1.1" 200 OK
INFO:     127.0.0.1:56058 - "OPTIONS /api/v1/products HTTP/1.1" 200 OK
INFO:     127.0.0.1:56057 - "POST /api/v1/products HTTP/1.1" 201 Created
INFO:     127.0.0.1:56057 - "GET /api/v1/products/ff0eac5e-035c-425c-a04b-4fdee14b2103/detail HTTP/1.1" 200 OK
INFO:     127.0.0.1:56057 - "GET /api/v1/auth/session HTTP/1.1" 200 OK
INFO:     127.0.0.1:56057 - "GET /api/v1/products/ff0eac5e-035c-425c-a04b-4fdee14b2103/facts HTTP/1.1" 200 OK
INFO:     127.0.0.1:56058 - "OPTIONS /api/v1/products/ff0eac5e-035c-425c-a04b-4fdee14b2103/facts HTTP/1.1" 200 OK
INFO:     127.0.0.1:56057 - "PUT /api/v1/products/ff0eac5e-035c-425c-a04b-4fdee14b2103/facts HTTP/1.1" 200 OK
INFO:     127.0.0.1:56058 - "OPTIONS /api/v1/products/ff0eac5e-035c-425c-a04b-4fdee14b2103/fact-review-submissions HTTP/1.1" 200 OK
INFO:     127.0.0.1:56059 - "GET /api/v1/auth/session HTTP/1.1" 200 OK
INFO:     127.0.0.1:56059 - "GET /api/v1/products?page=1&page_size=20&sort=UPDATED_DESC HTTP/1.1" 200 OK
INFO:     127.0.0.1:56059 - "GET /api/v1/products?page=1&page_size=20&search=CR-b679c8b6&sort=UPDATED_DESC HTTP/1.1" 200 OK
INFO:     127.0.0.1:56059 - "GET /api/v1/auth/session HTTP/1.1" 200 OK
INFO:     127.0.0.1:56059 - "GET /api/v1/products/ff0eac5e-035c-425c-a04b-4fdee14b2103/fact-review-context HTTP/1.1" 200 OK
INFO:     127.0.0.1:56058 - "OPTIONS /api/v1/fact-versions/37a570c5-5986-48d5-850d-4c8b4a957d85/approve HTTP/1.1" 200 OK
INFO:     127.0.0.1:56059 - "POST /api/v1/fact-versions/37a570c5-5986-48d5-850d-4c8b4a957d85/approve HTTP/1.1" 200 OK
INFO:     127.0.0.1:56059 - "GET /api/v1/products/ff0eac5e-035c-425c-a04b-4fdee14b2103/fact-review-context HTTP/1.1" 200 OK
INFO:     127.0.0.1:56059 - "GET /api/v1/auth/session HTTP/1.1" 200 OK
INFO:     127.0.0.1:56059 - "GET /api/v1/products/ff0eac5e-035c-425c-a04b-4fdee14b2103/detail HTTP/1.1" 200 OK
INFO:     127.0.0.1:56059 - "GET /api/v1/auth/session HTTP/1.1" 200 OK
INFO:     127.0.0.1:56059 - "GET /api/v1/content-tasks/creation-options?requested_product_id=ff0eac5e-035c-425c-a04b-4fdee14b2103 HTTP/1.1" 200 OK
INFO:     127.0.0.1:56058 - "OPTIONS /api/v1/content-tasks HTTP/1.1" 200 OK
INFO:     127.0.0.1:56059 - "POST /api/v1/content-tasks HTTP/1.1" 201 Created
INFO:     127.0.0.1:56059 - "GET /api/v1/content-tasks/71e943c9-1862-4253-884b-c115dc7c0d12/detail HTTP/1.1" 200 OK
INFO:     127.0.0.1:56059 - "GET /api/v1/auth/session HTTP/1.1" 200 OK
INFO:     127.0.0.1:56059 - "GET /api/v1/content-tasks/71e943c9-1862-4253-884b-c115dc7c0d12/editor-context HTTP/1.1" 200 OK
INFO:     127.0.0.1:56058 - "OPTIONS /api/v1/content-tasks/71e943c9-1862-4253-884b-c115dc7c0d12/manual-versions HTTP/1.1" 200 OK
INFO:     127.0.0.1:56059 - "POST /api/v1/content-tasks/71e943c9-1862-4253-884b-c115dc7c0d12/manual-versions HTTP/1.1" 201 Created
INFO:     127.0.0.1:56059 - "GET /api/v1/content-tasks/71e943c9-1862-4253-884b-c115dc7c0d12/editor-context HTTP/1.1" 200 OK
INFO:     127.0.0.1:56058 - "OPTIONS /api/v1/content-versions/01dcc178-b782-4dee-92b7-5bc9fa4a703d HTTP/1.1" 200 OK
INFO:     127.0.0.1:56059 - "PUT /api/v1/content-versions/01dcc178-b782-4dee-92b7-5bc9fa4a703d HTTP/1.1" 200 OK
INFO:     127.0.0.1:56059 - "GET /api/v1/content-tasks/71e943c9-1862-4253-884b-c115dc7c0d12/editor-context HTTP/1.1" 200 OK
INFO:     127.0.0.1:56058 - "OPTIONS /api/v1/content-versions/01dcc178-b782-4dee-92b7-5bc9fa4a703d/submit-review HTTP/1.1" 200 OK
INFO:     127.0.0.1:56059 - "POST /api/v1/content-versions/01dcc178-b782-4dee-92b7-5bc9fa4a703d/submit-review HTTP/1.1" 200 OK
INFO:     127.0.0.1:56059 - "GET /api/v1/content-tasks/71e943c9-1862-4253-884b-c115dc7c0d12/editor-context HTTP/1.1" 200 OK
INFO:     127.0.0.1:56059 - "GET /api/v1/content-tasks/71e943c9-1862-4253-884b-c115dc7c0d12/detail HTTP/1.1" 200 OK
INFO:     127.0.0.1:56059 - "GET /api/v1/auth/session HTTP/1.1" 200 OK
INFO:     127.0.0.1:56059 - "GET /api/v1/content-tasks/71e943c9-1862-4253-884b-c115dc7c0d12/review-context HTTP/1.1" 200 OK
INFO:     127.0.0.1:56059 - "GET /api/v1/auth/session HTTP/1.1" 200 OK
INFO:     127.0.0.1:56059 - "GET /api/v1/workbench HTTP/1.1" 200 OK
INFO:     127.0.0.1:56059 - "GET /api/v1/auth/session HTTP/1.1" 200 OK
INFO:     127.0.0.1:56059 - "GET /api/v1/content-tasks/71e943c9-1862-4253-884b-c115dc7c0d12/review-context HTTP/1.1" 200 OK
INFO:     127.0.0.1:56044 - "GET /api/v1/content-tasks/71e943c9-1862-4253-884b-c115dc7c0d12/review-context HTTP/1.1" 200 OK
INFO:     127.0.0.1:56058 - "OPTIONS /api/v1/content-versions/01dcc178-b782-4dee-92b7-5bc9fa4a703d/approve HTTP/1.1" 200 OK
INFO:     127.0.0.1:56059 - "POST /api/v1/content-versions/01dcc178-b782-4dee-92b7-5bc9fa4a703d/approve HTTP/1.1" 200 OK
INFO:     127.0.0.1:56059 - "GET /api/v1/content-tasks/71e943c9-1862-4253-884b-c115dc7c0d12/review-context HTTP/1.1" 200 OK
INFO:     127.0.0.1:56044 - "GET /api/v1/content-tasks/71e943c9-1862-4253-884b-c115dc7c0d12/review-context HTTP/1.1" 200 OK
INFO:     127.0.0.1:56059 - "GET /api/v1/auth/session HTTP/1.1" 200 OK
INFO:     127.0.0.1:56059 - "GET /api/v1/content-tasks/71e943c9-1862-4253-884b-c115dc7c0d12/detail HTTP/1.1" 200 OK
INFO:     127.0.0.1:56044 - "GET /api/v1/content-tasks/71e943c9-1862-4253-884b-c115dc7c0d12/detail HTTP/1.1" 200 OK
INFO:     127.0.0.1:56059 - "GET /api/v1/auth/session HTTP/1.1" 200 OK
INFO:     127.0.0.1:56059 - "GET /api/v1/content-versions/01dcc178-b782-4dee-92b7-5bc9fa4a703d/detail HTTP/1.1" 200 OK
INFO:     127.0.0.1:56044 - "GET /api/v1/content-versions/01dcc178-b782-4dee-92b7-5bc9fa4a703d/detail HTTP/1.1" 200 OK
  ✓   4 [foundation-desktop] › tests/e2e/content-review-real-stack.spec.ts:200:1 › Flow A：人工内容批准后进入只读版本并出现发布交接 (3.7s)
INFO:     127.0.0.1:56044 - "POST /api/v1/auth/login HTTP/1.1" 200 OK
INFO:     127.0.0.1:56044 - "POST /api/v1/platform-types HTTP/1.1" 201 Created
INFO:     127.0.0.1:56044 - "POST /api/v1/platform-profiles HTTP/1.1" 201 Created
INFO:     127.0.0.1:56066 - "GET /api/v1/auth/session HTTP/1.1" 200 OK
INFO:     127.0.0.1:56067 - "OPTIONS /api/v1/products HTTP/1.1" 200 OK
INFO:     127.0.0.1:56066 - "POST /api/v1/products HTTP/1.1" 201 Created
INFO:     127.0.0.1:56066 - "GET /api/v1/products/a24ea19b-ff2c-47aa-90c3-815386c0e4f4/detail HTTP/1.1" 200 OK
INFO:     127.0.0.1:56066 - "GET /api/v1/auth/session HTTP/1.1" 200 OK
INFO:     127.0.0.1:56066 - "GET /api/v1/products/a24ea19b-ff2c-47aa-90c3-815386c0e4f4/facts HTTP/1.1" 200 OK
INFO:     127.0.0.1:56067 - "OPTIONS /api/v1/products/a24ea19b-ff2c-47aa-90c3-815386c0e4f4/facts HTTP/1.1" 200 OK
INFO:     127.0.0.1:56066 - "PUT /api/v1/products/a24ea19b-ff2c-47aa-90c3-815386c0e4f4/facts HTTP/1.1" 200 OK
INFO:     127.0.0.1:56067 - "OPTIONS /api/v1/products/a24ea19b-ff2c-47aa-90c3-815386c0e4f4/fact-review-submissions HTTP/1.1" 200 OK
INFO:     127.0.0.1:56068 - "GET /api/v1/auth/session HTTP/1.1" 200 OK
INFO:     127.0.0.1:56068 - "GET /api/v1/products?page=1&page_size=20&sort=UPDATED_DESC HTTP/1.1" 200 OK
INFO:     127.0.0.1:56068 - "GET /api/v1/products?page=1&page_size=20&search=CR-a16203f6&sort=UPDATED_DESC HTTP/1.1" 200 OK
INFO:     127.0.0.1:56068 - "GET /api/v1/auth/session HTTP/1.1" 200 OK
INFO:     127.0.0.1:56068 - "GET /api/v1/products/a24ea19b-ff2c-47aa-90c3-815386c0e4f4/fact-review-context HTTP/1.1" 200 OK
INFO:     127.0.0.1:56067 - "OPTIONS /api/v1/fact-versions/a67786ac-9390-43c2-b33e-8e13a6fee612/approve HTTP/1.1" 200 OK
INFO:     127.0.0.1:56068 - "POST /api/v1/fact-versions/a67786ac-9390-43c2-b33e-8e13a6fee612/approve HTTP/1.1" 200 OK
INFO:     127.0.0.1:56068 - "GET /api/v1/products/a24ea19b-ff2c-47aa-90c3-815386c0e4f4/fact-review-context HTTP/1.1" 200 OK
INFO:     127.0.0.1:56068 - "GET /api/v1/auth/session HTTP/1.1" 200 OK
INFO:     127.0.0.1:56068 - "GET /api/v1/products/a24ea19b-ff2c-47aa-90c3-815386c0e4f4/detail HTTP/1.1" 200 OK
INFO:     127.0.0.1:56068 - "GET /api/v1/auth/session HTTP/1.1" 200 OK
INFO:     127.0.0.1:56068 - "GET /api/v1/content-tasks/creation-options?requested_product_id=a24ea19b-ff2c-47aa-90c3-815386c0e4f4 HTTP/1.1" 200 OK
INFO:     127.0.0.1:56067 - "OPTIONS /api/v1/content-tasks HTTP/1.1" 200 OK
INFO:     127.0.0.1:56068 - "POST /api/v1/content-tasks HTTP/1.1" 201 Created
INFO:     127.0.0.1:56068 - "GET /api/v1/content-tasks/1599fbce-7372-4fc1-a677-1d7ed44bcb51/detail HTTP/1.1" 200 OK
INFO:     127.0.0.1:56068 - "GET /api/v1/auth/session HTTP/1.1" 200 OK
INFO:     127.0.0.1:56068 - "GET /api/v1/content-tasks/1599fbce-7372-4fc1-a677-1d7ed44bcb51/editor-context HTTP/1.1" 200 OK
INFO:     127.0.0.1:56067 - "OPTIONS /api/v1/content-tasks/1599fbce-7372-4fc1-a677-1d7ed44bcb51/manual-versions HTTP/1.1" 200 OK
INFO:     127.0.0.1:56068 - "POST /api/v1/content-tasks/1599fbce-7372-4fc1-a677-1d7ed44bcb51/manual-versions HTTP/1.1" 201 Created
INFO:     127.0.0.1:56068 - "GET /api/v1/content-tasks/1599fbce-7372-4fc1-a677-1d7ed44bcb51/editor-context HTTP/1.1" 200 OK
INFO:     127.0.0.1:56067 - "OPTIONS /api/v1/content-versions/03266312-5b30-47ff-9059-c1a8cf3f8dbf HTTP/1.1" 200 OK
INFO:     127.0.0.1:56068 - "PUT /api/v1/content-versions/03266312-5b30-47ff-9059-c1a8cf3f8dbf HTTP/1.1" 200 OK
INFO:     127.0.0.1:56068 - "GET /api/v1/content-tasks/1599fbce-7372-4fc1-a677-1d7ed44bcb51/editor-context HTTP/1.1" 200 OK
INFO:     127.0.0.1:56067 - "OPTIONS /api/v1/content-versions/03266312-5b30-47ff-9059-c1a8cf3f8dbf/submit-review HTTP/1.1" 200 OK
INFO:     127.0.0.1:56068 - "POST /api/v1/content-versions/03266312-5b30-47ff-9059-c1a8cf3f8dbf/submit-review HTTP/1.1" 200 OK
INFO:     127.0.0.1:56068 - "GET /api/v1/content-tasks/1599fbce-7372-4fc1-a677-1d7ed44bcb51/editor-context HTTP/1.1" 200 OK
INFO:     127.0.0.1:56068 - "GET /api/v1/content-tasks/1599fbce-7372-4fc1-a677-1d7ed44bcb51/detail HTTP/1.1" 200 OK
INFO:     127.0.0.1:56068 - "GET /api/v1/auth/session HTTP/1.1" 200 OK
INFO:     127.0.0.1:56068 - "GET /api/v1/content-tasks/1599fbce-7372-4fc1-a677-1d7ed44bcb51/review-context HTTP/1.1" 200 OK
INFO:     127.0.0.1:56044 - "GET /api/v1/content-tasks/1599fbce-7372-4fc1-a677-1d7ed44bcb51/review-context HTTP/1.1" 200 OK
INFO:     127.0.0.1:56067 - "OPTIONS /api/v1/content-versions/03266312-5b30-47ff-9059-c1a8cf3f8dbf/request-changes HTTP/1.1" 200 OK
INFO:     127.0.0.1:56068 - "POST /api/v1/content-versions/03266312-5b30-47ff-9059-c1a8cf3f8dbf/request-changes HTTP/1.1" 200 OK
INFO:     127.0.0.1:56068 - "GET /api/v1/content-tasks/1599fbce-7372-4fc1-a677-1d7ed44bcb51/review-context HTTP/1.1" 200 OK
INFO:     127.0.0.1:56044 - "GET /api/v1/content-tasks/1599fbce-7372-4fc1-a677-1d7ed44bcb51/review-context HTTP/1.1" 200 OK
INFO:     127.0.0.1:56068 - "GET /api/v1/auth/session HTTP/1.1" 200 OK
INFO:     127.0.0.1:56068 - "GET /api/v1/content-tasks/1599fbce-7372-4fc1-a677-1d7ed44bcb51/detail HTTP/1.1" 200 OK
INFO:     127.0.0.1:56068 - "GET /api/v1/auth/session HTTP/1.1" 200 OK
INFO:     127.0.0.1:56068 - "GET /api/v1/content-tasks/1599fbce-7372-4fc1-a677-1d7ed44bcb51/editor-context HTTP/1.1" 200 OK
INFO:     127.0.0.1:56067 - "OPTIONS /api/v1/content-versions/03266312-5b30-47ff-9059-c1a8cf3f8dbf/revisions HTTP/1.1" 200 OK
INFO:     127.0.0.1:56068 - "POST /api/v1/content-versions/03266312-5b30-47ff-9059-c1a8cf3f8dbf/revisions HTTP/1.1" 201 Created
INFO:     127.0.0.1:56068 - "GET /api/v1/content-tasks/1599fbce-7372-4fc1-a677-1d7ed44bcb51/editor-context HTTP/1.1" 200 OK
INFO:     127.0.0.1:56067 - "OPTIONS /api/v1/content-versions/834ef45f-24a6-44ca-b336-401bfb776a86 HTTP/1.1" 200 OK
INFO:     127.0.0.1:56068 - "PUT /api/v1/content-versions/834ef45f-24a6-44ca-b336-401bfb776a86 HTTP/1.1" 200 OK
INFO:     127.0.0.1:56068 - "GET /api/v1/content-tasks/1599fbce-7372-4fc1-a677-1d7ed44bcb51/editor-context HTTP/1.1" 200 OK
INFO:     127.0.0.1:56067 - "OPTIONS /api/v1/content-versions/834ef45f-24a6-44ca-b336-401bfb776a86/submit-review HTTP/1.1" 200 OK
INFO:     127.0.0.1:56068 - "POST /api/v1/content-versions/834ef45f-24a6-44ca-b336-401bfb776a86/submit-review HTTP/1.1" 200 OK
INFO:     127.0.0.1:56068 - "GET /api/v1/content-tasks/1599fbce-7372-4fc1-a677-1d7ed44bcb51/editor-context HTTP/1.1" 200 OK
INFO:     127.0.0.1:56068 - "GET /api/v1/content-tasks/1599fbce-7372-4fc1-a677-1d7ed44bcb51/detail HTTP/1.1" 200 OK
INFO:     127.0.0.1:56068 - "GET /api/v1/auth/session HTTP/1.1" 200 OK
INFO:     127.0.0.1:56068 - "GET /api/v1/content-tasks/1599fbce-7372-4fc1-a677-1d7ed44bcb51/review-context HTTP/1.1" 200 OK
INFO:     127.0.0.1:56067 - "OPTIONS /api/v1/content-versions/834ef45f-24a6-44ca-b336-401bfb776a86/approve HTTP/1.1" 200 OK
INFO:     127.0.0.1:56068 - "POST /api/v1/content-versions/834ef45f-24a6-44ca-b336-401bfb776a86/approve HTTP/1.1" 200 OK
INFO:     127.0.0.1:56068 - "GET /api/v1/content-tasks/1599fbce-7372-4fc1-a677-1d7ed44bcb51/review-context HTTP/1.1" 200 OK
INFO:     127.0.0.1:56068 - "GET /api/v1/auth/session HTTP/1.1" 200 OK
INFO:     127.0.0.1:56068 - "GET /api/v1/content-tasks/1599fbce-7372-4fc1-a677-1d7ed44bcb51/detail HTTP/1.1" 200 OK
INFO:     127.0.0.1:56044 - "GET /api/v1/content-tasks/1599fbce-7372-4fc1-a677-1d7ed44bcb51/review-context HTTP/1.1" 200 OK
INFO:     127.0.0.1:56044 - "GET /api/v1/content-tasks/1599fbce-7372-4fc1-a677-1d7ed44bcb51/detail HTTP/1.1" 200 OK
INFO:     127.0.0.1:56044 - "GET /api/v1/content-versions/03266312-5b30-47ff-9059-c1a8cf3f8dbf/detail HTTP/1.1" 200 OK
INFO:     127.0.0.1:56070 - "GET /api/v1/content-versions/834ef45f-24a6-44ca-b336-401bfb776a86/detail HTTP/1.1" 200 OK
  ✓   5 [foundation-desktop] › tests/e2e/content-review-real-stack.spec.ts:293:1 › Flow B：退回后创建 HUMAN revision，重新送审批准且历史不串线 (4.3s)
INFO:     127.0.0.1:56070 - "POST /api/v1/auth/login HTTP/1.1" 200 OK
INFO:     127.0.0.1:56070 - "POST /api/v1/platform-types HTTP/1.1" 201 Created
INFO:     127.0.0.1:56070 - "POST /api/v1/platform-profiles HTTP/1.1" 201 Created
INFO:     127.0.0.1:56070 - "POST /api/v1/products HTTP/1.1" 201 Created
INFO:     127.0.0.1:56070 - "GET /api/v1/products/37c49ba4-1323-4708-a312-4fd6d33a6855/facts HTTP/1.1" 200 OK
INFO:     127.0.0.1:56070 - "PUT /api/v1/products/37c49ba4-1323-4708-a312-4fd6d33a6855/facts HTTP/1.1" 200 OK
INFO:     127.0.0.1:56070 - "POST /api/v1/products/37c49ba4-1323-4708-a312-4fd6d33a6855/fact-review-submissions HTTP/1.1" 201 Created
INFO:     127.0.0.1:56070 - "POST /api/v1/fact-versions/fa1df4cb-a5b6-4adc-99df-cb4e3445779d/approve HTTP/1.1" 200 OK
INFO:     127.0.0.1:56070 - "POST /api/v1/content-tasks HTTP/1.1" 201 Created
INFO:     127.0.0.1:56070 - "POST /api/v1/content-tasks/1be1e8b6-da26-49a5-951b-5db9c0b82044/manual-versions HTTP/1.1" 201 Created
INFO:     127.0.0.1:56077 - "GET /api/v1/auth/session HTTP/1.1" 200 OK
INFO:     127.0.0.1:56077 - "GET /api/v1/content-versions/808b9922-b56d-46f5-b006-437f5a6ed10f/detail HTTP/1.1" 200 OK
  ✓   6 [foundation-desktop] › tests/e2e/content-version-detail-real-stack.spec.ts:135:1 › 独立真实栈：单一 detail GET 读取 HUMAN 当前版本且页面无写入口 (271ms)
INFO:     127.0.0.1:56070 - "POST /api/v1/auth/login HTTP/1.1" 200 OK
INFO:     127.0.0.1:56070 - "POST /api/v1/platform-types HTTP/1.1" 201 Created
INFO:     127.0.0.1:56070 - "POST /api/v1/platform-profiles HTTP/1.1" 201 Created
INFO:     127.0.0.1:56070 - "POST /api/v1/platform-accounts HTTP/1.1" 201 Created
INFO:     127.0.0.1:56070 - "POST /api/v1/products HTTP/1.1" 201 Created
INFO:     127.0.0.1:56070 - "GET /api/v1/products/6123e6f0-b52a-48ce-b037-ef2eee3e1099/facts HTTP/1.1" 200 OK
INFO:     127.0.0.1:56070 - "PUT /api/v1/products/6123e6f0-b52a-48ce-b037-ef2eee3e1099/facts HTTP/1.1" 200 OK
INFO:     127.0.0.1:56070 - "POST /api/v1/products/6123e6f0-b52a-48ce-b037-ef2eee3e1099/fact-review-submissions HTTP/1.1" 201 Created
INFO:     127.0.0.1:56070 - "POST /api/v1/fact-versions/4faded78-4db2-40d1-97bd-007f31b72aa6/approve HTTP/1.1" 200 OK
INFO:     127.0.0.1:56070 - "POST /api/v1/content-tasks HTTP/1.1" 201 Created
INFO:     127.0.0.1:56070 - "POST /api/v1/content-tasks/aa30271e-c8fe-402f-bbeb-41732be1ed4e/manual-versions HTTP/1.1" 201 Created
INFO:     127.0.0.1:56070 - "POST /api/v1/content-versions/93d1b58f-d534-46eb-99cc-966e4c538cb9/submit-review HTTP/1.1" 200 OK
INFO:     127.0.0.1:56070 - "POST /api/v1/content-versions/93d1b58f-d534-46eb-99cc-966e4c538cb9/approve HTTP/1.1" 200 OK
INFO:     127.0.0.1:56070 - "POST /api/v1/publication-works HTTP/1.1" 201 Created
INFO:     127.0.0.1:56070 - "PUT /api/v1/publication-works/de187d57-80ce-4108-acce-6f113520a48d/result HTTP/1.1" 200 OK
INFO:     127.0.0.1:56070 - "POST /api/v1/publication-works/de187d57-80ce-4108-acce-6f113520a48d/verifications HTTP/1.1" 200 OK
INFO:     127.0.0.1:56070 - "GET /api/v1/published-articles/de187d57-80ce-4108-acce-6f113520a48d HTTP/1.1" 200 OK
INFO:     127.0.0.1:56070 - "POST /api/v1/query-topics HTTP/1.1" 201 Created
INFO:     127.0.0.1:56084 - "GET /api/v1/auth/session HTTP/1.1" 200 OK
INFO:     127.0.0.1:56084 - "GET /api/v1/products?page=1&page_size=20&sort=UPDATED_DESC HTTP/1.1" 200 OK
INFO:     127.0.0.1:56085 - "GET /api/v1/query-topics HTTP/1.1" 200 OK
INFO:     127.0.0.1:56085 - "GET /api/v1/products?page=1&page_size=20&search=GEO-ece2215f&sort=UPDATED_DESC HTTP/1.1" 200 OK
INFO:     127.0.0.1:56085 - "GET /api/v1/geo-observation-publications?product_id=6123e6f0-b52a-48ce-b037-ef2eee3e1099 HTTP/1.1" 200 OK
INFO:     127.0.0.1:56086 - "OPTIONS /api/v1/files/upload-intents HTTP/1.1" 200 OK
INFO:     127.0.0.1:56085 - "POST /api/v1/files/upload-intents HTTP/1.1" 201 Created
INFO:     127.0.0.1:56086 - "OPTIONS /api/v1/files/57eb2894-1652-4c2e-8c5b-f0cf089b9225/content HTTP/1.1" 200 OK
INFO:     127.0.0.1:56085 - "PUT /api/v1/files/57eb2894-1652-4c2e-8c5b-f0cf089b9225/content HTTP/1.1" 204 No Content
INFO:     127.0.0.1:56086 - "OPTIONS /api/v1/files/57eb2894-1652-4c2e-8c5b-f0cf089b9225/complete HTTP/1.1" 200 OK
INFO:     127.0.0.1:56085 - "POST /api/v1/files/57eb2894-1652-4c2e-8c5b-f0cf089b9225/complete HTTP/1.1" 200 OK
  ✘   7 [foundation-desktop] › tests/e2e/geo-real-stack.spec.ts:327:1 › Flow A：新建 Observation 后追加 Correction，原记录保持不可变 (1.8s)
(node:71799) Warning: The 'NO_COLOR' env is ignored due to the 'FORCE_COLOR' env being set.
(Use `node --trace-warnings ...` to show where the warning was created)
INFO:     127.0.0.1:56089 - "POST /api/v1/auth/login HTTP/1.1" 200 OK
INFO:     127.0.0.1:56089 - "POST /api/v1/platform-types HTTP/1.1" 201 Created
INFO:     127.0.0.1:56089 - "POST /api/v1/platform-profiles HTTP/1.1" 201 Created
INFO:     127.0.0.1:56089 - "POST /api/v1/platform-accounts HTTP/1.1" 201 Created
INFO:     127.0.0.1:56089 - "POST /api/v1/products HTTP/1.1" 201 Created
INFO:     127.0.0.1:56089 - "GET /api/v1/products/4af5c566-3654-49bd-bf85-d097cda2afd2/facts HTTP/1.1" 200 OK
INFO:     127.0.0.1:56089 - "PUT /api/v1/products/4af5c566-3654-49bd-bf85-d097cda2afd2/facts HTTP/1.1" 200 OK
INFO:     127.0.0.1:56089 - "POST /api/v1/products/4af5c566-3654-49bd-bf85-d097cda2afd2/fact-review-submissions HTTP/1.1" 201 Created
INFO:     127.0.0.1:56089 - "POST /api/v1/fact-versions/36c14859-bd02-417a-936b-f263d89fc1a3/approve HTTP/1.1" 200 OK
INFO:     127.0.0.1:56089 - "POST /api/v1/content-tasks HTTP/1.1" 201 Created
INFO:     127.0.0.1:56089 - "POST /api/v1/content-tasks/03864f39-120a-4408-b17c-6930cba6ba55/manual-versions HTTP/1.1" 201 Created
INFO:     127.0.0.1:56089 - "POST /api/v1/content-versions/b0d7c350-222d-4663-9efa-6b34d90e6c3e/submit-review HTTP/1.1" 200 OK
INFO:     127.0.0.1:56089 - "POST /api/v1/content-versions/b0d7c350-222d-4663-9efa-6b34d90e6c3e/approve HTTP/1.1" 200 OK
INFO:     127.0.0.1:56089 - "POST /api/v1/publication-works HTTP/1.1" 201 Created
INFO:     127.0.0.1:56089 - "PUT /api/v1/publication-works/4c90bf61-4b8c-4290-b5f4-0018a14afb56/result HTTP/1.1" 200 OK
INFO:     127.0.0.1:56089 - "POST /api/v1/publication-works/4c90bf61-4b8c-4290-b5f4-0018a14afb56/verifications HTTP/1.1" 200 OK
INFO:     127.0.0.1:56089 - "GET /api/v1/published-articles/4c90bf61-4b8c-4290-b5f4-0018a14afb56 HTTP/1.1" 200 OK
INFO:     127.0.0.1:56089 - "POST /api/v1/query-topics HTTP/1.1" 201 Created
INFO:     127.0.0.1:56089 - "POST /api/v1/geo-observations HTTP/1.1" 201 Created
INFO:     127.0.0.1:56089 - "POST /api/v1/geo-observations HTTP/1.1" 201 Created
INFO:     127.0.0.1:56089 - "POST /api/v1/geo-observations HTTP/1.1" 201 Created
INFO:     127.0.0.1:56089 - "POST /api/v1/geo-observations HTTP/1.1" 201 Created
INFO:     127.0.0.1:56089 - "POST /api/v1/geo-observations HTTP/1.1" 201 Created
INFO:     127.0.0.1:56089 - "POST /api/v1/geo-observations HTTP/1.1" 201 Created
INFO:     127.0.0.1:56096 - "GET /api/v1/auth/session HTTP/1.1" 200 OK
INFO:     127.0.0.1:56096 - "GET /api/v1/geo-insights?date_from=2026-07-01&date_to=2026-07-31&product_id=4af5c566-3654-49bd-bf85-d097cda2afd2&content_platform_id=a15f8747-99fe-4f84-b0c3-c2181492d863&published_article_id=4c90bf61-4b8c-4290-b5f4-0018a14afb56 HTTP/1.1" 200 OK
INFO:     127.0.0.1:56096 - "GET /api/v1/content-tasks/creation-options?requested_product_id=4af5c566-3654-49bd-bf85-d097cda2afd2 HTTP/1.1" 200 OK
INFO:     127.0.0.1:56097 - "OPTIONS /api/v1/geo-insights/optimization-content-tasks HTTP/1.1" 200 OK
INFO:     127.0.0.1:56096 - "POST /api/v1/geo-insights/optimization-content-tasks HTTP/1.1" 201 Created
INFO:     127.0.0.1:56096 - "GET /api/v1/geo-insights?date_from=2026-07-01&date_to=2026-07-31&product_id=4af5c566-3654-49bd-bf85-d097cda2afd2&content_platform_id=a15f8747-99fe-4f84-b0c3-c2181492d863&published_article_id=4c90bf61-4b8c-4290-b5f4-0018a14afb56 HTTP/1.1" 200 OK
INFO:     127.0.0.1:56098 - "GET /api/v1/content-tasks/9fa6dcc7-0740-4eb4-8f64-a42b088292fd/detail HTTP/1.1" 200 OK
INFO:     127.0.0.1:56089 - "GET /api/v1/content-tasks/9fa6dcc7-0740-4eb4-8f64-a42b088292fd/detail HTTP/1.1" 200 OK
  ✓   8 [foundation-desktop] › tests/e2e/geo-real-stack.spec.ts:542:1 › Flow B：真实 Insights 复算异常并创建带不可变 GEO 来源的优化任务 (1.0s)
INFO:     127.0.0.1:56089 - "POST /api/v1/auth/login HTTP/1.1" 200 OK
INFO:     127.0.0.1:56089 - "POST /api/v1/platform-types HTTP/1.1" 201 Created
INFO:     127.0.0.1:56089 - "POST /api/v1/platform-profiles HTTP/1.1" 201 Created
INFO:     127.0.0.1:56105 - "GET /api/v1/auth/session HTTP/1.1" 200 OK
INFO:     127.0.0.1:56106 - "OPTIONS /api/v1/products HTTP/1.1" 200 OK
INFO:     127.0.0.1:56105 - "POST /api/v1/products HTTP/1.1" 201 Created
INFO:     127.0.0.1:56105 - "GET /api/v1/products/720ea37a-24e2-4ee2-8409-6bb6f1e1dcef/detail HTTP/1.1" 200 OK
INFO:     127.0.0.1:56105 - "GET /api/v1/auth/session HTTP/1.1" 200 OK
INFO:     127.0.0.1:56105 - "GET /api/v1/products/720ea37a-24e2-4ee2-8409-6bb6f1e1dcef/facts HTTP/1.1" 200 OK
INFO:     127.0.0.1:56106 - "OPTIONS /api/v1/products/720ea37a-24e2-4ee2-8409-6bb6f1e1dcef/facts HTTP/1.1" 200 OK
INFO:     127.0.0.1:56105 - "PUT /api/v1/products/720ea37a-24e2-4ee2-8409-6bb6f1e1dcef/facts HTTP/1.1" 200 OK
INFO:     127.0.0.1:56106 - "OPTIONS /api/v1/products/720ea37a-24e2-4ee2-8409-6bb6f1e1dcef/fact-review-submissions HTTP/1.1" 200 OK
INFO:     127.0.0.1:56105 - "POST /api/v1/products/720ea37a-24e2-4ee2-8409-6bb6f1e1dcef/fact-review-submissions HTTP/1.1" 201 Created
INFO:     127.0.0.1:56105 - "GET /api/v1/products/720ea37a-24e2-4ee2-8409-6bb6f1e1dcef/facts HTTP/1.1" 200 OK
INFO:     127.0.0.1:56105 - "GET /api/v1/auth/session HTTP/1.1" 200 OK
INFO:     127.0.0.1:56105 - "GET /api/v1/workbench HTTP/1.1" 200 OK
INFO:     127.0.0.1:56105 - "GET /api/v1/auth/session HTTP/1.1" 200 OK
INFO:     127.0.0.1:56105 - "GET /api/v1/products/720ea37a-24e2-4ee2-8409-6bb6f1e1dcef/fact-review-context HTTP/1.1" 200 OK
INFO:     127.0.0.1:56106 - "OPTIONS /api/v1/fact-versions/5f22b814-8118-4704-9d59-fa44bb03f4ed/approve HTTP/1.1" 200 OK
INFO:     127.0.0.1:56105 - "POST /api/v1/fact-versions/5f22b814-8118-4704-9d59-fa44bb03f4ed/approve HTTP/1.1" 200 OK
INFO:     127.0.0.1:56105 - "GET /api/v1/products/720ea37a-24e2-4ee2-8409-6bb6f1e1dcef/fact-review-context HTTP/1.1" 200 OK
INFO:     127.0.0.1:56105 - "GET /api/v1/products?page=1&page_size=20&sort=UPDATED_DESC HTTP/1.1" 200 OK
INFO:     127.0.0.1:56105 - "GET /api/v1/products?page=1&page_size=20&search=PF-A-c294778c&sort=UPDATED_DESC HTTP/1.1" 200 OK
INFO:     127.0.0.1:56105 - "GET /api/v1/products/720ea37a-24e2-4ee2-8409-6bb6f1e1dcef/detail HTTP/1.1" 200 OK
INFO:     127.0.0.1:56089 - "GET /api/v1/products/720ea37a-24e2-4ee2-8409-6bb6f1e1dcef/detail HTTP/1.1" 200 OK
INFO:     127.0.0.1:56105 - "GET /api/v1/auth/session HTTP/1.1" 200 OK
INFO:     127.0.0.1:56105 - "GET /api/v1/content-tasks/creation-options?requested_product_id=720ea37a-24e2-4ee2-8409-6bb6f1e1dcef HTTP/1.1" 200 OK
INFO:     127.0.0.1:56106 - "OPTIONS /api/v1/content-tasks HTTP/1.1" 200 OK
INFO:     127.0.0.1:56105 - "POST /api/v1/content-tasks HTTP/1.1" 201 Created
INFO:     127.0.0.1:56105 - "GET /api/v1/content-tasks/de825ea2-1302-4d30-bf88-dd12d5eea0dc/detail HTTP/1.1" 200 OK
INFO:     127.0.0.1:56105 - "GET /api/v1/products?page=1&page_size=20&sort=UPDATED_DESC HTTP/1.1" 200 OK
INFO:     127.0.0.1:56105 - "GET /api/v1/products?page=1&page_size=20&search=PF-A-c294778c&sort=UPDATED_DESC HTTP/1.1" 200 OK
INFO:     127.0.0.1:56105 - "GET /api/v1/products/720ea37a-24e2-4ee2-8409-6bb6f1e1dcef/detail HTTP/1.1" 200 OK
INFO:     127.0.0.1:56105 - "GET /api/v1/auth/session HTTP/1.1" 200 OK
INFO:     127.0.0.1:56105 - "GET /api/v1/fact-versions/5f22b814-8118-4704-9d59-fa44bb03f4ed HTTP/1.1" 200 OK
  ✓   9 [foundation-desktop] › tests/e2e/product-facts-real-stack.spec.ts:134:1 › Flow A：批准事实后展示不可变版本并交接 CREATE_CONTENT_TASK (2.5s)
INFO:     127.0.0.1:56089 - "POST /api/v1/auth/login HTTP/1.1" 200 OK
INFO:     127.0.0.1:56115 - "GET /api/v1/auth/session HTTP/1.1" 200 OK
INFO:     127.0.0.1:56116 - "OPTIONS /api/v1/products HTTP/1.1" 200 OK
INFO:     127.0.0.1:56115 - "POST /api/v1/products HTTP/1.1" 201 Created
INFO:     127.0.0.1:56115 - "GET /api/v1/products/67c4531f-8134-45c6-97bf-99d6b892d58b/detail HTTP/1.1" 200 OK
INFO:     127.0.0.1:56115 - "GET /api/v1/auth/session HTTP/1.1" 200 OK
INFO:     127.0.0.1:56115 - "GET /api/v1/products/67c4531f-8134-45c6-97bf-99d6b892d58b/facts HTTP/1.1" 200 OK
INFO:     127.0.0.1:56116 - "OPTIONS /api/v1/products/67c4531f-8134-45c6-97bf-99d6b892d58b/facts HTTP/1.1" 200 OK
INFO:     127.0.0.1:56115 - "PUT /api/v1/products/67c4531f-8134-45c6-97bf-99d6b892d58b/facts HTTP/1.1" 200 OK
INFO:     127.0.0.1:56116 - "OPTIONS /api/v1/products/67c4531f-8134-45c6-97bf-99d6b892d58b/fact-review-submissions HTTP/1.1" 200 OK
INFO:     127.0.0.1:56115 - "POST /api/v1/products/67c4531f-8134-45c6-97bf-99d6b892d58b/fact-review-submissions HTTP/1.1" 201 Created
INFO:     127.0.0.1:56115 - "GET /api/v1/products/67c4531f-8134-45c6-97bf-99d6b892d58b/facts HTTP/1.1" 200 OK
INFO:     127.0.0.1:56115 - "GET /api/v1/products?page=1&page_size=20&sort=UPDATED_DESC HTTP/1.1" 200 OK
INFO:     127.0.0.1:56115 - "GET /api/v1/products?page=1&page_size=20&search=PF-B-f2d85be9&sort=UPDATED_DESC HTTP/1.1" 200 OK
INFO:     127.0.0.1:56115 - "GET /api/v1/auth/session HTTP/1.1" 200 OK
INFO:     127.0.0.1:56115 - "GET /api/v1/products/67c4531f-8134-45c6-97bf-99d6b892d58b/fact-review-context HTTP/1.1" 200 OK
INFO:     127.0.0.1:56116 - "OPTIONS /api/v1/fact-versions/c84373d4-7959-4f8b-b5ba-b154b571a4e9/request-changes HTTP/1.1" 200 OK
INFO:     127.0.0.1:56115 - "POST /api/v1/fact-versions/c84373d4-7959-4f8b-b5ba-b154b571a4e9/request-changes HTTP/1.1" 200 OK
INFO:     127.0.0.1:56115 - "GET /api/v1/products/67c4531f-8134-45c6-97bf-99d6b892d58b/fact-review-context HTTP/1.1" 200 OK
INFO:     127.0.0.1:56115 - "GET /api/v1/products?page=1&page_size=20&sort=UPDATED_DESC HTTP/1.1" 200 OK
INFO:     127.0.0.1:56115 - "GET /api/v1/products?page=1&page_size=20&search=PF-B-f2d85be9&sort=UPDATED_DESC HTTP/1.1" 200 OK
INFO:     127.0.0.1:56115 - "GET /api/v1/auth/session HTTP/1.1" 200 OK
INFO:     127.0.0.1:56115 - "GET /api/v1/products/67c4531f-8134-45c6-97bf-99d6b892d58b/facts HTTP/1.1" 200 OK
INFO:     127.0.0.1:56115 - "PUT /api/v1/products/67c4531f-8134-45c6-97bf-99d6b892d58b/facts HTTP/1.1" 200 OK
INFO:     127.0.0.1:56115 - "POST /api/v1/products/67c4531f-8134-45c6-97bf-99d6b892d58b/fact-review-submissions HTTP/1.1" 201 Created
INFO:     127.0.0.1:56115 - "GET /api/v1/products/67c4531f-8134-45c6-97bf-99d6b892d58b/facts HTTP/1.1" 200 OK
INFO:     127.0.0.1:56115 - "GET /api/v1/products?page=1&page_size=20&sort=UPDATED_DESC HTTP/1.1" 200 OK
INFO:     127.0.0.1:56115 - "GET /api/v1/products?page=1&page_size=20&search=PF-B-f2d85be9&sort=UPDATED_DESC HTTP/1.1" 200 OK
INFO:     127.0.0.1:56115 - "GET /api/v1/auth/session HTTP/1.1" 200 OK
INFO:     127.0.0.1:56115 - "GET /api/v1/products/67c4531f-8134-45c6-97bf-99d6b892d58b/fact-review-context HTTP/1.1" 200 OK
INFO:     127.0.0.1:56116 - "OPTIONS /api/v1/fact-versions/35b9feea-444e-4b8c-93d9-43b010b2f4df/approve HTTP/1.1" 200 OK
INFO:     127.0.0.1:56115 - "POST /api/v1/fact-versions/35b9feea-444e-4b8c-93d9-43b010b2f4df/approve HTTP/1.1" 200 OK
INFO:     127.0.0.1:56115 - "GET /api/v1/products/67c4531f-8134-45c6-97bf-99d6b892d58b/fact-review-context HTTP/1.1" 200 OK
INFO:     127.0.0.1:56089 - "GET /api/v1/products/67c4531f-8134-45c6-97bf-99d6b892d58b/fact-review-context HTTP/1.1" 200 OK
INFO:     127.0.0.1:56115 - "GET /api/v1/products?page=1&page_size=20&sort=UPDATED_DESC HTTP/1.1" 200 OK
INFO:     127.0.0.1:56115 - "GET /api/v1/products?page=1&page_size=20&search=PF-B-f2d85be9&sort=UPDATED_DESC HTTP/1.1" 200 OK
INFO:     127.0.0.1:56115 - "GET /api/v1/products/67c4531f-8134-45c6-97bf-99d6b892d58b/detail HTTP/1.1" 200 OK
INFO:     127.0.0.1:56115 - "GET /api/v1/auth/session HTTP/1.1" 200 OK
INFO:     127.0.0.1:56115 - "GET /api/v1/products/67c4531f-8134-45c6-97bf-99d6b892d58b/fact-history?page=1&page_size=20 HTTP/1.1" 200 OK
INFO:     127.0.0.1:56115 - "GET /api/v1/auth/session HTTP/1.1" 200 OK
INFO:     127.0.0.1:56115 - "GET /api/v1/fact-versions/35b9feea-444e-4b8c-93d9-43b010b2f4df HTTP/1.1" 200 OK
  ✓  10 [foundation-desktop] › tests/e2e/product-facts-real-stack.spec.ts:231:1 › Flow B：退回后修订产生新版本，审核历史严格归属当前 FactVersion (2.8s)
INFO:     127.0.0.1:56089 - "POST /api/v1/auth/login HTTP/1.1" 200 OK
INFO:     127.0.0.1:56129 - "GET /api/v1/auth/session HTTP/1.1" 200 OK
INFO:     127.0.0.1:56130 - "OPTIONS /api/v1/products HTTP/1.1" 200 OK
INFO:     127.0.0.1:56129 - "POST /api/v1/products HTTP/1.1" 201 Created
INFO:     127.0.0.1:56129 - "GET /api/v1/products/942c5506-5bf1-46be-9c3b-2ae592e6386f/detail HTTP/1.1" 200 OK
INFO:     127.0.0.1:56129 - "GET /api/v1/auth/session HTTP/1.1" 200 OK
INFO:     127.0.0.1:56129 - "GET /api/v1/products/942c5506-5bf1-46be-9c3b-2ae592e6386f/facts HTTP/1.1" 200 OK
INFO:     127.0.0.1:56130 - "OPTIONS /api/v1/products/942c5506-5bf1-46be-9c3b-2ae592e6386f/facts HTTP/1.1" 200 OK
INFO:     127.0.0.1:56129 - "PUT /api/v1/products/942c5506-5bf1-46be-9c3b-2ae592e6386f/facts HTTP/1.1" 200 OK
INFO:     127.0.0.1:56130 - "OPTIONS /api/v1/products/942c5506-5bf1-46be-9c3b-2ae592e6386f/fact-review-submissions HTTP/1.1" 200 OK
INFO:     127.0.0.1:56129 - "POST /api/v1/products/942c5506-5bf1-46be-9c3b-2ae592e6386f/fact-review-submissions HTTP/1.1" 201 Created
INFO:     127.0.0.1:56129 - "GET /api/v1/products/942c5506-5bf1-46be-9c3b-2ae592e6386f/facts HTTP/1.1" 200 OK
INFO:     127.0.0.1:56129 - "GET /api/v1/products?page=1&page_size=20&sort=UPDATED_DESC HTTP/1.1" 200 OK
INFO:     127.0.0.1:56129 - "GET /api/v1/products?page=1&page_size=20&search=PF-D-88ca720d&sort=UPDATED_DESC HTTP/1.1" 200 OK
INFO:     127.0.0.1:56129 - "GET /api/v1/auth/session HTTP/1.1" 200 OK
INFO:     127.0.0.1:56129 - "GET /api/v1/products/942c5506-5bf1-46be-9c3b-2ae592e6386f/fact-review-context HTTP/1.1" 200 OK
INFO:     127.0.0.1:56089 - "GET /api/v1/products/942c5506-5bf1-46be-9c3b-2ae592e6386f/fact-review-context HTTP/1.1" 200 OK
INFO:     127.0.0.1:56089 - "POST /api/v1/fact-versions/d8cd620b-00b5-4dc4-95aa-6ca4d398e605/request-changes HTTP/1.1" 200 OK
INFO:     127.0.0.1:56130 - "OPTIONS /api/v1/fact-versions/d8cd620b-00b5-4dc4-95aa-6ca4d398e605/approve HTTP/1.1" 200 OK
INFO:     127.0.0.1:56129 - "POST /api/v1/fact-versions/d8cd620b-00b5-4dc4-95aa-6ca4d398e605/approve HTTP/1.1" 409 Conflict
INFO:     127.0.0.1:56129 - "GET /api/v1/products/942c5506-5bf1-46be-9c3b-2ae592e6386f/fact-review-context HTTP/1.1" 200 OK
INFO:     127.0.0.1:56089 - "GET /api/v1/products/942c5506-5bf1-46be-9c3b-2ae592e6386f/fact-review-context HTTP/1.1" 200 OK
  ✓  11 [foundation-desktop] › tests/e2e/product-facts-real-stack.spec.ts:319:1 › Flow D：过期 revision 真实返回 409，不重放并保留服务端最新状态 (1.3s)
INFO:     127.0.0.1:56089 - "POST /api/v1/auth/login HTTP/1.1" 200 OK
INFO:     127.0.0.1:56089 - "POST /api/v1/platform-types HTTP/1.1" 201 Created
INFO:     127.0.0.1:56089 - "POST /api/v1/platform-profiles HTTP/1.1" 201 Created
INFO:     127.0.0.1:56138 - "GET /api/v1/auth/session HTTP/1.1" 200 OK
INFO:     127.0.0.1:56139 - "OPTIONS /api/v1/products HTTP/1.1" 200 OK
INFO:     127.0.0.1:56138 - "POST /api/v1/products HTTP/1.1" 201 Created
INFO:     127.0.0.1:56138 - "GET /api/v1/products/7f3f1aa8-3aa3-41f1-8595-da0e3f63331f/detail HTTP/1.1" 200 OK
INFO:     127.0.0.1:56138 - "GET /api/v1/auth/session HTTP/1.1" 200 OK
INFO:     127.0.0.1:56138 - "GET /api/v1/products/7f3f1aa8-3aa3-41f1-8595-da0e3f63331f/facts HTTP/1.1" 200 OK
INFO:     127.0.0.1:56139 - "OPTIONS /api/v1/products/7f3f1aa8-3aa3-41f1-8595-da0e3f63331f/facts HTTP/1.1" 200 OK
INFO:     127.0.0.1:56138 - "PUT /api/v1/products/7f3f1aa8-3aa3-41f1-8595-da0e3f63331f/facts HTTP/1.1" 200 OK
INFO:     127.0.0.1:56139 - "OPTIONS /api/v1/products/7f3f1aa8-3aa3-41f1-8595-da0e3f63331f/fact-review-submissions HTTP/1.1" 200 OK
INFO:     127.0.0.1:56138 - "POST /api/v1/products/7f3f1aa8-3aa3-41f1-8595-da0e3f63331f/fact-review-submissions HTTP/1.1" 201 Created
INFO:     127.0.0.1:56138 - "GET /api/v1/products/7f3f1aa8-3aa3-41f1-8595-da0e3f63331f/facts HTTP/1.1" 200 OK
INFO:     127.0.0.1:56138 - "GET /api/v1/products?page=1&page_size=20&sort=UPDATED_DESC HTTP/1.1" 200 OK
INFO:     127.0.0.1:56138 - "GET /api/v1/products?page=1&page_size=20&search=CE-C-48797ff8&sort=UPDATED_DESC HTTP/1.1" 200 OK
INFO:     127.0.0.1:56138 - "GET /api/v1/auth/session HTTP/1.1" 200 OK
INFO:     127.0.0.1:56138 - "GET /api/v1/products/7f3f1aa8-3aa3-41f1-8595-da0e3f63331f/fact-review-context HTTP/1.1" 200 OK
INFO:     127.0.0.1:56139 - "OPTIONS /api/v1/fact-versions/f693bcfb-a64d-4320-bcae-7e8ffafeefb9/approve HTTP/1.1" 200 OK
INFO:     127.0.0.1:56138 - "POST /api/v1/fact-versions/f693bcfb-a64d-4320-bcae-7e8ffafeefb9/approve HTTP/1.1" 200 OK
INFO:     127.0.0.1:56138 - "GET /api/v1/products/7f3f1aa8-3aa3-41f1-8595-da0e3f63331f/fact-review-context HTTP/1.1" 200 OK
INFO:     127.0.0.1:56138 - "GET /api/v1/products?page=1&page_size=20&sort=UPDATED_DESC HTTP/1.1" 200 OK
INFO:     127.0.0.1:56138 - "GET /api/v1/products?page=1&page_size=20&search=CE-C-48797ff8&sort=UPDATED_DESC HTTP/1.1" 200 OK
INFO:     127.0.0.1:56138 - "GET /api/v1/products/7f3f1aa8-3aa3-41f1-8595-da0e3f63331f/detail HTTP/1.1" 200 OK
INFO:     127.0.0.1:56089 - "GET /api/v1/products/7f3f1aa8-3aa3-41f1-8595-da0e3f63331f/detail HTTP/1.1" 200 OK
INFO:     127.0.0.1:56138 - "GET /api/v1/auth/session HTTP/1.1" 200 OK
INFO:     127.0.0.1:56138 - "GET /api/v1/content-tasks/creation-options?requested_product_id=7f3f1aa8-3aa3-41f1-8595-da0e3f63331f HTTP/1.1" 200 OK
INFO:     127.0.0.1:56139 - "OPTIONS /api/v1/content-tasks HTTP/1.1" 200 OK
INFO:     127.0.0.1:56138 - "POST /api/v1/content-tasks HTTP/1.1" 201 Created
INFO:     127.0.0.1:56138 - "GET /api/v1/content-tasks/6530f746-bcdc-4dae-8ec9-a97242bce49d/detail HTTP/1.1" 200 OK
INFO:     127.0.0.1:56138 - "GET /api/v1/auth/session HTTP/1.1" 200 OK
INFO:     127.0.0.1:56138 - "GET /api/v1/content-tasks/6530f746-bcdc-4dae-8ec9-a97242bce49d/editor-context HTTP/1.1" 200 OK
INFO:     127.0.0.1:56139 - "OPTIONS /api/v1/content-tasks/6530f746-bcdc-4dae-8ec9-a97242bce49d/manual-versions HTTP/1.1" 200 OK
INFO:     127.0.0.1:56138 - "POST /api/v1/content-tasks/6530f746-bcdc-4dae-8ec9-a97242bce49d/manual-versions HTTP/1.1" 201 Created
INFO:     127.0.0.1:56138 - "GET /api/v1/content-tasks/6530f746-bcdc-4dae-8ec9-a97242bce49d/editor-context HTTP/1.1" 200 OK
INFO:     127.0.0.1:56139 - "OPTIONS /api/v1/content-versions/6e12a940-dde2-4a8b-a778-bba1db1db515 HTTP/1.1" 200 OK
INFO:     127.0.0.1:56138 - "PUT /api/v1/content-versions/6e12a940-dde2-4a8b-a778-bba1db1db515 HTTP/1.1" 200 OK
INFO:     127.0.0.1:56138 - "GET /api/v1/content-tasks/6530f746-bcdc-4dae-8ec9-a97242bce49d/editor-context HTTP/1.1" 200 OK
INFO:     127.0.0.1:56139 - "OPTIONS /api/v1/content-versions/6e12a940-dde2-4a8b-a778-bba1db1db515/submit-review HTTP/1.1" 200 OK
INFO:     127.0.0.1:56138 - "POST /api/v1/content-versions/6e12a940-dde2-4a8b-a778-bba1db1db515/submit-review HTTP/1.1" 200 OK
INFO:     127.0.0.1:56138 - "GET /api/v1/content-tasks/6530f746-bcdc-4dae-8ec9-a97242bce49d/editor-context HTTP/1.1" 200 OK
INFO:     127.0.0.1:56089 - "GET /api/v1/content-tasks/6530f746-bcdc-4dae-8ec9-a97242bce49d/editor-context HTTP/1.1" 200 OK
  ✓  12 [foundation-desktop] › tests/e2e/product-facts-real-stack.spec.ts:400:1 › Flow C：独立 ContentTask 经人工首稿、保存后提交审核 (3.0s)
INFO:     127.0.0.1:56089 - "POST /api/v1/auth/login HTTP/1.1" 200 OK
INFO:     127.0.0.1:56089 - "POST /api/v1/platform-types HTTP/1.1" 201 Created
INFO:     127.0.0.1:56089 - "POST /api/v1/platform-profiles HTTP/1.1" 201 Created
INFO:     127.0.0.1:56089 - "POST /api/v1/platform-accounts HTTP/1.1" 201 Created
INFO:     127.0.0.1:56089 - "POST /api/v1/platform-accounts HTTP/1.1" 201 Created
INFO:     127.0.0.1:56089 - "POST /api/v1/products HTTP/1.1" 201 Created
INFO:     127.0.0.1:56089 - "GET /api/v1/products/5ba2c891-f93e-4fd5-81a2-89cbcaa57b87/facts HTTP/1.1" 200 OK
INFO:     127.0.0.1:56089 - "PUT /api/v1/products/5ba2c891-f93e-4fd5-81a2-89cbcaa57b87/facts HTTP/1.1" 200 OK
INFO:     127.0.0.1:56089 - "POST /api/v1/products/5ba2c891-f93e-4fd5-81a2-89cbcaa57b87/fact-review-submissions HTTP/1.1" 201 Created
INFO:     127.0.0.1:56089 - "POST /api/v1/fact-versions/adc15669-8f73-4458-94ff-b7ac1dc14f05/approve HTTP/1.1" 200 OK
INFO:     127.0.0.1:56089 - "POST /api/v1/content-tasks HTTP/1.1" 201 Created
INFO:     127.0.0.1:56089 - "POST /api/v1/content-tasks/b0d4f0f0-9940-4aca-b874-f609e49b3491/manual-versions HTTP/1.1" 201 Created
INFO:     127.0.0.1:56089 - "POST /api/v1/content-versions/480d5035-1d64-45f7-913d-5ce0596867e0/submit-review HTTP/1.1" 200 OK
INFO:     127.0.0.1:56089 - "POST /api/v1/content-versions/480d5035-1d64-45f7-913d-5ce0596867e0/approve HTTP/1.1" 200 OK
INFO:     127.0.0.1:56146 - "GET /api/v1/auth/session HTTP/1.1" 200 OK
INFO:     127.0.0.1:56146 - "GET /api/v1/publication-works?page=1&page_size=20 HTTP/1.1" 200 OK
INFO:     127.0.0.1:56147 - "GET /api/v1/publication-ready-items HTTP/1.1" 200 OK
INFO:     127.0.0.1:56146 - "GET /api/v1/publication-workbench-summary HTTP/1.1" 200 OK
INFO:     127.0.0.1:56148 - "OPTIONS /api/v1/publication-works HTTP/1.1" 200 OK
INFO:     127.0.0.1:56146 - "POST /api/v1/publication-works HTTP/1.1" 201 Created
INFO:     127.0.0.1:56146 - "GET /api/v1/publication-workbench-summary HTTP/1.1" 200 OK
INFO:     127.0.0.1:56147 - "GET /api/v1/publication-ready-items HTTP/1.1" 200 OK
INFO:     127.0.0.1:56149 - "GET /api/v1/publication-works?page=1&page_size=20 HTTP/1.1" 200 OK
INFO:     127.0.0.1:56149 - "GET /api/v1/auth/session HTTP/1.1" 200 OK
INFO:     127.0.0.1:56149 - "GET /api/v1/workbench HTTP/1.1" 200 OK
INFO:     127.0.0.1:56149 - "GET /api/v1/auth/session HTTP/1.1" 200 OK
INFO:     127.0.0.1:56149 - "GET /api/v1/publication-works/2c26fa65-f919-440b-be63-27ecb31c61a0/workspace-context HTTP/1.1" 200 OK
INFO:     127.0.0.1:56148 - "OPTIONS /api/v1/publication-works/2c26fa65-f919-440b-be63-27ecb31c61a0/preparation HTTP/1.1" 200 OK
INFO:     127.0.0.1:56149 - "PATCH /api/v1/publication-works/2c26fa65-f919-440b-be63-27ecb31c61a0/preparation HTTP/1.1" 200 OK
INFO:     127.0.0.1:56149 - "GET /api/v1/publication-works/2c26fa65-f919-440b-be63-27ecb31c61a0/workspace-context HTTP/1.1" 200 OK
INFO:     127.0.0.1:56148 - "OPTIONS /api/v1/publication-works/2c26fa65-f919-440b-be63-27ecb31c61a0/platform-review HTTP/1.1" 200 OK
INFO:     127.0.0.1:56149 - "POST /api/v1/publication-works/2c26fa65-f919-440b-be63-27ecb31c61a0/platform-review HTTP/1.1" 200 OK
INFO:     127.0.0.1:56149 - "GET /api/v1/publication-works/2c26fa65-f919-440b-be63-27ecb31c61a0/workspace-context HTTP/1.1" 200 OK
INFO:     127.0.0.1:56148 - "OPTIONS /api/v1/files/upload-intents HTTP/1.1" 200 OK
INFO:     127.0.0.1:56149 - "POST /api/v1/files/upload-intents HTTP/1.1" 201 Created
INFO:     127.0.0.1:56148 - "OPTIONS /api/v1/files/ca322695-9308-4414-91d5-bc9ca1bdb133/content HTTP/1.1" 200 OK
INFO:     127.0.0.1:56149 - "PUT /api/v1/files/ca322695-9308-4414-91d5-bc9ca1bdb133/content HTTP/1.1" 204 No Content
INFO:     127.0.0.1:56148 - "OPTIONS /api/v1/files/ca322695-9308-4414-91d5-bc9ca1bdb133/complete HTTP/1.1" 200 OK
INFO:     127.0.0.1:56149 - "POST /api/v1/files/ca322695-9308-4414-91d5-bc9ca1bdb133/complete HTTP/1.1" 200 OK
INFO:     127.0.0.1:56148 - "OPTIONS /api/v1/publication-works/2c26fa65-f919-440b-be63-27ecb31c61a0/result HTTP/1.1" 200 OK
INFO:     127.0.0.1:56149 - "PUT /api/v1/publication-works/2c26fa65-f919-440b-be63-27ecb31c61a0/result HTTP/1.1" 200 OK
INFO:     127.0.0.1:56149 - "GET /api/v1/publication-works/2c26fa65-f919-440b-be63-27ecb31c61a0/workspace-context HTTP/1.1" 200 OK
INFO:     127.0.0.1:56149 - "GET /api/v1/auth/session HTTP/1.1" 200 OK
INFO:     127.0.0.1:56149 - "GET /api/v1/workbench HTTP/1.1" 200 OK
INFO:     127.0.0.1:56149 - "GET /api/v1/auth/session HTTP/1.1" 200 OK
INFO:     127.0.0.1:56149 - "GET /api/v1/publication-works/2c26fa65-f919-440b-be63-27ecb31c61a0/workspace-context HTTP/1.1" 200 OK
INFO:     127.0.0.1:56148 - "OPTIONS /api/v1/publication-works/2c26fa65-f919-440b-be63-27ecb31c61a0/verifications HTTP/1.1" 200 OK
INFO:     127.0.0.1:56149 - "POST /api/v1/publication-works/2c26fa65-f919-440b-be63-27ecb31c61a0/verifications HTTP/1.1" 200 OK
INFO:     127.0.0.1:56149 - "GET /api/v1/publication-works/2c26fa65-f919-440b-be63-27ecb31c61a0/workspace-context HTTP/1.1" 200 OK
INFO:     127.0.0.1:56149 - "GET /api/v1/auth/session HTTP/1.1" 200 OK
INFO:     127.0.0.1:56149 - "GET /api/v1/published-articles/2c26fa65-f919-440b-be63-27ecb31c61a0 HTTP/1.1" 200 OK
INFO:     127.0.0.1:56148 - "OPTIONS /api/v1/published-articles/2c26fa65-f919-440b-be63-27ecb31c61a0/issues HTTP/1.1" 200 OK
INFO:     127.0.0.1:56149 - "POST /api/v1/published-articles/2c26fa65-f919-440b-be63-27ecb31c61a0/issues HTTP/1.1" 201 Created
INFO:     127.0.0.1:56149 - "GET /api/v1/published-articles/2c26fa65-f919-440b-be63-27ecb31c61a0 HTTP/1.1" 200 OK
INFO:     127.0.0.1:56149 - "GET /api/v1/published-content-issues/dccfc6df-abe1-47d2-a483-8d301825f573/workspace-context HTTP/1.1" 200 OK
INFO:     127.0.0.1:56149 - "GET /api/v1/auth/session HTTP/1.1" 200 OK
INFO:     127.0.0.1:56149 - "GET /api/v1/workbench HTTP/1.1" 200 OK
INFO:     127.0.0.1:56149 - "GET /api/v1/auth/session HTTP/1.1" 200 OK
INFO:     127.0.0.1:56149 - "GET /api/v1/published-content-issues/dccfc6df-abe1-47d2-a483-8d301825f573/workspace-context HTTP/1.1" 200 OK
INFO:     127.0.0.1:56149 - "GET /api/v1/published-content-issues/dccfc6df-abe1-47d2-a483-8d301825f573/repair-context HTTP/1.1" 200 OK
INFO:     127.0.0.1:56148 - "OPTIONS /api/v1/published-content-issues/dccfc6df-abe1-47d2-a483-8d301825f573/repair-task HTTP/1.1" 200 OK
INFO:     127.0.0.1:56149 - "POST /api/v1/published-content-issues/dccfc6df-abe1-47d2-a483-8d301825f573/repair-task HTTP/1.1" 201 Created
INFO:     127.0.0.1:56149 - "GET /api/v1/published-content-issues/dccfc6df-abe1-47d2-a483-8d301825f573/workspace-context HTTP/1.1" 200 OK
INFO:     127.0.0.1:56149 - "GET /api/v1/published-content-issues/dccfc6df-abe1-47d2-a483-8d301825f573/repair-context HTTP/1.1" 200 OK
INFO:     127.0.0.1:56149 - "GET /api/v1/auth/session HTTP/1.1" 200 OK
INFO:     127.0.0.1:56149 - "GET /api/v1/published-content-issues?page=1&page_size=20&status=OPEN HTTP/1.1" 200 OK
INFO:     127.0.0.1:56149 - "GET /api/v1/auth/session HTTP/1.1" 200 OK
INFO:     127.0.0.1:56149 - "GET /api/v1/content-tasks/bcf7e26d-c318-46ae-888a-357ffbcfa214/detail HTTP/1.1" 200 OK
INFO:     127.0.0.1:56149 - "GET /api/v1/auth/session HTTP/1.1" 200 OK
INFO:     127.0.0.1:56149 - "GET /api/v1/published-content-issues/dccfc6df-abe1-47d2-a483-8d301825f573/workspace-context HTTP/1.1" 200 OK
INFO:     127.0.0.1:56148 - "OPTIONS /api/v1/published-content-issues/dccfc6df-abe1-47d2-a483-8d301825f573/resolve HTTP/1.1" 200 OK
INFO:     127.0.0.1:56149 - "POST /api/v1/published-content-issues/dccfc6df-abe1-47d2-a483-8d301825f573/resolve HTTP/1.1" 200 OK
INFO:     127.0.0.1:56149 - "GET /api/v1/published-content-issues/dccfc6df-abe1-47d2-a483-8d301825f573/workspace-context HTTP/1.1" 200 OK
INFO:     127.0.0.1:56089 - "GET /api/v1/publication-works/2c26fa65-f919-440b-be63-27ecb31c61a0/workspace-context HTTP/1.1" 200 OK
INFO:     127.0.0.1:56089 - "GET /api/v1/published-articles/2c26fa65-f919-440b-be63-27ecb31c61a0 HTTP/1.1" 200 OK
INFO:     127.0.0.1:56089 - "GET /api/v1/published-content-issues/dccfc6df-abe1-47d2-a483-8d301825f573/workspace-context HTTP/1.1" 200 OK
INFO:     127.0.0.1:56089 - "GET /api/v1/content-tasks/bcf7e26d-c318-46ae-888a-357ffbcfa214/detail HTTP/1.1" 200 OK
  ✓  13 [foundation-desktop] › tests/e2e/publication-workspace-real-stack.spec.ts:145:1 › Flow A：V2 UI 从开始发布连续完成成果、修复任务与问题解决 (4.6s)
INFO:     127.0.0.1:56089 - "POST /api/v1/auth/login HTTP/1.1" 200 OK
INFO:     127.0.0.1:56089 - "POST /api/v1/platform-types HTTP/1.1" 201 Created
INFO:     127.0.0.1:56089 - "POST /api/v1/platform-profiles HTTP/1.1" 201 Created
INFO:     127.0.0.1:56089 - "POST /api/v1/platform-accounts HTTP/1.1" 201 Created
INFO:     127.0.0.1:56089 - "POST /api/v1/platform-accounts HTTP/1.1" 201 Created
INFO:     127.0.0.1:56089 - "POST /api/v1/products HTTP/1.1" 201 Created
INFO:     127.0.0.1:56089 - "GET /api/v1/products/98be733f-c73d-47f0-82eb-0d726f042529/facts HTTP/1.1" 200 OK
INFO:     127.0.0.1:56089 - "PUT /api/v1/products/98be733f-c73d-47f0-82eb-0d726f042529/facts HTTP/1.1" 200 OK
INFO:     127.0.0.1:56089 - "POST /api/v1/products/98be733f-c73d-47f0-82eb-0d726f042529/fact-review-submissions HTTP/1.1" 201 Created
INFO:     127.0.0.1:56089 - "POST /api/v1/fact-versions/187b35b2-28c3-4f1a-827b-496e7e5c229a/approve HTTP/1.1" 200 OK
INFO:     127.0.0.1:56089 - "POST /api/v1/content-tasks HTTP/1.1" 201 Created
INFO:     127.0.0.1:56089 - "POST /api/v1/content-tasks/26170b4b-d009-42ea-8fab-216eaebbbd88/manual-versions HTTP/1.1" 201 Created
INFO:     127.0.0.1:56089 - "POST /api/v1/content-versions/ca267f8f-a0d7-4d1a-abe3-2b69bb6dc28c/submit-review HTTP/1.1" 200 OK
INFO:     127.0.0.1:56089 - "POST /api/v1/content-versions/ca267f8f-a0d7-4d1a-abe3-2b69bb6dc28c/approve HTTP/1.1" 200 OK
INFO:     127.0.0.1:56089 - "POST /api/v1/publication-works HTTP/1.1" 201 Created
INFO:     127.0.0.1:56158 - "GET /api/v1/auth/session HTTP/1.1" 200 OK
INFO:     127.0.0.1:56158 - "GET /api/v1/publication-works/d2aceaa0-dbb1-4e43-adf2-93c1413301bb/workspace-context HTTP/1.1" 200 OK
INFO:     127.0.0.1:56159 - "OPTIONS /api/v1/publication-works/d2aceaa0-dbb1-4e43-adf2-93c1413301bb/result HTTP/1.1" 200 OK
INFO:     127.0.0.1:56158 - "PUT /api/v1/publication-works/d2aceaa0-dbb1-4e43-adf2-93c1413301bb/result HTTP/1.1" 200 OK
INFO:     127.0.0.1:56158 - "GET /api/v1/publication-works/d2aceaa0-dbb1-4e43-adf2-93c1413301bb/workspace-context HTTP/1.1" 200 OK
INFO:     127.0.0.1:56089 - "GET /api/v1/publication-works/d2aceaa0-dbb1-4e43-adf2-93c1413301bb/workspace-context HTTP/1.1" 200 OK
INFO:     127.0.0.1:56159 - "OPTIONS /api/v1/publication-works/d2aceaa0-dbb1-4e43-adf2-93c1413301bb/verifications HTTP/1.1" 200 OK
INFO:     127.0.0.1:56158 - "POST /api/v1/publication-works/d2aceaa0-dbb1-4e43-adf2-93c1413301bb/verifications HTTP/1.1" 200 OK
INFO:     127.0.0.1:56158 - "GET /api/v1/publication-works/d2aceaa0-dbb1-4e43-adf2-93c1413301bb/workspace-context HTTP/1.1" 200 OK
INFO:     127.0.0.1:56158 - "GET /api/v1/auth/session HTTP/1.1" 200 OK
INFO:     127.0.0.1:56158 - "GET /api/v1/content-tasks/26170b4b-d009-42ea-8fab-216eaebbbd88/detail HTTP/1.1" 200 OK
INFO:     127.0.0.1:56158 - "GET /api/v1/auth/session HTTP/1.1" 200 OK
INFO:     127.0.0.1:56158 - "GET /api/v1/content-tasks/26170b4b-d009-42ea-8fab-216eaebbbd88/editor-context HTTP/1.1" 200 OK
INFO:     127.0.0.1:56159 - "OPTIONS /api/v1/content-versions/ca267f8f-a0d7-4d1a-abe3-2b69bb6dc28c/revisions HTTP/1.1" 200 OK
INFO:     127.0.0.1:56158 - "POST /api/v1/content-versions/ca267f8f-a0d7-4d1a-abe3-2b69bb6dc28c/revisions HTTP/1.1" 201 Created
INFO:     127.0.0.1:56158 - "GET /api/v1/content-tasks/26170b4b-d009-42ea-8fab-216eaebbbd88/editor-context HTTP/1.1" 200 OK
INFO:     127.0.0.1:56159 - "OPTIONS /api/v1/content-versions/5dc1b174-5f44-45ba-a7c4-7f98b7ef39a5 HTTP/1.1" 200 OK
INFO:     127.0.0.1:56158 - "PUT /api/v1/content-versions/5dc1b174-5f44-45ba-a7c4-7f98b7ef39a5 HTTP/1.1" 200 OK
INFO:     127.0.0.1:56158 - "GET /api/v1/content-tasks/26170b4b-d009-42ea-8fab-216eaebbbd88/editor-context HTTP/1.1" 200 OK
INFO:     127.0.0.1:56159 - "OPTIONS /api/v1/content-versions/5dc1b174-5f44-45ba-a7c4-7f98b7ef39a5/submit-review HTTP/1.1" 200 OK
INFO:     127.0.0.1:56158 - "POST /api/v1/content-versions/5dc1b174-5f44-45ba-a7c4-7f98b7ef39a5/submit-review HTTP/1.1" 200 OK
INFO:     127.0.0.1:56158 - "GET /api/v1/content-tasks/26170b4b-d009-42ea-8fab-216eaebbbd88/editor-context HTTP/1.1" 200 OK
INFO:     127.0.0.1:56158 - "GET /api/v1/content-tasks/26170b4b-d009-42ea-8fab-216eaebbbd88/detail HTTP/1.1" 200 OK
INFO:     127.0.0.1:56158 - "GET /api/v1/auth/session HTTP/1.1" 200 OK
INFO:     127.0.0.1:56158 - "GET /api/v1/content-tasks/26170b4b-d009-42ea-8fab-216eaebbbd88/review-context HTTP/1.1" 200 OK
INFO:     127.0.0.1:56159 - "OPTIONS /api/v1/content-versions/5dc1b174-5f44-45ba-a7c4-7f98b7ef39a5/approve HTTP/1.1" 200 OK
INFO:     127.0.0.1:56158 - "POST /api/v1/content-versions/5dc1b174-5f44-45ba-a7c4-7f98b7ef39a5/approve HTTP/1.1" 200 OK
INFO:     127.0.0.1:56158 - "GET /api/v1/content-tasks/26170b4b-d009-42ea-8fab-216eaebbbd88/review-context HTTP/1.1" 200 OK
INFO:     127.0.0.1:56158 - "GET /api/v1/auth/session HTTP/1.1" 200 OK
INFO:     127.0.0.1:56158 - "GET /api/v1/content-tasks/26170b4b-d009-42ea-8fab-216eaebbbd88/detail HTTP/1.1" 200 OK
INFO:     127.0.0.1:56158 - "GET /api/v1/auth/session HTTP/1.1" 200 OK
INFO:     127.0.0.1:56158 - "GET /api/v1/publication-works/d2aceaa0-dbb1-4e43-adf2-93c1413301bb/workspace-context HTTP/1.1" 200 OK
INFO:     127.0.0.1:56159 - "OPTIONS /api/v1/publication-works/d2aceaa0-dbb1-4e43-adf2-93c1413301bb/content-version HTTP/1.1" 200 OK
INFO:     127.0.0.1:56158 - "POST /api/v1/publication-works/d2aceaa0-dbb1-4e43-adf2-93c1413301bb/content-version HTTP/1.1" 200 OK
INFO:     127.0.0.1:56158 - "GET /api/v1/publication-works/d2aceaa0-dbb1-4e43-adf2-93c1413301bb/workspace-context HTTP/1.1" 200 OK
INFO:     127.0.0.1:56158 - "PUT /api/v1/publication-works/d2aceaa0-dbb1-4e43-adf2-93c1413301bb/result HTTP/1.1" 200 OK
INFO:     127.0.0.1:56158 - "GET /api/v1/publication-works/d2aceaa0-dbb1-4e43-adf2-93c1413301bb/workspace-context HTTP/1.1" 200 OK
INFO:     127.0.0.1:56158 - "POST /api/v1/publication-works/d2aceaa0-dbb1-4e43-adf2-93c1413301bb/verifications HTTP/1.1" 200 OK
INFO:     127.0.0.1:56158 - "GET /api/v1/publication-works/d2aceaa0-dbb1-4e43-adf2-93c1413301bb/workspace-context HTTP/1.1" 200 OK
INFO:     127.0.0.1:56089 - "GET /api/v1/publication-works/d2aceaa0-dbb1-4e43-adf2-93c1413301bb/workspace-context HTTP/1.1" 200 OK
INFO:     127.0.0.1:56089 - "GET /api/v1/content-tasks/26170b4b-d009-42ea-8fab-216eaebbbd88/detail HTTP/1.1" 200 OK
INFO:     127.0.0.1:56089 - "GET /api/v1/published-articles/d2aceaa0-dbb1-4e43-adf2-93c1413301bb HTTP/1.1" 200 OK
INFO:     127.0.0.1:56089 - "GET /api/v1/content-versions/ca267f8f-a0d7-4d1a-abe3-2b69bb6dc28c/detail HTTP/1.1" 200 OK
  ✓  14 [foundation-desktop] › tests/e2e/publication-workspace-real-stack.spec.ts:466:1 › Flow B：失败核验经内容修订审批、换版和重登记后完成发布 (3.2s)
INFO:     127.0.0.1:56089 - "POST /api/v1/auth/login HTTP/1.1" 200 OK
INFO:     127.0.0.1:56089 - "POST /api/v1/platform-types HTTP/1.1" 201 Created
INFO:     127.0.0.1:56089 - "POST /api/v1/platform-profiles HTTP/1.1" 201 Created
INFO:     127.0.0.1:56089 - "POST /api/v1/platform-accounts HTTP/1.1" 201 Created
INFO:     127.0.0.1:56089 - "POST /api/v1/platform-accounts HTTP/1.1" 201 Created
INFO:     127.0.0.1:56089 - "POST /api/v1/products HTTP/1.1" 201 Created
INFO:     127.0.0.1:56089 - "GET /api/v1/products/91f2aee2-fede-4bab-9c21-f03fa4352236/facts HTTP/1.1" 200 OK
INFO:     127.0.0.1:56089 - "PUT /api/v1/products/91f2aee2-fede-4bab-9c21-f03fa4352236/facts HTTP/1.1" 200 OK
INFO:     127.0.0.1:56089 - "POST /api/v1/products/91f2aee2-fede-4bab-9c21-f03fa4352236/fact-review-submissions HTTP/1.1" 201 Created
INFO:     127.0.0.1:56089 - "POST /api/v1/fact-versions/4c3662ba-ad5f-4660-b970-001141f87558/approve HTTP/1.1" 200 OK
INFO:     127.0.0.1:56089 - "POST /api/v1/content-tasks HTTP/1.1" 201 Created
INFO:     127.0.0.1:56089 - "POST /api/v1/content-tasks/e93c2413-2efc-4f2c-b5bc-a8f13a0f803f/manual-versions HTTP/1.1" 201 Created
INFO:     127.0.0.1:56089 - "POST /api/v1/content-versions/c32a39ff-cdc1-4116-b515-6dc0f6e654b9/submit-review HTTP/1.1" 200 OK
INFO:     127.0.0.1:56089 - "POST /api/v1/content-versions/c32a39ff-cdc1-4116-b515-6dc0f6e654b9/approve HTTP/1.1" 200 OK
INFO:     127.0.0.1:56089 - "POST /api/v1/publication-works HTTP/1.1" 201 Created
INFO:     127.0.0.1:56089 - "PUT /api/v1/publication-works/165c5a59-1912-44b3-abaa-08606869ca59/result HTTP/1.1" 200 OK
INFO:     127.0.0.1:56089 - "POST /api/v1/publication-works/165c5a59-1912-44b3-abaa-08606869ca59/verifications HTTP/1.1" 200 OK
INFO:     127.0.0.1:56166 - "GET /api/v1/auth/session HTTP/1.1" 200 OK
INFO:     127.0.0.1:56166 - "GET /api/v1/published-articles?page=1&page_size=20&search=d39727df&sort=VERIFIED_DESC HTTP/1.1" 200 OK
INFO:     127.0.0.1:56166 - "GET /api/v1/auth/session HTTP/1.1" 200 OK
INFO:     127.0.0.1:56166 - "GET /api/v1/published-articles/165c5a59-1912-44b3-abaa-08606869ca59 HTTP/1.1" 200 OK
  ✓  15 [foundation-desktop] › tests/e2e/publication-workspace-real-stack.spec.ts:653:1 › Published Article：真实栈列表进入单请求只读详情 (457ms)
(node:71834) Warning: The 'NO_COLOR' env is ignored due to the 'FORCE_COLOR' env being set.
(Use `node --trace-warnings ...` to show where the warning was created)
INFO:     127.0.0.1:56173 - "GET /api/v1/auth/session HTTP/1.1" 204 No Content
INFO:     127.0.0.1:56174 - "OPTIONS /api/v1/auth/login HTTP/1.1" 200 OK
INFO:     127.0.0.1:56173 - "POST /api/v1/auth/login HTTP/1.1" 200 OK
INFO:     127.0.0.1:56173 - "GET /api/v1/workbench HTTP/1.1" 200 OK
INFO:     127.0.0.1:56173 - "GET /api/v1/auth/session HTTP/1.1" 200 OK
INFO:     127.0.0.1:56175 - "POST /api/v1/products HTTP/1.1" 201 Created
INFO:     127.0.0.1:56173 - "POST /api/v1/auth/login HTTP/1.1" 200 OK
INFO:     127.0.0.1:56173 - "GET /api/v1/auth/session HTTP/1.1" 200 OK
INFO:     127.0.0.1:56173 - "POST /api/v1/auth/login HTTP/1.1" 200 OK
INFO:     127.0.0.1:56173 - "GET /api/v1/auth/session HTTP/1.1" 200 OK
INFO:     127.0.0.1:56176 - "GET /api/v1/workbench HTTP/1.1" 200 OK
INFO:     127.0.0.1:56173 - "GET /api/v1/workbench HTTP/1.1" 200 OK
  ✓  16 [foundation-desktop] › tests/e2e/auth-session-real-stack.spec.ts:101:1 › 同一 BrowserContext 双页面以 session binding 封闭 A→B→A 的迟到 mutation (966ms)
INFO:     127.0.0.1:56183 - "GET /api/v1/auth/session HTTP/1.1" 204 No Content
INFO:     127.0.0.1:56184 - "OPTIONS /api/v1/auth/login HTTP/1.1" 200 OK
INFO:     127.0.0.1:56183 - "POST /api/v1/auth/login HTTP/1.1" 200 OK
INFO:     127.0.0.1:56183 - "GET /api/v1/workbench HTTP/1.1" 200 OK
INFO:     127.0.0.1:56183 - "GET /api/v1/auth/session HTTP/1.1" 200 OK
INFO:     127.0.0.1:56183 - "GET /api/v1/workbench HTTP/1.1" 200 OK
INFO:     127.0.0.1:56175 - "POST /api/v1/auth/logout HTTP/1.1" 204 No Content
INFO:     127.0.0.1:56183 - "GET /api/v1/auth/session HTTP/1.1" 204 No Content
INFO:     127.0.0.1:56183 - "GET /api/v1/auth/session HTTP/1.1" 204 No Content
  ✓  17 [foundation-desktop] › tests/e2e/auth-session-real-stack.spec.ts:257:1 › 退出已由服务端提交但响应丢失时发送页与同源页各自只做一次 canonical recovery (608ms)
INFO:     127.0.0.1:56191 - "GET /api/v1/auth/session HTTP/1.1" 204 No Content
INFO:     127.0.0.1:56192 - "OPTIONS /api/v1/auth/login HTTP/1.1" 200 OK
INFO:     127.0.0.1:56191 - "POST /api/v1/auth/login HTTP/1.1" 200 OK
INFO:     127.0.0.1:56191 - "GET /api/v1/workbench HTTP/1.1" 200 OK
INFO:     127.0.0.1:56194 - "GET /api/v1/auth/session HTTP/1.1" 200 OK
INFO:     127.0.0.1:56194 - "GET /api/v1/workbench HTTP/1.1" 200 OK
INFO:     127.0.0.1:56202 - "GET /api/v1/auth/session HTTP/1.1" 200 OK
INFO:     127.0.0.1:56202 - "GET /api/v1/workbench HTTP/1.1" 200 OK
  ✓  18 [foundation-desktop] › tests/e2e/auth-session-real-stack.spec.ts:333:1 › 跨标签页 owner 终止后由 lease 回收存活页与全页面重载 (21.6s)
INFO:     127.0.0.1:56213 - "GET /api/v1/auth/session HTTP/1.1" 204 No Content
INFO:     127.0.0.1:56214 - "OPTIONS /api/v1/auth/login HTTP/1.1" 200 OK
INFO:     127.0.0.1:56213 - "POST /api/v1/auth/login HTTP/1.1" 200 OK
INFO:     127.0.0.1:56213 - "GET /api/v1/workbench HTTP/1.1" 200 OK
INFO:     127.0.0.1:56213 - "GET /api/v1/auth/session HTTP/1.1" 200 OK
INFO:     127.0.0.1:56213 - "GET /api/v1/workbench HTTP/1.1" 200 OK
INFO:     127.0.0.1:56213 - "GET /api/v1/auth/session HTTP/1.1" 200 OK
INFO:     127.0.0.1:56213 - "GET /api/v1/workbench HTTP/1.1" 200 OK
  ✓  19 [foundation-desktop] › tests/e2e/auth-session-real-stack.spec.ts:445:1 › durable terminal reconciliation 与异常协议 marker 保持 fail-closed (613ms)
INFO:     127.0.0.1:56221 - "GET /api/v1/auth/session HTTP/1.1" 204 No Content
INFO:     127.0.0.1:56222 - "OPTIONS /api/v1/auth/login HTTP/1.1" 200 OK
INFO:     127.0.0.1:56221 - "POST /api/v1/auth/login HTTP/1.1" 200 OK
INFO:     127.0.0.1:56222 - "OPTIONS /api/v1/auth/change-password HTTP/1.1" 200 OK
INFO:     127.0.0.1:56221 - "POST /api/v1/auth/change-password HTTP/1.1" 204 No Content
INFO:     127.0.0.1:56221 - "GET /api/v1/auth/session HTTP/1.1" 200 OK
INFO:     127.0.0.1:56221 - "GET /api/v1/workbench HTTP/1.1" 200 OK
INFO:     127.0.0.1:56221 - "GET /api/v1/auth/session HTTP/1.1" 200 OK
INFO:     127.0.0.1:56221 - "GET /api/v1/auth/session HTTP/1.1" 200 OK
INFO:     127.0.0.1:56221 - "GET /api/v1/workbench HTTP/1.1" 200 OK
INFO:     127.0.0.1:56223 - "GET /api/v1/auth/session HTTP/1.1" 200 OK
INFO:     127.0.0.1:56222 - "OPTIONS /api/v1/auth/logout HTTP/1.1" 200 OK
INFO:     127.0.0.1:56221 - "POST /api/v1/auth/logout HTTP/1.1" 204 No Content
INFO:     127.0.0.1:56223 - "GET /api/v1/auth/session HTTP/1.1" 204 No Content
INFO:     127.0.0.1:56223 - "GET /api/v1/auth/session HTTP/1.1" 401 Unauthorized
  ✓  20 [foundation-desktop] › tests/e2e/auth-session-real-stack.spec.ts:624:1 › Auth 真实栈完成 login → forced change → admin 403 → logout (733ms)
INFO:     127.0.0.1:56230 - "GET /api/v1/auth/session HTTP/1.1" 204 No Content
INFO:     127.0.0.1:56231 - "OPTIONS /api/v1/auth/login HTTP/1.1" 200 OK
INFO:     127.0.0.1:56230 - "POST /api/v1/auth/login HTTP/1.1" 200 OK
INFO:     127.0.0.1:56230 - "GET /api/v1/workbench HTTP/1.1" 200 OK
INFO:     127.0.0.1:56223 - "GET /api/v1/auth/me HTTP/1.1" 200 OK
INFO:     127.0.0.1:56223 - "GET /api/v1/auth/csrf HTTP/1.1" 200 OK
INFO:     127.0.0.1:56223 - "POST /api/v1/users HTTP/1.1" 201 Created
INFO:     127.0.0.1:56238 - "GET /api/v1/auth/session HTTP/1.1" 204 No Content
INFO:     127.0.0.1:56239 - "OPTIONS /api/v1/auth/login HTTP/1.1" 200 OK
INFO:     127.0.0.1:56238 - "POST /api/v1/auth/login HTTP/1.1" 200 OK
INFO:     127.0.0.1:56239 - "OPTIONS /api/v1/auth/change-password HTTP/1.1" 200 OK
INFO:     127.0.0.1:56238 - "POST /api/v1/auth/change-password HTTP/1.1" 204 No Content
INFO:     127.0.0.1:56238 - "GET /api/v1/auth/session HTTP/1.1" 200 OK
INFO:     127.0.0.1:56238 - "GET /api/v1/workbench HTTP/1.1" 200 OK
INFO:     127.0.0.1:56230 - "GET /api/v1/auth/session HTTP/1.1" 200 OK
INFO:     127.0.0.1:56230 - "GET /api/v1/users?status=ENABLED&page=1&page_size=20 HTTP/1.1" 200 OK
INFO:     127.0.0.1:56230 - "GET /api/v1/auth/session HTTP/1.1" 200 OK
INFO:     127.0.0.1:56230 - "GET /api/v1/users?status=ENABLED&page=1&page_size=20 HTTP/1.1" 200 OK
INFO:     127.0.0.1:56231 - "OPTIONS /api/v1/users/cd6f4959-3d41-4192-91fc-37a9ba4e1170 HTTP/1.1" 200 OK
INFO:     127.0.0.1:56230 - "PATCH /api/v1/users/cd6f4959-3d41-4192-91fc-37a9ba4e1170 HTTP/1.1" 200 OK
INFO:     127.0.0.1:56230 - "GET /api/v1/auth/session HTTP/1.1" 200 OK
INFO:     127.0.0.1:56230 - "GET /api/v1/auth/session HTTP/1.1" 200 OK
INFO:     127.0.0.1:56223 - "GET /api/v1/auth/csrf HTTP/1.1" 200 OK
INFO:     127.0.0.1:56223 - "PATCH /api/v1/users/cd6f4959-3d41-4192-91fc-37a9ba4e1170 HTTP/1.1" 200 OK
INFO:     127.0.0.1:56230 - "GET /api/v1/auth/session HTTP/1.1" 204 No Content
INFO:     127.0.0.1:56230 - "GET /api/v1/auth/session HTTP/1.1" 204 No Content
INFO:     127.0.0.1:56230 - "POST /api/v1/auth/login HTTP/1.1" 200 OK
INFO:     127.0.0.1:56240 - "GET /api/v1/auth/session HTTP/1.1" 200 OK
INFO:     127.0.0.1:56230 - "GET /api/v1/workbench HTTP/1.1" 200 OK
INFO:     127.0.0.1:56230 - "GET /api/v1/auth/session HTTP/1.1" 200 OK
INFO:     127.0.0.1:56230 - "GET /api/v1/users?status=ENABLED&page=1&page_size=20 HTTP/1.1" 200 OK
INFO:     127.0.0.1:56241 - "GET /api/v1/auth/session HTTP/1.1" 200 OK
INFO:     127.0.0.1:56241 - "GET /api/v1/users?status=ENABLED&page=1&page_size=20 HTTP/1.1" 200 OK
INFO:     127.0.0.1:56223 - "POST /api/v1/auth/login HTTP/1.1" 200 OK
INFO:     127.0.0.1:56223 - "GET /api/v1/auth/session HTTP/1.1" 200 OK
INFO:     127.0.0.1:56241 - "POST /api/v1/users/bulk-status HTTP/1.1" 200 OK
INFO:     127.0.0.1:56241 - "GET /api/v1/auth/session HTTP/1.1" 401 Unauthorized
INFO:     127.0.0.1:56223 - "GET /api/v1/auth/session HTTP/1.1" 401 Unauthorized
INFO:     127.0.0.1:56223 - "GET /api/v1/auth/csrf HTTP/1.1" 200 OK
INFO:     127.0.0.1:56223 - "PATCH /api/v1/users/cd6f4959-3d41-4192-91fc-37a9ba4e1170 HTTP/1.1" 200 OK
INFO:     127.0.0.1:56241 - "GET /api/v1/auth/session HTTP/1.1" 204 No Content
INFO:     127.0.0.1:56241 - "GET /api/v1/auth/session HTTP/1.1" 204 No Content
INFO:     127.0.0.1:56241 - "POST /api/v1/auth/login HTTP/1.1" 200 OK
INFO:     127.0.0.1:56230 - "GET /api/v1/auth/session HTTP/1.1" 200 OK
INFO:     127.0.0.1:56241 - "GET /api/v1/workbench HTTP/1.1" 200 OK
INFO:     127.0.0.1:56241 - "GET /api/v1/auth/session HTTP/1.1" 200 OK
INFO:     127.0.0.1:56241 - "GET /api/v1/users?status=ENABLED&page=1&page_size=20 HTTP/1.1" 200 OK
INFO:     127.0.0.1:56241 - "GET /api/v1/auth/session HTTP/1.1" 200 OK
INFO:     127.0.0.1:56241 - "GET /api/v1/users?status=ENABLED&page=1&page_size=20 HTTP/1.1" 200 OK
INFO:     127.0.0.1:56223 - "POST /api/v1/users/bulk-status HTTP/1.1" 200 OK
INFO:     127.0.0.1:56241 - "GET /api/v1/auth/session HTTP/1.1" 401 Unauthorized
INFO:     127.0.0.1:56244 - "GET /api/v1/auth/session HTTP/1.1" 401 Unauthorized
INFO:     127.0.0.1:56223 - "GET /api/v1/auth/csrf HTTP/1.1" 200 OK
INFO:     127.0.0.1:56223 - "PATCH /api/v1/users/cd6f4959-3d41-4192-91fc-37a9ba4e1170 HTTP/1.1" 200 OK
INFO:     127.0.0.1:56244 - "GET /api/v1/auth/session HTTP/1.1" 204 No Content
INFO:     127.0.0.1:56244 - "GET /api/v1/auth/session HTTP/1.1" 204 No Content
INFO:     127.0.0.1:56244 - "POST /api/v1/auth/login HTTP/1.1" 200 OK
INFO:     127.0.0.1:56241 - "GET /api/v1/auth/session HTTP/1.1" 200 OK
INFO:     127.0.0.1:56244 - "GET /api/v1/workbench HTTP/1.1" 200 OK
INFO:     127.0.0.1:56244 - "GET /api/v1/auth/session HTTP/1.1" 200 OK
INFO:     127.0.0.1:56244 - "GET /api/v1/users?status=ENABLED&page=1&page_size=20 HTTP/1.1" 200 OK
INFO:     127.0.0.1:56244 - "GET /api/v1/auth/session HTTP/1.1" 200 OK
INFO:     127.0.0.1:56244 - "GET /api/v1/users?status=ENABLED&page=1&page_size=20 HTTP/1.1" 200 OK
INFO:     127.0.0.1:56244 - "PATCH /api/v1/users/cd6f4959-3d41-4192-91fc-37a9ba4e1170 HTTP/1.1" 200 OK
INFO:     127.0.0.1:56244 - "GET /api/v1/auth/session HTTP/1.1" 401 Unauthorized
INFO:     127.0.0.1:56244 - "GET /api/v1/auth/session HTTP/1.1" 401 Unauthorized
INFO:     127.0.0.1:56223 - "GET /api/v1/auth/csrf HTTP/1.1" 200 OK
INFO:     127.0.0.1:56223 - "PATCH /api/v1/users/cd6f4959-3d41-4192-91fc-37a9ba4e1170 HTTP/1.1" 200 OK
INFO:     127.0.0.1:56251 - "GET /api/v1/auth/session HTTP/1.1" 204 No Content
INFO:     127.0.0.1:56252 - "OPTIONS /api/v1/auth/login HTTP/1.1" 200 OK
INFO:     127.0.0.1:56251 - "POST /api/v1/auth/login HTTP/1.1" 200 OK
INFO:     127.0.0.1:56223 - "GET /api/v1/auth/csrf HTTP/1.1" 200 OK
INFO:     127.0.0.1:56251 - "GET /api/v1/workbench HTTP/1.1" 200 OK
INFO:     127.0.0.1:56223 - "GET /api/v1/users?q=e2e-boundary-admin-af69d117&page=1&page_size=20 HTTP/1.1" 200 OK
INFO:     127.0.0.1:56223 - "PATCH /api/v1/users/ad59615d-325f-4617-9e34-4ebcceb43479 HTTP/1.1" 200 OK
INFO:     127.0.0.1:56223 - "DELETE /api/v1/users/ad59615d-325f-4617-9e34-4ebcceb43479?expected_revision=2 HTTP/1.1" 204 No Content
  ✓  21 [foundation-desktop] › tests/e2e/system-admin-real-stack.spec.ts:289:1 › 当前管理员自降权与自停用通过同一 BrowserContext principal boundary 收敛双页面 (3.8s)
INFO:     127.0.0.1:56259 - "GET /api/v1/auth/session HTTP/1.1" 204 No Content
INFO:     127.0.0.1:56260 - "OPTIONS /api/v1/auth/login HTTP/1.1" 200 OK
INFO:     127.0.0.1:56259 - "POST /api/v1/auth/login HTTP/1.1" 200 OK
INFO:     127.0.0.1:56259 - "GET /api/v1/workbench HTTP/1.1" 200 OK
INFO:     127.0.0.1:56259 - "GET /api/v1/auth/session HTTP/1.1" 200 OK
INFO:     127.0.0.1:56259 - "GET /api/v1/users?status=ENABLED&page=1&page_size=20 HTTP/1.1" 200 OK
INFO:     127.0.0.1:56260 - "OPTIONS /api/v1/users HTTP/1.1" 200 OK
INFO:     127.0.0.1:56259 - "POST /api/v1/users HTTP/1.1" 201 Created
INFO:     127.0.0.1:56259 - "GET /api/v1/users?status=ENABLED&page=1&page_size=20 HTTP/1.1" 200 OK
INFO:     127.0.0.1:56223 - "GET /api/v1/auth/csrf HTTP/1.1" 200 OK
INFO:     127.0.0.1:56223 - "GET /api/v1/audit-logs?page=1&page_size=20&request_id=9d31149f-c772-45c5-a7a6-1543b276d7e9 HTTP/1.1" 200 OK
INFO:     127.0.0.1:56267 - "GET /api/v1/auth/session HTTP/1.1" 204 No Content
INFO:     127.0.0.1:56268 - "OPTIONS /api/v1/auth/login HTTP/1.1" 200 OK
INFO:     127.0.0.1:56267 - "POST /api/v1/auth/login HTTP/1.1" 200 OK
INFO:     127.0.0.1:56223 - "GET /api/v1/auth/csrf HTTP/1.1" 200 OK
INFO:     127.0.0.1:56268 - "OPTIONS /api/v1/auth/change-password HTTP/1.1" 200 OK
INFO:     127.0.0.1:56267 - "POST /api/v1/auth/change-password HTTP/1.1" 204 No Content
INFO:     127.0.0.1:56267 - "GET /api/v1/auth/session HTTP/1.1" 200 OK
INFO:     127.0.0.1:56267 - "GET /api/v1/workbench HTTP/1.1" 200 OK
INFO:     127.0.0.1:56223 - "GET /api/v1/auth/me HTTP/1.1" 200 OK
INFO:     127.0.0.1:56267 - "GET /api/v1/auth/session HTTP/1.1" 200 OK
INFO:     127.0.0.1:56267 - "GET /api/v1/auth/session HTTP/1.1" 200 OK
INFO:     127.0.0.1:56223 - "GET /api/v1/users HTTP/1.1" 403 Forbidden
INFO:     127.0.0.1:56223 - "POST /api/v1/users/bulk-status HTTP/1.1" 403 Forbidden
INFO:     127.0.0.1:56223 - "GET /api/v1/users/export HTTP/1.1" 403 Forbidden
INFO:     127.0.0.1:56223 - "GET /api/v1/audit-logs HTTP/1.1" 403 Forbidden
INFO:     127.0.0.1:56223 - "GET /api/v1/audit-logs/filter-options HTTP/1.1" 403 Forbidden
INFO:     127.0.0.1:56223 - "GET /api/v1/audit-logs/73660f15-7ae8-4d7e-a703-5376cd7ad0a6 HTTP/1.1" 403 Forbidden
INFO:     127.0.0.1:56259 - "GET /api/v1/auth/session HTTP/1.1" 200 OK
INFO:     127.0.0.1:56259 - "GET /api/v1/users?status=ENABLED&page=1&page_size=20 HTTP/1.1" 200 OK
INFO:     127.0.0.1:56260 - "OPTIONS /api/v1/users/1732b68d-ddc5-4d31-85c3-a71a04f9924d/reset-password HTTP/1.1" 200 OK
INFO:     127.0.0.1:56259 - "POST /api/v1/users/1732b68d-ddc5-4d31-85c3-a71a04f9924d/reset-password HTTP/1.1" 200 OK
INFO:     127.0.0.1:56223 - "GET /api/v1/auth/me HTTP/1.1" 401 Unauthorized
INFO:     127.0.0.1:56259 - "GET /api/v1/users?status=ENABLED&page=1&page_size=20 HTTP/1.1" 200 OK
INFO:     127.0.0.1:56267 - "GET /api/v1/auth/session HTTP/1.1" 401 Unauthorized
INFO:     127.0.0.1:56267 - "POST /api/v1/auth/login HTTP/1.1" 200 OK
INFO:     127.0.0.1:56267 - "POST /api/v1/auth/change-password HTTP/1.1" 204 No Content
INFO:     127.0.0.1:56267 - "GET /api/v1/auth/session HTTP/1.1" 200 OK
INFO:     127.0.0.1:56267 - "GET /api/v1/workbench HTTP/1.1" 200 OK
INFO:     127.0.0.1:56223 - "GET /api/v1/auth/me HTTP/1.1" 200 OK
INFO:     127.0.0.1:56259 - "GET /api/v1/auth/session HTTP/1.1" 200 OK
INFO:     127.0.0.1:56259 - "GET /api/v1/users?status=ENABLED&page=1&page_size=20 HTTP/1.1" 200 OK
INFO:     127.0.0.1:56260 - "OPTIONS /api/v1/users/bulk-status HTTP/1.1" 200 OK
INFO:     127.0.0.1:56259 - "POST /api/v1/users/bulk-status HTTP/1.1" 200 OK
INFO:     127.0.0.1:56259 - "GET /api/v1/users?status=ENABLED&page=1&page_size=20 HTTP/1.1" 200 OK
INFO:     127.0.0.1:56223 - "GET /api/v1/auth/me HTTP/1.1" 200 OK
INFO:     127.0.0.1:56259 - "GET /api/v1/auth/session HTTP/1.1" 200 OK
INFO:     127.0.0.1:56269 - "GET /api/v1/audit-logs/filter-options HTTP/1.1" 200 OK
INFO:     127.0.0.1:56259 - "GET /api/v1/audit-logs?page=1&page_size=20&created_from=2026-09-29T20%3A17%3A21.838Z&created_to=2026-10-02T20%3A17%3A21.838Z&request_id=9d31149f-c772-45c5-a7a6-1543b276d7e9 HTTP/1.1" 200 OK
INFO:     127.0.0.1:56259 - "GET /api/v1/audit-logs/73660f15-7ae8-4d7e-a703-5376cd7ad0a6 HTTP/1.1" 200 OK
INFO:     127.0.0.1:56259 - "GET /api/v1/auth/session HTTP/1.1" 200 OK
INFO:     127.0.0.1:56269 - "GET /api/v1/audit-logs/filter-options HTTP/1.1" 200 OK
INFO:     127.0.0.1:56259 - "GET /api/v1/audit-logs?page=1&page_size=20&created_from=2026-09-29T20%3A17%3A21.956Z&created_to=2026-10-02T20%3A17%3A21.956Z&request_id=0bae7a38-017d-4554-a084-28466cd3d580 HTTP/1.1" 200 OK
INFO:     127.0.0.1:56259 - "GET /api/v1/auth/session HTTP/1.1" 200 OK
INFO:     127.0.0.1:56259 - "GET /api/v1/audit-logs?page=1&page_size=20&created_from=2026-09-29T20%3A17%3A22.046Z&created_to=2026-10-02T20%3A17%3A22.046Z&request_id=7a3045fa-33da-4c18-a00f-f27bb105ef7e HTTP/1.1" 200 OK
INFO:     127.0.0.1:56269 - "GET /api/v1/audit-logs/filter-options HTTP/1.1" 200 OK
INFO:     127.0.0.1:56269 - "GET /api/v1/auth/session HTTP/1.1" 200 OK
INFO:     127.0.0.1:56269 - "GET /api/v1/audit-logs?page=1&page_size=20&created_from=2026-09-29T20%3A17%3A22.110Z&created_to=2026-10-02T20%3A17%3A22.110Z&action=user.password_changed&target_id=1732b68d-ddc5-4d31-85c3-a71a04f9924d HTTP/1.1" 200 OK
INFO:     127.0.0.1:56259 - "GET /api/v1/audit-logs/filter-options HTTP/1.1" 200 OK
INFO:     127.0.0.1:56259 - "GET /api/v1/auth/session HTTP/1.1" 200 OK
INFO:     127.0.0.1:56259 - "GET /api/v1/users?q=e2e-engineer-0473f44f&status=DISABLED&page=1&page_size=20 HTTP/1.1" 200 OK
INFO:     127.0.0.1:56260 - "OPTIONS /api/v1/users/1732b68d-ddc5-4d31-85c3-a71a04f9924d?expected_revision=4 HTTP/1.1" 200 OK
INFO:     127.0.0.1:56259 - "DELETE /api/v1/users/1732b68d-ddc5-4d31-85c3-a71a04f9924d?expected_revision=4 HTTP/1.1" 204 No Content
INFO:     127.0.0.1:56259 - "GET /api/v1/users?q=e2e-engineer-0473f44f&status=DISABLED&page=1&page_size=20 HTTP/1.1" 200 OK
INFO:     127.0.0.1:56259 - "GET /api/v1/auth/session HTTP/1.1" 200 OK
INFO:     127.0.0.1:56259 - "GET /api/v1/audit-logs?page=1&page_size=20&created_from=2026-09-29T20%3A17%3A22.667Z&created_to=2026-10-02T20%3A17%3A22.667Z&action=user.password_changed&target_id=1732b68d-ddc5-4d31-85c3-a71a04f9924d HTTP/1.1" 200 OK
INFO:     127.0.0.1:56269 - "GET /api/v1/audit-logs/filter-options HTTP/1.1" 200 OK
  ✓  22 [foundation-desktop] › tests/e2e/system-admin-real-stack.spec.ts:864:1 › System Admin 真实栈完成用户、权限、会话与审计闭环 (3.2s)
(node:71876) Warning: The 'NO_COLOR' env is ignored due to the 'FORCE_COLOR' env being set.
(Use `node --trace-warnings ...` to show where the warning was created)
INFO:     127.0.0.1:56276 - "POST /api/v1/auth/login HTTP/1.1" 200 OK
INFO:     127.0.0.1:56283 - "GET /api/v1/auth/session HTTP/1.1" 200 OK
INFO:     127.0.0.1:56283 - "GET /api/v1/geo/subjects?page=1&page_size=20&sort=NAME_ASC HTTP/1.1" 200 OK
INFO:     127.0.0.1:56284 - "GET /api/v1/geo/subjects?page=1&page_size=10&sort=NAME_ASC&subject_type=OWN_BRAND HTTP/1.1" 200 OK
INFO:     127.0.0.1:56283 - "GET /api/v1/products?search=&page=1&page_size=10&sort=MODEL_ASC HTTP/1.1" 200 OK
INFO:     127.0.0.1:56285 - "OPTIONS /api/v1/geo/subjects HTTP/1.1" 200 OK
INFO:     127.0.0.1:56283 - "POST /api/v1/geo/subjects HTTP/1.1" 201 Created
INFO:     127.0.0.1:56283 - "GET /api/v1/geo/subjects?page=1&page_size=20&sort=NAME_ASC HTTP/1.1" 200 OK
INFO:     127.0.0.1:56284 - "GET /api/v1/geo/subjects/f019c52d-fa4e-4b64-9a46-3cc12547eaf1 HTTP/1.1" 200 OK
INFO:     127.0.0.1:56284 - "GET /api/v1/auth/session HTTP/1.1" 200 OK
INFO:     127.0.0.1:56284 - "GET /api/v1/geo/engine-surfaces?page=1&page_size=20&sort=NAME_ASC HTTP/1.1" 200 OK
INFO:     127.0.0.1:56285 - "OPTIONS /api/v1/geo/engine-surfaces HTTP/1.1" 200 OK
INFO:     127.0.0.1:56284 - "POST /api/v1/geo/engine-surfaces HTTP/1.1" 201 Created
INFO:     127.0.0.1:56284 - "GET /api/v1/geo/engine-surfaces?page=1&page_size=20&sort=NAME_ASC HTTP/1.1" 200 OK
INFO:     127.0.0.1:56284 - "GET /api/v1/geo/engine-surfaces/f0d285ac-564b-4abd-bc30-aa2b5df00f6d HTTP/1.1" 200 OK
INFO:     127.0.0.1:56285 - "OPTIONS /api/v1/geo/engine-surfaces/f0d285ac-564b-4abd-bc30-aa2b5df00f6d/enable HTTP/1.1" 200 OK
INFO:     127.0.0.1:56284 - "POST /api/v1/geo/engine-surfaces/f0d285ac-564b-4abd-bc30-aa2b5df00f6d/enable HTTP/1.1" 200 OK
INFO:     127.0.0.1:56284 - "GET /api/v1/geo/engine-surfaces?page=1&page_size=20&sort=NAME_ASC HTTP/1.1" 200 OK
INFO:     127.0.0.1:56284 - "GET /api/v1/geo/collection-profiles?page=1&page_size=20&sort=NAME_ASC&engine_surface_id=f0d285ac-564b-4abd-bc30-aa2b5df00f6d HTTP/1.1" 200 OK
INFO:     127.0.0.1:56285 - "OPTIONS /api/v1/geo/collection-profiles HTTP/1.1" 200 OK
INFO:     127.0.0.1:56284 - "POST /api/v1/geo/collection-profiles HTTP/1.1" 201 Created
INFO:     127.0.0.1:56284 - "GET /api/v1/geo/collection-profiles?page=1&page_size=20&sort=NAME_ASC&engine_surface_id=f0d285ac-564b-4abd-bc30-aa2b5df00f6d HTTP/1.1" 200 OK
INFO:     127.0.0.1:56283 - "GET /api/v1/geo/collection-profiles/bc333b5e-25fe-4dd1-bce5-8ff60a373f17 HTTP/1.1" 200 OK
INFO:     127.0.0.1:56285 - "OPTIONS /api/v1/geo/collection-profiles/bc333b5e-25fe-4dd1-bce5-8ff60a373f17/enable HTTP/1.1" 200 OK
INFO:     127.0.0.1:56283 - "POST /api/v1/geo/collection-profiles/bc333b5e-25fe-4dd1-bce5-8ff60a373f17/enable HTTP/1.1" 200 OK
INFO:     127.0.0.1:56283 - "GET /api/v1/geo/collection-profiles?page=1&page_size=20&sort=NAME_ASC&engine_surface_id=f0d285ac-564b-4abd-bc30-aa2b5df00f6d HTTP/1.1" 200 OK
INFO:     127.0.0.1:56276 - "POST /api/v1/users HTTP/1.1" 201 Created
INFO:     127.0.0.1:56276 - "POST /api/v1/auth/login HTTP/1.1" 200 OK
INFO:     127.0.0.1:56276 - "POST /api/v1/auth/change-password HTTP/1.1" 204 No Content
INFO:     127.0.0.1:56292 - "GET /api/v1/auth/session HTTP/1.1" 200 OK
INFO:     127.0.0.1:56292 - "GET /api/v1/query-topics/list-items?sort=QUESTION_ASC&page=1&page_size=20 HTTP/1.1" 200 OK
INFO:     127.0.0.1:56293 - "OPTIONS /api/v1/query-topics HTTP/1.1" 200 OK
INFO:     127.0.0.1:56292 - "POST /api/v1/query-topics HTTP/1.1" 201 Created
INFO:     127.0.0.1:56292 - "GET /api/v1/query-topics/list-items?sort=QUESTION_ASC&page=1&page_size=20 HTTP/1.1" 200 OK
INFO:     127.0.0.1:56292 - "GET /api/v1/auth/session HTTP/1.1" 200 OK
INFO:     127.0.0.1:56292 - "GET /api/v1/geo/prompt-variants?page=1&page_size=20&sort=UPDATED_DESC HTTP/1.1" 200 OK
INFO:     127.0.0.1:56292 - "GET /api/v1/query-topics HTTP/1.1" 200 OK
INFO:     127.0.0.1:56293 - "OPTIONS /api/v1/geo/query-topics/fcefcd95-3665-4d68-9b14-9271b1a1cfea/prompt-variants HTTP/1.1" 200 OK
INFO:     127.0.0.1:56292 - "POST /api/v1/geo/query-topics/fcefcd95-3665-4d68-9b14-9271b1a1cfea/prompt-variants HTTP/1.1" 201 Created
INFO:     127.0.0.1:56292 - "GET /api/v1/geo/prompt-variants?page=1&page_size=20&sort=UPDATED_DESC HTTP/1.1" 200 OK
INFO:     127.0.0.1:56292 - "GET /api/v1/auth/session HTTP/1.1" 200 OK
INFO:     127.0.0.1:56292 - "GET /api/v1/geo/monitoring-plans?page=1&page_size=20&sort=UPDATED_DESC HTTP/1.1" 200 OK
INFO:     127.0.0.1:56292 - "GET /api/v1/geo/subjects?page=1&page_size=10&sort=NAME_ASC HTTP/1.1" 200 OK
INFO:     127.0.0.1:56292 - "GET /api/v1/geo/subjects?q=4b0976c0&page=1&page_size=10&sort=NAME_ASC HTTP/1.1" 200 OK
INFO:     127.0.0.1:56292 - "GET /api/v1/geo/prompt-variants?q=4b0976c0&page=1&page_size=10&sort=TEXT_ASC HTTP/1.1" 200 OK
INFO:     127.0.0.1:56292 - "GET /api/v1/geo/collection-profiles?q=4b0976c0&page=1&page_size=10&sort=NAME_ASC HTTP/1.1" 200 OK
INFO:     127.0.0.1:56293 - "OPTIONS /api/v1/geo/monitoring-plans/preview HTTP/1.1" 200 OK
INFO:     127.0.0.1:56292 - "POST /api/v1/geo/monitoring-plans/preview HTTP/1.1" 200 OK
INFO:     127.0.0.1:56293 - "OPTIONS /api/v1/geo/monitoring-plans HTTP/1.1" 200 OK
INFO:     127.0.0.1:56292 - "POST /api/v1/geo/monitoring-plans HTTP/1.1" 201 Created
INFO:     127.0.0.1:56292 - "GET /api/v1/geo/monitoring-plans?page=1&page_size=20&sort=UPDATED_DESC HTTP/1.1" 200 OK
INFO:     127.0.0.1:56293 - "OPTIONS /api/v1/geo/monitoring-plans/2aaa8123-172d-4c2c-b443-6c1adbfec163/activate HTTP/1.1" 200 OK
INFO:     127.0.0.1:56292 - "POST /api/v1/geo/monitoring-plans/2aaa8123-172d-4c2c-b443-6c1adbfec163/activate HTTP/1.1" 200 OK
INFO:     127.0.0.1:56292 - "GET /api/v1/geo/monitoring-plans?page=1&page_size=20&sort=UPDATED_DESC HTTP/1.1" 200 OK
INFO:     127.0.0.1:56293 - "OPTIONS /api/v1/geo/monitoring-plans/2aaa8123-172d-4c2c-b443-6c1adbfec163/pause HTTP/1.1" 200 OK
INFO:     127.0.0.1:56292 - "POST /api/v1/geo/monitoring-plans/2aaa8123-172d-4c2c-b443-6c1adbfec163/pause HTTP/1.1" 200 OK
INFO:     127.0.0.1:56292 - "GET /api/v1/geo/monitoring-plans?page=1&page_size=20&sort=UPDATED_DESC HTTP/1.1" 200 OK
INFO:     127.0.0.1:56293 - "OPTIONS /api/v1/geo/monitoring-plans/2aaa8123-172d-4c2c-b443-6c1adbfec163/resume HTTP/1.1" 200 OK
INFO:     127.0.0.1:56292 - "POST /api/v1/geo/monitoring-plans/2aaa8123-172d-4c2c-b443-6c1adbfec163/resume HTTP/1.1" 200 OK
INFO:     127.0.0.1:56295 - "GET /api/v1/auth/session HTTP/1.1" 200 OK
INFO:     127.0.0.1:56296 - "GET /api/v1/geo/monitoring-plans/2aaa8123-172d-4c2c-b443-6c1adbfec163 HTTP/1.1" 200 OK
INFO:     127.0.0.1:56295 - "GET /api/v1/geo/monitoring-plans?page=1&page_size=20&sort=UPDATED_DESC HTTP/1.1" 200 OK
INFO:     127.0.0.1:56295 - "POST /api/v1/geo/monitoring-plans/preview HTTP/1.1" 200 OK
INFO:     127.0.0.1:56293 - "OPTIONS /api/v1/geo/monitoring-plans/2aaa8123-172d-4c2c-b443-6c1adbfec163 HTTP/1.1" 200 OK
INFO:     127.0.0.1:56295 - "PATCH /api/v1/geo/monitoring-plans/2aaa8123-172d-4c2c-b443-6c1adbfec163 HTTP/1.1" 200 OK
INFO:     127.0.0.1:56295 - "GET /api/v1/geo/monitoring-plans?page=1&page_size=20&sort=UPDATED_DESC HTTP/1.1" 200 OK
INFO:     127.0.0.1:56293 - "OPTIONS /api/v1/geo/monitoring-plans/2aaa8123-172d-4c2c-b443-6c1adbfec163/copy HTTP/1.1" 200 OK
INFO:     127.0.0.1:56295 - "POST /api/v1/geo/monitoring-plans/2aaa8123-172d-4c2c-b443-6c1adbfec163/copy HTTP/1.1" 201 Created
INFO:     127.0.0.1:56295 - "GET /api/v1/geo/monitoring-plans?page=1&page_size=20&sort=UPDATED_DESC HTTP/1.1" 200 OK
INFO:     127.0.0.1:56293 - "OPTIONS /api/v1/geo/monitoring-plans/f335c3c0-782b-46ff-a050-dca3e8d2926f?expected_revision=0 HTTP/1.1" 200 OK
INFO:     127.0.0.1:56295 - "DELETE /api/v1/geo/monitoring-plans/f335c3c0-782b-46ff-a050-dca3e8d2926f?expected_revision=0 HTTP/1.1" 204 No Content
INFO:     127.0.0.1:56295 - "GET /api/v1/geo/monitoring-plans?page=1&page_size=20&sort=UPDATED_DESC HTTP/1.1" 200 OK
INFO:     127.0.0.1:56295 - "GET /api/v1/auth/session HTTP/1.1" 200 OK
INFO:     127.0.0.1:56296 - "GET /api/v1/geo/monitoring-plans/2aaa8123-172d-4c2c-b443-6c1adbfec163 HTTP/1.1" 200 OK
INFO:     127.0.0.1:56295 - "GET /api/v1/geo/monitoring-plans?q=4b0976c0&schedule_kind=CRON&page=1&page_size=20&sort=NAME_ASC HTTP/1.1" 200 OK
INFO:     127.0.0.1:56293 - "OPTIONS /api/v1/geo/monitoring-plans/2aaa8123-172d-4c2c-b443-6c1adbfec163/archive HTTP/1.1" 200 OK
INFO:     127.0.0.1:56295 - "POST /api/v1/geo/monitoring-plans/2aaa8123-172d-4c2c-b443-6c1adbfec163/archive HTTP/1.1" 200 OK
INFO:     127.0.0.1:56297 - "GET /api/v1/geo/monitoring-plans/2aaa8123-172d-4c2c-b443-6c1adbfec163 HTTP/1.1" 200 OK
INFO:     127.0.0.1:56296 - "GET /api/v1/auth/session HTTP/1.1" 200 OK
INFO:     127.0.0.1:56298 - "GET /api/v1/geo/monitoring-plans/2aaa8123-172d-4c2c-b443-6c1adbfec163 HTTP/1.1" 200 OK
INFO:     127.0.0.1:56296 - "GET /api/v1/geo/monitoring-plans?q=4b0976c0&schedule_kind=CRON&page=1&page_size=20&sort=NAME_ASC HTTP/1.1" 200 OK
  ✓  23 [foundation-desktop] › tests/e2e/plans-real-stack.spec.ts:39:1 › 工程师八步创建、服务端预览、dirty、URL、启停修订复制归档与删除持久化 (10.1s)
INFO:     127.0.0.1:56297 - "POST /api/v1/auth/login HTTP/1.1" 200 OK
INFO:     127.0.0.1:56297 - "POST /api/v1/users HTTP/1.1" 201 Created
INFO:     127.0.0.1:56297 - "POST /api/v1/auth/login HTTP/1.1" 200 OK
INFO:     127.0.0.1:56297 - "POST /api/v1/auth/change-password HTTP/1.1" 204 No Content
INFO:     127.0.0.1:56305 - "GET /api/v1/auth/session HTTP/1.1" 200 OK
INFO:     127.0.0.1:56305 - "GET /api/v1/query-topics/list-items?sort=QUESTION_ASC&page=1&page_size=20 HTTP/1.1" 200 OK
INFO:     127.0.0.1:56306 - "OPTIONS /api/v1/query-topics HTTP/1.1" 200 OK
INFO:     127.0.0.1:56305 - "POST /api/v1/query-topics HTTP/1.1" 201 Created
INFO:     127.0.0.1:56307 - "GET /api/v1/auth/session HTTP/1.1" 200 OK
INFO:     127.0.0.1:56307 - "GET /api/v1/geo/prompt-variants?page=1&page_size=20&sort=UPDATED_DESC HTTP/1.1" 200 OK
INFO:     127.0.0.1:56307 - "GET /api/v1/query-topics HTTP/1.1" 200 OK
INFO:     127.0.0.1:56306 - "OPTIONS /api/v1/geo/query-topics/5a8a1f29-0ebe-441e-b83e-4df1c3257557/prompt-variants HTTP/1.1" 200 OK
INFO:     127.0.0.1:56307 - "POST /api/v1/geo/query-topics/5a8a1f29-0ebe-441e-b83e-4df1c3257557/prompt-variants HTTP/1.1" 201 Created
INFO:     127.0.0.1:56307 - "GET /api/v1/geo/prompt-variants?page=1&page_size=20&sort=UPDATED_DESC HTTP/1.1" 200 OK
INFO:     127.0.0.1:56307 - "GET /api/v1/geo/prompt-variants?q=23fd877b&query_topic_id=5a8a1f29-0ebe-441e-b83e-4df1c3257557&page=1&page_size=20&sort=UPDATED_DESC HTTP/1.1" 200 OK
INFO:     127.0.0.1:56307 - "GET /api/v1/geo/prompt-variants?q=23fd877b&query_topic_id=5a8a1f29-0ebe-441e-b83e-4df1c3257557&mention_mode=UNBRANDED&page=1&page_size=20&sort=UPDATED_DESC HTTP/1.1" 200 OK
INFO:     127.0.0.1:56307 - "GET /api/v1/geo/prompt-variants?q=23fd877b&query_topic_id=5a8a1f29-0ebe-441e-b83e-4df1c3257557&mention_mode=UNBRANDED&priority=CORE&page=1&page_size=20&sort=UPDATED_DESC HTTP/1.1" 200 OK
INFO:     127.0.0.1:56308 - "GET /api/v1/auth/session HTTP/1.1" 200 OK
INFO:     127.0.0.1:56308 - "GET /api/v1/geo/prompt-variants?q=23fd877b&query_topic_id=5a8a1f29-0ebe-441e-b83e-4df1c3257557&mention_mode=UNBRANDED&priority=CORE&is_active=true&page=1&page_size=20&sort=UPDATED_DESC HTTP/1.1" 200 OK
INFO:     127.0.0.1:56309 - "GET /api/v1/query-topics HTTP/1.1" 200 OK
INFO:     127.0.0.1:56309 - "GET /api/v1/geo/prompt-variants/2743e629-dc76-44d7-852c-96f21d4bebc8 HTTP/1.1" 200 OK
INFO:     127.0.0.1:56306 - "OPTIONS /api/v1/geo/prompt-variants/2743e629-dc76-44d7-852c-96f21d4bebc8 HTTP/1.1" 200 OK
INFO:     127.0.0.1:56309 - "PATCH /api/v1/geo/prompt-variants/2743e629-dc76-44d7-852c-96f21d4bebc8 HTTP/1.1" 200 OK
INFO:     127.0.0.1:56309 - "GET /api/v1/geo/prompt-variants?q=23fd877b&query_topic_id=5a8a1f29-0ebe-441e-b83e-4df1c3257557&mention_mode=UNBRANDED&priority=CORE&is_active=true&page=1&page_size=20&sort=UPDATED_DESC HTTP/1.1" 200 OK
INFO:     127.0.0.1:56306 - "OPTIONS /api/v1/geo/prompt-variants/2743e629-dc76-44d7-852c-96f21d4bebc8/disable HTTP/1.1" 200 OK
INFO:     127.0.0.1:56309 - "POST /api/v1/geo/prompt-variants/2743e629-dc76-44d7-852c-96f21d4bebc8/disable HTTP/1.1" 200 OK
INFO:     127.0.0.1:56309 - "GET /api/v1/geo/prompt-variants?q=23fd877b&query_topic_id=5a8a1f29-0ebe-441e-b83e-4df1c3257557&mention_mode=UNBRANDED&priority=CORE&is_active=true&page=1&page_size=20&sort=UPDATED_DESC HTTP/1.1" 200 OK
INFO:     127.0.0.1:56306 - "OPTIONS /api/v1/geo/prompt-variants/2743e629-dc76-44d7-852c-96f21d4bebc8/enable HTTP/1.1" 200 OK
INFO:     127.0.0.1:56309 - "POST /api/v1/geo/prompt-variants/2743e629-dc76-44d7-852c-96f21d4bebc8/enable HTTP/1.1" 200 OK
INFO:     127.0.0.1:56308 - "GET /api/v1/auth/session HTTP/1.1" 200 OK
INFO:     127.0.0.1:56310 - "GET /api/v1/geo/prompt-variants/2743e629-dc76-44d7-852c-96f21d4bebc8 HTTP/1.1" 200 OK
INFO:     127.0.0.1:56308 - "GET /api/v1/geo/prompt-variants?q=23fd877b&query_topic_id=5a8a1f29-0ebe-441e-b83e-4df1c3257557&mention_mode=UNBRANDED&priority=CORE&is_active=true&page=1&page_size=20&sort=UPDATED_DESC HTTP/1.1" 200 OK
INFO:     127.0.0.1:56308 - "GET /api/v1/query-topics HTTP/1.1" 200 OK
INFO:     127.0.0.1:56308 - "POST /api/v1/geo/query-topics/5a8a1f29-0ebe-441e-b83e-4df1c3257557/prompt-variants HTTP/1.1" 409 Conflict
INFO:     127.0.0.1:56308 - "POST /api/v1/geo/query-topics/5a8a1f29-0ebe-441e-b83e-4df1c3257557/prompt-variants HTTP/1.1" 201 Created
INFO:     127.0.0.1:56308 - "GET /api/v1/geo/prompt-variants?q=23fd877b&query_topic_id=5a8a1f29-0ebe-441e-b83e-4df1c3257557&mention_mode=UNBRANDED&priority=CORE&is_active=true&page=1&page_size=20&sort=UPDATED_DESC HTTP/1.1" 200 OK
INFO:     127.0.0.1:56306 - "OPTIONS /api/v1/geo/prompt-variants/425739fa-77e6-422f-9327-5fa8f3fb41f9?expected_revision=0 HTTP/1.1" 200 OK
INFO:     127.0.0.1:56308 - "DELETE /api/v1/geo/prompt-variants/425739fa-77e6-422f-9327-5fa8f3fb41f9?expected_revision=0 HTTP/1.1" 204 No Content
INFO:     127.0.0.1:56308 - "GET /api/v1/geo/prompt-variants?q=23fd877b&query_topic_id=5a8a1f29-0ebe-441e-b83e-4df1c3257557&mention_mode=UNBRANDED&priority=CORE&is_active=true&page=1&page_size=20&sort=UPDATED_DESC HTTP/1.1" 200 OK
INFO:     127.0.0.1:56308 - "GET /api/v1/auth/session HTTP/1.1" 200 OK
INFO:     127.0.0.1:56310 - "GET /api/v1/geo/prompt-variants/2743e629-dc76-44d7-852c-96f21d4bebc8 HTTP/1.1" 200 OK
INFO:     127.0.0.1:56308 - "GET /api/v1/geo/prompt-variants?q=23fd877b&page=1&page_size=20&sort=UPDATED_DESC HTTP/1.1" 200 OK
INFO:     127.0.0.1:56308 - "GET /api/v1/query-topics HTTP/1.1" 200 OK
INFO:     127.0.0.1:56306 - "OPTIONS /api/v1/geo/prompt-variants/2743e629-dc76-44d7-852c-96f21d4bebc8?expected_revision=3 HTTP/1.1" 200 OK
INFO:     127.0.0.1:56308 - "DELETE /api/v1/geo/prompt-variants/2743e629-dc76-44d7-852c-96f21d4bebc8?expected_revision=3 HTTP/1.1" 204 No Content
INFO:     127.0.0.1:56308 - "GET /api/v1/geo/prompt-variants?q=23fd877b&page=1&page_size=20&sort=UPDATED_DESC HTTP/1.1" 200 OK
INFO:     127.0.0.1:56308 - "GET /api/v1/auth/session HTTP/1.1" 200 OK
INFO:     127.0.0.1:56308 - "GET /api/v1/geo/prompt-variants?q=23fd877b&page=1&page_size=20&sort=UPDATED_DESC HTTP/1.1" 200 OK
INFO:     127.0.0.1:56308 - "GET /api/v1/query-topics HTTP/1.1" 200 OK
INFO:     127.0.0.1:56312 - "GET /api/v1/geo/prompt-variants?query_topic_id=5a8a1f29-0ebe-441e-b83e-4df1c3257557 HTTP/1.1" 200 OK
  ✓  24 [foundation-desktop] › tests/e2e/questions-real-stack.spec.ts:30:1 › 工程师创建、筛选、编辑、启停、复制与删除；刷新持久化，运行入口不可用 (5.8s)
INFO:     127.0.0.1:56312 - "POST /api/v1/auth/login HTTP/1.1" 200 OK
INFO:     127.0.0.1:56319 - "GET /api/v1/auth/session HTTP/1.1" 200 OK
INFO:     127.0.0.1:56319 - "GET /api/v1/geo/engine-surfaces?page=1&page_size=20&sort=NAME_ASC HTTP/1.1" 200 OK
INFO:     127.0.0.1:56320 - "OPTIONS /api/v1/geo/engine-surfaces HTTP/1.1" 200 OK
INFO:     127.0.0.1:56319 - "POST /api/v1/geo/engine-surfaces HTTP/1.1" 201 Created
INFO:     127.0.0.1:56319 - "GET /api/v1/geo/engine-surfaces?page=1&page_size=20&sort=NAME_ASC HTTP/1.1" 200 OK
INFO:     127.0.0.1:56319 - "GET /api/v1/geo/engine-surfaces/1830e41e-8932-4df0-8ef0-c4db016f1e29 HTTP/1.1" 200 OK
INFO:     127.0.0.1:56320 - "OPTIONS /api/v1/geo/engine-surfaces/1830e41e-8932-4df0-8ef0-c4db016f1e29/enable HTTP/1.1" 200 OK
INFO:     127.0.0.1:56319 - "POST /api/v1/geo/engine-surfaces/1830e41e-8932-4df0-8ef0-c4db016f1e29/enable HTTP/1.1" 200 OK
INFO:     127.0.0.1:56319 - "GET /api/v1/geo/engine-surfaces?page=1&page_size=20&sort=NAME_ASC HTTP/1.1" 200 OK
INFO:     127.0.0.1:56319 - "GET /api/v1/geo/collection-profiles?page=1&page_size=20&sort=NAME_ASC&engine_surface_id=1830e41e-8932-4df0-8ef0-c4db016f1e29 HTTP/1.1" 200 OK
INFO:     127.0.0.1:56320 - "OPTIONS /api/v1/geo/collection-profiles HTTP/1.1" 200 OK
INFO:     127.0.0.1:56319 - "POST /api/v1/geo/collection-profiles HTTP/1.1" 201 Created
INFO:     127.0.0.1:56319 - "GET /api/v1/geo/collection-profiles?page=1&page_size=20&sort=NAME_ASC&engine_surface_id=1830e41e-8932-4df0-8ef0-c4db016f1e29 HTTP/1.1" 200 OK
INFO:     127.0.0.1:56322 - "GET /api/v1/geo/collection-profiles/a84e8a55-7c6d-400e-be6a-2bb420ea7f07 HTTP/1.1" 200 OK
INFO:     127.0.0.1:56320 - "OPTIONS /api/v1/geo/collection-profiles/a84e8a55-7c6d-400e-be6a-2bb420ea7f07/enable HTTP/1.1" 200 OK
INFO:     127.0.0.1:56322 - "POST /api/v1/geo/collection-profiles/a84e8a55-7c6d-400e-be6a-2bb420ea7f07/enable HTTP/1.1" 200 OK
INFO:     127.0.0.1:56322 - "GET /api/v1/geo/collection-profiles?page=1&page_size=20&sort=NAME_ASC&engine_surface_id=1830e41e-8932-4df0-8ef0-c4db016f1e29 HTTP/1.1" 200 OK
INFO:     127.0.0.1:56322 - "GET /api/v1/geo/collection-profiles/a84e8a55-7c6d-400e-be6a-2bb420ea7f07 HTTP/1.1" 200 OK
INFO:     127.0.0.1:56320 - "OPTIONS /api/v1/geo/collection-profiles/a84e8a55-7c6d-400e-be6a-2bb420ea7f07 HTTP/1.1" 200 OK
INFO:     127.0.0.1:56322 - "PATCH /api/v1/geo/collection-profiles/a84e8a55-7c6d-400e-be6a-2bb420ea7f07 HTTP/1.1" 200 OK
INFO:     127.0.0.1:56322 - "GET /api/v1/geo/collection-profiles?page=1&page_size=20&sort=NAME_ASC&engine_surface_id=1830e41e-8932-4df0-8ef0-c4db016f1e29 HTTP/1.1" 200 OK
INFO:     127.0.0.1:56319 - "GET /api/v1/auth/session HTTP/1.1" 200 OK
INFO:     127.0.0.1:56319 - "GET /api/v1/geo/collection-profiles/a84e8a55-7c6d-400e-be6a-2bb420ea7f07 HTTP/1.1" 200 OK
INFO:     127.0.0.1:56323 - "GET /api/v1/geo/collection-profiles?page=1&page_size=20&sort=NAME_ASC&engine_surface_id=1830e41e-8932-4df0-8ef0-c4db016f1e29 HTTP/1.1" 200 OK
INFO:     127.0.0.1:56312 - "GET /api/v1/geo/collection-profiles/a84e8a55-7c6d-400e-be6a-2bb420ea7f07 HTTP/1.1" 200 OK
INFO:     127.0.0.1:56312 - "POST /api/v1/auth/login HTTP/1.1" 401 Unauthorized
  ✘  25 [foundation-desktop] › tests/e2e/surfaces-real-stack.spec.ts:33:1 › 管理员创建、启停和编辑后持久化，工程师仅看摘要，删除尊重真实子配置 (2.3s)


  1) [foundation-desktop] › tests/e2e/geo-real-stack.spec.ts:327:1 › Flow A：新建 Observation 后追加 Correction，原记录保持不可变 

    Error: expect(received).toEqual(expected) // deep equality

    Expected: {"data": [80, 97, 114, 116, 83, 105, 103, 110, 97, 108, …], "type": "Buffer"}
    Received: null

      290 |   ).toBe(true);
      291 |   expect(transferRequest.headers()['content-type']).toBe('application/octet-stream');
    > 292 |   expect(transferRequest.postDataBuffer()).toEqual(Buffer.from(`PartSignal GEO evidence ${filename}`));
          |                                            ^
      293 |   expect(file).toMatchObject({
      294 |     id: intent.file.id,
      295 |     original_filename: filename,
        at uploadEvidence (/Users/sc/PycharmProjects/partsignal/frontend/tests/e2e/geo-real-stack.spec.ts:292:44)
        at /Users/sc/PycharmProjects/partsignal/frontend/tests/e2e/geo-real-stack.spec.ts:367:20

    Error Context: .cache/playwright-results/geo-real-stack-Flow-A：新建-Observation-后追加-Correction，原记录保持不可变-foundation-desktop/error-context.md

  2) [foundation-desktop] › tests/e2e/surfaces-real-stack.spec.ts:33:1 › 管理员创建、启停和编辑后持久化，工程师仅看摘要，删除尊重真实子配置 

    Error: /api/v1/auth/login

    expect(received).toBe(expected) // Object.is equality

    Expected: 200
    Received: 401

      19 | test.afterEach(async ({ context }) => registerCurrentRealStackCookies(context, api));
      20 | async function body<T>(response: APIResponse | Response, status = 200): Promise<T> {
    > 21 |   expect(response.status(), new URL(response.url()).pathname).toBe(status);
         |                                                               ^
      22 |   return response.json() as Promise<T>;
      23 | }
      24 | async function action(page: Page, label: string) {
        at body (/Users/sc/PycharmProjects/partsignal/frontend/tests/e2e/surfaces-real-stack.spec.ts:21:63)
        at /Users/sc/PycharmProjects/partsignal/frontend/tests/e2e/surfaces-real-stack.spec.ts:100:27

    Error Context: .cache/playwright-results/surfaces-real-stack-管理员创建、启停和编辑后持久化，工程师仅看摘要，删除尊重真实子配置-foundation-desktop/error-context.md

  2 failed
    [foundation-desktop] › tests/e2e/geo-real-stack.spec.ts:327:1 › Flow A：新建 Observation 后追加 Correction，原记录保持不可变 
    [foundation-desktop] › tests/e2e/surfaces-real-stack.spec.ts:33:1 › 管理员创建、启停和编辑后持久化，工程师仅看摘要，删除尊重真实子配置 
  23 passed (2.1m)
E2E_SECRET_SCAN status=clean
E2E_RESULT playwright=1 secret_scan=0
INFO:     Shutting down
INFO:     Waiting for application shutdown.
INFO:     Application shutdown complete.
INFO:     Finished server process [71711]

worker: Warm shutdown (MainProcess)
INFO:     Shutting down
INFO:     Waiting for application shutdown.
INFO:     Application shutdown complete.
INFO:     Finished server process [71710]
INFO:     Shutting down
INFO:     Waiting for application shutdown.
INFO:     Application shutdown complete.
INFO:     Finished server process [71709]
E2E_CLEANUP redis_db=14 keys=1 status=deleted
E2E_CLEANUP ports=8000,9001,4174,19009 status=released
E2E_CLEANUP database=partsignal_e2e_20261002_6221ec4bed16636766028ad890ecace8 status=dropped
E2E_CLEANUP storage=/var/folders/m5/j06tv2sn1hn93d6f33j559jm0000gn/T//partsignal-e2e-storage.DSx2Ka status=removed
make: *** [e2e] Error 1
