UV_CACHE_DIR=/Users/sc/PycharmProjects/partsignal/.cache/uv uv run --project backend python -m app.tools.contract_check contracts/openapi.yaml
FastAPI 运行时操作与 OpenAPI 完整契约一致。
npm --prefix frontend run api:check

> partsignal-frontend-v2@0.1.0 api:check
> node scripts/check-openapi.mjs

✨ openapi-typescript 7.13.0
🚀 ../contracts/openapi.yaml → /var/folders/m5/j06tv2sn1hn93d6f33j559jm0000gn/T/partsignal-v2-openapi-kHjbsb/schema.d.ts [241.2ms]
OpenAPI 类型与根合同一致。
npm --prefix browser-collector run lint

> partsignal-browser-collector@0.1.0 lint
> node --check src/service.mjs && node --check src/main.mjs && node --check src/healthcheck.mjs && node --check tests/service.test.mjs && node --check tests/support/reference-adapter.mjs && node --check tests/support/adapter-contract.mjs && node --check tests/contracts/local-adapter.test.mjs && node --check ../tests/browser-fixture/server.mjs && node --check ../tests/browser-fixture/fixture.js

UV_CACHE_DIR=/Users/sc/PycharmProjects/partsignal/.cache/uv uv run --project backend ruff check backend
All checks passed!
npm --prefix frontend run lint

> partsignal-frontend-v2@0.1.0 lint
> eslint . --max-warnings 0

npm --prefix browser-collector run typecheck

> partsignal-browser-collector@0.1.0 typecheck
> tsc

UV_CACHE_DIR=/Users/sc/PycharmProjects/partsignal/.cache/uv uv run --project backend mypy --config-file backend/pyproject.toml backend/app
Success: no issues found in 249 source files
npm --prefix frontend run typecheck

> partsignal-frontend-v2@0.1.0 typecheck
> tsc -b --pretty false

npm --prefix browser-collector test

> partsignal-browser-collector@0.1.0 test
> node --test tests/*.test.mjs

✔ 默认关闭与父子配置拒绝；未知值不回退 (0.473542ms)
✔ 仅 UUID 入口；开关和热停止不领取 lease；未实现采集显式拒绝 (0.686417ms)
✔ 健康需要实际 runtime 结果；失败摘要不暴露异常；无任务 HTTP 入口 (12.708334ms)
✔ RSA-OAEP SHA256/AES-GCM 封装在内存恢复相同 storage state (3.357875ms)
✔ 错误私钥和跨 reference/profile/expiry 绑定全部拒绝 (1.892542ms)
✔ nonce/wrapped key/ciphertext/tag/AAD 篡改均无法恢复 (5.537791ms)
✔ 算法、封装闭合、重复 JSON 键和非标准 Base64 被拒绝 (0.70025ms)
✔ 过期材料、非法日期和过期 Cookie 不进入 consumer (1.708625ms)
✔ 恢复资料仍检查 storage state 的结构与秘密错误边界 (5.261208ms)
✔ 每次消费重新授权；撤销拒绝先于读取私钥，保留的资料在 finally 清空 (2.432459ms)
✔ consumer 失败也清空引用且摘要不泄露秘密 (1.920791ms)
✔ 私钥权限、缺失、目录和任意层 symlink 均拒绝 (1.76025ms)
✔ 授权返回损坏材料时不调用 consumer 且错误不带异常正文 (0.494875ms)
ℹ tests 13
ℹ suites 0
ℹ pass 13
ℹ fail 0
ℹ cancelled 0
ℹ skipped 0
ℹ todo 0
ℹ duration_ms 287.552458
UV_CACHE_DIR=/Users/sc/PycharmProjects/partsignal/.cache/uv uv run --project backend pytest backend/tests/unit
........................................................................ [  1%]
........................................................................ [  3%]
........................................................................ [  5%]
........................................................................ [  7%]
........................................................................ [  9%]
........................................................................ [ 11%]
........................................................................ [ 13%]
........................................................................ [ 15%]
........................................................................ [ 17%]
........................................................................ [ 19%]
........................................................................ [ 20%]
........................................................................ [ 22%]
........................................................................ [ 24%]
........................................................................ [ 26%]
........................................................................ [ 28%]
........................................................................ [ 30%]
........................................................................ [ 32%]
........................................................................ [ 34%]
........................................................................ [ 36%]
........................................................................ [ 38%]
........................................................................ [ 39%]
........................................................................ [ 41%]
........................................................................ [ 43%]
........................................................................ [ 45%]
........................................................................ [ 47%]
........................................................................ [ 49%]
........................................................................ [ 51%]
........................................................................ [ 53%]
........................................................................ [ 55%]
........................................................................ [ 57%]
........................................................................ [ 59%]
........................................................................ [ 60%]
........................................................................ [ 62%]
........................................................................ [ 64%]
........................................................................ [ 66%]
........................................................................ [ 68%]
........................................................................ [ 70%]
........................................................................ [ 72%]
........................................................................ [ 74%]
........................................................................ [ 76%]
........................................................................ [ 78%]
........................................................................ [ 79%]
........................................................................ [ 81%]
........................................................................ [ 83%]
........................................................................ [ 85%]
........................................................................ [ 87%]
........................................................................ [ 89%]
........................................................................ [ 91%]
........................................................................ [ 93%]
........................................................................ [ 95%]
........................................................................ [ 97%]
........................................................................ [ 98%]
.......................................                                  [100%]
3783 passed in 65.90s (0:01:05)
npm --prefix frontend run test

> partsignal-frontend-v2@0.1.0 test
> vitest run


 RUN  v4.1.10 /Users/sc/PycharmProjects/partsignal/frontend


 Test Files  135 passed (135)
      Tests  1285 passed (1285)
   Start at  18:56:38
   Duration  29.35s (transform 10.80s, setup 9.92s, import 45.31s, tests 145.71s, environment 49.16s)

# 恢复用例需要回环连接和显式 PG16 工具，在下一条必跑命令中执行。
docker compose --env-file .env -f deploy/compose.dev.yaml run --rm backend-test pytest tests/integration --ignore=tests/integration/test_geo_recovery.py
 Container partsignal-dev-redis-1 Running 
 Container partsignal-dev-postgres-1 Running 
 Container partsignal-dev-fake-oss-1 Recreate 
 Container partsignal-dev-fake-oss-1 Recreated 
 Container partsignal-dev-fake-oss-1 Starting 
 Container partsignal-dev-fake-oss-1 Started 
 Container partsignal-dev-fake-oss-1 Waiting 
 Container partsignal-dev-postgres-1 Waiting 
 Container partsignal-dev-redis-1 Waiting 
 Container partsignal-dev-redis-1 Healthy 
 Container partsignal-dev-postgres-1 Healthy 
 Container partsignal-dev-fake-oss-1 Healthy 
 Container partsignal-dev-backend-test-run-3378c0d3cdbc Creating 
 Container partsignal-dev-backend-test-run-3378c0d3cdbc Created 
........................................................................ [  6%]
........................................................................ [ 12%]
........................................................................ [ 18%]
........................................................................ [ 24%]
........................................................................ [ 30%]
........................................................................ [ 36%]
........................................................................ [ 43%]
........................................................................ [ 49%]
........................................................................ [ 55%]
........................................................................ [ 61%]
........................................................................ [ 67%]
........................................................................ [ 73%]
........................................................................ [ 80%]
........................................................................ [ 86%]
........................................................................ [ 92%]
........................................................................ [ 98%]
..................                                                       [100%]
=============================== warnings summary ===============================
tests/integration/test_geo_admission_migration.py::test_0053_preserves_run_history_and_backfills_unknown
  /Users/sc/PycharmProjects/partsignal/backend/tests/integration/test_geo_admission_migration.py:148: SAWarning: Cannot correctly sort tables; there are unresolvable cycles between tables "content_tasks, content_versions, generation_jobs, publication_verifications, publication_works, published_articles, published_content_issues", which is usually caused by mutually dependent foreign key constraints.  Foreign key constraints involving these tables will not be considered; this warning may raise an error in a future release.

tests/integration/test_geo_admission_migration.py::test_0053_preserves_run_history_and_backfills_unknown
  /Users/sc/PycharmProjects/partsignal/backend/tests/integration/test_geo_admission_migration.py:148: SAWarning: Can't validate argument 'dialect_options'; can't locate any SQLAlchemy dialect named 'dialect'

tests/integration/test_geo_analysis_migration.py::test_nonempty_0053_forward_preserves_evidence_and_matches_models
  /Users/sc/PycharmProjects/partsignal/backend/tests/integration/test_geo_analysis_migration.py:78: SAWarning: Cannot correctly sort tables; there are unresolvable cycles between tables "content_tasks, content_versions, generation_jobs, publication_verifications, publication_works, published_articles, published_content_issues", which is usually caused by mutually dependent foreign key constraints.  Foreign key constraints involving these tables will not be considered; this warning may raise an error in a future release.

tests/integration/test_geo_analysis_migration.py::test_nonempty_0053_forward_preserves_evidence_and_matches_models
  /Users/sc/PycharmProjects/partsignal/backend/tests/integration/test_geo_analysis_migration.py:78: SAWarning: Can't validate argument 'dialect_options'; can't locate any SQLAlchemy dialect named 'dialect'

tests/integration/test_geo_analysis_migration.py::test_nonempty_0053_forward_preserves_evidence_and_matches_models
  /opt/venv/lib/python3.12/site-packages/alembic/autogenerate/compare/server_defaults.py:120: UserWarning: Computed default on geo_analysis_revisions.input_sha256 cannot be modified
    util.warn("Computed default on %s.%s cannot be modified" % (tname, cname))

tests/integration/test_geo_analysis_worker_migration.py::test_0055_nonempty_forward_preserves_analysis_and_review_history
  /Users/sc/PycharmProjects/partsignal/backend/tests/integration/test_geo_analysis_worker_migration.py:105: SAWarning: Cannot correctly sort tables; there are unresolvable cycles between tables "content_tasks, content_versions, generation_jobs, publication_verifications, publication_works, published_articles, published_content_issues", which is usually caused by mutually dependent foreign key constraints.  Foreign key constraints involving these tables will not be considered; this warning may raise an error in a future release.

tests/integration/test_geo_analysis_worker_migration.py::test_0055_nonempty_forward_preserves_analysis_and_review_history
  /Users/sc/PycharmProjects/partsignal/backend/tests/integration/test_geo_analysis_worker_migration.py:105: SAWarning: Can't validate argument 'dialect_options'; can't locate any SQLAlchemy dialect named 'dialect'

tests/integration/test_geo_answer_migration.py::test_forward_keeps_nonempty_history_and_matches_models
  /Users/sc/PycharmProjects/partsignal/backend/tests/integration/test_geo_answer_migration.py:54: SAWarning: Cannot correctly sort tables; there are unresolvable cycles between tables "content_tasks, content_versions, generation_jobs, publication_verifications, publication_works, published_articles, published_content_issues", which is usually caused by mutually dependent foreign key constraints.  Foreign key constraints involving these tables will not be considered; this warning may raise an error in a future release.

tests/integration/test_geo_answer_migration.py::test_forward_keeps_nonempty_history_and_matches_models
  /Users/sc/PycharmProjects/partsignal/backend/tests/integration/test_geo_answer_migration.py:54: SAWarning: Can't validate argument 'dialect_options'; can't locate any SQLAlchemy dialect named 'dialect'

tests/integration/test_geo_batch_creation_migration.py::test_forward_preserves_nonempty_frozen_inputs_and_matches_metadata
  /Users/sc/PycharmProjects/partsignal/backend/tests/integration/test_geo_batch_creation_migration.py:82: SAWarning: Cannot correctly sort tables; there are unresolvable cycles between tables "content_tasks, content_versions, generation_jobs, publication_verifications, publication_works, published_articles, published_content_issues", which is usually caused by mutually dependent foreign key constraints.  Foreign key constraints involving these tables will not be considered; this warning may raise an error in a future release.

tests/integration/test_geo_batch_creation_migration.py::test_forward_preserves_nonempty_frozen_inputs_and_matches_metadata
  /Users/sc/PycharmProjects/partsignal/backend/tests/integration/test_geo_batch_creation_migration.py:82: SAWarning: Can't validate argument 'dialect_options'; can't locate any SQLAlchemy dialect named 'dialect'

tests/integration/test_geo_browser_session_migration.py::test_empty_database_installs_0063_and_matches_models
tests/integration/test_geo_browser_session_migration.py::test_nonempty_0062_forward_keeps_history_and_refuses_destructive_downgrade
  /Users/sc/PycharmProjects/partsignal/backend/tests/integration/test_geo_browser_session_migration.py:36: SAWarning: Cannot correctly sort tables; there are unresolvable cycles between tables "content_tasks, content_versions, generation_jobs, publication_verifications, publication_works, published_articles, published_content_issues", which is usually caused by mutually dependent foreign key constraints.  Foreign key constraints involving these tables will not be considered; this warning may raise an error in a future release.

tests/integration/test_geo_browser_session_migration.py::test_empty_database_installs_0063_and_matches_models
tests/integration/test_geo_browser_session_migration.py::test_nonempty_0062_forward_keeps_history_and_refuses_destructive_downgrade
  /Users/sc/PycharmProjects/partsignal/backend/tests/integration/test_geo_browser_session_migration.py:36: SAWarning: Can't validate argument 'dialect_options'; can't locate any SQLAlchemy dialect named 'dialect'

tests/integration/test_geo_catalog.py::test_catalog_metadata_matches_migrated_postgresql
  /Users/sc/PycharmProjects/partsignal/backend/tests/integration/test_geo_catalog.py:187: SAWarning: Cannot correctly sort tables; there are unresolvable cycles between tables "content_tasks, content_versions, generation_jobs, publication_verifications, publication_works, published_articles, published_content_issues", which is usually caused by mutually dependent foreign key constraints.  Foreign key constraints involving these tables will not be considered; this warning may raise an error in a future release.

tests/integration/test_geo_catalog.py::test_catalog_metadata_matches_migrated_postgresql
  /Users/sc/PycharmProjects/partsignal/backend/tests/integration/test_geo_catalog.py:187: SAWarning: Can't validate argument 'dialect_options'; can't locate any SQLAlchemy dialect named 'dialect'

tests/integration/test_geo_decision_migration.py::test_nonempty_0061_upgrade_keeps_every_history_and_matches_metadata
  /Users/sc/PycharmProjects/partsignal/backend/tests/integration/test_geo_decision_migration.py:74: SAWarning: Cannot correctly sort tables; there are unresolvable cycles between tables "content_tasks, content_versions, generation_jobs, publication_verifications, publication_works, published_articles, published_content_issues", which is usually caused by mutually dependent foreign key constraints.  Foreign key constraints involving these tables will not be considered; this warning may raise an error in a future release.

tests/integration/test_geo_decision_migration.py::test_nonempty_0061_upgrade_keeps_every_history_and_matches_metadata
  /Users/sc/PycharmProjects/partsignal/backend/tests/integration/test_geo_decision_migration.py:74: SAWarning: Can't validate argument 'dialect_options'; can't locate any SQLAlchemy dialect named 'dialect'

tests/integration/test_geo_insight_indexes.py::test_0057_forward_and_index_only_rollback_preserve_history
  /Users/sc/PycharmProjects/partsignal/backend/tests/integration/test_geo_insight_indexes.py:77: SAWarning: Cannot correctly sort tables; there are unresolvable cycles between tables "content_tasks, content_versions, generation_jobs, publication_verifications, publication_works, published_articles, published_content_issues", which is usually caused by mutually dependent foreign key constraints.  Foreign key constraints involving these tables will not be considered; this warning may raise an error in a future release.

tests/integration/test_geo_insight_indexes.py::test_0057_forward_and_index_only_rollback_preserve_history
  /Users/sc/PycharmProjects/partsignal/backend/tests/integration/test_geo_insight_indexes.py:77: SAWarning: Can't validate argument 'dialect_options'; can't locate any SQLAlchemy dialect named 'dialect'

tests/integration/test_geo_manual_migration.py::test_0051_preserves_nonempty_0050_evidence_and_safe_stop
  /Users/sc/PycharmProjects/partsignal/backend/tests/integration/test_geo_manual_migration.py:73: SAWarning: Cannot correctly sort tables; there are unresolvable cycles between tables "content_tasks, content_versions, generation_jobs, publication_verifications, publication_works, published_articles, published_content_issues", which is usually caused by mutually dependent foreign key constraints.  Foreign key constraints involving these tables will not be considered; this warning may raise an error in a future release.

tests/integration/test_geo_manual_migration.py::test_0051_preserves_nonempty_0050_evidence_and_safe_stop
  /Users/sc/PycharmProjects/partsignal/backend/tests/integration/test_geo_manual_migration.py:73: SAWarning: Can't validate argument 'dialect_options'; can't locate any SQLAlchemy dialect named 'dialect'

tests/integration/test_geo_monitoring_plans.py::test_forward_preserves_existing_data_and_metadata
  /Users/sc/PycharmProjects/partsignal/backend/tests/integration/test_geo_monitoring_plans.py:241: SAWarning: Cannot correctly sort tables; there are unresolvable cycles between tables "content_tasks, content_versions, generation_jobs, publication_verifications, publication_works, published_articles, published_content_issues", which is usually caused by mutually dependent foreign key constraints.  Foreign key constraints involving these tables will not be considered; this warning may raise an error in a future release.

tests/integration/test_geo_monitoring_plans.py::test_forward_preserves_existing_data_and_metadata
  /Users/sc/PycharmProjects/partsignal/backend/tests/integration/test_geo_monitoring_plans.py:241: SAWarning: Can't validate argument 'dialect_options'; can't locate any SQLAlchemy dialect named 'dialect'

tests/integration/test_geo_opportunities.py::test_model_metadata_and_subject_history_reference_projection
  /Users/sc/PycharmProjects/partsignal/backend/tests/integration/test_geo_opportunities.py:395: SAWarning: Cannot correctly sort tables; there are unresolvable cycles between tables "content_tasks, content_versions, generation_jobs, publication_verifications, publication_works, published_articles, published_content_issues", which is usually caused by mutually dependent foreign key constraints.  Foreign key constraints involving these tables will not be considered; this warning may raise an error in a future release.

tests/integration/test_geo_opportunities.py::test_model_metadata_and_subject_history_reference_projection
  /Users/sc/PycharmProjects/partsignal/backend/tests/integration/test_geo_opportunities.py:395: SAWarning: Can't validate argument 'dialect_options'; can't locate any SQLAlchemy dialect named 'dialect'

tests/integration/test_geo_ops_runtime.py::test_additive_migration_and_concurrent_health_do_not_commit_business
  /Users/sc/PycharmProjects/partsignal/backend/tests/integration/test_geo_ops_runtime.py:40: SAWarning: Cannot correctly sort tables; there are unresolvable cycles between tables "content_tasks, content_versions, generation_jobs, publication_verifications, publication_works, published_articles, published_content_issues", which is usually caused by mutually dependent foreign key constraints.  Foreign key constraints involving these tables will not be considered; this warning may raise an error in a future release.

tests/integration/test_geo_ops_runtime.py::test_additive_migration_and_concurrent_health_do_not_commit_business
  /Users/sc/PycharmProjects/partsignal/backend/tests/integration/test_geo_ops_runtime.py:40: SAWarning: Can't validate argument 'dialect_options'; can't locate any SQLAlchemy dialect named 'dialect'

tests/integration/test_geo_profile_test_migration.py::test_0052_forward_invalidates_only_current_api_qualification
  /Users/sc/PycharmProjects/partsignal/backend/tests/integration/test_geo_profile_test_migration.py:77: SAWarning: Cannot correctly sort tables; there are unresolvable cycles between tables "content_tasks, content_versions, generation_jobs, publication_verifications, publication_works, published_articles, published_content_issues", which is usually caused by mutually dependent foreign key constraints.  Foreign key constraints involving these tables will not be considered; this warning may raise an error in a future release.

tests/integration/test_geo_profile_test_migration.py::test_0052_forward_invalidates_only_current_api_qualification
  /Users/sc/PycharmProjects/partsignal/backend/tests/integration/test_geo_profile_test_migration.py:77: SAWarning: Can't validate argument 'dialect_options'; can't locate any SQLAlchemy dialect named 'dialect'

tests/integration/test_geo_prompt_variants.py::test_additive_migration_metadata_and_safe_stop
  /Users/sc/PycharmProjects/partsignal/backend/tests/integration/test_geo_prompt_variants.py:176: SAWarning: Cannot correctly sort tables; there are unresolvable cycles between tables "content_tasks, content_versions, generation_jobs, publication_verifications, publication_works, published_articles, published_content_issues", which is usually caused by mutually dependent foreign key constraints.  Foreign key constraints involving these tables will not be considered; this warning may raise an error in a future release.

tests/integration/test_geo_prompt_variants.py::test_additive_migration_metadata_and_safe_stop
  /Users/sc/PycharmProjects/partsignal/backend/tests/integration/test_geo_prompt_variants.py:176: SAWarning: Can't validate argument 'dialect_options'; can't locate any SQLAlchemy dialect named 'dialect'

tests/integration/test_geo_retention.py::test_retention_schema_matches_models
  /Users/sc/PycharmProjects/partsignal/backend/tests/integration/test_geo_retention.py:376: SAWarning: Cannot correctly sort tables; there are unresolvable cycles between tables "content_tasks, content_versions, generation_jobs, publication_verifications, publication_works, published_articles, published_content_issues", which is usually caused by mutually dependent foreign key constraints.  Foreign key constraints involving these tables will not be considered; this warning may raise an error in a future release.

tests/integration/test_geo_retention.py::test_retention_schema_matches_models
  /Users/sc/PycharmProjects/partsignal/backend/tests/integration/test_geo_retention.py:376: SAWarning: Can't validate argument 'dialect_options'; can't locate any SQLAlchemy dialect named 'dialect'

tests/integration/test_geo_retest_migration.py::test_nonempty_0060_forward_matches_metadata_preserves_history_and_safe_downgrade
  /Users/sc/PycharmProjects/partsignal/backend/tests/integration/test_geo_retest_migration.py:266: SAWarning: Cannot correctly sort tables; there are unresolvable cycles between tables "content_tasks, content_versions, generation_jobs, publication_verifications, publication_works, published_articles, published_content_issues", which is usually caused by mutually dependent foreign key constraints.  Foreign key constraints involving these tables will not be considered; this warning may raise an error in a future release.

tests/integration/test_geo_retest_migration.py::test_nonempty_0060_forward_matches_metadata_preserves_history_and_safe_downgrade
  /Users/sc/PycharmProjects/partsignal/backend/tests/integration/test_geo_retest_migration.py:266: SAWarning: Can't validate argument 'dialect_options'; can't locate any SQLAlchemy dialect named 'dialect'

tests/integration/test_geo_rule_snapshots.py::test_forward_preserves_v1_nonempty_history_and_rule_metadata
  /Users/sc/PycharmProjects/partsignal/backend/tests/integration/test_geo_rule_snapshots.py:67: SAWarning: Cannot correctly sort tables; there are unresolvable cycles between tables "content_tasks, content_versions, generation_jobs, publication_verifications, publication_works, published_articles, published_content_issues", which is usually caused by mutually dependent foreign key constraints.  Foreign key constraints involving these tables will not be considered; this warning may raise an error in a future release.

tests/integration/test_geo_rule_snapshots.py::test_forward_preserves_v1_nonempty_history_and_rule_metadata
  /Users/sc/PycharmProjects/partsignal/backend/tests/integration/test_geo_rule_snapshots.py:67: SAWarning: Can't validate argument 'dialect_options'; can't locate any SQLAlchemy dialect named 'dialect'

tests/integration/test_geo_run_migration.py::test_forward_preserves_nonempty_old_geo_and_matches_metadata
  /Users/sc/PycharmProjects/partsignal/backend/tests/integration/test_geo_run_migration.py:78: SAWarning: Cannot correctly sort tables; there are unresolvable cycles between tables "content_tasks, content_versions, generation_jobs, publication_verifications, publication_works, published_articles, published_content_issues", which is usually caused by mutually dependent foreign key constraints.  Foreign key constraints involving these tables will not be considered; this warning may raise an error in a future release.

tests/integration/test_geo_run_migration.py::test_forward_preserves_nonempty_old_geo_and_matches_metadata
  /Users/sc/PycharmProjects/partsignal/backend/tests/integration/test_geo_run_migration.py:78: SAWarning: Can't validate argument 'dialect_options'; can't locate any SQLAlchemy dialect named 'dialect'

tests/integration/test_geo_surfaces_profiles.py::test_old_head_forward_preserves_rows_metadata_and_downgrade_stops
  /Users/sc/PycharmProjects/partsignal/backend/tests/integration/test_geo_surfaces_profiles.py:217: SAWarning: Cannot correctly sort tables; there are unresolvable cycles between tables "content_tasks, content_versions, generation_jobs, publication_verifications, publication_works, published_articles, published_content_issues", which is usually caused by mutually dependent foreign key constraints.  Foreign key constraints involving these tables will not be considered; this warning may raise an error in a future release.

tests/integration/test_geo_surfaces_profiles.py::test_old_head_forward_preserves_rows_metadata_and_downgrade_stops
  /Users/sc/PycharmProjects/partsignal/backend/tests/integration/test_geo_surfaces_profiles.py:217: SAWarning: Can't validate argument 'dialect_options'; can't locate any SQLAlchemy dialect named 'dialect'

-- Docs: https://docs.pytest.org/en/stable/how-to/capture-warnings.html
1170 passed, 43 warnings in 602.05s (0:10:02)
/Library/Developer/CommandLineTools/usr/bin/make test-geo-recovery-integration
docker compose --env-file .env -f deploy/compose.dev.yaml up -d --wait postgres redis
 Container partsignal-dev-redis-1 Running 
 Container partsignal-dev-postgres-1 Running 
 Container partsignal-dev-redis-1 Waiting 
 Container partsignal-dev-postgres-1 Waiting 
 Container partsignal-dev-postgres-1 Healthy 
 Container partsignal-dev-redis-1 Healthy 
UV_CACHE_DIR=/Users/sc/PycharmProjects/partsignal/.cache/uv uv run --project backend python deploy/scripts/test-geo-recovery-integration.py
......                                                                   [100%]
6 passed in 17.43s
docker compose --env-file .env -f deploy/compose.dev.yaml run --rm -e GEO_PERF_PHASE=candidate -e GEO_PERF_OUTPUT=/app/tests/performance/.results/candidate backend-test pytest -s tests/performance/test_geo_insight_performance.py
 Container partsignal-dev-redis-1 Running 
 Container partsignal-dev-fake-oss-1 Running 
 Container partsignal-dev-postgres-1 Running 
 Container partsignal-dev-postgres-1 Waiting 
 Container partsignal-dev-redis-1 Waiting 
 Container partsignal-dev-fake-oss-1 Waiting 
 Container partsignal-dev-redis-1 Healthy 
 Container partsignal-dev-postgres-1 Healthy 
 Container partsignal-dev-fake-oss-1 Healthy 
 Container partsignal-dev-backend-test-run-ba997213e9e1 Creating 
 Container partsignal-dev-backend-test-run-ba997213e9e1 Created 
INFO  [alembic.runtime.migration] Context impl PostgresqlImpl.
INFO  [alembic.runtime.migration] Will assume transactional DDL.
INFO  [alembic.runtime.migration] Running upgrade  -> 0001_identity_audit, 创建身份、会话和审计表。
INFO  [alembic.runtime.migration] Running upgrade 0001_identity_audit -> 0002_product_facts, 创建规范化产品事实和不可变事实版本。
INFO  [alembic.runtime.migration] Running upgrade 0002_product_facts -> 0003_content_planning, 创建目标问题、平台规则版本和内容任务。
INFO  [alembic.runtime.migration] Running upgrade 0003_content_planning -> 0004_content_production, 创建 PostgreSQL 权威生成作业和不可变 Markdown 内容版本。
INFO  [alembic.runtime.migration] Running upgrade 0004_content_production -> 0005_content_review, 创建追加式内容审核记录。
INFO  [alembic.runtime.migration] Running upgrade 0005_content_review -> 0006_publication, 创建平台账号、人工发布记录和状态事件。
INFO  [alembic.runtime.migration] Running upgrade 0006_publication -> 0007_geo_observation, 创建追加式 GEO 观测及引用关联。
INFO  [alembic.runtime.migration] Running upgrade 0007_geo_observation -> 0008_files, 创建文件生命周期、附件关联并补加证据文件外键。
INFO  [alembic.runtime.migration] Running upgrade 0008_files -> 0009_config_center, 迁移账号类型、配置中心与真实 AI 生成字段。
INFO  [alembic.runtime.migration] Running upgrade 0009_config_center -> 0010_user_cleanup, 清理旧版职责账号并强制既有内容工程师改密。
INFO  [alembic.runtime.migration] Running upgrade 0010_user_cleanup -> 0011_generation_reliability, 增加生成作业补投递诊断字段与到期扫描索引。
INFO  [alembic.runtime.migration] Running upgrade 0011_generation_reliability -> 0012_ai_data_classification, 为生成输入增加显式数据分级与责任人记录。
INFO  [alembic.runtime.migration] Running upgrade 0012_ai_data_classification -> 0013_publication_closure, 增加发布异常待办、修复任务来源和发布平台一致性门禁。
INFO  [alembic.runtime.migration] Running upgrade 0013_publication_closure -> 0014_platform_prompt_ownership, 将当前 Prompt 所有权从平台类型迁移到具体平台。
INFO  [alembic.runtime.migration] Running upgrade 0014_platform_prompt_ownership -> 0015_platform_rule_draft_editing, 允许按修订号编辑平台规则草稿，并继续冻结已激活或退役正文。
INFO  [alembic.runtime.migration] Running upgrade 0015_platform_rule_draft_editing -> 0016_fact_review_cleanup, 允许受约束删除事实版本时清理其从属审核记录。
INFO  [alembic.runtime.migration] Running upgrade 0016_fact_review_cleanup -> 0017_content_humanization, 增加全局自然化 Prompt，并让现有 AI 作业承载自然化修订。
INFO  [alembic.runtime.migration] Running upgrade 0017_content_humanization -> 0018_manual_geo_observation, 增加产品级人工 GEO 观测，并保留旧模型观测历史。
INFO  [alembic.runtime.migration] Running upgrade 0018_manual_geo_observation -> 0019_product_driven_tasks, 允许新内容任务直接围绕产品创建，同时保留历史目标问题关联。
INFO  [alembic.runtime.migration] Running upgrade 0019_product_driven_tasks -> 0020_platform_branding_task_list, 为具体平台增加官网与单一来源 Logo。
INFO  [alembic.runtime.migration] Running upgrade 0020_platform_branding_task_list -> 0021_ai_channel_model_management, 补齐 AI 渠道身份字段与使用统计索引。
INFO  [alembic.runtime.migration] Running upgrade 0021_ai_channel_model_management -> 0022_geo_observation_insights, 补充人工 GEO 逐篇阶段事实与问题主题约束。
INFO  [alembic.runtime.migration] Running upgrade 0022_geo_observation_insights -> 0023_platform_management, 增加具体平台启停状态与管理聚合索引。
INFO  [alembic.runtime.migration] Running upgrade 0023_platform_management -> 0024_audit_outcome, 补齐审计模块、命令结果和安全结果说明。
INFO  [alembic.runtime.migration] Running upgrade 0024_audit_outcome -> 0025_markdown_facts, 将结构化产品事实收敛为 Markdown，并让内容任务直接绑定平台。
INFO  [alembic.runtime.migration] Running upgrade 0025_markdown_facts -> 0026_publication_account_dedup, 补齐发布账号修订约束，并阻止同平台规范化账号标识重复。
INFO  [alembic.runtime.migration] Running upgrade 0026_publication_account_dedup -> 0027_audit_user_delete_guard, 只允许受约束用户删除把匹配审计操作者置空。
INFO  [alembic.runtime.migration] Running upgrade 0027_audit_user_delete_guard -> 0028_platform_logo_lifecycle, 增加平台 Logo 的未引用保留、幂等删除状态与数据库门禁。
INFO  [alembic.runtime.migration] Running upgrade 0028_platform_logo_lifecycle -> 0029_geo_evidence_management, 收敛人工 GEO 独立事实，并为完整更正链删除增加事务门禁。
INFO  [alembic.runtime.migration] Running upgrade 0029_geo_evidence_management -> 0030_publication_record_delete, 为从未公开的发布聚合增加事务级受控删除门禁。
INFO  [alembic.runtime.migration] Running upgrade 0030_publication_record_delete -> 0031_reusable_platform_prompts, 把平台私有 Prompt 收敛为可复用模板和平台当前绑定。
INFO  [alembic.runtime.migration] Running upgrade 0031_reusable_platform_prompts -> 0032_content_task_idempotency, 为普通内容任务创建增加持久化请求键幂等约束。
INFO  [alembic.runtime.migration] Running upgrade 0032_content_task_idempotency -> 0033_task_owned_history_delete, 允许受控删除已取消任务自有的未批准生产历史。
INFO  [alembic.runtime.migration] Running upgrade 0033_task_owned_history_delete -> 0034_publication_redesign, 以发布工作、首次核验成果和发布后内容问题替换旧发布记录。
INFO  [alembic.runtime.migration] Running upgrade 0034_publication_redesign -> 0035_business_workflow, 建立事实提交、内容单主线、发布版本快照与 GEO 来源合同。
INFO  [alembic.runtime.migration] Running upgrade 0035_business_workflow -> 0036_remove_section_url, 删除没有稳定业务含义的发布栏目地址。
INFO  [alembic.runtime.migration] Running upgrade 0036_remove_section_url -> 0037_simplify_deletion_lifecycle, 收缩任务、配置与审计的删除生命周期。
INFO  [alembic.runtime.migration] Running upgrade 0037_simplify_deletion_lifecycle -> 0038_published_article_delete, 允许受控删除无 GEO 引用的发布成果聚合。
INFO  [alembic.runtime.migration] Running upgrade 0038_published_article_delete -> 0039_article_delete_platform, 允许归档任务在删除失效平台的发布成果后转为已取消。
INFO  [alembic.runtime.migration] Running upgrade 0039_article_delete_platform -> 0040_content_draft_management, 允许当前人工未审核草稿受控保存和彻底删除。
INFO  [alembic.runtime.migration] Running upgrade 0040_content_draft_management -> 0041_content_task_list, 补齐内容任务列表的稳定更新时间与排序索引。
INFO  [alembic.runtime.migration] Running upgrade 0041_content_task_list -> 0042_content_version_detail, 记录内容版本自身的真实更新时间。
INFO  [alembic.runtime.migration] Running upgrade 0042_content_version_detail -> 0043_geo_platform_identity, 冻结发布工作的平台 UUID，避免配置删除后 GEO 历史失去身份。
INFO  [alembic.runtime.migration] Running upgrade 0043_geo_platform_identity -> 0044_geo_catalog, 新增 GEO Catalog 三表；冻结本 revision，不读取运行时 ORM。
INFO  [alembic.runtime.migration] Running upgrade 0044_geo_catalog -> 0045_geo_prompt_variants, 仅新增问题变体，冻结规范化及历史锁存，不回填旧问题数组。
INFO  [alembic.runtime.migration] Running upgrade 0045_geo_prompt_variants -> 0046_geo_surfaces_profiles, 新增观测配置与闭合JSON合同；不回填旧GEO或实现运行资格。
INFO  [alembic.runtime.migration] Context impl PostgresqlImpl.
INFO  [alembic.runtime.migration] Will assume transactional DDL.
INFO  [alembic.runtime.migration] Running upgrade 0046_geo_surfaces_profiles -> 0047_geo_monitoring_plans, 仅增加计划配置聚合；不创建批次、运行或改写历史观测。
INFO  [alembic.runtime.migration] Context impl PostgresqlImpl.
INFO  [alembic.runtime.migration] Will assume transactional DDL.
INFO  [alembic.runtime.migration] Running upgrade 0047_geo_monitoring_plans -> 0048_geo_batches_runs, 新增独立回答级 Batch/Run，冻结 DDL 与快照/写入守卫，不迁移旧 GEO。
INFO  [alembic.runtime.migration] Context impl PostgresqlImpl.
INFO  [alembic.runtime.migration] Will assume transactional DDL.
INFO  [alembic.runtime.migration] Running upgrade 0048_geo_batches_runs -> 0049_geo_batch_creation, 创建幂等与批次主体引用；不修改已冻结的 Batch/Run 输入。
INFO  [alembic.runtime.migration] Context impl PostgresqlImpl.
INFO  [alembic.runtime.migration] Will assume transactional DDL.
INFO  [alembic.runtime.migration] Running upgrade 0049_geo_batch_creation -> 0050_geo_answer_evidence, 新增不可变原始回答、引用和受控文件关系；不实现采集命令。
INFO  [alembic.runtime.migration] Running upgrade 0050_geo_answer_evidence -> 0051_geo_manual_collection, 人工草稿和不可变提交身份；不回填或修改已提交证据。
INFO  [alembic.runtime.migration] Running upgrade 0051_geo_manual_collection -> 0052_geo_profile_tests, API Profile 当前诊断资格与依赖失效；不修改业务历史。
INFO  [alembic.runtime.migration] Running upgrade 0052_geo_profile_tests -> 0053_geo_collection_admission, 加法保存预算预留与发送限速事实，历史 Run 和原始证据保持不变。
INFO  [alembic.runtime.migration] Running upgrade 0053_geo_collection_admission -> 0054_geo_analysis_contract, 分析输入/结果、追加复核与限定 current pointer；不回填历史证据。
INFO  [alembic.runtime.migration] Running upgrade 0054_geo_analysis_contract -> 0055_geo_analysis_worker, 分析执行租约与引用结果；不回填或重写已有 revision。
INFO  [alembic.runtime.migration] Running upgrade 0055_geo_analysis_worker -> 0056_geo_run_review, 受控人工复核发布；历史机器结果与Review不回填、不改写。
INFO  [alembic.runtime.migration] Running upgrade 0056_geo_run_review -> 0057_geo_insight_indexes, GEO-607：洞察日期候选索引，不改变历史数据或业务约束。
INFO  [alembic.runtime.migration] Running upgrade 0057_geo_insight_indexes -> 0058_geo_rule_configuration, GEO-701：当前规则配置和不可变 revision 历史，不回填既有评估。
INFO  [alembic.runtime.migration] Running upgrade 0058_geo_rule_configuration -> 0059_geo_opportunities, GEO-702：机会、追加来源/行动/评估及真实 Batch 来源外键。
INFO  [alembic.runtime.migration] Running upgrade 0059_geo_opportunities -> 0060_geo_opportunity_actions, GEO-704：行动来源快照、幂等回执与目标生命周期保护。
INFO  [alembic.runtime.migration] Running upgrade 0060_geo_opportunity_actions -> 0061_geo_retests, GEO-705：严格复测冻结基线、幂等回执和提交时矩阵验证。
INFO  [alembic.runtime.migration] Running upgrade 0061_geo_retests -> 0062_geo_opportunity_decisions, GEO-706：加法保存显式处理和不可变比较证据，不回填历史。
INFO  [alembic.runtime.migration] Running upgrade 0062_geo_opportunity_decisions -> 0063_geo_browser_sessions, GEO-802：仅增加受保护会话引用、撤销事实与审计动作。
INFO  [alembic.runtime.migration] Running upgrade 0063_geo_browser_sessions -> 0064_geo_retention, GEO 终态草稿清理墓碑；不改已提交证据、不回填历史。
INFO  [alembic.runtime.migration] Running upgrade 0064_geo_retention -> 0065_geo_observability, GEO有限运行健康元数据；加法迁移，不回填或修改业务历史。
GEO-607 fixture: 5000/100000
GEO-607 fixture: 10000/100000
GEO-607 fixture: 15000/100000
GEO-607 fixture: 20000/100000
GEO-607 fixture: 25000/100000
GEO-607 fixture: 30000/100000
GEO-607 fixture: 35000/100000
GEO-607 fixture: 40000/100000
GEO-607 fixture: 45000/100000
GEO-607 fixture: 50000/100000
GEO-607 fixture: 55000/100000
GEO-607 fixture: 60000/100000
GEO-607 fixture: 65000/100000
GEO-607 fixture: 70000/100000
GEO-607 fixture: 75000/100000
GEO-607 fixture: 80000/100000
GEO-607 fixture: 85000/100000
GEO-607 fixture: 90000/100000
GEO-607 fixture: 95000/100000
GEO-607 fixture: 100000/100000
overview_product_30d: P95=0.155s, SELECT=15
insights_product_30d: P95=0.250s, SELECT=15
report_product_30d: P95=0.249s, SELECT=16
insights_all_30d: P95=2.872s, SELECT=15
overview_all_30d: P95=1.545s, SELECT=15
.
1 passed in 558.37s (0:09:18)
docker build -f frontend/Dockerfile -t partsignal-frontend-v2:test frontend
#0 building with "colima" instance using docker driver

#1 [internal] load build definition from Dockerfile
#1 transferring dockerfile: 339B done
#1 DONE 0.0s

#2 [internal] load metadata for docker.io/library/node:22-alpine
#2 ...

#3 [internal] load metadata for docker.io/library/nginx:1.27-alpine
#3 DONE 1.7s

#2 [internal] load metadata for docker.io/library/node:22-alpine
#2 DONE 1.7s

#4 [internal] load .dockerignore
#4 transferring context: 137B done
#4 DONE 0.0s

#5 [development 1/5] FROM docker.io/library/node:22-alpine@sha256:0a7108bf6c7bf5de370ffb1a3ed6be93d405b43ff159f681a8d18c0e2bc2e402
#5 resolve docker.io/library/node:22-alpine@sha256:0a7108bf6c7bf5de370ffb1a3ed6be93d405b43ff159f681a8d18c0e2bc2e402 done
#5 DONE 0.0s

#6 [stage-2 1/3] FROM docker.io/library/nginx:1.27-alpine@sha256:65645c7bb6a0661892a8b03b89d0743208a18dd2f3f17a54ef4b76fb8e2f2a10
#6 resolve docker.io/library/nginx:1.27-alpine@sha256:65645c7bb6a0661892a8b03b89d0743208a18dd2f3f17a54ef4b76fb8e2f2a10 done
#6 DONE 0.0s

#7 [internal] load build context
#7 transferring context: 40.20kB 0.0s done
#7 DONE 0.0s

#8 [development 5/5] COPY . .
#8 CACHED

#9 [stage-2 2/3] COPY --from=build /app/dist /usr/share/nginx/html
#9 CACHED

#10 [development 4/5] RUN npm ci
#10 CACHED

#11 [development 2/5] WORKDIR /app
#11 CACHED

#12 [build 1/1] RUN npm run build
#12 CACHED

#13 [development 3/5] COPY package.json package-lock.json ./
#13 CACHED

#14 [stage-2 3/3] COPY nginx.conf /etc/nginx/conf.d/default.conf
#14 CACHED

#15 exporting to image
#15 exporting layers done
#15 exporting manifest sha256:81de82b0eb672f7c9c9fb9b43f8baaafa095d31afce961f84c8b0e814891e335 done
#15 exporting config sha256:0108cd2695f9f1aecce9391609255f2a99c79ef7fa800aa50f916d9296ad8338 done
#15 exporting attestation manifest sha256:87de7ab076ef77861976a71d402a2bf308c92df5fe0e229a0c7cbcb2516d54be done
#15 exporting manifest list sha256:0f6b3936064219d62fc24cb0f613243225d94f10736dcb137a7b95539eb09db6 done
#15 naming to docker.io/library/partsignal-frontend-v2:test done
#15 unpacking to docker.io/library/partsignal-frontend-v2:test done
#15 DONE 0.0s
docker build -f backend/Dockerfile -t partsignal-backend:test backend
#0 building with "colima" instance using docker driver

#1 [internal] load build definition from Dockerfile
#1 transferring dockerfile: 594B done
#1 DONE 0.0s

#2 [internal] load metadata for docker.io/library/python:3.12-slim
#2 ...

#3 [auth] astral-sh/uv:pull token for ghcr.io
#3 DONE 0.0s

#4 [internal] load metadata for ghcr.io/astral-sh/uv:0.7.13
#4 DONE 1.8s

#2 [internal] load metadata for docker.io/library/python:3.12-slim
#2 DONE 1.9s

#5 [internal] load .dockerignore
#5 transferring context: 152B done
#5 DONE 0.0s

#6 FROM ghcr.io/astral-sh/uv:0.7.13@sha256:6c1e19020ec221986a210027040044a5df8de762eb36d5240e382bc41d7a9043
#6 resolve ghcr.io/astral-sh/uv:0.7.13@sha256:6c1e19020ec221986a210027040044a5df8de762eb36d5240e382bc41d7a9043 done
#6 DONE 0.0s

#7 [runtime 1/7] FROM docker.io/library/python:3.12-slim@sha256:02108f5d322dd89f1c9e552442c25acb0543dfdbc455693a5599624f20d9155d
#7 resolve docker.io/library/python:3.12-slim@sha256:02108f5d322dd89f1c9e552442c25acb0543dfdbc455693a5599624f20d9155d done
#7 DONE 0.0s

#8 [internal] load build context
#8 transferring context: 14.17MB 0.1s done
#8 DONE 0.1s

#9 [runtime 4/7] COPY pyproject.toml uv.lock* ./
#9 CACHED

#10 [runtime 2/7] WORKDIR /app
#10 CACHED

#11 [runtime 3/7] COPY --from=ghcr.io/astral-sh/uv:0.7.13 /uv /uvx /bin/
#11 CACHED

#12 [runtime 5/7] RUN uv sync --no-dev --no-install-project
#12 CACHED

#13 [runtime 6/7] COPY . .
#13 DONE 0.2s

#14 [runtime 7/7] RUN uv sync --no-dev
#14 0.243 Resolved 88 packages in 3ms
#14 0.246    Building partsignal-backend @ file:///app
#14 3.576       Built partsignal-backend @ file:///app
#14 3.576 Prepared 1 package in 3.33s
#14 3.578 Installed 1 package in 1ms
#14 3.792 Bytecode compiled 2466 files in 213ms
#14 3.792  + partsignal-backend==0.1.0 (from file:///app)
#14 DONE 3.8s

#15 exporting to image
#15 exporting layers
#15 exporting layers 0.8s done
#15 exporting manifest sha256:debc3df7df2271f121398cff089faa8e3ea899f3757c3b328da55c07ce5d4383 done
#15 exporting config sha256:d70ab809fb4bec130735cb7c80a8965fe0cc528983633279ec4cb055325f5d6e done
#15 exporting attestation manifest sha256:74d1bc172d94d235f09f400bcdd8ec5073674328e0718dd6b3f488d384950209 done
#15 exporting manifest list sha256:2b7db2929d33cc1c227255c3b06727985e5506c137eb1cf29179b2ec5addd398 done
#15 naming to docker.io/library/partsignal-backend:test done
#15 unpacking to docker.io/library/partsignal-backend:test
#15 unpacking to docker.io/library/partsignal-backend:test 0.2s done
#15 DONE 1.0s
UV_CACHE_DIR=/Users/sc/PycharmProjects/partsignal/.cache/uv uv run --project backend python deploy/scripts/test-geo-browser-contract.py 
✔ 本地参考Adapter：streaming完整结果 (728.572333ms)
✔ 本地参考Adapter：paused-stream完整结果 (709.868459ms)
✔ 本地参考Adapter：early-complete完整结果 (417.621042ms)
✔ 本地参考Adapter：no-citations完整结果 (368.534458ms)
✔ 本地参考Adapter：unknown-metadata完整结果 (416.245958ms)
✔ 本地参考Adapter：sensitive-ui完整结果 (447.818916ms)
✔ 本地参考Adapter：已登录context (418.679625ms)
✔ 本地参考Adapter：匿名context不继承登录资料 (73.0205ms)
✔ 本地参考Adapter：expired-login稳定失败 (45.649333ms)
✔ 本地参考Adapter：selector-changed稳定失败 (45.3305ms)
✔ 本地参考Adapter：challenge稳定失败 (47.88625ms)
✔ 本地参考Adapter：answer-selector-changed稳定失败 (195.077625ms)
✔ 本地参考Adapter：duplicate-answer稳定失败 (202.251417ms)
✔ 本地参考Adapter：challenge-after-send稳定失败 (147.932167ms)
✔ 本地参考Adapter：login-after-send稳定失败 (150.210916ms)
✔ 本地参考Adapter：timeout稳定失败 (1224.675167ms)
✔ 本地参考Adapter：empty-answer稳定失败 (433.183667ms)
✔ 本地参考Adapter：发送授权拒绝 (110.169917ms)
✔ 本地参考Adapter：回答大小上限 (406.663459ms)
✔ 套件拒绝完成信号出现时立即返回的部分答案 (716.054375ms)
✔ 套件拒绝丢失晚到引用或把重复URL静默合并 (431.860167ms)
✔ 套件以真实POST记录拒绝发送后自动重复调用 (846.285625ms)
✔ 套件拒绝吞掉selector失败并伪装成功 (54.120458ms)
✔ 套件拒绝异常摘要及编码形式敏感值泄漏 (401.360083ms)
✔ 敏感UI确实存在且登录/临时storage不跨context，未存截图或trace (109.501459ms)
✔ 非fixture HTTP导航和WebSocket都在发包前被拒绝 (103.728542ms)
✔ 模拟站多实例、attempt隔离；重复POST不去重且观测不保留正文 (100.060167ms)
ℹ tests 27
ℹ suites 0
ℹ pass 27
ℹ fail 0
ℹ cancelled 0
ℹ skipped 0
ℹ todo 0
ℹ duration_ms 9524.812625
BROWSER_CONTRACT_RESULT tests=0 typed_results=18 secret_scan=0 external_network=blocked
PARTSIGNAL_E2E_GEO_MODE= PARTSIGNAL_E2E_SPEC= deploy/scripts/e2e-local.sh
E2E_SECRET_REGISTRATION status=ready
INFO  [alembic.runtime.migration] Context impl PostgresqlImpl.
INFO  [alembic.runtime.migration] Will assume transactional DDL.
INFO  [alembic.runtime.migration] Running upgrade  -> 0001_identity_audit, 创建身份、会话和审计表。
INFO  [alembic.runtime.migration] Running upgrade 0001_identity_audit -> 0002_product_facts, 创建规范化产品事实和不可变事实版本。
INFO  [alembic.runtime.migration] Running upgrade 0002_product_facts -> 0003_content_planning, 创建目标问题、平台规则版本和内容任务。
INFO  [alembic.runtime.migration] Running upgrade 0003_content_planning -> 0004_content_production, 创建 PostgreSQL 权威生成作业和不可变 Markdown 内容版本。
INFO  [alembic.runtime.migration] Running upgrade 0004_content_production -> 0005_content_review, 创建追加式内容审核记录。
INFO  [alembic.runtime.migration] Running upgrade 0005_content_review -> 0006_publication, 创建平台账号、人工发布记录和状态事件。
INFO  [alembic.runtime.migration] Running upgrade 0006_publication -> 0007_geo_observation, 创建追加式 GEO 观测及引用关联。
INFO  [alembic.runtime.migration] Running upgrade 0007_geo_observation -> 0008_files, 创建文件生命周期、附件关联并补加证据文件外键。
INFO  [alembic.runtime.migration] Running upgrade 0008_files -> 0009_config_center, 迁移账号类型、配置中心与真实 AI 生成字段。
INFO  [alembic.runtime.migration] Running upgrade 0009_config_center -> 0010_user_cleanup, 清理旧版职责账号并强制既有内容工程师改密。
INFO  [alembic.runtime.migration] Running upgrade 0010_user_cleanup -> 0011_generation_reliability, 增加生成作业补投递诊断字段与到期扫描索引。
INFO  [alembic.runtime.migration] Running upgrade 0011_generation_reliability -> 0012_ai_data_classification, 为生成输入增加显式数据分级与责任人记录。
INFO  [alembic.runtime.migration] Running upgrade 0012_ai_data_classification -> 0013_publication_closure, 增加发布异常待办、修复任务来源和发布平台一致性门禁。
INFO  [alembic.runtime.migration] Running upgrade 0013_publication_closure -> 0014_platform_prompt_ownership, 将当前 Prompt 所有权从平台类型迁移到具体平台。
INFO  [alembic.runtime.migration] Running upgrade 0014_platform_prompt_ownership -> 0015_platform_rule_draft_editing, 允许按修订号编辑平台规则草稿，并继续冻结已激活或退役正文。
INFO  [alembic.runtime.migration] Running upgrade 0015_platform_rule_draft_editing -> 0016_fact_review_cleanup, 允许受约束删除事实版本时清理其从属审核记录。
INFO  [alembic.runtime.migration] Running upgrade 0016_fact_review_cleanup -> 0017_content_humanization, 增加全局自然化 Prompt，并让现有 AI 作业承载自然化修订。
INFO  [alembic.runtime.migration] Running upgrade 0017_content_humanization -> 0018_manual_geo_observation, 增加产品级人工 GEO 观测，并保留旧模型观测历史。
INFO  [alembic.runtime.migration] Running upgrade 0018_manual_geo_observation -> 0019_product_driven_tasks, 允许新内容任务直接围绕产品创建，同时保留历史目标问题关联。
INFO  [alembic.runtime.migration] Running upgrade 0019_product_driven_tasks -> 0020_platform_branding_task_list, 为具体平台增加官网与单一来源 Logo。
INFO  [alembic.runtime.migration] Running upgrade 0020_platform_branding_task_list -> 0021_ai_channel_model_management, 补齐 AI 渠道身份字段与使用统计索引。
INFO  [alembic.runtime.migration] Running upgrade 0021_ai_channel_model_management -> 0022_geo_observation_insights, 补充人工 GEO 逐篇阶段事实与问题主题约束。
INFO  [alembic.runtime.migration] Running upgrade 0022_geo_observation_insights -> 0023_platform_management, 增加具体平台启停状态与管理聚合索引。
INFO  [alembic.runtime.migration] Running upgrade 0023_platform_management -> 0024_audit_outcome, 补齐审计模块、命令结果和安全结果说明。
INFO  [alembic.runtime.migration] Running upgrade 0024_audit_outcome -> 0025_markdown_facts, 将结构化产品事实收敛为 Markdown，并让内容任务直接绑定平台。
INFO  [alembic.runtime.migration] Running upgrade 0025_markdown_facts -> 0026_publication_account_dedup, 补齐发布账号修订约束，并阻止同平台规范化账号标识重复。
INFO  [alembic.runtime.migration] Running upgrade 0026_publication_account_dedup -> 0027_audit_user_delete_guard, 只允许受约束用户删除把匹配审计操作者置空。
INFO  [alembic.runtime.migration] Running upgrade 0027_audit_user_delete_guard -> 0028_platform_logo_lifecycle, 增加平台 Logo 的未引用保留、幂等删除状态与数据库门禁。
INFO  [alembic.runtime.migration] Running upgrade 0028_platform_logo_lifecycle -> 0029_geo_evidence_management, 收敛人工 GEO 独立事实，并为完整更正链删除增加事务门禁。
INFO  [alembic.runtime.migration] Running upgrade 0029_geo_evidence_management -> 0030_publication_record_delete, 为从未公开的发布聚合增加事务级受控删除门禁。
INFO  [alembic.runtime.migration] Running upgrade 0030_publication_record_delete -> 0031_reusable_platform_prompts, 把平台私有 Prompt 收敛为可复用模板和平台当前绑定。
INFO  [alembic.runtime.migration] Running upgrade 0031_reusable_platform_prompts -> 0032_content_task_idempotency, 为普通内容任务创建增加持久化请求键幂等约束。
INFO  [alembic.runtime.migration] Running upgrade 0032_content_task_idempotency -> 0033_task_owned_history_delete, 允许受控删除已取消任务自有的未批准生产历史。
INFO  [alembic.runtime.migration] Running upgrade 0033_task_owned_history_delete -> 0034_publication_redesign, 以发布工作、首次核验成果和发布后内容问题替换旧发布记录。
INFO  [alembic.runtime.migration] Running upgrade 0034_publication_redesign -> 0035_business_workflow, 建立事实提交、内容单主线、发布版本快照与 GEO 来源合同。
INFO  [alembic.runtime.migration] Running upgrade 0035_business_workflow -> 0036_remove_section_url, 删除没有稳定业务含义的发布栏目地址。
INFO  [alembic.runtime.migration] Running upgrade 0036_remove_section_url -> 0037_simplify_deletion_lifecycle, 收缩任务、配置与审计的删除生命周期。
INFO  [alembic.runtime.migration] Running upgrade 0037_simplify_deletion_lifecycle -> 0038_published_article_delete, 允许受控删除无 GEO 引用的发布成果聚合。
INFO  [alembic.runtime.migration] Running upgrade 0038_published_article_delete -> 0039_article_delete_platform, 允许归档任务在删除失效平台的发布成果后转为已取消。
INFO  [alembic.runtime.migration] Running upgrade 0039_article_delete_platform -> 0040_content_draft_management, 允许当前人工未审核草稿受控保存和彻底删除。
INFO  [alembic.runtime.migration] Running upgrade 0040_content_draft_management -> 0041_content_task_list, 补齐内容任务列表的稳定更新时间与排序索引。
INFO  [alembic.runtime.migration] Running upgrade 0041_content_task_list -> 0042_content_version_detail, 记录内容版本自身的真实更新时间。
INFO  [alembic.runtime.migration] Running upgrade 0042_content_version_detail -> 0043_geo_platform_identity, 冻结发布工作的平台 UUID，避免配置删除后 GEO 历史失去身份。
INFO  [alembic.runtime.migration] Running upgrade 0043_geo_platform_identity -> 0044_geo_catalog, 新增 GEO Catalog 三表；冻结本 revision，不读取运行时 ORM。
INFO  [alembic.runtime.migration] Running upgrade 0044_geo_catalog -> 0045_geo_prompt_variants, 仅新增问题变体，冻结规范化及历史锁存，不回填旧问题数组。
INFO  [alembic.runtime.migration] Running upgrade 0045_geo_prompt_variants -> 0046_geo_surfaces_profiles, 新增观测配置与闭合JSON合同；不回填旧GEO或实现运行资格。
INFO  [alembic.runtime.migration] Running upgrade 0046_geo_surfaces_profiles -> 0047_geo_monitoring_plans, 仅增加计划配置聚合；不创建批次、运行或改写历史观测。
INFO  [alembic.runtime.migration] Running upgrade 0047_geo_monitoring_plans -> 0048_geo_batches_runs, 新增独立回答级 Batch/Run，冻结 DDL 与快照/写入守卫，不迁移旧 GEO。
INFO  [alembic.runtime.migration] Running upgrade 0048_geo_batches_runs -> 0049_geo_batch_creation, 创建幂等与批次主体引用；不修改已冻结的 Batch/Run 输入。
INFO  [alembic.runtime.migration] Running upgrade 0049_geo_batch_creation -> 0050_geo_answer_evidence, 新增不可变原始回答、引用和受控文件关系；不实现采集命令。
INFO  [alembic.runtime.migration] Running upgrade 0050_geo_answer_evidence -> 0051_geo_manual_collection, 人工草稿和不可变提交身份；不回填或修改已提交证据。
INFO  [alembic.runtime.migration] Running upgrade 0051_geo_manual_collection -> 0052_geo_profile_tests, API Profile 当前诊断资格与依赖失效；不修改业务历史。
INFO  [alembic.runtime.migration] Running upgrade 0052_geo_profile_tests -> 0053_geo_collection_admission, 加法保存预算预留与发送限速事实，历史 Run 和原始证据保持不变。
INFO  [alembic.runtime.migration] Running upgrade 0053_geo_collection_admission -> 0054_geo_analysis_contract, 分析输入/结果、追加复核与限定 current pointer；不回填历史证据。
INFO  [alembic.runtime.migration] Running upgrade 0054_geo_analysis_contract -> 0055_geo_analysis_worker, 分析执行租约与引用结果；不回填或重写已有 revision。
INFO  [alembic.runtime.migration] Running upgrade 0055_geo_analysis_worker -> 0056_geo_run_review, 受控人工复核发布；历史机器结果与Review不回填、不改写。
INFO  [alembic.runtime.migration] Running upgrade 0056_geo_run_review -> 0057_geo_insight_indexes, GEO-607：洞察日期候选索引，不改变历史数据或业务约束。
INFO  [alembic.runtime.migration] Running upgrade 0057_geo_insight_indexes -> 0058_geo_rule_configuration, GEO-701：当前规则配置和不可变 revision 历史，不回填既有评估。
INFO  [alembic.runtime.migration] Running upgrade 0058_geo_rule_configuration -> 0059_geo_opportunities, GEO-702：机会、追加来源/行动/评估及真实 Batch 来源外键。
INFO  [alembic.runtime.migration] Running upgrade 0059_geo_opportunities -> 0060_geo_opportunity_actions, GEO-704：行动来源快照、幂等回执与目标生命周期保护。
INFO  [alembic.runtime.migration] Running upgrade 0060_geo_opportunity_actions -> 0061_geo_retests, GEO-705：严格复测冻结基线、幂等回执和提交时矩阵验证。
INFO  [alembic.runtime.migration] Running upgrade 0061_geo_retests -> 0062_geo_opportunity_decisions, GEO-706：加法保存显式处理和不可变比较证据，不回填历史。
INFO  [alembic.runtime.migration] Running upgrade 0062_geo_opportunity_decisions -> 0063_geo_browser_sessions, GEO-802：仅增加受保护会话引用、撤销事实与审计动作。
INFO  [alembic.runtime.migration] Running upgrade 0063_geo_browser_sessions -> 0064_geo_retention, GEO 终态草稿清理墓碑；不改已提交证据、不回填历史。
INFO  [alembic.runtime.migration] Running upgrade 0064_geo_retention -> 0065_geo_observability, GEO有限运行健康元数据；加法迁移，不回填或修改业务历史。

> partsignal-frontend-v2@0.1.0 build
> tsc -b && vite build --config vite.config.ts

vite v8.2.1 building client environment for production...
[2Ktransforming...✓ 3007 modules transformed.
rendering chunks...
computing gzip size...
dist/index.html                                                    0.57 kB │ gzip:   0.34 kB
dist/assets/index-Btqa2CjT.css                                    83.46 kB │ gzip:  14.39 kB
dist/assets/queryOptions-Dfvzj6n2.js                               0.03 kB │ gzip:   0.05 kB
dist/assets/route-5zGdn2Pu.js                                      0.07 kB │ gzip:   0.08 kB
dist/assets/route-AFUjE5vR.js                                      0.07 kB │ gzip:   0.08 kB
dist/assets/route-Bdkyf40J.js                                      0.07 kB │ gzip:   0.08 kB
dist/assets/route-BnOgN25L.js                                      0.07 kB │ gzip:   0.08 kB
dist/assets/route-CACU0Ncw.js                                      0.07 kB │ gzip:   0.08 kB
dist/assets/route-CAUin8c-.js                                      0.07 kB │ gzip:   0.08 kB
dist/assets/route-CtPZVZSG.js                                      0.07 kB │ gzip:   0.08 kB
dist/assets/route-DM9PFocW.js                                      0.07 kB │ gzip:   0.08 kB
dist/assets/route-DZLPx2O5.js                                      0.07 kB │ gzip:   0.08 kB
dist/assets/route-Dfp-b3_F.js                                      0.07 kB │ gzip:   0.08 kB
dist/assets/route-DrhND8Ss.js                                      0.07 kB │ gzip:   0.08 kB
dist/assets/route-DwBi_ZMu.js                                      0.07 kB │ gzip:   0.08 kB
dist/assets/route-SgbaIUWS.js                                      0.07 kB │ gzip:   0.08 kB
dist/assets/route-Tim3UNye.js                                      0.07 kB │ gzip:   0.08 kB
dist/assets/coerce-B78vORRP.js                                     0.08 kB │ gzip:   0.10 kB
dist/assets/isElementDisabled-KSuuBj8D.js                          0.11 kB │ gzip:   0.11 kB
dist/assets/not-found-i5RsCZif.js                                  0.11 kB │ gzip:   0.11 kB
dist/assets/chevron-right-CZUYejgz.js                              0.13 kB │ gzip:   0.14 kB
dist/assets/canonical-uuid-BTSOyHjG.js                             0.13 kB │ gzip:   0.13 kB
dist/assets/matchContext-B0YTMpvO.js                               0.16 kB │ gzip:   0.14 kB
dist/assets/settings.ai-CipVaq6G.js                                0.21 kB │ gzip:   0.20 kB
dist/assets/geo-rules-BWrkKy45.js                                  0.21 kB │ gzip:   0.20 kB
dist/assets/_taskId_.editor-_qjLAkbp.js                            0.22 kB │ gzip:   0.20 kB
dist/assets/_taskId_.review-zeX8OAEE.js                            0.22 kB │ gzip:   0.20 kB
dist/assets/route-DFljbmbX.js                                      0.22 kB │ gzip:   0.20 kB
dist/assets/system.audit-qBeF2bb1.js                               0.22 kB │ gzip:   0.20 kB
dist/assets/system.users-0TM8kiXu.js                               0.22 kB │ gzip:   0.20 kB
dist/assets/settings.prompts-9jQdIs2s.js                           0.22 kB │ gzip:   0.20 kB
dist/assets/print-1ZzneeRB.js                                      0.22 kB │ gzip:   0.18 kB
dist/assets/_taskId-Vsd3-0WC.js                                    0.22 kB │ gzip:   0.21 kB
dist/assets/settings.platforms.types-C4NjYBws.js                   0.22 kB │ gzip:   0.21 kB
dist/assets/versions_._versionId-BW6wP3pa.js                       0.22 kB │ gzip:   0.21 kB
dist/assets/_platformId-BeKfjBVf.js                                0.22 kB │ gzip:   0.20 kB
dist/assets/settings.ai_._channelId-Z_MUrH5D.js                    0.22 kB │ gzip:   0.20 kB
dist/assets/_observationId-B3QjNhkV.js                             0.23 kB │ gzip:   0.21 kB
dist/assets/useControlled-DMK4Pb-8.js                              0.24 kB │ gzip:   0.21 kB
dist/assets/skeleton-Ged3Zc9T.js                                   0.24 kB │ gzip:   0.20 kB
dist/assets/table-shell-BGuXgMNH.js                                0.33 kB │ gzip:   0.24 kB
dist/assets/usePopupHandleStore-BirVG9ro.js                        0.35 kB │ gzip:   0.25 kB
dist/assets/reports-DrjRbyyp.js                                    0.42 kB │ gzip:   0.29 kB
dist/assets/table-toolbar-JNNhOzlg.js                              0.42 kB │ gzip:   0.27 kB
dist/assets/table-skeleton-G-FjuOli.js                             0.45 kB │ gzip:   0.35 kB
dist/assets/route-error-Bl0menBv.js                                0.46 kB │ gzip:   0.31 kB
dist/assets/_productId-Cu3oT6KN.js                                 0.49 kB │ gzip:   0.35 kB
dist/assets/_productId_.facts-C-S7KVKf.js                          0.50 kB │ gzip:   0.36 kB
dist/assets/_productId_.facts_.versions_._versionId-996oc21h.js    0.50 kB │ gzip:   0.36 kB
dist/assets/_productId_.facts_.review-CtF33cCX.js                  0.50 kB │ gzip:   0.37 kB
dist/assets/_observationId_.correct-DHL12dqm.js                    0.51 kB │ gzip:   0.37 kB
dist/assets/useCompositeItem-BGClVRCY.js                           0.54 kB │ gzip:   0.37 kB
dist/assets/empty-table-DARB4g0g.js                                0.55 kB │ gzip:   0.33 kB
dist/assets/_observationId_.correct-BhD51Jxi.js                    0.58 kB │ gzip:   0.31 kB
dist/assets/content-version.model-BVKgM5xI.js                      0.61 kB │ gzip:   0.43 kB
dist/assets/detail-section-Dm8gVxQG.js                             0.63 kB │ gzip:   0.34 kB
dist/assets/return-to-BzbJXkRi.js                                  0.63 kB │ gzip:   0.39 kB
dist/assets/workbench.api-Cm9VqJUK.js                              0.71 kB │ gzip:   0.46 kB
dist/assets/route-Do6Dxmmm.js                                      0.72 kB │ gzip:   0.50 kB
dist/assets/geo-rules-DnzCs45g.js                                  0.83 kB │ gzip:   0.56 kB
dist/assets/textarea-CPcbKIlY.js                                   0.83 kB │ gzip:   0.43 kB
dist/assets/timeline-BSjJ8olh.js                                   0.94 kB │ gzip:   0.49 kB
dist/assets/form-field-B911B1W8.js                                 0.98 kB │ gzip:   0.54 kB
dist/assets/rowSortingFeature-DOu8Zjqq.js                          1.02 kB │ gzip:   0.49 kB
dist/assets/geo-observation-actions-C2i_qn8N.js                    1.09 kB │ gzip:   0.67 kB
dist/assets/print-CSxKYKyo.js                                      1.20 kB │ gzip:   0.67 kB
dist/assets/product-deletion-dialog-588zrCQN.js                    1.20 kB │ gzip:   0.76 kB
dist/assets/security-_cDdnE_Z.js                                   1.22 kB │ gzip:   0.65 kB
dist/assets/filter-bar-D-I3VqGA.js                                 1.23 kB │ gzip:   0.72 kB
dist/assets/new-Bul7BEu7.js                                        1.26 kB │ gzip:   0.73 kB
dist/assets/form-layout-B0Bgsdpq.js                                1.29 kB │ gzip:   0.69 kB
dist/assets/print-tSGhAg7T.js                                      1.31 kB │ gzip:   0.75 kB
dist/assets/login-reyqDFVT.js                                      1.31 kB │ gzip:   0.71 kB
dist/assets/reports.api-DOwUXAn6.js                                1.39 kB │ gzip:   0.85 kB
dist/assets/file-transfer-bcVkqTxX.js                              1.41 kB │ gzip:   0.83 kB
dist/assets/useBaseUiId-C9V7pCeo.js                                1.42 kB │ gzip:   0.80 kB
dist/assets/table-pagination-CStvXXO8.js                           1.48 kB │ gzip:   0.81 kB
dist/assets/auth-page-frame-DoVKxoBO.js                            1.49 kB │ gzip:   0.74 kB
dist/assets/badge-DofVsWMx.js                                      1.57 kB │ gzip:   0.70 kB
dist/assets/audit.api-eq5Nf80n.js                                  1.62 kB │ gzip:   0.76 kB
dist/assets/sticky-action-bar-Bo1fYZzG.js                          1.62 kB │ gzip:   0.86 kB
dist/assets/versions_._versionId-BpLK8FYy.js                       1.72 kB │ gzip:   0.89 kB
dist/assets/_productId_.facts_.versions_._versionId-BKUPOeZW.js    1.77 kB │ gzip:   0.89 kB
dist/assets/workspace-shell-CvF4Z--Q.js                            1.77 kB │ gzip:   0.83 kB
dist/assets/reports-C9hMaX4n.js                                    1.77 kB │ gzip:   0.97 kB
dist/assets/insights-Cq50eMHJ.js                                   1.82 kB │ gzip:   0.98 kB
dist/assets/articles-Dnwu18pr.js                                   1.83 kB │ gzip:   0.97 kB
dist/assets/_articleId-CF2EyGPq.js                                 1.96 kB │ gzip:   1.09 kB
dist/assets/_productId_.facts_.versions-B0h3h7sM.js                1.97 kB │ gzip:   1.06 kB
dist/assets/new-PT7FCfxV.js                                        1.97 kB │ gzip:   1.08 kB
dist/assets/catalog-controls-BlndqY87.js                           1.98 kB │ gzip:   0.89 kB
dist/assets/overview-D45F4hP9.js                                   1.99 kB │ gzip:   1.08 kB
dist/assets/_taskId-CweOyMcl.js                                    2.00 kB │ gzip:   1.06 kB
dist/assets/issues-gMEzcV6h.js                                     2.00 kB │ gzip:   1.05 kB
dist/assets/answers-Q-ZZD732.js                                    2.02 kB │ gzip:   1.09 kB
dist/assets/settings.platforms.types-Q9eDIhJS.js                   2.05 kB │ gzip:   1.04 kB
dist/assets/_observationId-BEyB4ycy.js                             2.09 kB │ gzip:   1.09 kB
dist/assets/work-Vp3FDdGx.js                                       2.11 kB │ gzip:   1.10 kB
dist/assets/new-DlWohGQx.js                                        2.12 kB │ gzip:   1.19 kB
dist/assets/useStore-G3HF39DP.js                                   2.17 kB │ gzip:   0.93 kB
dist/assets/_productId-DSG9vyLN.js                                 2.18 kB │ gzip:   1.12 kB
dist/assets/platforms-BdMDCA1A.js                                  2.19 kB │ gzip:   1.14 kB
dist/assets/_taskId_.review-qWo68aN0.js                            2.20 kB │ gzip:   1.14 kB
dist/assets/_productId_.facts_.review-Bo2M2eTN.js                  2.21 kB │ gzip:   1.13 kB
dist/assets/useRegisterFieldControl-BcstcGLC.js                    2.25 kB │ gzip:   1.07 kB
dist/assets/tasks-Ca6kwaoL.js                                      2.25 kB │ gzip:   1.17 kB
dist/assets/_productId_.facts-CYzk3zKc.js                          2.25 kB │ gzip:   1.17 kB
dist/assets/_issueId-BvRF4O90.js                                   2.26 kB │ gzip:   1.25 kB
dist/assets/observations-G8ckONzW.js                               2.28 kB │ gzip:   1.18 kB
dist/assets/_taskId_.editor-Cw8Fl6Bn.js                            2.29 kB │ gzip:   1.19 kB
dist/assets/dialog-DmePLyHK.js                                     2.33 kB │ gzip:   0.91 kB
dist/assets/plans-Hzgl6cp0.js                                      2.34 kB │ gzip:   1.25 kB
dist/assets/system.audit-Da49fcGq.js                               2.35 kB │ gzip:   1.18 kB
dist/assets/topics-VJJZHwhY.js                                     2.38 kB │ gzip:   1.23 kB
dist/assets/input-BctqO2IH.js                                      2.47 kB │ gzip:   1.25 kB
dist/assets/dirty-guard-C_ZKw2vs.js                                2.58 kB │ gzip:   1.23 kB
dist/assets/settings.ai-DbbnZmLi.js                                2.64 kB │ gzip:   1.35 kB
dist/assets/prompt.api-DzGm0lBb.js                                 2.65 kB │ gzip:   1.01 kB
dist/assets/products-CKJy74QD.js                                   2.74 kB │ gzip:   1.41 kB
dist/assets/useCompositeListItem-u8lPl9Q5.js                       3.11 kB │ gzip:   1.41 kB
dist/assets/security-CcTGE9dq.js                                   3.12 kB │ gzip:   1.52 kB
dist/assets/settings.ai_._channelId-BogswVDq.js                    3.13 kB │ gzip:   1.57 kB
dist/assets/login-1dFvQLYk.js                                      3.14 kB │ gzip:   1.52 kB
dist/assets/zod-C1u0HXxU.js                                        3.31 kB │ gzip:   1.24 kB
dist/assets/sheet-bN9NdJx3.js                                      3.73 kB │ gzip:   1.44 kB
dist/assets/audit-detail-content-DMxvNL2K.js                       3.90 kB │ gzip:   1.61 kB
dist/assets/print-Cd8cbd6N.js                                      4.13 kB │ gzip:   1.66 kB
dist/assets/Match-CkwEZkRF.js                                      4.38 kB │ gzip:   1.72 kB
dist/assets/product.model-SIU-2ew1.js                              4.40 kB │ gzip:   2.01 kB
dist/assets/new-CzkxDvHY.js                                        4.49 kB │ gzip:   1.96 kB
dist/assets/overview-C_GJL4mt.js                                   4.75 kB │ gzip:   1.93 kB
dist/assets/_workId-DV6k9Ve0.js                                    4.75 kB │ gzip:   2.43 kB
dist/assets/insights.model-CtAChhtI.js                             4.77 kB │ gzip:   2.51 kB
dist/assets/insight-filters-rqrGozJR.js                            4.84 kB │ gzip:   2.40 kB
dist/assets/lazyRouteComponent-Q6-84jhQ.js                         4.88 kB │ gzip:   1.75 kB
dist/assets/settings.prompts-BoVOCzxD.js                           4.92 kB │ gzip:   2.42 kB
dist/assets/issues-CXlNy57P.js                                     5.10 kB │ gzip:   2.13 kB
dist/assets/_productId_.facts_.versions-DW_mMSC7.js                5.26 kB │ gzip:   2.36 kB
dist/assets/composite-D3grXdmQ.js                                  5.88 kB │ gzip:   2.28 kB
dist/assets/articles-B39x15HT.js                                   5.96 kB │ gzip:   2.41 kB
dist/assets/geo-evidence-upload-B73Yo7-W.js                        6.15 kB │ gzip:   2.67 kB
dist/assets/client-C6dNGmfD.js                                     6.59 kB │ gzip:   2.58 kB
dist/assets/principal-epoch-1sT-YUbO.js                            6.87 kB │ gzip:   2.33 kB
dist/assets/globalFilteringFeature-BM9wgKEU.js                     6.95 kB │ gzip:   1.98 kB
dist/assets/plans.api-CSsTjaGQ.js                                  7.47 kB │ gzip:   3.16 kB
dist/assets/_app-Dy44loO9.js                                       7.72 kB │ gzip:   2.58 kB
dist/assets/_platformId-CMSA9EOW.js                                7.74 kB │ gzip:   3.47 kB
dist/assets/insights.api-CKpynYSM.js                               7.79 kB │ gzip:   2.67 kB
dist/assets/QueryClientProvider-Bi8hvFQP.js                        7.81 kB │ gzip:   3.04 kB
dist/assets/product.api-Ccnb7TcC.js                                7.94 kB │ gzip:   2.60 kB
dist/assets/_productId_.facts_.versions_._versionId-BQI0jvDr.js    8.18 kB │ gzip:   2.62 kB
dist/assets/geo-rules-DPlATJBT.js                                  8.38 kB │ gzip:   3.62 kB
dist/assets/jsx-runtime-B-hcVAMW.js                                8.55 kB │ gzip:   3.26 kB
dist/assets/x-vups0wOE.js                                          8.72 kB │ gzip:   3.14 kB
dist/assets/questions-D0H0qt84.js                                  8.80 kB │ gzip:   3.89 kB
dist/assets/new-cxZm4YdR.js                                        8.99 kB │ gzip:   3.80 kB
dist/assets/geo-entities-DBlbWChX.js                               9.09 kB │ gzip:   3.63 kB
dist/assets/products-DoFUKS8J.js                                   9.24 kB │ gzip:   3.71 kB
dist/assets/tasks-Dj4aOdhK.js                                      9.26 kB │ gzip:   3.57 kB
dist/assets/platform.api-xkKjVbzG.js                               9.71 kB │ gzip:   3.25 kB
dist/assets/geo-insights-report-UxWORATc.js                       10.34 kB │ gzip:   2.88 kB
dist/assets/opportunities-CLyCu9VL.js                             10.66 kB │ gzip:   4.34 kB
dist/assets/versions_._versionId-Dud06_fV.js                      12.02 kB │ gzip:   3.82 kB
dist/assets/tabs-BuC3hAM_.js                                      12.50 kB │ gzip:   4.72 kB
dist/assets/system.audit-C3xSUmLw.js                              12.54 kB │ gzip:   4.38 kB
dist/assets/observations-CZ0jyyFP.js                              12.54 kB │ gzip:   4.87 kB
dist/assets/content-task-lifecycle-C4eoFmuR.js                    12.58 kB │ gzip:   4.70 kB
dist/assets/system.users-CsiIONUs.js                              12.93 kB │ gzip:   5.51 kB
dist/assets/insights-UYOzFjSr.js                                  13.42 kB │ gzip:   4.92 kB
dist/assets/runs-CaRRdkcQ.js                                      13.62 kB │ gzip:   5.10 kB
dist/assets/route-B7lFOWS0.js                                     14.07 kB │ gzip:   5.29 kB
dist/assets/report-page-diFvaOFl.js                               14.11 kB │ gzip:   4.41 kB
dist/assets/geo-rules-DZIXljUh.js                                 14.20 kB │ gzip:   5.36 kB
dist/assets/_taskId-DnAvIc3O.js                                   14.87 kB │ gzip:   4.62 kB
dist/assets/content.api-BjgTNYlB.js                               14.90 kB │ gzip:   4.32 kB
dist/assets/_productId_.facts_.review-4-If-cI9.js                 15.87 kB │ gzip:   5.65 kB
dist/assets/work-C6Cutd3G.js                                      15.92 kB │ gzip:   5.20 kB
dist/assets/publication.api-D_tWka1G.js                           16.20 kB │ gzip:   4.80 kB
dist/assets/_articleId-Gx2omtPl.js                                16.27 kB │ gzip:   5.43 kB
dist/assets/useQuery-C44PsoTH.js                                  16.32 kB │ gzip:   5.47 kB
dist/assets/insight-page-frame-DzEOhC1t.js                        16.34 kB │ gzip:   5.28 kB
dist/assets/settings.platforms.types-xL1-dBlR.js                  16.45 kB │ gzip:   5.93 kB
dist/assets/new-Cl-ty608.js                                       16.97 kB │ gzip:   6.06 kB
dist/assets/platforms-Beb5wZLb.js                                 17.07 kB │ gzip:   6.18 kB
dist/assets/auth-provider-C1FP_EhK.js                             17.09 kB │ gzip:   6.21 kB
dist/assets/_productId_.facts-D92v599w.js                         17.36 kB │ gzip:   5.84 kB
dist/assets/_taskId_.review-BRUrJzIv.js                           17.51 kB │ gzip:   6.08 kB
dist/assets/settings.ai-BOLqIUAD.js                               17.54 kB │ gzip:   6.33 kB
dist/assets/_productId-C36d5ucz.js                                17.59 kB │ gzip:   5.90 kB
dist/assets/row-actions-BaNKxcpH.js                               17.90 kB │ gzip:   6.59 kB
dist/assets/_observationId-Cm1HZfGK.js                            18.05 kB │ gzip:   5.76 kB
dist/assets/geo.api-BNHKCfaq.js                                   18.53 kB │ gzip:   5.93 kB
dist/assets/geo-surfaces-BW9iq3J_.js                              18.88 kB │ gzip:   6.99 kB
dist/assets/link-D3jGVc4V.js                                      19.54 kB │ gzip:   7.58 kB
dist/assets/_issueId-AbEWPe5a.js                                  19.62 kB │ gzip:   6.52 kB
dist/assets/topics-BZo2VLHU.js                                    20.02 kB │ gzip:   7.06 kB
dist/assets/audit.model-BwxaFBbK.js                               20.43 kB │ gzip:   6.44 kB
dist/assets/ai-channel-workspace.model-B-nqyXK-.js                20.72 kB │ gzip:   6.32 kB
dist/assets/_observationId_.correct-C295vgr4.js                   24.46 kB │ gzip:   8.25 kB
dist/assets/answers-B0ddKDB2.js                                   28.41 kB │ gzip:   7.97 kB
dist/assets/_workId-ly0AwKyg.js                                   28.55 kB │ gzip:   8.91 kB
dist/assets/questions-Du0PCPNb.js                                 28.85 kB │ gzip:   9.24 kB
dist/assets/select-Cq8n_NQA.js                                    30.10 kB │ gzip:  10.91 kB
dist/assets/settings.prompts-CJR0Z5-a.js                          30.84 kB │ gzip:   9.99 kB
dist/assets/system.users--NcFM812.js                              31.04 kB │ gzip:   9.76 kB
dist/assets/geo-entities-BK23zNsM.js                              35.34 kB │ gzip:  10.94 kB
dist/assets/icon-button-rcW1kEFX.js                               36.26 kB │ gzip:  12.08 kB
dist/assets/providers-Bv-0bv6h.js                                 36.34 kB │ gzip:  10.82 kB
dist/assets/column-header-BR61_b5d.js                             36.45 kB │ gzip:  11.43 kB
dist/assets/ToolbarRootContext-NQWDsf1V.js                        36.62 kB │ gzip:  14.02 kB
dist/assets/index.esm-CDk9jdcJ.js                                 37.59 kB │ gzip:  13.14 kB
dist/assets/_taskId_.editor-BGznIuOd.js                           37.93 kB │ gzip:  11.55 kB
dist/assets/_platformId-Co8McfbQ.js                               38.94 kB │ gzip:  11.60 kB
dist/assets/createLucideIcon-YVagg9ly.js                          39.80 kB │ gzip:  14.03 kB
dist/assets/button-BZhX1_Og.js                                    40.12 kB │ gzip:  13.54 kB
dist/assets/route-BjqJMG8P.js                                     43.48 kB │ gzip:  15.62 kB
dist/assets/settings.ai_._channelId-BEzdt6C9.js                   49.69 kB │ gzip:  13.69 kB
dist/assets/plans-_Tq8eU9Y.js                                     50.94 kB │ gzip:  15.79 kB
dist/assets/geo-surfaces-ZicM2BQY.js                              52.99 kB │ gzip:  15.97 kB
dist/assets/opportunities-BDrODQOX.js                             61.09 kB │ gzip:  16.46 kB
dist/assets/schemas-D4JTeD_A.js                                   69.76 kB │ gzip:  18.61 kB
dist/assets/runs-BSlWnkF5.js                                      95.05 kB │ gzip:  27.29 kB
dist/assets/index-Cdf8fHlK.js                                    189.11 kB │ gzip:  60.52 kB
dist/assets/markdown-editor-D-y4e3hs.js                          729.88 kB │ gzip: 245.01 kB

✓ built in 518ms
[plugin builtin:vite-reporter] 
(!) Some chunks are larger than 500 kB after minification. Consider:
- Using dynamic import() to code-split the application
- Use build.rolldownOptions.output.codeSplitting to improve chunking: https://rolldown.rs/reference/OutputOptions.codeSplitting
- Adjust chunk size limit for this warning via build.chunkSizeWarningLimit.
已创建或确认管理员和内容工程师账号。
INFO:     Started server process [57564]
INFO:     Waiting for application startup.
INFO:     Application startup complete.
INFO:     Uvicorn running on http://127.0.0.1:9001 (Press CTRL+C to quit)
INFO:     Started server process [57563]
INFO:     Waiting for application startup.
INFO:     Application startup complete.
INFO:     Uvicorn running on http://127.0.0.1:19009 (Press CTRL+C to quit)
  ➜  Local:   http://127.0.0.1:4174/
INFO:     Started server process [57562]
INFO:     Waiting for application startup.
INFO:     Application startup complete.
INFO:     Uvicorn running on http://127.0.0.1:8000 (Press CTRL+C to quit)
INFO:     127.0.0.1:54429 - "GET /api/health/ready HTTP/1.1" 200 OK
INFO:     127.0.0.1:54432 - "GET /v1/models HTTP/1.1" 200 OK

> partsignal-frontend-v2@0.1.0 e2e:raw
> playwright test tests/e2e/ai-channel-configuration-real-stack.spec.ts tests/e2e/product-facts-real-stack.spec.ts tests/e2e/catalog-real-stack.spec.ts tests/e2e/questions-real-stack.spec.ts tests/e2e/surfaces-real-stack.spec.ts tests/e2e/browser-session-real-stack.spec.ts tests/e2e/plans-real-stack.spec.ts tests/e2e/runs-real-stack.spec.ts tests/e2e/geo-review-real-stack.spec.ts tests/e2e/insights-real-stack.spec.ts tests/e2e/reports-real-stack.spec.ts tests/e2e/opportunities-real-stack.spec.ts tests/e2e/geo-loop-real-stack.spec.ts tests/e2e/content-ai-real-stack.spec.ts tests/e2e/content-review-real-stack.spec.ts tests/e2e/content-version-detail-real-stack.spec.ts tests/e2e/publication-workspace-real-stack.spec.ts tests/e2e/geo-real-stack.spec.ts tests/e2e/auth-session-real-stack.spec.ts tests/e2e/system-admin-real-stack.spec.ts --project=foundation-desktop


Running 32 tests using 1 worker

(node:57597) Warning: The 'NO_COLOR' env is ignored due to the 'FORCE_COLOR' env being set.
(Use `node --trace-warnings ...` to show where the warning was created)
INFO:     127.0.0.1:54438 - "POST /api/v1/auth/login HTTP/1.1" 200 OK
INFO:     127.0.0.1:54438 - "POST /api/v1/platform-prompts HTTP/1.1" 201 Created
INFO:     127.0.0.1:54438 - "POST /api/v1/platform-types HTTP/1.1" 201 Created
INFO:     127.0.0.1:54438 - "POST /api/v1/platform-profiles HTTP/1.1" 201 Created
INFO:     127.0.0.1:54438 - "POST /api/v1/products HTTP/1.1" 201 Created
INFO:     127.0.0.1:54438 - "GET /api/v1/products/1a6053bd-d998-4b9a-89b2-3505e2da1734/facts HTTP/1.1" 200 OK
INFO:     127.0.0.1:54438 - "PUT /api/v1/products/1a6053bd-d998-4b9a-89b2-3505e2da1734/facts HTTP/1.1" 200 OK
INFO:     127.0.0.1:54438 - "POST /api/v1/products/1a6053bd-d998-4b9a-89b2-3505e2da1734/fact-review-submissions HTTP/1.1" 201 Created
INFO:     127.0.0.1:54438 - "POST /api/v1/fact-versions/6379e1ed-904f-4e0a-b6ba-d11f3735dc73/approve HTTP/1.1" 200 OK
INFO:     127.0.0.1:54438 - "POST /api/v1/content-tasks HTTP/1.1" 201 Created
INFO:     127.0.0.1:54438 - "POST /api/v1/products HTTP/1.1" 201 Created
INFO:     127.0.0.1:54438 - "GET /api/v1/products/200a1bcb-0bb4-4375-b810-3c9aa9f90002/facts HTTP/1.1" 200 OK
INFO:     127.0.0.1:54438 - "PUT /api/v1/products/200a1bcb-0bb4-4375-b810-3c9aa9f90002/facts HTTP/1.1" 200 OK
INFO:     127.0.0.1:54438 - "POST /api/v1/products/200a1bcb-0bb4-4375-b810-3c9aa9f90002/fact-review-submissions HTTP/1.1" 201 Created
INFO:     127.0.0.1:54438 - "POST /api/v1/fact-versions/b3706ded-9a41-4c72-ac06-413c50e053a6/approve HTTP/1.1" 200 OK
INFO:     127.0.0.1:54438 - "POST /api/v1/content-tasks HTTP/1.1" 201 Created
INFO:     127.0.0.1:54445 - "GET /api/v1/auth/session HTTP/1.1" 200 OK
INFO:     127.0.0.1:54445 - "GET /api/v1/platform-prompts HTTP/1.1" 200 OK
INFO:     127.0.0.1:54445 - "GET /api/v1/platform-prompts/bc9e1ec6-2312-4753-967c-9089a43bcf7c HTTP/1.1" 200 OK
INFO:     127.0.0.1:54445 - "GET /api/v1/platform-prompts/bc9e1ec6-2312-4753-967c-9089a43bcf7c/preview-options HTTP/1.1" 200 OK
INFO:     127.0.0.1:54445 - "GET /api/v1/content-tasks?archive_status=ACTIVE&page=1&page_size=20 HTTP/1.1" 200 OK
INFO:     127.0.0.1:54447 - "GET /api/v1/platform-profiles HTTP/1.1" 200 OK
INFO:     127.0.0.1:54447 - "GET /api/v1/content-tasks?q=CONFIG-01a36f9e&archive_status=ACTIVE&page=1&page_size=20 HTTP/1.1" 200 OK
INFO:     127.0.0.1:54447 - "GET /api/v1/auth/session HTTP/1.1" 200 OK
INFO:     127.0.0.1:54447 - "GET /api/v1/content-tasks/1955f664-ac3c-41c2-a0f0-0eabe0dc867f/editor-context HTTP/1.1" 200 OK
INFO:     127.0.0.1:54447 - "GET /api/v1/content-tasks/1955f664-ac3c-41c2-a0f0-0eabe0dc867f/generation-options HTTP/1.1" 200 OK
INFO:     127.0.0.1:54447 - "GET /api/v1/ai-channels?page=1&page_size=20 HTTP/1.1" 200 OK
INFO:     127.0.0.1:54449 - "OPTIONS /api/v1/ai-channels HTTP/1.1" 200 OK
INFO:     127.0.0.1:54447 - "POST /api/v1/ai-channels HTTP/1.1" 201 Created
INFO:     127.0.0.1:54447 - "GET /api/v1/ai-channels?page=1&page_size=20 HTTP/1.1" 200 OK
INFO:     127.0.0.1:54449 - "OPTIONS /api/v1/ai-channels/d7fb837e-8173-4f7a-96ac-36a08f7a6fef HTTP/1.1" 200 OK
INFO:     127.0.0.1:54447 - "PATCH /api/v1/ai-channels/d7fb837e-8173-4f7a-96ac-36a08f7a6fef HTTP/1.1" 200 OK
INFO:     127.0.0.1:54438 - "GET /api/v1/ai-channels/d7fb837e-8173-4f7a-96ac-36a08f7a6fef HTTP/1.1" 200 OK
INFO:     127.0.0.1:54438 - "PATCH /api/v1/ai-channels/d7fb837e-8173-4f7a-96ac-36a08f7a6fef HTTP/1.1" 200 OK
INFO:     127.0.0.1:54447 - "PATCH /api/v1/ai-channels/d7fb837e-8173-4f7a-96ac-36a08f7a6fef HTTP/1.1" 409 Conflict
INFO:     127.0.0.1:54447 - "GET /api/v1/ai-channels/d7fb837e-8173-4f7a-96ac-36a08f7a6fef HTTP/1.1" 200 OK
INFO:     127.0.0.1:54449 - "OPTIONS /api/v1/ai-channels/d7fb837e-8173-4f7a-96ac-36a08f7a6fef/headers HTTP/1.1" 200 OK
INFO:     127.0.0.1:54447 - "POST /api/v1/ai-channels/d7fb837e-8173-4f7a-96ac-36a08f7a6fef/headers HTTP/1.1" 201 Created
INFO:     127.0.0.1:54447 - "POST /api/v1/ai-channels/d7fb837e-8173-4f7a-96ac-36a08f7a6fef/headers HTTP/1.1" 201 Created
INFO:     127.0.0.1:54447 - "GET /api/v1/ai-channels/d7fb837e-8173-4f7a-96ac-36a08f7a6fef/models HTTP/1.1" 200 OK
INFO:     127.0.0.1:54449 - "OPTIONS /api/v1/ai-channels/d7fb837e-8173-4f7a-96ac-36a08f7a6fef/discover-models HTTP/1.1" 200 OK
INFO:     127.0.0.1:54450 - "GET /v1/models HTTP/1.1" 200 OK
INFO:     127.0.0.1:54447 - "POST /api/v1/ai-channels/d7fb837e-8173-4f7a-96ac-36a08f7a6fef/discover-models HTTP/1.1" 200 OK
INFO:     127.0.0.1:54449 - "OPTIONS /api/v1/ai-channels/d7fb837e-8173-4f7a-96ac-36a08f7a6fef/models HTTP/1.1" 200 OK
INFO:     127.0.0.1:54447 - "POST /api/v1/ai-channels/d7fb837e-8173-4f7a-96ac-36a08f7a6fef/models HTTP/1.1" 201 Created
INFO:     127.0.0.1:54445 - "GET /api/v1/ai-channels/d7fb837e-8173-4f7a-96ac-36a08f7a6fef HTTP/1.1" 200 OK
INFO:     127.0.0.1:54447 - "GET /api/v1/ai-channels/d7fb837e-8173-4f7a-96ac-36a08f7a6fef/models HTTP/1.1" 200 OK
INFO:     127.0.0.1:54447 - "POST /api/v1/ai-channels/d7fb837e-8173-4f7a-96ac-36a08f7a6fef/models HTTP/1.1" 201 Created
INFO:     127.0.0.1:54447 - "GET /api/v1/ai-channels/d7fb837e-8173-4f7a-96ac-36a08f7a6fef/models HTTP/1.1" 200 OK
INFO:     127.0.0.1:54445 - "GET /api/v1/ai-channels/d7fb837e-8173-4f7a-96ac-36a08f7a6fef HTTP/1.1" 200 OK
INFO:     127.0.0.1:54449 - "OPTIONS /api/v1/ai-models/a2654bf2-6bf4-4ccc-a3ae-7adb138e7c42 HTTP/1.1" 200 OK
INFO:     127.0.0.1:54445 - "PATCH /api/v1/ai-models/a2654bf2-6bf4-4ccc-a3ae-7adb138e7c42 HTTP/1.1" 200 OK
INFO:     127.0.0.1:54445 - "GET /api/v1/ai-channels/d7fb837e-8173-4f7a-96ac-36a08f7a6fef/models HTTP/1.1" 200 OK
INFO:     127.0.0.1:54447 - "GET /api/v1/ai-channels/d7fb837e-8173-4f7a-96ac-36a08f7a6fef HTTP/1.1" 200 OK
INFO:     127.0.0.1:54449 - "OPTIONS /api/v1/ai-models/37ec9092-e4a6-44e4-9f32-4cb7191a997d?expected_revision=0 HTTP/1.1" 200 OK
INFO:     127.0.0.1:54447 - "DELETE /api/v1/ai-models/37ec9092-e4a6-44e4-9f32-4cb7191a997d?expected_revision=0 HTTP/1.1" 204 No Content
INFO:     127.0.0.1:54445 - "GET /api/v1/ai-channels/d7fb837e-8173-4f7a-96ac-36a08f7a6fef HTTP/1.1" 200 OK
INFO:     127.0.0.1:54447 - "GET /api/v1/ai-channels/d7fb837e-8173-4f7a-96ac-36a08f7a6fef/models HTTP/1.1" 200 OK
INFO:     127.0.0.1:54449 - "OPTIONS /api/v1/ai-models/a2654bf2-6bf4-4ccc-a3ae-7adb138e7c42/test HTTP/1.1" 200 OK
INFO:     127.0.0.1:54462 - "POST /v1/chat/completions HTTP/1.1" 400 Bad Request
INFO:     127.0.0.1:54447 - "POST /api/v1/ai-models/a2654bf2-6bf4-4ccc-a3ae-7adb138e7c42/test HTTP/1.1" 200 OK
INFO:     127.0.0.1:54447 - "GET /api/v1/ai-channels/d7fb837e-8173-4f7a-96ac-36a08f7a6fef/models HTTP/1.1" 200 OK
INFO:     127.0.0.1:54445 - "GET /api/v1/ai-channels/d7fb837e-8173-4f7a-96ac-36a08f7a6fef HTTP/1.1" 200 OK
INFO:     127.0.0.1:54463 - "GET /e2e/calls/e2e-config-model-01a36f9e HTTP/1.1" 200 OK
INFO:     127.0.0.1:54449 - "OPTIONS /api/v1/ai-channels/d7fb837e-8173-4f7a-96ac-36a08f7a6fef/api-key HTTP/1.1" 200 OK
INFO:     127.0.0.1:54445 - "PUT /api/v1/ai-channels/d7fb837e-8173-4f7a-96ac-36a08f7a6fef/api-key HTTP/1.1" 200 OK
INFO:     127.0.0.1:54449 - "OPTIONS /api/v1/ai-channel-headers/85f665ed-b86e-40ce-9b59-f9dce6ffa9cd HTTP/1.1" 200 OK
INFO:     127.0.0.1:54445 - "PATCH /api/v1/ai-channel-headers/85f665ed-b86e-40ce-9b59-f9dce6ffa9cd HTTP/1.1" 200 OK
INFO:     127.0.0.1:54445 - "GET /api/v1/ai-channels/d7fb837e-8173-4f7a-96ac-36a08f7a6fef/models HTTP/1.1" 200 OK
INFO:     127.0.0.1:54464 - "POST /v1/chat/completions HTTP/1.1" 200 OK
INFO:     127.0.0.1:54445 - "POST /api/v1/ai-models/a2654bf2-6bf4-4ccc-a3ae-7adb138e7c42/test HTTP/1.1" 200 OK
INFO:     127.0.0.1:54445 - "GET /api/v1/ai-channels/d7fb837e-8173-4f7a-96ac-36a08f7a6fef/models HTTP/1.1" 200 OK
INFO:     127.0.0.1:54447 - "GET /api/v1/ai-channels/d7fb837e-8173-4f7a-96ac-36a08f7a6fef HTTP/1.1" 200 OK
INFO:     127.0.0.1:54449 - "OPTIONS /api/v1/ai-models/a2654bf2-6bf4-4ccc-a3ae-7adb138e7c42/enable HTTP/1.1" 200 OK
INFO:     127.0.0.1:54447 - "POST /api/v1/ai-models/a2654bf2-6bf4-4ccc-a3ae-7adb138e7c42/enable HTTP/1.1" 200 OK
INFO:     127.0.0.1:54447 - "GET /api/v1/ai-channels/d7fb837e-8173-4f7a-96ac-36a08f7a6fef/models HTTP/1.1" 200 OK
INFO:     127.0.0.1:54445 - "GET /api/v1/ai-channels/d7fb837e-8173-4f7a-96ac-36a08f7a6fef HTTP/1.1" 200 OK
INFO:     127.0.0.1:54449 - "OPTIONS /api/v1/ai-channels/d7fb837e-8173-4f7a-96ac-36a08f7a6fef/enable HTTP/1.1" 200 OK
INFO:     127.0.0.1:54445 - "POST /api/v1/ai-channels/d7fb837e-8173-4f7a-96ac-36a08f7a6fef/enable HTTP/1.1" 200 OK
INFO:     127.0.0.1:54445 - "GET /api/v1/ai-channels/d7fb837e-8173-4f7a-96ac-36a08f7a6fef HTTP/1.1" 200 OK
INFO:     127.0.0.1:54445 - "GET /api/v1/ai-channels/d7fb837e-8173-4f7a-96ac-36a08f7a6fef/models HTTP/1.1" 200 OK
INFO:     127.0.0.1:54445 - "GET /api/v1/platform-prompts HTTP/1.1" 200 OK
INFO:     127.0.0.1:54445 - "GET /api/v1/platform-prompts/bc9e1ec6-2312-4753-967c-9089a43bcf7c HTTP/1.1" 200 OK
INFO:     127.0.0.1:54445 - "GET /api/v1/platform-prompts/bc9e1ec6-2312-4753-967c-9089a43bcf7c/preview-options HTTP/1.1" 200 OK
INFO:     127.0.0.1:54445 - "GET /api/v1/content-tasks?archive_status=ACTIVE&page=1&page_size=20 HTTP/1.1" 200 OK
INFO:     127.0.0.1:54447 - "GET /api/v1/platform-profiles HTTP/1.1" 200 OK
INFO:     127.0.0.1:54465 - "GET /api/v1/content-tasks?q=CONFIG-01a36f9e&archive_status=ACTIVE&page=1&page_size=20 HTTP/1.1" 200 OK
INFO:     127.0.0.1:54465 - "GET /api/v1/auth/session HTTP/1.1" 200 OK
INFO:     127.0.0.1:54465 - "GET /api/v1/content-tasks/1955f664-ac3c-41c2-a0f0-0eabe0dc867f/editor-context HTTP/1.1" 200 OK
INFO:     127.0.0.1:54465 - "GET /api/v1/content-tasks/1955f664-ac3c-41c2-a0f0-0eabe0dc867f/generation-options HTTP/1.1" 200 OK
INFO:     127.0.0.1:54465 - "GET /api/v1/ai-channels?page=1&page_size=20 HTTP/1.1" 200 OK
INFO:     127.0.0.1:54465 - "GET /api/v1/ai-channels?q=E2E%20%E6%9C%8D%E5%8A%A1%E7%AB%AF%E6%B8%A0%E9%81%93%2001a36f9e&page=1&page_size=20 HTTP/1.1" 200 OK
INFO:     127.0.0.1:54465 - "GET /api/v1/auth/session HTTP/1.1" 200 OK
INFO:     127.0.0.1:54465 - "GET /api/v1/ai-channels/d7fb837e-8173-4f7a-96ac-36a08f7a6fef HTTP/1.1" 200 OK
INFO:     127.0.0.1:54465 - "GET /api/v1/ai-channels/d7fb837e-8173-4f7a-96ac-36a08f7a6fef/usage-summary?period=30d HTTP/1.1" 200 OK
INFO:     127.0.0.1:54465 - "GET /api/v1/platform-prompts HTTP/1.1" 200 OK
INFO:     127.0.0.1:54465 - "GET /api/v1/platform-prompts/bc9e1ec6-2312-4753-967c-9089a43bcf7c HTTP/1.1" 200 OK
INFO:     127.0.0.1:54465 - "GET /api/v1/platform-prompts/bc9e1ec6-2312-4753-967c-9089a43bcf7c/preview-options HTTP/1.1" 200 OK
INFO:     127.0.0.1:54449 - "OPTIONS /api/v1/content-tasks/2d623dc7-f652-48d6-9574-564379702829/generation-jobs HTTP/1.1" 200 OK
INFO:     127.0.0.1:54465 - "POST /api/v1/content-tasks/2d623dc7-f652-48d6-9574-564379702829/generation-jobs HTTP/1.1" 202 Accepted
INFO:     127.0.0.1:54469 - "POST /v1/chat/completions HTTP/1.1" 200 OK
INFO:     127.0.0.1:54465 - "GET /api/v1/platform-prompts/bc9e1ec6-2312-4753-967c-9089a43bcf7c/preview-options HTTP/1.1" 200 OK
INFO:     127.0.0.1:54447 - "GET /api/v1/content-tasks/2d623dc7-f652-48d6-9574-564379702829/generation-jobs HTTP/1.1" 200 OK
INFO:     127.0.0.1:54447 - "GET /api/v1/content-versions/0b3d137a-531c-479c-9cf6-b3e95c0fed1b HTTP/1.1" 200 OK
INFO:     127.0.0.1:54465 - "GET /api/v1/platform-prompts/bc9e1ec6-2312-4753-967c-9089a43bcf7c/preview-options HTTP/1.1" 200 OK
INFO:     127.0.0.1:54463 - "GET /e2e/calls/e2e-config-model-01a36f9e HTTP/1.1" 200 OK
INFO:     127.0.0.1:54465 - "GET /api/v1/content-tasks?archive_status=ACTIVE&page=1&page_size=20 HTTP/1.1" 200 OK
INFO:     127.0.0.1:54447 - "GET /api/v1/platform-profiles HTTP/1.1" 200 OK
INFO:     127.0.0.1:54447 - "GET /api/v1/content-tasks?q=CONFIG-01a36f9e&archive_status=ACTIVE&page=1&page_size=20 HTTP/1.1" 200 OK
INFO:     127.0.0.1:54447 - "GET /api/v1/auth/session HTTP/1.1" 200 OK
INFO:     127.0.0.1:54447 - "GET /api/v1/content-tasks/1955f664-ac3c-41c2-a0f0-0eabe0dc867f/editor-context HTTP/1.1" 200 OK
INFO:     127.0.0.1:54447 - "GET /api/v1/content-tasks/1955f664-ac3c-41c2-a0f0-0eabe0dc867f/generation-options HTTP/1.1" 200 OK
INFO:     127.0.0.1:54449 - "OPTIONS /api/v1/content-tasks/1955f664-ac3c-41c2-a0f0-0eabe0dc867f/generation-jobs HTTP/1.1" 200 OK
INFO:     127.0.0.1:54447 - "POST /api/v1/content-tasks/1955f664-ac3c-41c2-a0f0-0eabe0dc867f/generation-jobs HTTP/1.1" 202 Accepted
INFO:     127.0.0.1:54478 - "POST /v1/chat/completions HTTP/1.1" 200 OK
INFO:     127.0.0.1:54447 - "GET /api/v1/content-tasks/1955f664-ac3c-41c2-a0f0-0eabe0dc867f/generation-jobs HTTP/1.1" 200 OK
INFO:     127.0.0.1:54447 - "GET /api/v1/content-tasks/1955f664-ac3c-41c2-a0f0-0eabe0dc867f/generation-jobs HTTP/1.1" 200 OK
INFO:     127.0.0.1:54447 - "GET /api/v1/content-tasks/1955f664-ac3c-41c2-a0f0-0eabe0dc867f/editor-context HTTP/1.1" 200 OK
INFO:     127.0.0.1:54479 - "GET /api/v1/content-tasks/1955f664-ac3c-41c2-a0f0-0eabe0dc867f/editor-context HTTP/1.1" 200 OK
INFO:     127.0.0.1:54463 - "GET /e2e/calls/e2e-config-model-01a36f9e HTTP/1.1" 200 OK
INFO:     127.0.0.1:54463 - "GET /e2e/payloads/e2e-config-model-01a36f9e HTTP/1.1" 200 OK
INFO:     127.0.0.1:54447 - "GET /api/v1/ai-channels?page=1&page_size=20 HTTP/1.1" 200 OK
INFO:     127.0.0.1:54447 - "GET /api/v1/ai-channels?q=E2E%20%E6%9C%8D%E5%8A%A1%E7%AB%AF%E6%B8%A0%E9%81%93%2001a36f9e&page=1&page_size=20 HTTP/1.1" 200 OK
INFO:     127.0.0.1:54447 - "GET /api/v1/auth/session HTTP/1.1" 200 OK
INFO:     127.0.0.1:54447 - "GET /api/v1/ai-channels/d7fb837e-8173-4f7a-96ac-36a08f7a6fef HTTP/1.1" 200 OK
INFO:     127.0.0.1:54447 - "GET /api/v1/ai-channels/d7fb837e-8173-4f7a-96ac-36a08f7a6fef/usage-summary?period=30d HTTP/1.1" 200 OK
INFO:     127.0.0.1:54447 - "GET /api/v1/ai-channels/d7fb837e-8173-4f7a-96ac-36a08f7a6fef/usage-summary?period=all HTTP/1.1" 200 OK
INFO:     127.0.0.1:54447 - "GET /api/v1/ai-channels/d7fb837e-8173-4f7a-96ac-36a08f7a6fef/audit-logs?page=1&page_size=20 HTTP/1.1" 200 OK
INFO:     127.0.0.1:54447 - "GET /api/v1/audit-logs/c2212a58-0cab-4fff-9901-c8c10d58f01d HTTP/1.1" 200 OK
INFO:     127.0.0.1:54479 - "GET /api/v1/ai-channels/d7fb837e-8173-4f7a-96ac-36a08f7a6fef/audit-logs?page=1&page_size=50 HTTP/1.1" 200 OK
INFO:     127.0.0.1:54479 - "GET /api/v1/ai-channels/d7fb837e-8173-4f7a-96ac-36a08f7a6fef/models HTTP/1.1" 200 OK
INFO:     127.0.0.1:54449 - "OPTIONS /api/v1/ai-channels/d7fb837e-8173-4f7a-96ac-36a08f7a6fef/disable HTTP/1.1" 200 OK
INFO:     127.0.0.1:54447 - "POST /api/v1/ai-channels/d7fb837e-8173-4f7a-96ac-36a08f7a6fef/disable HTTP/1.1" 200 OK
INFO:     127.0.0.1:54447 - "GET /api/v1/ai-channels/d7fb837e-8173-4f7a-96ac-36a08f7a6fef HTTP/1.1" 200 OK
INFO:     127.0.0.1:54447 - "GET /api/v1/ai-channels/d7fb837e-8173-4f7a-96ac-36a08f7a6fef/audit-logs?page=1&page_size=20 HTTP/1.1" 200 OK
INFO:     127.0.0.1:54447 - "GET /api/v1/ai-channels/d7fb837e-8173-4f7a-96ac-36a08f7a6fef/models HTTP/1.1" 200 OK
INFO:     127.0.0.1:54449 - "OPTIONS /api/v1/ai-models/a2654bf2-6bf4-4ccc-a3ae-7adb138e7c42/disable HTTP/1.1" 200 OK
INFO:     127.0.0.1:54447 - "POST /api/v1/ai-models/a2654bf2-6bf4-4ccc-a3ae-7adb138e7c42/disable HTTP/1.1" 200 OK
INFO:     127.0.0.1:54465 - "GET /api/v1/ai-channels/d7fb837e-8173-4f7a-96ac-36a08f7a6fef HTTP/1.1" 200 OK
INFO:     127.0.0.1:54447 - "GET /api/v1/ai-channels/d7fb837e-8173-4f7a-96ac-36a08f7a6fef/models HTTP/1.1" 200 OK
INFO:     127.0.0.1:54449 - "OPTIONS /api/v1/ai-channel-headers/41fadead-b380-4be9-8205-c8af673e3d95?expected_channel_revision=8 HTTP/1.1" 200 OK
INFO:     127.0.0.1:54447 - "DELETE /api/v1/ai-channel-headers/41fadead-b380-4be9-8205-c8af673e3d95?expected_channel_revision=8 HTTP/1.1" 204 No Content
INFO:     127.0.0.1:54447 - "GET /api/v1/ai-channels/d7fb837e-8173-4f7a-96ac-36a08f7a6fef HTTP/1.1" 200 OK
INFO:     127.0.0.1:54447 - "GET /api/v1/ai-channels/d7fb837e-8173-4f7a-96ac-36a08f7a6fef/models HTTP/1.1" 200 OK
INFO:     127.0.0.1:54449 - "OPTIONS /api/v1/ai-models/a2654bf2-6bf4-4ccc-a3ae-7adb138e7c42?expected_revision=8 HTTP/1.1" 200 OK
INFO:     127.0.0.1:54447 - "DELETE /api/v1/ai-models/a2654bf2-6bf4-4ccc-a3ae-7adb138e7c42?expected_revision=8 HTTP/1.1" 204 No Content
INFO:     127.0.0.1:54465 - "GET /api/v1/ai-channels/d7fb837e-8173-4f7a-96ac-36a08f7a6fef HTTP/1.1" 200 OK
INFO:     127.0.0.1:54447 - "GET /api/v1/ai-channels/d7fb837e-8173-4f7a-96ac-36a08f7a6fef/models HTTP/1.1" 200 OK
INFO:     127.0.0.1:54449 - "OPTIONS /api/v1/ai-channels/d7fb837e-8173-4f7a-96ac-36a08f7a6fef?expected_revision=9 HTTP/1.1" 200 OK
INFO:     127.0.0.1:54447 - "DELETE /api/v1/ai-channels/d7fb837e-8173-4f7a-96ac-36a08f7a6fef?expected_revision=9 HTTP/1.1" 204 No Content
INFO:     127.0.0.1:54447 - "GET /api/v1/ai-channels?page=1&page_size=20 HTTP/1.1" 200 OK
  ✓   1 [foundation-desktop] › tests/e2e/ai-channel-configuration-real-stack.spec.ts:206:1 › AI Channel Configuration 真实栈闭环 (14.5s)
INFO:     127.0.0.1:54479 - "POST /api/v1/auth/login HTTP/1.1" 200 OK
INFO:     127.0.0.1:54495 - "GET /api/v1/auth/session HTTP/1.1" 200 OK
INFO:     127.0.0.1:54496 - "OPTIONS /api/v1/products HTTP/1.1" 200 OK
INFO:     127.0.0.1:54495 - "POST /api/v1/products HTTP/1.1" 201 Created
INFO:     127.0.0.1:54495 - "GET /api/v1/products/6bfe1635-e63e-4fd4-a87b-c86fc19364c5/detail HTTP/1.1" 200 OK
INFO:     127.0.0.1:54495 - "GET /api/v1/auth/session HTTP/1.1" 200 OK
INFO:     127.0.0.1:54495 - "GET /api/v1/products/6bfe1635-e63e-4fd4-a87b-c86fc19364c5/facts HTTP/1.1" 200 OK
INFO:     127.0.0.1:54496 - "OPTIONS /api/v1/products/6bfe1635-e63e-4fd4-a87b-c86fc19364c5/facts HTTP/1.1" 200 OK
INFO:     127.0.0.1:54495 - "PUT /api/v1/products/6bfe1635-e63e-4fd4-a87b-c86fc19364c5/facts HTTP/1.1" 200 OK
INFO:     127.0.0.1:54496 - "OPTIONS /api/v1/products/6bfe1635-e63e-4fd4-a87b-c86fc19364c5/fact-review-submissions HTTP/1.1" 200 OK
INFO:     127.0.0.1:54495 - "POST /api/v1/products/6bfe1635-e63e-4fd4-a87b-c86fc19364c5/fact-review-submissions HTTP/1.1" 201 Created
INFO:     127.0.0.1:54495 - "GET /api/v1/products/6bfe1635-e63e-4fd4-a87b-c86fc19364c5/facts HTTP/1.1" 200 OK
INFO:     127.0.0.1:54495 - "GET /api/v1/auth/session HTTP/1.1" 200 OK
INFO:     127.0.0.1:54495 - "GET /api/v1/products/6bfe1635-e63e-4fd4-a87b-c86fc19364c5/fact-review-context HTTP/1.1" 200 OK
INFO:     127.0.0.1:54496 - "OPTIONS /api/v1/fact-versions/31726b8b-f422-44e2-a133-831b78fee469/approve HTTP/1.1" 200 OK
INFO:     127.0.0.1:54495 - "POST /api/v1/fact-versions/31726b8b-f422-44e2-a133-831b78fee469/approve HTTP/1.1" 200 OK
INFO:     127.0.0.1:54495 - "GET /api/v1/products/6bfe1635-e63e-4fd4-a87b-c86fc19364c5/fact-review-context HTTP/1.1" 200 OK
INFO:     127.0.0.1:54479 - "GET /api/v1/products/6bfe1635-e63e-4fd4-a87b-c86fc19364c5 HTTP/1.1" 200 OK
INFO:     127.0.0.1:54479 - "GET /api/v1/products/6bfe1635-e63e-4fd4-a87b-c86fc19364c5/facts HTTP/1.1" 200 OK
INFO:     127.0.0.1:54479 - "GET /api/v1/products/6bfe1635-e63e-4fd4-a87b-c86fc19364c5/fact-versions HTTP/1.1" 200 OK
INFO:     127.0.0.1:54479 - "GET /api/v1/products/6bfe1635-e63e-4fd4-a87b-c86fc19364c5/fact-review-context HTTP/1.1" 200 OK
INFO:     127.0.0.1:54495 - "GET /api/v1/auth/session HTTP/1.1" 200 OK
INFO:     127.0.0.1:54495 - "GET /api/v1/geo/subjects?page=1&page_size=20&sort=NAME_ASC HTTP/1.1" 200 OK
INFO:     127.0.0.1:54498 - "GET /api/v1/geo/subjects?page=1&page_size=10&sort=NAME_ASC&subject_type=OWN_BRAND HTTP/1.1" 200 OK
INFO:     127.0.0.1:54495 - "GET /api/v1/products?search=&page=1&page_size=10&sort=MODEL_ASC HTTP/1.1" 200 OK
INFO:     127.0.0.1:54499 - "GET /api/v1/products?search=GEO106-3d22c776&page=1&page_size=10&sort=MODEL_ASC HTTP/1.1" 200 OK
INFO:     127.0.0.1:54496 - "OPTIONS /api/v1/geo/subjects HTTP/1.1" 200 OK
INFO:     127.0.0.1:54499 - "POST /api/v1/geo/subjects HTTP/1.1" 201 Created
INFO:     127.0.0.1:54495 - "GET /api/v1/geo/subjects?page=1&page_size=10&sort=NAME_ASC&subject_type=OWN_BRAND HTTP/1.1" 200 OK
INFO:     127.0.0.1:54498 - "GET /api/v1/geo/subjects/1f15ead1-268b-44c7-a4fd-9c01f859bb49 HTTP/1.1" 200 OK
INFO:     127.0.0.1:54499 - "GET /api/v1/geo/subjects?page=1&page_size=20&sort=NAME_ASC HTTP/1.1" 200 OK
INFO:     127.0.0.1:54496 - "OPTIONS /api/v1/geo/subjects/1f15ead1-268b-44c7-a4fd-9c01f859bb49/aliases HTTP/1.1" 200 OK
INFO:     127.0.0.1:54499 - "POST /api/v1/geo/subjects/1f15ead1-268b-44c7-a4fd-9c01f859bb49/aliases HTTP/1.1" 200 OK
INFO:     127.0.0.1:54499 - "GET /api/v1/geo/subjects?page=1&page_size=20&sort=NAME_ASC HTTP/1.1" 200 OK
INFO:     127.0.0.1:54496 - "OPTIONS /api/v1/geo/subjects/1f15ead1-268b-44c7-a4fd-9c01f859bb49/domains HTTP/1.1" 200 OK
INFO:     127.0.0.1:54499 - "POST /api/v1/geo/subjects/1f15ead1-268b-44c7-a4fd-9c01f859bb49/domains HTTP/1.1" 200 OK
INFO:     127.0.0.1:54499 - "GET /api/v1/geo/subjects?page=1&page_size=20&sort=NAME_ASC HTTP/1.1" 200 OK
INFO:     127.0.0.1:54498 - "GET /api/v1/geo/subjects?page=1&page_size=10&sort=NAME_ASC&subject_type=OWN_BRAND HTTP/1.1" 200 OK
INFO:     127.0.0.1:54499 - "GET /api/v1/products?search=&page=1&page_size=10&sort=MODEL_ASC HTTP/1.1" 200 OK
INFO:     127.0.0.1:54499 - "POST /api/v1/geo/subjects HTTP/1.1" 201 Created
INFO:     127.0.0.1:54498 - "GET /api/v1/geo/subjects/36aa8dd8-e8f6-43e5-8e20-05583b69e96a HTTP/1.1" 200 OK
INFO:     127.0.0.1:54499 - "GET /api/v1/geo/subjects?page=1&page_size=20&sort=NAME_ASC HTTP/1.1" 200 OK
INFO:     127.0.0.1:54498 - "GET /api/v1/geo/subjects?page=1&page_size=10&sort=NAME_ASC&subject_type=OWN_BRAND HTTP/1.1" 200 OK
INFO:     127.0.0.1:54499 - "GET /api/v1/products?search=&page=1&page_size=10&sort=MODEL_ASC HTTP/1.1" 200 OK
INFO:     127.0.0.1:54498 - "GET /api/v1/geo/subjects?page=1&page_size=10&sort=NAME_ASC&q=%E8%99%9A%E6%9E%84%E7%AB%9E%E5%93%81%E5%93%81%E7%89%8C-3d22c776&subject_type=COMPETITOR_BRAND HTTP/1.1" 200 OK
INFO:     127.0.0.1:54498 - "POST /api/v1/geo/subjects HTTP/1.1" 201 Created
INFO:     127.0.0.1:54500 - "GET /api/v1/geo/subjects/2bf527ee-43a3-484e-a2f9-08b2671d81b6 HTTP/1.1" 200 OK
INFO:     127.0.0.1:54498 - "GET /api/v1/geo/subjects?page=1&page_size=20&sort=NAME_ASC HTTP/1.1" 200 OK
INFO:     127.0.0.1:54496 - "OPTIONS /api/v1/geo/subjects/2bf527ee-43a3-484e-a2f9-08b2671d81b6/aliases HTTP/1.1" 200 OK
INFO:     127.0.0.1:54498 - "POST /api/v1/geo/subjects/2bf527ee-43a3-484e-a2f9-08b2671d81b6/aliases HTTP/1.1" 200 OK
INFO:     127.0.0.1:54498 - "GET /api/v1/geo/subjects?page=1&page_size=20&sort=NAME_ASC HTTP/1.1" 200 OK
INFO:     127.0.0.1:54496 - "OPTIONS /api/v1/geo/subjects/2bf527ee-43a3-484e-a2f9-08b2671d81b6/domains HTTP/1.1" 200 OK
INFO:     127.0.0.1:54498 - "POST /api/v1/geo/subjects/2bf527ee-43a3-484e-a2f9-08b2671d81b6/domains HTTP/1.1" 200 OK
INFO:     127.0.0.1:54498 - "GET /api/v1/geo/subjects?page=1&page_size=20&sort=NAME_ASC HTTP/1.1" 200 OK
INFO:     127.0.0.1:54479 - "GET /api/v1/geo/subjects/1f15ead1-268b-44c7-a4fd-9c01f859bb49 HTTP/1.1" 200 OK
INFO:     127.0.0.1:54479 - "GET /api/v1/geo/subjects/2bf527ee-43a3-484e-a2f9-08b2671d81b6 HTTP/1.1" 200 OK
INFO:     127.0.0.1:54498 - "GET /api/v1/auth/session HTTP/1.1" 200 OK
INFO:     127.0.0.1:54500 - "GET /api/v1/geo/subjects/1f15ead1-268b-44c7-a4fd-9c01f859bb49 HTTP/1.1" 200 OK
INFO:     127.0.0.1:54498 - "GET /api/v1/geo/subjects?page=1&page_size=20&sort=NAME_ASC&q=GEO106-3d22c776 HTTP/1.1" 200 OK
INFO:     127.0.0.1:54498 - "GET /api/v1/auth/session HTTP/1.1" 200 OK
INFO:     127.0.0.1:54500 - "GET /api/v1/geo/subjects/1f15ead1-268b-44c7-a4fd-9c01f859bb49 HTTP/1.1" 200 OK
INFO:     127.0.0.1:54498 - "GET /api/v1/geo/subjects?page=1&page_size=20&sort=NAME_ASC&q=GEO106-3d22c776 HTTP/1.1" 200 OK
INFO:     127.0.0.1:54498 - "GET /api/v1/geo/subjects?page=1&page_size=20&sort=NAME_ASC&q=PS-3d22c776 HTTP/1.1" 200 OK
INFO:     127.0.0.1:54498 - "GET /api/v1/auth/session HTTP/1.1" 200 OK
INFO:     127.0.0.1:54500 - "GET /api/v1/geo/subjects/1f15ead1-268b-44c7-a4fd-9c01f859bb49 HTTP/1.1" 200 OK
INFO:     127.0.0.1:54498 - "GET /api/v1/geo/subjects?page=1&page_size=20&sort=NAME_ASC&q=PS-3d22c776 HTTP/1.1" 200 OK
INFO:     127.0.0.1:54500 - "GET /api/v1/geo/subjects?page=1&page_size=10&sort=NAME_ASC&subject_type=OWN_BRAND HTTP/1.1" 200 OK
INFO:     127.0.0.1:54498 - "GET /api/v1/products?search=&page=1&page_size=10&sort=MODEL_ASC HTTP/1.1" 200 OK
INFO:     127.0.0.1:54498 - "GET /api/v1/products?search=GEO106-3d22c776&page=1&page_size=10&sort=MODEL_ASC HTTP/1.1" 200 OK
INFO:     127.0.0.1:54498 - "POST /api/v1/geo/subjects HTTP/1.1" 409 Conflict
INFO:     127.0.0.1:54479 - "GET /api/v1/geo/subjects?product_id=6bfe1635-e63e-4fd4-a87b-c86fc19364c5&is_active=true HTTP/1.1" 200 OK
INFO:     127.0.0.1:54479 - "GET /api/v1/products/6bfe1635-e63e-4fd4-a87b-c86fc19364c5 HTTP/1.1" 200 OK
INFO:     127.0.0.1:54479 - "GET /api/v1/products/6bfe1635-e63e-4fd4-a87b-c86fc19364c5/facts HTTP/1.1" 200 OK
INFO:     127.0.0.1:54479 - "GET /api/v1/products/6bfe1635-e63e-4fd4-a87b-c86fc19364c5/fact-versions HTTP/1.1" 200 OK
INFO:     127.0.0.1:54479 - "GET /api/v1/products/6bfe1635-e63e-4fd4-a87b-c86fc19364c5/fact-review-context HTTP/1.1" 200 OK
INFO:     127.0.0.1:54479 - "GET /api/v1/products/6bfe1635-e63e-4fd4-a87b-c86fc19364c5 HTTP/1.1" 200 OK
INFO:     127.0.0.1:54479 - "POST /api/v1/users HTTP/1.1" 201 Created
INFO:     127.0.0.1:54479 - "POST /api/v1/auth/login HTTP/1.1" 200 OK
INFO:     127.0.0.1:54479 - "POST /api/v1/auth/change-password HTTP/1.1" 204 No Content
INFO:     127.0.0.1:54515 - "GET /api/v1/auth/session HTTP/1.1" 200 OK
INFO:     127.0.0.1:54516 - "GET /api/v1/geo/subjects/1f15ead1-268b-44c7-a4fd-9c01f859bb49 HTTP/1.1" 200 OK
INFO:     127.0.0.1:54515 - "GET /api/v1/geo/subjects?page=1&page_size=20&sort=NAME_ASC HTTP/1.1" 200 OK
INFO:     127.0.0.1:54515 - "GET /api/v1/auth/session HTTP/1.1" 200 OK
INFO:     127.0.0.1:54515 - "GET /api/v1/geo/subjects?page=1&page_size=20&sort=NAME_ASC HTTP/1.1" 200 OK
  ✓   2 [foundation-desktop] › tests/e2e/catalog-real-stack.spec.ts:50:1 › 从已批准事实的 Product 建立唯一监测身份、竞品和字典，刷新及 ENGINEER 只读 (5.6s)
INFO:     127.0.0.1:54479 - "POST /api/v1/auth/login HTTP/1.1" 200 OK
INFO:     127.0.0.1:54479 - "POST /api/v1/platform-prompts HTTP/1.1" 201 Created
INFO:     127.0.0.1:54479 - "POST /api/v1/platform-types HTTP/1.1" 201 Created
INFO:     127.0.0.1:54479 - "POST /api/v1/platform-profiles HTTP/1.1" 201 Created
INFO:     127.0.0.1:54479 - "GET /api/v1/content-humanization-prompt HTTP/1.1" 204 No Content
INFO:     127.0.0.1:54479 - "PUT /api/v1/content-humanization-prompt HTTP/1.1" 200 OK
INFO:     127.0.0.1:54479 - "POST /api/v1/ai-channels HTTP/1.1" 201 Created
INFO:     127.0.0.1:54479 - "POST /api/v1/ai-channels/727fbdf5-fb68-4fb8-86bc-86cf28ff1450/headers HTTP/1.1" 201 Created
INFO:     127.0.0.1:54479 - "POST /api/v1/ai-channels/727fbdf5-fb68-4fb8-86bc-86cf28ff1450/headers HTTP/1.1" 201 Created
INFO:     127.0.0.1:54479 - "POST /api/v1/ai-channels/727fbdf5-fb68-4fb8-86bc-86cf28ff1450/models HTTP/1.1" 201 Created
INFO:     127.0.0.1:54517 - "POST /v1/chat/completions HTTP/1.1" 200 OK
INFO:     127.0.0.1:54479 - "POST /api/v1/ai-models/93004dcc-70d0-4d83-b245-1048465fba70/test HTTP/1.1" 200 OK
INFO:     127.0.0.1:54479 - "POST /api/v1/ai-models/93004dcc-70d0-4d83-b245-1048465fba70/enable HTTP/1.1" 200 OK
INFO:     127.0.0.1:54479 - "POST /api/v1/ai-channels/727fbdf5-fb68-4fb8-86bc-86cf28ff1450/enable HTTP/1.1" 200 OK
INFO:     127.0.0.1:54479 - "POST /api/v1/ai-channels HTTP/1.1" 201 Created
INFO:     127.0.0.1:54479 - "POST /api/v1/ai-channels/a34b63c3-baad-449e-b8c8-8d0675feb1c5/headers HTTP/1.1" 201 Created
INFO:     127.0.0.1:54479 - "POST /api/v1/ai-channels/a34b63c3-baad-449e-b8c8-8d0675feb1c5/headers HTTP/1.1" 201 Created
INFO:     127.0.0.1:54479 - "POST /api/v1/ai-channels/a34b63c3-baad-449e-b8c8-8d0675feb1c5/models HTTP/1.1" 201 Created
INFO:     127.0.0.1:54518 - "POST /v1/chat/completions HTTP/1.1" 200 OK
INFO:     127.0.0.1:54479 - "POST /api/v1/ai-models/16291706-9c84-4cb2-a4fb-563fe169e03d/test HTTP/1.1" 200 OK
INFO:     127.0.0.1:54479 - "POST /api/v1/ai-models/16291706-9c84-4cb2-a4fb-563fe169e03d/enable HTTP/1.1" 200 OK
INFO:     127.0.0.1:54479 - "POST /api/v1/ai-channels/a34b63c3-baad-449e-b8c8-8d0675feb1c5/enable HTTP/1.1" 200 OK
INFO:     127.0.0.1:54525 - "GET /api/v1/auth/session HTTP/1.1" 200 OK
INFO:     127.0.0.1:54526 - "OPTIONS /api/v1/products HTTP/1.1" 200 OK
INFO:     127.0.0.1:54525 - "POST /api/v1/products HTTP/1.1" 201 Created
INFO:     127.0.0.1:54525 - "GET /api/v1/products/9bb6542e-e85e-496e-b5cb-45cf951adb82/detail HTTP/1.1" 200 OK
INFO:     127.0.0.1:54525 - "GET /api/v1/auth/session HTTP/1.1" 200 OK
INFO:     127.0.0.1:54525 - "GET /api/v1/products/9bb6542e-e85e-496e-b5cb-45cf951adb82/facts HTTP/1.1" 200 OK
INFO:     127.0.0.1:54526 - "OPTIONS /api/v1/products/9bb6542e-e85e-496e-b5cb-45cf951adb82/facts HTTP/1.1" 200 OK
INFO:     127.0.0.1:54525 - "PUT /api/v1/products/9bb6542e-e85e-496e-b5cb-45cf951adb82/facts HTTP/1.1" 200 OK
INFO:     127.0.0.1:54526 - "OPTIONS /api/v1/products/9bb6542e-e85e-496e-b5cb-45cf951adb82/fact-review-submissions HTTP/1.1" 200 OK
INFO:     127.0.0.1:54527 - "GET /api/v1/auth/session HTTP/1.1" 200 OK
INFO:     127.0.0.1:54527 - "GET /api/v1/products?page=1&page_size=20&sort=UPDATED_DESC HTTP/1.1" 200 OK
INFO:     127.0.0.1:54527 - "GET /api/v1/products?page=1&page_size=20&search=AI-V2-3860cba2&sort=UPDATED_DESC HTTP/1.1" 200 OK
INFO:     127.0.0.1:54527 - "GET /api/v1/auth/session HTTP/1.1" 200 OK
INFO:     127.0.0.1:54527 - "GET /api/v1/products/9bb6542e-e85e-496e-b5cb-45cf951adb82/fact-review-context HTTP/1.1" 200 OK
INFO:     127.0.0.1:54526 - "OPTIONS /api/v1/fact-versions/ad59ffb7-a6fd-4a46-93e3-52df201d0b9b/approve HTTP/1.1" 200 OK
INFO:     127.0.0.1:54527 - "POST /api/v1/fact-versions/ad59ffb7-a6fd-4a46-93e3-52df201d0b9b/approve HTTP/1.1" 200 OK
INFO:     127.0.0.1:54528 - "GET /api/v1/auth/session HTTP/1.1" 200 OK
INFO:     127.0.0.1:54528 - "GET /api/v1/products/9bb6542e-e85e-496e-b5cb-45cf951adb82/detail HTTP/1.1" 200 OK
INFO:     127.0.0.1:54528 - "GET /api/v1/auth/session HTTP/1.1" 200 OK
INFO:     127.0.0.1:54528 - "GET /api/v1/content-tasks/creation-options?requested_product_id=9bb6542e-e85e-496e-b5cb-45cf951adb82 HTTP/1.1" 200 OK
INFO:     127.0.0.1:54526 - "OPTIONS /api/v1/content-tasks HTTP/1.1" 200 OK
INFO:     127.0.0.1:54528 - "POST /api/v1/content-tasks HTTP/1.1" 201 Created
INFO:     127.0.0.1:54528 - "GET /api/v1/content-tasks/0a492d47-8a8f-456d-bcb7-4ebf3775072f/detail HTTP/1.1" 200 OK
INFO:     127.0.0.1:54528 - "GET /api/v1/auth/session HTTP/1.1" 200 OK
INFO:     127.0.0.1:54528 - "GET /api/v1/content-tasks/0a492d47-8a8f-456d-bcb7-4ebf3775072f/editor-context HTTP/1.1" 200 OK
INFO:     127.0.0.1:54528 - "GET /api/v1/content-tasks/0a492d47-8a8f-456d-bcb7-4ebf3775072f/generation-options HTTP/1.1" 200 OK
INFO:     127.0.0.1:54526 - "OPTIONS /api/v1/content-tasks/0a492d47-8a8f-456d-bcb7-4ebf3775072f/generation-jobs HTTP/1.1" 200 OK
INFO:     127.0.0.1:54528 - "POST /api/v1/content-tasks/0a492d47-8a8f-456d-bcb7-4ebf3775072f/generation-jobs HTTP/1.1" 202 Accepted
INFO:     127.0.0.1:54529 - "POST /v1/chat/completions HTTP/1.1" 200 OK
INFO:     127.0.0.1:54528 - "GET /api/v1/content-tasks/0a492d47-8a8f-456d-bcb7-4ebf3775072f/generation-jobs HTTP/1.1" 200 OK
INFO:     127.0.0.1:54528 - "GET /api/v1/content-tasks/0a492d47-8a8f-456d-bcb7-4ebf3775072f/generation-jobs HTTP/1.1" 200 OK
INFO:     127.0.0.1:54528 - "GET /api/v1/content-tasks/0a492d47-8a8f-456d-bcb7-4ebf3775072f/editor-context HTTP/1.1" 200 OK
INFO:     127.0.0.1:54538 - "GET /api/v1/content-tasks/0a492d47-8a8f-456d-bcb7-4ebf3775072f/editor-context HTTP/1.1" 200 OK
INFO:     127.0.0.1:54538 - "GET /api/v1/content-versions/50df5810-c6f2-4587-9601-520642320e50 HTTP/1.1" 200 OK
INFO:     127.0.0.1:54528 - "GET /api/v1/content-tasks/0a492d47-8a8f-456d-bcb7-4ebf3775072f/generation-options HTTP/1.1" 200 OK
INFO:     127.0.0.1:54526 - "OPTIONS /api/v1/content-versions/50df5810-c6f2-4587-9601-520642320e50/humanization-jobs HTTP/1.1" 200 OK
INFO:     127.0.0.1:54528 - "POST /api/v1/content-versions/50df5810-c6f2-4587-9601-520642320e50/humanization-jobs HTTP/1.1" 202 Accepted
{"event":"E2E_HUMANIZATION_RESPONSE","job_id":"0e87e882-4ac3-4c1b-be0c-49aa3c97071f","request_id":"0921ea3c-99ed-46bb-9fdd-7f6665c85ecf","status":"PENDING"}
INFO:     127.0.0.1:54528 - "GET /api/v1/content-tasks/0a492d47-8a8f-456d-bcb7-4ebf3775072f/generation-jobs HTTP/1.1" 200 OK
INFO:     127.0.0.1:54539 - "POST /v1/chat/completions HTTP/1.1" 200 OK
INFO:     127.0.0.1:54528 - "GET /api/v1/content-tasks/0a492d47-8a8f-456d-bcb7-4ebf3775072f/generation-jobs HTTP/1.1" 200 OK
INFO:     127.0.0.1:54528 - "GET /api/v1/content-tasks/0a492d47-8a8f-456d-bcb7-4ebf3775072f/editor-context HTTP/1.1" 200 OK
INFO:     127.0.0.1:54538 - "GET /api/v1/content-tasks/0a492d47-8a8f-456d-bcb7-4ebf3775072f/editor-context HTTP/1.1" 200 OK
INFO:     127.0.0.1:54538 - "GET /api/v1/generation-jobs/0e87e882-4ac3-4c1b-be0c-49aa3c97071f HTTP/1.1" 200 OK
INFO:     127.0.0.1:54538 - "GET /api/v1/content-versions/50df5810-c6f2-4587-9601-520642320e50 HTTP/1.1" 200 OK
{"attempt_count":1,"content_version_id":"bade796b-b61d-443a-8320-08c77231c9b3","event":"E2E_HUMANIZATION_TERMINAL","finished_at":"2026-10-06T02:17:54.762140Z","job_id":"0e87e882-4ac3-4c1b-be0c-49aa3c97071f","provider_request_id":"e2e-provider-request","started_at":"2026-10-06T02:17:54.736706Z","status":"SUCCEEDED"}
INFO:     127.0.0.1:54528 - "GET /api/v1/auth/session HTTP/1.1" 200 OK
INFO:     127.0.0.1:54528 - "GET /api/v1/products/9bb6542e-e85e-496e-b5cb-45cf951adb82/detail HTTP/1.1" 200 OK
INFO:     127.0.0.1:54528 - "GET /api/v1/auth/session HTTP/1.1" 200 OK
INFO:     127.0.0.1:54528 - "GET /api/v1/content-tasks/creation-options?requested_product_id=9bb6542e-e85e-496e-b5cb-45cf951adb82 HTTP/1.1" 200 OK
INFO:     127.0.0.1:54528 - "POST /api/v1/content-tasks HTTP/1.1" 201 Created
INFO:     127.0.0.1:54528 - "GET /api/v1/content-tasks/2edc630f-a1d1-4890-9059-91f6d58a1e67/detail HTTP/1.1" 200 OK
INFO:     127.0.0.1:54528 - "GET /api/v1/auth/session HTTP/1.1" 200 OK
INFO:     127.0.0.1:54528 - "GET /api/v1/content-tasks/2edc630f-a1d1-4890-9059-91f6d58a1e67/editor-context HTTP/1.1" 200 OK
INFO:     127.0.0.1:54528 - "GET /api/v1/content-tasks/2edc630f-a1d1-4890-9059-91f6d58a1e67/generation-options HTTP/1.1" 200 OK
INFO:     127.0.0.1:54526 - "OPTIONS /api/v1/content-tasks/2edc630f-a1d1-4890-9059-91f6d58a1e67/generation-jobs HTTP/1.1" 200 OK
INFO:     127.0.0.1:54528 - "POST /api/v1/content-tasks/2edc630f-a1d1-4890-9059-91f6d58a1e67/generation-jobs HTTP/1.1" 202 Accepted
INFO:     127.0.0.1:54528 - "GET /api/v1/content-tasks/2edc630f-a1d1-4890-9059-91f6d58a1e67/generation-jobs HTTP/1.1" 200 OK
INFO:     127.0.0.1:54528 - "GET /api/v1/content-tasks/2edc630f-a1d1-4890-9059-91f6d58a1e67/generation-jobs HTTP/1.1" 200 OK
INFO:     127.0.0.1:54528 - "GET /api/v1/content-tasks/2edc630f-a1d1-4890-9059-91f6d58a1e67/generation-jobs HTTP/1.1" 200 OK
INFO:     127.0.0.1:54528 - "GET /api/v1/content-tasks/2edc630f-a1d1-4890-9059-91f6d58a1e67/generation-jobs HTTP/1.1" 200 OK
INFO:     127.0.0.1:54528 - "GET /api/v1/content-tasks/2edc630f-a1d1-4890-9059-91f6d58a1e67/generation-jobs HTTP/1.1" 200 OK
[2026-10-05 19:18:08,720: ERROR/MainProcess] AI 作业失败 job_id=99e385e4-6e16-4413-a5bc-5db924b4998d job_type=GENERATE source_content_version_id=None status=FAILED error_code=AI_PROVIDER_TIMEOUT error_type=PinnedTransportError
INFO:     127.0.0.1:54528 - "GET /api/v1/content-tasks/2edc630f-a1d1-4890-9059-91f6d58a1e67/generation-jobs HTTP/1.1" 200 OK
INFO:     127.0.0.1:54528 - "GET /api/v1/content-tasks/2edc630f-a1d1-4890-9059-91f6d58a1e67/editor-context HTTP/1.1" 200 OK
INFO:     127.0.0.1:54568 - "GET /api/v1/content-tasks/2edc630f-a1d1-4890-9059-91f6d58a1e67/editor-context HTTP/1.1" 200 OK
INFO:     127.0.0.1:54568 - "GET /api/v1/generation-jobs/99e385e4-6e16-4413-a5bc-5db924b4998d HTTP/1.1" 200 OK
INFO:     127.0.0.1:54528 - "GET /api/v1/generation-jobs/99e385e4-6e16-4413-a5bc-5db924b4998d HTTP/1.1" 200 OK
INFO:     127.0.0.1:54568 - "PUT /api/v1/ai-channels/a34b63c3-baad-449e-b8c8-8d0675feb1c5/api-key HTTP/1.1" 200 OK
INFO:     127.0.0.1:54568 - "PATCH /api/v1/ai-channel-headers/178b8201-9419-4607-b2eb-25c6b20f2bf0 HTTP/1.1" 200 OK
INFO:     127.0.0.1:54570 - "GET /api/v1/ai-channels/a34b63c3-baad-449e-b8c8-8d0675feb1c5/models HTTP/1.1" 200 OK
INFO:     127.0.0.1:54571 - "POST /v1/chat/completions HTTP/1.1" 200 OK
INFO:     127.0.0.1:54568 - "POST /api/v1/ai-models/16291706-9c84-4cb2-a4fb-563fe169e03d/test HTTP/1.1" 200 OK
INFO:     127.0.0.1:54568 - "POST /api/v1/ai-models/16291706-9c84-4cb2-a4fb-563fe169e03d/enable HTTP/1.1" 200 OK
INFO:     127.0.0.1:54568 - "POST /api/v1/ai-channels/a34b63c3-baad-449e-b8c8-8d0675feb1c5/enable HTTP/1.1" 200 OK
INFO:     127.0.0.1:54572 - "OPTIONS /api/v1/generation-jobs/99e385e4-6e16-4413-a5bc-5db924b4998d/retry HTTP/1.1" 200 OK
INFO:     127.0.0.1:54528 - "POST /api/v1/generation-jobs/99e385e4-6e16-4413-a5bc-5db924b4998d/retry HTTP/1.1" 202 Accepted
INFO:     127.0.0.1:54573 - "POST /v1/chat/completions HTTP/1.1" 200 OK
INFO:     127.0.0.1:54528 - "GET /api/v1/content-tasks/2edc630f-a1d1-4890-9059-91f6d58a1e67/generation-jobs HTTP/1.1" 200 OK
INFO:     127.0.0.1:54528 - "GET /api/v1/content-tasks/2edc630f-a1d1-4890-9059-91f6d58a1e67/generation-jobs HTTP/1.1" 200 OK
INFO:     127.0.0.1:54528 - "GET /api/v1/content-tasks/2edc630f-a1d1-4890-9059-91f6d58a1e67/editor-context HTTP/1.1" 200 OK
INFO:     127.0.0.1:54568 - "GET /api/v1/content-tasks/2edc630f-a1d1-4890-9059-91f6d58a1e67/editor-context HTTP/1.1" 200 OK
INFO:     127.0.0.1:54568 - "GET /api/v1/generation-jobs/36e28e7e-de30-4e68-884c-63fa7ba01d55 HTTP/1.1" 200 OK
INFO:     127.0.0.1:54574 - "GET /e2e/calls/e2e-timeout-model-3860cba2 HTTP/1.1" 200 OK
  ✓   3 [foundation-desktop] › tests/e2e/content-ai-real-stack.spec.ts:269:1 › AI Production：成功、自然化、失败详情与 exact snapshot retry (23.6s)
INFO:     127.0.0.1:54568 - "POST /api/v1/auth/login HTTP/1.1" 200 OK
INFO:     127.0.0.1:54568 - "POST /api/v1/platform-types HTTP/1.1" 201 Created
INFO:     127.0.0.1:54568 - "POST /api/v1/platform-profiles HTTP/1.1" 201 Created
INFO:     127.0.0.1:54589 - "GET /api/v1/auth/session HTTP/1.1" 200 OK
INFO:     127.0.0.1:54590 - "OPTIONS /api/v1/products HTTP/1.1" 200 OK
INFO:     127.0.0.1:54589 - "POST /api/v1/products HTTP/1.1" 201 Created
INFO:     127.0.0.1:54589 - "GET /api/v1/products/928859bb-44de-423f-b9c1-ba68a392b9a3/detail HTTP/1.1" 200 OK
INFO:     127.0.0.1:54589 - "GET /api/v1/auth/session HTTP/1.1" 200 OK
INFO:     127.0.0.1:54589 - "GET /api/v1/products/928859bb-44de-423f-b9c1-ba68a392b9a3/facts HTTP/1.1" 200 OK
INFO:     127.0.0.1:54590 - "OPTIONS /api/v1/products/928859bb-44de-423f-b9c1-ba68a392b9a3/facts HTTP/1.1" 200 OK
INFO:     127.0.0.1:54589 - "PUT /api/v1/products/928859bb-44de-423f-b9c1-ba68a392b9a3/facts HTTP/1.1" 200 OK
INFO:     127.0.0.1:54590 - "OPTIONS /api/v1/products/928859bb-44de-423f-b9c1-ba68a392b9a3/fact-review-submissions HTTP/1.1" 200 OK
INFO:     127.0.0.1:54591 - "GET /api/v1/auth/session HTTP/1.1" 200 OK
INFO:     127.0.0.1:54591 - "GET /api/v1/products?page=1&page_size=20&sort=UPDATED_DESC HTTP/1.1" 200 OK
INFO:     127.0.0.1:54591 - "GET /api/v1/products?page=1&page_size=20&search=CR-378d5d8d&sort=UPDATED_DESC HTTP/1.1" 200 OK
INFO:     127.0.0.1:54591 - "GET /api/v1/auth/session HTTP/1.1" 200 OK
INFO:     127.0.0.1:54591 - "GET /api/v1/products/928859bb-44de-423f-b9c1-ba68a392b9a3/fact-review-context HTTP/1.1" 200 OK
INFO:     127.0.0.1:54590 - "OPTIONS /api/v1/fact-versions/9390d059-58d0-493e-bfd6-5d78289eab43/approve HTTP/1.1" 200 OK
INFO:     127.0.0.1:54591 - "POST /api/v1/fact-versions/9390d059-58d0-493e-bfd6-5d78289eab43/approve HTTP/1.1" 200 OK
INFO:     127.0.0.1:54593 - "GET /api/v1/auth/session HTTP/1.1" 200 OK
INFO:     127.0.0.1:54593 - "GET /api/v1/products/928859bb-44de-423f-b9c1-ba68a392b9a3/detail HTTP/1.1" 200 OK
INFO:     127.0.0.1:54593 - "GET /api/v1/auth/session HTTP/1.1" 200 OK
INFO:     127.0.0.1:54593 - "GET /api/v1/content-tasks/creation-options?requested_product_id=928859bb-44de-423f-b9c1-ba68a392b9a3 HTTP/1.1" 200 OK
INFO:     127.0.0.1:54590 - "OPTIONS /api/v1/content-tasks HTTP/1.1" 200 OK
INFO:     127.0.0.1:54593 - "POST /api/v1/content-tasks HTTP/1.1" 201 Created
INFO:     127.0.0.1:54593 - "GET /api/v1/content-tasks/7875d746-88a2-4ca7-812b-cd9bfc2d60ef/detail HTTP/1.1" 200 OK
INFO:     127.0.0.1:54593 - "GET /api/v1/auth/session HTTP/1.1" 200 OK
INFO:     127.0.0.1:54593 - "GET /api/v1/content-tasks/7875d746-88a2-4ca7-812b-cd9bfc2d60ef/editor-context HTTP/1.1" 200 OK
INFO:     127.0.0.1:54590 - "OPTIONS /api/v1/content-tasks/7875d746-88a2-4ca7-812b-cd9bfc2d60ef/manual-versions HTTP/1.1" 200 OK
INFO:     127.0.0.1:54593 - "POST /api/v1/content-tasks/7875d746-88a2-4ca7-812b-cd9bfc2d60ef/manual-versions HTTP/1.1" 201 Created
INFO:     127.0.0.1:54593 - "GET /api/v1/content-tasks/7875d746-88a2-4ca7-812b-cd9bfc2d60ef/editor-context HTTP/1.1" 200 OK
INFO:     127.0.0.1:54590 - "OPTIONS /api/v1/content-versions/1774555c-c79c-441b-be8b-0a904e8e9490 HTTP/1.1" 200 OK
INFO:     127.0.0.1:54593 - "PUT /api/v1/content-versions/1774555c-c79c-441b-be8b-0a904e8e9490 HTTP/1.1" 200 OK
INFO:     127.0.0.1:54593 - "GET /api/v1/content-tasks/7875d746-88a2-4ca7-812b-cd9bfc2d60ef/editor-context HTTP/1.1" 200 OK
INFO:     127.0.0.1:54590 - "OPTIONS /api/v1/content-versions/1774555c-c79c-441b-be8b-0a904e8e9490/submit-review HTTP/1.1" 200 OK
INFO:     127.0.0.1:54593 - "POST /api/v1/content-versions/1774555c-c79c-441b-be8b-0a904e8e9490/submit-review HTTP/1.1" 200 OK
INFO:     127.0.0.1:54593 - "GET /api/v1/content-tasks/7875d746-88a2-4ca7-812b-cd9bfc2d60ef/editor-context HTTP/1.1" 200 OK
INFO:     127.0.0.1:54593 - "GET /api/v1/content-tasks/7875d746-88a2-4ca7-812b-cd9bfc2d60ef/detail HTTP/1.1" 200 OK
INFO:     127.0.0.1:54593 - "GET /api/v1/auth/session HTTP/1.1" 200 OK
INFO:     127.0.0.1:54593 - "GET /api/v1/content-tasks/7875d746-88a2-4ca7-812b-cd9bfc2d60ef/review-context HTTP/1.1" 200 OK
INFO:     127.0.0.1:54593 - "GET /api/v1/auth/session HTTP/1.1" 200 OK
INFO:     127.0.0.1:54593 - "GET /api/v1/workbench HTTP/1.1" 200 OK
INFO:     127.0.0.1:54593 - "GET /api/v1/auth/session HTTP/1.1" 200 OK
INFO:     127.0.0.1:54593 - "GET /api/v1/content-tasks/7875d746-88a2-4ca7-812b-cd9bfc2d60ef/review-context HTTP/1.1" 200 OK
INFO:     127.0.0.1:54568 - "GET /api/v1/content-tasks/7875d746-88a2-4ca7-812b-cd9bfc2d60ef/review-context HTTP/1.1" 200 OK
INFO:     127.0.0.1:54590 - "OPTIONS /api/v1/content-versions/1774555c-c79c-441b-be8b-0a904e8e9490/approve HTTP/1.1" 200 OK
INFO:     127.0.0.1:54593 - "POST /api/v1/content-versions/1774555c-c79c-441b-be8b-0a904e8e9490/approve HTTP/1.1" 200 OK
INFO:     127.0.0.1:54593 - "GET /api/v1/content-tasks/7875d746-88a2-4ca7-812b-cd9bfc2d60ef/review-context HTTP/1.1" 200 OK
INFO:     127.0.0.1:54568 - "GET /api/v1/content-tasks/7875d746-88a2-4ca7-812b-cd9bfc2d60ef/review-context HTTP/1.1" 200 OK
INFO:     127.0.0.1:54593 - "GET /api/v1/auth/session HTTP/1.1" 200 OK
INFO:     127.0.0.1:54593 - "GET /api/v1/content-tasks/7875d746-88a2-4ca7-812b-cd9bfc2d60ef/detail HTTP/1.1" 200 OK
INFO:     127.0.0.1:54568 - "GET /api/v1/content-tasks/7875d746-88a2-4ca7-812b-cd9bfc2d60ef/detail HTTP/1.1" 200 OK
INFO:     127.0.0.1:54593 - "GET /api/v1/auth/session HTTP/1.1" 200 OK
INFO:     127.0.0.1:54593 - "GET /api/v1/content-versions/1774555c-c79c-441b-be8b-0a904e8e9490/detail HTTP/1.1" 200 OK
INFO:     127.0.0.1:54568 - "GET /api/v1/content-versions/1774555c-c79c-441b-be8b-0a904e8e9490/detail HTTP/1.1" 200 OK
  ✓   4 [foundation-desktop] › tests/e2e/content-review-real-stack.spec.ts:200:1 › Flow A：人工内容批准后进入只读版本并出现发布交接 (4.5s)
INFO:     127.0.0.1:54568 - "POST /api/v1/auth/login HTTP/1.1" 200 OK
INFO:     127.0.0.1:54568 - "POST /api/v1/platform-types HTTP/1.1" 201 Created
INFO:     127.0.0.1:54568 - "POST /api/v1/platform-profiles HTTP/1.1" 201 Created
INFO:     127.0.0.1:54601 - "GET /api/v1/auth/session HTTP/1.1" 200 OK
INFO:     127.0.0.1:54602 - "OPTIONS /api/v1/products HTTP/1.1" 200 OK
INFO:     127.0.0.1:54601 - "POST /api/v1/products HTTP/1.1" 201 Created
INFO:     127.0.0.1:54601 - "GET /api/v1/products/62da6060-d1d7-4d6a-a2e2-90023d0688fc/detail HTTP/1.1" 200 OK
INFO:     127.0.0.1:54601 - "GET /api/v1/auth/session HTTP/1.1" 200 OK
INFO:     127.0.0.1:54601 - "GET /api/v1/products/62da6060-d1d7-4d6a-a2e2-90023d0688fc/facts HTTP/1.1" 200 OK
INFO:     127.0.0.1:54602 - "OPTIONS /api/v1/products/62da6060-d1d7-4d6a-a2e2-90023d0688fc/facts HTTP/1.1" 200 OK
INFO:     127.0.0.1:54601 - "PUT /api/v1/products/62da6060-d1d7-4d6a-a2e2-90023d0688fc/facts HTTP/1.1" 200 OK
INFO:     127.0.0.1:54602 - "OPTIONS /api/v1/products/62da6060-d1d7-4d6a-a2e2-90023d0688fc/fact-review-submissions HTTP/1.1" 200 OK
INFO:     127.0.0.1:54617 - "GET /api/v1/auth/session HTTP/1.1" 200 OK
INFO:     127.0.0.1:54617 - "GET /api/v1/products?page=1&page_size=20&sort=UPDATED_DESC HTTP/1.1" 200 OK
INFO:     127.0.0.1:54617 - "GET /api/v1/products?page=1&page_size=20&search=CR-4dcad85a&sort=UPDATED_DESC HTTP/1.1" 200 OK
INFO:     127.0.0.1:54617 - "GET /api/v1/auth/session HTTP/1.1" 200 OK
INFO:     127.0.0.1:54617 - "GET /api/v1/products/62da6060-d1d7-4d6a-a2e2-90023d0688fc/fact-review-context HTTP/1.1" 200 OK
INFO:     127.0.0.1:54602 - "OPTIONS /api/v1/fact-versions/2f9b0b06-c92b-4d22-83ff-5cd04a00308a/approve HTTP/1.1" 200 OK
INFO:     127.0.0.1:54617 - "POST /api/v1/fact-versions/2f9b0b06-c92b-4d22-83ff-5cd04a00308a/approve HTTP/1.1" 200 OK
INFO:     127.0.0.1:54617 - "GET /api/v1/products/62da6060-d1d7-4d6a-a2e2-90023d0688fc/fact-review-context HTTP/1.1" 200 OK
INFO:     127.0.0.1:54617 - "GET /api/v1/auth/session HTTP/1.1" 200 OK
INFO:     127.0.0.1:54617 - "GET /api/v1/products/62da6060-d1d7-4d6a-a2e2-90023d0688fc/detail HTTP/1.1" 200 OK
INFO:     127.0.0.1:54617 - "GET /api/v1/auth/session HTTP/1.1" 200 OK
INFO:     127.0.0.1:54617 - "GET /api/v1/content-tasks/creation-options?requested_product_id=62da6060-d1d7-4d6a-a2e2-90023d0688fc HTTP/1.1" 200 OK
INFO:     127.0.0.1:54602 - "OPTIONS /api/v1/content-tasks HTTP/1.1" 200 OK
INFO:     127.0.0.1:54617 - "POST /api/v1/content-tasks HTTP/1.1" 201 Created
INFO:     127.0.0.1:54617 - "GET /api/v1/content-tasks/b5d25ac1-24ec-429d-b81c-f2d0a0629de6/detail HTTP/1.1" 200 OK
INFO:     127.0.0.1:54617 - "GET /api/v1/auth/session HTTP/1.1" 200 OK
INFO:     127.0.0.1:54617 - "GET /api/v1/content-tasks/b5d25ac1-24ec-429d-b81c-f2d0a0629de6/editor-context HTTP/1.1" 200 OK
INFO:     127.0.0.1:54602 - "OPTIONS /api/v1/content-tasks/b5d25ac1-24ec-429d-b81c-f2d0a0629de6/manual-versions HTTP/1.1" 200 OK
INFO:     127.0.0.1:54617 - "POST /api/v1/content-tasks/b5d25ac1-24ec-429d-b81c-f2d0a0629de6/manual-versions HTTP/1.1" 201 Created
INFO:     127.0.0.1:54617 - "GET /api/v1/content-tasks/b5d25ac1-24ec-429d-b81c-f2d0a0629de6/editor-context HTTP/1.1" 200 OK
INFO:     127.0.0.1:54602 - "OPTIONS /api/v1/content-versions/ef1b057f-d1b0-4db2-b07e-3bea573a60f5 HTTP/1.1" 200 OK
INFO:     127.0.0.1:54617 - "PUT /api/v1/content-versions/ef1b057f-d1b0-4db2-b07e-3bea573a60f5 HTTP/1.1" 200 OK
INFO:     127.0.0.1:54617 - "GET /api/v1/content-tasks/b5d25ac1-24ec-429d-b81c-f2d0a0629de6/editor-context HTTP/1.1" 200 OK
INFO:     127.0.0.1:54602 - "OPTIONS /api/v1/content-versions/ef1b057f-d1b0-4db2-b07e-3bea573a60f5/submit-review HTTP/1.1" 200 OK
INFO:     127.0.0.1:54617 - "POST /api/v1/content-versions/ef1b057f-d1b0-4db2-b07e-3bea573a60f5/submit-review HTTP/1.1" 200 OK
INFO:     127.0.0.1:54617 - "GET /api/v1/content-tasks/b5d25ac1-24ec-429d-b81c-f2d0a0629de6/editor-context HTTP/1.1" 200 OK
INFO:     127.0.0.1:54617 - "GET /api/v1/content-tasks/b5d25ac1-24ec-429d-b81c-f2d0a0629de6/detail HTTP/1.1" 200 OK
INFO:     127.0.0.1:54617 - "GET /api/v1/auth/session HTTP/1.1" 200 OK
INFO:     127.0.0.1:54617 - "GET /api/v1/content-tasks/b5d25ac1-24ec-429d-b81c-f2d0a0629de6/review-context HTTP/1.1" 200 OK
INFO:     127.0.0.1:54568 - "GET /api/v1/content-tasks/b5d25ac1-24ec-429d-b81c-f2d0a0629de6/review-context HTTP/1.1" 200 OK
INFO:     127.0.0.1:54602 - "OPTIONS /api/v1/content-versions/ef1b057f-d1b0-4db2-b07e-3bea573a60f5/request-changes HTTP/1.1" 200 OK
INFO:     127.0.0.1:54617 - "POST /api/v1/content-versions/ef1b057f-d1b0-4db2-b07e-3bea573a60f5/request-changes HTTP/1.1" 200 OK
INFO:     127.0.0.1:54617 - "GET /api/v1/content-tasks/b5d25ac1-24ec-429d-b81c-f2d0a0629de6/review-context HTTP/1.1" 200 OK
INFO:     127.0.0.1:54568 - "GET /api/v1/content-tasks/b5d25ac1-24ec-429d-b81c-f2d0a0629de6/review-context HTTP/1.1" 200 OK
INFO:     127.0.0.1:54617 - "GET /api/v1/auth/session HTTP/1.1" 200 OK
INFO:     127.0.0.1:54617 - "GET /api/v1/content-tasks/b5d25ac1-24ec-429d-b81c-f2d0a0629de6/detail HTTP/1.1" 200 OK
INFO:     127.0.0.1:54617 - "GET /api/v1/auth/session HTTP/1.1" 200 OK
INFO:     127.0.0.1:54617 - "GET /api/v1/content-tasks/b5d25ac1-24ec-429d-b81c-f2d0a0629de6/editor-context HTTP/1.1" 200 OK
INFO:     127.0.0.1:54602 - "OPTIONS /api/v1/content-versions/ef1b057f-d1b0-4db2-b07e-3bea573a60f5/revisions HTTP/1.1" 200 OK
INFO:     127.0.0.1:54617 - "POST /api/v1/content-versions/ef1b057f-d1b0-4db2-b07e-3bea573a60f5/revisions HTTP/1.1" 201 Created
INFO:     127.0.0.1:54617 - "GET /api/v1/content-tasks/b5d25ac1-24ec-429d-b81c-f2d0a0629de6/editor-context HTTP/1.1" 200 OK
INFO:     127.0.0.1:54602 - "OPTIONS /api/v1/content-versions/9940e66b-0d72-45cb-a037-8f980495261b HTTP/1.1" 200 OK
INFO:     127.0.0.1:54617 - "PUT /api/v1/content-versions/9940e66b-0d72-45cb-a037-8f980495261b HTTP/1.1" 200 OK
INFO:     127.0.0.1:54617 - "GET /api/v1/content-tasks/b5d25ac1-24ec-429d-b81c-f2d0a0629de6/editor-context HTTP/1.1" 200 OK
INFO:     127.0.0.1:54602 - "OPTIONS /api/v1/content-versions/9940e66b-0d72-45cb-a037-8f980495261b/submit-review HTTP/1.1" 200 OK
INFO:     127.0.0.1:54617 - "POST /api/v1/content-versions/9940e66b-0d72-45cb-a037-8f980495261b/submit-review HTTP/1.1" 200 OK
INFO:     127.0.0.1:54617 - "GET /api/v1/content-tasks/b5d25ac1-24ec-429d-b81c-f2d0a0629de6/editor-context HTTP/1.1" 200 OK
INFO:     127.0.0.1:54617 - "GET /api/v1/content-tasks/b5d25ac1-24ec-429d-b81c-f2d0a0629de6/detail HTTP/1.1" 200 OK
INFO:     127.0.0.1:54617 - "GET /api/v1/auth/session HTTP/1.1" 200 OK
INFO:     127.0.0.1:54617 - "GET /api/v1/content-tasks/b5d25ac1-24ec-429d-b81c-f2d0a0629de6/review-context HTTP/1.1" 200 OK
INFO:     127.0.0.1:54602 - "OPTIONS /api/v1/content-versions/9940e66b-0d72-45cb-a037-8f980495261b/approve HTTP/1.1" 200 OK
INFO:     127.0.0.1:54617 - "POST /api/v1/content-versions/9940e66b-0d72-45cb-a037-8f980495261b/approve HTTP/1.1" 200 OK
INFO:     127.0.0.1:54617 - "GET /api/v1/content-tasks/b5d25ac1-24ec-429d-b81c-f2d0a0629de6/review-context HTTP/1.1" 200 OK
INFO:     127.0.0.1:54617 - "GET /api/v1/auth/session HTTP/1.1" 200 OK
INFO:     127.0.0.1:54617 - "GET /api/v1/content-tasks/b5d25ac1-24ec-429d-b81c-f2d0a0629de6/detail HTTP/1.1" 200 OK
INFO:     127.0.0.1:54568 - "GET /api/v1/content-tasks/b5d25ac1-24ec-429d-b81c-f2d0a0629de6/review-context HTTP/1.1" 200 OK
INFO:     127.0.0.1:54568 - "GET /api/v1/content-tasks/b5d25ac1-24ec-429d-b81c-f2d0a0629de6/detail HTTP/1.1" 200 OK
INFO:     127.0.0.1:54568 - "GET /api/v1/content-versions/ef1b057f-d1b0-4db2-b07e-3bea573a60f5/detail HTTP/1.1" 200 OK
INFO:     127.0.0.1:54618 - "GET /api/v1/content-versions/9940e66b-0d72-45cb-a037-8f980495261b/detail HTTP/1.1" 200 OK
  ✓   5 [foundation-desktop] › tests/e2e/content-review-real-stack.spec.ts:293:1 › Flow B：退回后创建 HUMAN revision，重新送审批准且历史不串线 (4.9s)
INFO:     127.0.0.1:54618 - "POST /api/v1/auth/login HTTP/1.1" 200 OK
INFO:     127.0.0.1:54618 - "POST /api/v1/platform-types HTTP/1.1" 201 Created
INFO:     127.0.0.1:54618 - "POST /api/v1/platform-profiles HTTP/1.1" 201 Created
INFO:     127.0.0.1:54618 - "POST /api/v1/products HTTP/1.1" 201 Created
INFO:     127.0.0.1:54618 - "GET /api/v1/products/3bcb9f24-c1c5-4630-ad44-67bd8a93f516/facts HTTP/1.1" 200 OK
INFO:     127.0.0.1:54618 - "PUT /api/v1/products/3bcb9f24-c1c5-4630-ad44-67bd8a93f516/facts HTTP/1.1" 200 OK
INFO:     127.0.0.1:54618 - "POST /api/v1/products/3bcb9f24-c1c5-4630-ad44-67bd8a93f516/fact-review-submissions HTTP/1.1" 201 Created
INFO:     127.0.0.1:54618 - "POST /api/v1/fact-versions/64e8ba8c-a1e5-468a-b507-018c53edf11e/approve HTTP/1.1" 200 OK
INFO:     127.0.0.1:54618 - "POST /api/v1/content-tasks HTTP/1.1" 201 Created
INFO:     127.0.0.1:54618 - "POST /api/v1/content-tasks/17426ed5-f500-45e0-84e6-edc4942f1fbc/manual-versions HTTP/1.1" 201 Created
INFO:     127.0.0.1:54625 - "GET /api/v1/auth/session HTTP/1.1" 200 OK
INFO:     127.0.0.1:54625 - "GET /api/v1/content-versions/db3841b0-d602-43f4-816a-4cad807111e1/detail HTTP/1.1" 200 OK
  ✓   6 [foundation-desktop] › tests/e2e/content-version-detail-real-stack.spec.ts:135:1 › 独立真实栈：单一 detail GET 读取 HUMAN 当前版本且页面无写入口 (476ms)
INFO:     127.0.0.1:54618 - "POST /api/v1/auth/login HTTP/1.1" 200 OK
INFO:     127.0.0.1:54618 - "POST /api/v1/platform-types HTTP/1.1" 201 Created
INFO:     127.0.0.1:54618 - "POST /api/v1/platform-profiles HTTP/1.1" 201 Created
INFO:     127.0.0.1:54618 - "POST /api/v1/platform-accounts HTTP/1.1" 201 Created
INFO:     127.0.0.1:54618 - "POST /api/v1/products HTTP/1.1" 201 Created
INFO:     127.0.0.1:54618 - "GET /api/v1/products/b38830ac-2b7b-498f-8de5-2ce7dab79a59/facts HTTP/1.1" 200 OK
INFO:     127.0.0.1:54618 - "PUT /api/v1/products/b38830ac-2b7b-498f-8de5-2ce7dab79a59/facts HTTP/1.1" 200 OK
INFO:     127.0.0.1:54618 - "POST /api/v1/products/b38830ac-2b7b-498f-8de5-2ce7dab79a59/fact-review-submissions HTTP/1.1" 201 Created
INFO:     127.0.0.1:54618 - "POST /api/v1/fact-versions/b52d6da7-c3f0-474a-9236-44325a04a99e/approve HTTP/1.1" 200 OK
INFO:     127.0.0.1:54618 - "POST /api/v1/content-tasks HTTP/1.1" 201 Created
INFO:     127.0.0.1:54618 - "POST /api/v1/content-tasks/220ce579-74a8-4995-9b00-1b5cdf1f106b/manual-versions HTTP/1.1" 201 Created
INFO:     127.0.0.1:54618 - "POST /api/v1/content-versions/9cfdde82-3c39-4dc1-aa98-3a709ab29f8e/submit-review HTTP/1.1" 200 OK
INFO:     127.0.0.1:54618 - "POST /api/v1/content-versions/9cfdde82-3c39-4dc1-aa98-3a709ab29f8e/approve HTTP/1.1" 200 OK
INFO:     127.0.0.1:54618 - "POST /api/v1/publication-works HTTP/1.1" 201 Created
INFO:     127.0.0.1:54618 - "PUT /api/v1/publication-works/c909dc38-9cf4-463f-a972-81fbf5ababff/result HTTP/1.1" 200 OK
INFO:     127.0.0.1:54618 - "POST /api/v1/publication-works/c909dc38-9cf4-463f-a972-81fbf5ababff/verifications HTTP/1.1" 200 OK
INFO:     127.0.0.1:54618 - "GET /api/v1/published-articles/c909dc38-9cf4-463f-a972-81fbf5ababff HTTP/1.1" 200 OK
INFO:     127.0.0.1:54618 - "POST /api/v1/query-topics HTTP/1.1" 201 Created
INFO:     127.0.0.1:54640 - "GET /api/v1/auth/session HTTP/1.1" 200 OK
INFO:     127.0.0.1:54641 - "GET /api/v1/query-topics HTTP/1.1" 200 OK
INFO:     127.0.0.1:54640 - "GET /api/v1/products?page=1&page_size=20&sort=UPDATED_DESC HTTP/1.1" 200 OK
INFO:     127.0.0.1:54640 - "GET /api/v1/products?page=1&page_size=20&search=GEO-e88485a1&sort=UPDATED_DESC HTTP/1.1" 200 OK
INFO:     127.0.0.1:54640 - "GET /api/v1/geo-observation-publications?product_id=b38830ac-2b7b-498f-8de5-2ce7dab79a59 HTTP/1.1" 200 OK
INFO:     127.0.0.1:54642 - "OPTIONS /api/v1/files/upload-intents HTTP/1.1" 200 OK
INFO:     127.0.0.1:54640 - "POST /api/v1/files/upload-intents HTTP/1.1" 201 Created
INFO:     127.0.0.1:54642 - "OPTIONS /api/v1/files/a2f9ca4d-ec29-4dea-aeb3-5e2db94047f8/content HTTP/1.1" 200 OK
INFO:     127.0.0.1:54640 - "PUT /api/v1/files/a2f9ca4d-ec29-4dea-aeb3-5e2db94047f8/content HTTP/1.1" 204 No Content
INFO:     127.0.0.1:54642 - "OPTIONS /api/v1/files/a2f9ca4d-ec29-4dea-aeb3-5e2db94047f8/complete HTTP/1.1" 200 OK
INFO:     127.0.0.1:54640 - "POST /api/v1/files/a2f9ca4d-ec29-4dea-aeb3-5e2db94047f8/complete HTTP/1.1" 200 OK
INFO:     127.0.0.1:54618 - "GET /api/v1/files/a2f9ca4d-ec29-4dea-aeb3-5e2db94047f8/download-url HTTP/1.1" 200 OK
INFO:     127.0.0.1:54642 - "OPTIONS /api/v1/geo-observations HTTP/1.1" 200 OK
INFO:     127.0.0.1:54640 - "POST /api/v1/geo-observations HTTP/1.1" 201 Created
INFO:     127.0.0.1:54640 - "GET /api/v1/geo-observations/3c3b4a6e-4d10-4c13-b77c-6eaa695a1fdf/detail HTTP/1.1" 200 OK
INFO:     127.0.0.1:54640 - "GET /api/v1/auth/session HTTP/1.1" 200 OK
INFO:     127.0.0.1:54640 - "GET /api/v1/workbench HTTP/1.1" 200 OK
INFO:     127.0.0.1:54640 - "GET /api/v1/auth/session HTTP/1.1" 200 OK
INFO:     127.0.0.1:54640 - "GET /api/v1/geo-observations/3c3b4a6e-4d10-4c13-b77c-6eaa695a1fdf/detail HTTP/1.1" 200 OK
INFO:     127.0.0.1:54640 - "GET /api/v1/auth/session HTTP/1.1" 200 OK
INFO:     127.0.0.1:54640 - "GET /api/v1/geo-observations/3c3b4a6e-4d10-4c13-b77c-6eaa695a1fdf/correction-context HTTP/1.1" 200 OK
INFO:     127.0.0.1:54640 - "GET /api/v1/geo-observations/3c3b4a6e-4d10-4c13-b77c-6eaa695a1fdf/correction-context HTTP/1.1" 200 OK
INFO:     127.0.0.1:54640 - "POST /api/v1/files/upload-intents HTTP/1.1" 201 Created
INFO:     127.0.0.1:54642 - "OPTIONS /api/v1/files/7f3d0132-f2ca-494d-bb37-a58970426382/content HTTP/1.1" 200 OK
INFO:     127.0.0.1:54640 - "PUT /api/v1/files/7f3d0132-f2ca-494d-bb37-a58970426382/content HTTP/1.1" 204 No Content
INFO:     127.0.0.1:54642 - "OPTIONS /api/v1/files/7f3d0132-f2ca-494d-bb37-a58970426382/complete HTTP/1.1" 200 OK
INFO:     127.0.0.1:54640 - "POST /api/v1/files/7f3d0132-f2ca-494d-bb37-a58970426382/complete HTTP/1.1" 200 OK
INFO:     127.0.0.1:54618 - "GET /api/v1/files/7f3d0132-f2ca-494d-bb37-a58970426382/download-url HTTP/1.1" 200 OK
INFO:     127.0.0.1:54640 - "POST /api/v1/geo-observations HTTP/1.1" 201 Created
INFO:     127.0.0.1:54640 - "GET /api/v1/geo-observations/3c3b4a6e-4d10-4c13-b77c-6eaa695a1fdf/correction-context HTTP/1.1" 200 OK
INFO:     127.0.0.1:54641 - "GET /api/v1/geo-observations/6513b369-d37c-431c-87ed-88559157f278/detail HTTP/1.1" 200 OK
INFO:     127.0.0.1:54641 - "GET /api/v1/auth/session HTTP/1.1" 200 OK
INFO:     127.0.0.1:54641 - "GET /api/v1/workbench HTTP/1.1" 200 OK
INFO:     127.0.0.1:54641 - "GET /api/v1/auth/session HTTP/1.1" 200 OK
INFO:     127.0.0.1:54641 - "GET /api/v1/geo-observations/list-items?product_id=b38830ac-2b7b-498f-8de5-2ce7dab79a59&page=1&page_size=20 HTTP/1.1" 200 OK
INFO:     127.0.0.1:54641 - "GET /api/v1/auth/session HTTP/1.1" 200 OK
INFO:     127.0.0.1:54641 - "GET /api/v1/geo-observations/3c3b4a6e-4d10-4c13-b77c-6eaa695a1fdf/detail HTTP/1.1" 200 OK
INFO:     127.0.0.1:54640 - "GET /api/v1/auth/session HTTP/1.1" 200 OK
INFO:     127.0.0.1:54640 - "GET /api/v1/geo/observation-batches?sort=CREATED_DESC&page=1&page_size=20 HTTP/1.1" 200 OK
INFO:     127.0.0.1:54640 - "GET /api/v1/geo-observations/list-items?page=1&page_size=20 HTTP/1.1" 200 OK
INFO:     127.0.0.1:54640 - "GET /api/v1/auth/session HTTP/1.1" 200 OK
INFO:     127.0.0.1:54640 - "GET /api/v1/geo-observations/list-items?product_id=b38830ac-2b7b-498f-8de5-2ce7dab79a59&page=1&page_size=20 HTTP/1.1" 200 OK
INFO:     127.0.0.1:54640 - "GET /api/v1/auth/session HTTP/1.1" 200 OK
INFO:     127.0.0.1:54640 - "GET /api/v1/geo-observations/3c3b4a6e-4d10-4c13-b77c-6eaa695a1fdf/detail HTTP/1.1" 200 OK
INFO:     127.0.0.1:54618 - "GET /api/v1/geo-observations/3c3b4a6e-4d10-4c13-b77c-6eaa695a1fdf/detail HTTP/1.1" 200 OK
INFO:     127.0.0.1:54618 - "GET /api/v1/geo-observations/6513b369-d37c-431c-87ed-88559157f278/detail HTTP/1.1" 200 OK
INFO:     127.0.0.1:54618 - "GET /api/v1/geo-observations/list-items?product_id=b38830ac-2b7b-498f-8de5-2ce7dab79a59&page=1&page_size=20 HTTP/1.1" 200 OK
  ✓   7 [foundation-desktop] › tests/e2e/geo-real-stack.spec.ts:346:1 › Flow A：新建 Observation 后追加 Correction，原记录保持不可变 (4.5s)
INFO:     127.0.0.1:54618 - "POST /api/v1/auth/login HTTP/1.1" 200 OK
INFO:     127.0.0.1:54618 - "POST /api/v1/platform-types HTTP/1.1" 201 Created
INFO:     127.0.0.1:54618 - "POST /api/v1/platform-profiles HTTP/1.1" 201 Created
INFO:     127.0.0.1:54618 - "POST /api/v1/platform-accounts HTTP/1.1" 201 Created
INFO:     127.0.0.1:54618 - "POST /api/v1/products HTTP/1.1" 201 Created
INFO:     127.0.0.1:54618 - "GET /api/v1/products/3e198131-d870-4f5b-862f-74591d0ab074/facts HTTP/1.1" 200 OK
INFO:     127.0.0.1:54618 - "PUT /api/v1/products/3e198131-d870-4f5b-862f-74591d0ab074/facts HTTP/1.1" 200 OK
INFO:     127.0.0.1:54618 - "POST /api/v1/products/3e198131-d870-4f5b-862f-74591d0ab074/fact-review-submissions HTTP/1.1" 201 Created
INFO:     127.0.0.1:54618 - "POST /api/v1/fact-versions/bea7e4db-cc09-46d0-8f71-f9cb81e07109/approve HTTP/1.1" 200 OK
INFO:     127.0.0.1:54618 - "POST /api/v1/content-tasks HTTP/1.1" 201 Created
INFO:     127.0.0.1:54618 - "POST /api/v1/content-tasks/26614494-91cf-443d-989a-68528fbe17cd/manual-versions HTTP/1.1" 201 Created
INFO:     127.0.0.1:54618 - "POST /api/v1/content-versions/e9be2283-ca83-4b73-9bbf-998bdaa3ee5d/submit-review HTTP/1.1" 200 OK
INFO:     127.0.0.1:54618 - "POST /api/v1/content-versions/e9be2283-ca83-4b73-9bbf-998bdaa3ee5d/approve HTTP/1.1" 200 OK
INFO:     127.0.0.1:54618 - "POST /api/v1/publication-works HTTP/1.1" 201 Created
INFO:     127.0.0.1:54618 - "PUT /api/v1/publication-works/f254eeb8-e5a1-486d-ad8f-d95879a3a051/result HTTP/1.1" 200 OK
INFO:     127.0.0.1:54618 - "POST /api/v1/publication-works/f254eeb8-e5a1-486d-ad8f-d95879a3a051/verifications HTTP/1.1" 200 OK
INFO:     127.0.0.1:54618 - "GET /api/v1/published-articles/f254eeb8-e5a1-486d-ad8f-d95879a3a051 HTTP/1.1" 200 OK
INFO:     127.0.0.1:54618 - "POST /api/v1/query-topics HTTP/1.1" 201 Created
INFO:     127.0.0.1:54618 - "POST /api/v1/geo-observations HTTP/1.1" 201 Created
INFO:     127.0.0.1:54618 - "POST /api/v1/geo-observations HTTP/1.1" 201 Created
INFO:     127.0.0.1:54618 - "POST /api/v1/geo-observations HTTP/1.1" 201 Created
INFO:     127.0.0.1:54618 - "POST /api/v1/geo-observations HTTP/1.1" 201 Created
INFO:     127.0.0.1:54618 - "POST /api/v1/geo-observations HTTP/1.1" 201 Created
INFO:     127.0.0.1:54618 - "POST /api/v1/geo-observations HTTP/1.1" 201 Created
INFO:     127.0.0.1:54674 - "GET /api/v1/auth/session HTTP/1.1" 200 OK
INFO:     127.0.0.1:54674 - "GET /api/v1/geo-insights?date_from=2026-07-01&date_to=2026-07-31&product_id=3e198131-d870-4f5b-862f-74591d0ab074&content_platform_id=22aa37ff-6c62-4bbc-af75-2ecde1a09a6f&published_article_id=f254eeb8-e5a1-486d-ad8f-d95879a3a051 HTTP/1.1" 200 OK
INFO:     127.0.0.1:54674 - "GET /api/v1/content-tasks/creation-options?requested_product_id=3e198131-d870-4f5b-862f-74591d0ab074 HTTP/1.1" 200 OK
INFO:     127.0.0.1:54684 - "OPTIONS /api/v1/geo-insights/optimization-content-tasks HTTP/1.1" 200 OK
INFO:     127.0.0.1:54674 - "POST /api/v1/geo-insights/optimization-content-tasks HTTP/1.1" 201 Created
INFO:     127.0.0.1:54674 - "GET /api/v1/geo-insights?date_from=2026-07-01&date_to=2026-07-31&product_id=3e198131-d870-4f5b-862f-74591d0ab074&content_platform_id=22aa37ff-6c62-4bbc-af75-2ecde1a09a6f&published_article_id=f254eeb8-e5a1-486d-ad8f-d95879a3a051 HTTP/1.1" 200 OK
INFO:     127.0.0.1:54685 - "GET /api/v1/content-tasks/76e12519-4068-4127-af3f-80052ebaa1de/detail HTTP/1.1" 200 OK
INFO:     127.0.0.1:54618 - "GET /api/v1/content-tasks/76e12519-4068-4127-af3f-80052ebaa1de/detail HTTP/1.1" 200 OK
  ✓   8 [foundation-desktop] › tests/e2e/geo-real-stack.spec.ts:581:1 › Flow B：真实 Insights 复算异常并创建带不可变 GEO 来源的优化任务 (1.5s)
INFO:     127.0.0.1:54618 - "POST /api/v1/auth/login HTTP/1.1" 200 OK
INFO:     127.0.0.1:54618 - "POST /api/v1/platform-types HTTP/1.1" 201 Created
INFO:     127.0.0.1:54618 - "POST /api/v1/platform-profiles HTTP/1.1" 201 Created
INFO:     127.0.0.1:54692 - "GET /api/v1/auth/session HTTP/1.1" 200 OK
INFO:     127.0.0.1:54693 - "OPTIONS /api/v1/products HTTP/1.1" 200 OK
INFO:     127.0.0.1:54692 - "POST /api/v1/products HTTP/1.1" 201 Created
INFO:     127.0.0.1:54692 - "GET /api/v1/products/76fe01c4-26d2-4d83-b45f-c705e32e7a90/detail HTTP/1.1" 200 OK
INFO:     127.0.0.1:54692 - "GET /api/v1/auth/session HTTP/1.1" 200 OK
INFO:     127.0.0.1:54692 - "GET /api/v1/products/76fe01c4-26d2-4d83-b45f-c705e32e7a90/facts HTTP/1.1" 200 OK
INFO:     127.0.0.1:54693 - "OPTIONS /api/v1/products/76fe01c4-26d2-4d83-b45f-c705e32e7a90/facts HTTP/1.1" 200 OK
INFO:     127.0.0.1:54692 - "PUT /api/v1/products/76fe01c4-26d2-4d83-b45f-c705e32e7a90/facts HTTP/1.1" 200 OK
INFO:     127.0.0.1:54693 - "OPTIONS /api/v1/products/76fe01c4-26d2-4d83-b45f-c705e32e7a90/fact-review-submissions HTTP/1.1" 200 OK
INFO:     127.0.0.1:54692 - "POST /api/v1/products/76fe01c4-26d2-4d83-b45f-c705e32e7a90/fact-review-submissions HTTP/1.1" 201 Created
INFO:     127.0.0.1:54692 - "GET /api/v1/products/76fe01c4-26d2-4d83-b45f-c705e32e7a90/facts HTTP/1.1" 200 OK
INFO:     127.0.0.1:54692 - "GET /api/v1/auth/session HTTP/1.1" 200 OK
INFO:     127.0.0.1:54692 - "GET /api/v1/workbench HTTP/1.1" 200 OK
INFO:     127.0.0.1:54692 - "GET /api/v1/auth/session HTTP/1.1" 200 OK
INFO:     127.0.0.1:54692 - "GET /api/v1/products/76fe01c4-26d2-4d83-b45f-c705e32e7a90/fact-review-context HTTP/1.1" 200 OK
INFO:     127.0.0.1:54693 - "OPTIONS /api/v1/fact-versions/f2d11c3f-06f1-463a-8d67-daf3e9022ddf/approve HTTP/1.1" 200 OK
INFO:     127.0.0.1:54692 - "POST /api/v1/fact-versions/f2d11c3f-06f1-463a-8d67-daf3e9022ddf/approve HTTP/1.1" 200 OK
INFO:     127.0.0.1:54692 - "GET /api/v1/products/76fe01c4-26d2-4d83-b45f-c705e32e7a90/fact-review-context HTTP/1.1" 200 OK
INFO:     127.0.0.1:54692 - "GET /api/v1/products?page=1&page_size=20&sort=UPDATED_DESC HTTP/1.1" 200 OK
INFO:     127.0.0.1:54692 - "GET /api/v1/products?page=1&page_size=20&search=PF-A-b53c3cee&sort=UPDATED_DESC HTTP/1.1" 200 OK
INFO:     127.0.0.1:54692 - "GET /api/v1/products/76fe01c4-26d2-4d83-b45f-c705e32e7a90/detail HTTP/1.1" 200 OK
INFO:     127.0.0.1:54618 - "GET /api/v1/products/76fe01c4-26d2-4d83-b45f-c705e32e7a90/detail HTTP/1.1" 200 OK
INFO:     127.0.0.1:54692 - "GET /api/v1/auth/session HTTP/1.1" 200 OK
INFO:     127.0.0.1:54692 - "GET /api/v1/content-tasks/creation-options?requested_product_id=76fe01c4-26d2-4d83-b45f-c705e32e7a90 HTTP/1.1" 200 OK
INFO:     127.0.0.1:54693 - "OPTIONS /api/v1/content-tasks HTTP/1.1" 200 OK
INFO:     127.0.0.1:54692 - "POST /api/v1/content-tasks HTTP/1.1" 201 Created
INFO:     127.0.0.1:54692 - "GET /api/v1/content-tasks/d6323818-bef6-40b9-b98c-2df390a9be4b/detail HTTP/1.1" 200 OK
INFO:     127.0.0.1:54692 - "GET /api/v1/products?page=1&page_size=20&sort=UPDATED_DESC HTTP/1.1" 200 OK
INFO:     127.0.0.1:54692 - "GET /api/v1/products?page=1&page_size=20&search=PF-A-b53c3cee&sort=UPDATED_DESC HTTP/1.1" 200 OK
INFO:     127.0.0.1:54692 - "GET /api/v1/products/76fe01c4-26d2-4d83-b45f-c705e32e7a90/detail HTTP/1.1" 200 OK
INFO:     127.0.0.1:54692 - "GET /api/v1/auth/session HTTP/1.1" 200 OK
INFO:     127.0.0.1:54692 - "GET /api/v1/fact-versions/f2d11c3f-06f1-463a-8d67-daf3e9022ddf HTTP/1.1" 200 OK
  ✓   9 [foundation-desktop] › tests/e2e/product-facts-real-stack.spec.ts:134:1 › Flow A：批准事实后展示不可变版本并交接 CREATE_CONTENT_TASK (2.8s)
INFO:     127.0.0.1:54618 - "POST /api/v1/auth/login HTTP/1.1" 200 OK
INFO:     127.0.0.1:54703 - "GET /api/v1/auth/session HTTP/1.1" 200 OK
INFO:     127.0.0.1:54704 - "OPTIONS /api/v1/products HTTP/1.1" 200 OK
INFO:     127.0.0.1:54703 - "POST /api/v1/products HTTP/1.1" 201 Created
INFO:     127.0.0.1:54703 - "GET /api/v1/products/23e093f8-83cd-4def-a679-9c42d8229482/detail HTTP/1.1" 200 OK
INFO:     127.0.0.1:54703 - "GET /api/v1/auth/session HTTP/1.1" 200 OK
INFO:     127.0.0.1:54703 - "GET /api/v1/products/23e093f8-83cd-4def-a679-9c42d8229482/facts HTTP/1.1" 200 OK
INFO:     127.0.0.1:54704 - "OPTIONS /api/v1/products/23e093f8-83cd-4def-a679-9c42d8229482/facts HTTP/1.1" 200 OK
INFO:     127.0.0.1:54703 - "PUT /api/v1/products/23e093f8-83cd-4def-a679-9c42d8229482/facts HTTP/1.1" 200 OK
INFO:     127.0.0.1:54704 - "OPTIONS /api/v1/products/23e093f8-83cd-4def-a679-9c42d8229482/fact-review-submissions HTTP/1.1" 200 OK
INFO:     127.0.0.1:54703 - "POST /api/v1/products/23e093f8-83cd-4def-a679-9c42d8229482/fact-review-submissions HTTP/1.1" 201 Created
INFO:     127.0.0.1:54703 - "GET /api/v1/products/23e093f8-83cd-4def-a679-9c42d8229482/facts HTTP/1.1" 200 OK
INFO:     127.0.0.1:54703 - "GET /api/v1/products?page=1&page_size=20&sort=UPDATED_DESC HTTP/1.1" 200 OK
INFO:     127.0.0.1:54703 - "GET /api/v1/products?page=1&page_size=20&search=PF-B-5b90a35a&sort=UPDATED_DESC HTTP/1.1" 200 OK
INFO:     127.0.0.1:54703 - "GET /api/v1/auth/session HTTP/1.1" 200 OK
INFO:     127.0.0.1:54703 - "GET /api/v1/products/23e093f8-83cd-4def-a679-9c42d8229482/fact-review-context HTTP/1.1" 200 OK
INFO:     127.0.0.1:54704 - "OPTIONS /api/v1/fact-versions/6705e30c-b9e7-425a-bd7d-f9f1ca09b54c/request-changes HTTP/1.1" 200 OK
INFO:     127.0.0.1:54703 - "POST /api/v1/fact-versions/6705e30c-b9e7-425a-bd7d-f9f1ca09b54c/request-changes HTTP/1.1" 200 OK
INFO:     127.0.0.1:54703 - "GET /api/v1/products/23e093f8-83cd-4def-a679-9c42d8229482/fact-review-context HTTP/1.1" 200 OK
INFO:     127.0.0.1:54703 - "GET /api/v1/products?page=1&page_size=20&sort=UPDATED_DESC HTTP/1.1" 200 OK
INFO:     127.0.0.1:54703 - "GET /api/v1/products?page=1&page_size=20&search=PF-B-5b90a35a&sort=UPDATED_DESC HTTP/1.1" 200 OK
INFO:     127.0.0.1:54703 - "GET /api/v1/auth/session HTTP/1.1" 200 OK
INFO:     127.0.0.1:54703 - "GET /api/v1/products/23e093f8-83cd-4def-a679-9c42d8229482/facts HTTP/1.1" 200 OK
INFO:     127.0.0.1:54703 - "PUT /api/v1/products/23e093f8-83cd-4def-a679-9c42d8229482/facts HTTP/1.1" 200 OK
INFO:     127.0.0.1:54703 - "POST /api/v1/products/23e093f8-83cd-4def-a679-9c42d8229482/fact-review-submissions HTTP/1.1" 201 Created
INFO:     127.0.0.1:54703 - "GET /api/v1/products/23e093f8-83cd-4def-a679-9c42d8229482/facts HTTP/1.1" 200 OK
INFO:     127.0.0.1:54703 - "GET /api/v1/products?page=1&page_size=20&sort=UPDATED_DESC HTTP/1.1" 200 OK
INFO:     127.0.0.1:54703 - "GET /api/v1/products?page=1&page_size=20&search=PF-B-5b90a35a&sort=UPDATED_DESC HTTP/1.1" 200 OK
INFO:     127.0.0.1:54703 - "GET /api/v1/auth/session HTTP/1.1" 200 OK
INFO:     127.0.0.1:54703 - "GET /api/v1/products/23e093f8-83cd-4def-a679-9c42d8229482/fact-review-context HTTP/1.1" 200 OK
INFO:     127.0.0.1:54704 - "OPTIONS /api/v1/fact-versions/b6cb5de0-7768-4fba-b127-ec4d6019c804/approve HTTP/1.1" 200 OK
INFO:     127.0.0.1:54703 - "POST /api/v1/fact-versions/b6cb5de0-7768-4fba-b127-ec4d6019c804/approve HTTP/1.1" 200 OK
INFO:     127.0.0.1:54703 - "GET /api/v1/products/23e093f8-83cd-4def-a679-9c42d8229482/fact-review-context HTTP/1.1" 200 OK
INFO:     127.0.0.1:54618 - "GET /api/v1/products/23e093f8-83cd-4def-a679-9c42d8229482/fact-review-context HTTP/1.1" 200 OK
INFO:     127.0.0.1:54703 - "GET /api/v1/products?page=1&page_size=20&sort=UPDATED_DESC HTTP/1.1" 200 OK
INFO:     127.0.0.1:54703 - "GET /api/v1/products?page=1&page_size=20&search=PF-B-5b90a35a&sort=UPDATED_DESC HTTP/1.1" 200 OK
INFO:     127.0.0.1:54703 - "GET /api/v1/products/23e093f8-83cd-4def-a679-9c42d8229482/detail HTTP/1.1" 200 OK
INFO:     127.0.0.1:54703 - "GET /api/v1/auth/session HTTP/1.1" 200 OK
INFO:     127.0.0.1:54703 - "GET /api/v1/products/23e093f8-83cd-4def-a679-9c42d8229482/fact-history?page=1&page_size=20 HTTP/1.1" 200 OK
INFO:     127.0.0.1:54703 - "GET /api/v1/auth/session HTTP/1.1" 200 OK
INFO:     127.0.0.1:54703 - "GET /api/v1/fact-versions/b6cb5de0-7768-4fba-b127-ec4d6019c804 HTTP/1.1" 200 OK
  ✓  10 [foundation-desktop] › tests/e2e/product-facts-real-stack.spec.ts:231:1 › Flow B：退回后修订产生新版本，审核历史严格归属当前 FactVersion (3.0s)
INFO:     127.0.0.1:54618 - "POST /api/v1/auth/login HTTP/1.1" 200 OK
INFO:     127.0.0.1:54721 - "GET /api/v1/auth/session HTTP/1.1" 200 OK
INFO:     127.0.0.1:54722 - "OPTIONS /api/v1/products HTTP/1.1" 200 OK
INFO:     127.0.0.1:54721 - "POST /api/v1/products HTTP/1.1" 201 Created
INFO:     127.0.0.1:54721 - "GET /api/v1/products/fd650ce7-ab03-449e-917e-a8e0399f1ac3/detail HTTP/1.1" 200 OK
INFO:     127.0.0.1:54721 - "GET /api/v1/auth/session HTTP/1.1" 200 OK
INFO:     127.0.0.1:54721 - "GET /api/v1/products/fd650ce7-ab03-449e-917e-a8e0399f1ac3/facts HTTP/1.1" 200 OK
INFO:     127.0.0.1:54722 - "OPTIONS /api/v1/products/fd650ce7-ab03-449e-917e-a8e0399f1ac3/facts HTTP/1.1" 200 OK
INFO:     127.0.0.1:54721 - "PUT /api/v1/products/fd650ce7-ab03-449e-917e-a8e0399f1ac3/facts HTTP/1.1" 200 OK
INFO:     127.0.0.1:54722 - "OPTIONS /api/v1/products/fd650ce7-ab03-449e-917e-a8e0399f1ac3/fact-review-submissions HTTP/1.1" 200 OK
INFO:     127.0.0.1:54721 - "POST /api/v1/products/fd650ce7-ab03-449e-917e-a8e0399f1ac3/fact-review-submissions HTTP/1.1" 201 Created
INFO:     127.0.0.1:54721 - "GET /api/v1/products/fd650ce7-ab03-449e-917e-a8e0399f1ac3/facts HTTP/1.1" 200 OK
INFO:     127.0.0.1:54721 - "GET /api/v1/products?page=1&page_size=20&sort=UPDATED_DESC HTTP/1.1" 200 OK
INFO:     127.0.0.1:54721 - "GET /api/v1/products?page=1&page_size=20&search=PF-D-e9a14170&sort=UPDATED_DESC HTTP/1.1" 200 OK
INFO:     127.0.0.1:54721 - "GET /api/v1/auth/session HTTP/1.1" 200 OK
INFO:     127.0.0.1:54721 - "GET /api/v1/products/fd650ce7-ab03-449e-917e-a8e0399f1ac3/fact-review-context HTTP/1.1" 200 OK
INFO:     127.0.0.1:54618 - "GET /api/v1/products/fd650ce7-ab03-449e-917e-a8e0399f1ac3/fact-review-context HTTP/1.1" 200 OK
INFO:     127.0.0.1:54618 - "POST /api/v1/fact-versions/8bd9745d-3cbe-4271-9c08-e5e9847bbe5b/request-changes HTTP/1.1" 200 OK
INFO:     127.0.0.1:54722 - "OPTIONS /api/v1/fact-versions/8bd9745d-3cbe-4271-9c08-e5e9847bbe5b/approve HTTP/1.1" 200 OK
INFO:     127.0.0.1:54721 - "POST /api/v1/fact-versions/8bd9745d-3cbe-4271-9c08-e5e9847bbe5b/approve HTTP/1.1" 409 Conflict
INFO:     127.0.0.1:54721 - "GET /api/v1/products/fd650ce7-ab03-449e-917e-a8e0399f1ac3/fact-review-context HTTP/1.1" 200 OK
INFO:     127.0.0.1:54618 - "GET /api/v1/products/fd650ce7-ab03-449e-917e-a8e0399f1ac3/fact-review-context HTTP/1.1" 200 OK
  ✓  11 [foundation-desktop] › tests/e2e/product-facts-real-stack.spec.ts:319:1 › Flow D：过期 revision 真实返回 409，不重放并保留服务端最新状态 (1.3s)
INFO:     127.0.0.1:54618 - "POST /api/v1/auth/login HTTP/1.1" 200 OK
INFO:     127.0.0.1:54618 - "POST /api/v1/platform-types HTTP/1.1" 201 Created
INFO:     127.0.0.1:54618 - "POST /api/v1/platform-profiles HTTP/1.1" 201 Created
INFO:     127.0.0.1:54729 - "GET /api/v1/auth/session HTTP/1.1" 200 OK
INFO:     127.0.0.1:54730 - "OPTIONS /api/v1/products HTTP/1.1" 200 OK
INFO:     127.0.0.1:54729 - "POST /api/v1/products HTTP/1.1" 201 Created
INFO:     127.0.0.1:54729 - "GET /api/v1/products/561b6a85-af5b-4556-9275-96f822568d8d/detail HTTP/1.1" 200 OK
INFO:     127.0.0.1:54729 - "GET /api/v1/auth/session HTTP/1.1" 200 OK
INFO:     127.0.0.1:54729 - "GET /api/v1/products/561b6a85-af5b-4556-9275-96f822568d8d/facts HTTP/1.1" 200 OK
INFO:     127.0.0.1:54730 - "OPTIONS /api/v1/products/561b6a85-af5b-4556-9275-96f822568d8d/facts HTTP/1.1" 200 OK
INFO:     127.0.0.1:54729 - "PUT /api/v1/products/561b6a85-af5b-4556-9275-96f822568d8d/facts HTTP/1.1" 200 OK
INFO:     127.0.0.1:54730 - "OPTIONS /api/v1/products/561b6a85-af5b-4556-9275-96f822568d8d/fact-review-submissions HTTP/1.1" 200 OK
INFO:     127.0.0.1:54729 - "POST /api/v1/products/561b6a85-af5b-4556-9275-96f822568d8d/fact-review-submissions HTTP/1.1" 201 Created
INFO:     127.0.0.1:54729 - "GET /api/v1/products/561b6a85-af5b-4556-9275-96f822568d8d/facts HTTP/1.1" 200 OK
INFO:     127.0.0.1:54729 - "GET /api/v1/products?page=1&page_size=20&sort=UPDATED_DESC HTTP/1.1" 200 OK
INFO:     127.0.0.1:54729 - "GET /api/v1/products?page=1&page_size=20&search=CE-C-7b94a7ae&sort=UPDATED_DESC HTTP/1.1" 200 OK
INFO:     127.0.0.1:54729 - "GET /api/v1/auth/session HTTP/1.1" 200 OK
INFO:     127.0.0.1:54729 - "GET /api/v1/products/561b6a85-af5b-4556-9275-96f822568d8d/fact-review-context HTTP/1.1" 200 OK
INFO:     127.0.0.1:54730 - "OPTIONS /api/v1/fact-versions/de0ed84a-34f1-4e0e-930a-2f826743ecb7/approve HTTP/1.1" 200 OK
INFO:     127.0.0.1:54729 - "POST /api/v1/fact-versions/de0ed84a-34f1-4e0e-930a-2f826743ecb7/approve HTTP/1.1" 200 OK
INFO:     127.0.0.1:54729 - "GET /api/v1/products/561b6a85-af5b-4556-9275-96f822568d8d/fact-review-context HTTP/1.1" 200 OK
INFO:     127.0.0.1:54729 - "GET /api/v1/products?page=1&page_size=20&sort=UPDATED_DESC HTTP/1.1" 200 OK
INFO:     127.0.0.1:54729 - "GET /api/v1/products?page=1&page_size=20&search=CE-C-7b94a7ae&sort=UPDATED_DESC HTTP/1.1" 200 OK
INFO:     127.0.0.1:54729 - "GET /api/v1/products/561b6a85-af5b-4556-9275-96f822568d8d/detail HTTP/1.1" 200 OK
INFO:     127.0.0.1:54618 - "GET /api/v1/products/561b6a85-af5b-4556-9275-96f822568d8d/detail HTTP/1.1" 200 OK
INFO:     127.0.0.1:54729 - "GET /api/v1/auth/session HTTP/1.1" 200 OK
INFO:     127.0.0.1:54729 - "GET /api/v1/content-tasks/creation-options?requested_product_id=561b6a85-af5b-4556-9275-96f822568d8d HTTP/1.1" 200 OK
INFO:     127.0.0.1:54730 - "OPTIONS /api/v1/content-tasks HTTP/1.1" 200 OK
INFO:     127.0.0.1:54729 - "POST /api/v1/content-tasks HTTP/1.1" 201 Created
INFO:     127.0.0.1:54729 - "GET /api/v1/content-tasks/0a849a5e-72cb-484d-b3c2-b8ea8f2d2b69/detail HTTP/1.1" 200 OK
INFO:     127.0.0.1:54729 - "GET /api/v1/auth/session HTTP/1.1" 200 OK
INFO:     127.0.0.1:54729 - "GET /api/v1/content-tasks/0a849a5e-72cb-484d-b3c2-b8ea8f2d2b69/editor-context HTTP/1.1" 200 OK
INFO:     127.0.0.1:54730 - "OPTIONS /api/v1/content-tasks/0a849a5e-72cb-484d-b3c2-b8ea8f2d2b69/manual-versions HTTP/1.1" 200 OK
INFO:     127.0.0.1:54729 - "POST /api/v1/content-tasks/0a849a5e-72cb-484d-b3c2-b8ea8f2d2b69/manual-versions HTTP/1.1" 201 Created
INFO:     127.0.0.1:54729 - "GET /api/v1/content-tasks/0a849a5e-72cb-484d-b3c2-b8ea8f2d2b69/editor-context HTTP/1.1" 200 OK
INFO:     127.0.0.1:54730 - "OPTIONS /api/v1/content-versions/335cdf6c-8037-40ae-964a-6931ad30adb8 HTTP/1.1" 200 OK
INFO:     127.0.0.1:54729 - "PUT /api/v1/content-versions/335cdf6c-8037-40ae-964a-6931ad30adb8 HTTP/1.1" 200 OK
INFO:     127.0.0.1:54729 - "GET /api/v1/content-tasks/0a849a5e-72cb-484d-b3c2-b8ea8f2d2b69/editor-context HTTP/1.1" 200 OK
INFO:     127.0.0.1:54730 - "OPTIONS /api/v1/content-versions/335cdf6c-8037-40ae-964a-6931ad30adb8/submit-review HTTP/1.1" 200 OK
INFO:     127.0.0.1:54729 - "POST /api/v1/content-versions/335cdf6c-8037-40ae-964a-6931ad30adb8/submit-review HTTP/1.1" 200 OK
INFO:     127.0.0.1:54729 - "GET /api/v1/content-tasks/0a849a5e-72cb-484d-b3c2-b8ea8f2d2b69/editor-context HTTP/1.1" 200 OK
INFO:     127.0.0.1:54618 - "GET /api/v1/content-tasks/0a849a5e-72cb-484d-b3c2-b8ea8f2d2b69/editor-context HTTP/1.1" 200 OK
  ✓  12 [foundation-desktop] › tests/e2e/product-facts-real-stack.spec.ts:400:1 › Flow C：独立 ContentTask 经人工首稿、保存后提交审核 (3.1s)
INFO:     127.0.0.1:54618 - "POST /api/v1/auth/login HTTP/1.1" 200 OK
INFO:     127.0.0.1:54618 - "POST /api/v1/platform-types HTTP/1.1" 201 Created
INFO:     127.0.0.1:54618 - "POST /api/v1/platform-profiles HTTP/1.1" 201 Created
INFO:     127.0.0.1:54618 - "POST /api/v1/platform-accounts HTTP/1.1" 201 Created
INFO:     127.0.0.1:54618 - "POST /api/v1/platform-accounts HTTP/1.1" 201 Created
INFO:     127.0.0.1:54618 - "POST /api/v1/products HTTP/1.1" 201 Created
INFO:     127.0.0.1:54618 - "GET /api/v1/products/92e40b48-2b7b-46a3-88ec-da00497b86fc/facts HTTP/1.1" 200 OK
INFO:     127.0.0.1:54618 - "PUT /api/v1/products/92e40b48-2b7b-46a3-88ec-da00497b86fc/facts HTTP/1.1" 200 OK
INFO:     127.0.0.1:54618 - "POST /api/v1/products/92e40b48-2b7b-46a3-88ec-da00497b86fc/fact-review-submissions HTTP/1.1" 201 Created
INFO:     127.0.0.1:54618 - "POST /api/v1/fact-versions/ee3c438b-4e44-4d86-a9f7-8be79357ddcd/approve HTTP/1.1" 200 OK
INFO:     127.0.0.1:54618 - "POST /api/v1/content-tasks HTTP/1.1" 201 Created
INFO:     127.0.0.1:54618 - "POST /api/v1/content-tasks/a8e10642-76db-4c18-9e11-102090512e1a/manual-versions HTTP/1.1" 201 Created
INFO:     127.0.0.1:54618 - "POST /api/v1/content-versions/8fdf915a-35f8-45a4-a8fa-c31d103400ae/submit-review HTTP/1.1" 200 OK
INFO:     127.0.0.1:54618 - "POST /api/v1/content-versions/8fdf915a-35f8-45a4-a8fa-c31d103400ae/approve HTTP/1.1" 200 OK
INFO:     127.0.0.1:54745 - "GET /api/v1/auth/session HTTP/1.1" 200 OK
INFO:     127.0.0.1:54745 - "GET /api/v1/publication-works?page=1&page_size=20 HTTP/1.1" 200 OK
INFO:     127.0.0.1:54746 - "GET /api/v1/publication-ready-items HTTP/1.1" 200 OK
INFO:     127.0.0.1:54745 - "GET /api/v1/publication-workbench-summary HTTP/1.1" 200 OK
INFO:     127.0.0.1:54747 - "OPTIONS /api/v1/publication-works HTTP/1.1" 200 OK
INFO:     127.0.0.1:54745 - "POST /api/v1/publication-works HTTP/1.1" 201 Created
INFO:     127.0.0.1:54748 - "GET /api/v1/publication-works?page=1&page_size=20 HTTP/1.1" 200 OK
INFO:     127.0.0.1:54745 - "GET /api/v1/publication-workbench-summary HTTP/1.1" 200 OK
INFO:     127.0.0.1:54746 - "GET /api/v1/publication-ready-items HTTP/1.1" 200 OK
INFO:     127.0.0.1:54746 - "GET /api/v1/auth/session HTTP/1.1" 200 OK
INFO:     127.0.0.1:54746 - "GET /api/v1/workbench HTTP/1.1" 200 OK
INFO:     127.0.0.1:54746 - "GET /api/v1/auth/session HTTP/1.1" 200 OK
INFO:     127.0.0.1:54746 - "GET /api/v1/publication-works/1798f6bc-67e8-4759-9bbf-0dcce26457fd/workspace-context HTTP/1.1" 200 OK
INFO:     127.0.0.1:54747 - "OPTIONS /api/v1/publication-works/1798f6bc-67e8-4759-9bbf-0dcce26457fd/preparation HTTP/1.1" 200 OK
INFO:     127.0.0.1:54746 - "PATCH /api/v1/publication-works/1798f6bc-67e8-4759-9bbf-0dcce26457fd/preparation HTTP/1.1" 200 OK
INFO:     127.0.0.1:54746 - "GET /api/v1/publication-works/1798f6bc-67e8-4759-9bbf-0dcce26457fd/workspace-context HTTP/1.1" 200 OK
INFO:     127.0.0.1:54747 - "OPTIONS /api/v1/publication-works/1798f6bc-67e8-4759-9bbf-0dcce26457fd/platform-review HTTP/1.1" 200 OK
INFO:     127.0.0.1:54746 - "POST /api/v1/publication-works/1798f6bc-67e8-4759-9bbf-0dcce26457fd/platform-review HTTP/1.1" 200 OK
INFO:     127.0.0.1:54746 - "GET /api/v1/publication-works/1798f6bc-67e8-4759-9bbf-0dcce26457fd/workspace-context HTTP/1.1" 200 OK
INFO:     127.0.0.1:54747 - "OPTIONS /api/v1/files/upload-intents HTTP/1.1" 200 OK
INFO:     127.0.0.1:54746 - "POST /api/v1/files/upload-intents HTTP/1.1" 201 Created
INFO:     127.0.0.1:54747 - "OPTIONS /api/v1/files/ad170b02-77e4-49d0-a1dc-f2609cec119e/content HTTP/1.1" 200 OK
INFO:     127.0.0.1:54746 - "PUT /api/v1/files/ad170b02-77e4-49d0-a1dc-f2609cec119e/content HTTP/1.1" 204 No Content
INFO:     127.0.0.1:54747 - "OPTIONS /api/v1/files/ad170b02-77e4-49d0-a1dc-f2609cec119e/complete HTTP/1.1" 200 OK
INFO:     127.0.0.1:54746 - "POST /api/v1/files/ad170b02-77e4-49d0-a1dc-f2609cec119e/complete HTTP/1.1" 200 OK
INFO:     127.0.0.1:54747 - "OPTIONS /api/v1/publication-works/1798f6bc-67e8-4759-9bbf-0dcce26457fd/result HTTP/1.1" 200 OK
INFO:     127.0.0.1:54746 - "PUT /api/v1/publication-works/1798f6bc-67e8-4759-9bbf-0dcce26457fd/result HTTP/1.1" 200 OK
INFO:     127.0.0.1:54746 - "GET /api/v1/publication-works/1798f6bc-67e8-4759-9bbf-0dcce26457fd/workspace-context HTTP/1.1" 200 OK
INFO:     127.0.0.1:54746 - "GET /api/v1/auth/session HTTP/1.1" 200 OK
INFO:     127.0.0.1:54746 - "GET /api/v1/workbench HTTP/1.1" 200 OK
INFO:     127.0.0.1:54746 - "GET /api/v1/auth/session HTTP/1.1" 200 OK
INFO:     127.0.0.1:54746 - "GET /api/v1/publication-works/1798f6bc-67e8-4759-9bbf-0dcce26457fd/workspace-context HTTP/1.1" 200 OK
INFO:     127.0.0.1:54747 - "OPTIONS /api/v1/publication-works/1798f6bc-67e8-4759-9bbf-0dcce26457fd/verifications HTTP/1.1" 200 OK
INFO:     127.0.0.1:54746 - "POST /api/v1/publication-works/1798f6bc-67e8-4759-9bbf-0dcce26457fd/verifications HTTP/1.1" 200 OK
INFO:     127.0.0.1:54746 - "GET /api/v1/publication-works/1798f6bc-67e8-4759-9bbf-0dcce26457fd/workspace-context HTTP/1.1" 200 OK
INFO:     127.0.0.1:54746 - "GET /api/v1/auth/session HTTP/1.1" 200 OK
INFO:     127.0.0.1:54746 - "GET /api/v1/published-articles/1798f6bc-67e8-4759-9bbf-0dcce26457fd HTTP/1.1" 200 OK
INFO:     127.0.0.1:54747 - "OPTIONS /api/v1/published-articles/1798f6bc-67e8-4759-9bbf-0dcce26457fd/issues HTTP/1.1" 200 OK
INFO:     127.0.0.1:54746 - "POST /api/v1/published-articles/1798f6bc-67e8-4759-9bbf-0dcce26457fd/issues HTTP/1.1" 201 Created
INFO:     127.0.0.1:54746 - "GET /api/v1/published-articles/1798f6bc-67e8-4759-9bbf-0dcce26457fd HTTP/1.1" 200 OK
INFO:     127.0.0.1:54746 - "GET /api/v1/published-content-issues/1d692df7-2d31-47e0-a0ef-9d3bbdbd1aeb/workspace-context HTTP/1.1" 200 OK
INFO:     127.0.0.1:54746 - "GET /api/v1/auth/session HTTP/1.1" 200 OK
INFO:     127.0.0.1:54746 - "GET /api/v1/workbench HTTP/1.1" 200 OK
INFO:     127.0.0.1:54746 - "GET /api/v1/auth/session HTTP/1.1" 200 OK
INFO:     127.0.0.1:54746 - "GET /api/v1/published-content-issues/1d692df7-2d31-47e0-a0ef-9d3bbdbd1aeb/workspace-context HTTP/1.1" 200 OK
INFO:     127.0.0.1:54746 - "GET /api/v1/published-content-issues/1d692df7-2d31-47e0-a0ef-9d3bbdbd1aeb/repair-context HTTP/1.1" 200 OK
INFO:     127.0.0.1:54747 - "OPTIONS /api/v1/published-content-issues/1d692df7-2d31-47e0-a0ef-9d3bbdbd1aeb/repair-task HTTP/1.1" 200 OK
INFO:     127.0.0.1:54746 - "POST /api/v1/published-content-issues/1d692df7-2d31-47e0-a0ef-9d3bbdbd1aeb/repair-task HTTP/1.1" 201 Created
INFO:     127.0.0.1:54746 - "GET /api/v1/published-content-issues/1d692df7-2d31-47e0-a0ef-9d3bbdbd1aeb/workspace-context HTTP/1.1" 200 OK
INFO:     127.0.0.1:54746 - "GET /api/v1/published-content-issues/1d692df7-2d31-47e0-a0ef-9d3bbdbd1aeb/repair-context HTTP/1.1" 200 OK
INFO:     127.0.0.1:54746 - "GET /api/v1/auth/session HTTP/1.1" 200 OK
INFO:     127.0.0.1:54746 - "GET /api/v1/published-content-issues?page=1&page_size=20&status=OPEN HTTP/1.1" 200 OK
INFO:     127.0.0.1:54746 - "GET /api/v1/auth/session HTTP/1.1" 200 OK
INFO:     127.0.0.1:54746 - "GET /api/v1/content-tasks/951af2e2-81c5-4c13-809a-1c02b45c9cf9/detail HTTP/1.1" 200 OK
INFO:     127.0.0.1:54746 - "GET /api/v1/auth/session HTTP/1.1" 200 OK
INFO:     127.0.0.1:54746 - "GET /api/v1/published-content-issues/1d692df7-2d31-47e0-a0ef-9d3bbdbd1aeb/workspace-context HTTP/1.1" 200 OK
INFO:     127.0.0.1:54747 - "OPTIONS /api/v1/published-content-issues/1d692df7-2d31-47e0-a0ef-9d3bbdbd1aeb/resolve HTTP/1.1" 200 OK
INFO:     127.0.0.1:54746 - "POST /api/v1/published-content-issues/1d692df7-2d31-47e0-a0ef-9d3bbdbd1aeb/resolve HTTP/1.1" 200 OK
INFO:     127.0.0.1:54746 - "GET /api/v1/published-content-issues/1d692df7-2d31-47e0-a0ef-9d3bbdbd1aeb/workspace-context HTTP/1.1" 200 OK
INFO:     127.0.0.1:54618 - "GET /api/v1/publication-works/1798f6bc-67e8-4759-9bbf-0dcce26457fd/workspace-context HTTP/1.1" 200 OK
INFO:     127.0.0.1:54618 - "GET /api/v1/published-articles/1798f6bc-67e8-4759-9bbf-0dcce26457fd HTTP/1.1" 200 OK
INFO:     127.0.0.1:54618 - "GET /api/v1/published-content-issues/1d692df7-2d31-47e0-a0ef-9d3bbdbd1aeb/workspace-context HTTP/1.1" 200 OK
INFO:     127.0.0.1:54618 - "GET /api/v1/content-tasks/951af2e2-81c5-4c13-809a-1c02b45c9cf9/detail HTTP/1.1" 200 OK
  ✓  13 [foundation-desktop] › tests/e2e/publication-workspace-real-stack.spec.ts:145:1 › Flow A：V2 UI 从开始发布连续完成成果、修复任务与问题解决 (5.1s)
INFO:     127.0.0.1:54618 - "POST /api/v1/auth/login HTTP/1.1" 200 OK
INFO:     127.0.0.1:54618 - "POST /api/v1/platform-types HTTP/1.1" 201 Created
INFO:     127.0.0.1:54618 - "POST /api/v1/platform-profiles HTTP/1.1" 201 Created
INFO:     127.0.0.1:54618 - "POST /api/v1/platform-accounts HTTP/1.1" 201 Created
INFO:     127.0.0.1:54618 - "POST /api/v1/platform-accounts HTTP/1.1" 201 Created
INFO:     127.0.0.1:54618 - "POST /api/v1/products HTTP/1.1" 201 Created
INFO:     127.0.0.1:54618 - "GET /api/v1/products/78bc409f-94a2-4cdf-847e-0be9396c655b/facts HTTP/1.1" 200 OK
INFO:     127.0.0.1:54618 - "PUT /api/v1/products/78bc409f-94a2-4cdf-847e-0be9396c655b/facts HTTP/1.1" 200 OK
INFO:     127.0.0.1:54618 - "POST /api/v1/products/78bc409f-94a2-4cdf-847e-0be9396c655b/fact-review-submissions HTTP/1.1" 201 Created
INFO:     127.0.0.1:54618 - "POST /api/v1/fact-versions/7d63c354-5240-4ef9-99f6-0f210a150ff8/approve HTTP/1.1" 200 OK
INFO:     127.0.0.1:54618 - "POST /api/v1/content-tasks HTTP/1.1" 201 Created
INFO:     127.0.0.1:54618 - "POST /api/v1/content-tasks/0e3f83d2-b4e0-45bf-93d6-4afa26e947a3/manual-versions HTTP/1.1" 201 Created
INFO:     127.0.0.1:54618 - "POST /api/v1/content-versions/79f6173b-8d94-4db0-bcdd-07e6b9351a8f/submit-review HTTP/1.1" 200 OK
INFO:     127.0.0.1:54618 - "POST /api/v1/content-versions/79f6173b-8d94-4db0-bcdd-07e6b9351a8f/approve HTTP/1.1" 200 OK
INFO:     127.0.0.1:54618 - "POST /api/v1/publication-works HTTP/1.1" 201 Created
INFO:     127.0.0.1:54766 - "GET /api/v1/auth/session HTTP/1.1" 200 OK
INFO:     127.0.0.1:54766 - "GET /api/v1/publication-works/cb135979-32e2-4def-9fdf-3304f865dcf1/workspace-context HTTP/1.1" 200 OK
INFO:     127.0.0.1:54768 - "OPTIONS /api/v1/publication-works/cb135979-32e2-4def-9fdf-3304f865dcf1/result HTTP/1.1" 200 OK
INFO:     127.0.0.1:54766 - "PUT /api/v1/publication-works/cb135979-32e2-4def-9fdf-3304f865dcf1/result HTTP/1.1" 200 OK
INFO:     127.0.0.1:54766 - "GET /api/v1/publication-works/cb135979-32e2-4def-9fdf-3304f865dcf1/workspace-context HTTP/1.1" 200 OK
INFO:     127.0.0.1:54618 - "GET /api/v1/publication-works/cb135979-32e2-4def-9fdf-3304f865dcf1/workspace-context HTTP/1.1" 200 OK
INFO:     127.0.0.1:54768 - "OPTIONS /api/v1/publication-works/cb135979-32e2-4def-9fdf-3304f865dcf1/verifications HTTP/1.1" 200 OK
INFO:     127.0.0.1:54766 - "POST /api/v1/publication-works/cb135979-32e2-4def-9fdf-3304f865dcf1/verifications HTTP/1.1" 200 OK
INFO:     127.0.0.1:54766 - "GET /api/v1/publication-works/cb135979-32e2-4def-9fdf-3304f865dcf1/workspace-context HTTP/1.1" 200 OK
INFO:     127.0.0.1:54766 - "GET /api/v1/auth/session HTTP/1.1" 200 OK
INFO:     127.0.0.1:54766 - "GET /api/v1/content-tasks/0e3f83d2-b4e0-45bf-93d6-4afa26e947a3/detail HTTP/1.1" 200 OK
INFO:     127.0.0.1:54766 - "GET /api/v1/auth/session HTTP/1.1" 200 OK
INFO:     127.0.0.1:54766 - "GET /api/v1/content-tasks/0e3f83d2-b4e0-45bf-93d6-4afa26e947a3/editor-context HTTP/1.1" 200 OK
INFO:     127.0.0.1:54768 - "OPTIONS /api/v1/content-versions/79f6173b-8d94-4db0-bcdd-07e6b9351a8f/revisions HTTP/1.1" 200 OK
INFO:     127.0.0.1:54766 - "POST /api/v1/content-versions/79f6173b-8d94-4db0-bcdd-07e6b9351a8f/revisions HTTP/1.1" 201 Created
INFO:     127.0.0.1:54766 - "GET /api/v1/content-tasks/0e3f83d2-b4e0-45bf-93d6-4afa26e947a3/editor-context HTTP/1.1" 200 OK
INFO:     127.0.0.1:54768 - "OPTIONS /api/v1/content-versions/be25afc4-c41d-40c9-8f74-1201f204d9ce HTTP/1.1" 200 OK
INFO:     127.0.0.1:54766 - "PUT /api/v1/content-versions/be25afc4-c41d-40c9-8f74-1201f204d9ce HTTP/1.1" 200 OK
INFO:     127.0.0.1:54766 - "GET /api/v1/content-tasks/0e3f83d2-b4e0-45bf-93d6-4afa26e947a3/editor-context HTTP/1.1" 200 OK
INFO:     127.0.0.1:54768 - "OPTIONS /api/v1/content-versions/be25afc4-c41d-40c9-8f74-1201f204d9ce/submit-review HTTP/1.1" 200 OK
INFO:     127.0.0.1:54766 - "POST /api/v1/content-versions/be25afc4-c41d-40c9-8f74-1201f204d9ce/submit-review HTTP/1.1" 200 OK
INFO:     127.0.0.1:54766 - "GET /api/v1/content-tasks/0e3f83d2-b4e0-45bf-93d6-4afa26e947a3/editor-context HTTP/1.1" 200 OK
INFO:     127.0.0.1:54766 - "GET /api/v1/content-tasks/0e3f83d2-b4e0-45bf-93d6-4afa26e947a3/detail HTTP/1.1" 200 OK
INFO:     127.0.0.1:54766 - "GET /api/v1/auth/session HTTP/1.1" 200 OK
INFO:     127.0.0.1:54766 - "GET /api/v1/content-tasks/0e3f83d2-b4e0-45bf-93d6-4afa26e947a3/review-context HTTP/1.1" 200 OK
INFO:     127.0.0.1:54768 - "OPTIONS /api/v1/content-versions/be25afc4-c41d-40c9-8f74-1201f204d9ce/approve HTTP/1.1" 200 OK
INFO:     127.0.0.1:54766 - "POST /api/v1/content-versions/be25afc4-c41d-40c9-8f74-1201f204d9ce/approve HTTP/1.1" 200 OK
INFO:     127.0.0.1:54766 - "GET /api/v1/content-tasks/0e3f83d2-b4e0-45bf-93d6-4afa26e947a3/review-context HTTP/1.1" 200 OK
INFO:     127.0.0.1:54766 - "GET /api/v1/auth/session HTTP/1.1" 200 OK
INFO:     127.0.0.1:54766 - "GET /api/v1/content-tasks/0e3f83d2-b4e0-45bf-93d6-4afa26e947a3/detail HTTP/1.1" 200 OK
INFO:     127.0.0.1:54766 - "GET /api/v1/auth/session HTTP/1.1" 200 OK
INFO:     127.0.0.1:54766 - "GET /api/v1/publication-works/cb135979-32e2-4def-9fdf-3304f865dcf1/workspace-context HTTP/1.1" 200 OK
INFO:     127.0.0.1:54768 - "OPTIONS /api/v1/publication-works/cb135979-32e2-4def-9fdf-3304f865dcf1/content-version HTTP/1.1" 200 OK
INFO:     127.0.0.1:54766 - "POST /api/v1/publication-works/cb135979-32e2-4def-9fdf-3304f865dcf1/content-version HTTP/1.1" 200 OK
INFO:     127.0.0.1:54766 - "GET /api/v1/publication-works/cb135979-32e2-4def-9fdf-3304f865dcf1/workspace-context HTTP/1.1" 200 OK
INFO:     127.0.0.1:54766 - "PUT /api/v1/publication-works/cb135979-32e2-4def-9fdf-3304f865dcf1/result HTTP/1.1" 200 OK
INFO:     127.0.0.1:54766 - "GET /api/v1/publication-works/cb135979-32e2-4def-9fdf-3304f865dcf1/workspace-context HTTP/1.1" 200 OK
INFO:     127.0.0.1:54766 - "POST /api/v1/publication-works/cb135979-32e2-4def-9fdf-3304f865dcf1/verifications HTTP/1.1" 200 OK
INFO:     127.0.0.1:54766 - "GET /api/v1/publication-works/cb135979-32e2-4def-9fdf-3304f865dcf1/workspace-context HTTP/1.1" 200 OK
INFO:     127.0.0.1:54618 - "GET /api/v1/publication-works/cb135979-32e2-4def-9fdf-3304f865dcf1/workspace-context HTTP/1.1" 200 OK
INFO:     127.0.0.1:54618 - "GET /api/v1/content-tasks/0e3f83d2-b4e0-45bf-93d6-4afa26e947a3/detail HTTP/1.1" 200 OK
INFO:     127.0.0.1:54618 - "GET /api/v1/published-articles/cb135979-32e2-4def-9fdf-3304f865dcf1 HTTP/1.1" 200 OK
INFO:     127.0.0.1:54618 - "GET /api/v1/content-versions/79f6173b-8d94-4db0-bcdd-07e6b9351a8f/detail HTTP/1.1" 200 OK
  ✓  14 [foundation-desktop] › tests/e2e/publication-workspace-real-stack.spec.ts:466:1 › Flow B：失败核验经内容修订审批、换版和重登记后完成发布 (3.8s)
INFO:     127.0.0.1:54618 - "POST /api/v1/auth/login HTTP/1.1" 200 OK
INFO:     127.0.0.1:54618 - "POST /api/v1/platform-types HTTP/1.1" 201 Created
INFO:     127.0.0.1:54618 - "POST /api/v1/platform-profiles HTTP/1.1" 201 Created
INFO:     127.0.0.1:54618 - "POST /api/v1/platform-accounts HTTP/1.1" 201 Created
INFO:     127.0.0.1:54618 - "POST /api/v1/platform-accounts HTTP/1.1" 201 Created
INFO:     127.0.0.1:54618 - "POST /api/v1/products HTTP/1.1" 201 Created
INFO:     127.0.0.1:54618 - "GET /api/v1/products/7217f194-494c-4a2b-8e12-b86955d908e0/facts HTTP/1.1" 200 OK
INFO:     127.0.0.1:54618 - "PUT /api/v1/products/7217f194-494c-4a2b-8e12-b86955d908e0/facts HTTP/1.1" 200 OK
INFO:     127.0.0.1:54618 - "POST /api/v1/products/7217f194-494c-4a2b-8e12-b86955d908e0/fact-review-submissions HTTP/1.1" 201 Created
INFO:     127.0.0.1:54618 - "POST /api/v1/fact-versions/1b23e35b-fd08-4824-8311-6ac51033645a/approve HTTP/1.1" 200 OK
INFO:     127.0.0.1:54618 - "POST /api/v1/content-tasks HTTP/1.1" 201 Created
INFO:     127.0.0.1:54618 - "POST /api/v1/content-tasks/5697d0c7-64e2-4b8a-90e2-14c82a956007/manual-versions HTTP/1.1" 201 Created
INFO:     127.0.0.1:54618 - "POST /api/v1/content-versions/382f4fd7-93dd-4035-a58d-8156b86a43d0/submit-review HTTP/1.1" 200 OK
INFO:     127.0.0.1:54618 - "POST /api/v1/content-versions/382f4fd7-93dd-4035-a58d-8156b86a43d0/approve HTTP/1.1" 200 OK
INFO:     127.0.0.1:54618 - "POST /api/v1/publication-works HTTP/1.1" 201 Created
INFO:     127.0.0.1:54618 - "PUT /api/v1/publication-works/ad46a44f-221c-41e5-b28c-5a6ee59a1188/result HTTP/1.1" 200 OK
INFO:     127.0.0.1:54618 - "POST /api/v1/publication-works/ad46a44f-221c-41e5-b28c-5a6ee59a1188/verifications HTTP/1.1" 200 OK
INFO:     127.0.0.1:54784 - "GET /api/v1/auth/session HTTP/1.1" 200 OK
INFO:     127.0.0.1:54784 - "GET /api/v1/published-articles?page=1&page_size=20&search=246a7dc5&sort=VERIFIED_DESC HTTP/1.1" 200 OK
INFO:     127.0.0.1:54784 - "GET /api/v1/auth/session HTTP/1.1" 200 OK
INFO:     127.0.0.1:54784 - "GET /api/v1/published-articles/ad46a44f-221c-41e5-b28c-5a6ee59a1188 HTTP/1.1" 200 OK
  ✓  15 [foundation-desktop] › tests/e2e/publication-workspace-real-stack.spec.ts:653:1 › Published Article：真实栈列表进入单请求只读详情 (623ms)
(node:57650) Warning: The 'NO_COLOR' env is ignored due to the 'FORCE_COLOR' env being set.
(Use `node --trace-warnings ...` to show where the warning was created)
INFO:     127.0.0.1:54791 - "GET /api/v1/auth/session HTTP/1.1" 204 No Content
INFO:     127.0.0.1:54792 - "OPTIONS /api/v1/auth/login HTTP/1.1" 200 OK
INFO:     127.0.0.1:54791 - "POST /api/v1/auth/login HTTP/1.1" 200 OK
INFO:     127.0.0.1:54791 - "GET /api/v1/workbench HTTP/1.1" 200 OK
INFO:     127.0.0.1:54791 - "GET /api/v1/auth/session HTTP/1.1" 200 OK
INFO:     127.0.0.1:54793 - "POST /api/v1/products HTTP/1.1" 201 Created
INFO:     127.0.0.1:54791 - "POST /api/v1/auth/login HTTP/1.1" 200 OK
INFO:     127.0.0.1:54791 - "GET /api/v1/auth/session HTTP/1.1" 200 OK
INFO:     127.0.0.1:54791 - "POST /api/v1/auth/login HTTP/1.1" 200 OK
INFO:     127.0.0.1:54791 - "GET /api/v1/auth/session HTTP/1.1" 200 OK
INFO:     127.0.0.1:54794 - "GET /api/v1/workbench HTTP/1.1" 200 OK
INFO:     127.0.0.1:54791 - "GET /api/v1/workbench HTTP/1.1" 200 OK
  ✓  16 [foundation-desktop] › tests/e2e/auth-session-real-stack.spec.ts:101:1 › 同一 BrowserContext 双页面以 session binding 封闭 A→B→A 的迟到 mutation (1.0s)
INFO:     127.0.0.1:54801 - "GET /api/v1/auth/session HTTP/1.1" 204 No Content
INFO:     127.0.0.1:54802 - "OPTIONS /api/v1/auth/login HTTP/1.1" 200 OK
INFO:     127.0.0.1:54801 - "POST /api/v1/auth/login HTTP/1.1" 200 OK
INFO:     127.0.0.1:54801 - "GET /api/v1/workbench HTTP/1.1" 200 OK
INFO:     127.0.0.1:54801 - "GET /api/v1/auth/session HTTP/1.1" 200 OK
INFO:     127.0.0.1:54801 - "GET /api/v1/workbench HTTP/1.1" 200 OK
INFO:     127.0.0.1:54793 - "POST /api/v1/auth/logout HTTP/1.1" 204 No Content
INFO:     127.0.0.1:54801 - "GET /api/v1/auth/session HTTP/1.1" 204 No Content
INFO:     127.0.0.1:54801 - "GET /api/v1/auth/session HTTP/1.1" 204 No Content
  ✓  17 [foundation-desktop] › tests/e2e/auth-session-real-stack.spec.ts:257:1 › 退出已由服务端提交但响应丢失时发送页与同源页各自只做一次 canonical recovery (619ms)
INFO:     127.0.0.1:54809 - "GET /api/v1/auth/session HTTP/1.1" 204 No Content
INFO:     127.0.0.1:54810 - "OPTIONS /api/v1/auth/login HTTP/1.1" 200 OK
INFO:     127.0.0.1:54809 - "POST /api/v1/auth/login HTTP/1.1" 200 OK
INFO:     127.0.0.1:54809 - "GET /api/v1/workbench HTTP/1.1" 200 OK
INFO:     127.0.0.1:54829 - "GET /api/v1/auth/session HTTP/1.1" 200 OK
INFO:     127.0.0.1:54829 - "GET /api/v1/workbench HTTP/1.1" 200 OK
INFO:     127.0.0.1:54852 - "GET /api/v1/auth/session HTTP/1.1" 200 OK
INFO:     127.0.0.1:54852 - "GET /api/v1/workbench HTTP/1.1" 200 OK
  ✓  18 [foundation-desktop] › tests/e2e/auth-session-real-stack.spec.ts:333:1 › 跨标签页 owner 终止后由 lease 回收存活页与全页面重载 (21.5s)
INFO:     127.0.0.1:54863 - "GET /api/v1/auth/session HTTP/1.1" 204 No Content
INFO:     127.0.0.1:54864 - "OPTIONS /api/v1/auth/login HTTP/1.1" 200 OK
INFO:     127.0.0.1:54863 - "POST /api/v1/auth/login HTTP/1.1" 200 OK
INFO:     127.0.0.1:54865 - "GET /api/v1/auth/session HTTP/1.1" 200 OK
INFO:     127.0.0.1:54865 - "GET /api/v1/workbench HTTP/1.1" 200 OK
INFO:     127.0.0.1:54865 - "GET /api/v1/auth/session HTTP/1.1" 200 OK
INFO:     127.0.0.1:54865 - "GET /api/v1/workbench HTTP/1.1" 200 OK
  ✓  19 [foundation-desktop] › tests/e2e/auth-session-real-stack.spec.ts:445:1 › durable terminal reconciliation 与异常协议 marker 保持 fail-closed (618ms)
INFO:     127.0.0.1:54872 - "GET /api/v1/auth/session HTTP/1.1" 204 No Content
INFO:     127.0.0.1:54873 - "OPTIONS /api/v1/auth/login HTTP/1.1" 200 OK
INFO:     127.0.0.1:54872 - "POST /api/v1/auth/login HTTP/1.1" 200 OK
INFO:     127.0.0.1:54873 - "OPTIONS /api/v1/auth/change-password HTTP/1.1" 200 OK
INFO:     127.0.0.1:54872 - "POST /api/v1/auth/change-password HTTP/1.1" 204 No Content
INFO:     127.0.0.1:54872 - "GET /api/v1/auth/session HTTP/1.1" 200 OK
INFO:     127.0.0.1:54872 - "GET /api/v1/workbench HTTP/1.1" 200 OK
INFO:     127.0.0.1:54872 - "GET /api/v1/auth/session HTTP/1.1" 200 OK
INFO:     127.0.0.1:54872 - "GET /api/v1/auth/session HTTP/1.1" 200 OK
INFO:     127.0.0.1:54872 - "GET /api/v1/workbench HTTP/1.1" 200 OK
INFO:     127.0.0.1:54882 - "GET /api/v1/auth/session HTTP/1.1" 200 OK
INFO:     127.0.0.1:54873 - "OPTIONS /api/v1/auth/logout HTTP/1.1" 200 OK
INFO:     127.0.0.1:54872 - "POST /api/v1/auth/logout HTTP/1.1" 204 No Content
INFO:     127.0.0.1:54882 - "GET /api/v1/auth/session HTTP/1.1" 204 No Content
INFO:     127.0.0.1:54882 - "GET /api/v1/auth/session HTTP/1.1" 401 Unauthorized
  ✓  20 [foundation-desktop] › tests/e2e/auth-session-real-stack.spec.ts:624:1 › Auth 真实栈完成 login → forced change → admin 403 → logout (831ms)
INFO:     127.0.0.1:54889 - "GET /api/v1/auth/session HTTP/1.1" 204 No Content
INFO:     127.0.0.1:54890 - "OPTIONS /api/v1/auth/login HTTP/1.1" 200 OK
INFO:     127.0.0.1:54889 - "POST /api/v1/auth/login HTTP/1.1" 200 OK
INFO:     127.0.0.1:54889 - "GET /api/v1/workbench HTTP/1.1" 200 OK
INFO:     127.0.0.1:54882 - "GET /api/v1/auth/me HTTP/1.1" 200 OK
INFO:     127.0.0.1:54882 - "GET /api/v1/auth/csrf HTTP/1.1" 200 OK
INFO:     127.0.0.1:54882 - "POST /api/v1/users HTTP/1.1" 201 Created
INFO:     127.0.0.1:54897 - "GET /api/v1/auth/session HTTP/1.1" 204 No Content
INFO:     127.0.0.1:54898 - "OPTIONS /api/v1/auth/login HTTP/1.1" 200 OK
INFO:     127.0.0.1:54897 - "POST /api/v1/auth/login HTTP/1.1" 200 OK
INFO:     127.0.0.1:54898 - "OPTIONS /api/v1/auth/change-password HTTP/1.1" 200 OK
INFO:     127.0.0.1:54897 - "POST /api/v1/auth/change-password HTTP/1.1" 204 No Content
INFO:     127.0.0.1:54897 - "GET /api/v1/auth/session HTTP/1.1" 200 OK
INFO:     127.0.0.1:54897 - "GET /api/v1/workbench HTTP/1.1" 200 OK
INFO:     127.0.0.1:54889 - "GET /api/v1/auth/session HTTP/1.1" 200 OK
INFO:     127.0.0.1:54889 - "GET /api/v1/users?status=ENABLED&page=1&page_size=20 HTTP/1.1" 200 OK
INFO:     127.0.0.1:54889 - "GET /api/v1/auth/session HTTP/1.1" 200 OK
INFO:     127.0.0.1:54889 - "GET /api/v1/users?status=ENABLED&page=1&page_size=20 HTTP/1.1" 200 OK
INFO:     127.0.0.1:54890 - "OPTIONS /api/v1/users/33219f24-0c14-4053-9b3c-0ba422aa3265 HTTP/1.1" 200 OK
INFO:     127.0.0.1:54889 - "PATCH /api/v1/users/33219f24-0c14-4053-9b3c-0ba422aa3265 HTTP/1.1" 200 OK
INFO:     127.0.0.1:54889 - "GET /api/v1/auth/session HTTP/1.1" 200 OK
INFO:     127.0.0.1:54889 - "GET /api/v1/auth/session HTTP/1.1" 200 OK
INFO:     127.0.0.1:54882 - "GET /api/v1/auth/csrf HTTP/1.1" 200 OK
INFO:     127.0.0.1:54882 - "PATCH /api/v1/users/33219f24-0c14-4053-9b3c-0ba422aa3265 HTTP/1.1" 200 OK
INFO:     127.0.0.1:54889 - "GET /api/v1/auth/session HTTP/1.1" 204 No Content
INFO:     127.0.0.1:54889 - "GET /api/v1/auth/session HTTP/1.1" 204 No Content
INFO:     127.0.0.1:54889 - "POST /api/v1/auth/login HTTP/1.1" 200 OK
INFO:     127.0.0.1:54899 - "GET /api/v1/auth/session HTTP/1.1" 200 OK
INFO:     127.0.0.1:54900 - "GET /api/v1/auth/session HTTP/1.1" 200 OK
INFO:     127.0.0.1:54900 - "GET /api/v1/users?status=ENABLED&page=1&page_size=20 HTTP/1.1" 200 OK
INFO:     127.0.0.1:54901 - "GET /api/v1/auth/session HTTP/1.1" 200 OK
INFO:     127.0.0.1:54901 - "GET /api/v1/users?status=ENABLED&page=1&page_size=20 HTTP/1.1" 200 OK
INFO:     127.0.0.1:54882 - "POST /api/v1/auth/login HTTP/1.1" 200 OK
INFO:     127.0.0.1:54882 - "GET /api/v1/auth/session HTTP/1.1" 200 OK
INFO:     127.0.0.1:54901 - "POST /api/v1/users/bulk-status HTTP/1.1" 200 OK
INFO:     127.0.0.1:54882 - "GET /api/v1/auth/session HTTP/1.1" 401 Unauthorized
INFO:     127.0.0.1:54901 - "GET /api/v1/auth/session HTTP/1.1" 401 Unauthorized
INFO:     127.0.0.1:54882 - "GET /api/v1/auth/csrf HTTP/1.1" 200 OK
INFO:     127.0.0.1:54882 - "PATCH /api/v1/users/33219f24-0c14-4053-9b3c-0ba422aa3265 HTTP/1.1" 200 OK
INFO:     127.0.0.1:54901 - "GET /api/v1/auth/session HTTP/1.1" 204 No Content
INFO:     127.0.0.1:54901 - "GET /api/v1/auth/session HTTP/1.1" 204 No Content
INFO:     127.0.0.1:54901 - "POST /api/v1/auth/login HTTP/1.1" 200 OK
INFO:     127.0.0.1:54900 - "GET /api/v1/auth/session HTTP/1.1" 200 OK
INFO:     127.0.0.1:54901 - "GET /api/v1/workbench HTTP/1.1" 200 OK
INFO:     127.0.0.1:54901 - "GET /api/v1/auth/session HTTP/1.1" 200 OK
INFO:     127.0.0.1:54905 - "GET /api/v1/auth/session HTTP/1.1" 200 OK
INFO:     127.0.0.1:54901 - "GET /api/v1/users?status=ENABLED&page=1&page_size=20 HTTP/1.1" 200 OK
INFO:     127.0.0.1:54901 - "GET /api/v1/users?status=ENABLED&page=1&page_size=20 HTTP/1.1" 200 OK
INFO:     127.0.0.1:54882 - "POST /api/v1/users/bulk-status HTTP/1.1" 200 OK
INFO:     127.0.0.1:54901 - "GET /api/v1/auth/session HTTP/1.1" 401 Unauthorized
INFO:     127.0.0.1:54905 - "GET /api/v1/auth/session HTTP/1.1" 401 Unauthorized
INFO:     127.0.0.1:54882 - "GET /api/v1/auth/csrf HTTP/1.1" 200 OK
INFO:     127.0.0.1:54882 - "PATCH /api/v1/users/33219f24-0c14-4053-9b3c-0ba422aa3265 HTTP/1.1" 200 OK
INFO:     127.0.0.1:54905 - "GET /api/v1/auth/session HTTP/1.1" 204 No Content
INFO:     127.0.0.1:54905 - "GET /api/v1/auth/session HTTP/1.1" 204 No Content
INFO:     127.0.0.1:54905 - "POST /api/v1/auth/login HTTP/1.1" 200 OK
INFO:     127.0.0.1:54901 - "GET /api/v1/auth/session HTTP/1.1" 200 OK
INFO:     127.0.0.1:54905 - "GET /api/v1/workbench HTTP/1.1" 200 OK
INFO:     127.0.0.1:54905 - "GET /api/v1/auth/session HTTP/1.1" 200 OK
INFO:     127.0.0.1:54907 - "GET /api/v1/auth/session HTTP/1.1" 200 OK
INFO:     127.0.0.1:54905 - "GET /api/v1/users?status=ENABLED&page=1&page_size=20 HTTP/1.1" 200 OK
INFO:     127.0.0.1:54907 - "GET /api/v1/users?status=ENABLED&page=1&page_size=20 HTTP/1.1" 200 OK
INFO:     127.0.0.1:54907 - "PATCH /api/v1/users/33219f24-0c14-4053-9b3c-0ba422aa3265 HTTP/1.1" 200 OK
INFO:     127.0.0.1:54907 - "GET /api/v1/auth/session HTTP/1.1" 401 Unauthorized
INFO:     127.0.0.1:54907 - "GET /api/v1/auth/session HTTP/1.1" 401 Unauthorized
INFO:     127.0.0.1:54882 - "GET /api/v1/auth/csrf HTTP/1.1" 200 OK
INFO:     127.0.0.1:54882 - "PATCH /api/v1/users/33219f24-0c14-4053-9b3c-0ba422aa3265 HTTP/1.1" 200 OK
INFO:     127.0.0.1:54914 - "GET /api/v1/auth/session HTTP/1.1" 204 No Content
INFO:     127.0.0.1:54915 - "OPTIONS /api/v1/auth/login HTTP/1.1" 200 OK
INFO:     127.0.0.1:54914 - "POST /api/v1/auth/login HTTP/1.1" 200 OK
INFO:     127.0.0.1:54882 - "GET /api/v1/auth/csrf HTTP/1.1" 200 OK
INFO:     127.0.0.1:54914 - "GET /api/v1/workbench HTTP/1.1" 200 OK
INFO:     127.0.0.1:54882 - "GET /api/v1/users?q=e2e-boundary-admin-d5d10144&page=1&page_size=20 HTTP/1.1" 200 OK
INFO:     127.0.0.1:54882 - "PATCH /api/v1/users/09c542ca-d913-4db1-9f9a-73e6d9852d1b HTTP/1.1" 200 OK
INFO:     127.0.0.1:54882 - "DELETE /api/v1/users/09c542ca-d913-4db1-9f9a-73e6d9852d1b?expected_revision=2 HTTP/1.1" 204 No Content
  ✓  21 [foundation-desktop] › tests/e2e/system-admin-real-stack.spec.ts:289:1 › 当前管理员自降权与自停用通过同一 BrowserContext principal boundary 收敛双页面 (3.9s)
INFO:     127.0.0.1:54922 - "GET /api/v1/auth/session HTTP/1.1" 204 No Content
INFO:     127.0.0.1:54923 - "OPTIONS /api/v1/auth/login HTTP/1.1" 200 OK
INFO:     127.0.0.1:54922 - "POST /api/v1/auth/login HTTP/1.1" 200 OK
INFO:     127.0.0.1:54924 - "GET /api/v1/auth/session HTTP/1.1" 200 OK
INFO:     127.0.0.1:54924 - "GET /api/v1/users?status=ENABLED&page=1&page_size=20 HTTP/1.1" 200 OK
INFO:     127.0.0.1:54923 - "OPTIONS /api/v1/users HTTP/1.1" 200 OK
INFO:     127.0.0.1:54924 - "POST /api/v1/users HTTP/1.1" 201 Created
INFO:     127.0.0.1:54924 - "GET /api/v1/users?status=ENABLED&page=1&page_size=20 HTTP/1.1" 200 OK
INFO:     127.0.0.1:54882 - "GET /api/v1/auth/csrf HTTP/1.1" 200 OK
INFO:     127.0.0.1:54882 - "GET /api/v1/audit-logs?page=1&page_size=20&request_id=55ba51f4-bca3-4629-a1d3-9531b3e24789 HTTP/1.1" 200 OK
INFO:     127.0.0.1:54933 - "GET /api/v1/auth/session HTTP/1.1" 204 No Content
INFO:     127.0.0.1:54940 - "OPTIONS /api/v1/auth/login HTTP/1.1" 200 OK
INFO:     127.0.0.1:54933 - "POST /api/v1/auth/login HTTP/1.1" 200 OK
INFO:     127.0.0.1:54882 - "GET /api/v1/auth/csrf HTTP/1.1" 200 OK
INFO:     127.0.0.1:54940 - "OPTIONS /api/v1/auth/change-password HTTP/1.1" 200 OK
INFO:     127.0.0.1:54933 - "POST /api/v1/auth/change-password HTTP/1.1" 204 No Content
INFO:     127.0.0.1:54933 - "GET /api/v1/auth/session HTTP/1.1" 200 OK
INFO:     127.0.0.1:54933 - "GET /api/v1/workbench HTTP/1.1" 200 OK
INFO:     127.0.0.1:54882 - "GET /api/v1/auth/me HTTP/1.1" 200 OK
INFO:     127.0.0.1:54933 - "GET /api/v1/auth/session HTTP/1.1" 200 OK
INFO:     127.0.0.1:54933 - "GET /api/v1/auth/session HTTP/1.1" 200 OK
INFO:     127.0.0.1:54882 - "GET /api/v1/users HTTP/1.1" 403 Forbidden
INFO:     127.0.0.1:54882 - "POST /api/v1/users/bulk-status HTTP/1.1" 403 Forbidden
INFO:     127.0.0.1:54882 - "GET /api/v1/users/export HTTP/1.1" 403 Forbidden
INFO:     127.0.0.1:54882 - "GET /api/v1/audit-logs HTTP/1.1" 403 Forbidden
INFO:     127.0.0.1:54882 - "GET /api/v1/audit-logs/filter-options HTTP/1.1" 403 Forbidden
INFO:     127.0.0.1:54882 - "GET /api/v1/audit-logs/ea469900-a5df-47f2-96a7-a8da1bcc269f HTTP/1.1" 403 Forbidden
INFO:     127.0.0.1:54924 - "GET /api/v1/auth/session HTTP/1.1" 200 OK
INFO:     127.0.0.1:54924 - "GET /api/v1/users?status=ENABLED&page=1&page_size=20 HTTP/1.1" 200 OK
INFO:     127.0.0.1:54923 - "OPTIONS /api/v1/users/fee426c5-36be-488e-bc3d-fd6125afe349/reset-password HTTP/1.1" 200 OK
INFO:     127.0.0.1:54924 - "POST /api/v1/users/fee426c5-36be-488e-bc3d-fd6125afe349/reset-password HTTP/1.1" 200 OK
INFO:     127.0.0.1:54882 - "GET /api/v1/auth/me HTTP/1.1" 401 Unauthorized
INFO:     127.0.0.1:54924 - "GET /api/v1/users?status=ENABLED&page=1&page_size=20 HTTP/1.1" 200 OK
INFO:     127.0.0.1:54933 - "GET /api/v1/auth/session HTTP/1.1" 401 Unauthorized
INFO:     127.0.0.1:54933 - "POST /api/v1/auth/login HTTP/1.1" 200 OK
INFO:     127.0.0.1:54933 - "POST /api/v1/auth/change-password HTTP/1.1" 204 No Content
INFO:     127.0.0.1:54933 - "GET /api/v1/auth/session HTTP/1.1" 200 OK
INFO:     127.0.0.1:54933 - "GET /api/v1/workbench HTTP/1.1" 200 OK
INFO:     127.0.0.1:54882 - "GET /api/v1/auth/me HTTP/1.1" 200 OK
INFO:     127.0.0.1:54924 - "GET /api/v1/auth/session HTTP/1.1" 200 OK
INFO:     127.0.0.1:54924 - "GET /api/v1/users?status=ENABLED&page=1&page_size=20 HTTP/1.1" 200 OK
INFO:     127.0.0.1:54923 - "OPTIONS /api/v1/users/bulk-status HTTP/1.1" 200 OK
INFO:     127.0.0.1:54924 - "POST /api/v1/users/bulk-status HTTP/1.1" 200 OK
INFO:     127.0.0.1:54882 - "GET /api/v1/auth/me HTTP/1.1" 200 OK
INFO:     127.0.0.1:54924 - "GET /api/v1/users?status=ENABLED&page=1&page_size=20 HTTP/1.1" 200 OK
INFO:     127.0.0.1:54924 - "GET /api/v1/auth/session HTTP/1.1" 200 OK
INFO:     127.0.0.1:54924 - "GET /api/v1/audit-logs?page=1&page_size=20&created_from=2026-10-03T02%3A19%3A19.060Z&created_to=2026-10-06T02%3A19%3A19.060Z&request_id=55ba51f4-bca3-4629-a1d3-9531b3e24789 HTTP/1.1" 200 OK
INFO:     127.0.0.1:54941 - "GET /api/v1/audit-logs/filter-options HTTP/1.1" 200 OK
INFO:     127.0.0.1:54941 - "GET /api/v1/audit-logs/ea469900-a5df-47f2-96a7-a8da1bcc269f HTTP/1.1" 200 OK
INFO:     127.0.0.1:54941 - "GET /api/v1/auth/session HTTP/1.1" 200 OK
INFO:     127.0.0.1:54941 - "GET /api/v1/audit-logs?page=1&page_size=20&created_from=2026-10-03T02%3A19%3A19.205Z&created_to=2026-10-06T02%3A19%3A19.205Z&request_id=5ca80b92-51b8-45ea-9731-759b13b66750 HTTP/1.1" 200 OK
INFO:     127.0.0.1:54924 - "GET /api/v1/audit-logs/filter-options HTTP/1.1" 200 OK
INFO:     127.0.0.1:54924 - "GET /api/v1/auth/session HTTP/1.1" 200 OK
INFO:     127.0.0.1:54941 - "GET /api/v1/audit-logs/filter-options HTTP/1.1" 200 OK
INFO:     127.0.0.1:54924 - "GET /api/v1/audit-logs?page=1&page_size=20&created_from=2026-10-03T02%3A19%3A19.270Z&created_to=2026-10-06T02%3A19%3A19.270Z&request_id=f0fa3042-c912-494c-b01b-4cb88ab89ea5 HTTP/1.1" 200 OK
INFO:     127.0.0.1:54924 - "GET /api/v1/auth/session HTTP/1.1" 200 OK
INFO:     127.0.0.1:54941 - "GET /api/v1/audit-logs/filter-options HTTP/1.1" 200 OK
INFO:     127.0.0.1:54924 - "GET /api/v1/audit-logs?page=1&page_size=20&created_from=2026-10-03T02%3A19%3A19.340Z&created_to=2026-10-06T02%3A19%3A19.340Z&action=user.password_changed&target_id=fee426c5-36be-488e-bc3d-fd6125afe349 HTTP/1.1" 200 OK
INFO:     127.0.0.1:54924 - "GET /api/v1/auth/session HTTP/1.1" 200 OK
INFO:     127.0.0.1:54924 - "GET /api/v1/users?q=e2e-engineer-d16d1924&status=DISABLED&page=1&page_size=20 HTTP/1.1" 200 OK
INFO:     127.0.0.1:54923 - "OPTIONS /api/v1/users/fee426c5-36be-488e-bc3d-fd6125afe349?expected_revision=4 HTTP/1.1" 200 OK
INFO:     127.0.0.1:54924 - "DELETE /api/v1/users/fee426c5-36be-488e-bc3d-fd6125afe349?expected_revision=4 HTTP/1.1" 204 No Content
INFO:     127.0.0.1:54924 - "GET /api/v1/users?q=e2e-engineer-d16d1924&status=DISABLED&page=1&page_size=20 HTTP/1.1" 200 OK
INFO:     127.0.0.1:54924 - "GET /api/v1/auth/session HTTP/1.1" 200 OK
INFO:     127.0.0.1:54941 - "GET /api/v1/audit-logs/filter-options HTTP/1.1" 200 OK
INFO:     127.0.0.1:54924 - "GET /api/v1/audit-logs?page=1&page_size=20&created_from=2026-10-03T02%3A19%3A19.921Z&created_to=2026-10-06T02%3A19%3A19.921Z&action=user.password_changed&target_id=fee426c5-36be-488e-bc3d-fd6125afe349 HTTP/1.1" 200 OK
  ✓  22 [foundation-desktop] › tests/e2e/system-admin-real-stack.spec.ts:864:1 › System Admin 真实栈完成用户、权限、会话与审计闭环 (3.5s)
(node:57697) Warning: The 'NO_COLOR' env is ignored due to the 'FORCE_COLOR' env being set.
(Use `node --trace-warnings ...` to show where the warning was created)
INFO:     127.0.0.1:54942 - "POST /api/v1/auth/login HTTP/1.1" 200 OK
INFO:     127.0.0.1:54942 - "POST /api/v1/geo/engine-surfaces HTTP/1.1" 201 Created
INFO:     127.0.0.1:54942 - "POST /api/v1/geo/collection-profiles HTTP/1.1" 201 Created
INFO:     127.0.0.1:54949 - "GET /api/v1/auth/session HTTP/1.1" 200 OK
INFO:     127.0.0.1:54950 - "GET /api/v1/geo/collection-profiles/30d65d9a-ce2a-4dfe-afc7-6b0fb4e724d6 HTTP/1.1" 200 OK
INFO:     127.0.0.1:54949 - "GET /api/v1/geo/collection-profiles?page=1&page_size=20&sort=NAME_ASC HTTP/1.1" 200 OK
INFO:     127.0.0.1:54949 - "GET /api/v1/geo/collection-profiles/30d65d9a-ce2a-4dfe-afc7-6b0fb4e724d6/browser-session HTTP/1.1" 200 OK
INFO:     127.0.0.1:54951 - "OPTIONS /api/v1/geo/collection-profiles/30d65d9a-ce2a-4dfe-afc7-6b0fb4e724d6/browser-session/import HTTP/1.1" 200 OK
INFO:     127.0.0.1:54949 - "POST /api/v1/geo/collection-profiles/30d65d9a-ce2a-4dfe-afc7-6b0fb4e724d6/browser-session/import HTTP/1.1" 200 OK
INFO:     127.0.0.1:54949 - "GET /api/v1/geo/collection-profiles/30d65d9a-ce2a-4dfe-afc7-6b0fb4e724d6 HTTP/1.1" 200 OK
INFO:     127.0.0.1:54950 - "GET /api/v1/geo/collection-profiles?page=1&page_size=20&sort=NAME_ASC HTTP/1.1" 200 OK
INFO:     127.0.0.1:54951 - "OPTIONS /api/v1/geo/collection-profiles/30d65d9a-ce2a-4dfe-afc7-6b0fb4e724d6/browser-session/health HTTP/1.1" 200 OK
INFO:     127.0.0.1:54950 - "POST /api/v1/geo/collection-profiles/30d65d9a-ce2a-4dfe-afc7-6b0fb4e724d6/browser-session/health HTTP/1.1" 200 OK
INFO:     127.0.0.1:54950 - "GET /api/v1/geo/collection-profiles/30d65d9a-ce2a-4dfe-afc7-6b0fb4e724d6 HTTP/1.1" 200 OK
INFO:     127.0.0.1:54949 - "GET /api/v1/geo/collection-profiles?page=1&page_size=20&sort=NAME_ASC HTTP/1.1" 200 OK
INFO:     127.0.0.1:54951 - "OPTIONS /api/v1/geo/collection-profiles/30d65d9a-ce2a-4dfe-afc7-6b0fb4e724d6/browser-session/revoke HTTP/1.1" 200 OK
INFO:     127.0.0.1:54949 - "POST /api/v1/geo/collection-profiles/30d65d9a-ce2a-4dfe-afc7-6b0fb4e724d6/browser-session/revoke HTTP/1.1" 200 OK
INFO:     127.0.0.1:54949 - "GET /api/v1/geo/collection-profiles/30d65d9a-ce2a-4dfe-afc7-6b0fb4e724d6 HTTP/1.1" 200 OK
INFO:     127.0.0.1:54950 - "GET /api/v1/geo/collection-profiles?page=1&page_size=20&sort=NAME_ASC HTTP/1.1" 200 OK
INFO:     127.0.0.1:54950 - "POST /api/v1/geo/collection-profiles/30d65d9a-ce2a-4dfe-afc7-6b0fb4e724d6/browser-session/import HTTP/1.1" 200 OK
INFO:     127.0.0.1:54950 - "GET /api/v1/geo/collection-profiles/30d65d9a-ce2a-4dfe-afc7-6b0fb4e724d6 HTTP/1.1" 200 OK
INFO:     127.0.0.1:54949 - "GET /api/v1/geo/collection-profiles?page=1&page_size=20&sort=NAME_ASC HTTP/1.1" 200 OK
INFO:     127.0.0.1:54942 - "GET /api/v1/geo/collection-profiles/30d65d9a-ce2a-4dfe-afc7-6b0fb4e724d6/browser-session HTTP/1.1" 200 OK
INFO:     127.0.0.1:54942 - "GET /api/v1/geo/collection-profiles/30d65d9a-ce2a-4dfe-afc7-6b0fb4e724d6 HTTP/1.1" 200 OK
INFO:     127.0.0.1:54942 - "POST /api/v1/geo/collection-profiles/30d65d9a-ce2a-4dfe-afc7-6b0fb4e724d6/browser-session/health HTTP/1.1" 409 Conflict
INFO:     127.0.0.1:54949 - "GET /api/v1/auth/session HTTP/1.1" 200 OK
INFO:     127.0.0.1:54949 - "GET /api/v1/geo/collection-profiles?page=1&page_size=20&sort=NAME_ASC HTTP/1.1" 200 OK
INFO:     127.0.0.1:54950 - "GET /api/v1/geo/collection-profiles/30d65d9a-ce2a-4dfe-afc7-6b0fb4e724d6 HTTP/1.1" 200 OK
INFO:     127.0.0.1:54950 - "GET /api/v1/geo/collection-profiles/30d65d9a-ce2a-4dfe-afc7-6b0fb4e724d6/browser-session HTTP/1.1" 200 OK
  ✓  23 [foundation-desktop] › tests/e2e/browser-session-real-stack.spec.ts:30:1 › 人工导入→存储健康→撤销→新引用恢复，配置停用且不证明平台登录 (2.9s)
(node:57702) Warning: The 'NO_COLOR' env is ignored due to the 'FORCE_COLOR' env being set.
(Use `node --trace-warnings ...` to show where the warning was created)
INFO:     127.0.0.1:54960 - "POST /api/v1/auth/login HTTP/1.1" 200 OK
INFO:     127.0.0.1:54967 - "GET /api/v1/auth/session HTTP/1.1" 200 OK
INFO:     127.0.0.1:54968 - "OPTIONS /api/v1/products HTTP/1.1" 200 OK
INFO:     127.0.0.1:54967 - "POST /api/v1/products HTTP/1.1" 201 Created
INFO:     127.0.0.1:54967 - "GET /api/v1/products/daec141b-56c4-4b78-8079-2e6281508b38/detail HTTP/1.1" 200 OK
INFO:     127.0.0.1:54967 - "GET /api/v1/auth/session HTTP/1.1" 200 OK
INFO:     127.0.0.1:54967 - "GET /api/v1/products/daec141b-56c4-4b78-8079-2e6281508b38/facts HTTP/1.1" 200 OK
INFO:     127.0.0.1:54968 - "OPTIONS /api/v1/products/daec141b-56c4-4b78-8079-2e6281508b38/facts HTTP/1.1" 200 OK
INFO:     127.0.0.1:54967 - "PUT /api/v1/products/daec141b-56c4-4b78-8079-2e6281508b38/facts HTTP/1.1" 200 OK
INFO:     127.0.0.1:54968 - "OPTIONS /api/v1/products/daec141b-56c4-4b78-8079-2e6281508b38/fact-review-submissions HTTP/1.1" 200 OK
INFO:     127.0.0.1:54967 - "POST /api/v1/products/daec141b-56c4-4b78-8079-2e6281508b38/fact-review-submissions HTTP/1.1" 201 Created
INFO:     127.0.0.1:54967 - "GET /api/v1/products/daec141b-56c4-4b78-8079-2e6281508b38/facts HTTP/1.1" 200 OK
INFO:     127.0.0.1:54967 - "GET /api/v1/auth/session HTTP/1.1" 200 OK
INFO:     127.0.0.1:54967 - "GET /api/v1/products/daec141b-56c4-4b78-8079-2e6281508b38/fact-review-context HTTP/1.1" 200 OK
INFO:     127.0.0.1:54968 - "OPTIONS /api/v1/fact-versions/396ab1f5-39b1-4f48-abb3-2e9c00c0ba9e/approve HTTP/1.1" 200 OK
INFO:     127.0.0.1:54967 - "POST /api/v1/fact-versions/396ab1f5-39b1-4f48-abb3-2e9c00c0ba9e/approve HTTP/1.1" 200 OK
INFO:     127.0.0.1:54967 - "GET /api/v1/products/daec141b-56c4-4b78-8079-2e6281508b38/fact-review-context HTTP/1.1" 200 OK
INFO:     127.0.0.1:54967 - "GET /api/v1/auth/session HTTP/1.1" 200 OK
INFO:     127.0.0.1:54967 - "GET /api/v1/geo/subjects?page=1&page_size=20&sort=NAME_ASC HTTP/1.1" 200 OK
INFO:     127.0.0.1:54969 - "GET /api/v1/geo/subjects?page=1&page_size=10&sort=NAME_ASC&subject_type=OWN_BRAND HTTP/1.1" 200 OK
INFO:     127.0.0.1:54967 - "GET /api/v1/products?search=&page=1&page_size=10&sort=MODEL_ASC HTTP/1.1" 200 OK
INFO:     127.0.0.1:54967 - "GET /api/v1/products?search=GEO707-44be62e1&page=1&page_size=10&sort=MODEL_ASC HTTP/1.1" 200 OK
INFO:     127.0.0.1:54968 - "OPTIONS /api/v1/geo/subjects HTTP/1.1" 200 OK
INFO:     127.0.0.1:54967 - "POST /api/v1/geo/subjects HTTP/1.1" 201 Created
INFO:     127.0.0.1:54969 - "GET /api/v1/geo/subjects?page=1&page_size=10&sort=NAME_ASC&subject_type=OWN_BRAND HTTP/1.1" 200 OK
INFO:     127.0.0.1:54967 - "GET /api/v1/geo/subjects?page=1&page_size=20&sort=NAME_ASC HTTP/1.1" 200 OK
INFO:     127.0.0.1:54970 - "GET /api/v1/geo/subjects/fe86e807-b949-4d9b-9cc9-b8b4d1846a4f HTTP/1.1" 200 OK
INFO:     127.0.0.1:54970 - "GET /api/v1/auth/session HTTP/1.1" 200 OK
INFO:     127.0.0.1:54970 - "GET /api/v1/geo/engine-surfaces?page=1&page_size=20&sort=NAME_ASC HTTP/1.1" 200 OK
INFO:     127.0.0.1:54968 - "OPTIONS /api/v1/geo/engine-surfaces HTTP/1.1" 200 OK
INFO:     127.0.0.1:54970 - "POST /api/v1/geo/engine-surfaces HTTP/1.1" 201 Created
INFO:     127.0.0.1:54970 - "GET /api/v1/geo/engine-surfaces?page=1&page_size=20&sort=NAME_ASC HTTP/1.1" 200 OK
INFO:     127.0.0.1:54967 - "GET /api/v1/geo/engine-surfaces/17572fdb-f6e4-4c38-86ad-185694dde1ea HTTP/1.1" 200 OK
INFO:     127.0.0.1:54968 - "OPTIONS /api/v1/geo/engine-surfaces/17572fdb-f6e4-4c38-86ad-185694dde1ea/enable HTTP/1.1" 200 OK
INFO:     127.0.0.1:54967 - "POST /api/v1/geo/engine-surfaces/17572fdb-f6e4-4c38-86ad-185694dde1ea/enable HTTP/1.1" 200 OK
INFO:     127.0.0.1:54967 - "GET /api/v1/geo/engine-surfaces?page=1&page_size=20&sort=NAME_ASC HTTP/1.1" 200 OK
INFO:     127.0.0.1:54967 - "GET /api/v1/geo/collection-profiles?page=1&page_size=20&sort=NAME_ASC&engine_surface_id=17572fdb-f6e4-4c38-86ad-185694dde1ea HTTP/1.1" 200 OK
INFO:     127.0.0.1:54968 - "OPTIONS /api/v1/geo/collection-profiles HTTP/1.1" 200 OK
INFO:     127.0.0.1:54967 - "POST /api/v1/geo/collection-profiles HTTP/1.1" 201 Created
INFO:     127.0.0.1:54967 - "GET /api/v1/geo/collection-profiles?page=1&page_size=20&sort=NAME_ASC&engine_surface_id=17572fdb-f6e4-4c38-86ad-185694dde1ea HTTP/1.1" 200 OK
INFO:     127.0.0.1:54970 - "GET /api/v1/geo/collection-profiles/ac38ee40-1c73-47eb-9eae-dbab726e3998 HTTP/1.1" 200 OK
INFO:     127.0.0.1:54968 - "OPTIONS /api/v1/geo/collection-profiles/ac38ee40-1c73-47eb-9eae-dbab726e3998/enable HTTP/1.1" 200 OK
INFO:     127.0.0.1:54970 - "POST /api/v1/geo/collection-profiles/ac38ee40-1c73-47eb-9eae-dbab726e3998/enable HTTP/1.1" 200 OK
INFO:     127.0.0.1:54970 - "GET /api/v1/geo/collection-profiles?page=1&page_size=20&sort=NAME_ASC&engine_surface_id=17572fdb-f6e4-4c38-86ad-185694dde1ea HTTP/1.1" 200 OK
INFO:     127.0.0.1:54970 - "GET /api/v1/auth/session HTTP/1.1" 200 OK
INFO:     127.0.0.1:54970 - "GET /api/v1/query-topics/list-items?sort=QUESTION_ASC&page=1&page_size=20 HTTP/1.1" 200 OK
INFO:     127.0.0.1:54968 - "OPTIONS /api/v1/query-topics HTTP/1.1" 200 OK
INFO:     127.0.0.1:54970 - "POST /api/v1/query-topics HTTP/1.1" 201 Created
INFO:     127.0.0.1:54970 - "GET /api/v1/query-topics/list-items?sort=QUESTION_ASC&page=1&page_size=20 HTTP/1.1" 200 OK
INFO:     127.0.0.1:54970 - "GET /api/v1/auth/session HTTP/1.1" 200 OK
INFO:     127.0.0.1:54970 - "GET /api/v1/geo/prompt-variants?page=1&page_size=20&sort=UPDATED_DESC HTTP/1.1" 200 OK
INFO:     127.0.0.1:54970 - "GET /api/v1/query-topics HTTP/1.1" 200 OK
INFO:     127.0.0.1:54968 - "OPTIONS /api/v1/geo/query-topics/0f4d5a9a-3cac-4002-a077-eb697df0b12c/prompt-variants HTTP/1.1" 200 OK
INFO:     127.0.0.1:54970 - "POST /api/v1/geo/query-topics/0f4d5a9a-3cac-4002-a077-eb697df0b12c/prompt-variants HTTP/1.1" 201 Created
INFO:     127.0.0.1:54970 - "GET /api/v1/geo/prompt-variants?page=1&page_size=20&sort=UPDATED_DESC HTTP/1.1" 200 OK
INFO:     127.0.0.1:54970 - "GET /api/v1/auth/session HTTP/1.1" 200 OK
INFO:     127.0.0.1:54970 - "GET /api/v1/geo/monitoring-plans?page=1&page_size=20&sort=UPDATED_DESC HTTP/1.1" 200 OK
INFO:     127.0.0.1:54967 - "GET /api/v1/geo/subjects?q=44be62e1&page=1&page_size=10&sort=NAME_ASC HTTP/1.1" 200 OK
INFO:     127.0.0.1:54967 - "GET /api/v1/geo/prompt-variants?q=44be62e1&page=1&page_size=10&sort=TEXT_ASC HTTP/1.1" 200 OK
INFO:     127.0.0.1:54967 - "GET /api/v1/geo/collection-profiles?q=44be62e1&page=1&page_size=10&sort=NAME_ASC HTTP/1.1" 200 OK
INFO:     127.0.0.1:54968 - "OPTIONS /api/v1/geo/monitoring-plans/preview HTTP/1.1" 200 OK
INFO:     127.0.0.1:54967 - "POST /api/v1/geo/monitoring-plans/preview HTTP/1.1" 200 OK
INFO:     127.0.0.1:54968 - "OPTIONS /api/v1/geo/monitoring-plans HTTP/1.1" 200 OK
INFO:     127.0.0.1:54967 - "POST /api/v1/geo/monitoring-plans HTTP/1.1" 201 Created
INFO:     127.0.0.1:54967 - "GET /api/v1/geo/monitoring-plans?page=1&page_size=20&sort=UPDATED_DESC HTTP/1.1" 200 OK
INFO:     127.0.0.1:54990 - "POST /api/v1/platform-types HTTP/1.1" 201 Created
INFO:     127.0.0.1:54990 - "POST /api/v1/platform-profiles HTTP/1.1" 201 Created
INFO:     127.0.0.1:54990 - "POST /api/v1/platform-accounts HTTP/1.1" 201 Created
INFO:     127.0.0.1:54967 - "GET /api/v1/auth/session HTTP/1.1" 200 OK
INFO:     127.0.0.1:54967 - "GET /api/v1/geo/observation-batches?sort=CREATED_DESC&page=1&page_size=20 HTTP/1.1" 200 OK
INFO:     127.0.0.1:54967 - "GET /api/v1/geo/monitoring-plans?page=1&page_size=20&sort=UPDATED_DESC HTTP/1.1" 200 OK
INFO:     127.0.0.1:54967 - "GET /api/v1/geo/monitoring-plans?q=GEO707%20%E4%BA%94%E6%AC%A1%E4%BA%BA%E5%B7%A5%E5%9F%BA%E7%BA%BF%2044be62e1&page=1&page_size=20&sort=UPDATED_DESC HTTP/1.1" 200 OK
INFO:     127.0.0.1:54968 - "OPTIONS /api/v1/geo/monitoring-plans/5ac5b905-6460-42dd-a95f-bfa48ddc86c7/run HTTP/1.1" 200 OK
INFO:     127.0.0.1:54967 - "POST /api/v1/geo/monitoring-plans/5ac5b905-6460-42dd-a95f-bfa48ddc86c7/run HTTP/1.1" 201 Created
INFO:     127.0.0.1:54967 - "GET /api/v1/geo/observation-batches?sort=CREATED_DESC&page=1&page_size=20 HTTP/1.1" 200 OK
INFO:     127.0.0.1:54993 - "GET /api/v1/geo/observation-batches/14f394a8-c27a-4c66-a5fb-9627e66a51ca HTTP/1.1" 200 OK
INFO:     127.0.0.1:54992 - "GET /api/v1/geo/observation-runs?sort=CREATED_DESC&page=1&page_size=20&batch_id=14f394a8-c27a-4c66-a5fb-9627e66a51ca&latest_only=true HTTP/1.1" 200 OK
INFO:     127.0.0.1:54990 - "GET /api/v1/geo/observation-runs?batch_id=14f394a8-c27a-4c66-a5fb-9627e66a51ca HTTP/1.1" 200 OK
INFO:     127.0.0.1:54992 - "GET /api/v1/auth/session HTTP/1.1" 200 OK
INFO:     127.0.0.1:54992 - "GET /api/v1/geo/observation-batches?sort=CREATED_DESC&page=1&page_size=20 HTTP/1.1" 200 OK
INFO:     127.0.0.1:54993 - "GET /api/v1/geo/observation-runs/2189795b-417f-4e8c-a43c-8cf160efd7c8/manual-entry HTTP/1.1" 200 OK
INFO:     127.0.0.1:54967 - "GET /api/v1/geo/observation-batches/14f394a8-c27a-4c66-a5fb-9627e66a51ca HTTP/1.1" 200 OK
INFO:     127.0.0.1:54968 - "OPTIONS /api/v1/files/upload-intents HTTP/1.1" 200 OK
INFO:     127.0.0.1:54967 - "POST /api/v1/files/upload-intents HTTP/1.1" 201 Created
INFO:     127.0.0.1:54968 - "OPTIONS /api/v1/files/44a4e64d-78d1-46f1-97eb-660b857bf4a0/content HTTP/1.1" 200 OK
INFO:     127.0.0.1:54967 - "PUT /api/v1/files/44a4e64d-78d1-46f1-97eb-660b857bf4a0/content HTTP/1.1" 204 No Content
INFO:     127.0.0.1:54968 - "OPTIONS /api/v1/files/44a4e64d-78d1-46f1-97eb-660b857bf4a0/complete HTTP/1.1" 200 OK
INFO:     127.0.0.1:54967 - "POST /api/v1/files/44a4e64d-78d1-46f1-97eb-660b857bf4a0/complete HTTP/1.1" 200 OK
INFO:     127.0.0.1:54990 - "GET /api/v1/files/44a4e64d-78d1-46f1-97eb-660b857bf4a0 HTTP/1.1" 200 OK
INFO:     127.0.0.1:54968 - "OPTIONS /api/v1/geo/observation-runs/2189795b-417f-4e8c-a43c-8cf160efd7c8/manual-draft HTTP/1.1" 200 OK
INFO:     127.0.0.1:54967 - "PUT /api/v1/geo/observation-runs/2189795b-417f-4e8c-a43c-8cf160efd7c8/manual-draft HTTP/1.1" 200 OK
INFO:     127.0.0.1:54968 - "OPTIONS /api/v1/geo/observation-runs/2189795b-417f-4e8c-a43c-8cf160efd7c8/manual-submit HTTP/1.1" 200 OK
INFO:     127.0.0.1:54967 - "POST /api/v1/geo/observation-runs/2189795b-417f-4e8c-a43c-8cf160efd7c8/manual-submit HTTP/1.1" 201 Created
INFO:     127.0.0.1:54993 - "GET /api/v1/geo/observation-batches/14f394a8-c27a-4c66-a5fb-9627e66a51ca HTTP/1.1" 200 OK
INFO:     127.0.0.1:54967 - "GET /api/v1/geo/observation-batches?sort=CREATED_DESC&page=1&page_size=20 HTTP/1.1" 200 OK
INFO:     127.0.0.1:54992 - "GET /api/v1/geo/observation-runs/2189795b-417f-4e8c-a43c-8cf160efd7c8 HTTP/1.1" 200 OK
INFO:     127.0.0.1:54990 - "GET /api/v1/geo/observation-runs/2189795b-417f-4e8c-a43c-8cf160efd7c8 HTTP/1.1" 200 OK
INFO:     127.0.0.1:54990 - "GET /api/v1/geo/observation-runs/2189795b-417f-4e8c-a43c-8cf160efd7c8 HTTP/1.1" 200 OK
INFO:     127.0.0.1:54990 - "GET /api/v1/geo/observation-runs/2189795b-417f-4e8c-a43c-8cf160efd7c8 HTTP/1.1" 200 OK
INFO:     127.0.0.1:54990 - "GET /api/v1/geo/observation-runs/2189795b-417f-4e8c-a43c-8cf160efd7c8 HTTP/1.1" 200 OK
INFO:     127.0.0.1:54990 - "GET /api/v1/geo/observation-runs/2189795b-417f-4e8c-a43c-8cf160efd7c8 HTTP/1.1" 200 OK
INFO:     127.0.0.1:54990 - "GET /api/v1/geo/observation-runs/2189795b-417f-4e8c-a43c-8cf160efd7c8 HTTP/1.1" 200 OK
INFO:     127.0.0.1:54990 - "GET /api/v1/geo/observation-runs/2189795b-417f-4e8c-a43c-8cf160efd7c8 HTTP/1.1" 200 OK
INFO:     127.0.0.1:54992 - "GET /api/v1/geo/observation-batches/14f394a8-c27a-4c66-a5fb-9627e66a51ca HTTP/1.1" 200 OK
INFO:     127.0.0.1:55018 - "GET /api/v1/geo/observation-batches?sort=CREATED_DESC&page=1&page_size=20 HTTP/1.1" 200 OK
INFO:     127.0.0.1:55018 - "GET /api/v1/geo/observation-runs/2189795b-417f-4e8c-a43c-8cf160efd7c8 HTTP/1.1" 200 OK
INFO:     127.0.0.1:54990 - "GET /api/v1/geo/observation-runs/2189795b-417f-4e8c-a43c-8cf160efd7c8 HTTP/1.1" 200 OK
INFO:     127.0.0.1:54990 - "GET /api/v1/geo/observation-runs/2189795b-417f-4e8c-a43c-8cf160efd7c8 HTTP/1.1" 200 OK
INFO:     127.0.0.1:54990 - "GET /api/v1/geo/observation-runs/2189795b-417f-4e8c-a43c-8cf160efd7c8 HTTP/1.1" 200 OK
INFO:     127.0.0.1:55018 - "GET /api/v1/auth/session HTTP/1.1" 200 OK
INFO:     127.0.0.1:55018 - "GET /api/v1/geo/observation-batches?sort=CREATED_DESC&page=1&page_size=20 HTTP/1.1" 200 OK
INFO:     127.0.0.1:55018 - "GET /api/v1/geo/observation-runs/0bcb5cfb-fd4d-49bc-9fd5-fe5da9fa8f45/manual-entry HTTP/1.1" 200 OK
INFO:     127.0.0.1:54992 - "GET /api/v1/geo/observation-batches/14f394a8-c27a-4c66-a5fb-9627e66a51ca HTTP/1.1" 200 OK
INFO:     127.0.0.1:54992 - "POST /api/v1/files/upload-intents HTTP/1.1" 201 Created
INFO:     127.0.0.1:55020 - "OPTIONS /api/v1/files/6f23d808-e8a5-42a4-8072-db6b31003d68/content HTTP/1.1" 200 OK
INFO:     127.0.0.1:54992 - "PUT /api/v1/files/6f23d808-e8a5-42a4-8072-db6b31003d68/content HTTP/1.1" 204 No Content
INFO:     127.0.0.1:55020 - "OPTIONS /api/v1/files/6f23d808-e8a5-42a4-8072-db6b31003d68/complete HTTP/1.1" 200 OK
INFO:     127.0.0.1:54992 - "POST /api/v1/files/6f23d808-e8a5-42a4-8072-db6b31003d68/complete HTTP/1.1" 200 OK
INFO:     127.0.0.1:54990 - "GET /api/v1/files/6f23d808-e8a5-42a4-8072-db6b31003d68 HTTP/1.1" 200 OK
INFO:     127.0.0.1:55020 - "OPTIONS /api/v1/geo/observation-runs/0bcb5cfb-fd4d-49bc-9fd5-fe5da9fa8f45/manual-draft HTTP/1.1" 200 OK
INFO:     127.0.0.1:54992 - "PUT /api/v1/geo/observation-runs/0bcb5cfb-fd4d-49bc-9fd5-fe5da9fa8f45/manual-draft HTTP/1.1" 200 OK
INFO:     127.0.0.1:55020 - "OPTIONS /api/v1/geo/observation-runs/0bcb5cfb-fd4d-49bc-9fd5-fe5da9fa8f45/manual-submit HTTP/1.1" 200 OK
INFO:     127.0.0.1:54992 - "POST /api/v1/geo/observation-runs/0bcb5cfb-fd4d-49bc-9fd5-fe5da9fa8f45/manual-submit HTTP/1.1" 201 Created
INFO:     127.0.0.1:55018 - "GET /api/v1/geo/observation-batches/14f394a8-c27a-4c66-a5fb-9627e66a51ca HTTP/1.1" 200 OK
INFO:     127.0.0.1:54992 - "GET /api/v1/geo/observation-batches?sort=CREATED_DESC&page=1&page_size=20 HTTP/1.1" 200 OK
INFO:     127.0.0.1:55026 - "GET /api/v1/geo/observation-runs/0bcb5cfb-fd4d-49bc-9fd5-fe5da9fa8f45 HTTP/1.1" 200 OK
INFO:     127.0.0.1:54990 - "GET /api/v1/geo/observation-runs/0bcb5cfb-fd4d-49bc-9fd5-fe5da9fa8f45 HTTP/1.1" 200 OK
INFO:     127.0.0.1:54990 - "GET /api/v1/geo/observation-runs/0bcb5cfb-fd4d-49bc-9fd5-fe5da9fa8f45 HTTP/1.1" 200 OK
INFO:     127.0.0.1:54990 - "GET /api/v1/geo/observation-runs/0bcb5cfb-fd4d-49bc-9fd5-fe5da9fa8f45 HTTP/1.1" 200 OK
INFO:     127.0.0.1:54990 - "GET /api/v1/geo/observation-runs/0bcb5cfb-fd4d-49bc-9fd5-fe5da9fa8f45 HTTP/1.1" 200 OK
INFO:     127.0.0.1:54990 - "GET /api/v1/geo/observation-runs/0bcb5cfb-fd4d-49bc-9fd5-fe5da9fa8f45 HTTP/1.1" 200 OK
INFO:     127.0.0.1:54990 - "GET /api/v1/geo/observation-runs/0bcb5cfb-fd4d-49bc-9fd5-fe5da9fa8f45 HTTP/1.1" 200 OK
INFO:     127.0.0.1:54990 - "GET /api/v1/geo/observation-runs/0bcb5cfb-fd4d-49bc-9fd5-fe5da9fa8f45 HTTP/1.1" 200 OK
INFO:     127.0.0.1:54990 - "GET /api/v1/geo/observation-runs/0bcb5cfb-fd4d-49bc-9fd5-fe5da9fa8f45 HTTP/1.1" 200 OK
INFO:     127.0.0.1:54990 - "GET /api/v1/geo/observation-runs/0bcb5cfb-fd4d-49bc-9fd5-fe5da9fa8f45 HTTP/1.1" 200 OK
INFO:     127.0.0.1:55026 - "GET /api/v1/auth/session HTTP/1.1" 200 OK
INFO:     127.0.0.1:55026 - "GET /api/v1/geo/observation-batches?sort=CREATED_DESC&page=1&page_size=20 HTTP/1.1" 200 OK
INFO:     127.0.0.1:54992 - "GET /api/v1/geo/observation-runs/31fbbc08-e14b-432c-9e4e-4a2a8e8210e1/manual-entry HTTP/1.1" 200 OK
INFO:     127.0.0.1:55018 - "GET /api/v1/geo/observation-batches/14f394a8-c27a-4c66-a5fb-9627e66a51ca HTTP/1.1" 200 OK
INFO:     127.0.0.1:55018 - "POST /api/v1/files/upload-intents HTTP/1.1" 201 Created
INFO:     127.0.0.1:55020 - "OPTIONS /api/v1/files/e6efe3c7-7d69-4ae9-b122-10ba86dbbc5f/content HTTP/1.1" 200 OK
INFO:     127.0.0.1:55018 - "PUT /api/v1/files/e6efe3c7-7d69-4ae9-b122-10ba86dbbc5f/content HTTP/1.1" 204 No Content
INFO:     127.0.0.1:55020 - "OPTIONS /api/v1/files/e6efe3c7-7d69-4ae9-b122-10ba86dbbc5f/complete HTTP/1.1" 200 OK
INFO:     127.0.0.1:55018 - "POST /api/v1/files/e6efe3c7-7d69-4ae9-b122-10ba86dbbc5f/complete HTTP/1.1" 200 OK
INFO:     127.0.0.1:54990 - "GET /api/v1/files/e6efe3c7-7d69-4ae9-b122-10ba86dbbc5f HTTP/1.1" 200 OK
INFO:     127.0.0.1:55020 - "OPTIONS /api/v1/geo/observation-runs/31fbbc08-e14b-432c-9e4e-4a2a8e8210e1/manual-draft HTTP/1.1" 200 OK
INFO:     127.0.0.1:55018 - "PUT /api/v1/geo/observation-runs/31fbbc08-e14b-432c-9e4e-4a2a8e8210e1/manual-draft HTTP/1.1" 200 OK
INFO:     127.0.0.1:55020 - "OPTIONS /api/v1/geo/observation-runs/31fbbc08-e14b-432c-9e4e-4a2a8e8210e1/manual-submit HTTP/1.1" 200 OK
INFO:     127.0.0.1:55018 - "POST /api/v1/geo/observation-runs/31fbbc08-e14b-432c-9e4e-4a2a8e8210e1/manual-submit HTTP/1.1" 201 Created
INFO:     127.0.0.1:54992 - "GET /api/v1/geo/observation-batches/14f394a8-c27a-4c66-a5fb-9627e66a51ca HTTP/1.1" 200 OK
INFO:     127.0.0.1:55018 - "GET /api/v1/geo/observation-batches?sort=CREATED_DESC&page=1&page_size=20 HTTP/1.1" 200 OK
INFO:     127.0.0.1:54990 - "GET /api/v1/geo/observation-runs/31fbbc08-e14b-432c-9e4e-4a2a8e8210e1 HTTP/1.1" 200 OK
INFO:     127.0.0.1:55026 - "GET /api/v1/geo/observation-runs/31fbbc08-e14b-432c-9e4e-4a2a8e8210e1 HTTP/1.1" 200 OK
INFO:     127.0.0.1:54990 - "GET /api/v1/geo/observation-runs/31fbbc08-e14b-432c-9e4e-4a2a8e8210e1 HTTP/1.1" 200 OK
INFO:     127.0.0.1:54990 - "GET /api/v1/geo/observation-runs/31fbbc08-e14b-432c-9e4e-4a2a8e8210e1 HTTP/1.1" 200 OK
INFO:     127.0.0.1:54990 - "GET /api/v1/geo/observation-runs/31fbbc08-e14b-432c-9e4e-4a2a8e8210e1 HTTP/1.1" 200 OK
INFO:     127.0.0.1:54990 - "GET /api/v1/geo/observation-runs/31fbbc08-e14b-432c-9e4e-4a2a8e8210e1 HTTP/1.1" 200 OK
INFO:     127.0.0.1:54990 - "GET /api/v1/geo/observation-runs/31fbbc08-e14b-432c-9e4e-4a2a8e8210e1 HTTP/1.1" 200 OK
INFO:     127.0.0.1:54990 - "GET /api/v1/geo/observation-runs/31fbbc08-e14b-432c-9e4e-4a2a8e8210e1 HTTP/1.1" 200 OK
INFO:     127.0.0.1:54990 - "GET /api/v1/geo/observation-runs/31fbbc08-e14b-432c-9e4e-4a2a8e8210e1 HTTP/1.1" 200 OK
INFO:     127.0.0.1:54990 - "GET /api/v1/geo/observation-runs/31fbbc08-e14b-432c-9e4e-4a2a8e8210e1 HTTP/1.1" 200 OK
INFO:     127.0.0.1:55026 - "GET /api/v1/auth/session HTTP/1.1" 200 OK
INFO:     127.0.0.1:55026 - "GET /api/v1/geo/observation-batches?sort=CREATED_DESC&page=1&page_size=20 HTTP/1.1" 200 OK
INFO:     127.0.0.1:55026 - "GET /api/v1/geo/observation-runs/b8a7d0f6-72ee-44e6-9842-0939c62eeb1b/manual-entry HTTP/1.1" 200 OK
INFO:     127.0.0.1:55018 - "GET /api/v1/geo/observation-batches/14f394a8-c27a-4c66-a5fb-9627e66a51ca HTTP/1.1" 200 OK
INFO:     127.0.0.1:55018 - "POST /api/v1/files/upload-intents HTTP/1.1" 201 Created
INFO:     127.0.0.1:55020 - "OPTIONS /api/v1/files/875b48e9-93cf-4d25-869e-53744875e729/content HTTP/1.1" 200 OK
INFO:     127.0.0.1:55018 - "PUT /api/v1/files/875b48e9-93cf-4d25-869e-53744875e729/content HTTP/1.1" 204 No Content
INFO:     127.0.0.1:55020 - "OPTIONS /api/v1/files/875b48e9-93cf-4d25-869e-53744875e729/complete HTTP/1.1" 200 OK
INFO:     127.0.0.1:55018 - "POST /api/v1/files/875b48e9-93cf-4d25-869e-53744875e729/complete HTTP/1.1" 200 OK
INFO:     127.0.0.1:54990 - "GET /api/v1/files/875b48e9-93cf-4d25-869e-53744875e729 HTTP/1.1" 200 OK
INFO:     127.0.0.1:55020 - "OPTIONS /api/v1/geo/observation-runs/b8a7d0f6-72ee-44e6-9842-0939c62eeb1b/manual-draft HTTP/1.1" 200 OK
INFO:     127.0.0.1:55018 - "PUT /api/v1/geo/observation-runs/b8a7d0f6-72ee-44e6-9842-0939c62eeb1b/manual-draft HTTP/1.1" 200 OK
INFO:     127.0.0.1:55020 - "OPTIONS /api/v1/geo/observation-runs/b8a7d0f6-72ee-44e6-9842-0939c62eeb1b/manual-submit HTTP/1.1" 200 OK
INFO:     127.0.0.1:55018 - "POST /api/v1/geo/observation-runs/b8a7d0f6-72ee-44e6-9842-0939c62eeb1b/manual-submit HTTP/1.1" 201 Created
INFO:     127.0.0.1:55018 - "GET /api/v1/geo/observation-batches?sort=CREATED_DESC&page=1&page_size=20 HTTP/1.1" 200 OK
INFO:     127.0.0.1:55026 - "GET /api/v1/geo/observation-batches/14f394a8-c27a-4c66-a5fb-9627e66a51ca HTTP/1.1" 200 OK
INFO:     127.0.0.1:54992 - "GET /api/v1/geo/observation-runs/b8a7d0f6-72ee-44e6-9842-0939c62eeb1b HTTP/1.1" 200 OK
INFO:     127.0.0.1:54990 - "GET /api/v1/geo/observation-runs/b8a7d0f6-72ee-44e6-9842-0939c62eeb1b HTTP/1.1" 200 OK
INFO:     127.0.0.1:54990 - "GET /api/v1/geo/observation-runs/b8a7d0f6-72ee-44e6-9842-0939c62eeb1b HTTP/1.1" 200 OK
INFO:     127.0.0.1:54990 - "GET /api/v1/geo/observation-runs/b8a7d0f6-72ee-44e6-9842-0939c62eeb1b HTTP/1.1" 200 OK
INFO:     127.0.0.1:54990 - "GET /api/v1/geo/observation-runs/b8a7d0f6-72ee-44e6-9842-0939c62eeb1b HTTP/1.1" 200 OK
INFO:     127.0.0.1:54990 - "GET /api/v1/geo/observation-runs/b8a7d0f6-72ee-44e6-9842-0939c62eeb1b HTTP/1.1" 200 OK
INFO:     127.0.0.1:54990 - "GET /api/v1/geo/observation-runs/b8a7d0f6-72ee-44e6-9842-0939c62eeb1b HTTP/1.1" 200 OK
INFO:     127.0.0.1:54990 - "GET /api/v1/geo/observation-runs/b8a7d0f6-72ee-44e6-9842-0939c62eeb1b HTTP/1.1" 200 OK
INFO:     127.0.0.1:54990 - "GET /api/v1/geo/observation-runs/b8a7d0f6-72ee-44e6-9842-0939c62eeb1b HTTP/1.1" 200 OK
INFO:     127.0.0.1:54990 - "GET /api/v1/geo/observation-runs/b8a7d0f6-72ee-44e6-9842-0939c62eeb1b HTTP/1.1" 200 OK
INFO:     127.0.0.1:54992 - "GET /api/v1/auth/session HTTP/1.1" 200 OK
INFO:     127.0.0.1:54992 - "GET /api/v1/geo/observation-batches?sort=CREATED_DESC&page=1&page_size=20 HTTP/1.1" 200 OK
INFO:     127.0.0.1:55026 - "GET /api/v1/geo/observation-batches/14f394a8-c27a-4c66-a5fb-9627e66a51ca HTTP/1.1" 200 OK
INFO:     127.0.0.1:54992 - "GET /api/v1/geo/observation-runs/8478d236-9f3e-4299-8a58-5d8a8a617fe2/manual-entry HTTP/1.1" 200 OK
INFO:     127.0.0.1:54992 - "POST /api/v1/files/upload-intents HTTP/1.1" 201 Created
INFO:     127.0.0.1:55020 - "OPTIONS /api/v1/files/8b7cb06d-96e4-4f74-812c-222f1a3cc409/content HTTP/1.1" 200 OK
INFO:     127.0.0.1:54992 - "PUT /api/v1/files/8b7cb06d-96e4-4f74-812c-222f1a3cc409/content HTTP/1.1" 204 No Content
INFO:     127.0.0.1:55020 - "OPTIONS /api/v1/files/8b7cb06d-96e4-4f74-812c-222f1a3cc409/complete HTTP/1.1" 200 OK
INFO:     127.0.0.1:54992 - "POST /api/v1/files/8b7cb06d-96e4-4f74-812c-222f1a3cc409/complete HTTP/1.1" 200 OK
INFO:     127.0.0.1:54990 - "GET /api/v1/files/8b7cb06d-96e4-4f74-812c-222f1a3cc409 HTTP/1.1" 200 OK
INFO:     127.0.0.1:55020 - "OPTIONS /api/v1/geo/observation-runs/8478d236-9f3e-4299-8a58-5d8a8a617fe2/manual-draft HTTP/1.1" 200 OK
INFO:     127.0.0.1:54992 - "PUT /api/v1/geo/observation-runs/8478d236-9f3e-4299-8a58-5d8a8a617fe2/manual-draft HTTP/1.1" 200 OK
INFO:     127.0.0.1:55020 - "OPTIONS /api/v1/geo/observation-runs/8478d236-9f3e-4299-8a58-5d8a8a617fe2/manual-submit HTTP/1.1" 200 OK
INFO:     127.0.0.1:54992 - "POST /api/v1/geo/observation-runs/8478d236-9f3e-4299-8a58-5d8a8a617fe2/manual-submit HTTP/1.1" 201 Created
INFO:     127.0.0.1:55026 - "GET /api/v1/geo/observation-batches/14f394a8-c27a-4c66-a5fb-9627e66a51ca HTTP/1.1" 200 OK
INFO:     127.0.0.1:54992 - "GET /api/v1/geo/observation-batches?sort=CREATED_DESC&page=1&page_size=20 HTTP/1.1" 200 OK
INFO:     127.0.0.1:54990 - "GET /api/v1/geo/observation-runs/8478d236-9f3e-4299-8a58-5d8a8a617fe2 HTTP/1.1" 200 OK
INFO:     127.0.0.1:55018 - "GET /api/v1/geo/observation-runs/8478d236-9f3e-4299-8a58-5d8a8a617fe2 HTTP/1.1" 200 OK
INFO:     127.0.0.1:54990 - "GET /api/v1/geo/observation-runs/8478d236-9f3e-4299-8a58-5d8a8a617fe2 HTTP/1.1" 200 OK
INFO:     127.0.0.1:54990 - "GET /api/v1/geo/observation-runs/8478d236-9f3e-4299-8a58-5d8a8a617fe2 HTTP/1.1" 200 OK
INFO:     127.0.0.1:54990 - "GET /api/v1/geo/observation-runs/8478d236-9f3e-4299-8a58-5d8a8a617fe2 HTTP/1.1" 200 OK
INFO:     127.0.0.1:54990 - "GET /api/v1/geo/observation-runs/8478d236-9f3e-4299-8a58-5d8a8a617fe2 HTTP/1.1" 200 OK
INFO:     127.0.0.1:54990 - "GET /api/v1/geo/observation-runs/8478d236-9f3e-4299-8a58-5d8a8a617fe2 HTTP/1.1" 200 OK
INFO:     127.0.0.1:54990 - "GET /api/v1/geo/observation-runs/8478d236-9f3e-4299-8a58-5d8a8a617fe2 HTTP/1.1" 200 OK
INFO:     127.0.0.1:54990 - "GET /api/v1/geo/observation-runs/8478d236-9f3e-4299-8a58-5d8a8a617fe2 HTTP/1.1" 200 OK
INFO:     127.0.0.1:54990 - "GET /api/v1/geo/observation-runs/8478d236-9f3e-4299-8a58-5d8a8a617fe2 HTTP/1.1" 200 OK
INFO:     127.0.0.1:54990 - "GET /api/v1/geo/observation-batches/14f394a8-c27a-4c66-a5fb-9627e66a51ca HTTP/1.1" 200 OK
INFO:     127.0.0.1:55018 - "GET /api/v1/geo/observation-batches/14f394a8-c27a-4c66-a5fb-9627e66a51ca HTTP/1.1" 200 OK
INFO:     127.0.0.1:55085 - "GET /api/v1/geo/observation-batches?sort=CREATED_DESC&page=1&page_size=20 HTTP/1.1" 200 OK
INFO:     127.0.0.1:55085 - "GET /api/v1/geo/observation-runs/8478d236-9f3e-4299-8a58-5d8a8a617fe2 HTTP/1.1" 200 OK
INFO:     127.0.0.1:54990 - "GET /api/v1/geo/opportunities/a7248c97-285b-4bee-8cba-11bdd85f49f8 HTTP/1.1" 200 OK
INFO:     127.0.0.1:55085 - "GET /api/v1/auth/session HTTP/1.1" 200 OK
INFO:     127.0.0.1:55087 - "GET /api/v1/geo/opportunities/a7248c97-285b-4bee-8cba-11bdd85f49f8/comparison HTTP/1.1" 200 OK
INFO:     127.0.0.1:55085 - "GET /api/v1/geo/opportunities?page=1&page_size=20&sort=PRIORITY_DESC HTTP/1.1" 200 OK
INFO:     127.0.0.1:55018 - "GET /api/v1/geo/opportunities/a7248c97-285b-4bee-8cba-11bdd85f49f8?source_page=1&source_page_size=20 HTTP/1.1" 200 OK
INFO:     127.0.0.1:55092 - "OPTIONS /api/v1/geo/opportunities/a7248c97-285b-4bee-8cba-11bdd85f49f8/acknowledge HTTP/1.1" 200 OK
INFO:     127.0.0.1:55018 - "POST /api/v1/geo/opportunities/a7248c97-285b-4bee-8cba-11bdd85f49f8/acknowledge HTTP/1.1" 200 OK
INFO:     127.0.0.1:55087 - "GET /api/v1/geo/opportunities/a7248c97-285b-4bee-8cba-11bdd85f49f8/comparison HTTP/1.1" 200 OK
INFO:     127.0.0.1:55018 - "GET /api/v1/geo/opportunities?page=1&page_size=20&sort=PRIORITY_DESC HTTP/1.1" 200 OK
INFO:     127.0.0.1:55085 - "GET /api/v1/geo/opportunities/a7248c97-285b-4bee-8cba-11bdd85f49f8?source_page=1&source_page_size=20 HTTP/1.1" 200 OK
INFO:     127.0.0.1:54990 - "POST /api/v1/geo/opportunities/a7248c97-285b-4bee-8cba-11bdd85f49f8/actions/content-task HTTP/1.1" 200 OK
INFO:     127.0.0.1:55085 - "GET /api/v1/auth/session HTTP/1.1" 200 OK
INFO:     127.0.0.1:55085 - "GET /api/v1/content-tasks/831118b1-281f-4883-9309-3c76da27ec51/detail HTTP/1.1" 200 OK
INFO:     127.0.0.1:55085 - "GET /api/v1/auth/session HTTP/1.1" 200 OK
INFO:     127.0.0.1:55085 - "GET /api/v1/content-tasks/831118b1-281f-4883-9309-3c76da27ec51/editor-context HTTP/1.1" 200 OK
INFO:     127.0.0.1:55092 - "OPTIONS /api/v1/content-tasks/831118b1-281f-4883-9309-3c76da27ec51/manual-versions HTTP/1.1" 200 OK
INFO:     127.0.0.1:55085 - "POST /api/v1/content-tasks/831118b1-281f-4883-9309-3c76da27ec51/manual-versions HTTP/1.1" 201 Created
INFO:     127.0.0.1:55085 - "GET /api/v1/content-tasks/831118b1-281f-4883-9309-3c76da27ec51/editor-context HTTP/1.1" 200 OK
INFO:     127.0.0.1:55092 - "OPTIONS /api/v1/content-versions/9ad6eabc-8f91-466a-bdf0-3e810937465a/submit-review HTTP/1.1" 200 OK
INFO:     127.0.0.1:55085 - "POST /api/v1/content-versions/9ad6eabc-8f91-466a-bdf0-3e810937465a/submit-review HTTP/1.1" 200 OK
INFO:     127.0.0.1:55085 - "GET /api/v1/content-tasks/831118b1-281f-4883-9309-3c76da27ec51/editor-context HTTP/1.1" 200 OK
INFO:     127.0.0.1:55085 - "GET /api/v1/content-tasks/831118b1-281f-4883-9309-3c76da27ec51/detail HTTP/1.1" 200 OK
INFO:     127.0.0.1:55085 - "GET /api/v1/auth/session HTTP/1.1" 200 OK
INFO:     127.0.0.1:55085 - "GET /api/v1/content-tasks/831118b1-281f-4883-9309-3c76da27ec51/review-context HTTP/1.1" 200 OK
INFO:     127.0.0.1:55092 - "OPTIONS /api/v1/content-versions/9ad6eabc-8f91-466a-bdf0-3e810937465a/approve HTTP/1.1" 200 OK
INFO:     127.0.0.1:55085 - "POST /api/v1/content-versions/9ad6eabc-8f91-466a-bdf0-3e810937465a/approve HTTP/1.1" 200 OK
INFO:     127.0.0.1:55085 - "GET /api/v1/content-tasks/831118b1-281f-4883-9309-3c76da27ec51/review-context HTTP/1.1" 200 OK
INFO:     127.0.0.1:55085 - "GET /api/v1/auth/session HTTP/1.1" 200 OK
INFO:     127.0.0.1:55085 - "GET /api/v1/content-tasks/831118b1-281f-4883-9309-3c76da27ec51/detail HTTP/1.1" 200 OK
INFO:     127.0.0.1:55085 - "GET /api/v1/auth/session HTTP/1.1" 200 OK
INFO:     127.0.0.1:55085 - "GET /api/v1/publication-works?page=1&page_size=20 HTTP/1.1" 200 OK
INFO:     127.0.0.1:55085 - "GET /api/v1/publication-workbench-summary HTTP/1.1" 200 OK
INFO:     127.0.0.1:55018 - "GET /api/v1/publication-ready-items HTTP/1.1" 200 OK
INFO:     127.0.0.1:55092 - "OPTIONS /api/v1/publication-works HTTP/1.1" 200 OK
INFO:     127.0.0.1:55018 - "POST /api/v1/publication-works HTTP/1.1" 201 Created
INFO:     127.0.0.1:55087 - "GET /api/v1/publication-works?page=1&page_size=20 HTTP/1.1" 200 OK
INFO:     127.0.0.1:55018 - "GET /api/v1/publication-workbench-summary HTTP/1.1" 200 OK
INFO:     127.0.0.1:55085 - "GET /api/v1/publication-ready-items HTTP/1.1" 200 OK
INFO:     127.0.0.1:55085 - "GET /api/v1/auth/session HTTP/1.1" 200 OK
INFO:     127.0.0.1:55085 - "GET /api/v1/publication-works/a1f3a77b-b7b7-4053-bbb4-88fa58c17f27/workspace-context HTTP/1.1" 200 OK
INFO:     127.0.0.1:55092 - "OPTIONS /api/v1/publication-works/a1f3a77b-b7b7-4053-bbb4-88fa58c17f27/result HTTP/1.1" 200 OK
INFO:     127.0.0.1:55085 - "PUT /api/v1/publication-works/a1f3a77b-b7b7-4053-bbb4-88fa58c17f27/result HTTP/1.1" 200 OK
INFO:     127.0.0.1:55085 - "GET /api/v1/publication-works/a1f3a77b-b7b7-4053-bbb4-88fa58c17f27/workspace-context HTTP/1.1" 200 OK
INFO:     127.0.0.1:55092 - "OPTIONS /api/v1/publication-works/a1f3a77b-b7b7-4053-bbb4-88fa58c17f27/verifications HTTP/1.1" 200 OK
INFO:     127.0.0.1:55085 - "POST /api/v1/publication-works/a1f3a77b-b7b7-4053-bbb4-88fa58c17f27/verifications HTTP/1.1" 200 OK
INFO:     127.0.0.1:55085 - "GET /api/v1/publication-works/a1f3a77b-b7b7-4053-bbb4-88fa58c17f27/workspace-context HTTP/1.1" 200 OK
INFO:     127.0.0.1:54990 - "GET /api/v1/content-tasks/831118b1-281f-4883-9309-3c76da27ec51/detail HTTP/1.1" 200 OK
INFO:     127.0.0.1:54990 - "GET /api/v1/published-articles/a1f3a77b-b7b7-4053-bbb4-88fa58c17f27 HTTP/1.1" 200 OK
INFO:     127.0.0.1:54990 - "GET /api/v1/geo/opportunities/a7248c97-285b-4bee-8cba-11bdd85f49f8 HTTP/1.1" 200 OK
INFO:     127.0.0.1:54990 - "GET /api/v1/geo/opportunities/a7248c97-285b-4bee-8cba-11bdd85f49f8/retest-preview?baseline_batch_id=14f394a8-c27a-4c66-a5fb-9627e66a51ca HTTP/1.1" 200 OK
INFO:     127.0.0.1:54990 - "POST /api/v1/geo/opportunities/a7248c97-285b-4bee-8cba-11bdd85f49f8/retest HTTP/1.1" 201 Created
INFO:     127.0.0.1:54990 - "GET /api/v1/geo/observation-runs?batch_id=2f17c05a-4fb1-41c4-a506-4dc0a877234c HTTP/1.1" 200 OK
INFO:     127.0.0.1:55085 - "GET /api/v1/auth/session HTTP/1.1" 200 OK
INFO:     127.0.0.1:55085 - "GET /api/v1/geo/observation-batches?sort=CREATED_DESC&page=1&page_size=20 HTTP/1.1" 200 OK
INFO:     127.0.0.1:55085 - "GET /api/v1/geo/observation-runs/b4564783-aeb4-4b7b-9feb-865291ef17ec/manual-entry HTTP/1.1" 200 OK
INFO:     127.0.0.1:55018 - "GET /api/v1/geo/observation-batches/2f17c05a-4fb1-41c4-a506-4dc0a877234c HTTP/1.1" 200 OK
INFO:     127.0.0.1:55018 - "POST /api/v1/files/upload-intents HTTP/1.1" 201 Created
INFO:     127.0.0.1:55092 - "OPTIONS /api/v1/files/81ce2e27-c51f-49e9-a579-e3efd1cea410/content HTTP/1.1" 200 OK
INFO:     127.0.0.1:55018 - "PUT /api/v1/files/81ce2e27-c51f-49e9-a579-e3efd1cea410/content HTTP/1.1" 204 No Content
INFO:     127.0.0.1:55092 - "OPTIONS /api/v1/files/81ce2e27-c51f-49e9-a579-e3efd1cea410/complete HTTP/1.1" 200 OK
INFO:     127.0.0.1:55018 - "POST /api/v1/files/81ce2e27-c51f-49e9-a579-e3efd1cea410/complete HTTP/1.1" 200 OK
INFO:     127.0.0.1:54990 - "GET /api/v1/files/81ce2e27-c51f-49e9-a579-e3efd1cea410 HTTP/1.1" 200 OK
INFO:     127.0.0.1:55092 - "OPTIONS /api/v1/geo/observation-runs/b4564783-aeb4-4b7b-9feb-865291ef17ec/manual-draft HTTP/1.1" 200 OK
INFO:     127.0.0.1:55018 - "PUT /api/v1/geo/observation-runs/b4564783-aeb4-4b7b-9feb-865291ef17ec/manual-draft HTTP/1.1" 200 OK
INFO:     127.0.0.1:55092 - "OPTIONS /api/v1/geo/observation-runs/b4564783-aeb4-4b7b-9feb-865291ef17ec/manual-submit HTTP/1.1" 200 OK
INFO:     127.0.0.1:55018 - "POST /api/v1/geo/observation-runs/b4564783-aeb4-4b7b-9feb-865291ef17ec/manual-submit HTTP/1.1" 201 Created
INFO:     127.0.0.1:55085 - "GET /api/v1/geo/observation-batches/2f17c05a-4fb1-41c4-a506-4dc0a877234c HTTP/1.1" 200 OK
INFO:     127.0.0.1:55018 - "GET /api/v1/geo/observation-batches?sort=CREATED_DESC&page=1&page_size=20 HTTP/1.1" 200 OK
INFO:     127.0.0.1:55087 - "GET /api/v1/geo/observation-runs/b4564783-aeb4-4b7b-9feb-865291ef17ec HTTP/1.1" 200 OK
INFO:     127.0.0.1:54990 - "GET /api/v1/geo/observation-runs/b4564783-aeb4-4b7b-9feb-865291ef17ec HTTP/1.1" 200 OK
INFO:     127.0.0.1:54990 - "GET /api/v1/geo/observation-runs/b4564783-aeb4-4b7b-9feb-865291ef17ec HTTP/1.1" 200 OK
INFO:     127.0.0.1:54990 - "GET /api/v1/geo/observation-runs/b4564783-aeb4-4b7b-9feb-865291ef17ec HTTP/1.1" 200 OK
INFO:     127.0.0.1:54990 - "GET /api/v1/geo/observation-runs/b4564783-aeb4-4b7b-9feb-865291ef17ec HTTP/1.1" 200 OK
INFO:     127.0.0.1:54990 - "GET /api/v1/geo/observation-runs/b4564783-aeb4-4b7b-9feb-865291ef17ec HTTP/1.1" 200 OK
INFO:     127.0.0.1:54990 - "GET /api/v1/geo/observation-runs/b4564783-aeb4-4b7b-9feb-865291ef17ec HTTP/1.1" 200 OK
INFO:     127.0.0.1:54990 - "GET /api/v1/geo/observation-runs/b4564783-aeb4-4b7b-9feb-865291ef17ec HTTP/1.1" 200 OK
INFO:     127.0.0.1:54990 - "GET /api/v1/geo/observation-runs/b4564783-aeb4-4b7b-9feb-865291ef17ec HTTP/1.1" 200 OK
INFO:     127.0.0.1:54990 - "GET /api/v1/geo/observation-runs/b4564783-aeb4-4b7b-9feb-865291ef17ec HTTP/1.1" 200 OK
INFO:     127.0.0.1:55087 - "GET /api/v1/auth/session HTTP/1.1" 200 OK
INFO:     127.0.0.1:55087 - "GET /api/v1/geo/observation-batches?sort=CREATED_DESC&page=1&page_size=20 HTTP/1.1" 200 OK
INFO:     127.0.0.1:55087 - "GET /api/v1/geo/observation-runs/24f020cf-dcbf-4ae3-a6b6-61f59c69648a/manual-entry HTTP/1.1" 200 OK
INFO:     127.0.0.1:55018 - "GET /api/v1/geo/observation-batches/2f17c05a-4fb1-41c4-a506-4dc0a877234c HTTP/1.1" 200 OK
INFO:     127.0.0.1:55018 - "POST /api/v1/files/upload-intents HTTP/1.1" 201 Created
INFO:     127.0.0.1:55092 - "OPTIONS /api/v1/files/389be2a8-9bf6-461e-9355-0e2222049c5c/content HTTP/1.1" 200 OK
INFO:     127.0.0.1:55018 - "PUT /api/v1/files/389be2a8-9bf6-461e-9355-0e2222049c5c/content HTTP/1.1" 204 No Content
INFO:     127.0.0.1:55092 - "OPTIONS /api/v1/files/389be2a8-9bf6-461e-9355-0e2222049c5c/complete HTTP/1.1" 200 OK
INFO:     127.0.0.1:55018 - "POST /api/v1/files/389be2a8-9bf6-461e-9355-0e2222049c5c/complete HTTP/1.1" 200 OK
INFO:     127.0.0.1:54990 - "GET /api/v1/files/389be2a8-9bf6-461e-9355-0e2222049c5c HTTP/1.1" 200 OK
INFO:     127.0.0.1:55092 - "OPTIONS /api/v1/geo/observation-runs/24f020cf-dcbf-4ae3-a6b6-61f59c69648a/manual-draft HTTP/1.1" 200 OK
INFO:     127.0.0.1:55018 - "PUT /api/v1/geo/observation-runs/24f020cf-dcbf-4ae3-a6b6-61f59c69648a/manual-draft HTTP/1.1" 200 OK
INFO:     127.0.0.1:55092 - "OPTIONS /api/v1/geo/observation-runs/24f020cf-dcbf-4ae3-a6b6-61f59c69648a/manual-submit HTTP/1.1" 200 OK
INFO:     127.0.0.1:55018 - "POST /api/v1/geo/observation-runs/24f020cf-dcbf-4ae3-a6b6-61f59c69648a/manual-submit HTTP/1.1" 201 Created
INFO:     127.0.0.1:55087 - "GET /api/v1/geo/observation-batches/2f17c05a-4fb1-41c4-a506-4dc0a877234c HTTP/1.1" 200 OK
INFO:     127.0.0.1:55018 - "GET /api/v1/geo/observation-batches?sort=CREATED_DESC&page=1&page_size=20 HTTP/1.1" 200 OK
INFO:     127.0.0.1:55085 - "GET /api/v1/geo/observation-runs/24f020cf-dcbf-4ae3-a6b6-61f59c69648a HTTP/1.1" 200 OK
INFO:     127.0.0.1:54990 - "GET /api/v1/geo/observation-runs/24f020cf-dcbf-4ae3-a6b6-61f59c69648a HTTP/1.1" 200 OK
INFO:     127.0.0.1:54990 - "GET /api/v1/geo/observation-runs/24f020cf-dcbf-4ae3-a6b6-61f59c69648a HTTP/1.1" 200 OK
INFO:     127.0.0.1:54990 - "GET /api/v1/geo/observation-runs/24f020cf-dcbf-4ae3-a6b6-61f59c69648a HTTP/1.1" 200 OK
INFO:     127.0.0.1:54990 - "GET /api/v1/geo/observation-runs/24f020cf-dcbf-4ae3-a6b6-61f59c69648a HTTP/1.1" 200 OK
INFO:     127.0.0.1:54990 - "GET /api/v1/geo/observation-runs/24f020cf-dcbf-4ae3-a6b6-61f59c69648a HTTP/1.1" 200 OK
INFO:     127.0.0.1:54990 - "GET /api/v1/geo/observation-runs/24f020cf-dcbf-4ae3-a6b6-61f59c69648a HTTP/1.1" 200 OK
INFO:     127.0.0.1:54990 - "GET /api/v1/geo/observation-runs/24f020cf-dcbf-4ae3-a6b6-61f59c69648a HTTP/1.1" 200 OK
INFO:     127.0.0.1:55085 - "GET /api/v1/geo/observation-batches/2f17c05a-4fb1-41c4-a506-4dc0a877234c HTTP/1.1" 200 OK
INFO:     127.0.0.1:55130 - "GET /api/v1/geo/observation-batches?sort=CREATED_DESC&page=1&page_size=20 HTTP/1.1" 200 OK
INFO:     127.0.0.1:55130 - "GET /api/v1/geo/observation-runs/24f020cf-dcbf-4ae3-a6b6-61f59c69648a HTTP/1.1" 200 OK
INFO:     127.0.0.1:54990 - "GET /api/v1/geo/observation-runs/24f020cf-dcbf-4ae3-a6b6-61f59c69648a HTTP/1.1" 200 OK
INFO:     127.0.0.1:54990 - "GET /api/v1/geo/observation-runs/24f020cf-dcbf-4ae3-a6b6-61f59c69648a HTTP/1.1" 200 OK
INFO:     127.0.0.1:54990 - "GET /api/v1/geo/observation-runs/24f020cf-dcbf-4ae3-a6b6-61f59c69648a HTTP/1.1" 200 OK
INFO:     127.0.0.1:55130 - "GET /api/v1/auth/session HTTP/1.1" 200 OK
INFO:     127.0.0.1:55130 - "GET /api/v1/geo/observation-batches?sort=CREATED_DESC&page=1&page_size=20 HTTP/1.1" 200 OK
INFO:     127.0.0.1:55085 - "GET /api/v1/geo/observation-batches/2f17c05a-4fb1-41c4-a506-4dc0a877234c HTTP/1.1" 200 OK
INFO:     127.0.0.1:55130 - "GET /api/v1/geo/observation-runs/9fe11940-e262-4518-880e-56d83ee38f08/manual-entry HTTP/1.1" 200 OK
INFO:     127.0.0.1:55130 - "POST /api/v1/files/upload-intents HTTP/1.1" 201 Created
INFO:     127.0.0.1:55132 - "OPTIONS /api/v1/files/cf9d01cf-d86c-4208-aa6b-2af0c7da3a20/content HTTP/1.1" 200 OK
INFO:     127.0.0.1:55130 - "PUT /api/v1/files/cf9d01cf-d86c-4208-aa6b-2af0c7da3a20/content HTTP/1.1" 204 No Content
INFO:     127.0.0.1:55132 - "OPTIONS /api/v1/files/cf9d01cf-d86c-4208-aa6b-2af0c7da3a20/complete HTTP/1.1" 200 OK
INFO:     127.0.0.1:55130 - "POST /api/v1/files/cf9d01cf-d86c-4208-aa6b-2af0c7da3a20/complete HTTP/1.1" 200 OK
INFO:     127.0.0.1:54990 - "GET /api/v1/files/cf9d01cf-d86c-4208-aa6b-2af0c7da3a20 HTTP/1.1" 200 OK
INFO:     127.0.0.1:55132 - "OPTIONS /api/v1/geo/observation-runs/9fe11940-e262-4518-880e-56d83ee38f08/manual-draft HTTP/1.1" 200 OK
INFO:     127.0.0.1:55130 - "PUT /api/v1/geo/observation-runs/9fe11940-e262-4518-880e-56d83ee38f08/manual-draft HTTP/1.1" 200 OK
INFO:     127.0.0.1:55132 - "OPTIONS /api/v1/geo/observation-runs/9fe11940-e262-4518-880e-56d83ee38f08/manual-submit HTTP/1.1" 200 OK
INFO:     127.0.0.1:55130 - "POST /api/v1/geo/observation-runs/9fe11940-e262-4518-880e-56d83ee38f08/manual-submit HTTP/1.1" 201 Created
INFO:     127.0.0.1:55085 - "GET /api/v1/geo/observation-batches/2f17c05a-4fb1-41c4-a506-4dc0a877234c HTTP/1.1" 200 OK
INFO:     127.0.0.1:55130 - "GET /api/v1/geo/observation-batches?sort=CREATED_DESC&page=1&page_size=20 HTTP/1.1" 200 OK
INFO:     127.0.0.1:54990 - "GET /api/v1/geo/observation-runs/9fe11940-e262-4518-880e-56d83ee38f08 HTTP/1.1" 200 OK
INFO:     127.0.0.1:55138 - "GET /api/v1/geo/observation-runs/9fe11940-e262-4518-880e-56d83ee38f08 HTTP/1.1" 200 OK
INFO:     127.0.0.1:54990 - "GET /api/v1/geo/observation-runs/9fe11940-e262-4518-880e-56d83ee38f08 HTTP/1.1" 200 OK
INFO:     127.0.0.1:54990 - "GET /api/v1/geo/observation-runs/9fe11940-e262-4518-880e-56d83ee38f08 HTTP/1.1" 200 OK
INFO:     127.0.0.1:54990 - "GET /api/v1/geo/observation-runs/9fe11940-e262-4518-880e-56d83ee38f08 HTTP/1.1" 200 OK
INFO:     127.0.0.1:54990 - "GET /api/v1/geo/observation-runs/9fe11940-e262-4518-880e-56d83ee38f08 HTTP/1.1" 200 OK
INFO:     127.0.0.1:54990 - "GET /api/v1/geo/observation-runs/9fe11940-e262-4518-880e-56d83ee38f08 HTTP/1.1" 200 OK
INFO:     127.0.0.1:54990 - "GET /api/v1/geo/observation-runs/9fe11940-e262-4518-880e-56d83ee38f08 HTTP/1.1" 200 OK
INFO:     127.0.0.1:54990 - "GET /api/v1/geo/observation-runs/9fe11940-e262-4518-880e-56d83ee38f08 HTTP/1.1" 200 OK
INFO:     127.0.0.1:54990 - "GET /api/v1/geo/observation-runs/9fe11940-e262-4518-880e-56d83ee38f08 HTTP/1.1" 200 OK
INFO:     127.0.0.1:55138 - "GET /api/v1/auth/session HTTP/1.1" 200 OK
INFO:     127.0.0.1:55138 - "GET /api/v1/geo/observation-batches?sort=CREATED_DESC&page=1&page_size=20 HTTP/1.1" 200 OK
INFO:     127.0.0.1:55138 - "GET /api/v1/geo/observation-runs/187977c3-3629-46aa-99a1-5c8f45db38dc/manual-entry HTTP/1.1" 200 OK
INFO:     127.0.0.1:55130 - "GET /api/v1/geo/observation-batches/2f17c05a-4fb1-41c4-a506-4dc0a877234c HTTP/1.1" 200 OK
INFO:     127.0.0.1:55130 - "POST /api/v1/files/upload-intents HTTP/1.1" 201 Created
INFO:     127.0.0.1:55132 - "OPTIONS /api/v1/files/cc26d39c-bec7-4223-b8d1-54126508a6ec/content HTTP/1.1" 200 OK
INFO:     127.0.0.1:55130 - "PUT /api/v1/files/cc26d39c-bec7-4223-b8d1-54126508a6ec/content HTTP/1.1" 204 No Content
INFO:     127.0.0.1:55132 - "OPTIONS /api/v1/files/cc26d39c-bec7-4223-b8d1-54126508a6ec/complete HTTP/1.1" 200 OK
INFO:     127.0.0.1:55130 - "POST /api/v1/files/cc26d39c-bec7-4223-b8d1-54126508a6ec/complete HTTP/1.1" 200 OK
INFO:     127.0.0.1:54990 - "GET /api/v1/files/cc26d39c-bec7-4223-b8d1-54126508a6ec HTTP/1.1" 200 OK
INFO:     127.0.0.1:55132 - "OPTIONS /api/v1/geo/observation-runs/187977c3-3629-46aa-99a1-5c8f45db38dc/manual-draft HTTP/1.1" 200 OK
INFO:     127.0.0.1:55130 - "PUT /api/v1/geo/observation-runs/187977c3-3629-46aa-99a1-5c8f45db38dc/manual-draft HTTP/1.1" 200 OK
INFO:     127.0.0.1:55132 - "OPTIONS /api/v1/geo/observation-runs/187977c3-3629-46aa-99a1-5c8f45db38dc/manual-submit HTTP/1.1" 200 OK
INFO:     127.0.0.1:55130 - "POST /api/v1/geo/observation-runs/187977c3-3629-46aa-99a1-5c8f45db38dc/manual-submit HTTP/1.1" 201 Created
INFO:     127.0.0.1:55138 - "GET /api/v1/geo/observation-batches/2f17c05a-4fb1-41c4-a506-4dc0a877234c HTTP/1.1" 200 OK
INFO:     127.0.0.1:55130 - "GET /api/v1/geo/observation-batches?sort=CREATED_DESC&page=1&page_size=20 HTTP/1.1" 200 OK
INFO:     127.0.0.1:55085 - "GET /api/v1/geo/observation-runs/187977c3-3629-46aa-99a1-5c8f45db38dc HTTP/1.1" 200 OK
INFO:     127.0.0.1:54990 - "GET /api/v1/geo/observation-runs/187977c3-3629-46aa-99a1-5c8f45db38dc HTTP/1.1" 200 OK
INFO:     127.0.0.1:54990 - "GET /api/v1/geo/observation-runs/187977c3-3629-46aa-99a1-5c8f45db38dc HTTP/1.1" 200 OK
INFO:     127.0.0.1:54990 - "GET /api/v1/geo/observation-runs/187977c3-3629-46aa-99a1-5c8f45db38dc HTTP/1.1" 200 OK
INFO:     127.0.0.1:54990 - "GET /api/v1/geo/observation-runs/187977c3-3629-46aa-99a1-5c8f45db38dc HTTP/1.1" 200 OK
INFO:     127.0.0.1:54990 - "GET /api/v1/geo/observation-runs/187977c3-3629-46aa-99a1-5c8f45db38dc HTTP/1.1" 200 OK
INFO:     127.0.0.1:54990 - "GET /api/v1/geo/observation-runs/187977c3-3629-46aa-99a1-5c8f45db38dc HTTP/1.1" 200 OK
INFO:     127.0.0.1:54990 - "GET /api/v1/geo/observation-runs/187977c3-3629-46aa-99a1-5c8f45db38dc HTTP/1.1" 200 OK
INFO:     127.0.0.1:54990 - "GET /api/v1/geo/observation-runs/187977c3-3629-46aa-99a1-5c8f45db38dc HTTP/1.1" 200 OK
INFO:     127.0.0.1:54990 - "GET /api/v1/geo/observation-runs/187977c3-3629-46aa-99a1-5c8f45db38dc HTTP/1.1" 200 OK
INFO:     127.0.0.1:55085 - "GET /api/v1/auth/session HTTP/1.1" 200 OK
INFO:     127.0.0.1:55085 - "GET /api/v1/geo/observation-batches?sort=CREATED_DESC&page=1&page_size=20 HTTP/1.1" 200 OK
INFO:     127.0.0.1:55130 - "GET /api/v1/geo/observation-runs/91ef3bc2-17a9-498f-b743-ecc127b7eb6e/manual-entry HTTP/1.1" 200 OK
INFO:     127.0.0.1:55138 - "GET /api/v1/geo/observation-batches/2f17c05a-4fb1-41c4-a506-4dc0a877234c HTTP/1.1" 200 OK
INFO:     127.0.0.1:55138 - "POST /api/v1/files/upload-intents HTTP/1.1" 201 Created
INFO:     127.0.0.1:55132 - "OPTIONS /api/v1/files/25840042-c38b-4744-82d0-743913eff071/content HTTP/1.1" 200 OK
INFO:     127.0.0.1:55138 - "PUT /api/v1/files/25840042-c38b-4744-82d0-743913eff071/content HTTP/1.1" 204 No Content
INFO:     127.0.0.1:55132 - "OPTIONS /api/v1/files/25840042-c38b-4744-82d0-743913eff071/complete HTTP/1.1" 200 OK
INFO:     127.0.0.1:55138 - "POST /api/v1/files/25840042-c38b-4744-82d0-743913eff071/complete HTTP/1.1" 200 OK
INFO:     127.0.0.1:54990 - "GET /api/v1/files/25840042-c38b-4744-82d0-743913eff071 HTTP/1.1" 200 OK
INFO:     127.0.0.1:55132 - "OPTIONS /api/v1/geo/observation-runs/91ef3bc2-17a9-498f-b743-ecc127b7eb6e/manual-draft HTTP/1.1" 200 OK
INFO:     127.0.0.1:55138 - "PUT /api/v1/geo/observation-runs/91ef3bc2-17a9-498f-b743-ecc127b7eb6e/manual-draft HTTP/1.1" 200 OK
INFO:     127.0.0.1:55132 - "OPTIONS /api/v1/geo/observation-runs/91ef3bc2-17a9-498f-b743-ecc127b7eb6e/manual-submit HTTP/1.1" 200 OK
INFO:     127.0.0.1:55138 - "POST /api/v1/geo/observation-runs/91ef3bc2-17a9-498f-b743-ecc127b7eb6e/manual-submit HTTP/1.1" 201 Created
INFO:     127.0.0.1:55130 - "GET /api/v1/geo/observation-batches/2f17c05a-4fb1-41c4-a506-4dc0a877234c HTTP/1.1" 200 OK
INFO:     127.0.0.1:55138 - "GET /api/v1/geo/observation-batches?sort=CREATED_DESC&page=1&page_size=20 HTTP/1.1" 200 OK
INFO:     127.0.0.1:54990 - "GET /api/v1/geo/observation-runs/91ef3bc2-17a9-498f-b743-ecc127b7eb6e HTTP/1.1" 200 OK
INFO:     127.0.0.1:55085 - "GET /api/v1/geo/observation-runs/91ef3bc2-17a9-498f-b743-ecc127b7eb6e HTTP/1.1" 200 OK
INFO:     127.0.0.1:54990 - "GET /api/v1/geo/observation-runs/91ef3bc2-17a9-498f-b743-ecc127b7eb6e HTTP/1.1" 200 OK
INFO:     127.0.0.1:54990 - "GET /api/v1/geo/observation-runs/91ef3bc2-17a9-498f-b743-ecc127b7eb6e HTTP/1.1" 200 OK
INFO:     127.0.0.1:54990 - "GET /api/v1/geo/observation-runs/91ef3bc2-17a9-498f-b743-ecc127b7eb6e HTTP/1.1" 200 OK
INFO:     127.0.0.1:54990 - "GET /api/v1/geo/observation-runs/91ef3bc2-17a9-498f-b743-ecc127b7eb6e HTTP/1.1" 200 OK
INFO:     127.0.0.1:54990 - "GET /api/v1/geo/observation-runs/91ef3bc2-17a9-498f-b743-ecc127b7eb6e HTTP/1.1" 200 OK
INFO:     127.0.0.1:54990 - "GET /api/v1/geo/observation-runs/91ef3bc2-17a9-498f-b743-ecc127b7eb6e HTTP/1.1" 200 OK
INFO:     127.0.0.1:54990 - "GET /api/v1/geo/observation-runs/91ef3bc2-17a9-498f-b743-ecc127b7eb6e HTTP/1.1" 200 OK
INFO:     127.0.0.1:54990 - "GET /api/v1/geo/observation-runs/91ef3bc2-17a9-498f-b743-ecc127b7eb6e HTTP/1.1" 200 OK
INFO:     127.0.0.1:54990 - "GET /api/v1/geo/observation-batches/2f17c05a-4fb1-41c4-a506-4dc0a877234c HTTP/1.1" 200 OK
INFO:     127.0.0.1:54990 - "GET /api/v1/geo/opportunities/a7248c97-285b-4bee-8cba-11bdd85f49f8/comparison?retest_batch_id=2f17c05a-4fb1-41c4-a506-4dc0a877234c HTTP/1.1" 200 OK
INFO:     127.0.0.1:55085 - "GET /api/v1/auth/session HTTP/1.1" 200 OK
INFO:     127.0.0.1:55085 - "GET /api/v1/geo/opportunities?page=1&page_size=20&sort=PRIORITY_DESC HTTP/1.1" 200 OK
INFO:     127.0.0.1:55138 - "GET /api/v1/geo/opportunities/a7248c97-285b-4bee-8cba-11bdd85f49f8?source_page=1&source_page_size=20 HTTP/1.1" 200 OK
INFO:     127.0.0.1:55130 - "GET /api/v1/geo/opportunities/a7248c97-285b-4bee-8cba-11bdd85f49f8/comparison?retest_batch_id=2f17c05a-4fb1-41c4-a506-4dc0a877234c HTTP/1.1" 200 OK
INFO:     127.0.0.1:55132 - "OPTIONS /api/v1/geo/opportunities/a7248c97-285b-4bee-8cba-11bdd85f49f8/resolve HTTP/1.1" 200 OK
INFO:     127.0.0.1:55130 - "POST /api/v1/geo/opportunities/a7248c97-285b-4bee-8cba-11bdd85f49f8/resolve HTTP/1.1" 200 OK
INFO:     127.0.0.1:55130 - "GET /api/v1/geo/opportunities?page=1&page_size=20&sort=PRIORITY_DESC HTTP/1.1" 200 OK
INFO:     127.0.0.1:55138 - "GET /api/v1/geo/opportunities/a7248c97-285b-4bee-8cba-11bdd85f49f8?source_page=1&source_page_size=20 HTTP/1.1" 200 OK
INFO:     127.0.0.1:55085 - "GET /api/v1/geo/opportunities/a7248c97-285b-4bee-8cba-11bdd85f49f8/comparison?retest_batch_id=2f17c05a-4fb1-41c4-a506-4dc0a877234c HTTP/1.1" 200 OK
INFO:     127.0.0.1:55085 - "GET /api/v1/auth/session HTTP/1.1" 200 OK
INFO:     127.0.0.1:55085 - "GET /api/v1/geo/opportunities?page=1&page_size=20&sort=PRIORITY_DESC HTTP/1.1" 200 OK
INFO:     127.0.0.1:55138 - "GET /api/v1/geo/opportunities/a7248c97-285b-4bee-8cba-11bdd85f49f8?source_page=1&source_page_size=20 HTTP/1.1" 200 OK
INFO:     127.0.0.1:55130 - "GET /api/v1/geo/opportunities/a7248c97-285b-4bee-8cba-11bdd85f49f8/comparison?retest_batch_id=2f17c05a-4fb1-41c4-a506-4dc0a877234c HTTP/1.1" 200 OK
INFO:     127.0.0.1:54990 - "GET /api/v1/geo/opportunities/a7248c97-285b-4bee-8cba-11bdd85f49f8 HTTP/1.1" 200 OK
INFO:     127.0.0.1:54990 - "GET /api/v1/geo/opportunities/a7248c97-285b-4bee-8cba-11bdd85f49f8/comparison?retest_batch_id=2f17c05a-4fb1-41c4-a506-4dc0a877234c HTTP/1.1" 200 OK
INFO:     127.0.0.1:54990 - "GET /api/v1/geo/observation-runs/2189795b-417f-4e8c-a43c-8cf160efd7c8 HTTP/1.1" 200 OK
INFO:     127.0.0.1:54990 - "GET /api/v1/geo/observation-runs/0bcb5cfb-fd4d-49bc-9fd5-fe5da9fa8f45 HTTP/1.1" 200 OK
INFO:     127.0.0.1:54990 - "GET /api/v1/geo/observation-runs/31fbbc08-e14b-432c-9e4e-4a2a8e8210e1 HTTP/1.1" 200 OK
INFO:     127.0.0.1:54990 - "GET /api/v1/geo/observation-runs/b8a7d0f6-72ee-44e6-9842-0939c62eeb1b HTTP/1.1" 200 OK
INFO:     127.0.0.1:54990 - "GET /api/v1/geo/observation-runs/8478d236-9f3e-4299-8a58-5d8a8a617fe2 HTTP/1.1" 200 OK
INFO:     127.0.0.1:54990 - "GET /api/v1/geo/observation-runs/b4564783-aeb4-4b7b-9feb-865291ef17ec HTTP/1.1" 200 OK
INFO:     127.0.0.1:54990 - "GET /api/v1/geo/observation-runs/24f020cf-dcbf-4ae3-a6b6-61f59c69648a HTTP/1.1" 200 OK
INFO:     127.0.0.1:54990 - "GET /api/v1/geo/observation-runs/9fe11940-e262-4518-880e-56d83ee38f08 HTTP/1.1" 200 OK
INFO:     127.0.0.1:54990 - "GET /api/v1/geo/observation-runs/187977c3-3629-46aa-99a1-5c8f45db38dc HTTP/1.1" 200 OK
INFO:     127.0.0.1:54990 - "GET /api/v1/geo/observation-runs/91ef3bc2-17a9-498f-b743-ecc127b7eb6e HTTP/1.1" 200 OK
INFO:     127.0.0.1:54990 - "GET /api/v1/fact-versions/396ab1f5-39b1-4f48-abb3-2e9c00c0ba9e HTTP/1.1" 200 OK
INFO:     127.0.0.1:54990 - "GET /api/v1/audit-logs?target_type=GeoOpportunity&target_id=a7248c97-285b-4bee-8cba-11bdd85f49f8&page_size=50 HTTP/1.1" 200 OK
INFO:     127.0.0.1:54990 - "GET /api/v1/audit-logs/4b561428-922f-487c-9f9e-d3214ed1c453 HTTP/1.1" 200 OK
INFO:     127.0.0.1:55130 - "GET /api/v1/auth/session HTTP/1.1" 200 OK
INFO:     127.0.0.1:55130 - "GET /api/v1/audit-logs?page=1&page_size=20&created_from=2026-10-03T02%3A20%3A29.439Z&created_to=2026-10-06T02%3A20%3A29.439Z&action=geo_opportunity.opened&target_type=GeoOpportunity&target_id=a7248c97-285b-4bee-8cba-11bdd85f49f8 HTTP/1.1" 200 OK
INFO:     127.0.0.1:55138 - "GET /api/v1/audit-logs/filter-options HTTP/1.1" 200 OK
INFO:     127.0.0.1:55130 - "GET /api/v1/audit-logs/4b561428-922f-487c-9f9e-d3214ed1c453 HTTP/1.1" 200 OK
INFO:     127.0.0.1:54990 - "GET /api/v1/audit-logs/f059a7a8-da61-4aa8-be26-fd960373bd10 HTTP/1.1" 200 OK
INFO:     127.0.0.1:55130 - "GET /api/v1/auth/session HTTP/1.1" 200 OK
INFO:     127.0.0.1:55130 - "GET /api/v1/audit-logs?page=1&page_size=20&created_from=2026-10-03T02%3A20%3A30.039Z&created_to=2026-10-06T02%3A20%3A30.039Z&action=geo_opportunity.acknowledged&target_type=GeoOpportunity&target_id=a7248c97-285b-4bee-8cba-11bdd85f49f8 HTTP/1.1" 200 OK
INFO:     127.0.0.1:55138 - "GET /api/v1/audit-logs/filter-options HTTP/1.1" 200 OK
INFO:     127.0.0.1:55085 - "GET /api/v1/audit-logs/f059a7a8-da61-4aa8-be26-fd960373bd10 HTTP/1.1" 200 OK
INFO:     127.0.0.1:54990 - "GET /api/v1/audit-logs/8f0caae4-c760-4f2e-b614-4e260163ced5 HTTP/1.1" 200 OK
INFO:     127.0.0.1:55085 - "GET /api/v1/auth/session HTTP/1.1" 200 OK
INFO:     127.0.0.1:55085 - "GET /api/v1/audit-logs?page=1&page_size=20&created_from=2026-10-03T02%3A20%3A30.638Z&created_to=2026-10-06T02%3A20%3A30.638Z&action=geo_opportunity.action_linked&target_type=GeoOpportunity&target_id=a7248c97-285b-4bee-8cba-11bdd85f49f8 HTTP/1.1" 200 OK
INFO:     127.0.0.1:55138 - "GET /api/v1/audit-logs/filter-options HTTP/1.1" 200 OK
INFO:     127.0.0.1:55130 - "GET /api/v1/audit-logs/8f0caae4-c760-4f2e-b614-4e260163ced5 HTTP/1.1" 200 OK
INFO:     127.0.0.1:54990 - "GET /api/v1/audit-logs/e384d6dd-2379-4d56-aa89-c93966a73695 HTTP/1.1" 200 OK
INFO:     127.0.0.1:55130 - "GET /api/v1/auth/session HTTP/1.1" 200 OK
INFO:     127.0.0.1:55130 - "GET /api/v1/audit-logs?page=1&page_size=20&created_from=2026-10-03T02%3A20%3A31.236Z&created_to=2026-10-06T02%3A20%3A31.236Z&action=geo.retest.created&target_type=GeoOpportunity&target_id=a7248c97-285b-4bee-8cba-11bdd85f49f8 HTTP/1.1" 200 OK
INFO:     127.0.0.1:55138 - "GET /api/v1/audit-logs/filter-options HTTP/1.1" 200 OK
INFO:     127.0.0.1:55085 - "GET /api/v1/audit-logs/e384d6dd-2379-4d56-aa89-c93966a73695 HTTP/1.1" 200 OK
INFO:     127.0.0.1:54990 - "GET /api/v1/audit-logs/6772feec-1912-426d-8033-c40cfd092b01 HTTP/1.1" 200 OK
INFO:     127.0.0.1:55085 - "GET /api/v1/auth/session HTTP/1.1" 200 OK
INFO:     127.0.0.1:55138 - "GET /api/v1/audit-logs/filter-options HTTP/1.1" 200 OK
INFO:     127.0.0.1:55085 - "GET /api/v1/audit-logs?page=1&page_size=20&created_from=2026-10-03T02%3A20%3A31.836Z&created_to=2026-10-06T02%3A20%3A31.836Z&action=geo_opportunity.resolved&target_type=GeoOpportunity&target_id=a7248c97-285b-4bee-8cba-11bdd85f49f8 HTTP/1.1" 200 OK
INFO:     127.0.0.1:55138 - "GET /api/v1/audit-logs/6772feec-1912-426d-8033-c40cfd092b01 HTTP/1.1" 200 OK
  ✓  24 [foundation-desktop] › tests/e2e/geo-loop-real-stack.spec.ts:24:1 › 五次覆盖缺口 → 确认与内容发布 → 五次严格复测恢复 → 人工显式解决 → 历史与审计保留 (1.1m)
INFO:     127.0.0.1:54990 - "POST /api/v1/auth/login HTTP/1.1" 200 OK
INFO:     127.0.0.1:54990 - "POST /api/v1/products HTTP/1.1" 201 Created
INFO:     127.0.0.1:54990 - "GET /api/v1/products/98df5be5-5fd8-4fea-8c7a-d69320b904fa/facts HTTP/1.1" 200 OK
INFO:     127.0.0.1:54990 - "PUT /api/v1/products/98df5be5-5fd8-4fea-8c7a-d69320b904fa/facts HTTP/1.1" 200 OK
INFO:     127.0.0.1:54990 - "POST /api/v1/products/98df5be5-5fd8-4fea-8c7a-d69320b904fa/fact-review-submissions HTTP/1.1" 201 Created
INFO:     127.0.0.1:54990 - "POST /api/v1/fact-versions/89759a86-9059-4865-a9e1-150af0a4da3c/approve HTTP/1.1" 200 OK
INFO:     127.0.0.1:54990 - "POST /api/v1/geo/subjects HTTP/1.1" 201 Created
INFO:     127.0.0.1:54990 - "POST /api/v1/geo/engine-surfaces HTTP/1.1" 201 Created
INFO:     127.0.0.1:54990 - "POST /api/v1/geo/engine-surfaces/12d43a35-aa64-41d7-897a-b4341916295f/enable HTTP/1.1" 200 OK
INFO:     127.0.0.1:54990 - "POST /api/v1/geo/collection-profiles HTTP/1.1" 201 Created
INFO:     127.0.0.1:54990 - "POST /api/v1/geo/collection-profiles/f2b600e7-2cb8-46a8-8474-4f8d72195c62/enable HTTP/1.1" 200 OK
INFO:     127.0.0.1:54990 - "POST /api/v1/query-topics HTTP/1.1" 201 Created
INFO:     127.0.0.1:54990 - "POST /api/v1/geo/query-topics/f4743220-fe91-4d6b-bb06-017e1d5b9626/prompt-variants HTTP/1.1" 201 Created
INFO:     127.0.0.1:54990 - "POST /api/v1/geo/monitoring-plans HTTP/1.1" 201 Created
INFO:     127.0.0.1:55196 - "GET /api/v1/auth/session HTTP/1.1" 200 OK
INFO:     127.0.0.1:55196 - "GET /api/v1/geo/observation-batches?sort=CREATED_DESC&page=1&page_size=20 HTTP/1.1" 200 OK
INFO:     127.0.0.1:55196 - "GET /api/v1/geo/monitoring-plans?page=1&page_size=20&sort=UPDATED_DESC HTTP/1.1" 200 OK
INFO:     127.0.0.1:55196 - "GET /api/v1/geo/monitoring-plans?q=GEO508%20%E5%A4%8D%E6%A0%B8%205f68404d&page=1&page_size=20&sort=UPDATED_DESC HTTP/1.1" 200 OK
INFO:     127.0.0.1:55203 - "OPTIONS /api/v1/geo/monitoring-plans/dc21a0be-a006-4071-b5d8-df3381d16b65/run HTTP/1.1" 200 OK
INFO:     127.0.0.1:55196 - "POST /api/v1/geo/monitoring-plans/dc21a0be-a006-4071-b5d8-df3381d16b65/run HTTP/1.1" 201 Created
INFO:     127.0.0.1:55196 - "GET /api/v1/geo/observation-batches?sort=CREATED_DESC&page=1&page_size=20 HTTP/1.1" 200 OK
INFO:     127.0.0.1:55205 - "GET /api/v1/geo/observation-runs?sort=CREATED_DESC&page=1&page_size=20&batch_id=273f565a-9b56-4cc2-ac93-c5270c28f438&latest_only=true HTTP/1.1" 200 OK
INFO:     127.0.0.1:55196 - "GET /api/v1/geo/observation-batches/273f565a-9b56-4cc2-ac93-c5270c28f438 HTTP/1.1" 200 OK
INFO:     127.0.0.1:55196 - "GET /api/v1/geo/observation-runs/4ef9444f-dd00-4adc-9b70-235bbcf0b640 HTTP/1.1" 200 OK
INFO:     127.0.0.1:55196 - "GET /api/v1/geo/observation-runs/4ef9444f-dd00-4adc-9b70-235bbcf0b640/manual-entry HTTP/1.1" 200 OK
INFO:     127.0.0.1:55203 - "OPTIONS /api/v1/files/upload-intents HTTP/1.1" 200 OK
INFO:     127.0.0.1:55196 - "POST /api/v1/files/upload-intents HTTP/1.1" 201 Created
INFO:     127.0.0.1:55203 - "OPTIONS /api/v1/files/426b34b1-ec04-4575-a672-8adf9d039a19/content HTTP/1.1" 200 OK
INFO:     127.0.0.1:55196 - "PUT /api/v1/files/426b34b1-ec04-4575-a672-8adf9d039a19/content HTTP/1.1" 204 No Content
INFO:     127.0.0.1:55203 - "OPTIONS /api/v1/files/426b34b1-ec04-4575-a672-8adf9d039a19/complete HTTP/1.1" 200 OK
INFO:     127.0.0.1:55196 - "POST /api/v1/files/426b34b1-ec04-4575-a672-8adf9d039a19/complete HTTP/1.1" 200 OK
INFO:     127.0.0.1:55203 - "OPTIONS /api/v1/geo/observation-runs/4ef9444f-dd00-4adc-9b70-235bbcf0b640/manual-draft HTTP/1.1" 200 OK
INFO:     127.0.0.1:55196 - "PUT /api/v1/geo/observation-runs/4ef9444f-dd00-4adc-9b70-235bbcf0b640/manual-draft HTTP/1.1" 200 OK
INFO:     127.0.0.1:55203 - "OPTIONS /api/v1/geo/observation-runs/4ef9444f-dd00-4adc-9b70-235bbcf0b640/manual-submit HTTP/1.1" 200 OK
INFO:     127.0.0.1:55196 - "POST /api/v1/geo/observation-runs/4ef9444f-dd00-4adc-9b70-235bbcf0b640/manual-submit HTTP/1.1" 201 Created
INFO:     127.0.0.1:55196 - "GET /api/v1/geo/observation-runs?sort=CREATED_DESC&page=1&page_size=20&batch_id=273f565a-9b56-4cc2-ac93-c5270c28f438&latest_only=true HTTP/1.1" 200 OK
INFO:     127.0.0.1:55205 - "GET /api/v1/geo/observation-batches/273f565a-9b56-4cc2-ac93-c5270c28f438 HTTP/1.1" 200 OK
INFO:     127.0.0.1:54990 - "GET /api/v1/geo/observation-runs/4ef9444f-dd00-4adc-9b70-235bbcf0b640 HTTP/1.1" 200 OK
INFO:     127.0.0.1:55211 - "GET /api/v1/geo/observation-runs/4ef9444f-dd00-4adc-9b70-235bbcf0b640 HTTP/1.1" 200 OK
INFO:     127.0.0.1:54990 - "GET /api/v1/geo/observation-runs/4ef9444f-dd00-4adc-9b70-235bbcf0b640 HTTP/1.1" 200 OK
INFO:     127.0.0.1:54990 - "GET /api/v1/geo/observation-runs/4ef9444f-dd00-4adc-9b70-235bbcf0b640 HTTP/1.1" 200 OK
INFO:     127.0.0.1:54990 - "GET /api/v1/geo/observation-runs/4ef9444f-dd00-4adc-9b70-235bbcf0b640 HTTP/1.1" 200 OK
INFO:     127.0.0.1:54990 - "GET /api/v1/geo/observation-runs/4ef9444f-dd00-4adc-9b70-235bbcf0b640 HTTP/1.1" 200 OK
INFO:     127.0.0.1:54990 - "GET /api/v1/geo/observation-runs/4ef9444f-dd00-4adc-9b70-235bbcf0b640 HTTP/1.1" 200 OK
INFO:     127.0.0.1:54990 - "GET /api/v1/geo/observation-runs/4ef9444f-dd00-4adc-9b70-235bbcf0b640 HTTP/1.1" 200 OK
INFO:     127.0.0.1:55228 - "GET /api/v1/geo/observation-batches/273f565a-9b56-4cc2-ac93-c5270c28f438 HTTP/1.1" 200 OK
INFO:     127.0.0.1:55211 - "GET /api/v1/geo/observation-runs?sort=CREATED_DESC&page=1&page_size=20&batch_id=273f565a-9b56-4cc2-ac93-c5270c28f438&latest_only=true HTTP/1.1" 200 OK
INFO:     127.0.0.1:55228 - "GET /api/v1/geo/observation-runs/4ef9444f-dd00-4adc-9b70-235bbcf0b640 HTTP/1.1" 200 OK
INFO:     127.0.0.1:54990 - "GET /api/v1/geo/observation-runs/4ef9444f-dd00-4adc-9b70-235bbcf0b640 HTTP/1.1" 200 OK
INFO:     127.0.0.1:55230 - "OPTIONS /api/v1/geo/observation-runs/4ef9444f-dd00-4adc-9b70-235bbcf0b640/review HTTP/1.1" 200 OK
INFO:     127.0.0.1:55228 - "POST /api/v1/geo/observation-runs/4ef9444f-dd00-4adc-9b70-235bbcf0b640/review HTTP/1.1" 201 Created
INFO:     127.0.0.1:55231 - "GET /api/v1/geo/observation-batches/273f565a-9b56-4cc2-ac93-c5270c28f438 HTTP/1.1" 200 OK
INFO:     127.0.0.1:55228 - "GET /api/v1/geo/observation-runs?sort=CREATED_DESC&page=1&page_size=20&batch_id=273f565a-9b56-4cc2-ac93-c5270c28f438&latest_only=true HTTP/1.1" 200 OK
INFO:     127.0.0.1:55211 - "GET /api/v1/geo/observation-runs/4ef9444f-dd00-4adc-9b70-235bbcf0b640 HTTP/1.1" 200 OK
INFO:     127.0.0.1:54990 - "GET /api/v1/geo/observation-runs/4ef9444f-dd00-4adc-9b70-235bbcf0b640 HTTP/1.1" 200 OK
INFO:     127.0.0.1:54990 - "GET /api/v1/geo/observation-runs/4ef9444f-dd00-4adc-9b70-235bbcf0b640 HTTP/1.1" 200 OK
INFO:     127.0.0.1:55211 - "POST /api/v1/geo/observation-runs/4ef9444f-dd00-4adc-9b70-235bbcf0b640/review HTTP/1.1" 201 Created
INFO:     127.0.0.1:55231 - "GET /api/v1/geo/observation-batches/273f565a-9b56-4cc2-ac93-c5270c28f438 HTTP/1.1" 200 OK
INFO:     127.0.0.1:55211 - "GET /api/v1/geo/observation-runs?sort=CREATED_DESC&page=1&page_size=20&batch_id=273f565a-9b56-4cc2-ac93-c5270c28f438&latest_only=true HTTP/1.1" 200 OK
INFO:     127.0.0.1:55228 - "GET /api/v1/geo/observation-runs/4ef9444f-dd00-4adc-9b70-235bbcf0b640 HTTP/1.1" 200 OK
INFO:     127.0.0.1:54990 - "GET /api/v1/geo/observation-runs/4ef9444f-dd00-4adc-9b70-235bbcf0b640 HTTP/1.1" 200 OK
INFO:     127.0.0.1:54990 - "GET /api/v1/geo/observation-runs/4ef9444f-dd00-4adc-9b70-235bbcf0b640 HTTP/1.1" 200 OK
INFO:     127.0.0.1:55228 - "GET /api/v1/auth/session HTTP/1.1" 200 OK
INFO:     127.0.0.1:55228 - "GET /api/v1/geo/observation-runs?sort=CREATED_DESC&page=1&page_size=20&batch_id=273f565a-9b56-4cc2-ac93-c5270c28f438&latest_only=true HTTP/1.1" 200 OK
INFO:     127.0.0.1:55228 - "GET /api/v1/geo/observation-batches/273f565a-9b56-4cc2-ac93-c5270c28f438 HTTP/1.1" 200 OK
INFO:     127.0.0.1:55211 - "GET /api/v1/geo/observation-runs/4ef9444f-dd00-4adc-9b70-235bbcf0b640 HTTP/1.1" 200 OK
  ✓  25 [foundation-desktop] › tests/e2e/geo-review-real-stack.spec.ts:20:1 › 严重声明禁止默认确认；人工确认与修正追加且原文、机器结果和历史可追溯 (7.7s)
INFO:     127.0.0.1:54990 - "POST /api/v1/auth/login HTTP/1.1" 200 OK
INFO:     127.0.0.1:54990 - "POST /api/v1/products HTTP/1.1" 201 Created
INFO:     127.0.0.1:54990 - "GET /api/v1/products/2467fab6-db9a-483f-bdac-b373593959e6/facts HTTP/1.1" 200 OK
INFO:     127.0.0.1:54990 - "PUT /api/v1/products/2467fab6-db9a-483f-bdac-b373593959e6/facts HTTP/1.1" 200 OK
INFO:     127.0.0.1:54990 - "POST /api/v1/products/2467fab6-db9a-483f-bdac-b373593959e6/fact-review-submissions HTTP/1.1" 201 Created
INFO:     127.0.0.1:54990 - "POST /api/v1/fact-versions/c5778c01-7d3a-4f4b-b0e6-b8cd2771be55/approve HTTP/1.1" 200 OK
INFO:     127.0.0.1:54990 - "POST /api/v1/geo/subjects HTTP/1.1" 201 Created
INFO:     127.0.0.1:54990 - "POST /api/v1/geo/engine-surfaces HTTP/1.1" 201 Created
INFO:     127.0.0.1:54990 - "POST /api/v1/geo/engine-surfaces/1e4c74a5-3a96-4a84-986c-72cf725b06ff/enable HTTP/1.1" 200 OK
INFO:     127.0.0.1:54990 - "POST /api/v1/geo/collection-profiles HTTP/1.1" 201 Created
INFO:     127.0.0.1:54990 - "POST /api/v1/geo/collection-profiles/71004aab-7fc3-4cc7-a6e1-c68930a7b4f7/enable HTTP/1.1" 200 OK
INFO:     127.0.0.1:54990 - "POST /api/v1/query-topics HTTP/1.1" 201 Created
INFO:     127.0.0.1:54990 - "POST /api/v1/geo/query-topics/b385124b-be87-439b-9f9d-b41d5d40ef9f/prompt-variants HTTP/1.1" 201 Created
INFO:     127.0.0.1:54990 - "POST /api/v1/geo/monitoring-plans HTTP/1.1" 201 Created
INFO:     127.0.0.1:54990 - "POST /api/v1/geo/monitoring-plans/2a4fdacb-23a5-4348-a774-ed3c2fedb701/run HTTP/1.1" 201 Created
INFO:     127.0.0.1:54990 - "GET /api/v1/geo/observation-runs?batch_id=45188fae-8aee-451c-84eb-8c692d3277c2 HTTP/1.1" 200 OK
INFO:     127.0.0.1:54990 - "GET /api/v1/geo/observation-runs/06d3005a-b0b1-4d38-a00d-d29cff851f99/manual-entry HTTP/1.1" 200 OK
INFO:     127.0.0.1:54990 - "POST /api/v1/files/upload-intents HTTP/1.1" 201 Created
INFO:     127.0.0.1:54990 - "PUT /api/v1/files/848e8fba-ec85-4bb3-870d-9073aafb8d2c/content HTTP/1.1" 204 No Content
INFO:     127.0.0.1:54990 - "POST /api/v1/files/848e8fba-ec85-4bb3-870d-9073aafb8d2c/complete HTTP/1.1" 200 OK
INFO:     127.0.0.1:54990 - "POST /api/v1/geo/observation-runs/06d3005a-b0b1-4d38-a00d-d29cff851f99/manual-submit HTTP/1.1" 201 Created
INFO:     127.0.0.1:54990 - "GET /api/v1/geo/observation-runs/06d3005a-b0b1-4d38-a00d-d29cff851f99 HTTP/1.1" 200 OK
INFO:     127.0.0.1:54990 - "GET /api/v1/geo/observation-runs/06d3005a-b0b1-4d38-a00d-d29cff851f99 HTTP/1.1" 200 OK
INFO:     127.0.0.1:54990 - "GET /api/v1/geo/observation-runs/06d3005a-b0b1-4d38-a00d-d29cff851f99 HTTP/1.1" 200 OK
INFO:     127.0.0.1:54990 - "GET /api/v1/geo/observation-runs/06d3005a-b0b1-4d38-a00d-d29cff851f99 HTTP/1.1" 200 OK
INFO:     127.0.0.1:54990 - "GET /api/v1/geo/observation-runs/06d3005a-b0b1-4d38-a00d-d29cff851f99 HTTP/1.1" 200 OK
INFO:     127.0.0.1:54990 - "GET /api/v1/geo/observation-runs/06d3005a-b0b1-4d38-a00d-d29cff851f99 HTTP/1.1" 200 OK
INFO:     127.0.0.1:54990 - "GET /api/v1/geo/observation-runs/06d3005a-b0b1-4d38-a00d-d29cff851f99 HTTP/1.1" 200 OK
INFO:     127.0.0.1:54990 - "POST /api/v1/geo/observation-runs/06d3005a-b0b1-4d38-a00d-d29cff851f99/review HTTP/1.1" 201 Created
INFO:     127.0.0.1:55258 - "GET /api/v1/auth/session HTTP/1.1" 200 OK
INFO:     127.0.0.1:55258 - "GET /api/v1/geo/overview?date_from=2026-10-05T02%3A20%3A43.489Z&date_to=2026-10-06T02%3A21%3A43.489Z&subject_ids=b920ba28-70ba-4ff5-a1e8-a711c5a74c82&product_ids=2467fab6-db9a-483f-bdac-b373593959e6&query_topic_ids=b385124b-be87-439b-9f9d-b41d5d40ef9f&prompt_variant_ids=bffe440a-3d70-434e-848d-aef99c5a2198&engine_surface_ids=1e4c74a5-3a96-4a84-986c-72cf725b06ff&collection_profile_ids=71004aab-7fc3-4cc7-a6e1-c68930a7b4f7&collection_modes=MANUAL&login_states=ANONYMOUS&intent_types=PRODUCT&language_codes=zh-cn&region_codes=CN&mention_mode=BRANDED&review_policy=REVIEWED_ONLY HTTP/1.1" 200 OK
INFO:     127.0.0.1:55258 - "GET /api/v1/geo/insights?date_from=2026-10-05T02%3A20%3A43.489Z&date_to=2026-10-06T02%3A21%3A43.489Z&subject_ids=b920ba28-70ba-4ff5-a1e8-a711c5a74c82&product_ids=2467fab6-db9a-483f-bdac-b373593959e6&query_topic_ids=b385124b-be87-439b-9f9d-b41d5d40ef9f&prompt_variant_ids=bffe440a-3d70-434e-848d-aef99c5a2198&engine_surface_ids=1e4c74a5-3a96-4a84-986c-72cf725b06ff&collection_profile_ids=71004aab-7fc3-4cc7-a6e1-c68930a7b4f7&collection_modes=MANUAL&login_states=ANONYMOUS&intent_types=PRODUCT&language_codes=zh-cn&region_codes=CN&mention_mode=BRANDED&review_policy=REVIEWED_ONLY HTTP/1.1" 200 OK
INFO:     127.0.0.1:55258 - "GET /api/v1/geo/insights/runs?date_from=2026-10-05T02%3A20%3A43.489Z&date_to=2026-10-06T02%3A21%3A43.489Z&subject_ids=b920ba28-70ba-4ff5-a1e8-a711c5a74c82&product_ids=2467fab6-db9a-483f-bdac-b373593959e6&query_topic_ids=b385124b-be87-439b-9f9d-b41d5d40ef9f&prompt_variant_ids=bffe440a-3d70-434e-848d-aef99c5a2198&engine_surface_ids=1e4c74a5-3a96-4a84-986c-72cf725b06ff&collection_profile_ids=71004aab-7fc3-4cc7-a6e1-c68930a7b4f7&collection_modes=MANUAL&login_states=ANONYMOUS&intent_types=PRODUCT&language_codes=zh-cn&region_codes=CN&mention_mode=BRANDED&review_policy=REVIEWED_ONLY&page=1&page_size=20&metric_code=accurate_claim_rate&cell_key=f90e59ee7b06616d26e93e3cac74645553a05674531eeb5fabb8fa4c66e90a31&cohort=DENOMINATOR&period=CURRENT HTTP/1.1" 200 OK
INFO:     127.0.0.1:55258 - "GET /api/v1/auth/session HTTP/1.1" 200 OK
INFO:     127.0.0.1:55258 - "GET /api/v1/geo/insights?date_from=2026-10-05T02%3A20%3A43.489Z&date_to=2026-10-06T02%3A21%3A43.489Z&subject_ids=b920ba28-70ba-4ff5-a1e8-a711c5a74c82&product_ids=2467fab6-db9a-483f-bdac-b373593959e6&query_topic_ids=b385124b-be87-439b-9f9d-b41d5d40ef9f&prompt_variant_ids=bffe440a-3d70-434e-848d-aef99c5a2198&engine_surface_ids=1e4c74a5-3a96-4a84-986c-72cf725b06ff&collection_profile_ids=71004aab-7fc3-4cc7-a6e1-c68930a7b4f7&collection_modes=MANUAL&login_states=ANONYMOUS&intent_types=PRODUCT&language_codes=zh-cn&region_codes=CN&mention_mode=BRANDED&review_policy=REVIEWED_ONLY HTTP/1.1" 200 OK
INFO:     127.0.0.1:55259 - "GET /api/v1/geo/insights/runs?date_from=2026-10-05T02%3A20%3A43.489Z&date_to=2026-10-06T02%3A21%3A43.489Z&subject_ids=b920ba28-70ba-4ff5-a1e8-a711c5a74c82&product_ids=2467fab6-db9a-483f-bdac-b373593959e6&query_topic_ids=b385124b-be87-439b-9f9d-b41d5d40ef9f&prompt_variant_ids=bffe440a-3d70-434e-848d-aef99c5a2198&engine_surface_ids=1e4c74a5-3a96-4a84-986c-72cf725b06ff&collection_profile_ids=71004aab-7fc3-4cc7-a6e1-c68930a7b4f7&collection_modes=MANUAL&login_states=ANONYMOUS&intent_types=PRODUCT&language_codes=zh-cn&region_codes=CN&mention_mode=BRANDED&review_policy=REVIEWED_ONLY&page=1&page_size=20&metric_code=accurate_claim_rate&cell_key=f90e59ee7b06616d26e93e3cac74645553a05674531eeb5fabb8fa4c66e90a31&cohort=DENOMINATOR&period=CURRENT HTTP/1.1" 200 OK
INFO:     127.0.0.1:55259 - "GET /api/v1/geo/insights/runs?date_from=2026-10-05T02%3A20%3A43.489Z&date_to=2026-10-06T02%3A21%3A43.489Z&subject_ids=b920ba28-70ba-4ff5-a1e8-a711c5a74c82&product_ids=2467fab6-db9a-483f-bdac-b373593959e6&query_topic_ids=b385124b-be87-439b-9f9d-b41d5d40ef9f&prompt_variant_ids=bffe440a-3d70-434e-848d-aef99c5a2198&engine_surface_ids=1e4c74a5-3a96-4a84-986c-72cf725b06ff&collection_profile_ids=71004aab-7fc3-4cc7-a6e1-c68930a7b4f7&collection_modes=MANUAL&login_states=ANONYMOUS&intent_types=PRODUCT&language_codes=zh-cn&region_codes=CN&mention_mode=BRANDED&review_policy=REVIEWED_ONLY&page=1&page_size=20&metric_code=accurate_claim_rate&cell_key=f90e59ee7b06616d26e93e3cac74645553a05674531eeb5fabb8fa4c66e90a31&cohort=DENOMINATOR&period=CURRENT HTTP/1.1" 200 OK
INFO:     127.0.0.1:55259 - "GET /api/v1/geo/insights/runs?date_from=2026-10-05T02%3A20%3A43.489Z&date_to=2026-10-06T02%3A21%3A43.489Z&subject_ids=b920ba28-70ba-4ff5-a1e8-a711c5a74c82&product_ids=2467fab6-db9a-483f-bdac-b373593959e6&query_topic_ids=b385124b-be87-439b-9f9d-b41d5d40ef9f&prompt_variant_ids=bffe440a-3d70-434e-848d-aef99c5a2198&engine_surface_ids=1e4c74a5-3a96-4a84-986c-72cf725b06ff&collection_profile_ids=71004aab-7fc3-4cc7-a6e1-c68930a7b4f7&collection_modes=MANUAL&login_states=ANONYMOUS&intent_types=PRODUCT&language_codes=zh-cn&region_codes=CN&mention_mode=BRANDED&review_policy=REVIEWED_ONLY&page=1&page_size=20&metric_code=accurate_claim_rate&cell_key=f90e59ee7b06616d26e93e3cac74645553a05674531eeb5fabb8fa4c66e90a31&cohort=DENOMINATOR&period=CURRENT HTTP/1.1" 200 OK
INFO:     127.0.0.1:55259 - "GET /api/v1/geo/insights/claims?date_from=2026-10-05T02%3A20%3A43.489Z&date_to=2026-10-06T02%3A21%3A43.489Z&subject_ids=b920ba28-70ba-4ff5-a1e8-a711c5a74c82&product_ids=2467fab6-db9a-483f-bdac-b373593959e6&query_topic_ids=b385124b-be87-439b-9f9d-b41d5d40ef9f&prompt_variant_ids=bffe440a-3d70-434e-848d-aef99c5a2198&engine_surface_ids=1e4c74a5-3a96-4a84-986c-72cf725b06ff&collection_profile_ids=71004aab-7fc3-4cc7-a6e1-c68930a7b4f7&collection_modes=MANUAL&login_states=ANONYMOUS&intent_types=PRODUCT&language_codes=zh-cn&region_codes=CN&mention_mode=BRANDED&review_policy=REVIEWED_ONLY&page=1&page_size=20&cell_key=f90e59ee7b06616d26e93e3cac74645553a05674531eeb5fabb8fa4c66e90a31 HTTP/1.1" 200 OK
INFO:     127.0.0.1:55259 - "GET /api/v1/geo/insights/citations?date_from=2026-10-05T02%3A20%3A43.489Z&date_to=2026-10-06T02%3A21%3A43.489Z&subject_ids=b920ba28-70ba-4ff5-a1e8-a711c5a74c82&product_ids=2467fab6-db9a-483f-bdac-b373593959e6&query_topic_ids=b385124b-be87-439b-9f9d-b41d5d40ef9f&prompt_variant_ids=bffe440a-3d70-434e-848d-aef99c5a2198&engine_surface_ids=1e4c74a5-3a96-4a84-986c-72cf725b06ff&collection_profile_ids=71004aab-7fc3-4cc7-a6e1-c68930a7b4f7&collection_modes=MANUAL&login_states=ANONYMOUS&intent_types=PRODUCT&language_codes=zh-cn&region_codes=CN&mention_mode=BRANDED&review_policy=REVIEWED_ONLY&page=1&page_size=20&cell_key=f90e59ee7b06616d26e93e3cac74645553a05674531eeb5fabb8fa4c66e90a31 HTTP/1.1" 200 OK
INFO:     127.0.0.1:55259 - "GET /api/v1/geo/insights?date_from=2026-10-05T02%3A20%3A43.489Z&date_to=2026-10-06T02%3A21%3A43.489Z&subject_ids=9ed13aff-d057-406a-89ac-399f8be4a6b0&product_ids=2467fab6-db9a-483f-bdac-b373593959e6&query_topic_ids=b385124b-be87-439b-9f9d-b41d5d40ef9f&prompt_variant_ids=bffe440a-3d70-434e-848d-aef99c5a2198&engine_surface_ids=1e4c74a5-3a96-4a84-986c-72cf725b06ff&collection_profile_ids=71004aab-7fc3-4cc7-a6e1-c68930a7b4f7&collection_modes=MANUAL&login_states=ANONYMOUS&intent_types=PRODUCT&language_codes=zh-cn&region_codes=CN&mention_mode=BRANDED&review_policy=REVIEWED_ONLY HTTP/1.1" 200 OK
INFO:     127.0.0.1:55259 - "GET /api/v1/geo-insights?date_from=2026-09-07&date_to=2026-10-06 HTTP/1.1" 200 OK
  ✓  26 [foundation-desktop] › tests/e2e/insights-real-stack.spec.ts:16:1 › 全筛选、真实汇总与明细、URL恢复、表格替代和键盘焦点 (6.5s)
INFO:     127.0.0.1:54990 - "POST /api/v1/auth/login HTTP/1.1" 200 OK
INFO:     127.0.0.1:54990 - "POST /api/v1/products HTTP/1.1" 201 Created
INFO:     127.0.0.1:54990 - "GET /api/v1/products/c8028b12-2b4b-4451-88ff-399dd088dad5/facts HTTP/1.1" 200 OK
INFO:     127.0.0.1:54990 - "PUT /api/v1/products/c8028b12-2b4b-4451-88ff-399dd088dad5/facts HTTP/1.1" 200 OK
INFO:     127.0.0.1:54990 - "POST /api/v1/products/c8028b12-2b4b-4451-88ff-399dd088dad5/fact-review-submissions HTTP/1.1" 201 Created
INFO:     127.0.0.1:54990 - "POST /api/v1/fact-versions/9cb61e30-c72c-4056-8b2b-8d8964d12f8e/approve HTTP/1.1" 200 OK
INFO:     127.0.0.1:54990 - "POST /api/v1/geo/subjects HTTP/1.1" 201 Created
INFO:     127.0.0.1:54990 - "POST /api/v1/geo/engine-surfaces HTTP/1.1" 201 Created
INFO:     127.0.0.1:54990 - "POST /api/v1/geo/engine-surfaces/ed387a3f-2a74-47b8-9715-73ce9971f15c/enable HTTP/1.1" 200 OK
INFO:     127.0.0.1:54990 - "POST /api/v1/geo/collection-profiles HTTP/1.1" 201 Created
INFO:     127.0.0.1:54990 - "POST /api/v1/geo/collection-profiles/06bfe802-7396-461c-940c-6d66d69c818e/enable HTTP/1.1" 200 OK
INFO:     127.0.0.1:54990 - "POST /api/v1/query-topics HTTP/1.1" 201 Created
INFO:     127.0.0.1:54990 - "POST /api/v1/geo/query-topics/91785e86-cfb7-461c-b306-89ca41da6f28/prompt-variants HTTP/1.1" 201 Created
INFO:     127.0.0.1:54990 - "POST /api/v1/geo/monitoring-plans HTTP/1.1" 201 Created
INFO:     127.0.0.1:54990 - "POST /api/v1/geo/monitoring-plans/d4a8056b-11c2-43f8-9ef8-1f75bbe6b2b3/run HTTP/1.1" 201 Created
INFO:     127.0.0.1:54990 - "GET /api/v1/geo/observation-runs?batch_id=e541d9e9-eec6-4aa2-9913-41f2d1c6350e HTTP/1.1" 200 OK
INFO:     127.0.0.1:54990 - "GET /api/v1/geo/observation-runs/c4a63feb-c663-4d3f-85c3-0ba4a3cf5443/manual-entry HTTP/1.1" 200 OK
INFO:     127.0.0.1:54990 - "POST /api/v1/files/upload-intents HTTP/1.1" 201 Created
INFO:     127.0.0.1:54990 - "PUT /api/v1/files/4294c64a-9e2a-450f-863f-3d2d8714ea3d/content HTTP/1.1" 204 No Content
INFO:     127.0.0.1:54990 - "POST /api/v1/files/4294c64a-9e2a-450f-863f-3d2d8714ea3d/complete HTTP/1.1" 200 OK
INFO:     127.0.0.1:54990 - "POST /api/v1/geo/observation-runs/c4a63feb-c663-4d3f-85c3-0ba4a3cf5443/manual-submit HTTP/1.1" 201 Created
INFO:     127.0.0.1:54990 - "GET /api/v1/geo/observation-runs/c4a63feb-c663-4d3f-85c3-0ba4a3cf5443 HTTP/1.1" 200 OK
INFO:     127.0.0.1:54990 - "GET /api/v1/geo/observation-runs/c4a63feb-c663-4d3f-85c3-0ba4a3cf5443 HTTP/1.1" 200 OK
INFO:     127.0.0.1:54990 - "GET /api/v1/geo/observation-runs/c4a63feb-c663-4d3f-85c3-0ba4a3cf5443 HTTP/1.1" 200 OK
INFO:     127.0.0.1:54990 - "GET /api/v1/geo/observation-runs/c4a63feb-c663-4d3f-85c3-0ba4a3cf5443 HTTP/1.1" 200 OK
INFO:     127.0.0.1:54990 - "GET /api/v1/geo/observation-runs/c4a63feb-c663-4d3f-85c3-0ba4a3cf5443 HTTP/1.1" 200 OK
INFO:     127.0.0.1:54990 - "POST /api/v1/geo/observation-runs/c4a63feb-c663-4d3f-85c3-0ba4a3cf5443/review HTTP/1.1" 201 Created
INFO:     127.0.0.1:54990 - "GET /api/v1/geo/opportunities/0d5d1ebc-6c9a-4058-b805-f947b15c2c82 HTTP/1.1" 200 OK
INFO:     127.0.0.1:54990 - "POST /api/v1/geo/observation-runs/c4a63feb-c663-4d3f-85c3-0ba4a3cf5443/review HTTP/1.1" 201 Created
INFO:     127.0.0.1:55287 - "GET /api/v1/auth/session HTTP/1.1" 200 OK
INFO:     127.0.0.1:55287 - "GET /api/v1/geo/opportunities?q=GEOR4-09b78db6&priority=HIGH&rule_code=CRITICAL_FACT_ERROR&subject_id=306de4e0-abef-4e1c-ba4d-24cfd2787535&product_id=c8028b12-2b4b-4451-88ff-399dd088dad5&query_topic_id=91785e86-cfb7-461c-b306-89ca41da6f28&prompt_variant_id=e6ec2242-8c95-43ee-8ea8-c33523591989&collection_profile_id=06bfe802-7396-461c-940c-6d66d69c818e&engine_surface_id=ed387a3f-2a74-47b8-9715-73ce9971f15c&collection_mode=MANUAL&created_from=2026-10-06T02%3A19%3A48.401Z&created_to=2026-10-06T02%3A21%3A48.401Z&page=1&page_size=10&sort=CREATED_DESC HTTP/1.1" 200 OK
INFO:     127.0.0.1:55288 - "GET /api/v1/geo/opportunities/0d5d1ebc-6c9a-4058-b805-f947b15c2c82/comparison HTTP/1.1" 200 OK
INFO:     127.0.0.1:55287 - "GET /api/v1/geo/opportunities/0d5d1ebc-6c9a-4058-b805-f947b15c2c82?source_page=1&source_page_size=20 HTTP/1.1" 200 OK
INFO:     127.0.0.1:55292 - "OPTIONS /api/v1/geo/opportunities/0d5d1ebc-6c9a-4058-b805-f947b15c2c82/acknowledge HTTP/1.1" 200 OK
INFO:     127.0.0.1:55287 - "POST /api/v1/geo/opportunities/0d5d1ebc-6c9a-4058-b805-f947b15c2c82/acknowledge HTTP/1.1" 200 OK
INFO:     127.0.0.1:55293 - "GET /api/v1/geo/opportunities/0d5d1ebc-6c9a-4058-b805-f947b15c2c82/comparison HTTP/1.1" 200 OK
INFO:     127.0.0.1:55287 - "GET /api/v1/geo/opportunities?q=GEOR4-09b78db6&priority=HIGH&rule_code=CRITICAL_FACT_ERROR&subject_id=306de4e0-abef-4e1c-ba4d-24cfd2787535&product_id=c8028b12-2b4b-4451-88ff-399dd088dad5&query_topic_id=91785e86-cfb7-461c-b306-89ca41da6f28&prompt_variant_id=e6ec2242-8c95-43ee-8ea8-c33523591989&collection_profile_id=06bfe802-7396-461c-940c-6d66d69c818e&engine_surface_id=ed387a3f-2a74-47b8-9715-73ce9971f15c&collection_mode=MANUAL&created_from=2026-10-06T02%3A19%3A48.401Z&created_to=2026-10-06T02%3A21%3A48.401Z&page=1&page_size=10&sort=CREATED_DESC HTTP/1.1" 200 OK
INFO:     127.0.0.1:55288 - "GET /api/v1/geo/opportunities/0d5d1ebc-6c9a-4058-b805-f947b15c2c82?source_page=1&source_page_size=20 HTTP/1.1" 200 OK
INFO:     127.0.0.1:54990 - "POST /api/v1/geo/opportunities/0d5d1ebc-6c9a-4058-b805-f947b15c2c82/actions/fact-revision HTTP/1.1" 200 OK
INFO:     127.0.0.1:55288 - "GET /api/v1/auth/session HTTP/1.1" 200 OK
INFO:     127.0.0.1:55293 - "GET /api/v1/geo/opportunities/0d5d1ebc-6c9a-4058-b805-f947b15c2c82/comparison HTTP/1.1" 200 OK
INFO:     127.0.0.1:55288 - "GET /api/v1/geo/opportunities?q=GEOR4-09b78db6&priority=HIGH&rule_code=CRITICAL_FACT_ERROR&subject_id=306de4e0-abef-4e1c-ba4d-24cfd2787535&product_id=c8028b12-2b4b-4451-88ff-399dd088dad5&query_topic_id=91785e86-cfb7-461c-b306-89ca41da6f28&prompt_variant_id=e6ec2242-8c95-43ee-8ea8-c33523591989&collection_profile_id=06bfe802-7396-461c-940c-6d66d69c818e&engine_surface_id=ed387a3f-2a74-47b8-9715-73ce9971f15c&collection_mode=MANUAL&created_from=2026-10-06T02%3A19%3A48.401Z&created_to=2026-10-06T02%3A21%3A48.401Z&page=1&page_size=10&sort=CREATED_DESC HTTP/1.1" 200 OK
INFO:     127.0.0.1:55287 - "GET /api/v1/geo/opportunities/0d5d1ebc-6c9a-4058-b805-f947b15c2c82?source_page=1&source_page_size=20 HTTP/1.1" 200 OK
INFO:     127.0.0.1:55287 - "GET /api/v1/auth/session HTTP/1.1" 200 OK
INFO:     127.0.0.1:55287 - "GET /api/v1/products/c8028b12-2b4b-4451-88ff-399dd088dad5/facts HTTP/1.1" 200 OK
INFO:     127.0.0.1:55287 - "GET /api/v1/auth/session HTTP/1.1" 200 OK
INFO:     127.0.0.1:55293 - "GET /api/v1/geo/opportunities/0d5d1ebc-6c9a-4058-b805-f947b15c2c82/comparison HTTP/1.1" 200 OK
INFO:     127.0.0.1:55287 - "GET /api/v1/geo/opportunities?q=GEOR4-09b78db6&priority=HIGH&rule_code=CRITICAL_FACT_ERROR&subject_id=306de4e0-abef-4e1c-ba4d-24cfd2787535&product_id=c8028b12-2b4b-4451-88ff-399dd088dad5&query_topic_id=91785e86-cfb7-461c-b306-89ca41da6f28&prompt_variant_id=e6ec2242-8c95-43ee-8ea8-c33523591989&collection_profile_id=06bfe802-7396-461c-940c-6d66d69c818e&engine_surface_id=ed387a3f-2a74-47b8-9715-73ce9971f15c&collection_mode=MANUAL&created_from=2026-10-06T02%3A19%3A48.401Z&created_to=2026-10-06T02%3A21%3A48.401Z&page=1&page_size=10&sort=CREATED_DESC HTTP/1.1" 200 OK
INFO:     127.0.0.1:55288 - "GET /api/v1/geo/opportunities/0d5d1ebc-6c9a-4058-b805-f947b15c2c82?source_page=1&source_page_size=20 HTTP/1.1" 200 OK
INFO:     127.0.0.1:55292 - "OPTIONS /api/v1/geo/opportunities/0d5d1ebc-6c9a-4058-b805-f947b15c2c82/dismiss HTTP/1.1" 200 OK
INFO:     127.0.0.1:55288 - "POST /api/v1/geo/opportunities/0d5d1ebc-6c9a-4058-b805-f947b15c2c82/dismiss HTTP/1.1" 200 OK
INFO:     127.0.0.1:55296 - "GET /api/v1/auth/session HTTP/1.1" 200 OK
INFO:     127.0.0.1:55298 - "GET /api/v1/geo/opportunities/0d5d1ebc-6c9a-4058-b805-f947b15c2c82/comparison HTTP/1.1" 200 OK
INFO:     127.0.0.1:55296 - "GET /api/v1/geo/opportunities?q=GEOR4-09b78db6&priority=HIGH&rule_code=CRITICAL_FACT_ERROR&subject_id=306de4e0-abef-4e1c-ba4d-24cfd2787535&product_id=c8028b12-2b4b-4451-88ff-399dd088dad5&query_topic_id=91785e86-cfb7-461c-b306-89ca41da6f28&prompt_variant_id=e6ec2242-8c95-43ee-8ea8-c33523591989&collection_profile_id=06bfe802-7396-461c-940c-6d66d69c818e&engine_surface_id=ed387a3f-2a74-47b8-9715-73ce9971f15c&collection_mode=MANUAL&created_from=2026-10-06T02%3A19%3A48.401Z&created_to=2026-10-06T02%3A21%3A48.401Z&page=1&page_size=10&sort=CREATED_DESC HTTP/1.1" 200 OK
INFO:     127.0.0.1:55297 - "GET /api/v1/geo/opportunities/0d5d1ebc-6c9a-4058-b805-f947b15c2c82?source_page=1&source_page_size=20 HTTP/1.1" 200 OK
INFO:     127.0.0.1:55296 - "GET /api/v1/geo/opportunities/0d5d1ebc-6c9a-4058-b805-f947b15c2c82/comparison HTTP/1.1" 200 OK
INFO:     127.0.0.1:55298 - "GET /api/v1/geo/opportunities/0d5d1ebc-6c9a-4058-b805-f947b15c2c82/comparison HTTP/1.1" 200 OK
INFO:     127.0.0.1:55296 - "GET /api/v1/geo/opportunities/0d5d1ebc-6c9a-4058-b805-f947b15c2c82?source_page=1&source_page_size=20 HTTP/1.1" 200 OK
INFO:     127.0.0.1:54990 - "GET /api/v1/geo/opportunities/0d5d1ebc-6c9a-4058-b805-f947b15c2c82 HTTP/1.1" 200 OK
  ✓  27 [foundation-desktop] › tests/e2e/opportunities-real-stack.spec.ts:23:1 › 历史回答、事实、复核与签名证据 → 确认 → 忽略 → 刷新和 Back 恢复 (4.3s)
INFO:     127.0.0.1:54990 - "POST /api/v1/auth/login HTTP/1.1" 200 OK
INFO:     127.0.0.1:55306 - "GET /api/v1/auth/session HTTP/1.1" 200 OK
INFO:     127.0.0.1:55306 - "GET /api/v1/geo/subjects?page=1&page_size=20&sort=NAME_ASC HTTP/1.1" 200 OK
INFO:     127.0.0.1:55307 - "GET /api/v1/geo/subjects?page=1&page_size=10&sort=NAME_ASC&subject_type=OWN_BRAND HTTP/1.1" 200 OK
INFO:     127.0.0.1:55306 - "GET /api/v1/products?search=&page=1&page_size=10&sort=MODEL_ASC HTTP/1.1" 200 OK
INFO:     127.0.0.1:55308 - "OPTIONS /api/v1/geo/subjects HTTP/1.1" 200 OK
INFO:     127.0.0.1:55306 - "POST /api/v1/geo/subjects HTTP/1.1" 201 Created
INFO:     127.0.0.1:55306 - "GET /api/v1/geo/subjects?page=1&page_size=20&sort=NAME_ASC HTTP/1.1" 200 OK
INFO:     127.0.0.1:55307 - "GET /api/v1/geo/subjects/4e60dbae-b3ae-426f-9ad4-08feae526f7d HTTP/1.1" 200 OK
INFO:     127.0.0.1:55307 - "GET /api/v1/auth/session HTTP/1.1" 200 OK
INFO:     127.0.0.1:55307 - "GET /api/v1/geo/engine-surfaces?page=1&page_size=20&sort=NAME_ASC HTTP/1.1" 200 OK
INFO:     127.0.0.1:55308 - "OPTIONS /api/v1/geo/engine-surfaces HTTP/1.1" 200 OK
INFO:     127.0.0.1:55307 - "POST /api/v1/geo/engine-surfaces HTTP/1.1" 201 Created
INFO:     127.0.0.1:55307 - "GET /api/v1/geo/engine-surfaces?page=1&page_size=20&sort=NAME_ASC HTTP/1.1" 200 OK
INFO:     127.0.0.1:55306 - "GET /api/v1/geo/engine-surfaces/ef731edb-8177-43c6-8233-8360b87831e6 HTTP/1.1" 200 OK
INFO:     127.0.0.1:55308 - "OPTIONS /api/v1/geo/engine-surfaces/ef731edb-8177-43c6-8233-8360b87831e6/enable HTTP/1.1" 200 OK
INFO:     127.0.0.1:55306 - "POST /api/v1/geo/engine-surfaces/ef731edb-8177-43c6-8233-8360b87831e6/enable HTTP/1.1" 200 OK
INFO:     127.0.0.1:55306 - "GET /api/v1/geo/engine-surfaces?page=1&page_size=20&sort=NAME_ASC HTTP/1.1" 200 OK
INFO:     127.0.0.1:55306 - "GET /api/v1/geo/collection-profiles?page=1&page_size=20&sort=NAME_ASC&engine_surface_id=ef731edb-8177-43c6-8233-8360b87831e6 HTTP/1.1" 200 OK
INFO:     127.0.0.1:55308 - "OPTIONS /api/v1/geo/collection-profiles HTTP/1.1" 200 OK
INFO:     127.0.0.1:55306 - "POST /api/v1/geo/collection-profiles HTTP/1.1" 201 Created
INFO:     127.0.0.1:55306 - "GET /api/v1/geo/collection-profiles?page=1&page_size=20&sort=NAME_ASC&engine_surface_id=ef731edb-8177-43c6-8233-8360b87831e6 HTTP/1.1" 200 OK
INFO:     127.0.0.1:55307 - "GET /api/v1/geo/collection-profiles/a417c365-cce3-456c-82fe-fe22b13847cb HTTP/1.1" 200 OK
INFO:     127.0.0.1:55308 - "OPTIONS /api/v1/geo/collection-profiles/a417c365-cce3-456c-82fe-fe22b13847cb/enable HTTP/1.1" 200 OK
INFO:     127.0.0.1:55307 - "POST /api/v1/geo/collection-profiles/a417c365-cce3-456c-82fe-fe22b13847cb/enable HTTP/1.1" 200 OK
INFO:     127.0.0.1:55307 - "GET /api/v1/geo/collection-profiles?page=1&page_size=20&sort=NAME_ASC&engine_surface_id=ef731edb-8177-43c6-8233-8360b87831e6 HTTP/1.1" 200 OK
INFO:     127.0.0.1:54990 - "POST /api/v1/users HTTP/1.1" 201 Created
INFO:     127.0.0.1:54990 - "POST /api/v1/auth/login HTTP/1.1" 200 OK
INFO:     127.0.0.1:54990 - "POST /api/v1/auth/change-password HTTP/1.1" 204 No Content
INFO:     127.0.0.1:55324 - "GET /api/v1/auth/session HTTP/1.1" 200 OK
INFO:     127.0.0.1:55324 - "GET /api/v1/query-topics/list-items?sort=QUESTION_ASC&page=1&page_size=20 HTTP/1.1" 200 OK
INFO:     127.0.0.1:55325 - "OPTIONS /api/v1/query-topics HTTP/1.1" 200 OK
INFO:     127.0.0.1:55324 - "POST /api/v1/query-topics HTTP/1.1" 201 Created
INFO:     127.0.0.1:55324 - "GET /api/v1/query-topics/list-items?sort=QUESTION_ASC&page=1&page_size=20 HTTP/1.1" 200 OK
INFO:     127.0.0.1:55324 - "GET /api/v1/auth/session HTTP/1.1" 200 OK
INFO:     127.0.0.1:55324 - "GET /api/v1/geo/prompt-variants?page=1&page_size=20&sort=UPDATED_DESC HTTP/1.1" 200 OK
INFO:     127.0.0.1:55324 - "GET /api/v1/query-topics HTTP/1.1" 200 OK
INFO:     127.0.0.1:55325 - "OPTIONS /api/v1/geo/query-topics/288ac2e3-f0c4-4ed2-954c-14baf4e75fb8/prompt-variants HTTP/1.1" 200 OK
INFO:     127.0.0.1:55324 - "POST /api/v1/geo/query-topics/288ac2e3-f0c4-4ed2-954c-14baf4e75fb8/prompt-variants HTTP/1.1" 201 Created
INFO:     127.0.0.1:55324 - "GET /api/v1/geo/prompt-variants?page=1&page_size=20&sort=UPDATED_DESC HTTP/1.1" 200 OK
INFO:     127.0.0.1:55324 - "GET /api/v1/auth/session HTTP/1.1" 200 OK
INFO:     127.0.0.1:55324 - "GET /api/v1/geo/monitoring-plans?q=11658976&page=1&page_size=20&sort=UPDATED_DESC HTTP/1.1" 200 OK
INFO:     127.0.0.1:55324 - "GET /api/v1/geo/subjects?page=1&page_size=10&sort=NAME_ASC HTTP/1.1" 200 OK
INFO:     127.0.0.1:55324 - "GET /api/v1/geo/subjects?q=11658976&page=1&page_size=10&sort=NAME_ASC HTTP/1.1" 200 OK
INFO:     127.0.0.1:55324 - "GET /api/v1/geo/prompt-variants?q=11658976&page=1&page_size=10&sort=TEXT_ASC HTTP/1.1" 200 OK
INFO:     127.0.0.1:55324 - "GET /api/v1/geo/collection-profiles?q=11658976&page=1&page_size=10&sort=NAME_ASC HTTP/1.1" 200 OK
INFO:     127.0.0.1:55325 - "OPTIONS /api/v1/geo/monitoring-plans/preview HTTP/1.1" 200 OK
INFO:     127.0.0.1:55324 - "POST /api/v1/geo/monitoring-plans/preview HTTP/1.1" 200 OK
INFO:     127.0.0.1:55325 - "OPTIONS /api/v1/geo/monitoring-plans HTTP/1.1" 200 OK
INFO:     127.0.0.1:55324 - "POST /api/v1/geo/monitoring-plans HTTP/1.1" 201 Created
INFO:     127.0.0.1:55324 - "GET /api/v1/geo/monitoring-plans?q=11658976&page=1&page_size=20&sort=UPDATED_DESC HTTP/1.1" 200 OK
INFO:     127.0.0.1:55325 - "OPTIONS /api/v1/geo/monitoring-plans/04bdac99-5aa8-43aa-9b5c-e22f14eda4ef/activate HTTP/1.1" 200 OK
INFO:     127.0.0.1:55324 - "POST /api/v1/geo/monitoring-plans/04bdac99-5aa8-43aa-9b5c-e22f14eda4ef/activate HTTP/1.1" 200 OK
INFO:     127.0.0.1:55324 - "GET /api/v1/geo/monitoring-plans?q=11658976&page=1&page_size=20&sort=UPDATED_DESC HTTP/1.1" 200 OK
INFO:     127.0.0.1:55325 - "OPTIONS /api/v1/geo/monitoring-plans/04bdac99-5aa8-43aa-9b5c-e22f14eda4ef/pause HTTP/1.1" 200 OK
INFO:     127.0.0.1:55324 - "POST /api/v1/geo/monitoring-plans/04bdac99-5aa8-43aa-9b5c-e22f14eda4ef/pause HTTP/1.1" 200 OK
INFO:     127.0.0.1:55324 - "GET /api/v1/geo/monitoring-plans?q=11658976&page=1&page_size=20&sort=UPDATED_DESC HTTP/1.1" 200 OK
INFO:     127.0.0.1:55325 - "OPTIONS /api/v1/geo/monitoring-plans/04bdac99-5aa8-43aa-9b5c-e22f14eda4ef/resume HTTP/1.1" 200 OK
INFO:     127.0.0.1:55324 - "POST /api/v1/geo/monitoring-plans/04bdac99-5aa8-43aa-9b5c-e22f14eda4ef/resume HTTP/1.1" 200 OK
INFO:     127.0.0.1:55336 - "GET /api/v1/auth/session HTTP/1.1" 200 OK
INFO:     127.0.0.1:55337 - "GET /api/v1/geo/monitoring-plans/04bdac99-5aa8-43aa-9b5c-e22f14eda4ef HTTP/1.1" 200 OK
INFO:     127.0.0.1:55336 - "GET /api/v1/geo/monitoring-plans?q=11658976&page=1&page_size=20&sort=UPDATED_DESC HTTP/1.1" 200 OK
INFO:     127.0.0.1:55336 - "POST /api/v1/geo/monitoring-plans/preview HTTP/1.1" 200 OK
INFO:     127.0.0.1:55325 - "OPTIONS /api/v1/geo/monitoring-plans/04bdac99-5aa8-43aa-9b5c-e22f14eda4ef HTTP/1.1" 200 OK
INFO:     127.0.0.1:55336 - "PATCH /api/v1/geo/monitoring-plans/04bdac99-5aa8-43aa-9b5c-e22f14eda4ef HTTP/1.1" 200 OK
INFO:     127.0.0.1:55336 - "GET /api/v1/geo/monitoring-plans?q=11658976&page=1&page_size=20&sort=UPDATED_DESC HTTP/1.1" 200 OK
INFO:     127.0.0.1:55325 - "OPTIONS /api/v1/geo/monitoring-plans/04bdac99-5aa8-43aa-9b5c-e22f14eda4ef/copy HTTP/1.1" 200 OK
INFO:     127.0.0.1:55336 - "POST /api/v1/geo/monitoring-plans/04bdac99-5aa8-43aa-9b5c-e22f14eda4ef/copy HTTP/1.1" 201 Created
INFO:     127.0.0.1:55336 - "GET /api/v1/geo/monitoring-plans?q=11658976&page=1&page_size=20&sort=UPDATED_DESC HTTP/1.1" 200 OK
INFO:     127.0.0.1:55325 - "OPTIONS /api/v1/geo/monitoring-plans/24099a22-0665-4679-8c59-277a68752d49?expected_revision=0 HTTP/1.1" 200 OK
INFO:     127.0.0.1:55336 - "DELETE /api/v1/geo/monitoring-plans/24099a22-0665-4679-8c59-277a68752d49?expected_revision=0 HTTP/1.1" 204 No Content
INFO:     127.0.0.1:55337 - "GET /api/v1/auth/session HTTP/1.1" 200 OK
INFO:     127.0.0.1:55339 - "GET /api/v1/geo/monitoring-plans/04bdac99-5aa8-43aa-9b5c-e22f14eda4ef HTTP/1.1" 200 OK
INFO:     127.0.0.1:55337 - "GET /api/v1/geo/monitoring-plans?q=11658976&schedule_kind=CRON&page=1&page_size=20&sort=NAME_ASC HTTP/1.1" 200 OK
INFO:     127.0.0.1:55325 - "OPTIONS /api/v1/geo/monitoring-plans/04bdac99-5aa8-43aa-9b5c-e22f14eda4ef/archive HTTP/1.1" 200 OK
INFO:     127.0.0.1:55337 - "POST /api/v1/geo/monitoring-plans/04bdac99-5aa8-43aa-9b5c-e22f14eda4ef/archive HTTP/1.1" 200 OK
INFO:     127.0.0.1:55340 - "GET /api/v1/geo/monitoring-plans/04bdac99-5aa8-43aa-9b5c-e22f14eda4ef HTTP/1.1" 200 OK
INFO:     127.0.0.1:55339 - "GET /api/v1/auth/session HTTP/1.1" 200 OK
INFO:     127.0.0.1:55341 - "GET /api/v1/geo/monitoring-plans/04bdac99-5aa8-43aa-9b5c-e22f14eda4ef HTTP/1.1" 200 OK
INFO:     127.0.0.1:55339 - "GET /api/v1/geo/monitoring-plans?q=11658976&schedule_kind=CRON&page=1&page_size=20&sort=NAME_ASC HTTP/1.1" 200 OK
  ✓  28 [foundation-desktop] › tests/e2e/plans-real-stack.spec.ts:40:1 › 工程师八步创建、服务端预览、dirty、URL、启停修订复制归档与删除持久化 (10.5s)
INFO:     127.0.0.1:55340 - "POST /api/v1/auth/login HTTP/1.1" 200 OK
INFO:     127.0.0.1:55340 - "POST /api/v1/users HTTP/1.1" 201 Created
INFO:     127.0.0.1:55340 - "POST /api/v1/auth/login HTTP/1.1" 200 OK
INFO:     127.0.0.1:55340 - "POST /api/v1/auth/change-password HTTP/1.1" 204 No Content
INFO:     127.0.0.1:55348 - "GET /api/v1/auth/session HTTP/1.1" 200 OK
INFO:     127.0.0.1:55348 - "GET /api/v1/query-topics/list-items?sort=QUESTION_ASC&page=1&page_size=20 HTTP/1.1" 200 OK
INFO:     127.0.0.1:55349 - "OPTIONS /api/v1/query-topics HTTP/1.1" 200 OK
INFO:     127.0.0.1:55348 - "POST /api/v1/query-topics HTTP/1.1" 201 Created
INFO:     127.0.0.1:55350 - "GET /api/v1/auth/session HTTP/1.1" 200 OK
INFO:     127.0.0.1:55350 - "GET /api/v1/geo/prompt-variants?page=1&page_size=20&sort=UPDATED_DESC HTTP/1.1" 200 OK
INFO:     127.0.0.1:55350 - "GET /api/v1/query-topics HTTP/1.1" 200 OK
INFO:     127.0.0.1:55349 - "OPTIONS /api/v1/geo/query-topics/fc94c2eb-2dce-4e53-83d5-892118602511/prompt-variants HTTP/1.1" 200 OK
INFO:     127.0.0.1:55350 - "POST /api/v1/geo/query-topics/fc94c2eb-2dce-4e53-83d5-892118602511/prompt-variants HTTP/1.1" 201 Created
INFO:     127.0.0.1:55350 - "GET /api/v1/geo/prompt-variants?page=1&page_size=20&sort=UPDATED_DESC HTTP/1.1" 200 OK
INFO:     127.0.0.1:55350 - "GET /api/v1/geo/prompt-variants?q=88970821&query_topic_id=fc94c2eb-2dce-4e53-83d5-892118602511&page=1&page_size=20&sort=UPDATED_DESC HTTP/1.1" 200 OK
INFO:     127.0.0.1:55350 - "GET /api/v1/geo/prompt-variants?q=88970821&query_topic_id=fc94c2eb-2dce-4e53-83d5-892118602511&mention_mode=UNBRANDED&page=1&page_size=20&sort=UPDATED_DESC HTTP/1.1" 200 OK
INFO:     127.0.0.1:55350 - "GET /api/v1/geo/prompt-variants?q=88970821&query_topic_id=fc94c2eb-2dce-4e53-83d5-892118602511&mention_mode=UNBRANDED&priority=CORE&page=1&page_size=20&sort=UPDATED_DESC HTTP/1.1" 200 OK
INFO:     127.0.0.1:55359 - "GET /api/v1/auth/session HTTP/1.1" 200 OK
INFO:     127.0.0.1:55359 - "GET /api/v1/geo/prompt-variants?q=88970821&query_topic_id=fc94c2eb-2dce-4e53-83d5-892118602511&mention_mode=UNBRANDED&priority=CORE&is_active=true&page=1&page_size=20&sort=UPDATED_DESC HTTP/1.1" 200 OK
INFO:     127.0.0.1:55360 - "GET /api/v1/query-topics HTTP/1.1" 200 OK
INFO:     127.0.0.1:55360 - "GET /api/v1/geo/prompt-variants/ce831471-c419-44de-9fed-ea5c1c722d89 HTTP/1.1" 200 OK
INFO:     127.0.0.1:55349 - "OPTIONS /api/v1/geo/prompt-variants/ce831471-c419-44de-9fed-ea5c1c722d89 HTTP/1.1" 200 OK
INFO:     127.0.0.1:55360 - "PATCH /api/v1/geo/prompt-variants/ce831471-c419-44de-9fed-ea5c1c722d89 HTTP/1.1" 200 OK
INFO:     127.0.0.1:55360 - "GET /api/v1/geo/prompt-variants?q=88970821&query_topic_id=fc94c2eb-2dce-4e53-83d5-892118602511&mention_mode=UNBRANDED&priority=CORE&is_active=true&page=1&page_size=20&sort=UPDATED_DESC HTTP/1.1" 200 OK
INFO:     127.0.0.1:55349 - "OPTIONS /api/v1/geo/prompt-variants/ce831471-c419-44de-9fed-ea5c1c722d89/disable HTTP/1.1" 200 OK
INFO:     127.0.0.1:55360 - "POST /api/v1/geo/prompt-variants/ce831471-c419-44de-9fed-ea5c1c722d89/disable HTTP/1.1" 200 OK
INFO:     127.0.0.1:55360 - "GET /api/v1/geo/prompt-variants?q=88970821&query_topic_id=fc94c2eb-2dce-4e53-83d5-892118602511&mention_mode=UNBRANDED&priority=CORE&is_active=true&page=1&page_size=20&sort=UPDATED_DESC HTTP/1.1" 200 OK
INFO:     127.0.0.1:55349 - "OPTIONS /api/v1/geo/prompt-variants/ce831471-c419-44de-9fed-ea5c1c722d89/enable HTTP/1.1" 200 OK
INFO:     127.0.0.1:55360 - "POST /api/v1/geo/prompt-variants/ce831471-c419-44de-9fed-ea5c1c722d89/enable HTTP/1.1" 200 OK
INFO:     127.0.0.1:55359 - "GET /api/v1/auth/session HTTP/1.1" 200 OK
INFO:     127.0.0.1:55361 - "GET /api/v1/geo/prompt-variants/ce831471-c419-44de-9fed-ea5c1c722d89 HTTP/1.1" 200 OK
INFO:     127.0.0.1:55359 - "GET /api/v1/geo/prompt-variants?q=88970821&query_topic_id=fc94c2eb-2dce-4e53-83d5-892118602511&mention_mode=UNBRANDED&priority=CORE&is_active=true&page=1&page_size=20&sort=UPDATED_DESC HTTP/1.1" 200 OK
INFO:     127.0.0.1:55361 - "GET /api/v1/query-topics HTTP/1.1" 200 OK
INFO:     127.0.0.1:55361 - "POST /api/v1/geo/query-topics/fc94c2eb-2dce-4e53-83d5-892118602511/prompt-variants HTTP/1.1" 409 Conflict
INFO:     127.0.0.1:55361 - "POST /api/v1/geo/query-topics/fc94c2eb-2dce-4e53-83d5-892118602511/prompt-variants HTTP/1.1" 201 Created
INFO:     127.0.0.1:55361 - "GET /api/v1/geo/prompt-variants?q=88970821&query_topic_id=fc94c2eb-2dce-4e53-83d5-892118602511&mention_mode=UNBRANDED&priority=CORE&is_active=true&page=1&page_size=20&sort=UPDATED_DESC HTTP/1.1" 200 OK
INFO:     127.0.0.1:55349 - "OPTIONS /api/v1/geo/prompt-variants/88efeeea-3bf0-4195-830c-fdd8b7efff99?expected_revision=0 HTTP/1.1" 200 OK
INFO:     127.0.0.1:55361 - "DELETE /api/v1/geo/prompt-variants/88efeeea-3bf0-4195-830c-fdd8b7efff99?expected_revision=0 HTTP/1.1" 204 No Content
INFO:     127.0.0.1:55361 - "GET /api/v1/geo/prompt-variants?q=88970821&query_topic_id=fc94c2eb-2dce-4e53-83d5-892118602511&mention_mode=UNBRANDED&priority=CORE&is_active=true&page=1&page_size=20&sort=UPDATED_DESC HTTP/1.1" 200 OK
INFO:     127.0.0.1:55361 - "GET /api/v1/auth/session HTTP/1.1" 200 OK
INFO:     127.0.0.1:55359 - "GET /api/v1/geo/prompt-variants/ce831471-c419-44de-9fed-ea5c1c722d89 HTTP/1.1" 200 OK
INFO:     127.0.0.1:55361 - "GET /api/v1/geo/prompt-variants?q=88970821&page=1&page_size=20&sort=UPDATED_DESC HTTP/1.1" 200 OK
INFO:     127.0.0.1:55361 - "GET /api/v1/query-topics HTTP/1.1" 200 OK
INFO:     127.0.0.1:55349 - "OPTIONS /api/v1/geo/prompt-variants/ce831471-c419-44de-9fed-ea5c1c722d89?expected_revision=3 HTTP/1.1" 200 OK
INFO:     127.0.0.1:55361 - "DELETE /api/v1/geo/prompt-variants/ce831471-c419-44de-9fed-ea5c1c722d89?expected_revision=3 HTTP/1.1" 204 No Content
INFO:     127.0.0.1:55361 - "GET /api/v1/geo/prompt-variants?q=88970821&page=1&page_size=20&sort=UPDATED_DESC HTTP/1.1" 200 OK
INFO:     127.0.0.1:55361 - "GET /api/v1/auth/session HTTP/1.1" 200 OK
INFO:     127.0.0.1:55361 - "GET /api/v1/geo/prompt-variants?q=88970821&page=1&page_size=20&sort=UPDATED_DESC HTTP/1.1" 200 OK
INFO:     127.0.0.1:55361 - "GET /api/v1/query-topics HTTP/1.1" 200 OK
INFO:     127.0.0.1:55362 - "GET /api/v1/geo/prompt-variants?query_topic_id=fc94c2eb-2dce-4e53-83d5-892118602511 HTTP/1.1" 200 OK
  ✓  29 [foundation-desktop] › tests/e2e/questions-real-stack.spec.ts:31:1 › 工程师创建、筛选、编辑、启停、复制与删除；刷新持久化，运行入口不可用 (6.1s)
INFO:     127.0.0.1:55362 - "POST /api/v1/auth/login HTTP/1.1" 200 OK
INFO:     127.0.0.1:55362 - "POST /api/v1/products HTTP/1.1" 201 Created
INFO:     127.0.0.1:55362 - "GET /api/v1/products/8c1b5f15-7f2b-4b08-92cc-5b81e167292e/facts HTTP/1.1" 200 OK
INFO:     127.0.0.1:55362 - "PUT /api/v1/products/8c1b5f15-7f2b-4b08-92cc-5b81e167292e/facts HTTP/1.1" 200 OK
INFO:     127.0.0.1:55362 - "POST /api/v1/products/8c1b5f15-7f2b-4b08-92cc-5b81e167292e/fact-review-submissions HTTP/1.1" 201 Created
INFO:     127.0.0.1:55362 - "POST /api/v1/fact-versions/31784a6d-1cee-4d70-9476-75bc54eceac4/approve HTTP/1.1" 200 OK
INFO:     127.0.0.1:55362 - "POST /api/v1/geo/subjects HTTP/1.1" 201 Created
INFO:     127.0.0.1:55362 - "POST /api/v1/geo/engine-surfaces HTTP/1.1" 201 Created
INFO:     127.0.0.1:55362 - "POST /api/v1/geo/engine-surfaces/a3bae8d3-521f-4aa2-9369-834050ce07da/enable HTTP/1.1" 200 OK
INFO:     127.0.0.1:55362 - "POST /api/v1/geo/collection-profiles HTTP/1.1" 201 Created
INFO:     127.0.0.1:55362 - "POST /api/v1/geo/collection-profiles/c83dc503-90a7-4cf8-a668-2abbf19b6833/enable HTTP/1.1" 200 OK
INFO:     127.0.0.1:55362 - "POST /api/v1/query-topics HTTP/1.1" 201 Created
INFO:     127.0.0.1:55362 - "POST /api/v1/geo/query-topics/a3003f21-3491-4611-9719-9987b7b51735/prompt-variants HTTP/1.1" 201 Created
INFO:     127.0.0.1:55362 - "POST /api/v1/geo/monitoring-plans HTTP/1.1" 201 Created
INFO:     127.0.0.1:55362 - "POST /api/v1/geo/monitoring-plans/8b05f756-82f9-4626-8b57-082bd2ef1e81/run HTTP/1.1" 201 Created
INFO:     127.0.0.1:55362 - "GET /api/v1/geo/observation-runs?batch_id=b70a5765-1850-4a93-8a9d-5227a20bac7f HTTP/1.1" 200 OK
INFO:     127.0.0.1:55362 - "GET /api/v1/geo/observation-runs/4bc6589b-c4d1-450d-b008-d3b46e871a98/manual-entry HTTP/1.1" 200 OK
INFO:     127.0.0.1:55362 - "POST /api/v1/files/upload-intents HTTP/1.1" 201 Created
INFO:     127.0.0.1:55362 - "PUT /api/v1/files/039d81c5-25ce-450a-827d-b8b9b88f1634/content HTTP/1.1" 204 No Content
INFO:     127.0.0.1:55362 - "POST /api/v1/files/039d81c5-25ce-450a-827d-b8b9b88f1634/complete HTTP/1.1" 200 OK
INFO:     127.0.0.1:55362 - "POST /api/v1/geo/observation-runs/4bc6589b-c4d1-450d-b008-d3b46e871a98/manual-submit HTTP/1.1" 201 Created
INFO:     127.0.0.1:55362 - "GET /api/v1/geo/observation-runs/4bc6589b-c4d1-450d-b008-d3b46e871a98 HTTP/1.1" 200 OK
INFO:     127.0.0.1:55362 - "GET /api/v1/geo/observation-runs/4bc6589b-c4d1-450d-b008-d3b46e871a98 HTTP/1.1" 200 OK
INFO:     127.0.0.1:55362 - "GET /api/v1/geo/observation-runs/4bc6589b-c4d1-450d-b008-d3b46e871a98 HTTP/1.1" 200 OK
INFO:     127.0.0.1:55362 - "GET /api/v1/geo/observation-runs/4bc6589b-c4d1-450d-b008-d3b46e871a98 HTTP/1.1" 200 OK
INFO:     127.0.0.1:55362 - "GET /api/v1/geo/observation-runs/4bc6589b-c4d1-450d-b008-d3b46e871a98 HTTP/1.1" 200 OK
INFO:     127.0.0.1:55362 - "GET /api/v1/geo/observation-runs/4bc6589b-c4d1-450d-b008-d3b46e871a98 HTTP/1.1" 200 OK
INFO:     127.0.0.1:55362 - "GET /api/v1/geo/observation-runs/4bc6589b-c4d1-450d-b008-d3b46e871a98 HTTP/1.1" 200 OK
INFO:     127.0.0.1:55362 - "GET /api/v1/geo/observation-runs/4bc6589b-c4d1-450d-b008-d3b46e871a98 HTTP/1.1" 200 OK
INFO:     127.0.0.1:55362 - "GET /api/v1/geo/observation-runs/4bc6589b-c4d1-450d-b008-d3b46e871a98 HTTP/1.1" 200 OK
INFO:     127.0.0.1:55362 - "GET /api/v1/geo/observation-runs/4bc6589b-c4d1-450d-b008-d3b46e871a98 HTTP/1.1" 200 OK
INFO:     127.0.0.1:55362 - "POST /api/v1/geo/observation-runs/4bc6589b-c4d1-450d-b008-d3b46e871a98/review HTTP/1.1" 201 Created
INFO:     127.0.0.1:55391 - "GET /api/v1/auth/session HTTP/1.1" 200 OK
INFO:     127.0.0.1:55391 - "GET /api/v1/geo/insights?date_from=2026-10-06T02%3A20%3A07.198Z&date_to=2026-10-06T02%3A22%3A07.198Z&subject_ids=9c8391a9-26ce-48fc-8f0a-107bab95a70a&product_ids=8c1b5f15-7f2b-4b08-92cc-5b81e167292e&query_topic_ids=a3003f21-3491-4611-9719-9987b7b51735&prompt_variant_ids=620fb9b3-2a6c-45f6-9420-b8bbdc3f8976&engine_surface_ids=a3bae8d3-521f-4aa2-9369-834050ce07da&collection_profile_ids=c83dc503-90a7-4cf8-a668-2abbf19b6833&collection_modes=MANUAL&login_states=ANONYMOUS&intent_types=PRODUCT&language_codes=zh-cn&region_codes=CN&mention_mode=BRANDED&review_policy=REVIEWED_ONLY HTTP/1.1" 200 OK
INFO:     127.0.0.1:55391 - "GET /api/v1/geo/reports/preview?date_from=2026-10-06T02%3A20%3A07.198Z&date_to=2026-10-06T02%3A22%3A07.198Z&subject_ids=9c8391a9-26ce-48fc-8f0a-107bab95a70a&product_ids=8c1b5f15-7f2b-4b08-92cc-5b81e167292e&query_topic_ids=a3003f21-3491-4611-9719-9987b7b51735&prompt_variant_ids=620fb9b3-2a6c-45f6-9420-b8bbdc3f8976&engine_surface_ids=a3bae8d3-521f-4aa2-9369-834050ce07da&collection_profile_ids=c83dc503-90a7-4cf8-a668-2abbf19b6833&collection_modes=MANUAL&login_states=ANONYMOUS&intent_types=PRODUCT&language_codes=zh-cn&region_codes=CN&mention_mode=BRANDED&review_policy=REVIEWED_ONLY HTTP/1.1" 200 OK
INFO:     127.0.0.1:55391 - "GET /api/v1/geo/reports/runs.csv?date_from=2026-10-06T02%3A20%3A07.198Z&date_to=2026-10-06T02%3A22%3A07.198Z&subject_ids=9c8391a9-26ce-48fc-8f0a-107bab95a70a&product_ids=8c1b5f15-7f2b-4b08-92cc-5b81e167292e&query_topic_ids=a3003f21-3491-4611-9719-9987b7b51735&prompt_variant_ids=620fb9b3-2a6c-45f6-9420-b8bbdc3f8976&engine_surface_ids=a3bae8d3-521f-4aa2-9369-834050ce07da&collection_profile_ids=c83dc503-90a7-4cf8-a668-2abbf19b6833&collection_modes=MANUAL&login_states=ANONYMOUS&intent_types=PRODUCT&language_codes=zh-cn&region_codes=CN&mention_mode=BRANDED&review_policy=REVIEWED_ONLY HTTP/1.1" 200 OK
INFO:     127.0.0.1:55391 - "GET /api/v1/geo/reports/citations.csv?date_from=2026-10-06T02%3A20%3A07.198Z&date_to=2026-10-06T02%3A22%3A07.198Z&subject_ids=9c8391a9-26ce-48fc-8f0a-107bab95a70a&product_ids=8c1b5f15-7f2b-4b08-92cc-5b81e167292e&query_topic_ids=a3003f21-3491-4611-9719-9987b7b51735&prompt_variant_ids=620fb9b3-2a6c-45f6-9420-b8bbdc3f8976&engine_surface_ids=a3bae8d3-521f-4aa2-9369-834050ce07da&collection_profile_ids=c83dc503-90a7-4cf8-a668-2abbf19b6833&collection_modes=MANUAL&login_states=ANONYMOUS&intent_types=PRODUCT&language_codes=zh-cn&region_codes=CN&mention_mode=BRANDED&review_policy=REVIEWED_ONLY HTTP/1.1" 200 OK
INFO:     127.0.0.1:55391 - "GET /api/v1/geo/reports/claims.csv?date_from=2026-10-06T02%3A20%3A07.198Z&date_to=2026-10-06T02%3A22%3A07.198Z&subject_ids=9c8391a9-26ce-48fc-8f0a-107bab95a70a&product_ids=8c1b5f15-7f2b-4b08-92cc-5b81e167292e&query_topic_ids=a3003f21-3491-4611-9719-9987b7b51735&prompt_variant_ids=620fb9b3-2a6c-45f6-9420-b8bbdc3f8976&engine_surface_ids=a3bae8d3-521f-4aa2-9369-834050ce07da&collection_profile_ids=c83dc503-90a7-4cf8-a668-2abbf19b6833&collection_modes=MANUAL&login_states=ANONYMOUS&intent_types=PRODUCT&language_codes=zh-cn&region_codes=CN&mention_mode=BRANDED&review_policy=REVIEWED_ONLY HTTP/1.1" 200 OK
INFO:     127.0.0.1:55391 - "GET /api/v1/geo/reports/print?date_from=2026-10-06T02%3A20%3A07.198Z&date_to=2026-10-06T02%3A22%3A07.198Z&subject_ids=9c8391a9-26ce-48fc-8f0a-107bab95a70a&product_ids=8c1b5f15-7f2b-4b08-92cc-5b81e167292e&query_topic_ids=a3003f21-3491-4611-9719-9987b7b51735&prompt_variant_ids=620fb9b3-2a6c-45f6-9420-b8bbdc3f8976&engine_surface_ids=a3bae8d3-521f-4aa2-9369-834050ce07da&collection_profile_ids=c83dc503-90a7-4cf8-a668-2abbf19b6833&collection_modes=MANUAL&login_states=ANONYMOUS&intent_types=PRODUCT&language_codes=zh-cn&region_codes=CN&mention_mode=BRANDED&review_policy=REVIEWED_ONLY HTTP/1.1" 200 OK
INFO:     127.0.0.1:55362 - "GET /api/v1/audit-logs?business_module=GEO_OBSERVATION&page_size=50 HTTP/1.1" 200 OK
INFO:     127.0.0.1:55391 - "GET /api/v1/geo/reports/preview?date_from=2026-10-06T02%3A20%3A07.198Z&date_to=2026-10-06T02%3A22%3A07.198Z&subject_ids=a06809ce-3a5f-489e-983a-183f133727c2&product_ids=8c1b5f15-7f2b-4b08-92cc-5b81e167292e&query_topic_ids=a3003f21-3491-4611-9719-9987b7b51735&prompt_variant_ids=620fb9b3-2a6c-45f6-9420-b8bbdc3f8976&engine_surface_ids=a3bae8d3-521f-4aa2-9369-834050ce07da&collection_profile_ids=c83dc503-90a7-4cf8-a668-2abbf19b6833&collection_modes=MANUAL&login_states=ANONYMOUS&intent_types=PRODUCT&language_codes=zh-cn&region_codes=CN&mention_mode=BRANDED&review_policy=REVIEWED_ONLY HTTP/1.1" 200 OK
INFO:     127.0.0.1:55362 - "GET /api/v1/geo/reports/runs.csv?date_from=2026-10-06T02%3A20%3A07.198Z&date_to=2026-10-06T02%3A22%3A07.198Z&subject_ids=97be2717-1ac8-4d5c-978e-25ccabdbad21 HTTP/1.1" 409 Conflict
INFO:     127.0.0.1:55362 - "GET /api/v1/geo/reports/opportunities.csv?date_from=2026-10-06T02%3A20%3A07.198Z&date_to=2026-10-06T02%3A22%3A07.198Z&subject_ids=97be2717-1ac8-4d5c-978e-25ccabdbad21 HTTP/1.1" 501 Not Implemented
  ✓  30 [foundation-desktop] › tests/e2e/reports-real-stack.spec.ts:16:1 › 完整筛选报告、打印样式、三类原生CSV、审计与空数据 (7.5s)
INFO:     127.0.0.1:55362 - "POST /api/v1/auth/login HTTP/1.1" 200 OK
INFO:     127.0.0.1:55362 - "POST /api/v1/geo/subjects HTTP/1.1" 201 Created
INFO:     127.0.0.1:55362 - "POST /api/v1/geo/engine-surfaces HTTP/1.1" 201 Created
INFO:     127.0.0.1:55362 - "POST /api/v1/geo/engine-surfaces/0a3a9bd1-95f4-462c-95eb-12b4031df50f/enable HTTP/1.1" 200 OK
INFO:     127.0.0.1:55362 - "POST /api/v1/geo/collection-profiles HTTP/1.1" 201 Created
INFO:     127.0.0.1:55362 - "POST /api/v1/geo/collection-profiles/941deb3e-c99c-435d-ad7e-871905e6027c/enable HTTP/1.1" 200 OK
INFO:     127.0.0.1:55362 - "POST /api/v1/query-topics HTTP/1.1" 201 Created
INFO:     127.0.0.1:55362 - "POST /api/v1/geo/query-topics/2822ee97-8632-4de4-89b0-37fd815d0249/prompt-variants HTTP/1.1" 201 Created
INFO:     127.0.0.1:55362 - "POST /api/v1/geo/monitoring-plans HTTP/1.1" 201 Created
INFO:     127.0.0.1:55398 - "GET /api/v1/auth/session HTTP/1.1" 200 OK
INFO:     127.0.0.1:55398 - "GET /api/v1/geo/observation-batches?sort=CREATED_DESC&page=1&page_size=20 HTTP/1.1" 200 OK
INFO:     127.0.0.1:55398 - "GET /api/v1/geo/monitoring-plans?page=1&page_size=20&sort=UPDATED_DESC HTTP/1.1" 200 OK
INFO:     127.0.0.1:55398 - "GET /api/v1/geo/monitoring-plans?q=57214103&page=1&page_size=20&sort=UPDATED_DESC HTTP/1.1" 200 OK
INFO:     127.0.0.1:55399 - "OPTIONS /api/v1/geo/monitoring-plans/30013e0e-8af7-4ad7-9ea8-1553ca094ebe/run HTTP/1.1" 200 OK
INFO:     127.0.0.1:55398 - "POST /api/v1/geo/monitoring-plans/30013e0e-8af7-4ad7-9ea8-1553ca094ebe/run HTTP/1.1" 201 Created
INFO:     127.0.0.1:55398 - "GET /api/v1/geo/observation-batches?sort=CREATED_DESC&page=1&page_size=20 HTTP/1.1" 200 OK
INFO:     127.0.0.1:55401 - "GET /api/v1/geo/observation-runs?sort=CREATED_DESC&page=1&page_size=20&batch_id=cf5c04a4-5601-449d-aeca-71f0a359dd37&latest_only=true HTTP/1.1" 200 OK
INFO:     127.0.0.1:55398 - "GET /api/v1/geo/observation-batches/cf5c04a4-5601-449d-aeca-71f0a359dd37 HTTP/1.1" 200 OK
INFO:     127.0.0.1:55398 - "GET /api/v1/geo/observation-runs?q=57214103&sort=CREATED_DESC&page=1&page_size=20&batch_id=cf5c04a4-5601-449d-aeca-71f0a359dd37&latest_only=true HTTP/1.1" 200 OK
INFO:     127.0.0.1:55401 - "GET /api/v1/auth/session HTTP/1.1" 200 OK
INFO:     127.0.0.1:55401 - "GET /api/v1/geo/observation-runs?q=57214103&sort=CREATED_DESC&page=1&page_size=20&batch_id=cf5c04a4-5601-449d-aeca-71f0a359dd37&collection_mode=MANUAL&latest_only=true HTTP/1.1" 200 OK
INFO:     127.0.0.1:55401 - "GET /api/v1/geo/observation-batches/cf5c04a4-5601-449d-aeca-71f0a359dd37 HTTP/1.1" 200 OK
INFO:     127.0.0.1:55362 - "GET /api/v1/geo/observation-runs?batch_id=cf5c04a4-5601-449d-aeca-71f0a359dd37 HTTP/1.1" 200 OK
INFO:     127.0.0.1:55401 - "GET /api/v1/geo/observation-runs/f486ba9f-c6a7-4cee-aab8-b84f94a12510/manual-entry HTTP/1.1" 200 OK
INFO:     127.0.0.1:55399 - "OPTIONS /api/v1/geo/observation-runs/f486ba9f-c6a7-4cee-aab8-b84f94a12510/manual-draft HTTP/1.1" 200 OK
INFO:     127.0.0.1:55401 - "PUT /api/v1/geo/observation-runs/f486ba9f-c6a7-4cee-aab8-b84f94a12510/manual-draft HTTP/1.1" 200 OK
INFO:     127.0.0.1:55401 - "GET /api/v1/auth/session HTTP/1.1" 200 OK
INFO:     127.0.0.1:55401 - "GET /api/v1/geo/observation-runs?q=57214103&sort=CREATED_DESC&page=1&page_size=20&batch_id=cf5c04a4-5601-449d-aeca-71f0a359dd37&collection_mode=MANUAL&latest_only=true HTTP/1.1" 200 OK
INFO:     127.0.0.1:55402 - "GET /api/v1/geo/observation-runs/f486ba9f-c6a7-4cee-aab8-b84f94a12510/manual-entry HTTP/1.1" 200 OK
INFO:     127.0.0.1:55403 - "GET /api/v1/geo/observation-batches/cf5c04a4-5601-449d-aeca-71f0a359dd37 HTTP/1.1" 200 OK
INFO:     127.0.0.1:55399 - "OPTIONS /api/v1/files/upload-intents HTTP/1.1" 200 OK
INFO:     127.0.0.1:55403 - "POST /api/v1/files/upload-intents HTTP/1.1" 201 Created
INFO:     127.0.0.1:55399 - "OPTIONS /api/v1/files/aa7c688f-5eb9-4b82-b4d3-61857b19855c/content HTTP/1.1" 200 OK
INFO:     127.0.0.1:55403 - "PUT /api/v1/files/aa7c688f-5eb9-4b82-b4d3-61857b19855c/content HTTP/1.1" 204 No Content
INFO:     127.0.0.1:55399 - "OPTIONS /api/v1/files/aa7c688f-5eb9-4b82-b4d3-61857b19855c/complete HTTP/1.1" 200 OK
INFO:     127.0.0.1:55403 - "POST /api/v1/files/aa7c688f-5eb9-4b82-b4d3-61857b19855c/complete HTTP/1.1" 200 OK
INFO:     127.0.0.1:55403 - "PUT /api/v1/geo/observation-runs/f486ba9f-c6a7-4cee-aab8-b84f94a12510/manual-draft HTTP/1.1" 200 OK
INFO:     127.0.0.1:55403 - "GET /api/v1/auth/session HTTP/1.1" 200 OK
INFO:     127.0.0.1:55403 - "GET /api/v1/geo/observation-runs?q=57214103&sort=CREATED_DESC&page=1&page_size=20&batch_id=cf5c04a4-5601-449d-aeca-71f0a359dd37&collection_mode=MANUAL&latest_only=true HTTP/1.1" 200 OK
INFO:     127.0.0.1:55401 - "GET /api/v1/geo/observation-batches/cf5c04a4-5601-449d-aeca-71f0a359dd37 HTTP/1.1" 200 OK
INFO:     127.0.0.1:55402 - "GET /api/v1/geo/observation-runs/f486ba9f-c6a7-4cee-aab8-b84f94a12510/manual-entry HTTP/1.1" 200 OK
INFO:     127.0.0.1:55399 - "OPTIONS /api/v1/geo/observation-runs/f486ba9f-c6a7-4cee-aab8-b84f94a12510/manual-submit HTTP/1.1" 200 OK
INFO:     127.0.0.1:55402 - "POST /api/v1/geo/observation-runs/f486ba9f-c6a7-4cee-aab8-b84f94a12510/manual-submit HTTP/1.1" 201 Created
INFO:     127.0.0.1:55401 - "GET /api/v1/geo/observation-batches/cf5c04a4-5601-449d-aeca-71f0a359dd37 HTTP/1.1" 200 OK
INFO:     127.0.0.1:55402 - "GET /api/v1/geo/observation-runs?q=57214103&sort=CREATED_DESC&page=1&page_size=20&batch_id=cf5c04a4-5601-449d-aeca-71f0a359dd37&collection_mode=MANUAL&latest_only=true HTTP/1.1" 200 OK
INFO:     127.0.0.1:55402 - "GET /api/v1/geo/observation-runs/f486ba9f-c6a7-4cee-aab8-b84f94a12510 HTTP/1.1" 200 OK
INFO:     127.0.0.1:55402 - "GET /api/v1/geo/observation-runs/cda582fa-94a6-4f50-8995-09339a434306/manual-entry HTTP/1.1" 200 OK
INFO:     127.0.0.1:55402 - "POST /api/v1/files/upload-intents HTTP/1.1" 201 Created
INFO:     127.0.0.1:55399 - "OPTIONS /api/v1/files/7d1914f2-14f9-4fe8-a6d3-22e8b241ecd3/content HTTP/1.1" 200 OK
INFO:     127.0.0.1:55402 - "PUT /api/v1/files/7d1914f2-14f9-4fe8-a6d3-22e8b241ecd3/content HTTP/1.1" 204 No Content
INFO:     127.0.0.1:55399 - "OPTIONS /api/v1/files/7d1914f2-14f9-4fe8-a6d3-22e8b241ecd3/complete HTTP/1.1" 200 OK
INFO:     127.0.0.1:55402 - "POST /api/v1/files/7d1914f2-14f9-4fe8-a6d3-22e8b241ecd3/complete HTTP/1.1" 200 OK
INFO:     127.0.0.1:55399 - "OPTIONS /api/v1/geo/observation-runs/cda582fa-94a6-4f50-8995-09339a434306/manual-draft HTTP/1.1" 200 OK
INFO:     127.0.0.1:55402 - "PUT /api/v1/geo/observation-runs/cda582fa-94a6-4f50-8995-09339a434306/manual-draft HTTP/1.1" 200 OK
INFO:     127.0.0.1:55399 - "OPTIONS /api/v1/geo/observation-runs/cda582fa-94a6-4f50-8995-09339a434306/manual-submit HTTP/1.1" 200 OK
INFO:     127.0.0.1:55402 - "POST /api/v1/geo/observation-runs/cda582fa-94a6-4f50-8995-09339a434306/manual-submit HTTP/1.1" 201 Created
INFO:     127.0.0.1:55402 - "GET /api/v1/geo/observation-runs?q=57214103&sort=CREATED_DESC&page=1&page_size=20&batch_id=cf5c04a4-5601-449d-aeca-71f0a359dd37&collection_mode=MANUAL&latest_only=true HTTP/1.1" 200 OK
INFO:     127.0.0.1:55401 - "GET /api/v1/geo/observation-batches/cf5c04a4-5601-449d-aeca-71f0a359dd37 HTTP/1.1" 200 OK
INFO:     127.0.0.1:55403 - "GET /api/v1/geo/observation-runs/cda582fa-94a6-4f50-8995-09339a434306 HTTP/1.1" 200 OK
INFO:     127.0.0.1:55403 - "GET /api/v1/geo/observation-runs/a37b9cf1-6131-4fc4-9482-234de77f2407/manual-entry HTTP/1.1" 200 OK
INFO:     127.0.0.1:55403 - "POST /api/v1/files/upload-intents HTTP/1.1" 201 Created
INFO:     127.0.0.1:55399 - "OPTIONS /api/v1/files/a5d8c4b1-456b-46d9-b19e-b7a519da5e76/content HTTP/1.1" 200 OK
INFO:     127.0.0.1:55403 - "PUT /api/v1/files/a5d8c4b1-456b-46d9-b19e-b7a519da5e76/content HTTP/1.1" 204 No Content
INFO:     127.0.0.1:55399 - "OPTIONS /api/v1/files/a5d8c4b1-456b-46d9-b19e-b7a519da5e76/complete HTTP/1.1" 200 OK
INFO:     127.0.0.1:55403 - "POST /api/v1/files/a5d8c4b1-456b-46d9-b19e-b7a519da5e76/complete HTTP/1.1" 200 OK
INFO:     127.0.0.1:55399 - "OPTIONS /api/v1/geo/observation-runs/a37b9cf1-6131-4fc4-9482-234de77f2407/manual-draft HTTP/1.1" 200 OK
INFO:     127.0.0.1:55403 - "PUT /api/v1/geo/observation-runs/a37b9cf1-6131-4fc4-9482-234de77f2407/manual-draft HTTP/1.1" 200 OK
INFO:     127.0.0.1:55399 - "OPTIONS /api/v1/geo/observation-runs/a37b9cf1-6131-4fc4-9482-234de77f2407/manual-submit HTTP/1.1" 200 OK
INFO:     127.0.0.1:55403 - "POST /api/v1/geo/observation-runs/a37b9cf1-6131-4fc4-9482-234de77f2407/manual-submit HTTP/1.1" 201 Created
INFO:     127.0.0.1:55401 - "GET /api/v1/geo/observation-batches/cf5c04a4-5601-449d-aeca-71f0a359dd37 HTTP/1.1" 200 OK
INFO:     127.0.0.1:55403 - "GET /api/v1/geo/observation-runs?q=57214103&sort=CREATED_DESC&page=1&page_size=20&batch_id=cf5c04a4-5601-449d-aeca-71f0a359dd37&collection_mode=MANUAL&latest_only=true HTTP/1.1" 200 OK
INFO:     127.0.0.1:55402 - "GET /api/v1/geo/observation-runs/a37b9cf1-6131-4fc4-9482-234de77f2407 HTTP/1.1" 200 OK
INFO:     127.0.0.1:55362 - "GET /api/v1/geo/observation-batches/cf5c04a4-5601-449d-aeca-71f0a359dd37 HTTP/1.1" 200 OK
INFO:     127.0.0.1:55362 - "GET /api/v1/geo/observation-batches/cf5c04a4-5601-449d-aeca-71f0a359dd37 HTTP/1.1" 200 OK
INFO:     127.0.0.1:55362 - "GET /api/v1/geo/observation-batches/cf5c04a4-5601-449d-aeca-71f0a359dd37 HTTP/1.1" 200 OK
INFO:     127.0.0.1:55362 - "GET /api/v1/geo/observation-batches/cf5c04a4-5601-449d-aeca-71f0a359dd37 HTTP/1.1" 200 OK
INFO:     127.0.0.1:55362 - "GET /api/v1/geo/observation-batches/cf5c04a4-5601-449d-aeca-71f0a359dd37 HTTP/1.1" 200 OK
INFO:     127.0.0.1:55362 - "GET /api/v1/geo/observation-batches/cf5c04a4-5601-449d-aeca-71f0a359dd37 HTTP/1.1" 200 OK
INFO:     127.0.0.1:55362 - "GET /api/v1/geo/observation-batches/cf5c04a4-5601-449d-aeca-71f0a359dd37 HTTP/1.1" 200 OK
INFO:     127.0.0.1:55362 - "GET /api/v1/geo/observation-batches/cf5c04a4-5601-449d-aeca-71f0a359dd37 HTTP/1.1" 200 OK
  ✓  31 [foundation-desktop] › tests/e2e/runs-real-stack.spec.ts:31:1 › 人工批次三次采样、URL、dirty、草稿刷新、截图、引用与不可变详情 (9.1s)
INFO:     127.0.0.1:55362 - "POST /api/v1/auth/login HTTP/1.1" 200 OK
INFO:     127.0.0.1:55450 - "GET /api/v1/auth/session HTTP/1.1" 200 OK
INFO:     127.0.0.1:55450 - "GET /api/v1/geo/engine-surfaces?page=1&page_size=20&sort=NAME_ASC HTTP/1.1" 200 OK
INFO:     127.0.0.1:55451 - "OPTIONS /api/v1/geo/engine-surfaces HTTP/1.1" 200 OK
INFO:     127.0.0.1:55450 - "POST /api/v1/geo/engine-surfaces HTTP/1.1" 201 Created
INFO:     127.0.0.1:55450 - "GET /api/v1/geo/engine-surfaces?page=1&page_size=20&sort=NAME_ASC HTTP/1.1" 200 OK
INFO:     127.0.0.1:55450 - "GET /api/v1/geo/engine-surfaces/5b02bf45-d915-41b6-b410-9a1e94d4da64 HTTP/1.1" 200 OK
INFO:     127.0.0.1:55451 - "OPTIONS /api/v1/geo/engine-surfaces/5b02bf45-d915-41b6-b410-9a1e94d4da64/enable HTTP/1.1" 200 OK
INFO:     127.0.0.1:55450 - "POST /api/v1/geo/engine-surfaces/5b02bf45-d915-41b6-b410-9a1e94d4da64/enable HTTP/1.1" 200 OK
INFO:     127.0.0.1:55450 - "GET /api/v1/geo/engine-surfaces?page=1&page_size=20&sort=NAME_ASC HTTP/1.1" 200 OK
INFO:     127.0.0.1:55450 - "GET /api/v1/geo/collection-profiles?page=1&page_size=20&sort=NAME_ASC&engine_surface_id=5b02bf45-d915-41b6-b410-9a1e94d4da64 HTTP/1.1" 200 OK
INFO:     127.0.0.1:55451 - "OPTIONS /api/v1/geo/collection-profiles HTTP/1.1" 200 OK
INFO:     127.0.0.1:55450 - "POST /api/v1/geo/collection-profiles HTTP/1.1" 201 Created
INFO:     127.0.0.1:55450 - "GET /api/v1/geo/collection-profiles?page=1&page_size=20&sort=NAME_ASC&engine_surface_id=5b02bf45-d915-41b6-b410-9a1e94d4da64 HTTP/1.1" 200 OK
INFO:     127.0.0.1:55452 - "GET /api/v1/geo/collection-profiles/15308023-26d2-480d-9907-e2676832d633 HTTP/1.1" 200 OK
INFO:     127.0.0.1:55451 - "OPTIONS /api/v1/geo/collection-profiles/15308023-26d2-480d-9907-e2676832d633/enable HTTP/1.1" 200 OK
INFO:     127.0.0.1:55452 - "POST /api/v1/geo/collection-profiles/15308023-26d2-480d-9907-e2676832d633/enable HTTP/1.1" 200 OK
INFO:     127.0.0.1:55452 - "GET /api/v1/geo/collection-profiles?page=1&page_size=20&sort=NAME_ASC&engine_surface_id=5b02bf45-d915-41b6-b410-9a1e94d4da64 HTTP/1.1" 200 OK
INFO:     127.0.0.1:55452 - "GET /api/v1/geo/collection-profiles/15308023-26d2-480d-9907-e2676832d633 HTTP/1.1" 200 OK
INFO:     127.0.0.1:55451 - "OPTIONS /api/v1/geo/collection-profiles/15308023-26d2-480d-9907-e2676832d633 HTTP/1.1" 200 OK
INFO:     127.0.0.1:55452 - "PATCH /api/v1/geo/collection-profiles/15308023-26d2-480d-9907-e2676832d633 HTTP/1.1" 200 OK
INFO:     127.0.0.1:55452 - "GET /api/v1/geo/collection-profiles?page=1&page_size=20&sort=NAME_ASC&engine_surface_id=5b02bf45-d915-41b6-b410-9a1e94d4da64 HTTP/1.1" 200 OK
INFO:     127.0.0.1:55450 - "GET /api/v1/auth/session HTTP/1.1" 200 OK
INFO:     127.0.0.1:55450 - "GET /api/v1/geo/collection-profiles/15308023-26d2-480d-9907-e2676832d633 HTTP/1.1" 200 OK
INFO:     127.0.0.1:55453 - "GET /api/v1/geo/collection-profiles?page=1&page_size=20&sort=NAME_ASC&engine_surface_id=5b02bf45-d915-41b6-b410-9a1e94d4da64 HTTP/1.1" 200 OK
INFO:     127.0.0.1:55362 - "GET /api/v1/geo/collection-profiles/15308023-26d2-480d-9907-e2676832d633 HTTP/1.1" 200 OK
INFO:     127.0.0.1:55362 - "POST /api/v1/users HTTP/1.1" 201 Created
INFO:     127.0.0.1:55362 - "POST /api/v1/auth/login HTTP/1.1" 200 OK
INFO:     127.0.0.1:55362 - "POST /api/v1/auth/change-password HTTP/1.1" 204 No Content
INFO:     127.0.0.1:55460 - "GET /api/v1/auth/session HTTP/1.1" 200 OK
INFO:     127.0.0.1:55461 - "GET /api/v1/geo/collection-profiles/15308023-26d2-480d-9907-e2676832d633 HTTP/1.1" 200 OK
INFO:     127.0.0.1:55460 - "GET /api/v1/geo/collection-profiles?page=1&page_size=20&sort=NAME_ASC HTTP/1.1" 200 OK
INFO:     127.0.0.1:55362 - "GET /api/v1/geo/collection-profiles/15308023-26d2-480d-9907-e2676832d633 HTTP/1.1" 200 OK
INFO:     127.0.0.1:55453 - "GET /api/v1/auth/session HTTP/1.1" 200 OK
INFO:     127.0.0.1:55450 - "GET /api/v1/geo/engine-surfaces/5b02bf45-d915-41b6-b410-9a1e94d4da64 HTTP/1.1" 200 OK
INFO:     127.0.0.1:55453 - "GET /api/v1/geo/engine-surfaces?page=1&page_size=20&sort=NAME_ASC HTTP/1.1" 200 OK
INFO:     127.0.0.1:55453 - "GET /api/v1/auth/session HTTP/1.1" 200 OK
INFO:     127.0.0.1:55450 - "GET /api/v1/geo/collection-profiles/15308023-26d2-480d-9907-e2676832d633 HTTP/1.1" 200 OK
INFO:     127.0.0.1:55453 - "GET /api/v1/geo/collection-profiles?page=1&page_size=20&sort=NAME_ASC HTTP/1.1" 200 OK
INFO:     127.0.0.1:55451 - "OPTIONS /api/v1/geo/collection-profiles/15308023-26d2-480d-9907-e2676832d633?expected_revision=2 HTTP/1.1" 200 OK
INFO:     127.0.0.1:55453 - "DELETE /api/v1/geo/collection-profiles/15308023-26d2-480d-9907-e2676832d633?expected_revision=2 HTTP/1.1" 204 No Content
INFO:     127.0.0.1:55453 - "GET /api/v1/geo/collection-profiles?page=1&page_size=20&sort=NAME_ASC HTTP/1.1" 200 OK
INFO:     127.0.0.1:55453 - "GET /api/v1/geo/engine-surfaces?page=1&page_size=20&sort=NAME_ASC HTTP/1.1" 200 OK
INFO:     127.0.0.1:55453 - "GET /api/v1/geo/engine-surfaces/5b02bf45-d915-41b6-b410-9a1e94d4da64 HTTP/1.1" 200 OK
INFO:     127.0.0.1:55451 - "OPTIONS /api/v1/geo/engine-surfaces/5b02bf45-d915-41b6-b410-9a1e94d4da64?expected_revision=1 HTTP/1.1" 200 OK
INFO:     127.0.0.1:55453 - "DELETE /api/v1/geo/engine-surfaces/5b02bf45-d915-41b6-b410-9a1e94d4da64?expected_revision=1 HTTP/1.1" 204 No Content
INFO:     127.0.0.1:55453 - "GET /api/v1/geo/engine-surfaces?page=1&page_size=20&sort=NAME_ASC HTTP/1.1" 200 OK
  ✓  32 [foundation-desktop] › tests/e2e/surfaces-real-stack.spec.ts:33:1 › 管理员创建、启停和编辑后持久化，工程师仅看摘要，删除尊重真实子配置 (3.9s)

  32 passed (4.0m)
E2E_SECRET_SCAN status=clean
E2E_RESULT playwright=0 secret_scan=0
INFO:     Shutting down
INFO:     Waiting for application shutdown.
INFO:     Application shutdown complete.
INFO:     Finished server process [57564]

worker: Warm shutdown (MainProcess)
INFO:     Shutting down
INFO:     Waiting for application shutdown.
INFO:     Application shutdown complete.
INFO:     Finished server process [57563]
INFO:     Shutting down
INFO:     Waiting for application shutdown.
INFO:     Application shutdown complete.
INFO:     Finished server process [57562]
E2E_CLEANUP redis_db=13 keys=1 status=deleted
E2E_CLEANUP ports=8000,9001,4174,19009 status=released
E2E_CLEANUP database=partsignal_e2e_20261005_d3e26e47d7cbe34e156f15591df8a485 status=dropped
E2E_CLEANUP storage=/var/folders/m5/j06tv2sn1hn93d6f33j559jm0000gn/T//partsignal-e2e-storage.JXdtCd status=removed
PARTSIGNAL_E2E_SPEC= deploy/scripts/e2e-geo.sh
E2E_GEO phase=enabled status=begin
E2E_SECRET_REGISTRATION status=ready
INFO  [alembic.runtime.migration] Context impl PostgresqlImpl.
INFO  [alembic.runtime.migration] Will assume transactional DDL.
INFO  [alembic.runtime.migration] Running upgrade  -> 0001_identity_audit, 创建身份、会话和审计表。
INFO  [alembic.runtime.migration] Running upgrade 0001_identity_audit -> 0002_product_facts, 创建规范化产品事实和不可变事实版本。
INFO  [alembic.runtime.migration] Running upgrade 0002_product_facts -> 0003_content_planning, 创建目标问题、平台规则版本和内容任务。
INFO  [alembic.runtime.migration] Running upgrade 0003_content_planning -> 0004_content_production, 创建 PostgreSQL 权威生成作业和不可变 Markdown 内容版本。
INFO  [alembic.runtime.migration] Running upgrade 0004_content_production -> 0005_content_review, 创建追加式内容审核记录。
INFO  [alembic.runtime.migration] Running upgrade 0005_content_review -> 0006_publication, 创建平台账号、人工发布记录和状态事件。
INFO  [alembic.runtime.migration] Running upgrade 0006_publication -> 0007_geo_observation, 创建追加式 GEO 观测及引用关联。
INFO  [alembic.runtime.migration] Running upgrade 0007_geo_observation -> 0008_files, 创建文件生命周期、附件关联并补加证据文件外键。
INFO  [alembic.runtime.migration] Running upgrade 0008_files -> 0009_config_center, 迁移账号类型、配置中心与真实 AI 生成字段。
INFO  [alembic.runtime.migration] Running upgrade 0009_config_center -> 0010_user_cleanup, 清理旧版职责账号并强制既有内容工程师改密。
INFO  [alembic.runtime.migration] Running upgrade 0010_user_cleanup -> 0011_generation_reliability, 增加生成作业补投递诊断字段与到期扫描索引。
INFO  [alembic.runtime.migration] Running upgrade 0011_generation_reliability -> 0012_ai_data_classification, 为生成输入增加显式数据分级与责任人记录。
INFO  [alembic.runtime.migration] Running upgrade 0012_ai_data_classification -> 0013_publication_closure, 增加发布异常待办、修复任务来源和发布平台一致性门禁。
INFO  [alembic.runtime.migration] Running upgrade 0013_publication_closure -> 0014_platform_prompt_ownership, 将当前 Prompt 所有权从平台类型迁移到具体平台。
INFO  [alembic.runtime.migration] Running upgrade 0014_platform_prompt_ownership -> 0015_platform_rule_draft_editing, 允许按修订号编辑平台规则草稿，并继续冻结已激活或退役正文。
INFO  [alembic.runtime.migration] Running upgrade 0015_platform_rule_draft_editing -> 0016_fact_review_cleanup, 允许受约束删除事实版本时清理其从属审核记录。
INFO  [alembic.runtime.migration] Running upgrade 0016_fact_review_cleanup -> 0017_content_humanization, 增加全局自然化 Prompt，并让现有 AI 作业承载自然化修订。
INFO  [alembic.runtime.migration] Running upgrade 0017_content_humanization -> 0018_manual_geo_observation, 增加产品级人工 GEO 观测，并保留旧模型观测历史。
INFO  [alembic.runtime.migration] Running upgrade 0018_manual_geo_observation -> 0019_product_driven_tasks, 允许新内容任务直接围绕产品创建，同时保留历史目标问题关联。
INFO  [alembic.runtime.migration] Running upgrade 0019_product_driven_tasks -> 0020_platform_branding_task_list, 为具体平台增加官网与单一来源 Logo。
INFO  [alembic.runtime.migration] Running upgrade 0020_platform_branding_task_list -> 0021_ai_channel_model_management, 补齐 AI 渠道身份字段与使用统计索引。
INFO  [alembic.runtime.migration] Running upgrade 0021_ai_channel_model_management -> 0022_geo_observation_insights, 补充人工 GEO 逐篇阶段事实与问题主题约束。
INFO  [alembic.runtime.migration] Running upgrade 0022_geo_observation_insights -> 0023_platform_management, 增加具体平台启停状态与管理聚合索引。
INFO  [alembic.runtime.migration] Running upgrade 0023_platform_management -> 0024_audit_outcome, 补齐审计模块、命令结果和安全结果说明。
INFO  [alembic.runtime.migration] Running upgrade 0024_audit_outcome -> 0025_markdown_facts, 将结构化产品事实收敛为 Markdown，并让内容任务直接绑定平台。
INFO  [alembic.runtime.migration] Running upgrade 0025_markdown_facts -> 0026_publication_account_dedup, 补齐发布账号修订约束，并阻止同平台规范化账号标识重复。
INFO  [alembic.runtime.migration] Running upgrade 0026_publication_account_dedup -> 0027_audit_user_delete_guard, 只允许受约束用户删除把匹配审计操作者置空。
INFO  [alembic.runtime.migration] Running upgrade 0027_audit_user_delete_guard -> 0028_platform_logo_lifecycle, 增加平台 Logo 的未引用保留、幂等删除状态与数据库门禁。
INFO  [alembic.runtime.migration] Running upgrade 0028_platform_logo_lifecycle -> 0029_geo_evidence_management, 收敛人工 GEO 独立事实，并为完整更正链删除增加事务门禁。
INFO  [alembic.runtime.migration] Running upgrade 0029_geo_evidence_management -> 0030_publication_record_delete, 为从未公开的发布聚合增加事务级受控删除门禁。
INFO  [alembic.runtime.migration] Running upgrade 0030_publication_record_delete -> 0031_reusable_platform_prompts, 把平台私有 Prompt 收敛为可复用模板和平台当前绑定。
INFO  [alembic.runtime.migration] Running upgrade 0031_reusable_platform_prompts -> 0032_content_task_idempotency, 为普通内容任务创建增加持久化请求键幂等约束。
INFO  [alembic.runtime.migration] Running upgrade 0032_content_task_idempotency -> 0033_task_owned_history_delete, 允许受控删除已取消任务自有的未批准生产历史。
INFO  [alembic.runtime.migration] Running upgrade 0033_task_owned_history_delete -> 0034_publication_redesign, 以发布工作、首次核验成果和发布后内容问题替换旧发布记录。
INFO  [alembic.runtime.migration] Running upgrade 0034_publication_redesign -> 0035_business_workflow, 建立事实提交、内容单主线、发布版本快照与 GEO 来源合同。
INFO  [alembic.runtime.migration] Running upgrade 0035_business_workflow -> 0036_remove_section_url, 删除没有稳定业务含义的发布栏目地址。
INFO  [alembic.runtime.migration] Running upgrade 0036_remove_section_url -> 0037_simplify_deletion_lifecycle, 收缩任务、配置与审计的删除生命周期。
INFO  [alembic.runtime.migration] Running upgrade 0037_simplify_deletion_lifecycle -> 0038_published_article_delete, 允许受控删除无 GEO 引用的发布成果聚合。
INFO  [alembic.runtime.migration] Running upgrade 0038_published_article_delete -> 0039_article_delete_platform, 允许归档任务在删除失效平台的发布成果后转为已取消。
INFO  [alembic.runtime.migration] Running upgrade 0039_article_delete_platform -> 0040_content_draft_management, 允许当前人工未审核草稿受控保存和彻底删除。
INFO  [alembic.runtime.migration] Running upgrade 0040_content_draft_management -> 0041_content_task_list, 补齐内容任务列表的稳定更新时间与排序索引。
INFO  [alembic.runtime.migration] Running upgrade 0041_content_task_list -> 0042_content_version_detail, 记录内容版本自身的真实更新时间。
INFO  [alembic.runtime.migration] Running upgrade 0042_content_version_detail -> 0043_geo_platform_identity, 冻结发布工作的平台 UUID，避免配置删除后 GEO 历史失去身份。
INFO  [alembic.runtime.migration] Running upgrade 0043_geo_platform_identity -> 0044_geo_catalog, 新增 GEO Catalog 三表；冻结本 revision，不读取运行时 ORM。
INFO  [alembic.runtime.migration] Running upgrade 0044_geo_catalog -> 0045_geo_prompt_variants, 仅新增问题变体，冻结规范化及历史锁存，不回填旧问题数组。
INFO  [alembic.runtime.migration] Running upgrade 0045_geo_prompt_variants -> 0046_geo_surfaces_profiles, 新增观测配置与闭合JSON合同；不回填旧GEO或实现运行资格。
INFO  [alembic.runtime.migration] Running upgrade 0046_geo_surfaces_profiles -> 0047_geo_monitoring_plans, 仅增加计划配置聚合；不创建批次、运行或改写历史观测。
INFO  [alembic.runtime.migration] Running upgrade 0047_geo_monitoring_plans -> 0048_geo_batches_runs, 新增独立回答级 Batch/Run，冻结 DDL 与快照/写入守卫，不迁移旧 GEO。
INFO  [alembic.runtime.migration] Running upgrade 0048_geo_batches_runs -> 0049_geo_batch_creation, 创建幂等与批次主体引用；不修改已冻结的 Batch/Run 输入。
INFO  [alembic.runtime.migration] Running upgrade 0049_geo_batch_creation -> 0050_geo_answer_evidence, 新增不可变原始回答、引用和受控文件关系；不实现采集命令。
INFO  [alembic.runtime.migration] Running upgrade 0050_geo_answer_evidence -> 0051_geo_manual_collection, 人工草稿和不可变提交身份；不回填或修改已提交证据。
INFO  [alembic.runtime.migration] Running upgrade 0051_geo_manual_collection -> 0052_geo_profile_tests, API Profile 当前诊断资格与依赖失效；不修改业务历史。
INFO  [alembic.runtime.migration] Running upgrade 0052_geo_profile_tests -> 0053_geo_collection_admission, 加法保存预算预留与发送限速事实，历史 Run 和原始证据保持不变。
INFO  [alembic.runtime.migration] Running upgrade 0053_geo_collection_admission -> 0054_geo_analysis_contract, 分析输入/结果、追加复核与限定 current pointer；不回填历史证据。
INFO  [alembic.runtime.migration] Running upgrade 0054_geo_analysis_contract -> 0055_geo_analysis_worker, 分析执行租约与引用结果；不回填或重写已有 revision。
INFO  [alembic.runtime.migration] Running upgrade 0055_geo_analysis_worker -> 0056_geo_run_review, 受控人工复核发布；历史机器结果与Review不回填、不改写。
INFO  [alembic.runtime.migration] Running upgrade 0056_geo_run_review -> 0057_geo_insight_indexes, GEO-607：洞察日期候选索引，不改变历史数据或业务约束。
INFO  [alembic.runtime.migration] Running upgrade 0057_geo_insight_indexes -> 0058_geo_rule_configuration, GEO-701：当前规则配置和不可变 revision 历史，不回填既有评估。
INFO  [alembic.runtime.migration] Running upgrade 0058_geo_rule_configuration -> 0059_geo_opportunities, GEO-702：机会、追加来源/行动/评估及真实 Batch 来源外键。
INFO  [alembic.runtime.migration] Running upgrade 0059_geo_opportunities -> 0060_geo_opportunity_actions, GEO-704：行动来源快照、幂等回执与目标生命周期保护。
INFO  [alembic.runtime.migration] Running upgrade 0060_geo_opportunity_actions -> 0061_geo_retests, GEO-705：严格复测冻结基线、幂等回执和提交时矩阵验证。
INFO  [alembic.runtime.migration] Running upgrade 0061_geo_retests -> 0062_geo_opportunity_decisions, GEO-706：加法保存显式处理和不可变比较证据，不回填历史。
INFO  [alembic.runtime.migration] Running upgrade 0062_geo_opportunity_decisions -> 0063_geo_browser_sessions, GEO-802：仅增加受保护会话引用、撤销事实与审计动作。
INFO  [alembic.runtime.migration] Running upgrade 0063_geo_browser_sessions -> 0064_geo_retention, GEO 终态草稿清理墓碑；不改已提交证据、不回填历史。
INFO  [alembic.runtime.migration] Running upgrade 0064_geo_retention -> 0065_geo_observability, GEO有限运行健康元数据；加法迁移，不回填或修改业务历史。

> partsignal-frontend-v2@0.1.0 build
> tsc -b && vite build --config vite.config.ts

vite v8.2.1 building client environment for production...
[2Ktransforming...✓ 3007 modules transformed.
rendering chunks...
computing gzip size...
dist/index.html                                                    0.57 kB │ gzip:   0.34 kB
dist/assets/index-Btqa2CjT.css                                    83.46 kB │ gzip:  14.39 kB
dist/assets/queryOptions-Dfvzj6n2.js                               0.03 kB │ gzip:   0.05 kB
dist/assets/route-5zGdn2Pu.js                                      0.07 kB │ gzip:   0.08 kB
dist/assets/route-AFUjE5vR.js                                      0.07 kB │ gzip:   0.08 kB
dist/assets/route-Bdkyf40J.js                                      0.07 kB │ gzip:   0.08 kB
dist/assets/route-BnOgN25L.js                                      0.07 kB │ gzip:   0.08 kB
dist/assets/route-CACU0Ncw.js                                      0.07 kB │ gzip:   0.08 kB
dist/assets/route-CAUin8c-.js                                      0.07 kB │ gzip:   0.08 kB
dist/assets/route-CtPZVZSG.js                                      0.07 kB │ gzip:   0.08 kB
dist/assets/route-DM9PFocW.js                                      0.07 kB │ gzip:   0.08 kB
dist/assets/route-DZLPx2O5.js                                      0.07 kB │ gzip:   0.08 kB
dist/assets/route-Dfp-b3_F.js                                      0.07 kB │ gzip:   0.08 kB
dist/assets/route-DrhND8Ss.js                                      0.07 kB │ gzip:   0.08 kB
dist/assets/route-DwBi_ZMu.js                                      0.07 kB │ gzip:   0.08 kB
dist/assets/route-SgbaIUWS.js                                      0.07 kB │ gzip:   0.08 kB
dist/assets/route-Tim3UNye.js                                      0.07 kB │ gzip:   0.08 kB
dist/assets/coerce-B78vORRP.js                                     0.08 kB │ gzip:   0.10 kB
dist/assets/isElementDisabled-KSuuBj8D.js                          0.11 kB │ gzip:   0.11 kB
dist/assets/not-found-i5RsCZif.js                                  0.11 kB │ gzip:   0.11 kB
dist/assets/chevron-right-CZUYejgz.js                              0.13 kB │ gzip:   0.14 kB
dist/assets/canonical-uuid-BTSOyHjG.js                             0.13 kB │ gzip:   0.13 kB
dist/assets/matchContext-B0YTMpvO.js                               0.16 kB │ gzip:   0.14 kB
dist/assets/settings.ai-CipVaq6G.js                                0.21 kB │ gzip:   0.20 kB
dist/assets/geo-rules-BWrkKy45.js                                  0.21 kB │ gzip:   0.20 kB
dist/assets/_taskId_.editor-_qjLAkbp.js                            0.22 kB │ gzip:   0.20 kB
dist/assets/_taskId_.review-zeX8OAEE.js                            0.22 kB │ gzip:   0.20 kB
dist/assets/route-DFljbmbX.js                                      0.22 kB │ gzip:   0.20 kB
dist/assets/system.audit-qBeF2bb1.js                               0.22 kB │ gzip:   0.20 kB
dist/assets/system.users-0TM8kiXu.js                               0.22 kB │ gzip:   0.20 kB
dist/assets/settings.prompts-9jQdIs2s.js                           0.22 kB │ gzip:   0.20 kB
dist/assets/print-1ZzneeRB.js                                      0.22 kB │ gzip:   0.18 kB
dist/assets/_taskId-Vsd3-0WC.js                                    0.22 kB │ gzip:   0.21 kB
dist/assets/settings.platforms.types-C4NjYBws.js                   0.22 kB │ gzip:   0.21 kB
dist/assets/versions_._versionId-BW6wP3pa.js                       0.22 kB │ gzip:   0.21 kB
dist/assets/_platformId-BeKfjBVf.js                                0.22 kB │ gzip:   0.20 kB
dist/assets/settings.ai_._channelId-Z_MUrH5D.js                    0.22 kB │ gzip:   0.20 kB
dist/assets/_observationId-B3QjNhkV.js                             0.23 kB │ gzip:   0.21 kB
dist/assets/useControlled-DMK4Pb-8.js                              0.24 kB │ gzip:   0.21 kB
dist/assets/skeleton-Ged3Zc9T.js                                   0.24 kB │ gzip:   0.20 kB
dist/assets/table-shell-BGuXgMNH.js                                0.33 kB │ gzip:   0.24 kB
dist/assets/usePopupHandleStore-BirVG9ro.js                        0.35 kB │ gzip:   0.25 kB
dist/assets/reports-DrjRbyyp.js                                    0.42 kB │ gzip:   0.29 kB
dist/assets/table-toolbar-JNNhOzlg.js                              0.42 kB │ gzip:   0.27 kB
dist/assets/table-skeleton-G-FjuOli.js                             0.45 kB │ gzip:   0.35 kB
dist/assets/route-error-Bl0menBv.js                                0.46 kB │ gzip:   0.31 kB
dist/assets/_productId-Cu3oT6KN.js                                 0.49 kB │ gzip:   0.35 kB
dist/assets/_productId_.facts-C-S7KVKf.js                          0.50 kB │ gzip:   0.36 kB
dist/assets/_productId_.facts_.versions_._versionId-996oc21h.js    0.50 kB │ gzip:   0.36 kB
dist/assets/_productId_.facts_.review-CtF33cCX.js                  0.50 kB │ gzip:   0.37 kB
dist/assets/_observationId_.correct-DHL12dqm.js                    0.51 kB │ gzip:   0.37 kB
dist/assets/useCompositeItem-BGClVRCY.js                           0.54 kB │ gzip:   0.37 kB
dist/assets/empty-table-DARB4g0g.js                                0.55 kB │ gzip:   0.33 kB
dist/assets/_observationId_.correct-BhD51Jxi.js                    0.58 kB │ gzip:   0.31 kB
dist/assets/content-version.model-BVKgM5xI.js                      0.61 kB │ gzip:   0.43 kB
dist/assets/detail-section-Dm8gVxQG.js                             0.63 kB │ gzip:   0.34 kB
dist/assets/return-to-BzbJXkRi.js                                  0.63 kB │ gzip:   0.39 kB
dist/assets/workbench.api-Cm9VqJUK.js                              0.71 kB │ gzip:   0.46 kB
dist/assets/route-Do6Dxmmm.js                                      0.72 kB │ gzip:   0.50 kB
dist/assets/geo-rules-DnzCs45g.js                                  0.83 kB │ gzip:   0.56 kB
dist/assets/textarea-CPcbKIlY.js                                   0.83 kB │ gzip:   0.43 kB
dist/assets/timeline-BSjJ8olh.js                                   0.94 kB │ gzip:   0.49 kB
dist/assets/form-field-B911B1W8.js                                 0.98 kB │ gzip:   0.54 kB
dist/assets/rowSortingFeature-DOu8Zjqq.js                          1.02 kB │ gzip:   0.49 kB
dist/assets/geo-observation-actions-C2i_qn8N.js                    1.09 kB │ gzip:   0.67 kB
dist/assets/print-CSxKYKyo.js                                      1.20 kB │ gzip:   0.67 kB
dist/assets/product-deletion-dialog-588zrCQN.js                    1.20 kB │ gzip:   0.76 kB
dist/assets/security-_cDdnE_Z.js                                   1.22 kB │ gzip:   0.65 kB
dist/assets/filter-bar-D-I3VqGA.js                                 1.23 kB │ gzip:   0.72 kB
dist/assets/new-Bul7BEu7.js                                        1.26 kB │ gzip:   0.73 kB
dist/assets/form-layout-B0Bgsdpq.js                                1.29 kB │ gzip:   0.69 kB
dist/assets/print-tSGhAg7T.js                                      1.31 kB │ gzip:   0.75 kB
dist/assets/login-reyqDFVT.js                                      1.31 kB │ gzip:   0.71 kB
dist/assets/reports.api-DOwUXAn6.js                                1.39 kB │ gzip:   0.85 kB
dist/assets/file-transfer-bcVkqTxX.js                              1.41 kB │ gzip:   0.83 kB
dist/assets/useBaseUiId-C9V7pCeo.js                                1.42 kB │ gzip:   0.80 kB
dist/assets/table-pagination-CStvXXO8.js                           1.48 kB │ gzip:   0.81 kB
dist/assets/auth-page-frame-DoVKxoBO.js                            1.49 kB │ gzip:   0.74 kB
dist/assets/badge-DofVsWMx.js                                      1.57 kB │ gzip:   0.70 kB
dist/assets/audit.api-eq5Nf80n.js                                  1.62 kB │ gzip:   0.76 kB
dist/assets/sticky-action-bar-Bo1fYZzG.js                          1.62 kB │ gzip:   0.86 kB
dist/assets/versions_._versionId-BpLK8FYy.js                       1.72 kB │ gzip:   0.89 kB
dist/assets/_productId_.facts_.versions_._versionId-BKUPOeZW.js    1.77 kB │ gzip:   0.89 kB
dist/assets/workspace-shell-CvF4Z--Q.js                            1.77 kB │ gzip:   0.83 kB
dist/assets/reports-C9hMaX4n.js                                    1.77 kB │ gzip:   0.97 kB
dist/assets/insights-Cq50eMHJ.js                                   1.82 kB │ gzip:   0.98 kB
dist/assets/articles-Dnwu18pr.js                                   1.83 kB │ gzip:   0.97 kB
dist/assets/_articleId-CF2EyGPq.js                                 1.96 kB │ gzip:   1.09 kB
dist/assets/_productId_.facts_.versions-B0h3h7sM.js                1.97 kB │ gzip:   1.06 kB
dist/assets/new-PT7FCfxV.js                                        1.97 kB │ gzip:   1.08 kB
dist/assets/catalog-controls-BlndqY87.js                           1.98 kB │ gzip:   0.89 kB
dist/assets/overview-D45F4hP9.js                                   1.99 kB │ gzip:   1.08 kB
dist/assets/_taskId-CweOyMcl.js                                    2.00 kB │ gzip:   1.06 kB
dist/assets/issues-gMEzcV6h.js                                     2.00 kB │ gzip:   1.05 kB
dist/assets/answers-Q-ZZD732.js                                    2.02 kB │ gzip:   1.09 kB
dist/assets/settings.platforms.types-Q9eDIhJS.js                   2.05 kB │ gzip:   1.04 kB
dist/assets/_observationId-BEyB4ycy.js                             2.09 kB │ gzip:   1.09 kB
dist/assets/work-Vp3FDdGx.js                                       2.11 kB │ gzip:   1.10 kB
dist/assets/new-DlWohGQx.js                                        2.12 kB │ gzip:   1.19 kB
dist/assets/useStore-G3HF39DP.js                                   2.17 kB │ gzip:   0.93 kB
dist/assets/_productId-DSG9vyLN.js                                 2.18 kB │ gzip:   1.12 kB
dist/assets/platforms-BdMDCA1A.js                                  2.19 kB │ gzip:   1.14 kB
dist/assets/_taskId_.review-qWo68aN0.js                            2.20 kB │ gzip:   1.14 kB
dist/assets/_productId_.facts_.review-Bo2M2eTN.js                  2.21 kB │ gzip:   1.13 kB
dist/assets/useRegisterFieldControl-BcstcGLC.js                    2.25 kB │ gzip:   1.07 kB
dist/assets/tasks-Ca6kwaoL.js                                      2.25 kB │ gzip:   1.17 kB
dist/assets/_productId_.facts-CYzk3zKc.js                          2.25 kB │ gzip:   1.17 kB
dist/assets/_issueId-BvRF4O90.js                                   2.26 kB │ gzip:   1.25 kB
dist/assets/observations-G8ckONzW.js                               2.28 kB │ gzip:   1.18 kB
dist/assets/_taskId_.editor-Cw8Fl6Bn.js                            2.29 kB │ gzip:   1.19 kB
dist/assets/dialog-DmePLyHK.js                                     2.33 kB │ gzip:   0.91 kB
dist/assets/plans-Hzgl6cp0.js                                      2.34 kB │ gzip:   1.25 kB
dist/assets/system.audit-Da49fcGq.js                               2.35 kB │ gzip:   1.18 kB
dist/assets/topics-VJJZHwhY.js                                     2.38 kB │ gzip:   1.23 kB
dist/assets/input-BctqO2IH.js                                      2.47 kB │ gzip:   1.25 kB
dist/assets/dirty-guard-C_ZKw2vs.js                                2.58 kB │ gzip:   1.23 kB
dist/assets/settings.ai-DbbnZmLi.js                                2.64 kB │ gzip:   1.35 kB
dist/assets/prompt.api-DzGm0lBb.js                                 2.65 kB │ gzip:   1.01 kB
dist/assets/products-CKJy74QD.js                                   2.74 kB │ gzip:   1.41 kB
dist/assets/useCompositeListItem-u8lPl9Q5.js                       3.11 kB │ gzip:   1.41 kB
dist/assets/security-CcTGE9dq.js                                   3.12 kB │ gzip:   1.52 kB
dist/assets/settings.ai_._channelId-BogswVDq.js                    3.13 kB │ gzip:   1.57 kB
dist/assets/login-1dFvQLYk.js                                      3.14 kB │ gzip:   1.52 kB
dist/assets/zod-C1u0HXxU.js                                        3.31 kB │ gzip:   1.24 kB
dist/assets/sheet-bN9NdJx3.js                                      3.73 kB │ gzip:   1.44 kB
dist/assets/audit-detail-content-DMxvNL2K.js                       3.90 kB │ gzip:   1.61 kB
dist/assets/print-Cd8cbd6N.js                                      4.13 kB │ gzip:   1.66 kB
dist/assets/Match-CkwEZkRF.js                                      4.38 kB │ gzip:   1.72 kB
dist/assets/product.model-SIU-2ew1.js                              4.40 kB │ gzip:   2.01 kB
dist/assets/new-CzkxDvHY.js                                        4.49 kB │ gzip:   1.96 kB
dist/assets/overview-C_GJL4mt.js                                   4.75 kB │ gzip:   1.93 kB
dist/assets/_workId-DV6k9Ve0.js                                    4.75 kB │ gzip:   2.43 kB
dist/assets/insights.model-CtAChhtI.js                             4.77 kB │ gzip:   2.51 kB
dist/assets/insight-filters-rqrGozJR.js                            4.84 kB │ gzip:   2.40 kB
dist/assets/lazyRouteComponent-Q6-84jhQ.js                         4.88 kB │ gzip:   1.75 kB
dist/assets/settings.prompts-BoVOCzxD.js                           4.92 kB │ gzip:   2.42 kB
dist/assets/issues-CXlNy57P.js                                     5.10 kB │ gzip:   2.13 kB
dist/assets/_productId_.facts_.versions-DW_mMSC7.js                5.26 kB │ gzip:   2.36 kB
dist/assets/composite-D3grXdmQ.js                                  5.88 kB │ gzip:   2.28 kB
dist/assets/articles-B39x15HT.js                                   5.96 kB │ gzip:   2.41 kB
dist/assets/geo-evidence-upload-B73Yo7-W.js                        6.15 kB │ gzip:   2.67 kB
dist/assets/client-C6dNGmfD.js                                     6.59 kB │ gzip:   2.58 kB
dist/assets/principal-epoch-1sT-YUbO.js                            6.87 kB │ gzip:   2.33 kB
dist/assets/globalFilteringFeature-BM9wgKEU.js                     6.95 kB │ gzip:   1.98 kB
dist/assets/plans.api-CSsTjaGQ.js                                  7.47 kB │ gzip:   3.16 kB
dist/assets/_app-Dy44loO9.js                                       7.72 kB │ gzip:   2.58 kB
dist/assets/_platformId-CMSA9EOW.js                                7.74 kB │ gzip:   3.47 kB
dist/assets/insights.api-CKpynYSM.js                               7.79 kB │ gzip:   2.67 kB
dist/assets/QueryClientProvider-Bi8hvFQP.js                        7.81 kB │ gzip:   3.04 kB
dist/assets/product.api-Ccnb7TcC.js                                7.94 kB │ gzip:   2.60 kB
dist/assets/_productId_.facts_.versions_._versionId-BQI0jvDr.js    8.18 kB │ gzip:   2.62 kB
dist/assets/geo-rules-DPlATJBT.js                                  8.38 kB │ gzip:   3.62 kB
dist/assets/jsx-runtime-B-hcVAMW.js                                8.55 kB │ gzip:   3.26 kB
dist/assets/x-vups0wOE.js                                          8.72 kB │ gzip:   3.14 kB
dist/assets/questions-D0H0qt84.js                                  8.80 kB │ gzip:   3.89 kB
dist/assets/new-cxZm4YdR.js                                        8.99 kB │ gzip:   3.80 kB
dist/assets/geo-entities-DBlbWChX.js                               9.09 kB │ gzip:   3.63 kB
dist/assets/products-DoFUKS8J.js                                   9.24 kB │ gzip:   3.71 kB
dist/assets/tasks-Dj4aOdhK.js                                      9.26 kB │ gzip:   3.57 kB
dist/assets/platform.api-xkKjVbzG.js                               9.71 kB │ gzip:   3.25 kB
dist/assets/geo-insights-report-UxWORATc.js                       10.34 kB │ gzip:   2.88 kB
dist/assets/opportunities-CLyCu9VL.js                             10.66 kB │ gzip:   4.34 kB
dist/assets/versions_._versionId-Dud06_fV.js                      12.02 kB │ gzip:   3.82 kB
dist/assets/tabs-BuC3hAM_.js                                      12.50 kB │ gzip:   4.72 kB
dist/assets/system.audit-C3xSUmLw.js                              12.54 kB │ gzip:   4.38 kB
dist/assets/observations-CZ0jyyFP.js                              12.54 kB │ gzip:   4.87 kB
dist/assets/content-task-lifecycle-C4eoFmuR.js                    12.58 kB │ gzip:   4.70 kB
dist/assets/system.users-CsiIONUs.js                              12.93 kB │ gzip:   5.51 kB
dist/assets/insights-UYOzFjSr.js                                  13.42 kB │ gzip:   4.92 kB
dist/assets/runs-CaRRdkcQ.js                                      13.62 kB │ gzip:   5.10 kB
dist/assets/route-B7lFOWS0.js                                     14.07 kB │ gzip:   5.29 kB
dist/assets/report-page-diFvaOFl.js                               14.11 kB │ gzip:   4.41 kB
dist/assets/geo-rules-DZIXljUh.js                                 14.20 kB │ gzip:   5.36 kB
dist/assets/_taskId-DnAvIc3O.js                                   14.87 kB │ gzip:   4.62 kB
dist/assets/content.api-BjgTNYlB.js                               14.90 kB │ gzip:   4.32 kB
dist/assets/_productId_.facts_.review-4-If-cI9.js                 15.87 kB │ gzip:   5.65 kB
dist/assets/work-C6Cutd3G.js                                      15.92 kB │ gzip:   5.20 kB
dist/assets/publication.api-D_tWka1G.js                           16.20 kB │ gzip:   4.80 kB
dist/assets/_articleId-Gx2omtPl.js                                16.27 kB │ gzip:   5.43 kB
dist/assets/useQuery-C44PsoTH.js                                  16.32 kB │ gzip:   5.47 kB
dist/assets/insight-page-frame-DzEOhC1t.js                        16.34 kB │ gzip:   5.28 kB
dist/assets/settings.platforms.types-xL1-dBlR.js                  16.45 kB │ gzip:   5.93 kB
dist/assets/new-Cl-ty608.js                                       16.97 kB │ gzip:   6.06 kB
dist/assets/platforms-Beb5wZLb.js                                 17.07 kB │ gzip:   6.18 kB
dist/assets/auth-provider-C1FP_EhK.js                             17.09 kB │ gzip:   6.21 kB
dist/assets/_productId_.facts-D92v599w.js                         17.36 kB │ gzip:   5.84 kB
dist/assets/_taskId_.review-BRUrJzIv.js                           17.51 kB │ gzip:   6.08 kB
dist/assets/settings.ai-BOLqIUAD.js                               17.54 kB │ gzip:   6.33 kB
dist/assets/_productId-C36d5ucz.js                                17.59 kB │ gzip:   5.90 kB
dist/assets/row-actions-BaNKxcpH.js                               17.90 kB │ gzip:   6.59 kB
dist/assets/_observationId-Cm1HZfGK.js                            18.05 kB │ gzip:   5.76 kB
dist/assets/geo.api-BNHKCfaq.js                                   18.53 kB │ gzip:   5.93 kB
dist/assets/geo-surfaces-BW9iq3J_.js                              18.88 kB │ gzip:   6.99 kB
dist/assets/link-D3jGVc4V.js                                      19.54 kB │ gzip:   7.58 kB
dist/assets/_issueId-AbEWPe5a.js                                  19.62 kB │ gzip:   6.52 kB
dist/assets/topics-BZo2VLHU.js                                    20.02 kB │ gzip:   7.06 kB
dist/assets/audit.model-BwxaFBbK.js                               20.43 kB │ gzip:   6.44 kB
dist/assets/ai-channel-workspace.model-B-nqyXK-.js                20.72 kB │ gzip:   6.32 kB
dist/assets/_observationId_.correct-C295vgr4.js                   24.46 kB │ gzip:   8.25 kB
dist/assets/answers-B0ddKDB2.js                                   28.41 kB │ gzip:   7.97 kB
dist/assets/_workId-ly0AwKyg.js                                   28.55 kB │ gzip:   8.91 kB
dist/assets/questions-Du0PCPNb.js                                 28.85 kB │ gzip:   9.24 kB
dist/assets/select-Cq8n_NQA.js                                    30.10 kB │ gzip:  10.91 kB
dist/assets/settings.prompts-CJR0Z5-a.js                          30.84 kB │ gzip:   9.99 kB
dist/assets/system.users--NcFM812.js                              31.04 kB │ gzip:   9.76 kB
dist/assets/geo-entities-BK23zNsM.js                              35.34 kB │ gzip:  10.94 kB
dist/assets/icon-button-rcW1kEFX.js                               36.26 kB │ gzip:  12.08 kB
dist/assets/providers-Bv-0bv6h.js                                 36.34 kB │ gzip:  10.82 kB
dist/assets/column-header-BR61_b5d.js                             36.45 kB │ gzip:  11.43 kB
dist/assets/ToolbarRootContext-NQWDsf1V.js                        36.62 kB │ gzip:  14.02 kB
dist/assets/index.esm-CDk9jdcJ.js                                 37.59 kB │ gzip:  13.14 kB
dist/assets/_taskId_.editor-BGznIuOd.js                           37.93 kB │ gzip:  11.55 kB
dist/assets/_platformId-Co8McfbQ.js                               38.94 kB │ gzip:  11.60 kB
dist/assets/createLucideIcon-YVagg9ly.js                          39.80 kB │ gzip:  14.03 kB
dist/assets/button-BZhX1_Og.js                                    40.12 kB │ gzip:  13.54 kB
dist/assets/route-BjqJMG8P.js                                     43.48 kB │ gzip:  15.62 kB
dist/assets/settings.ai_._channelId-BEzdt6C9.js                   49.69 kB │ gzip:  13.69 kB
dist/assets/plans-_Tq8eU9Y.js                                     50.94 kB │ gzip:  15.79 kB
dist/assets/geo-surfaces-ZicM2BQY.js                              52.99 kB │ gzip:  15.97 kB
dist/assets/opportunities-BDrODQOX.js                             61.09 kB │ gzip:  16.46 kB
dist/assets/schemas-D4JTeD_A.js                                   69.76 kB │ gzip:  18.61 kB
dist/assets/runs-BSlWnkF5.js                                      95.05 kB │ gzip:  27.29 kB
dist/assets/index-Cdf8fHlK.js                                    189.11 kB │ gzip:  60.52 kB
dist/assets/markdown-editor-D-y4e3hs.js                          729.88 kB │ gzip: 245.01 kB

✓ built in 535ms
[plugin builtin:vite-reporter] 
(!) Some chunks are larger than 500 kB after minification. Consider:
- Using dynamic import() to code-split the application
- Use build.rolldownOptions.output.codeSplitting to improve chunking: https://rolldown.rs/reference/OutputOptions.codeSplitting
- Adjust chunk size limit for this warning via build.chunkSizeWarningLimit.
已创建或确认管理员和内容工程师账号。
GEO E2E provider listening on http://127.0.0.1:19012
INFO:     Started server process [57869]
INFO:     Waiting for application startup.
INFO:     Application startup complete.
INFO:     Uvicorn running on http://127.0.0.1:9001 (Press CTRL+C to quit)
INFO:     Started server process [57868]
INFO:     Waiting for application startup.
INFO:     Application startup complete.
INFO:     Uvicorn running on http://127.0.0.1:19009 (Press CTRL+C to quit)
  ➜  Local:   http://127.0.0.1:4174/
INFO:     Started server process [57867]
INFO:     Waiting for application startup.
INFO:     Application startup complete.
INFO:     Uvicorn running on http://127.0.0.1:8000 (Press CTRL+C to quit)
INFO:     127.0.0.1:55503 - "GET /api/health/ready HTTP/1.1" 200 OK
INFO:     127.0.0.1:55506 - "GET /v1/models HTTP/1.1" 200 OK

> partsignal-frontend-v2@0.1.0 e2e:raw
> playwright test tests/e2e/geo-api-real-stack.spec.ts --project=foundation-desktop


Running 2 tests using 1 worker

(node:57898) Warning: The 'NO_COLOR' env is ignored due to the 'FORCE_COLOR' env being set.
(Use `node --trace-warnings ...` to show where the warning was created)
INFO:     127.0.0.1:55515 - "POST /api/v1/auth/login HTTP/1.1" 200 OK
INFO:     127.0.0.1:55522 - "GET /api/v1/auth/session HTTP/1.1" 200 OK
INFO:     127.0.0.1:55522 - "GET /api/v1/ai-channels?page=1&page_size=20 HTTP/1.1" 200 OK
INFO:     127.0.0.1:55523 - "OPTIONS /api/v1/ai-channels HTTP/1.1" 200 OK
INFO:     127.0.0.1:55522 - "POST /api/v1/ai-channels HTTP/1.1" 201 Created
INFO:     127.0.0.1:55522 - "GET /api/v1/ai-channels?page=1&page_size=20 HTTP/1.1" 200 OK
INFO:     127.0.0.1:55522 - "GET /api/v1/ai-channels/90f5eb3a-a0aa-4cc4-ad30-3e805f4e8966/models HTTP/1.1" 200 OK
INFO:     127.0.0.1:55523 - "OPTIONS /api/v1/ai-channels/90f5eb3a-a0aa-4cc4-ad30-3e805f4e8966/models HTTP/1.1" 200 OK
INFO:     127.0.0.1:55522 - "POST /api/v1/ai-channels/90f5eb3a-a0aa-4cc4-ad30-3e805f4e8966/models HTTP/1.1" 201 Created
INFO:     127.0.0.1:55522 - "GET /api/v1/ai-channels/90f5eb3a-a0aa-4cc4-ad30-3e805f4e8966/models HTTP/1.1" 200 OK
INFO:     127.0.0.1:55524 - "GET /api/v1/ai-channels/90f5eb3a-a0aa-4cc4-ad30-3e805f4e8966 HTTP/1.1" 200 OK
INFO:     127.0.0.1:55523 - "OPTIONS /api/v1/ai-models/17d83d63-2581-49bc-8cea-a7c14a92659f/test HTTP/1.1" 200 OK
INFO:     127.0.0.1:55524 - "POST /api/v1/ai-models/17d83d63-2581-49bc-8cea-a7c14a92659f/test HTTP/1.1" 200 OK
INFO:     127.0.0.1:55522 - "GET /api/v1/ai-channels/90f5eb3a-a0aa-4cc4-ad30-3e805f4e8966 HTTP/1.1" 200 OK
INFO:     127.0.0.1:55524 - "GET /api/v1/ai-channels/90f5eb3a-a0aa-4cc4-ad30-3e805f4e8966/models HTTP/1.1" 200 OK
INFO:     127.0.0.1:55523 - "OPTIONS /api/v1/ai-models/17d83d63-2581-49bc-8cea-a7c14a92659f/enable HTTP/1.1" 200 OK
INFO:     127.0.0.1:55524 - "POST /api/v1/ai-models/17d83d63-2581-49bc-8cea-a7c14a92659f/enable HTTP/1.1" 200 OK
INFO:     127.0.0.1:55524 - "GET /api/v1/ai-channels/90f5eb3a-a0aa-4cc4-ad30-3e805f4e8966/models HTTP/1.1" 200 OK
INFO:     127.0.0.1:55522 - "GET /api/v1/ai-channels/90f5eb3a-a0aa-4cc4-ad30-3e805f4e8966 HTTP/1.1" 200 OK
INFO:     127.0.0.1:55523 - "OPTIONS /api/v1/ai-channels/90f5eb3a-a0aa-4cc4-ad30-3e805f4e8966/enable HTTP/1.1" 200 OK
INFO:     127.0.0.1:55522 - "POST /api/v1/ai-channels/90f5eb3a-a0aa-4cc4-ad30-3e805f4e8966/enable HTTP/1.1" 200 OK
INFO:     127.0.0.1:55524 - "GET /api/v1/auth/session HTTP/1.1" 200 OK
INFO:     127.0.0.1:55524 - "GET /api/v1/geo/subjects?page=1&page_size=20&sort=NAME_ASC HTTP/1.1" 200 OK
INFO:     127.0.0.1:55524 - "GET /api/v1/products?search=&page=1&page_size=10&sort=MODEL_ASC HTTP/1.1" 200 OK
INFO:     127.0.0.1:55527 - "GET /api/v1/geo/subjects?page=1&page_size=10&sort=NAME_ASC&subject_type=OWN_BRAND HTTP/1.1" 200 OK
INFO:     127.0.0.1:55523 - "OPTIONS /api/v1/geo/subjects HTTP/1.1" 200 OK
INFO:     127.0.0.1:55527 - "POST /api/v1/geo/subjects HTTP/1.1" 201 Created
INFO:     127.0.0.1:55524 - "GET /api/v1/geo/subjects/2a321f41-1398-4f33-aedf-84e1e450f8b5 HTTP/1.1" 200 OK
INFO:     127.0.0.1:55527 - "GET /api/v1/geo/subjects?page=1&page_size=20&sort=NAME_ASC HTTP/1.1" 200 OK
INFO:     127.0.0.1:55527 - "GET /api/v1/auth/session HTTP/1.1" 200 OK
INFO:     127.0.0.1:55527 - "GET /api/v1/geo/engine-surfaces?page=1&page_size=20&sort=NAME_ASC HTTP/1.1" 200 OK
INFO:     127.0.0.1:55523 - "OPTIONS /api/v1/geo/engine-surfaces HTTP/1.1" 200 OK
INFO:     127.0.0.1:55527 - "POST /api/v1/geo/engine-surfaces HTTP/1.1" 201 Created
INFO:     127.0.0.1:55527 - "GET /api/v1/geo/engine-surfaces?page=1&page_size=20&sort=NAME_ASC HTTP/1.1" 200 OK
INFO:     127.0.0.1:55524 - "GET /api/v1/geo/engine-surfaces/247abe15-7b8f-47a6-8d8e-920312906c29 HTTP/1.1" 200 OK
INFO:     127.0.0.1:55523 - "OPTIONS /api/v1/geo/engine-surfaces/247abe15-7b8f-47a6-8d8e-920312906c29/enable HTTP/1.1" 200 OK
INFO:     127.0.0.1:55524 - "POST /api/v1/geo/engine-surfaces/247abe15-7b8f-47a6-8d8e-920312906c29/enable HTTP/1.1" 200 OK
INFO:     127.0.0.1:55524 - "GET /api/v1/geo/engine-surfaces?page=1&page_size=20&sort=NAME_ASC HTTP/1.1" 200 OK
INFO:     127.0.0.1:55524 - "GET /api/v1/geo/collection-profiles?page=1&page_size=20&sort=NAME_ASC&engine_surface_id=247abe15-7b8f-47a6-8d8e-920312906c29 HTTP/1.1" 200 OK
INFO:     127.0.0.1:55523 - "OPTIONS /api/v1/geo/collection-profiles HTTP/1.1" 200 OK
INFO:     127.0.0.1:55524 - "POST /api/v1/geo/collection-profiles HTTP/1.1" 201 Created
INFO:     127.0.0.1:55524 - "GET /api/v1/geo/collection-profiles?page=1&page_size=20&sort=NAME_ASC&engine_surface_id=247abe15-7b8f-47a6-8d8e-920312906c29 HTTP/1.1" 200 OK
INFO:     127.0.0.1:55527 - "GET /api/v1/geo/collection-profiles/9ba6b8a4-5341-4943-acb6-f8ec625f3558 HTTP/1.1" 200 OK
INFO:     127.0.0.1:55523 - "OPTIONS /api/v1/geo/collection-profiles/9ba6b8a4-5341-4943-acb6-f8ec625f3558/test HTTP/1.1" 200 OK
INFO:     127.0.0.1:55527 - "POST /api/v1/geo/collection-profiles/9ba6b8a4-5341-4943-acb6-f8ec625f3558/test HTTP/1.1" 200 OK
INFO:     127.0.0.1:55527 - "GET /api/v1/geo/collection-profiles?page=1&page_size=20&sort=NAME_ASC&engine_surface_id=247abe15-7b8f-47a6-8d8e-920312906c29 HTTP/1.1" 200 OK
INFO:     127.0.0.1:55523 - "OPTIONS /api/v1/geo/collection-profiles/9ba6b8a4-5341-4943-acb6-f8ec625f3558/enable HTTP/1.1" 200 OK
INFO:     127.0.0.1:55527 - "POST /api/v1/geo/collection-profiles/9ba6b8a4-5341-4943-acb6-f8ec625f3558/enable HTTP/1.1" 200 OK
INFO:     127.0.0.1:55524 - "GET /api/v1/auth/session HTTP/1.1" 200 OK
INFO:     127.0.0.1:55524 - "GET /api/v1/query-topics/list-items?sort=QUESTION_ASC&page=1&page_size=20 HTTP/1.1" 200 OK
INFO:     127.0.0.1:55523 - "OPTIONS /api/v1/query-topics HTTP/1.1" 200 OK
INFO:     127.0.0.1:55524 - "POST /api/v1/query-topics HTTP/1.1" 201 Created
INFO:     127.0.0.1:55524 - "GET /api/v1/query-topics/list-items?sort=QUESTION_ASC&page=1&page_size=20 HTTP/1.1" 200 OK
INFO:     127.0.0.1:55524 - "GET /api/v1/auth/session HTTP/1.1" 200 OK
INFO:     127.0.0.1:55524 - "GET /api/v1/geo/prompt-variants?page=1&page_size=20&sort=UPDATED_DESC HTTP/1.1" 200 OK
INFO:     127.0.0.1:55524 - "GET /api/v1/query-topics HTTP/1.1" 200 OK
INFO:     127.0.0.1:55523 - "OPTIONS /api/v1/geo/query-topics/244c1bb5-27a8-4617-aba2-b29d97c117b0/prompt-variants HTTP/1.1" 200 OK
INFO:     127.0.0.1:55524 - "POST /api/v1/geo/query-topics/244c1bb5-27a8-4617-aba2-b29d97c117b0/prompt-variants HTTP/1.1" 201 Created
INFO:     127.0.0.1:55524 - "GET /api/v1/geo/prompt-variants?page=1&page_size=20&sort=UPDATED_DESC HTTP/1.1" 200 OK
INFO:     127.0.0.1:55524 - "GET /api/v1/auth/session HTTP/1.1" 200 OK
INFO:     127.0.0.1:55524 - "GET /api/v1/geo/monitoring-plans?page=1&page_size=20&sort=UPDATED_DESC HTTP/1.1" 200 OK
INFO:     127.0.0.1:55547 - "GET /api/v1/geo/subjects?q=a63a9cf1-d29f-4c38-83b9-dd84829a0c4c&page=1&page_size=10&sort=NAME_ASC HTTP/1.1" 200 OK
INFO:     127.0.0.1:55547 - "GET /api/v1/geo/prompt-variants?q=a63a9cf1-d29f-4c38-83b9-dd84829a0c4c&page=1&page_size=10&sort=TEXT_ASC HTTP/1.1" 200 OK
INFO:     127.0.0.1:55549 - "GET /api/v1/geo/prompt-variants?q=a0556f33-88ee-4789-bd70-ece525b7b142&page=1&page_size=10&sort=TEXT_ASC HTTP/1.1" 200 OK
INFO:     127.0.0.1:55549 - "GET /api/v1/geo/collection-profiles?q=a0556f33-88ee-4789-bd70-ece525b7b142&page=1&page_size=10&sort=NAME_ASC HTTP/1.1" 200 OK
INFO:     127.0.0.1:55550 - "GET /api/v1/geo/collection-profiles?q=a63a9cf1-d29f-4c38-83b9-dd84829a0c4c&page=1&page_size=10&sort=NAME_ASC HTTP/1.1" 200 OK
INFO:     127.0.0.1:55523 - "OPTIONS /api/v1/geo/monitoring-plans/preview HTTP/1.1" 200 OK
INFO:     127.0.0.1:55550 - "POST /api/v1/geo/monitoring-plans/preview HTTP/1.1" 200 OK
INFO:     127.0.0.1:55523 - "OPTIONS /api/v1/geo/monitoring-plans HTTP/1.1" 200 OK
INFO:     127.0.0.1:55550 - "POST /api/v1/geo/monitoring-plans HTTP/1.1" 201 Created
INFO:     127.0.0.1:55550 - "GET /api/v1/geo/monitoring-plans?page=1&page_size=20&sort=UPDATED_DESC HTTP/1.1" 200 OK
INFO:     127.0.0.1:55550 - "GET /api/v1/auth/session HTTP/1.1" 200 OK
INFO:     127.0.0.1:55550 - "GET /api/v1/geo/observation-batches?sort=CREATED_DESC&page=1&page_size=20 HTTP/1.1" 200 OK
INFO:     127.0.0.1:55550 - "GET /api/v1/geo/monitoring-plans?page=1&page_size=20&sort=UPDATED_DESC HTTP/1.1" 200 OK
INFO:     127.0.0.1:55550 - "GET /api/v1/geo/monitoring-plans?q=GEO408%20SUCCESS%20%E8%AE%A1%E5%88%92%20a0556f33-88ee-4789-bd70-ece525b7b142&page=1&page_size=20&sort=UPDATED_DESC HTTP/1.1" 200 OK
INFO:     127.0.0.1:55523 - "OPTIONS /api/v1/geo/monitoring-plans/2f653f5e-fda1-41c1-b41b-49eb95cf3171/run HTTP/1.1" 200 OK
INFO:     127.0.0.1:55550 - "POST /api/v1/geo/monitoring-plans/2f653f5e-fda1-41c1-b41b-49eb95cf3171/run HTTP/1.1" 201 Created
INFO:     127.0.0.1:55550 - "GET /api/v1/geo/observation-batches?sort=CREATED_DESC&page=1&page_size=20 HTTP/1.1" 200 OK
INFO:     127.0.0.1:55549 - "GET /api/v1/geo/observation-runs?sort=CREATED_DESC&page=1&page_size=20&batch_id=d0ae1ff5-db10-4b02-9101-b3aad7d44471&latest_only=true HTTP/1.1" 200 OK
INFO:     127.0.0.1:55556 - "GET /api/v1/geo/observation-batches/d0ae1ff5-db10-4b02-9101-b3aad7d44471 HTTP/1.1" 200 OK
INFO:     127.0.0.1:55556 - "GET /api/v1/geo/observation-runs/e7b5fd8b-1fe1-41b1-bda0-52804d06fa3b HTTP/1.1" 200 OK
INFO:     127.0.0.1:55556 - "GET /api/v1/geo/observation-runs?sort=CREATED_DESC&page=1&page_size=20&batch_id=d0ae1ff5-db10-4b02-9101-b3aad7d44471&latest_only=true HTTP/1.1" 200 OK
INFO:     127.0.0.1:55570 - "GET /api/v1/geo/observation-batches/d0ae1ff5-db10-4b02-9101-b3aad7d44471 HTTP/1.1" 200 OK
INFO:     127.0.0.1:55570 - "GET /api/v1/geo/observation-runs/e7b5fd8b-1fe1-41b1-bda0-52804d06fa3b HTTP/1.1" 200 OK
INFO:     127.0.0.1:55571 - "GET /api/v1/geo/observation-runs/e7b5fd8b-1fe1-41b1-bda0-52804d06fa3b HTTP/1.1" 200 OK
INFO:     127.0.0.1:55571 - "GET /api/v1/geo/observation-runs/e7b5fd8b-1fe1-41b1-bda0-52804d06fa3b HTTP/1.1" 200 OK
INFO:     127.0.0.1:55570 - "GET /api/v1/auth/session HTTP/1.1" 200 OK
INFO:     127.0.0.1:55570 - "GET /api/v1/query-topics/list-items?sort=QUESTION_ASC&page=1&page_size=20 HTTP/1.1" 200 OK
INFO:     127.0.0.1:55570 - "POST /api/v1/query-topics HTTP/1.1" 201 Created
INFO:     127.0.0.1:55570 - "GET /api/v1/query-topics/list-items?sort=QUESTION_ASC&page=1&page_size=20 HTTP/1.1" 200 OK
INFO:     127.0.0.1:55570 - "GET /api/v1/auth/session HTTP/1.1" 200 OK
INFO:     127.0.0.1:55570 - "GET /api/v1/geo/prompt-variants?page=1&page_size=20&sort=UPDATED_DESC HTTP/1.1" 200 OK
INFO:     127.0.0.1:55570 - "GET /api/v1/query-topics HTTP/1.1" 200 OK
INFO:     127.0.0.1:55597 - "OPTIONS /api/v1/geo/query-topics/afd5b365-ed3a-4358-90a5-85f101061219/prompt-variants HTTP/1.1" 200 OK
INFO:     127.0.0.1:55570 - "POST /api/v1/geo/query-topics/afd5b365-ed3a-4358-90a5-85f101061219/prompt-variants HTTP/1.1" 201 Created
INFO:     127.0.0.1:55570 - "GET /api/v1/geo/prompt-variants?page=1&page_size=20&sort=UPDATED_DESC HTTP/1.1" 200 OK
INFO:     127.0.0.1:55570 - "GET /api/v1/auth/session HTTP/1.1" 200 OK
INFO:     127.0.0.1:55570 - "GET /api/v1/geo/monitoring-plans?page=1&page_size=20&sort=UPDATED_DESC HTTP/1.1" 200 OK
INFO:     127.0.0.1:55556 - "GET /api/v1/geo/subjects?q=a63a9cf1-d29f-4c38-83b9-dd84829a0c4c&page=1&page_size=10&sort=NAME_ASC HTTP/1.1" 200 OK
INFO:     127.0.0.1:55556 - "GET /api/v1/geo/prompt-variants?q=a63a9cf1-d29f-4c38-83b9-dd84829a0c4c&page=1&page_size=10&sort=TEXT_ASC HTTP/1.1" 200 OK
INFO:     127.0.0.1:55598 - "GET /api/v1/geo/prompt-variants?q=ee7f194a-9d7f-44f4-bd43-47841859b7ce&page=1&page_size=10&sort=TEXT_ASC HTTP/1.1" 200 OK
INFO:     127.0.0.1:55598 - "GET /api/v1/geo/collection-profiles?q=ee7f194a-9d7f-44f4-bd43-47841859b7ce&page=1&page_size=10&sort=NAME_ASC HTTP/1.1" 200 OK
INFO:     127.0.0.1:55556 - "GET /api/v1/geo/collection-profiles?q=a63a9cf1-d29f-4c38-83b9-dd84829a0c4c&page=1&page_size=10&sort=NAME_ASC HTTP/1.1" 200 OK
INFO:     127.0.0.1:55556 - "POST /api/v1/geo/monitoring-plans/preview HTTP/1.1" 200 OK
INFO:     127.0.0.1:55556 - "POST /api/v1/geo/monitoring-plans HTTP/1.1" 201 Created
INFO:     127.0.0.1:55556 - "GET /api/v1/geo/monitoring-plans?page=1&page_size=20&sort=UPDATED_DESC HTTP/1.1" 200 OK
INFO:     127.0.0.1:55556 - "GET /api/v1/auth/session HTTP/1.1" 200 OK
INFO:     127.0.0.1:55556 - "GET /api/v1/geo/observation-batches?sort=CREATED_DESC&page=1&page_size=20 HTTP/1.1" 200 OK
INFO:     127.0.0.1:55556 - "GET /api/v1/geo/monitoring-plans?page=1&page_size=20&sort=UPDATED_DESC HTTP/1.1" 200 OK
INFO:     127.0.0.1:55556 - "GET /api/v1/geo/monitoring-plans?q=GEO408%20RATE_LIMIT%20%E8%AE%A1%E5%88%92%20ee7f194a-9d7f-44f4-bd43-47841859b7ce&page=1&page_size=20&sort=UPDATED_DESC HTTP/1.1" 200 OK
INFO:     127.0.0.1:55597 - "OPTIONS /api/v1/geo/monitoring-plans/56cd5672-3870-4d28-8a3a-98ac5d506ac9/run HTTP/1.1" 200 OK
INFO:     127.0.0.1:55556 - "POST /api/v1/geo/monitoring-plans/56cd5672-3870-4d28-8a3a-98ac5d506ac9/run HTTP/1.1" 201 Created
INFO:     127.0.0.1:55556 - "GET /api/v1/geo/observation-batches?sort=CREATED_DESC&page=1&page_size=20 HTTP/1.1" 200 OK
INFO:     127.0.0.1:55598 - "GET /api/v1/geo/observation-runs?sort=CREATED_DESC&page=1&page_size=20&batch_id=06c5835e-549b-4257-a3e2-4e0b9b348c2a&latest_only=true HTTP/1.1" 200 OK
INFO:     127.0.0.1:55556 - "GET /api/v1/geo/observation-batches/06c5835e-549b-4257-a3e2-4e0b9b348c2a HTTP/1.1" 200 OK
[2026-10-05 19:22:00,016: WARNING/MainProcess] {"component": "partsignal.geo.collection", "error_code": "PROVIDER_RATE_LIMITED", "event": "collection_finished", "run_id": "8be8fc66-bb28-4498-b251-0809beef48a2", "schema_version": 1, "stage": "COLLECTION", "status": "FAILED"}
INFO:     127.0.0.1:55556 - "GET /api/v1/geo/observation-runs/8be8fc66-bb28-4498-b251-0809beef48a2 HTTP/1.1" 200 OK
INFO:     127.0.0.1:55556 - "GET /api/v1/geo/observation-runs?sort=CREATED_DESC&page=1&page_size=20&batch_id=06c5835e-549b-4257-a3e2-4e0b9b348c2a&latest_only=true HTTP/1.1" 200 OK
INFO:     127.0.0.1:55600 - "GET /api/v1/geo/observation-batches/06c5835e-549b-4257-a3e2-4e0b9b348c2a HTTP/1.1" 200 OK
INFO:     127.0.0.1:55600 - "GET /api/v1/geo/observation-runs/8be8fc66-bb28-4498-b251-0809beef48a2 HTTP/1.1" 200 OK
INFO:     127.0.0.1:55612 - "GET /api/v1/geo/observation-runs/8be8fc66-bb28-4498-b251-0809beef48a2 HTTP/1.1" 200 OK
INFO:     127.0.0.1:55614 - "OPTIONS /api/v1/geo/observation-runs/8be8fc66-bb28-4498-b251-0809beef48a2/retry HTTP/1.1" 200 OK
INFO:     127.0.0.1:55600 - "POST /api/v1/geo/observation-runs/8be8fc66-bb28-4498-b251-0809beef48a2/retry HTTP/1.1" 201 Created
INFO:     127.0.0.1:55600 - "GET /api/v1/geo/observation-runs?sort=CREATED_DESC&page=1&page_size=20&batch_id=06c5835e-549b-4257-a3e2-4e0b9b348c2a&latest_only=true HTTP/1.1" 200 OK
INFO:     127.0.0.1:55615 - "GET /api/v1/geo/observation-batches/06c5835e-549b-4257-a3e2-4e0b9b348c2a HTTP/1.1" 200 OK
INFO:     127.0.0.1:55617 - "GET /api/v1/geo/observation-runs/41bfc8a4-f7ce-42f6-ac7c-4517d6b5885f HTTP/1.1" 200 OK
INFO:     127.0.0.1:55617 - "GET /api/v1/geo/observation-runs?sort=CREATED_DESC&page=1&page_size=20&batch_id=06c5835e-549b-4257-a3e2-4e0b9b348c2a&latest_only=true HTTP/1.1" 200 OK
INFO:     127.0.0.1:55633 - "GET /api/v1/geo/observation-batches/06c5835e-549b-4257-a3e2-4e0b9b348c2a HTTP/1.1" 200 OK
INFO:     127.0.0.1:55617 - "GET /api/v1/geo/observation-runs/41bfc8a4-f7ce-42f6-ac7c-4517d6b5885f HTTP/1.1" 200 OK
INFO:     127.0.0.1:55634 - "GET /api/v1/geo/observation-runs/8be8fc66-bb28-4498-b251-0809beef48a2 HTTP/1.1" 200 OK
INFO:     127.0.0.1:55634 - "GET /api/v1/geo/observation-runs/41bfc8a4-f7ce-42f6-ac7c-4517d6b5885f HTTP/1.1" 200 OK
INFO:     127.0.0.1:55634 - "GET /api/v1/geo/observation-batches/06c5835e-549b-4257-a3e2-4e0b9b348c2a HTTP/1.1" 200 OK
INFO:     127.0.0.1:55633 - "GET /api/v1/auth/session HTTP/1.1" 200 OK
INFO:     127.0.0.1:55633 - "GET /api/v1/query-topics/list-items?sort=QUESTION_ASC&page=1&page_size=20 HTTP/1.1" 200 OK
INFO:     127.0.0.1:55633 - "POST /api/v1/query-topics HTTP/1.1" 201 Created
INFO:     127.0.0.1:55633 - "GET /api/v1/query-topics/list-items?sort=QUESTION_ASC&page=1&page_size=20 HTTP/1.1" 200 OK
INFO:     127.0.0.1:55633 - "GET /api/v1/auth/session HTTP/1.1" 200 OK
INFO:     127.0.0.1:55633 - "GET /api/v1/geo/prompt-variants?page=1&page_size=20&sort=UPDATED_DESC HTTP/1.1" 200 OK
INFO:     127.0.0.1:55633 - "GET /api/v1/query-topics HTTP/1.1" 200 OK
INFO:     127.0.0.1:55652 - "OPTIONS /api/v1/geo/query-topics/dee2e47d-9181-4a0b-bca2-813f01abf8f0/prompt-variants HTTP/1.1" 200 OK
INFO:     127.0.0.1:55633 - "POST /api/v1/geo/query-topics/dee2e47d-9181-4a0b-bca2-813f01abf8f0/prompt-variants HTTP/1.1" 201 Created
INFO:     127.0.0.1:55633 - "GET /api/v1/geo/prompt-variants?page=1&page_size=20&sort=UPDATED_DESC HTTP/1.1" 200 OK
INFO:     127.0.0.1:55633 - "GET /api/v1/auth/session HTTP/1.1" 200 OK
INFO:     127.0.0.1:55633 - "GET /api/v1/geo/monitoring-plans?page=1&page_size=20&sort=UPDATED_DESC HTTP/1.1" 200 OK
INFO:     127.0.0.1:55653 - "GET /api/v1/geo/subjects?q=a63a9cf1-d29f-4c38-83b9-dd84829a0c4c&page=1&page_size=10&sort=NAME_ASC HTTP/1.1" 200 OK
INFO:     127.0.0.1:55653 - "GET /api/v1/geo/prompt-variants?q=a63a9cf1-d29f-4c38-83b9-dd84829a0c4c&page=1&page_size=10&sort=TEXT_ASC HTTP/1.1" 200 OK
INFO:     127.0.0.1:55654 - "GET /api/v1/geo/prompt-variants?q=02fc1f2b-e3fc-49da-91e4-76a5db285740&page=1&page_size=10&sort=TEXT_ASC HTTP/1.1" 200 OK
INFO:     127.0.0.1:55654 - "GET /api/v1/geo/collection-profiles?q=02fc1f2b-e3fc-49da-91e4-76a5db285740&page=1&page_size=10&sort=NAME_ASC HTTP/1.1" 200 OK
INFO:     127.0.0.1:55653 - "GET /api/v1/geo/collection-profiles?q=a63a9cf1-d29f-4c38-83b9-dd84829a0c4c&page=1&page_size=10&sort=NAME_ASC HTTP/1.1" 200 OK
INFO:     127.0.0.1:55653 - "POST /api/v1/geo/monitoring-plans/preview HTTP/1.1" 200 OK
INFO:     127.0.0.1:55653 - "POST /api/v1/geo/monitoring-plans HTTP/1.1" 201 Created
INFO:     127.0.0.1:55653 - "GET /api/v1/geo/monitoring-plans?page=1&page_size=20&sort=UPDATED_DESC HTTP/1.1" 200 OK
INFO:     127.0.0.1:55653 - "GET /api/v1/auth/session HTTP/1.1" 200 OK
INFO:     127.0.0.1:55653 - "GET /api/v1/geo/observation-batches?sort=CREATED_DESC&page=1&page_size=20 HTTP/1.1" 200 OK
INFO:     127.0.0.1:55653 - "GET /api/v1/geo/monitoring-plans?page=1&page_size=20&sort=UPDATED_DESC HTTP/1.1" 200 OK
INFO:     127.0.0.1:55653 - "GET /api/v1/geo/monitoring-plans?q=GEO408%20UNKNOWN%20%E8%AE%A1%E5%88%92%2002fc1f2b-e3fc-49da-91e4-76a5db285740&page=1&page_size=20&sort=UPDATED_DESC HTTP/1.1" 200 OK
INFO:     127.0.0.1:55652 - "OPTIONS /api/v1/geo/monitoring-plans/d9ce8bc8-d843-47d5-9a55-886d05d02138/run HTTP/1.1" 200 OK
INFO:     127.0.0.1:55653 - "POST /api/v1/geo/monitoring-plans/d9ce8bc8-d843-47d5-9a55-886d05d02138/run HTTP/1.1" 201 Created
INFO:     127.0.0.1:55653 - "GET /api/v1/geo/observation-batches?sort=CREATED_DESC&page=1&page_size=20 HTTP/1.1" 200 OK
INFO:     127.0.0.1:55654 - "GET /api/v1/geo/observation-runs?sort=CREATED_DESC&page=1&page_size=20&batch_id=eb1a447d-5b53-4215-a2da-27f334c96921&latest_only=true HTTP/1.1" 200 OK
INFO:     127.0.0.1:55656 - "GET /api/v1/geo/observation-batches/eb1a447d-5b53-4215-a2da-27f334c96921 HTTP/1.1" 200 OK
[2026-10-05 19:22:14,196: WARNING/MainProcess] {"component": "partsignal.geo.collection", "error_code": "COLLECTOR_UNKNOWN_OUTCOME", "event": "collection_finished", "run_id": "65fff525-66ca-4060-9ec9-19ee169c521f", "schema_version": 1, "stage": "COLLECTION", "status": "FAILED"}
INFO:     127.0.0.1:55656 - "GET /api/v1/geo/observation-runs/65fff525-66ca-4060-9ec9-19ee169c521f HTTP/1.1" 200 OK
INFO:     127.0.0.1:55634 - "GET /api/v1/geo/observation-runs/65fff525-66ca-4060-9ec9-19ee169c521f HTTP/1.1" 200 OK
INFO:     127.0.0.1:55652 - "OPTIONS /api/v1/geo/observation-runs/65fff525-66ca-4060-9ec9-19ee169c521f/retry HTTP/1.1" 200 OK
INFO:     127.0.0.1:55656 - "POST /api/v1/geo/observation-runs/65fff525-66ca-4060-9ec9-19ee169c521f/retry HTTP/1.1" 201 Created
INFO:     127.0.0.1:55653 - "GET /api/v1/geo/observation-batches/eb1a447d-5b53-4215-a2da-27f334c96921 HTTP/1.1" 200 OK
INFO:     127.0.0.1:55656 - "GET /api/v1/geo/observation-runs?sort=CREATED_DESC&page=1&page_size=20&batch_id=eb1a447d-5b53-4215-a2da-27f334c96921&latest_only=true HTTP/1.1" 200 OK
INFO:     127.0.0.1:55661 - "GET /api/v1/geo/observation-runs/bed2ef7d-2351-4dd4-89a4-9db1506421c8 HTTP/1.1" 200 OK
INFO:     127.0.0.1:55678 - "GET /api/v1/geo/observation-runs?sort=CREATED_DESC&page=1&page_size=20&batch_id=eb1a447d-5b53-4215-a2da-27f334c96921&latest_only=true HTTP/1.1" 200 OK
INFO:     127.0.0.1:55661 - "GET /api/v1/geo/observation-batches/eb1a447d-5b53-4215-a2da-27f334c96921 HTTP/1.1" 200 OK
INFO:     127.0.0.1:55679 - "GET /api/v1/geo/observation-runs/bed2ef7d-2351-4dd4-89a4-9db1506421c8 HTTP/1.1" 200 OK
INFO:     127.0.0.1:55681 - "GET /api/v1/geo/observation-runs/65fff525-66ca-4060-9ec9-19ee169c521f HTTP/1.1" 200 OK
INFO:     127.0.0.1:55681 - "GET /api/v1/geo/observation-runs/bed2ef7d-2351-4dd4-89a4-9db1506421c8 HTTP/1.1" 200 OK
INFO:     127.0.0.1:55681 - "GET /api/v1/geo/observation-batches/eb1a447d-5b53-4215-a2da-27f334c96921 HTTP/1.1" 200 OK
INFO:     127.0.0.1:55661 - "GET /api/v1/auth/session HTTP/1.1" 200 OK
INFO:     127.0.0.1:55661 - "GET /api/v1/query-topics/list-items?sort=QUESTION_ASC&page=1&page_size=20 HTTP/1.1" 200 OK
INFO:     127.0.0.1:55661 - "POST /api/v1/query-topics HTTP/1.1" 201 Created
INFO:     127.0.0.1:55661 - "GET /api/v1/query-topics/list-items?sort=QUESTION_ASC&page=1&page_size=20 HTTP/1.1" 200 OK
INFO:     127.0.0.1:55661 - "GET /api/v1/auth/session HTTP/1.1" 200 OK
INFO:     127.0.0.1:55661 - "GET /api/v1/geo/prompt-variants?page=1&page_size=20&sort=UPDATED_DESC HTTP/1.1" 200 OK
INFO:     127.0.0.1:55661 - "GET /api/v1/query-topics HTTP/1.1" 200 OK
INFO:     127.0.0.1:55690 - "OPTIONS /api/v1/geo/query-topics/e38c8d7a-ce85-468e-b01e-fb7a8f095dd4/prompt-variants HTTP/1.1" 200 OK
INFO:     127.0.0.1:55661 - "POST /api/v1/geo/query-topics/e38c8d7a-ce85-468e-b01e-fb7a8f095dd4/prompt-variants HTTP/1.1" 201 Created
INFO:     127.0.0.1:55661 - "GET /api/v1/geo/prompt-variants?page=1&page_size=20&sort=UPDATED_DESC HTTP/1.1" 200 OK
INFO:     127.0.0.1:55661 - "GET /api/v1/auth/session HTTP/1.1" 200 OK
INFO:     127.0.0.1:55661 - "GET /api/v1/geo/monitoring-plans?page=1&page_size=20&sort=UPDATED_DESC HTTP/1.1" 200 OK
INFO:     127.0.0.1:55678 - "GET /api/v1/geo/subjects?q=a63a9cf1-d29f-4c38-83b9-dd84829a0c4c&page=1&page_size=10&sort=NAME_ASC HTTP/1.1" 200 OK
INFO:     127.0.0.1:55678 - "GET /api/v1/geo/prompt-variants?q=a63a9cf1-d29f-4c38-83b9-dd84829a0c4c&page=1&page_size=10&sort=TEXT_ASC HTTP/1.1" 200 OK
INFO:     127.0.0.1:55699 - "GET /api/v1/geo/prompt-variants?q=c554b6ce-de58-40fc-ae26-b5ac4fa74adb&page=1&page_size=10&sort=TEXT_ASC HTTP/1.1" 200 OK
INFO:     127.0.0.1:55699 - "GET /api/v1/geo/collection-profiles?q=c554b6ce-de58-40fc-ae26-b5ac4fa74adb&page=1&page_size=10&sort=NAME_ASC HTTP/1.1" 200 OK
INFO:     127.0.0.1:55678 - "GET /api/v1/geo/collection-profiles?q=a63a9cf1-d29f-4c38-83b9-dd84829a0c4c&page=1&page_size=10&sort=NAME_ASC HTTP/1.1" 200 OK
INFO:     127.0.0.1:55678 - "POST /api/v1/geo/monitoring-plans/preview HTTP/1.1" 200 OK
INFO:     127.0.0.1:55678 - "POST /api/v1/geo/monitoring-plans HTTP/1.1" 201 Created
INFO:     127.0.0.1:55678 - "GET /api/v1/geo/monitoring-plans?page=1&page_size=20&sort=UPDATED_DESC HTTP/1.1" 200 OK
INFO:     127.0.0.1:55678 - "GET /api/v1/auth/session HTTP/1.1" 200 OK
INFO:     127.0.0.1:55678 - "GET /api/v1/geo/observation-batches?sort=CREATED_DESC&page=1&page_size=20 HTTP/1.1" 200 OK
INFO:     127.0.0.1:55678 - "GET /api/v1/geo/monitoring-plans?page=1&page_size=20&sort=UPDATED_DESC HTTP/1.1" 200 OK
INFO:     127.0.0.1:55678 - "GET /api/v1/geo/monitoring-plans?q=GEO408%20INTERNAL%20%E8%AE%A1%E5%88%92%20c554b6ce-de58-40fc-ae26-b5ac4fa74adb&page=1&page_size=20&sort=UPDATED_DESC HTTP/1.1" 200 OK
INFO:     127.0.0.1:55690 - "OPTIONS /api/v1/geo/monitoring-plans/4771658c-db47-4a7e-b821-1fbecb537ba0/run HTTP/1.1" 200 OK
INFO:     127.0.0.1:55678 - "POST /api/v1/geo/monitoring-plans/4771658c-db47-4a7e-b821-1fbecb537ba0/run HTTP/1.1" 201 Created
INFO:     127.0.0.1:55678 - "GET /api/v1/geo/observation-batches?sort=CREATED_DESC&page=1&page_size=20 HTTP/1.1" 200 OK
INFO:     127.0.0.1:55699 - "GET /api/v1/geo/observation-runs?sort=CREATED_DESC&page=1&page_size=20&batch_id=d290bcc1-060d-4157-a06d-ee09a88230d9&latest_only=true HTTP/1.1" 200 OK
INFO:     127.0.0.1:55701 - "GET /api/v1/geo/observation-batches/d290bcc1-060d-4157-a06d-ee09a88230d9 HTTP/1.1" 200 OK
[2026-10-05 19:22:22,952: WARNING/MainProcess] {"component": "partsignal.geo.collection", "error_code": "DATA_CLASSIFICATION_FORBIDDEN", "event": "collection_finished", "run_id": "995f4a2f-43c2-41da-b8fb-243eb7b9b229", "schema_version": 1, "stage": "COLLECTION", "status": "FAILED"}
INFO:     127.0.0.1:55701 - "GET /api/v1/geo/observation-runs/995f4a2f-43c2-41da-b8fb-243eb7b9b229 HTTP/1.1" 200 OK
INFO:     127.0.0.1:55681 - "GET /api/v1/geo/observation-runs/995f4a2f-43c2-41da-b8fb-243eb7b9b229 HTTP/1.1" 200 OK
INFO:     127.0.0.1:55701 - "GET /api/v1/auth/session HTTP/1.1" 200 OK
INFO:     127.0.0.1:55701 - "GET /api/v1/query-topics/list-items?sort=QUESTION_ASC&page=1&page_size=20 HTTP/1.1" 200 OK
INFO:     127.0.0.1:55701 - "POST /api/v1/query-topics HTTP/1.1" 201 Created
INFO:     127.0.0.1:55701 - "GET /api/v1/query-topics/list-items?sort=QUESTION_ASC&page=1&page_size=20 HTTP/1.1" 200 OK
INFO:     127.0.0.1:55701 - "GET /api/v1/auth/session HTTP/1.1" 200 OK
INFO:     127.0.0.1:55701 - "GET /api/v1/geo/prompt-variants?page=1&page_size=20&sort=UPDATED_DESC HTTP/1.1" 200 OK
INFO:     127.0.0.1:55701 - "GET /api/v1/query-topics HTTP/1.1" 200 OK
INFO:     127.0.0.1:55690 - "OPTIONS /api/v1/geo/query-topics/3b2e5a43-569a-4b5a-aa8b-13f7bb0756a4/prompt-variants HTTP/1.1" 200 OK
INFO:     127.0.0.1:55701 - "POST /api/v1/geo/query-topics/3b2e5a43-569a-4b5a-aa8b-13f7bb0756a4/prompt-variants HTTP/1.1" 201 Created
INFO:     127.0.0.1:55701 - "GET /api/v1/geo/prompt-variants?page=1&page_size=20&sort=UPDATED_DESC HTTP/1.1" 200 OK
INFO:     127.0.0.1:55701 - "GET /api/v1/auth/session HTTP/1.1" 200 OK
INFO:     127.0.0.1:55701 - "GET /api/v1/geo/monitoring-plans?page=1&page_size=20&sort=UPDATED_DESC HTTP/1.1" 200 OK
INFO:     127.0.0.1:55699 - "GET /api/v1/geo/subjects?q=a63a9cf1-d29f-4c38-83b9-dd84829a0c4c&page=1&page_size=10&sort=NAME_ASC HTTP/1.1" 200 OK
INFO:     127.0.0.1:55699 - "GET /api/v1/geo/prompt-variants?q=a63a9cf1-d29f-4c38-83b9-dd84829a0c4c&page=1&page_size=10&sort=TEXT_ASC HTTP/1.1" 200 OK
INFO:     127.0.0.1:55678 - "GET /api/v1/geo/prompt-variants?q=19bdf0b1-9bd6-4b74-9c9d-f3103b35e79b&page=1&page_size=10&sort=TEXT_ASC HTTP/1.1" 200 OK
INFO:     127.0.0.1:55678 - "GET /api/v1/geo/collection-profiles?q=19bdf0b1-9bd6-4b74-9c9d-f3103b35e79b&page=1&page_size=10&sort=NAME_ASC HTTP/1.1" 200 OK
INFO:     127.0.0.1:55699 - "GET /api/v1/geo/collection-profiles?q=a63a9cf1-d29f-4c38-83b9-dd84829a0c4c&page=1&page_size=10&sort=NAME_ASC HTTP/1.1" 200 OK
INFO:     127.0.0.1:55699 - "POST /api/v1/geo/monitoring-plans/preview HTTP/1.1" 200 OK
INFO:     127.0.0.1:55699 - "POST /api/v1/geo/monitoring-plans HTTP/1.1" 201 Created
INFO:     127.0.0.1:55699 - "GET /api/v1/geo/monitoring-plans?page=1&page_size=20&sort=UPDATED_DESC HTTP/1.1" 200 OK
INFO:     127.0.0.1:55699 - "GET /api/v1/auth/session HTTP/1.1" 200 OK
INFO:     127.0.0.1:55699 - "GET /api/v1/geo/observation-batches?sort=CREATED_DESC&page=1&page_size=20 HTTP/1.1" 200 OK
INFO:     127.0.0.1:55699 - "GET /api/v1/geo/monitoring-plans?page=1&page_size=20&sort=UPDATED_DESC HTTP/1.1" 200 OK
INFO:     127.0.0.1:55699 - "GET /api/v1/geo/monitoring-plans?q=GEO408%20BUDGET%20%E8%AE%A1%E5%88%92%2019bdf0b1-9bd6-4b74-9c9d-f3103b35e79b&page=1&page_size=20&sort=UPDATED_DESC HTTP/1.1" 200 OK
INFO:     127.0.0.1:55690 - "OPTIONS /api/v1/geo/monitoring-plans/7612d17f-9e40-4918-9b06-76e5a62a3f93/run HTTP/1.1" 200 OK
INFO:     127.0.0.1:55699 - "POST /api/v1/geo/monitoring-plans/7612d17f-9e40-4918-9b06-76e5a62a3f93/run HTTP/1.1" 201 Created
INFO:     127.0.0.1:55699 - "GET /api/v1/geo/observation-batches?sort=CREATED_DESC&page=1&page_size=20 HTTP/1.1" 200 OK
INFO:     127.0.0.1:55678 - "GET /api/v1/geo/observation-runs?sort=CREATED_DESC&page=1&page_size=20&batch_id=0f12d219-bd2c-49c5-a838-7a34040f025c&latest_only=true HTTP/1.1" 200 OK
INFO:     127.0.0.1:55707 - "GET /api/v1/geo/observation-batches/0f12d219-bd2c-49c5-a838-7a34040f025c HTTP/1.1" 200 OK
INFO:     127.0.0.1:55707 - "GET /api/v1/geo/observation-runs/eb30f554-8898-4a88-a9d2-0879735d8a12 HTTP/1.1" 200 OK
INFO:     127.0.0.1:55681 - "GET /api/v1/geo/observation-runs/eb30f554-8898-4a88-a9d2-0879735d8a12 HTTP/1.1" 200 OK
  ✓  1 [foundation-desktop] › tests/e2e/geo-api-real-stack.spec.ts:18:1 › API 自动轮询、原文引用、部分 usage、费用、429/未知结果与显式新尝试 (43.0s)
  -  2 [foundation-desktop] › tests/e2e/geo-api-real-stack.spec.ts:125:1 › 关闭开关的新 API/Worker 消费真实 PENDING，明确失败且 provider 零调用

  1 skipped
  1 passed (43.4s)
E2E_SECRET_SCAN status=clean
E2E_RESULT playwright=0 secret_scan=0
INFO:     Shutting down
INFO:     Waiting for application shutdown.
INFO:     Application shutdown complete.
INFO:     Finished server process [57869]

worker: Warm shutdown (MainProcess)
INFO:     Shutting down
INFO:     Waiting for application shutdown.
INFO:     Application shutdown complete.
INFO:     Finished server process [57868]
INFO:     Shutting down
INFO:     Waiting for application shutdown.
INFO:     Application shutdown complete.
INFO:     Finished server process [57867]
E2E_CLEANUP redis_db=13 keys=1 status=deleted
E2E_CLEANUP ports=8000,9001,4174,19009,19012 status=released
E2E_CLEANUP database=partsignal_e2e_20261005_646d354df2d5045cddc93f62f68099f4 status=dropped
E2E_CLEANUP storage=/var/folders/m5/j06tv2sn1hn93d6f33j559jm0000gn/T//partsignal-e2e-storage.G4o9it status=removed
E2E_GEO phase=enabled status=passed
E2E_GEO phase=api-disabled status=begin
E2E_SECRET_REGISTRATION status=ready
INFO  [alembic.runtime.migration] Context impl PostgresqlImpl.
INFO  [alembic.runtime.migration] Will assume transactional DDL.
INFO  [alembic.runtime.migration] Running upgrade  -> 0001_identity_audit, 创建身份、会话和审计表。
INFO  [alembic.runtime.migration] Running upgrade 0001_identity_audit -> 0002_product_facts, 创建规范化产品事实和不可变事实版本。
INFO  [alembic.runtime.migration] Running upgrade 0002_product_facts -> 0003_content_planning, 创建目标问题、平台规则版本和内容任务。
INFO  [alembic.runtime.migration] Running upgrade 0003_content_planning -> 0004_content_production, 创建 PostgreSQL 权威生成作业和不可变 Markdown 内容版本。
INFO  [alembic.runtime.migration] Running upgrade 0004_content_production -> 0005_content_review, 创建追加式内容审核记录。
INFO  [alembic.runtime.migration] Running upgrade 0005_content_review -> 0006_publication, 创建平台账号、人工发布记录和状态事件。
INFO  [alembic.runtime.migration] Running upgrade 0006_publication -> 0007_geo_observation, 创建追加式 GEO 观测及引用关联。
INFO  [alembic.runtime.migration] Running upgrade 0007_geo_observation -> 0008_files, 创建文件生命周期、附件关联并补加证据文件外键。
INFO  [alembic.runtime.migration] Running upgrade 0008_files -> 0009_config_center, 迁移账号类型、配置中心与真实 AI 生成字段。
INFO  [alembic.runtime.migration] Running upgrade 0009_config_center -> 0010_user_cleanup, 清理旧版职责账号并强制既有内容工程师改密。
INFO  [alembic.runtime.migration] Running upgrade 0010_user_cleanup -> 0011_generation_reliability, 增加生成作业补投递诊断字段与到期扫描索引。
INFO  [alembic.runtime.migration] Running upgrade 0011_generation_reliability -> 0012_ai_data_classification, 为生成输入增加显式数据分级与责任人记录。
INFO  [alembic.runtime.migration] Running upgrade 0012_ai_data_classification -> 0013_publication_closure, 增加发布异常待办、修复任务来源和发布平台一致性门禁。
INFO  [alembic.runtime.migration] Running upgrade 0013_publication_closure -> 0014_platform_prompt_ownership, 将当前 Prompt 所有权从平台类型迁移到具体平台。
INFO  [alembic.runtime.migration] Running upgrade 0014_platform_prompt_ownership -> 0015_platform_rule_draft_editing, 允许按修订号编辑平台规则草稿，并继续冻结已激活或退役正文。
INFO  [alembic.runtime.migration] Running upgrade 0015_platform_rule_draft_editing -> 0016_fact_review_cleanup, 允许受约束删除事实版本时清理其从属审核记录。
INFO  [alembic.runtime.migration] Running upgrade 0016_fact_review_cleanup -> 0017_content_humanization, 增加全局自然化 Prompt，并让现有 AI 作业承载自然化修订。
INFO  [alembic.runtime.migration] Running upgrade 0017_content_humanization -> 0018_manual_geo_observation, 增加产品级人工 GEO 观测，并保留旧模型观测历史。
INFO  [alembic.runtime.migration] Running upgrade 0018_manual_geo_observation -> 0019_product_driven_tasks, 允许新内容任务直接围绕产品创建，同时保留历史目标问题关联。
INFO  [alembic.runtime.migration] Running upgrade 0019_product_driven_tasks -> 0020_platform_branding_task_list, 为具体平台增加官网与单一来源 Logo。
INFO  [alembic.runtime.migration] Running upgrade 0020_platform_branding_task_list -> 0021_ai_channel_model_management, 补齐 AI 渠道身份字段与使用统计索引。
INFO  [alembic.runtime.migration] Running upgrade 0021_ai_channel_model_management -> 0022_geo_observation_insights, 补充人工 GEO 逐篇阶段事实与问题主题约束。
INFO  [alembic.runtime.migration] Running upgrade 0022_geo_observation_insights -> 0023_platform_management, 增加具体平台启停状态与管理聚合索引。
INFO  [alembic.runtime.migration] Running upgrade 0023_platform_management -> 0024_audit_outcome, 补齐审计模块、命令结果和安全结果说明。
INFO  [alembic.runtime.migration] Running upgrade 0024_audit_outcome -> 0025_markdown_facts, 将结构化产品事实收敛为 Markdown，并让内容任务直接绑定平台。
INFO  [alembic.runtime.migration] Running upgrade 0025_markdown_facts -> 0026_publication_account_dedup, 补齐发布账号修订约束，并阻止同平台规范化账号标识重复。
INFO  [alembic.runtime.migration] Running upgrade 0026_publication_account_dedup -> 0027_audit_user_delete_guard, 只允许受约束用户删除把匹配审计操作者置空。
INFO  [alembic.runtime.migration] Running upgrade 0027_audit_user_delete_guard -> 0028_platform_logo_lifecycle, 增加平台 Logo 的未引用保留、幂等删除状态与数据库门禁。
INFO  [alembic.runtime.migration] Running upgrade 0028_platform_logo_lifecycle -> 0029_geo_evidence_management, 收敛人工 GEO 独立事实，并为完整更正链删除增加事务门禁。
INFO  [alembic.runtime.migration] Running upgrade 0029_geo_evidence_management -> 0030_publication_record_delete, 为从未公开的发布聚合增加事务级受控删除门禁。
INFO  [alembic.runtime.migration] Running upgrade 0030_publication_record_delete -> 0031_reusable_platform_prompts, 把平台私有 Prompt 收敛为可复用模板和平台当前绑定。
INFO  [alembic.runtime.migration] Running upgrade 0031_reusable_platform_prompts -> 0032_content_task_idempotency, 为普通内容任务创建增加持久化请求键幂等约束。
INFO  [alembic.runtime.migration] Running upgrade 0032_content_task_idempotency -> 0033_task_owned_history_delete, 允许受控删除已取消任务自有的未批准生产历史。
INFO  [alembic.runtime.migration] Running upgrade 0033_task_owned_history_delete -> 0034_publication_redesign, 以发布工作、首次核验成果和发布后内容问题替换旧发布记录。
INFO  [alembic.runtime.migration] Running upgrade 0034_publication_redesign -> 0035_business_workflow, 建立事实提交、内容单主线、发布版本快照与 GEO 来源合同。
INFO  [alembic.runtime.migration] Running upgrade 0035_business_workflow -> 0036_remove_section_url, 删除没有稳定业务含义的发布栏目地址。
INFO  [alembic.runtime.migration] Running upgrade 0036_remove_section_url -> 0037_simplify_deletion_lifecycle, 收缩任务、配置与审计的删除生命周期。
INFO  [alembic.runtime.migration] Running upgrade 0037_simplify_deletion_lifecycle -> 0038_published_article_delete, 允许受控删除无 GEO 引用的发布成果聚合。
INFO  [alembic.runtime.migration] Running upgrade 0038_published_article_delete -> 0039_article_delete_platform, 允许归档任务在删除失效平台的发布成果后转为已取消。
INFO  [alembic.runtime.migration] Running upgrade 0039_article_delete_platform -> 0040_content_draft_management, 允许当前人工未审核草稿受控保存和彻底删除。
INFO  [alembic.runtime.migration] Running upgrade 0040_content_draft_management -> 0041_content_task_list, 补齐内容任务列表的稳定更新时间与排序索引。
INFO  [alembic.runtime.migration] Running upgrade 0041_content_task_list -> 0042_content_version_detail, 记录内容版本自身的真实更新时间。
INFO  [alembic.runtime.migration] Running upgrade 0042_content_version_detail -> 0043_geo_platform_identity, 冻结发布工作的平台 UUID，避免配置删除后 GEO 历史失去身份。
INFO  [alembic.runtime.migration] Running upgrade 0043_geo_platform_identity -> 0044_geo_catalog, 新增 GEO Catalog 三表；冻结本 revision，不读取运行时 ORM。
INFO  [alembic.runtime.migration] Running upgrade 0044_geo_catalog -> 0045_geo_prompt_variants, 仅新增问题变体，冻结规范化及历史锁存，不回填旧问题数组。
INFO  [alembic.runtime.migration] Running upgrade 0045_geo_prompt_variants -> 0046_geo_surfaces_profiles, 新增观测配置与闭合JSON合同；不回填旧GEO或实现运行资格。
INFO  [alembic.runtime.migration] Running upgrade 0046_geo_surfaces_profiles -> 0047_geo_monitoring_plans, 仅增加计划配置聚合；不创建批次、运行或改写历史观测。
INFO  [alembic.runtime.migration] Running upgrade 0047_geo_monitoring_plans -> 0048_geo_batches_runs, 新增独立回答级 Batch/Run，冻结 DDL 与快照/写入守卫，不迁移旧 GEO。
INFO  [alembic.runtime.migration] Running upgrade 0048_geo_batches_runs -> 0049_geo_batch_creation, 创建幂等与批次主体引用；不修改已冻结的 Batch/Run 输入。
INFO  [alembic.runtime.migration] Running upgrade 0049_geo_batch_creation -> 0050_geo_answer_evidence, 新增不可变原始回答、引用和受控文件关系；不实现采集命令。
INFO  [alembic.runtime.migration] Running upgrade 0050_geo_answer_evidence -> 0051_geo_manual_collection, 人工草稿和不可变提交身份；不回填或修改已提交证据。
INFO  [alembic.runtime.migration] Running upgrade 0051_geo_manual_collection -> 0052_geo_profile_tests, API Profile 当前诊断资格与依赖失效；不修改业务历史。
INFO  [alembic.runtime.migration] Running upgrade 0052_geo_profile_tests -> 0053_geo_collection_admission, 加法保存预算预留与发送限速事实，历史 Run 和原始证据保持不变。
INFO  [alembic.runtime.migration] Running upgrade 0053_geo_collection_admission -> 0054_geo_analysis_contract, 分析输入/结果、追加复核与限定 current pointer；不回填历史证据。
INFO  [alembic.runtime.migration] Running upgrade 0054_geo_analysis_contract -> 0055_geo_analysis_worker, 分析执行租约与引用结果；不回填或重写已有 revision。
INFO  [alembic.runtime.migration] Running upgrade 0055_geo_analysis_worker -> 0056_geo_run_review, 受控人工复核发布；历史机器结果与Review不回填、不改写。
INFO  [alembic.runtime.migration] Running upgrade 0056_geo_run_review -> 0057_geo_insight_indexes, GEO-607：洞察日期候选索引，不改变历史数据或业务约束。
INFO  [alembic.runtime.migration] Running upgrade 0057_geo_insight_indexes -> 0058_geo_rule_configuration, GEO-701：当前规则配置和不可变 revision 历史，不回填既有评估。
INFO  [alembic.runtime.migration] Running upgrade 0058_geo_rule_configuration -> 0059_geo_opportunities, GEO-702：机会、追加来源/行动/评估及真实 Batch 来源外键。
INFO  [alembic.runtime.migration] Running upgrade 0059_geo_opportunities -> 0060_geo_opportunity_actions, GEO-704：行动来源快照、幂等回执与目标生命周期保护。
INFO  [alembic.runtime.migration] Running upgrade 0060_geo_opportunity_actions -> 0061_geo_retests, GEO-705：严格复测冻结基线、幂等回执和提交时矩阵验证。
INFO  [alembic.runtime.migration] Running upgrade 0061_geo_retests -> 0062_geo_opportunity_decisions, GEO-706：加法保存显式处理和不可变比较证据，不回填历史。
INFO  [alembic.runtime.migration] Running upgrade 0062_geo_opportunity_decisions -> 0063_geo_browser_sessions, GEO-802：仅增加受保护会话引用、撤销事实与审计动作。
INFO  [alembic.runtime.migration] Running upgrade 0063_geo_browser_sessions -> 0064_geo_retention, GEO 终态草稿清理墓碑；不改已提交证据、不回填历史。
INFO  [alembic.runtime.migration] Running upgrade 0064_geo_retention -> 0065_geo_observability, GEO有限运行健康元数据；加法迁移，不回填或修改业务历史。

> partsignal-frontend-v2@0.1.0 build
> tsc -b && vite build --config vite.config.ts

vite v8.2.1 building client environment for production...
[2Ktransforming...✓ 3007 modules transformed.
rendering chunks...
computing gzip size...
dist/index.html                                                    0.57 kB │ gzip:   0.34 kB
dist/assets/index-Btqa2CjT.css                                    83.46 kB │ gzip:  14.39 kB
dist/assets/queryOptions-Dfvzj6n2.js                               0.03 kB │ gzip:   0.05 kB
dist/assets/route-5zGdn2Pu.js                                      0.07 kB │ gzip:   0.08 kB
dist/assets/route-AFUjE5vR.js                                      0.07 kB │ gzip:   0.08 kB
dist/assets/route-Bdkyf40J.js                                      0.07 kB │ gzip:   0.08 kB
dist/assets/route-BnOgN25L.js                                      0.07 kB │ gzip:   0.08 kB
dist/assets/route-CACU0Ncw.js                                      0.07 kB │ gzip:   0.08 kB
dist/assets/route-CAUin8c-.js                                      0.07 kB │ gzip:   0.08 kB
dist/assets/route-CtPZVZSG.js                                      0.07 kB │ gzip:   0.08 kB
dist/assets/route-DM9PFocW.js                                      0.07 kB │ gzip:   0.08 kB
dist/assets/route-DZLPx2O5.js                                      0.07 kB │ gzip:   0.08 kB
dist/assets/route-Dfp-b3_F.js                                      0.07 kB │ gzip:   0.08 kB
dist/assets/route-DrhND8Ss.js                                      0.07 kB │ gzip:   0.08 kB
dist/assets/route-DwBi_ZMu.js                                      0.07 kB │ gzip:   0.08 kB
dist/assets/route-SgbaIUWS.js                                      0.07 kB │ gzip:   0.08 kB
dist/assets/route-Tim3UNye.js                                      0.07 kB │ gzip:   0.08 kB
dist/assets/coerce-B78vORRP.js                                     0.08 kB │ gzip:   0.10 kB
dist/assets/isElementDisabled-KSuuBj8D.js                          0.11 kB │ gzip:   0.11 kB
dist/assets/not-found-i5RsCZif.js                                  0.11 kB │ gzip:   0.11 kB
dist/assets/chevron-right-CZUYejgz.js                              0.13 kB │ gzip:   0.14 kB
dist/assets/canonical-uuid-BTSOyHjG.js                             0.13 kB │ gzip:   0.13 kB
dist/assets/matchContext-B0YTMpvO.js                               0.16 kB │ gzip:   0.14 kB
dist/assets/settings.ai-CipVaq6G.js                                0.21 kB │ gzip:   0.20 kB
dist/assets/geo-rules-BWrkKy45.js                                  0.21 kB │ gzip:   0.20 kB
dist/assets/_taskId_.editor-_qjLAkbp.js                            0.22 kB │ gzip:   0.20 kB
dist/assets/_taskId_.review-zeX8OAEE.js                            0.22 kB │ gzip:   0.20 kB
dist/assets/route-DFljbmbX.js                                      0.22 kB │ gzip:   0.20 kB
dist/assets/system.audit-qBeF2bb1.js                               0.22 kB │ gzip:   0.20 kB
dist/assets/system.users-0TM8kiXu.js                               0.22 kB │ gzip:   0.20 kB
dist/assets/settings.prompts-9jQdIs2s.js                           0.22 kB │ gzip:   0.20 kB
dist/assets/print-1ZzneeRB.js                                      0.22 kB │ gzip:   0.18 kB
dist/assets/_taskId-Vsd3-0WC.js                                    0.22 kB │ gzip:   0.21 kB
dist/assets/settings.platforms.types-C4NjYBws.js                   0.22 kB │ gzip:   0.21 kB
dist/assets/versions_._versionId-BW6wP3pa.js                       0.22 kB │ gzip:   0.21 kB
dist/assets/_platformId-BeKfjBVf.js                                0.22 kB │ gzip:   0.20 kB
dist/assets/settings.ai_._channelId-Z_MUrH5D.js                    0.22 kB │ gzip:   0.20 kB
dist/assets/_observationId-B3QjNhkV.js                             0.23 kB │ gzip:   0.21 kB
dist/assets/useControlled-DMK4Pb-8.js                              0.24 kB │ gzip:   0.21 kB
dist/assets/skeleton-Ged3Zc9T.js                                   0.24 kB │ gzip:   0.20 kB
dist/assets/table-shell-BGuXgMNH.js                                0.33 kB │ gzip:   0.24 kB
dist/assets/usePopupHandleStore-BirVG9ro.js                        0.35 kB │ gzip:   0.25 kB
dist/assets/reports-DrjRbyyp.js                                    0.42 kB │ gzip:   0.29 kB
dist/assets/table-toolbar-JNNhOzlg.js                              0.42 kB │ gzip:   0.27 kB
dist/assets/table-skeleton-G-FjuOli.js                             0.45 kB │ gzip:   0.35 kB
dist/assets/route-error-Bl0menBv.js                                0.46 kB │ gzip:   0.31 kB
dist/assets/_productId-Cu3oT6KN.js                                 0.49 kB │ gzip:   0.35 kB
dist/assets/_productId_.facts-C-S7KVKf.js                          0.50 kB │ gzip:   0.36 kB
dist/assets/_productId_.facts_.versions_._versionId-996oc21h.js    0.50 kB │ gzip:   0.36 kB
dist/assets/_productId_.facts_.review-CtF33cCX.js                  0.50 kB │ gzip:   0.37 kB
dist/assets/_observationId_.correct-DHL12dqm.js                    0.51 kB │ gzip:   0.37 kB
dist/assets/useCompositeItem-BGClVRCY.js                           0.54 kB │ gzip:   0.37 kB
dist/assets/empty-table-DARB4g0g.js                                0.55 kB │ gzip:   0.33 kB
dist/assets/_observationId_.correct-BhD51Jxi.js                    0.58 kB │ gzip:   0.31 kB
dist/assets/content-version.model-BVKgM5xI.js                      0.61 kB │ gzip:   0.43 kB
dist/assets/detail-section-Dm8gVxQG.js                             0.63 kB │ gzip:   0.34 kB
dist/assets/return-to-BzbJXkRi.js                                  0.63 kB │ gzip:   0.39 kB
dist/assets/workbench.api-Cm9VqJUK.js                              0.71 kB │ gzip:   0.46 kB
dist/assets/route-Do6Dxmmm.js                                      0.72 kB │ gzip:   0.50 kB
dist/assets/geo-rules-DnzCs45g.js                                  0.83 kB │ gzip:   0.56 kB
dist/assets/textarea-CPcbKIlY.js                                   0.83 kB │ gzip:   0.43 kB
dist/assets/timeline-BSjJ8olh.js                                   0.94 kB │ gzip:   0.49 kB
dist/assets/form-field-B911B1W8.js                                 0.98 kB │ gzip:   0.54 kB
dist/assets/rowSortingFeature-DOu8Zjqq.js                          1.02 kB │ gzip:   0.49 kB
dist/assets/geo-observation-actions-C2i_qn8N.js                    1.09 kB │ gzip:   0.67 kB
dist/assets/print-CSxKYKyo.js                                      1.20 kB │ gzip:   0.67 kB
dist/assets/product-deletion-dialog-588zrCQN.js                    1.20 kB │ gzip:   0.76 kB
dist/assets/security-_cDdnE_Z.js                                   1.22 kB │ gzip:   0.65 kB
dist/assets/filter-bar-D-I3VqGA.js                                 1.23 kB │ gzip:   0.72 kB
dist/assets/new-Bul7BEu7.js                                        1.26 kB │ gzip:   0.73 kB
dist/assets/form-layout-B0Bgsdpq.js                                1.29 kB │ gzip:   0.69 kB
dist/assets/print-tSGhAg7T.js                                      1.31 kB │ gzip:   0.75 kB
dist/assets/login-reyqDFVT.js                                      1.31 kB │ gzip:   0.71 kB
dist/assets/reports.api-DOwUXAn6.js                                1.39 kB │ gzip:   0.85 kB
dist/assets/file-transfer-bcVkqTxX.js                              1.41 kB │ gzip:   0.83 kB
dist/assets/useBaseUiId-C9V7pCeo.js                                1.42 kB │ gzip:   0.80 kB
dist/assets/table-pagination-CStvXXO8.js                           1.48 kB │ gzip:   0.81 kB
dist/assets/auth-page-frame-DoVKxoBO.js                            1.49 kB │ gzip:   0.74 kB
dist/assets/badge-DofVsWMx.js                                      1.57 kB │ gzip:   0.70 kB
dist/assets/audit.api-eq5Nf80n.js                                  1.62 kB │ gzip:   0.76 kB
dist/assets/sticky-action-bar-Bo1fYZzG.js                          1.62 kB │ gzip:   0.86 kB
dist/assets/versions_._versionId-BpLK8FYy.js                       1.72 kB │ gzip:   0.89 kB
dist/assets/_productId_.facts_.versions_._versionId-BKUPOeZW.js    1.77 kB │ gzip:   0.89 kB
dist/assets/workspace-shell-CvF4Z--Q.js                            1.77 kB │ gzip:   0.83 kB
dist/assets/reports-C9hMaX4n.js                                    1.77 kB │ gzip:   0.97 kB
dist/assets/insights-Cq50eMHJ.js                                   1.82 kB │ gzip:   0.98 kB
dist/assets/articles-Dnwu18pr.js                                   1.83 kB │ gzip:   0.97 kB
dist/assets/_articleId-CF2EyGPq.js                                 1.96 kB │ gzip:   1.09 kB
dist/assets/_productId_.facts_.versions-B0h3h7sM.js                1.97 kB │ gzip:   1.06 kB
dist/assets/new-PT7FCfxV.js                                        1.97 kB │ gzip:   1.08 kB
dist/assets/catalog-controls-BlndqY87.js                           1.98 kB │ gzip:   0.89 kB
dist/assets/overview-D45F4hP9.js                                   1.99 kB │ gzip:   1.08 kB
dist/assets/_taskId-CweOyMcl.js                                    2.00 kB │ gzip:   1.06 kB
dist/assets/issues-gMEzcV6h.js                                     2.00 kB │ gzip:   1.05 kB
dist/assets/answers-Q-ZZD732.js                                    2.02 kB │ gzip:   1.09 kB
dist/assets/settings.platforms.types-Q9eDIhJS.js                   2.05 kB │ gzip:   1.04 kB
dist/assets/_observationId-BEyB4ycy.js                             2.09 kB │ gzip:   1.09 kB
dist/assets/work-Vp3FDdGx.js                                       2.11 kB │ gzip:   1.10 kB
dist/assets/new-DlWohGQx.js                                        2.12 kB │ gzip:   1.19 kB
dist/assets/useStore-G3HF39DP.js                                   2.17 kB │ gzip:   0.93 kB
dist/assets/_productId-DSG9vyLN.js                                 2.18 kB │ gzip:   1.12 kB
dist/assets/platforms-BdMDCA1A.js                                  2.19 kB │ gzip:   1.14 kB
dist/assets/_taskId_.review-qWo68aN0.js                            2.20 kB │ gzip:   1.14 kB
dist/assets/_productId_.facts_.review-Bo2M2eTN.js                  2.21 kB │ gzip:   1.13 kB
dist/assets/useRegisterFieldControl-BcstcGLC.js                    2.25 kB │ gzip:   1.07 kB
dist/assets/tasks-Ca6kwaoL.js                                      2.25 kB │ gzip:   1.17 kB
dist/assets/_productId_.facts-CYzk3zKc.js                          2.25 kB │ gzip:   1.17 kB
dist/assets/_issueId-BvRF4O90.js                                   2.26 kB │ gzip:   1.25 kB
dist/assets/observations-G8ckONzW.js                               2.28 kB │ gzip:   1.18 kB
dist/assets/_taskId_.editor-Cw8Fl6Bn.js                            2.29 kB │ gzip:   1.19 kB
dist/assets/dialog-DmePLyHK.js                                     2.33 kB │ gzip:   0.91 kB
dist/assets/plans-Hzgl6cp0.js                                      2.34 kB │ gzip:   1.25 kB
dist/assets/system.audit-Da49fcGq.js                               2.35 kB │ gzip:   1.18 kB
dist/assets/topics-VJJZHwhY.js                                     2.38 kB │ gzip:   1.23 kB
dist/assets/input-BctqO2IH.js                                      2.47 kB │ gzip:   1.25 kB
dist/assets/dirty-guard-C_ZKw2vs.js                                2.58 kB │ gzip:   1.23 kB
dist/assets/settings.ai-DbbnZmLi.js                                2.64 kB │ gzip:   1.35 kB
dist/assets/prompt.api-DzGm0lBb.js                                 2.65 kB │ gzip:   1.01 kB
dist/assets/products-CKJy74QD.js                                   2.74 kB │ gzip:   1.41 kB
dist/assets/useCompositeListItem-u8lPl9Q5.js                       3.11 kB │ gzip:   1.41 kB
dist/assets/security-CcTGE9dq.js                                   3.12 kB │ gzip:   1.52 kB
dist/assets/settings.ai_._channelId-BogswVDq.js                    3.13 kB │ gzip:   1.57 kB
dist/assets/login-1dFvQLYk.js                                      3.14 kB │ gzip:   1.52 kB
dist/assets/zod-C1u0HXxU.js                                        3.31 kB │ gzip:   1.24 kB
dist/assets/sheet-bN9NdJx3.js                                      3.73 kB │ gzip:   1.44 kB
dist/assets/audit-detail-content-DMxvNL2K.js                       3.90 kB │ gzip:   1.61 kB
dist/assets/print-Cd8cbd6N.js                                      4.13 kB │ gzip:   1.66 kB
dist/assets/Match-CkwEZkRF.js                                      4.38 kB │ gzip:   1.72 kB
dist/assets/product.model-SIU-2ew1.js                              4.40 kB │ gzip:   2.01 kB
dist/assets/new-CzkxDvHY.js                                        4.49 kB │ gzip:   1.96 kB
dist/assets/overview-C_GJL4mt.js                                   4.75 kB │ gzip:   1.93 kB
dist/assets/_workId-DV6k9Ve0.js                                    4.75 kB │ gzip:   2.43 kB
dist/assets/insights.model-CtAChhtI.js                             4.77 kB │ gzip:   2.51 kB
dist/assets/insight-filters-rqrGozJR.js                            4.84 kB │ gzip:   2.40 kB
dist/assets/lazyRouteComponent-Q6-84jhQ.js                         4.88 kB │ gzip:   1.75 kB
dist/assets/settings.prompts-BoVOCzxD.js                           4.92 kB │ gzip:   2.42 kB
dist/assets/issues-CXlNy57P.js                                     5.10 kB │ gzip:   2.13 kB
dist/assets/_productId_.facts_.versions-DW_mMSC7.js                5.26 kB │ gzip:   2.36 kB
dist/assets/composite-D3grXdmQ.js                                  5.88 kB │ gzip:   2.28 kB
dist/assets/articles-B39x15HT.js                                   5.96 kB │ gzip:   2.41 kB
dist/assets/geo-evidence-upload-B73Yo7-W.js                        6.15 kB │ gzip:   2.67 kB
dist/assets/client-C6dNGmfD.js                                     6.59 kB │ gzip:   2.58 kB
dist/assets/principal-epoch-1sT-YUbO.js                            6.87 kB │ gzip:   2.33 kB
dist/assets/globalFilteringFeature-BM9wgKEU.js                     6.95 kB │ gzip:   1.98 kB
dist/assets/plans.api-CSsTjaGQ.js                                  7.47 kB │ gzip:   3.16 kB
dist/assets/_app-Dy44loO9.js                                       7.72 kB │ gzip:   2.58 kB
dist/assets/_platformId-CMSA9EOW.js                                7.74 kB │ gzip:   3.47 kB
dist/assets/insights.api-CKpynYSM.js                               7.79 kB │ gzip:   2.67 kB
dist/assets/QueryClientProvider-Bi8hvFQP.js                        7.81 kB │ gzip:   3.04 kB
dist/assets/product.api-Ccnb7TcC.js                                7.94 kB │ gzip:   2.60 kB
dist/assets/_productId_.facts_.versions_._versionId-BQI0jvDr.js    8.18 kB │ gzip:   2.62 kB
dist/assets/geo-rules-DPlATJBT.js                                  8.38 kB │ gzip:   3.62 kB
dist/assets/jsx-runtime-B-hcVAMW.js                                8.55 kB │ gzip:   3.26 kB
dist/assets/x-vups0wOE.js                                          8.72 kB │ gzip:   3.14 kB
dist/assets/questions-D0H0qt84.js                                  8.80 kB │ gzip:   3.89 kB
dist/assets/new-cxZm4YdR.js                                        8.99 kB │ gzip:   3.80 kB
dist/assets/geo-entities-DBlbWChX.js                               9.09 kB │ gzip:   3.63 kB
dist/assets/products-DoFUKS8J.js                                   9.24 kB │ gzip:   3.71 kB
dist/assets/tasks-Dj4aOdhK.js                                      9.26 kB │ gzip:   3.57 kB
dist/assets/platform.api-xkKjVbzG.js                               9.71 kB │ gzip:   3.25 kB
dist/assets/geo-insights-report-UxWORATc.js                       10.34 kB │ gzip:   2.88 kB
dist/assets/opportunities-CLyCu9VL.js                             10.66 kB │ gzip:   4.34 kB
dist/assets/versions_._versionId-Dud06_fV.js                      12.02 kB │ gzip:   3.82 kB
dist/assets/tabs-BuC3hAM_.js                                      12.50 kB │ gzip:   4.72 kB
dist/assets/system.audit-C3xSUmLw.js                              12.54 kB │ gzip:   4.38 kB
dist/assets/observations-CZ0jyyFP.js                              12.54 kB │ gzip:   4.87 kB
dist/assets/content-task-lifecycle-C4eoFmuR.js                    12.58 kB │ gzip:   4.70 kB
dist/assets/system.users-CsiIONUs.js                              12.93 kB │ gzip:   5.51 kB
dist/assets/insights-UYOzFjSr.js                                  13.42 kB │ gzip:   4.92 kB
dist/assets/runs-CaRRdkcQ.js                                      13.62 kB │ gzip:   5.10 kB
dist/assets/route-B7lFOWS0.js                                     14.07 kB │ gzip:   5.29 kB
dist/assets/report-page-diFvaOFl.js                               14.11 kB │ gzip:   4.41 kB
dist/assets/geo-rules-DZIXljUh.js                                 14.20 kB │ gzip:   5.36 kB
dist/assets/_taskId-DnAvIc3O.js                                   14.87 kB │ gzip:   4.62 kB
dist/assets/content.api-BjgTNYlB.js                               14.90 kB │ gzip:   4.32 kB
dist/assets/_productId_.facts_.review-4-If-cI9.js                 15.87 kB │ gzip:   5.65 kB
dist/assets/work-C6Cutd3G.js                                      15.92 kB │ gzip:   5.20 kB
dist/assets/publication.api-D_tWka1G.js                           16.20 kB │ gzip:   4.80 kB
dist/assets/_articleId-Gx2omtPl.js                                16.27 kB │ gzip:   5.43 kB
dist/assets/useQuery-C44PsoTH.js                                  16.32 kB │ gzip:   5.47 kB
dist/assets/insight-page-frame-DzEOhC1t.js                        16.34 kB │ gzip:   5.28 kB
dist/assets/settings.platforms.types-xL1-dBlR.js                  16.45 kB │ gzip:   5.93 kB
dist/assets/new-Cl-ty608.js                                       16.97 kB │ gzip:   6.06 kB
dist/assets/platforms-Beb5wZLb.js                                 17.07 kB │ gzip:   6.18 kB
dist/assets/auth-provider-C1FP_EhK.js                             17.09 kB │ gzip:   6.21 kB
dist/assets/_productId_.facts-D92v599w.js                         17.36 kB │ gzip:   5.84 kB
dist/assets/_taskId_.review-BRUrJzIv.js                           17.51 kB │ gzip:   6.08 kB
dist/assets/settings.ai-BOLqIUAD.js                               17.54 kB │ gzip:   6.33 kB
dist/assets/_productId-C36d5ucz.js                                17.59 kB │ gzip:   5.90 kB
dist/assets/row-actions-BaNKxcpH.js                               17.90 kB │ gzip:   6.59 kB
dist/assets/_observationId-Cm1HZfGK.js                            18.05 kB │ gzip:   5.76 kB
dist/assets/geo.api-BNHKCfaq.js                                   18.53 kB │ gzip:   5.93 kB
dist/assets/geo-surfaces-BW9iq3J_.js                              18.88 kB │ gzip:   6.99 kB
dist/assets/link-D3jGVc4V.js                                      19.54 kB │ gzip:   7.58 kB
dist/assets/_issueId-AbEWPe5a.js                                  19.62 kB │ gzip:   6.52 kB
dist/assets/topics-BZo2VLHU.js                                    20.02 kB │ gzip:   7.06 kB
dist/assets/audit.model-BwxaFBbK.js                               20.43 kB │ gzip:   6.44 kB
dist/assets/ai-channel-workspace.model-B-nqyXK-.js                20.72 kB │ gzip:   6.32 kB
dist/assets/_observationId_.correct-C295vgr4.js                   24.46 kB │ gzip:   8.25 kB
dist/assets/answers-B0ddKDB2.js                                   28.41 kB │ gzip:   7.97 kB
dist/assets/_workId-ly0AwKyg.js                                   28.55 kB │ gzip:   8.91 kB
dist/assets/questions-Du0PCPNb.js                                 28.85 kB │ gzip:   9.24 kB
dist/assets/select-Cq8n_NQA.js                                    30.10 kB │ gzip:  10.91 kB
dist/assets/settings.prompts-CJR0Z5-a.js                          30.84 kB │ gzip:   9.99 kB
dist/assets/system.users--NcFM812.js                              31.04 kB │ gzip:   9.76 kB
dist/assets/geo-entities-BK23zNsM.js                              35.34 kB │ gzip:  10.94 kB
dist/assets/icon-button-rcW1kEFX.js                               36.26 kB │ gzip:  12.08 kB
dist/assets/providers-Bv-0bv6h.js                                 36.34 kB │ gzip:  10.82 kB
dist/assets/column-header-BR61_b5d.js                             36.45 kB │ gzip:  11.43 kB
dist/assets/ToolbarRootContext-NQWDsf1V.js                        36.62 kB │ gzip:  14.02 kB
dist/assets/index.esm-CDk9jdcJ.js                                 37.59 kB │ gzip:  13.14 kB
dist/assets/_taskId_.editor-BGznIuOd.js                           37.93 kB │ gzip:  11.55 kB
dist/assets/_platformId-Co8McfbQ.js                               38.94 kB │ gzip:  11.60 kB
dist/assets/createLucideIcon-YVagg9ly.js                          39.80 kB │ gzip:  14.03 kB
dist/assets/button-BZhX1_Og.js                                    40.12 kB │ gzip:  13.54 kB
dist/assets/route-BjqJMG8P.js                                     43.48 kB │ gzip:  15.62 kB
dist/assets/settings.ai_._channelId-BEzdt6C9.js                   49.69 kB │ gzip:  13.69 kB
dist/assets/plans-_Tq8eU9Y.js                                     50.94 kB │ gzip:  15.79 kB
dist/assets/geo-surfaces-ZicM2BQY.js                              52.99 kB │ gzip:  15.97 kB
dist/assets/opportunities-BDrODQOX.js                             61.09 kB │ gzip:  16.46 kB
dist/assets/schemas-D4JTeD_A.js                                   69.76 kB │ gzip:  18.61 kB
dist/assets/runs-BSlWnkF5.js                                      95.05 kB │ gzip:  27.29 kB
dist/assets/index-Cdf8fHlK.js                                    189.11 kB │ gzip:  60.52 kB
dist/assets/markdown-editor-D-y4e3hs.js                          729.88 kB │ gzip: 245.01 kB

✓ built in 514ms
[plugin builtin:vite-reporter] 
(!) Some chunks are larger than 500 kB after minification. Consider:
- Using dynamic import() to code-split the application
- Use build.rolldownOptions.output.codeSplitting to improve chunking: https://rolldown.rs/reference/OutputOptions.codeSplitting
- Adjust chunk size limit for this warning via build.chunkSizeWarningLimit.
已创建或确认管理员和内容工程师账号。
GEO E2E provider listening on http://127.0.0.1:19012
INFO:     Started server process [58016]
INFO:     Waiting for application startup.
INFO:     Application startup complete.
INFO:     Uvicorn running on http://127.0.0.1:9001 (Press CTRL+C to quit)
INFO:     Started server process [58015]
INFO:     Waiting for application startup.
INFO:     Application startup complete.
INFO:     Uvicorn running on http://127.0.0.1:19009 (Press CTRL+C to quit)
  ➜  Local:   http://127.0.0.1:4174/
INFO:     Started server process [58014]
INFO:     Waiting for application startup.
INFO:     Application startup complete.
INFO:     Uvicorn running on http://127.0.0.1:8000 (Press CTRL+C to quit)
INFO:     127.0.0.1:55750 - "GET /api/health/ready HTTP/1.1" 200 OK
INFO:     127.0.0.1:55753 - "GET /v1/models HTTP/1.1" 200 OK

> partsignal-frontend-v2@0.1.0 e2e:raw
> playwright test tests/e2e/geo-api-real-stack.spec.ts --project=foundation-desktop


Running 2 tests using 1 worker

(node:58045) Warning: The 'NO_COLOR' env is ignored due to the 'FORCE_COLOR' env being set.
(Use `node --trace-warnings ...` to show where the warning was created)
  -  1 [foundation-desktop] › tests/e2e/geo-api-real-stack.spec.ts:18:1 › API 自动轮询、原文引用、部分 usage、费用、429/未知结果与显式新尝试
INFO:     127.0.0.1:55764 - "POST /api/v1/auth/login HTTP/1.1" 200 OK
INFO:     127.0.0.1:55771 - "GET /api/v1/auth/session HTTP/1.1" 200 OK
INFO:     127.0.0.1:55771 - "GET /api/v1/geo/observation-runs?sort=CREATED_DESC&page=1&page_size=20&batch_id=522cfeb6-7e68-459a-9680-01c4be176956&latest_only=true HTTP/1.1" 200 OK
INFO:     127.0.0.1:55772 - "GET /api/v1/geo/observation-batches/522cfeb6-7e68-459a-9680-01c4be176956 HTTP/1.1" 200 OK
INFO:     127.0.0.1:55773 - "GET /api/v1/geo/observation-runs/fe6fcc9d-432a-4330-898a-bf6a9b345897 HTTP/1.1" 200 OK
INFO:     127.0.0.1:55764 - "GET /api/v1/geo/observation-runs/fe6fcc9d-432a-4330-898a-bf6a9b345897 HTTP/1.1" 200 OK
INFO:     127.0.0.1:55764 - "POST /api/v1/geo/observation-runs/fe6fcc9d-432a-4330-898a-bf6a9b345897/retry HTTP/1.1" 422 Unprocessable Entity
INFO:     127.0.0.1:55764 - "GET /api/v1/geo/collection-profiles/296ba26e-3db5-45df-9778-d48dce6d25a4 HTTP/1.1" 200 OK
  ✓  2 [foundation-desktop] › tests/e2e/geo-api-real-stack.spec.ts:125:1 › 关闭开关的新 API/Worker 消费真实 PENDING，明确失败且 provider 零调用 (615ms)

  1 skipped
  1 passed (1.0s)
E2E_SECRET_SCAN status=clean
E2E_RESULT playwright=0 secret_scan=0
INFO:     Shutting down
INFO:     Waiting for application shutdown.
INFO:     Application shutdown complete.
INFO:     Finished server process [58016]

worker: Warm shutdown (MainProcess)
INFO:     Shutting down
INFO:     Waiting for application shutdown.
INFO:     Application shutdown complete.
INFO:     Finished server process [58015]
INFO:     Shutting down
INFO:     Waiting for application shutdown.
INFO:     Application shutdown complete.
INFO:     Finished server process [58014]
E2E_CLEANUP redis_db=13 keys=1 status=deleted
E2E_CLEANUP ports=8000,9001,4174,19009,19012 status=released
E2E_CLEANUP database=partsignal_e2e_20261005_0824c7cea159170584cd3381b6590bad status=dropped
E2E_CLEANUP storage=/var/folders/m5/j06tv2sn1hn93d6f33j559jm0000gn/T//partsignal-e2e-storage.FhWVyv status=removed
E2E_GEO phase=api-disabled status=passed
E2E_GEO phase=monitoring-disabled status=begin
E2E_SECRET_REGISTRATION status=ready
INFO  [alembic.runtime.migration] Context impl PostgresqlImpl.
INFO  [alembic.runtime.migration] Will assume transactional DDL.
INFO  [alembic.runtime.migration] Running upgrade  -> 0001_identity_audit, 创建身份、会话和审计表。
INFO  [alembic.runtime.migration] Running upgrade 0001_identity_audit -> 0002_product_facts, 创建规范化产品事实和不可变事实版本。
INFO  [alembic.runtime.migration] Running upgrade 0002_product_facts -> 0003_content_planning, 创建目标问题、平台规则版本和内容任务。
INFO  [alembic.runtime.migration] Running upgrade 0003_content_planning -> 0004_content_production, 创建 PostgreSQL 权威生成作业和不可变 Markdown 内容版本。
INFO  [alembic.runtime.migration] Running upgrade 0004_content_production -> 0005_content_review, 创建追加式内容审核记录。
INFO  [alembic.runtime.migration] Running upgrade 0005_content_review -> 0006_publication, 创建平台账号、人工发布记录和状态事件。
INFO  [alembic.runtime.migration] Running upgrade 0006_publication -> 0007_geo_observation, 创建追加式 GEO 观测及引用关联。
INFO  [alembic.runtime.migration] Running upgrade 0007_geo_observation -> 0008_files, 创建文件生命周期、附件关联并补加证据文件外键。
INFO  [alembic.runtime.migration] Running upgrade 0008_files -> 0009_config_center, 迁移账号类型、配置中心与真实 AI 生成字段。
INFO  [alembic.runtime.migration] Running upgrade 0009_config_center -> 0010_user_cleanup, 清理旧版职责账号并强制既有内容工程师改密。
INFO  [alembic.runtime.migration] Running upgrade 0010_user_cleanup -> 0011_generation_reliability, 增加生成作业补投递诊断字段与到期扫描索引。
INFO  [alembic.runtime.migration] Running upgrade 0011_generation_reliability -> 0012_ai_data_classification, 为生成输入增加显式数据分级与责任人记录。
INFO  [alembic.runtime.migration] Running upgrade 0012_ai_data_classification -> 0013_publication_closure, 增加发布异常待办、修复任务来源和发布平台一致性门禁。
INFO  [alembic.runtime.migration] Running upgrade 0013_publication_closure -> 0014_platform_prompt_ownership, 将当前 Prompt 所有权从平台类型迁移到具体平台。
INFO  [alembic.runtime.migration] Running upgrade 0014_platform_prompt_ownership -> 0015_platform_rule_draft_editing, 允许按修订号编辑平台规则草稿，并继续冻结已激活或退役正文。
INFO  [alembic.runtime.migration] Running upgrade 0015_platform_rule_draft_editing -> 0016_fact_review_cleanup, 允许受约束删除事实版本时清理其从属审核记录。
INFO  [alembic.runtime.migration] Running upgrade 0016_fact_review_cleanup -> 0017_content_humanization, 增加全局自然化 Prompt，并让现有 AI 作业承载自然化修订。
INFO  [alembic.runtime.migration] Running upgrade 0017_content_humanization -> 0018_manual_geo_observation, 增加产品级人工 GEO 观测，并保留旧模型观测历史。
INFO  [alembic.runtime.migration] Running upgrade 0018_manual_geo_observation -> 0019_product_driven_tasks, 允许新内容任务直接围绕产品创建，同时保留历史目标问题关联。
INFO  [alembic.runtime.migration] Running upgrade 0019_product_driven_tasks -> 0020_platform_branding_task_list, 为具体平台增加官网与单一来源 Logo。
INFO  [alembic.runtime.migration] Running upgrade 0020_platform_branding_task_list -> 0021_ai_channel_model_management, 补齐 AI 渠道身份字段与使用统计索引。
INFO  [alembic.runtime.migration] Running upgrade 0021_ai_channel_model_management -> 0022_geo_observation_insights, 补充人工 GEO 逐篇阶段事实与问题主题约束。
INFO  [alembic.runtime.migration] Running upgrade 0022_geo_observation_insights -> 0023_platform_management, 增加具体平台启停状态与管理聚合索引。
INFO  [alembic.runtime.migration] Running upgrade 0023_platform_management -> 0024_audit_outcome, 补齐审计模块、命令结果和安全结果说明。
INFO  [alembic.runtime.migration] Running upgrade 0024_audit_outcome -> 0025_markdown_facts, 将结构化产品事实收敛为 Markdown，并让内容任务直接绑定平台。
INFO  [alembic.runtime.migration] Running upgrade 0025_markdown_facts -> 0026_publication_account_dedup, 补齐发布账号修订约束，并阻止同平台规范化账号标识重复。
INFO  [alembic.runtime.migration] Running upgrade 0026_publication_account_dedup -> 0027_audit_user_delete_guard, 只允许受约束用户删除把匹配审计操作者置空。
INFO  [alembic.runtime.migration] Running upgrade 0027_audit_user_delete_guard -> 0028_platform_logo_lifecycle, 增加平台 Logo 的未引用保留、幂等删除状态与数据库门禁。
INFO  [alembic.runtime.migration] Running upgrade 0028_platform_logo_lifecycle -> 0029_geo_evidence_management, 收敛人工 GEO 独立事实，并为完整更正链删除增加事务门禁。
INFO  [alembic.runtime.migration] Running upgrade 0029_geo_evidence_management -> 0030_publication_record_delete, 为从未公开的发布聚合增加事务级受控删除门禁。
INFO  [alembic.runtime.migration] Running upgrade 0030_publication_record_delete -> 0031_reusable_platform_prompts, 把平台私有 Prompt 收敛为可复用模板和平台当前绑定。
INFO  [alembic.runtime.migration] Running upgrade 0031_reusable_platform_prompts -> 0032_content_task_idempotency, 为普通内容任务创建增加持久化请求键幂等约束。
INFO  [alembic.runtime.migration] Running upgrade 0032_content_task_idempotency -> 0033_task_owned_history_delete, 允许受控删除已取消任务自有的未批准生产历史。
INFO  [alembic.runtime.migration] Running upgrade 0033_task_owned_history_delete -> 0034_publication_redesign, 以发布工作、首次核验成果和发布后内容问题替换旧发布记录。
INFO  [alembic.runtime.migration] Running upgrade 0034_publication_redesign -> 0035_business_workflow, 建立事实提交、内容单主线、发布版本快照与 GEO 来源合同。
INFO  [alembic.runtime.migration] Running upgrade 0035_business_workflow -> 0036_remove_section_url, 删除没有稳定业务含义的发布栏目地址。
INFO  [alembic.runtime.migration] Running upgrade 0036_remove_section_url -> 0037_simplify_deletion_lifecycle, 收缩任务、配置与审计的删除生命周期。
INFO  [alembic.runtime.migration] Running upgrade 0037_simplify_deletion_lifecycle -> 0038_published_article_delete, 允许受控删除无 GEO 引用的发布成果聚合。
INFO  [alembic.runtime.migration] Running upgrade 0038_published_article_delete -> 0039_article_delete_platform, 允许归档任务在删除失效平台的发布成果后转为已取消。
INFO  [alembic.runtime.migration] Running upgrade 0039_article_delete_platform -> 0040_content_draft_management, 允许当前人工未审核草稿受控保存和彻底删除。
INFO  [alembic.runtime.migration] Running upgrade 0040_content_draft_management -> 0041_content_task_list, 补齐内容任务列表的稳定更新时间与排序索引。
INFO  [alembic.runtime.migration] Running upgrade 0041_content_task_list -> 0042_content_version_detail, 记录内容版本自身的真实更新时间。
INFO  [alembic.runtime.migration] Running upgrade 0042_content_version_detail -> 0043_geo_platform_identity, 冻结发布工作的平台 UUID，避免配置删除后 GEO 历史失去身份。
INFO  [alembic.runtime.migration] Running upgrade 0043_geo_platform_identity -> 0044_geo_catalog, 新增 GEO Catalog 三表；冻结本 revision，不读取运行时 ORM。
INFO  [alembic.runtime.migration] Running upgrade 0044_geo_catalog -> 0045_geo_prompt_variants, 仅新增问题变体，冻结规范化及历史锁存，不回填旧问题数组。
INFO  [alembic.runtime.migration] Running upgrade 0045_geo_prompt_variants -> 0046_geo_surfaces_profiles, 新增观测配置与闭合JSON合同；不回填旧GEO或实现运行资格。
INFO  [alembic.runtime.migration] Running upgrade 0046_geo_surfaces_profiles -> 0047_geo_monitoring_plans, 仅增加计划配置聚合；不创建批次、运行或改写历史观测。
INFO  [alembic.runtime.migration] Running upgrade 0047_geo_monitoring_plans -> 0048_geo_batches_runs, 新增独立回答级 Batch/Run，冻结 DDL 与快照/写入守卫，不迁移旧 GEO。
INFO  [alembic.runtime.migration] Running upgrade 0048_geo_batches_runs -> 0049_geo_batch_creation, 创建幂等与批次主体引用；不修改已冻结的 Batch/Run 输入。
INFO  [alembic.runtime.migration] Running upgrade 0049_geo_batch_creation -> 0050_geo_answer_evidence, 新增不可变原始回答、引用和受控文件关系；不实现采集命令。
INFO  [alembic.runtime.migration] Running upgrade 0050_geo_answer_evidence -> 0051_geo_manual_collection, 人工草稿和不可变提交身份；不回填或修改已提交证据。
INFO  [alembic.runtime.migration] Running upgrade 0051_geo_manual_collection -> 0052_geo_profile_tests, API Profile 当前诊断资格与依赖失效；不修改业务历史。
INFO  [alembic.runtime.migration] Running upgrade 0052_geo_profile_tests -> 0053_geo_collection_admission, 加法保存预算预留与发送限速事实，历史 Run 和原始证据保持不变。
INFO  [alembic.runtime.migration] Running upgrade 0053_geo_collection_admission -> 0054_geo_analysis_contract, 分析输入/结果、追加复核与限定 current pointer；不回填历史证据。
INFO  [alembic.runtime.migration] Running upgrade 0054_geo_analysis_contract -> 0055_geo_analysis_worker, 分析执行租约与引用结果；不回填或重写已有 revision。
INFO  [alembic.runtime.migration] Running upgrade 0055_geo_analysis_worker -> 0056_geo_run_review, 受控人工复核发布；历史机器结果与Review不回填、不改写。
INFO  [alembic.runtime.migration] Running upgrade 0056_geo_run_review -> 0057_geo_insight_indexes, GEO-607：洞察日期候选索引，不改变历史数据或业务约束。
INFO  [alembic.runtime.migration] Running upgrade 0057_geo_insight_indexes -> 0058_geo_rule_configuration, GEO-701：当前规则配置和不可变 revision 历史，不回填既有评估。
INFO  [alembic.runtime.migration] Running upgrade 0058_geo_rule_configuration -> 0059_geo_opportunities, GEO-702：机会、追加来源/行动/评估及真实 Batch 来源外键。
INFO  [alembic.runtime.migration] Running upgrade 0059_geo_opportunities -> 0060_geo_opportunity_actions, GEO-704：行动来源快照、幂等回执与目标生命周期保护。
INFO  [alembic.runtime.migration] Running upgrade 0060_geo_opportunity_actions -> 0061_geo_retests, GEO-705：严格复测冻结基线、幂等回执和提交时矩阵验证。
INFO  [alembic.runtime.migration] Running upgrade 0061_geo_retests -> 0062_geo_opportunity_decisions, GEO-706：加法保存显式处理和不可变比较证据，不回填历史。
INFO  [alembic.runtime.migration] Running upgrade 0062_geo_opportunity_decisions -> 0063_geo_browser_sessions, GEO-802：仅增加受保护会话引用、撤销事实与审计动作。
INFO  [alembic.runtime.migration] Running upgrade 0063_geo_browser_sessions -> 0064_geo_retention, GEO 终态草稿清理墓碑；不改已提交证据、不回填历史。
INFO  [alembic.runtime.migration] Running upgrade 0064_geo_retention -> 0065_geo_observability, GEO有限运行健康元数据；加法迁移，不回填或修改业务历史。

> partsignal-frontend-v2@0.1.0 build
> tsc -b && vite build --config vite.config.ts

vite v8.2.1 building client environment for production...
[2Ktransforming...✓ 3007 modules transformed.
rendering chunks...
computing gzip size...
dist/index.html                                                    0.57 kB │ gzip:   0.34 kB
dist/assets/index-Btqa2CjT.css                                    83.46 kB │ gzip:  14.39 kB
dist/assets/queryOptions-Dfvzj6n2.js                               0.03 kB │ gzip:   0.05 kB
dist/assets/route-5zGdn2Pu.js                                      0.07 kB │ gzip:   0.08 kB
dist/assets/route-AFUjE5vR.js                                      0.07 kB │ gzip:   0.08 kB
dist/assets/route-Bdkyf40J.js                                      0.07 kB │ gzip:   0.08 kB
dist/assets/route-BnOgN25L.js                                      0.07 kB │ gzip:   0.08 kB
dist/assets/route-CACU0Ncw.js                                      0.07 kB │ gzip:   0.08 kB
dist/assets/route-CAUin8c-.js                                      0.07 kB │ gzip:   0.08 kB
dist/assets/route-CtPZVZSG.js                                      0.07 kB │ gzip:   0.08 kB
dist/assets/route-DM9PFocW.js                                      0.07 kB │ gzip:   0.08 kB
dist/assets/route-DZLPx2O5.js                                      0.07 kB │ gzip:   0.08 kB
dist/assets/route-Dfp-b3_F.js                                      0.07 kB │ gzip:   0.08 kB
dist/assets/route-DrhND8Ss.js                                      0.07 kB │ gzip:   0.08 kB
dist/assets/route-DwBi_ZMu.js                                      0.07 kB │ gzip:   0.08 kB
dist/assets/route-SgbaIUWS.js                                      0.07 kB │ gzip:   0.08 kB
dist/assets/route-Tim3UNye.js                                      0.07 kB │ gzip:   0.08 kB
dist/assets/coerce-B78vORRP.js                                     0.08 kB │ gzip:   0.10 kB
dist/assets/isElementDisabled-KSuuBj8D.js                          0.11 kB │ gzip:   0.11 kB
dist/assets/not-found-i5RsCZif.js                                  0.11 kB │ gzip:   0.11 kB
dist/assets/chevron-right-CZUYejgz.js                              0.13 kB │ gzip:   0.14 kB
dist/assets/canonical-uuid-BTSOyHjG.js                             0.13 kB │ gzip:   0.13 kB
dist/assets/matchContext-B0YTMpvO.js                               0.16 kB │ gzip:   0.14 kB
dist/assets/settings.ai-CipVaq6G.js                                0.21 kB │ gzip:   0.20 kB
dist/assets/geo-rules-BWrkKy45.js                                  0.21 kB │ gzip:   0.20 kB
dist/assets/_taskId_.editor-_qjLAkbp.js                            0.22 kB │ gzip:   0.20 kB
dist/assets/_taskId_.review-zeX8OAEE.js                            0.22 kB │ gzip:   0.20 kB
dist/assets/route-DFljbmbX.js                                      0.22 kB │ gzip:   0.20 kB
dist/assets/system.audit-qBeF2bb1.js                               0.22 kB │ gzip:   0.20 kB
dist/assets/system.users-0TM8kiXu.js                               0.22 kB │ gzip:   0.20 kB
dist/assets/settings.prompts-9jQdIs2s.js                           0.22 kB │ gzip:   0.20 kB
dist/assets/print-1ZzneeRB.js                                      0.22 kB │ gzip:   0.18 kB
dist/assets/_taskId-Vsd3-0WC.js                                    0.22 kB │ gzip:   0.21 kB
dist/assets/settings.platforms.types-C4NjYBws.js                   0.22 kB │ gzip:   0.21 kB
dist/assets/versions_._versionId-BW6wP3pa.js                       0.22 kB │ gzip:   0.21 kB
dist/assets/_platformId-BeKfjBVf.js                                0.22 kB │ gzip:   0.20 kB
dist/assets/settings.ai_._channelId-Z_MUrH5D.js                    0.22 kB │ gzip:   0.20 kB
dist/assets/_observationId-B3QjNhkV.js                             0.23 kB │ gzip:   0.21 kB
dist/assets/useControlled-DMK4Pb-8.js                              0.24 kB │ gzip:   0.21 kB
dist/assets/skeleton-Ged3Zc9T.js                                   0.24 kB │ gzip:   0.20 kB
dist/assets/table-shell-BGuXgMNH.js                                0.33 kB │ gzip:   0.24 kB
dist/assets/usePopupHandleStore-BirVG9ro.js                        0.35 kB │ gzip:   0.25 kB
dist/assets/reports-DrjRbyyp.js                                    0.42 kB │ gzip:   0.29 kB
dist/assets/table-toolbar-JNNhOzlg.js                              0.42 kB │ gzip:   0.27 kB
dist/assets/table-skeleton-G-FjuOli.js                             0.45 kB │ gzip:   0.35 kB
dist/assets/route-error-Bl0menBv.js                                0.46 kB │ gzip:   0.31 kB
dist/assets/_productId-Cu3oT6KN.js                                 0.49 kB │ gzip:   0.35 kB
dist/assets/_productId_.facts-C-S7KVKf.js                          0.50 kB │ gzip:   0.36 kB
dist/assets/_productId_.facts_.versions_._versionId-996oc21h.js    0.50 kB │ gzip:   0.36 kB
dist/assets/_productId_.facts_.review-CtF33cCX.js                  0.50 kB │ gzip:   0.37 kB
dist/assets/_observationId_.correct-DHL12dqm.js                    0.51 kB │ gzip:   0.37 kB
dist/assets/useCompositeItem-BGClVRCY.js                           0.54 kB │ gzip:   0.37 kB
dist/assets/empty-table-DARB4g0g.js                                0.55 kB │ gzip:   0.33 kB
dist/assets/_observationId_.correct-BhD51Jxi.js                    0.58 kB │ gzip:   0.31 kB
dist/assets/content-version.model-BVKgM5xI.js                      0.61 kB │ gzip:   0.43 kB
dist/assets/detail-section-Dm8gVxQG.js                             0.63 kB │ gzip:   0.34 kB
dist/assets/return-to-BzbJXkRi.js                                  0.63 kB │ gzip:   0.39 kB
dist/assets/workbench.api-Cm9VqJUK.js                              0.71 kB │ gzip:   0.46 kB
dist/assets/route-Do6Dxmmm.js                                      0.72 kB │ gzip:   0.50 kB
dist/assets/geo-rules-DnzCs45g.js                                  0.83 kB │ gzip:   0.56 kB
dist/assets/textarea-CPcbKIlY.js                                   0.83 kB │ gzip:   0.43 kB
dist/assets/timeline-BSjJ8olh.js                                   0.94 kB │ gzip:   0.49 kB
dist/assets/form-field-B911B1W8.js                                 0.98 kB │ gzip:   0.54 kB
dist/assets/rowSortingFeature-DOu8Zjqq.js                          1.02 kB │ gzip:   0.49 kB
dist/assets/geo-observation-actions-C2i_qn8N.js                    1.09 kB │ gzip:   0.67 kB
dist/assets/print-CSxKYKyo.js                                      1.20 kB │ gzip:   0.67 kB
dist/assets/product-deletion-dialog-588zrCQN.js                    1.20 kB │ gzip:   0.76 kB
dist/assets/security-_cDdnE_Z.js                                   1.22 kB │ gzip:   0.65 kB
dist/assets/filter-bar-D-I3VqGA.js                                 1.23 kB │ gzip:   0.72 kB
dist/assets/new-Bul7BEu7.js                                        1.26 kB │ gzip:   0.73 kB
dist/assets/form-layout-B0Bgsdpq.js                                1.29 kB │ gzip:   0.69 kB
dist/assets/print-tSGhAg7T.js                                      1.31 kB │ gzip:   0.75 kB
dist/assets/login-reyqDFVT.js                                      1.31 kB │ gzip:   0.71 kB
dist/assets/reports.api-DOwUXAn6.js                                1.39 kB │ gzip:   0.85 kB
dist/assets/file-transfer-bcVkqTxX.js                              1.41 kB │ gzip:   0.83 kB
dist/assets/useBaseUiId-C9V7pCeo.js                                1.42 kB │ gzip:   0.80 kB
dist/assets/table-pagination-CStvXXO8.js                           1.48 kB │ gzip:   0.81 kB
dist/assets/auth-page-frame-DoVKxoBO.js                            1.49 kB │ gzip:   0.74 kB
dist/assets/badge-DofVsWMx.js                                      1.57 kB │ gzip:   0.70 kB
dist/assets/audit.api-eq5Nf80n.js                                  1.62 kB │ gzip:   0.76 kB
dist/assets/sticky-action-bar-Bo1fYZzG.js                          1.62 kB │ gzip:   0.86 kB
dist/assets/versions_._versionId-BpLK8FYy.js                       1.72 kB │ gzip:   0.89 kB
dist/assets/_productId_.facts_.versions_._versionId-BKUPOeZW.js    1.77 kB │ gzip:   0.89 kB
dist/assets/workspace-shell-CvF4Z--Q.js                            1.77 kB │ gzip:   0.83 kB
dist/assets/reports-C9hMaX4n.js                                    1.77 kB │ gzip:   0.97 kB
dist/assets/insights-Cq50eMHJ.js                                   1.82 kB │ gzip:   0.98 kB
dist/assets/articles-Dnwu18pr.js                                   1.83 kB │ gzip:   0.97 kB
dist/assets/_articleId-CF2EyGPq.js                                 1.96 kB │ gzip:   1.09 kB
dist/assets/_productId_.facts_.versions-B0h3h7sM.js                1.97 kB │ gzip:   1.06 kB
dist/assets/new-PT7FCfxV.js                                        1.97 kB │ gzip:   1.08 kB
dist/assets/catalog-controls-BlndqY87.js                           1.98 kB │ gzip:   0.89 kB
dist/assets/overview-D45F4hP9.js                                   1.99 kB │ gzip:   1.08 kB
dist/assets/_taskId-CweOyMcl.js                                    2.00 kB │ gzip:   1.06 kB
dist/assets/issues-gMEzcV6h.js                                     2.00 kB │ gzip:   1.05 kB
dist/assets/answers-Q-ZZD732.js                                    2.02 kB │ gzip:   1.09 kB
dist/assets/settings.platforms.types-Q9eDIhJS.js                   2.05 kB │ gzip:   1.04 kB
dist/assets/_observationId-BEyB4ycy.js                             2.09 kB │ gzip:   1.09 kB
dist/assets/work-Vp3FDdGx.js                                       2.11 kB │ gzip:   1.10 kB
dist/assets/new-DlWohGQx.js                                        2.12 kB │ gzip:   1.19 kB
dist/assets/useStore-G3HF39DP.js                                   2.17 kB │ gzip:   0.93 kB
dist/assets/_productId-DSG9vyLN.js                                 2.18 kB │ gzip:   1.12 kB
dist/assets/platforms-BdMDCA1A.js                                  2.19 kB │ gzip:   1.14 kB
dist/assets/_taskId_.review-qWo68aN0.js                            2.20 kB │ gzip:   1.14 kB
dist/assets/_productId_.facts_.review-Bo2M2eTN.js                  2.21 kB │ gzip:   1.13 kB
dist/assets/useRegisterFieldControl-BcstcGLC.js                    2.25 kB │ gzip:   1.07 kB
dist/assets/tasks-Ca6kwaoL.js                                      2.25 kB │ gzip:   1.17 kB
dist/assets/_productId_.facts-CYzk3zKc.js                          2.25 kB │ gzip:   1.17 kB
dist/assets/_issueId-BvRF4O90.js                                   2.26 kB │ gzip:   1.25 kB
dist/assets/observations-G8ckONzW.js                               2.28 kB │ gzip:   1.18 kB
dist/assets/_taskId_.editor-Cw8Fl6Bn.js                            2.29 kB │ gzip:   1.19 kB
dist/assets/dialog-DmePLyHK.js                                     2.33 kB │ gzip:   0.91 kB
dist/assets/plans-Hzgl6cp0.js                                      2.34 kB │ gzip:   1.25 kB
dist/assets/system.audit-Da49fcGq.js                               2.35 kB │ gzip:   1.18 kB
dist/assets/topics-VJJZHwhY.js                                     2.38 kB │ gzip:   1.23 kB
dist/assets/input-BctqO2IH.js                                      2.47 kB │ gzip:   1.25 kB
dist/assets/dirty-guard-C_ZKw2vs.js                                2.58 kB │ gzip:   1.23 kB
dist/assets/settings.ai-DbbnZmLi.js                                2.64 kB │ gzip:   1.35 kB
dist/assets/prompt.api-DzGm0lBb.js                                 2.65 kB │ gzip:   1.01 kB
dist/assets/products-CKJy74QD.js                                   2.74 kB │ gzip:   1.41 kB
dist/assets/useCompositeListItem-u8lPl9Q5.js                       3.11 kB │ gzip:   1.41 kB
dist/assets/security-CcTGE9dq.js                                   3.12 kB │ gzip:   1.52 kB
dist/assets/settings.ai_._channelId-BogswVDq.js                    3.13 kB │ gzip:   1.57 kB
dist/assets/login-1dFvQLYk.js                                      3.14 kB │ gzip:   1.52 kB
dist/assets/zod-C1u0HXxU.js                                        3.31 kB │ gzip:   1.24 kB
dist/assets/sheet-bN9NdJx3.js                                      3.73 kB │ gzip:   1.44 kB
dist/assets/audit-detail-content-DMxvNL2K.js                       3.90 kB │ gzip:   1.61 kB
dist/assets/print-Cd8cbd6N.js                                      4.13 kB │ gzip:   1.66 kB
dist/assets/Match-CkwEZkRF.js                                      4.38 kB │ gzip:   1.72 kB
dist/assets/product.model-SIU-2ew1.js                              4.40 kB │ gzip:   2.01 kB
dist/assets/new-CzkxDvHY.js                                        4.49 kB │ gzip:   1.96 kB
dist/assets/overview-C_GJL4mt.js                                   4.75 kB │ gzip:   1.93 kB
dist/assets/_workId-DV6k9Ve0.js                                    4.75 kB │ gzip:   2.43 kB
dist/assets/insights.model-CtAChhtI.js                             4.77 kB │ gzip:   2.51 kB
dist/assets/insight-filters-rqrGozJR.js                            4.84 kB │ gzip:   2.40 kB
dist/assets/lazyRouteComponent-Q6-84jhQ.js                         4.88 kB │ gzip:   1.75 kB
dist/assets/settings.prompts-BoVOCzxD.js                           4.92 kB │ gzip:   2.42 kB
dist/assets/issues-CXlNy57P.js                                     5.10 kB │ gzip:   2.13 kB
dist/assets/_productId_.facts_.versions-DW_mMSC7.js                5.26 kB │ gzip:   2.36 kB
dist/assets/composite-D3grXdmQ.js                                  5.88 kB │ gzip:   2.28 kB
dist/assets/articles-B39x15HT.js                                   5.96 kB │ gzip:   2.41 kB
dist/assets/geo-evidence-upload-B73Yo7-W.js                        6.15 kB │ gzip:   2.67 kB
dist/assets/client-C6dNGmfD.js                                     6.59 kB │ gzip:   2.58 kB
dist/assets/principal-epoch-1sT-YUbO.js                            6.87 kB │ gzip:   2.33 kB
dist/assets/globalFilteringFeature-BM9wgKEU.js                     6.95 kB │ gzip:   1.98 kB
dist/assets/plans.api-CSsTjaGQ.js                                  7.47 kB │ gzip:   3.16 kB
dist/assets/_app-Dy44loO9.js                                       7.72 kB │ gzip:   2.58 kB
dist/assets/_platformId-CMSA9EOW.js                                7.74 kB │ gzip:   3.47 kB
dist/assets/insights.api-CKpynYSM.js                               7.79 kB │ gzip:   2.67 kB
dist/assets/QueryClientProvider-Bi8hvFQP.js                        7.81 kB │ gzip:   3.04 kB
dist/assets/product.api-Ccnb7TcC.js                                7.94 kB │ gzip:   2.60 kB
dist/assets/_productId_.facts_.versions_._versionId-BQI0jvDr.js    8.18 kB │ gzip:   2.62 kB
dist/assets/geo-rules-DPlATJBT.js                                  8.38 kB │ gzip:   3.62 kB
dist/assets/jsx-runtime-B-hcVAMW.js                                8.55 kB │ gzip:   3.26 kB
dist/assets/x-vups0wOE.js                                          8.72 kB │ gzip:   3.14 kB
dist/assets/questions-D0H0qt84.js                                  8.80 kB │ gzip:   3.89 kB
dist/assets/new-cxZm4YdR.js                                        8.99 kB │ gzip:   3.80 kB
dist/assets/geo-entities-DBlbWChX.js                               9.09 kB │ gzip:   3.63 kB
dist/assets/products-DoFUKS8J.js                                   9.24 kB │ gzip:   3.71 kB
dist/assets/tasks-Dj4aOdhK.js                                      9.26 kB │ gzip:   3.57 kB
dist/assets/platform.api-xkKjVbzG.js                               9.71 kB │ gzip:   3.25 kB
dist/assets/geo-insights-report-UxWORATc.js                       10.34 kB │ gzip:   2.88 kB
dist/assets/opportunities-CLyCu9VL.js                             10.66 kB │ gzip:   4.34 kB
dist/assets/versions_._versionId-Dud06_fV.js                      12.02 kB │ gzip:   3.82 kB
dist/assets/tabs-BuC3hAM_.js                                      12.50 kB │ gzip:   4.72 kB
dist/assets/system.audit-C3xSUmLw.js                              12.54 kB │ gzip:   4.38 kB
dist/assets/observations-CZ0jyyFP.js                              12.54 kB │ gzip:   4.87 kB
dist/assets/content-task-lifecycle-C4eoFmuR.js                    12.58 kB │ gzip:   4.70 kB
dist/assets/system.users-CsiIONUs.js                              12.93 kB │ gzip:   5.51 kB
dist/assets/insights-UYOzFjSr.js                                  13.42 kB │ gzip:   4.92 kB
dist/assets/runs-CaRRdkcQ.js                                      13.62 kB │ gzip:   5.10 kB
dist/assets/route-B7lFOWS0.js                                     14.07 kB │ gzip:   5.29 kB
dist/assets/report-page-diFvaOFl.js                               14.11 kB │ gzip:   4.41 kB
dist/assets/geo-rules-DZIXljUh.js                                 14.20 kB │ gzip:   5.36 kB
dist/assets/_taskId-DnAvIc3O.js                                   14.87 kB │ gzip:   4.62 kB
dist/assets/content.api-BjgTNYlB.js                               14.90 kB │ gzip:   4.32 kB
dist/assets/_productId_.facts_.review-4-If-cI9.js                 15.87 kB │ gzip:   5.65 kB
dist/assets/work-C6Cutd3G.js                                      15.92 kB │ gzip:   5.20 kB
dist/assets/publication.api-D_tWka1G.js                           16.20 kB │ gzip:   4.80 kB
dist/assets/_articleId-Gx2omtPl.js                                16.27 kB │ gzip:   5.43 kB
dist/assets/useQuery-C44PsoTH.js                                  16.32 kB │ gzip:   5.47 kB
dist/assets/insight-page-frame-DzEOhC1t.js                        16.34 kB │ gzip:   5.28 kB
dist/assets/settings.platforms.types-xL1-dBlR.js                  16.45 kB │ gzip:   5.93 kB
dist/assets/new-Cl-ty608.js                                       16.97 kB │ gzip:   6.06 kB
dist/assets/platforms-Beb5wZLb.js                                 17.07 kB │ gzip:   6.18 kB
dist/assets/auth-provider-C1FP_EhK.js                             17.09 kB │ gzip:   6.21 kB
dist/assets/_productId_.facts-D92v599w.js                         17.36 kB │ gzip:   5.84 kB
dist/assets/_taskId_.review-BRUrJzIv.js                           17.51 kB │ gzip:   6.08 kB
dist/assets/settings.ai-BOLqIUAD.js                               17.54 kB │ gzip:   6.33 kB
dist/assets/_productId-C36d5ucz.js                                17.59 kB │ gzip:   5.90 kB
dist/assets/row-actions-BaNKxcpH.js                               17.90 kB │ gzip:   6.59 kB
dist/assets/_observationId-Cm1HZfGK.js                            18.05 kB │ gzip:   5.76 kB
dist/assets/geo.api-BNHKCfaq.js                                   18.53 kB │ gzip:   5.93 kB
dist/assets/geo-surfaces-BW9iq3J_.js                              18.88 kB │ gzip:   6.99 kB
dist/assets/link-D3jGVc4V.js                                      19.54 kB │ gzip:   7.58 kB
dist/assets/_issueId-AbEWPe5a.js                                  19.62 kB │ gzip:   6.52 kB
dist/assets/topics-BZo2VLHU.js                                    20.02 kB │ gzip:   7.06 kB
dist/assets/audit.model-BwxaFBbK.js                               20.43 kB │ gzip:   6.44 kB
dist/assets/ai-channel-workspace.model-B-nqyXK-.js                20.72 kB │ gzip:   6.32 kB
dist/assets/_observationId_.correct-C295vgr4.js                   24.46 kB │ gzip:   8.25 kB
dist/assets/answers-B0ddKDB2.js                                   28.41 kB │ gzip:   7.97 kB
dist/assets/_workId-ly0AwKyg.js                                   28.55 kB │ gzip:   8.91 kB
dist/assets/questions-Du0PCPNb.js                                 28.85 kB │ gzip:   9.24 kB
dist/assets/select-Cq8n_NQA.js                                    30.10 kB │ gzip:  10.91 kB
dist/assets/settings.prompts-CJR0Z5-a.js                          30.84 kB │ gzip:   9.99 kB
dist/assets/system.users--NcFM812.js                              31.04 kB │ gzip:   9.76 kB
dist/assets/geo-entities-BK23zNsM.js                              35.34 kB │ gzip:  10.94 kB
dist/assets/icon-button-rcW1kEFX.js                               36.26 kB │ gzip:  12.08 kB
dist/assets/providers-Bv-0bv6h.js                                 36.34 kB │ gzip:  10.82 kB
dist/assets/column-header-BR61_b5d.js                             36.45 kB │ gzip:  11.43 kB
dist/assets/ToolbarRootContext-NQWDsf1V.js                        36.62 kB │ gzip:  14.02 kB
dist/assets/index.esm-CDk9jdcJ.js                                 37.59 kB │ gzip:  13.14 kB
dist/assets/_taskId_.editor-BGznIuOd.js                           37.93 kB │ gzip:  11.55 kB
dist/assets/_platformId-Co8McfbQ.js                               38.94 kB │ gzip:  11.60 kB
dist/assets/createLucideIcon-YVagg9ly.js                          39.80 kB │ gzip:  14.03 kB
dist/assets/button-BZhX1_Og.js                                    40.12 kB │ gzip:  13.54 kB
dist/assets/route-BjqJMG8P.js                                     43.48 kB │ gzip:  15.62 kB
dist/assets/settings.ai_._channelId-BEzdt6C9.js                   49.69 kB │ gzip:  13.69 kB
dist/assets/plans-_Tq8eU9Y.js                                     50.94 kB │ gzip:  15.79 kB
dist/assets/geo-surfaces-ZicM2BQY.js                              52.99 kB │ gzip:  15.97 kB
dist/assets/opportunities-BDrODQOX.js                             61.09 kB │ gzip:  16.46 kB
dist/assets/schemas-D4JTeD_A.js                                   69.76 kB │ gzip:  18.61 kB
dist/assets/runs-BSlWnkF5.js                                      95.05 kB │ gzip:  27.29 kB
dist/assets/index-Cdf8fHlK.js                                    189.11 kB │ gzip:  60.52 kB
dist/assets/markdown-editor-D-y4e3hs.js                          729.88 kB │ gzip: 245.01 kB

✓ built in 506ms
[plugin builtin:vite-reporter] 
(!) Some chunks are larger than 500 kB after minification. Consider:
- Using dynamic import() to code-split the application
- Use build.rolldownOptions.output.codeSplitting to improve chunking: https://rolldown.rs/reference/OutputOptions.codeSplitting
- Adjust chunk size limit for this warning via build.chunkSizeWarningLimit.
已创建或确认管理员和内容工程师账号。
GEO E2E provider listening on http://127.0.0.1:19012
INFO:     Started server process [58114]
INFO:     Waiting for application startup.
INFO:     Application startup complete.
INFO:     Uvicorn running on http://127.0.0.1:9001 (Press CTRL+C to quit)
INFO:     Started server process [58113]
INFO:     Waiting for application startup.
INFO:     Application startup complete.
INFO:     Uvicorn running on http://127.0.0.1:19009 (Press CTRL+C to quit)
  ➜  Local:   http://127.0.0.1:4174/
INFO:     Started server process [58112]
INFO:     Waiting for application startup.
INFO:     Application startup complete.
INFO:     Uvicorn running on http://127.0.0.1:8000 (Press CTRL+C to quit)
INFO:     127.0.0.1:55831 - "GET /api/health/ready HTTP/1.1" 200 OK
INFO:     127.0.0.1:55834 - "GET /v1/models HTTP/1.1" 200 OK

> partsignal-frontend-v2@0.1.0 e2e:raw
> playwright test tests/e2e/geo-api-real-stack.spec.ts --project=foundation-desktop


Running 2 tests using 1 worker

(node:58143) Warning: The 'NO_COLOR' env is ignored due to the 'FORCE_COLOR' env being set.
(Use `node --trace-warnings ...` to show where the warning was created)
  -  1 [foundation-desktop] › tests/e2e/geo-api-real-stack.spec.ts:18:1 › API 自动轮询、原文引用、部分 usage、费用、429/未知结果与显式新尝试
INFO:     127.0.0.1:55846 - "POST /api/v1/auth/login HTTP/1.1" 200 OK
INFO:     127.0.0.1:55853 - "GET /api/v1/auth/session HTTP/1.1" 200 OK
INFO:     127.0.0.1:55853 - "GET /api/v1/geo/observation-runs?sort=CREATED_DESC&page=1&page_size=20&batch_id=cecb5ac6-2752-41de-8fb8-385ab46fe2ff&latest_only=true HTTP/1.1" 200 OK
INFO:     127.0.0.1:55854 - "GET /api/v1/geo/observation-batches/cecb5ac6-2752-41de-8fb8-385ab46fe2ff HTTP/1.1" 200 OK
INFO:     127.0.0.1:55855 - "GET /api/v1/geo/observation-runs/778738ab-7bd1-438b-8433-48e1f9a82fda HTTP/1.1" 200 OK
INFO:     127.0.0.1:55846 - "GET /api/v1/geo/observation-runs/778738ab-7bd1-438b-8433-48e1f9a82fda HTTP/1.1" 200 OK
INFO:     127.0.0.1:55846 - "POST /api/v1/geo/observation-runs/778738ab-7bd1-438b-8433-48e1f9a82fda/retry HTTP/1.1" 422 Unprocessable Entity
INFO:     127.0.0.1:55846 - "GET /api/v1/geo/collection-profiles/bb5d8bdd-478c-4599-8cb2-38cec49700f9 HTTP/1.1" 200 OK
  ✓  2 [foundation-desktop] › tests/e2e/geo-api-real-stack.spec.ts:125:1 › 关闭开关的新 API/Worker 消费真实 PENDING，明确失败且 provider 零调用 (538ms)

  1 skipped
  1 passed (949ms)
E2E_SECRET_SCAN status=clean
E2E_RESULT playwright=0 secret_scan=0
INFO:     Shutting down
INFO:     Waiting for application shutdown.
INFO:     Application shutdown complete.
INFO:     Finished server process [58114]

worker: Warm shutdown (MainProcess)
INFO:     Shutting down
INFO:     Waiting for application shutdown.
INFO:     Application shutdown complete.
INFO:     Finished server process [58113]
INFO:     Shutting down
INFO:     Waiting for application shutdown.
INFO:     Application shutdown complete.
INFO:     Finished server process [58112]
E2E_CLEANUP redis_db=13 keys=1 status=deleted
E2E_CLEANUP ports=8000,9001,4174,19009,19012 status=released
E2E_CLEANUP database=partsignal_e2e_20261005_d4b76090f8ccf5f476edfc698f67f708 status=dropped
E2E_CLEANUP storage=/var/folders/m5/j06tv2sn1hn93d6f33j559jm0000gn/T//partsignal-e2e-storage.gQddbI status=removed
E2E_GEO phase=monitoring-disabled status=passed
npm --prefix frontend run e2e

> partsignal-frontend-v2@0.1.0 e2e
> tests/e2e/run-with-secret-scan.sh

[WebServer] (node:58230) Warning: The 'NO_COLOR' env is ignored due to the 'FORCE_COLOR' env being set.
[WebServer] (Use `node --trace-warnings ...` to show where the warning was created)
[WebServer] [plugin builtin:vite-reporter] 
[WebServer] (!) Some chunks are larger than 500 kB after minification. Consider:
[WebServer] - Using dynamic import() to code-split the application
[WebServer] - Use build.rolldownOptions.output.codeSplitting to improve chunking: https://rolldown.rs/reference/OutputOptions.codeSplitting
[WebServer] - Adjust chunk size limit for this warning via build.chunkSizeWarningLimit.
[WebServer] (node:58231) Warning: The 'NO_COLOR' env is ignored due to the 'FORCE_COLOR' env being set.
[WebServer] (Use `node --trace-warnings ...` to show where the warning was created)
[WebServer] (node:58254) Warning: The 'NO_COLOR' env is ignored due to the 'FORCE_COLOR' env being set.
[WebServer] (Use `node --trace-warnings ...` to show where the warning was created)

Running 572 tests using 1 worker

  -    1 [foundation-mobile] › tests/e2e/ai-channel-configuration-real-stack.spec.ts:206:1 › AI Channel Configuration 真实栈闭环
(node:58260) Warning: The 'NO_COLOR' env is ignored due to the 'FORCE_COLOR' env being set.
(Use `node --trace-warnings ...` to show where the warning was created)
  ✓    2 [foundation-mobile] › tests/e2e/ai-channel-list.spec.ts:3:1 › AI Channel List 由安全 GET projection 驱动 canonical URL、筛选与分页 (1.1s)
  ✓    3 [foundation-mobile] › tests/e2e/ai-channel-list.spec.ts:36:1 › AI Channel List 恢复历史并生成未来 Workspace href (438ms)
  ✓    4 [foundation-mobile] › tests/e2e/ai-channel-list.spec.ts:55:1 › AI Channel List 发送三类 revision command，冲突不自动重放 (3.4s)
  ✓    5 [foundation-mobile] › tests/e2e/ai-channel-list.spec.ts:97:1 › AI Channel List 删除 409 被动列表不解冻，显式刷新失败仍保留冲突 (805ms)
  ✓    6 [foundation-mobile] › tests/e2e/ai-channel-list.spec.ts:117:1 › AI Channel List 删除成功后列表刷新失败也不恢复旧行 (678ms)
  ✓    7 [foundation-mobile] › tests/e2e/ai-channel-list.spec.ts:132:1 › AI Channel List 管理员边界、移动响应式和敏感字段边界成立 (321ms)
  ✓    8 [foundation-mobile] › tests/e2e/ai-channel-workspace-models.spec.ts:3:1 › Models 完成发现、创建、冲突 reload、测试、启停与删除闭环 (2.7s)
  ✓    9 [foundation-mobile] › tests/e2e/ai-channel-workspace-models.spec.ts:70:1 › 模型命令先采用 canonical，deferred/reject refresh 只读重试且不重发 (453ms)
  ✓   10 [foundation-mobile] › tests/e2e/ai-channel-workspace-models.spec.ts:103:1 › discovery 409 关闭重开仍冻结，成功 channel reload 后拒绝未知 projection (907ms)
  ✓   11 [foundation-mobile] › tests/e2e/ai-channel-workspace-models.spec.ts:136:1 › dirty 配置进入 Models 需确认，确认后卸载表单且四档宽度无根溢出 (471ms)
  ✓   12 [foundation-mobile] › tests/e2e/ai-channel-workspace-runtime.spec.ts:9:1 › Usage canonical URL、服务端 period 与 history 恢复一致 (404ms)
  ✓   13 [foundation-mobile] › tests/e2e/ai-channel-workspace-runtime.spec.ts:40:1 › Channel 与 Model Runtime 主任务进入真实 Usage (368ms)
  ✓   14 [foundation-mobile] › tests/e2e/ai-channel-workspace-runtime.spec.ts:56:1 › Logs 保持服务端分页和 actor，详情按需读取且未知 shape 显式失败 (659ms)
  ✓   15 [foundation-mobile] › tests/e2e/ai-channel-workspace-runtime.spec.ts:114:1 › Runtime 局部错误、越界恢复与四档根溢出边界成立 (329ms)
  -   16 [foundation-mobile] › tests/e2e/catalog-real-stack.spec.ts:50:1 › 从已批准事实的 Product 建立唯一监测身份、竞品和字典，刷新及 ENGINEER 只读
  ✓   17 [foundation-mobile] › tests/e2e/catalog-ui.spec.ts:17:1 › Catalog 页面局部滚动、URL 恢复、键盘确认与焦点返回 (647ms)
  ✓   18 [foundation-mobile] › tests/e2e/catalog-ui.spec.ts:50:1 › ENGINEER 直接访问只读详情及 new URL，无配置入口或写操作 (291ms)
  -   19 [foundation-mobile] › tests/e2e/content-ai-real-stack.spec.ts:269:1 › AI Production：成功、自然化、失败详情与 exact snapshot retry
  ✓   20 [foundation-mobile] › tests/e2e/content-editor.spec.ts:6:1 › 从 List/Detail primary 进入 canonical Editor，direct/refresh 只读取 Editor Context (795ms)
  ✓   21 [foundation-mobile] › tests/e2e/content-editor.spec.ts:26:1 › no-draft 创建完整人工首稿，不创建 AI lineage，并携带 CSRF (393ms)
  ✓   22 [foundation-mobile] › tests/e2e/content-editor.spec.ts:60:1 › AI generation 按需确认 Prompt/model，terminal 后采用服务端 current pointer (3.1s)
  ✓   23 [foundation-mobile] › tests/e2e/content-editor.spec.ts:94:1 › generation failure 按需读取完整 snapshot，并只按原 job retry (5.8s)
  ✓   24 [foundation-mobile] › tests/e2e/content-editor.spec.ts:128:1 › HUMAN DRAFT DirtyGuard、Preview/Diff 与 Ctrl/Cmd+S 使用 canonical revision (1.0s)
  ✓   25 [foundation-mobile] › tests/e2e/content-editor.spec.ts:171:1 › DirtyGuard 覆盖浏览器 Back/Forward，确认离开后丢弃本地草稿 (551ms)
  ✓   26 [foundation-mobile] › tests/e2e/content-editor.spec.ts:188:1 › AI DRAFT 保持源版本只读，显示 snapshot 摘要并创建 based_on 人工 revision (402ms)
  ✓   27 [foundation-mobile] › tests/e2e/content-editor.spec.ts:217:1 › CREATE_HUMANIZATION_JOB 创建新 job/版本，源 AI DRAFT 保持只读 (3.0s)
  ✓   28 [foundation-mobile] › tests/e2e/content-editor.spec.ts:240:1 › CHANGES_REQUESTED 不原地编辑，创建 based_on 人工 revision (270ms)
  ✓   29 [foundation-mobile] › tests/e2e/content-editor.spec.ts:256:1 › 409 保留本地输入和请求 ID，只在显式 reload 后采用服务端版本 (388ms)
  ✓   30 [foundation-mobile] › tests/e2e/content-editor.spec.ts:275:1 › SUBMIT_REVIEW 409 保留 Dialog 与本地输入，失败 reload 不采用旧 cache，成功后采用 canonical context (728ms)
  ✓   31 [foundation-mobile] › tests/e2e/content-editor.spec.ts:332:1 › SUBMIT_REVIEW 冲突后取消只关闭 Dialog，不读不写并保留页面冲突 (454ms)
  ✓   32 [foundation-mobile] › tests/e2e/content-editor.spec.ts:356:1 › dirty 必须先保存再提交审核，提交后停留 Editor 且不暴露 Review actions (715ms)
  ✓   33 [foundation-mobile] › tests/e2e/content-editor.spec.ts:382:1 › DELETE 只物理删除人工草稿，并采用服务端恢复的父版本主线 (505ms)
  ✓   34 [foundation-mobile] › tests/e2e/content-editor.spec.ts:401:1 › ABANDON 保留历史且只采用服务端返回的新主线 (519ms)
  ✓   35 [foundation-mobile] › tests/e2e/content-editor.spec.ts:421:1 › 375/768/1024/1440 复用 Workspace 响应式、键盘焦点且 StickyActionBar 不遮挡正文 (384ms)
  ✓   36 [foundation-mobile] › tests/e2e/content-editor.spec.ts:450:1 › 后台主线变化保留 dirty 草稿与提交备注，显式重载才采用新主线 (453ms)
  ✓   37 [foundation-mobile] › tests/e2e/content-editor.spec.ts:476:1 › AI terminal 保留生成期间编辑的人工首稿 (3.1s)
  -   38 [foundation-mobile] › tests/e2e/content-review-real-stack.spec.ts:200:1 › Flow A：人工内容批准后进入只读版本并出现发布交接
  -   39 [foundation-mobile] › tests/e2e/content-review-real-stack.spec.ts:293:1 › Flow B：退回后创建 HUMAN revision，重新送审批准且历史不串线
  ✓   40 [foundation-mobile] › tests/e2e/content-review.spec.ts:6:1 › direct URL、refresh、Back 与 Forward 始终读取 task-scoped Review Context (683ms)
  ✓   41 [foundation-mobile] › tests/e2e/content-review.spec.ts:33:1 › 一次快照展示 canonical、blocking/warnings、fact、platform、diff 与 timeline (313ms)
  ✓   42 [foundation-mobile] › tests/e2e/content-review.spec.ts:53:3 › approved 状态只读且不从 status 推导审核动作 (195ms)
  ✓   43 [foundation-mobile] › tests/e2e/content-review.spec.ts:53:3 › changes-requested 状态只读且不从 status 推导审核动作 (198ms)
  ✓   44 [foundation-mobile] › tests/e2e/content-review.spec.ts:53:3 › readonly 状态只读且不从 status 推导审核动作 (248ms)
  ✓   45 [foundation-mobile] › tests/e2e/content-review.spec.ts:62:1 › APPROVE 携带 CSRF/expected_revision，成功后重新读取 canonical state (292ms)
  ✓   46 [foundation-mobile] › tests/e2e/content-review.spec.ts:82:1 › REQUEST_CHANGES 校验并修剪意见，Esc 后焦点返回真实触发器 (729ms)
  ✓   47 [foundation-mobile] › tests/e2e/content-review.spec.ts:114:1 › 409 保留用户输入和 request ID，刷新 canonical context 且不自动重放 (393ms)
  ✓   48 [foundation-mobile] › tests/e2e/content-review.spec.ts:132:1 › 结构化 422 回到意见字段并保留输入 (449ms)
  ✓   49 [foundation-mobile] › tests/e2e/content-review.spec.ts:146:1 › loading 完成后展示 canonical 页面 (199ms)
  ✓   50 [foundation-mobile] › tests/e2e/content-review.spec.ts:154:1 › error 展示 request ID，显式 retry 后恢复 (347ms)
  ✓   51 [foundation-mobile] › tests/e2e/content-review.spec.ts:164:1 › 375/1440 使用既有 WorkspaceShell 响应式形态 (195ms)
  -   52 [foundation-mobile] › tests/e2e/content-review.spec.ts:178:1 › 768/1024 保持 tabbed workspace 且内容无水平溢出
  ✓   53 [foundation-mobile] › tests/e2e/content-task-detail.spec.ts:7:1 › 从 Content Task List 进入，页面只以单一 Detail endpoint 绘制完整摘要 (335ms)
  ✓   54 [foundation-mobile] › tests/e2e/content-task-detail.spec.ts:25:1 › direct navigation、refresh、Back/Forward 保持 canonical Detail route (369ms)
  ✓   55 [foundation-mobile] › tests/e2e/content-task-detail.spec.ts:38:1 › compact section 没有数据时显式显示“暂无”，不触发 join API (160ms)
  ✓   56 [foundation-mobile] › tests/e2e/content-task-detail.spec.ts:46:1 › 服务端 primary_task 与 lifecycle overflow 生效，409 不重放并 canonical refetch (591ms)
  ✓   57 [foundation-mobile] › tests/e2e/content-task-detail.spec.ts:63:1 › loading、404、403 与 generic retry 都有明确状态 (662ms)
  ✓   58 [foundation-mobile] › tests/e2e/content-task-detail.spec.ts:89:1 › archived verified 与 cancelled Detail 明确只读，保留服务端 primary (350ms)
  ✓   59 [foundation-mobile] › tests/e2e/content-task-detail.spec.ts:103:1 › 375/768/1024/1440 无根横溢出，overflow 可键盘操作并返回焦点 (591ms)
  ✓   60 [foundation-mobile] › tests/e2e/content-task-list.spec.ts:5:1 › Content Tasks 由服务端 projection 驱动固定列、链接、搜索、筛选与分页 (683ms)
  ✓   61 [foundation-mobile] › tests/e2e/content-task-list.spec.ts:49:1 › Content Tasks URL 支持 direct、refresh、Back/Forward，并规范化非法参数 (427ms)
  ✓   62 [foundation-mobile] › tests/e2e/content-task-list.spec.ts:68:1 › Query Topic 两类 resolve URL 成对映射服务端筛选并可清除 (216ms)
  ✓   63 [foundation-mobile] › tests/e2e/content-task-list.spec.ts:79:1 › Content lifecycle 使用服务端 token、CSRF、comment 和 revision，409 不重放 (1.2s)
  ✓   64 [foundation-mobile] › tests/e2e/content-task-list.spec.ts:113:1 › 已归档视图使用实时永久删除 preview 和精确确认文本 (651ms)
  ✓   65 [foundation-mobile] › tests/e2e/content-task-list.spec.ts:135:1 › Content Tasks 明确呈现 loading、empty、filtered empty、error 与 retry (606ms)
  ✓   66 [foundation-mobile] › tests/e2e/content-task-list.spec.ts:157:1 › Content Tasks 在目标宽度无页面级横向溢出，键盘与 Dialog 焦点可恢复 (344ms)
  -   67 [foundation-mobile] › tests/e2e/content-version-detail-real-stack.spec.ts:135:1 › 独立真实栈：单一 detail GET 读取 HUMAN 当前版本且页面无写入口
  ✓   68 [foundation-mobile] › tests/e2e/content-version-detail.spec.ts:11:1 › 从 Content Task 以键盘进入只读详情，refresh 与 Back/Forward 保持单一 detail 数据边界 (629ms)
  ✓   69 [foundation-mobile] › tests/e2e/content-version-detail.spec.ts:67:1 › HUMAN/AI 与六种 status、当前和历史版本都不生成业务动作 (918ms)
  ✓   70 [foundation-mobile] › tests/e2e/content-version-detail.spec.ts:100:1 › 缺失 Prompt/model/generation/review snapshot 与更新时间时显示诚实空态 (199ms)
  ✓   71 [foundation-mobile] › tests/e2e/content-version-detail.spec.ts:130:1 › 覆盖 loading、404、403、通用错误与 retry (658ms)
  ✓   72 [foundation-mobile] › tests/e2e/fact-history.spec.ts:12:1 › VIEW_FACT_HISTORY 进入 canonical 列表，保持服务端顺序、URL 历史与只读详情导航 (711ms)
  ✓   73 [foundation-mobile] › tests/e2e/fact-history.spec.ts:58:1 › direct navigation 覆盖 loading、empty、404、403、通用错误与 retry (778ms)
  ✓   74 [foundation-mobile] › tests/e2e/fact-history.spec.ts:89:1 › 历史响应包含其他产品版本时阻断整张表 (153ms)
  ✓   75 [foundation-mobile] › tests/e2e/fact-history.spec.ts:104:1 › 事实历史在四档宽度无页面级横向溢出，表格区和版本链接可获得焦点 (191ms)
  ✓   76 [foundation-mobile] › tests/e2e/fact-review.spec.ts:16:1 › direct/refresh 只读一个审核 context，展示不可变 Markdown、Diff、历史并适配四档宽度 (377ms)
  ✓   77 [foundation-mobile] › tests/e2e/fact-review.spec.ts:53:1 › APPROVE 使用服务端 token、CSRF 与 expected_revision，成功后刷新 canonical context (636ms)
  ✓   78 [foundation-mobile] › tests/e2e/fact-review.spec.ts:81:1 › REQUEST_CHANGES 不从 status 推导动作，拒绝空意见并追加目标版本历史 (419ms)
  ✓   79 [foundation-mobile] › tests/e2e/fact-review.spec.ts:113:1 › 409 不重放命令，展示 request ID 并刷新最新 revision (573ms)
  ✓   80 [foundation-mobile] › tests/e2e/fact-review.spec.ts:144:1 › 覆盖 loading、empty、404、403、通用错误与 retry (775ms)
  ✓   81 [foundation-mobile] › tests/e2e/fact-version-detail.spec.ts:19:1 › 从 Product Detail 以键盘进入只读详情，refresh 保持单一 FactVersion 数据边界并适配四档宽度 (425ms)
  ✓   82 [foundation-mobile] › tests/e2e/fact-version-detail.spec.ts:66:1 › direct navigation 展示 approved、pending、changes requested，并保持返回导航与阅读焦点顺序 (448ms)
  ✓   83 [foundation-mobile] › tests/e2e/fact-version-detail.spec.ts:112:1 › productId 与 FactVersion.product_id 不一致时阻断全部 snapshot 内容 (186ms)
  ✓   84 [foundation-mobile] › tests/e2e/fact-version-detail.spec.ts:130:1 › 覆盖 loading、404、403、通用错误与 retry (657ms)
  ✓   85 [foundation-mobile] › tests/e2e/fact-workspace.spec.ts:16:1 › direct/refresh 只读取一个 workspace read model，并适配 375/768/1024/1440 (417ms)
  ✓   86 [foundation-mobile] › tests/e2e/fact-workspace.spec.ts:49:1 › DirtyGuard 保留编辑，Ctrl/Cmd+S 携带 CSRF/expected_revision 并采用 canonical response (521ms)
  ✓   87 [foundation-mobile] › tests/e2e/fact-workspace.spec.ts:76:1 › revision conflict 保留本地 Markdown，只有显式 reload 才采用服务端版本 (513ms)
  ✓   88 [foundation-mobile] › tests/e2e/fact-workspace.spec.ts:96:1 › 提交创建 PENDING_REVIEW 响应后停留工作台，并以 refetch actions 隐藏提交 (487ms)
  ✓   89 [foundation-mobile] › tests/e2e/fact-workspace.spec.ts:118:1 › 提交时 revision conflict 保留当前工作台并显示请求 ID (430ms)
  ✓   90 [foundation-mobile] › tests/e2e/fact-workspace.spec.ts:135:1 › 覆盖 loading、空 Markdown、预期错误、retry 与 RETIRED 只读状态 (647ms)
  ✓   91 [foundation-mobile] › tests/e2e/foundation-smoke.spec.ts:3:1 › production artifact 支持 App Shell 与响应式导航 (316ms)
  ✓   92 [foundation-mobile] › tests/e2e/geo-insights.spec.ts:6:1 › direct URL 映射筛选并完整呈现 read model、替代数据和精确 drill-down (238ms)
  ✓   93 [foundation-mobile] › tests/e2e/geo-insights.spec.ts:27:1 › 筛选写回 canonical URL，reset 与浏览器历史恢复 (479ms)
  ✓   94 [foundation-mobile] › tests/e2e/geo-insights.spec.ts:41:1 › loading、首次错误重试与 empty/unavailable 状态彼此区分 (490ms)
  ✓   95 [foundation-mobile] › tests/e2e/geo-insights.spec.ts:62:1 › 优化 Dialog 按需读取 options，以响应 ID 导航并携带稳定命令头 (649ms)
  ✓   96 [foundation-mobile] › tests/e2e/geo-insights.spec.ts:80:1 › 优化 POST pending 时取消、Escape 与外点都不能重建命令会话 (676ms)
  ✓   97 [foundation-mobile] › tests/e2e/geo-insights.spec.ts:100:1 › stale/409 不自动重放，保留选择并要求显式刷新 (782ms)
  ✓   98 [foundation-mobile] › tests/e2e/geo-insights.spec.ts:127:1 › stale 刷新后来源消失仍保留目标与 request ID，并禁止再次 POST (702ms)
  ✓   99 [foundation-mobile] › tests/e2e/geo-insights.spec.ts:144:1 › 后台撤销优化来源或创建选项失败时旧选择可见但不能提交 (621ms)
  ✓  100 [foundation-mobile] › tests/e2e/geo-insights.spec.ts:177:1 › 后台创建选项撤销已批准事实版本后阻止旧目标 POST (614ms)
  ✓  101 [foundation-mobile] › tests/e2e/geo-insights.spec.ts:195:1 › 打印报告使用相同查询，只呈现只读数据并调用浏览器打印 (266ms)
  ✓  102 [foundation-mobile] › tests/e2e/geo-insights.spec.ts:257:1 › Screen 打印入口完整保留七项筛选并支持浏览器历史 (317ms)
  ✓  103 [foundation-mobile] › tests/e2e/geo-insights.spec.ts:270:1 › 打印报告规范化参数，并区分 loading、error、empty 与 unavailable (489ms)
  ✓  104 [foundation-mobile] › tests/e2e/geo-observation-correction.spec.ts:48:1 › 从 Detail CORRECT 入口进入，历史 ID 先 replace 到服务端 canonical 尾 (654ms)
  ✓  105 [foundation-mobile] › tests/e2e/geo-observation-correction.spec.ts:81:1 › 校验显式事实；上传失败只重试 complete，POST 防重复并按响应 ID 交接 (1.1s)
  ✓  106 [foundation-mobile] › tests/e2e/geo-observation-correction.spec.ts:161:5 › 更正冲突 › publication-conflict 不重放；显式刷新按 ID 合并草稿、证据和新尾 (1.6s)
  ✓  107 [foundation-mobile] › tests/e2e/geo-observation-correction.spec.ts:161:5 › 更正冲突 › successor-conflict 不重放；显式刷新按 ID 合并草稿、证据和新尾 (1.6s)
  ✓  108 [foundation-mobile] › tests/e2e/geo-observation-correction.spec.ts:212:1 › successor 后显式上下文刷新失败仍冻结旧尾并保留草稿与 request ID (958ms)
  ✓  109 [foundation-mobile] › tests/e2e/geo-observation-correction.spec.ts:240:1 › 链上下文不完整后禁止重放，显式 GET 失败也不能用缓存旧数据解冻 (891ms)
  ✓  110 [foundation-mobile] › tests/e2e/geo-observation-correction.spec.ts:264:1 › upload complete 悬停跨布局时阻止 POST，成功后仅提交新证据 (1.1s)
  ✓  111 [foundation-mobile] › tests/e2e/geo-observation-correction.spec.ts:290:1 › 空白草稿开始上传后，离开仍需确认 (620ms)
  ✓  112 [foundation-mobile] › tests/e2e/geo-observation-correction.spec.ts:309:1 › 后台读取撤销更正资格后冻结旧上下文与写入入口 (776ms)
  ✓  113 [foundation-mobile] › tests/e2e/geo-observation-correction.spec.ts:328:1 › loading、404、403、Legacy 与提交时权限变化均明确且保留输入 (3.2s)
  ✓  114 [foundation-mobile] › tests/e2e/geo-observation-correction.spec.ts:363:1 › DirtyGuard、键盘主动作与 375/768/1024/1440 布局可达 (539ms)
  ✓  115 [foundation-mobile] › tests/e2e/geo-observation-detail.spec.ts:8:1 › List 进入 Detail，direct URL、refresh、Back 和 Forward 保持 canonical route (432ms)
  ✓  116 [foundation-mobile] › tests/e2e/geo-observation-detail.spec.ts:28:1 › Manual 一次请求展示 selected record、完整 chain、direct evidence 和 tail actions (715ms)
  ✓  117 [foundation-mobile] › tests/e2e/geo-observation-detail.spec.ts:77:1 › Legacy 只展示合同真实存在的 recommendation、citation 与 frozen article (169ms)
  ✓  118 [foundation-mobile] › tests/e2e/geo-observation-detail.spec.ts:93:1 › loading、409、retry 与 contract error 均不回退到旧 GET (267ms)
  ✓  119 [foundation-mobile] › tests/e2e/geo-observation-detail.spec.ts:112:1 › 404、403 和普通读取失败明确展示错误，不使用旧单条 GET (678ms)
  ✓  120 [foundation-mobile] › tests/e2e/geo-observation-detail.spec.ts:130:1 › 删除确认期间后台撤销尾节点动作，确认禁用且焦点回到标题 (795ms)
  ✓  121 [foundation-mobile] › tests/e2e/geo-observation-detail.spec.ts:150:1 › DELETE 409 冻结旧确认，显式重载后需重新打开并人工确认 (1.3s)
  ✓  122 [foundation-mobile] › tests/e2e/geo-observation-detail.spec.ts:179:1 › 375/768/1024/1440 无根级横向溢出且键盘可达 (181ms)
  ✓  123 [foundation-mobile] › tests/e2e/geo-observations.spec.ts:5:1 › 八列紧凑列表只提供 canonical links 和服务端投影动作 (251ms)
  ✓  124 [foundation-mobile] › tests/e2e/geo-observations.spec.ts:31:1 › URL 参数逐项映射 API，支持排序、分页和 canonical replace (793ms)
  ✓  125 [foundation-mobile] › tests/e2e/geo-observations.spec.ts:77:1 › Query Topic resolve URL 精确映射服务端筛选并可清除 (201ms)
  ✓  126 [foundation-mobile] › tests/e2e/geo-observations.spec.ts:86:1 › loading、empty、filtered-empty、error 与 retry 诚实可见 (594ms)
  ✓  127 [foundation-mobile] › tests/e2e/geo-observations.spec.ts:108:1 › 键盘 Dialog 返回焦点，删除只发送一次且携带 CSRF (546ms)
  ✓  128 [foundation-mobile] › tests/e2e/geo-observations.spec.ts:130:1 › 375/768/1024/1440 页面根无横向溢出，表格只在区域内滚动 (177ms)
  ✓  129 [foundation-mobile] › tests/e2e/geo-observations.spec.ts:147:1 › 确认删除期间背景移除行仍保留 Dialog，取消后焦点回到标题 (641ms)
  -  130 [foundation-mobile] › tests/e2e/geo-real-stack.spec.ts:346:1 › Flow A：新建 Observation 后追加 Correction，原记录保持不可变
  -  131 [foundation-mobile] › tests/e2e/geo-real-stack.spec.ts:581:1 › Flow B：真实 Insights 复算异常并创建带不可变 GEO 来源的优化任务
  ✓  132 [foundation-mobile] › tests/e2e/geo-topics.spec.ts:5:1 › 五列只消费服务端动作，primary 携带 canonical handoff，引用链接精确可解析 (544ms)
  ✓  133 [foundation-mobile] › tests/e2e/geo-topics.spec.ts:48:1 › 引用 Dialog 从当前 exact list projection 实时更新 (377ms)
  ✓  134 [foundation-mobile] › tests/e2e/geo-topics.spec.ts:72:1 › 删除 Dialog 按最新 blocker/资格原位切换，并以最新 revision 确认 (597ms)
  ✓  135 [foundation-mobile] › tests/e2e/geo-topics.spec.ts:125:1 › 删除确认在 exact list fetching/error/目标消失时保持阻断 (399ms)
  ✓  136 [foundation-mobile] › tests/e2e/geo-topics.spec.ts:172:1 › 搜索、排序、分页进入 URL/API，direct、refresh、Back/Forward 保持 canonical (737ms)
  ✓  137 [foundation-mobile] › tests/e2e/geo-topics.spec.ts:204:1 › loading、empty、filtered-empty、error/retry 与四档根宽度状态诚实 (618ms)
  ✓  138 [foundation-mobile] › tests/e2e/geo-topics.spec.ts:237:1 › 创建与更新携带 CSRF/revision；409 保留草稿并只在显式 reload 后恢复 (1.1s)
  ✓  139 [foundation-mobile] › tests/e2e/geo-topics.spec.ts:323:1 › DELETE 只对服务端允许的行出现，确认后只发送一次 expected_revision (662ms)
  ✓  140 [foundation-mobile] › tests/e2e/geo-topics.spec.ts:350:1 › DELETE 409 不自动重放，显式 reload revision 后才允许再次确认 (851ms)
  ✓  141 [foundation-mobile] › tests/e2e/geo-topics.spec.ts:403:1 › DELETE 引用竞态显示服务端最新类型、数量和 canonical resolve links (503ms)
  ✓  142 [foundation-mobile] › tests/e2e/legacy-routing.spec.ts:10:1 › 全部登记 legacy pathname 进入唯一 canonical pathname (2.5s)
  ✓  143 [foundation-mobile] › tests/e2e/legacy-routing.spec.ts:39:1 › query 白名单、workspace 与 Publishing 优先级写入 canonical URL (1.1s)
  ✓  144 [foundation-mobile] › tests/e2e/legacy-routing.spec.ts:71:1 › replace 保留 refresh、Back 与 Forward 的 canonical 历史 (309ms)
  ✓  145 [foundation-mobile] › tests/e2e/legacy-routing.spec.ts:83:1 › 匿名 legacy deep link 登录后恢复并归一化，恶意 return-to 回安全默认 (400ms)
  ✓  146 [foundation-mobile] › tests/e2e/legacy-routing.spec.ts:103:1 › must-change 与 ENGINEER 权限由既有 boundary 裁决 (251ms)
  ✓  147 [foundation-mobile] › tests/e2e/legacy-routing.spec.ts:114:1 › 未知 path 显式 404，canonical 资源错误保留，Product Detail 保持 Facts 入口 (361ms)
  ✓  148 [foundation-mobile] › tests/e2e/new-content-task.spec.ts:27:1 › Content Task List Page Primary 进入可直达、刷新的三字段创建页 (400ms)
  ✓  149 [foundation-mobile] › tests/e2e/new-content-task.spec.ts:50:1 › Product Detail CREATE_CONTENT_TASK handoff 进入 URL 并经服务端资格确认后预选 (309ms)
  ✓  150 [foundation-mobile] › tests/e2e/new-content-task.spec.ts:65:1 › productId direct/refresh/Back/Forward 恢复，非法、不存在、停用和无事实都不静默改选 (2.4s)
  ✓  151 [foundation-mobile] › tests/e2e/new-content-task.spec.ts:120:1 › Product 只显示所属 approved facts，换 Product 清除旧事实，Platform 只显示活动具体平台 (1.2s)
  ✓  152 [foundation-mobile] › tests/e2e/new-content-task.spec.ts:141:1 › POST 发送精确 ContentTaskCreate 与稳定 Idempotency-Key，pending 防重，成功进入 canonical Detail (1.3s)
  ✓  153 [foundation-mobile] › tests/e2e/new-content-task.spec.ts:172:1 › 失败保留选择与同键重试，字段错误、403/404/409 与 IDEMPOTENCY_CONFLICT 显示 request ID (1.1s)
  ✓  154 [foundation-mobile] › tests/e2e/new-content-task.spec.ts:208:1 › options loading/error/retry/empty 均有明确恢复路径 (478ms)
  ✓  155 [foundation-mobile] › tests/e2e/new-content-task.spec.ts:225:1 › DirtyGuard 覆盖 Cancel (1.3s)
  ✓  156 [foundation-mobile] › tests/e2e/new-content-task.spec.ts:244:1 › DirtyGuard 覆盖浏览器 Back (713ms)
  ✓  157 [foundation-mobile] › tests/e2e/new-content-task.spec.ts:256:1 › 创建页在 375/768/1024/1440 无页面横溢出，键盘可选择且焦点可见 (485ms)
  ✓  158 [foundation-mobile] › tests/e2e/new-geo-observation.spec.ts:65:1 › 列表 Primary、直接访问和刷新都进入 canonical 创建 Workspace (491ms)
  ✓  159 [foundation-mobile] › tests/e2e/new-geo-observation.spec.ts:88:1 › queryTopicId 与 geoPlatform handoff 支持 direct URL 与刷新，不存在 Topic 时明确阻止提交 (508ms)
  ✓  160 [foundation-mobile] › tests/e2e/new-geo-observation.spec.ts:113:1 › 候选 loading 诚实可见且阻止创建 (541ms)
  ✓  161 [foundation-mobile] › tests/e2e/new-geo-observation.spec.ts:131:1 › 候选 empty 提供可用出口且阻止创建 (469ms)
  ✓  162 [foundation-mobile] › tests/e2e/new-geo-observation.spec.ts:145:1 › 客户端校验显式事实；上传后 POST 防重复并 canonical handoff (2.5s)
  ✓  163 [foundation-mobile] › tests/e2e/new-geo-observation.spec.ts:220:1 › 证据 complete 未结束且跨布局时不能创建，完成后才提交附件 (2.3s)
  ✓  164 [foundation-mobile] › tests/e2e/new-geo-observation.spec.ts:258:1 › 空白表单上传期间离开需确认，保留上传后可继续校验 (820ms)
  ✓  165 [foundation-mobile] › tests/e2e/new-geo-observation.spec.ts:290:1 › 候选冲突不重放创建，显式刷新后保留输入并允许人工重试 (2.4s)
  ✓  166 [foundation-mobile] › tests/e2e/new-geo-observation.spec.ts:322:1 › DirtyGuard 覆盖 Cancel，Back/Forward 可恢复 canonical 页面；四档宽度无溢出 (1.2s)
  ✓  167 [foundation-mobile] › tests/e2e/new-product.spec.ts:11:1 › Products 唯一 page Primary 进入可直达、刷新并保持导航上下文的新建页 (402ms)
  ✓  168 [foundation-mobile] › tests/e2e/new-product.spec.ts:27:1 › 客户端阻止必填和纯空白请求，并关联字段说明、错误与 ErrorSummary (191ms)
  ✓  169 [foundation-mobile] › tests/e2e/new-product.spec.ts:42:1 › POST 使用 trim body 与 CSRF，pending 防重复，成功清除 DirtyGuard 并使列表重新获取 (391ms)
  ✓  170 [foundation-mobile] › tests/e2e/new-product.spec.ts:70:1 › duplicate、字段校验与 forbidden 使用结构化位置/form summary，修正后可重试 (472ms)
  ✓  171 [foundation-mobile] › tests/e2e/new-product.spec.ts:102:1 › dirty Cancel 与浏览器返回均支持留在页面或确认离开 (792ms)
  ✓  172 [foundation-mobile] › tests/e2e/new-product.spec.ts:128:1 › 新建页在 375/1440 无页面级横向溢出，键盘可达且焦点可见 (174ms)
  ✓  173 [foundation-mobile] › tests/e2e/platform-list.spec.ts:3:1 › Platform List 由 GET projection 驱动搜索、筛选、分页与 canonical URL (867ms)
  ✓  174 [foundation-mobile] › tests/e2e/platform-list.spec.ts:40:1 › Platform List 刷新与历史恢复搜索状态，名称点击交接 canonical Workspace (368ms)
  ✓  175 [foundation-mobile] › tests/e2e/platform-list.spec.ts:59:1 › Platform List 呈现服务端 Primary、overflow、删除条件与 revision command (797ms)
  ✓  176 [foundation-mobile] › tests/e2e/platform-list.spec.ts:85:1 › Platform Profile 删除 Dialog 在 focus projection 更新后禁止陈旧提交并使用最新 revision (536ms)
  ✓  177 [foundation-mobile] › tests/e2e/platform-list.spec.ts:124:1 › Platform List 删除已接受但列表同步失败时冻结旧行，显式刷新后不重复删除 (657ms)
  ✓  178 [foundation-mobile] › tests/e2e/platform-list.spec.ts:142:1 › Platform List 删除 409 关闭重开后仍需显式成功重读 (930ms)
  ✓  179 [foundation-mobile] › tests/e2e/platform-list.spec.ts:165:1 › Platform List 删除末页唯一行后返回上一页并恢复命令 (564ms)
  ✓  180 [foundation-mobile] › tests/e2e/platform-list.spec.ts:190:1 › Platform List 在 375/768/1024/1440 无页面级横向溢出且移动端动作可达 (224ms)
  ✓  181 [foundation-mobile] › tests/e2e/platform-types.spec.ts:5:1 › 从 Platform Settings 与 Workspace 进入 subsettings，支持 direct/refresh/back/forward (739ms)
  ✓  182 [foundation-mobile] › tests/e2e/platform-types.spec.ts:34:1 › 创建、编辑和删除只提交 Name、Slug、CSRF 与 canonical revision (1.1s)
  ✓  183 [foundation-mobile] › tests/e2e/platform-types.spec.ts:85:1 › blocker、编辑冲突和删除冲突均保留服务端权威与显式 reload (1.6s)
  ✓  184 [foundation-mobile] › tests/e2e/platform-types.spec.ts:139:1 › Platform Type 删除 Dialog 重新聚焦后采用最新 projection 与 revision (457ms)
  ✓  185 [foundation-mobile] › tests/e2e/platform-types.spec.ts:163:1 › 非管理员由 route 在业务请求前拒绝 (148ms)
  ✓  186 [foundation-mobile] › tests/e2e/platform-types.spec.ts:171:1 › error retry 与 375/768/1024/1440 production artifact 均保持四字段和动作可达 (286ms)
  ✓  187 [foundation-mobile] › tests/e2e/platform-workspace.spec.ts:5:1 › Platform List 进入 canonical Workspace，Tab URL 支持 refresh/back/forward (1.1s)
  ✓  188 [foundation-mobile] › tests/e2e/platform-workspace.spec.ts:43:1 › Overview 取消与保存只发送单个 revision PATCH，官网候选确认后才绑定 (445ms)
  ✓  189 [foundation-mobile] › tests/e2e/platform-workspace.spec.ts:82:1 › Logo 手工上传只接受图片并通过 PLATFORM_LOGO 生命周期，移除由下一次 PATCH 完成 (380ms)
  ✓  190 [foundation-mobile] › tests/e2e/platform-workspace.spec.ts:123:1 › Accounts 保持移动端可达，Generation 绑定/解绑并在 409 保留选择 (646ms)
  ✓  191 [foundation-mobile] › tests/e2e/platform-workspace.spec.ts:151:1 › Accounts 创建、编辑、停用与删除在响应式产物中保持 revision 闭环 (1.5s)
  ✓  192 [foundation-mobile] › tests/e2e/platform-workspace.spec.ts:194:1 › Accounts 删除 Dialog 只使用独立 accounts query 的 focus 最新 projection (587ms)
  ✓  193 [foundation-mobile] › tests/e2e/platform-workspace.spec.ts:217:1 › Accounts 删除 409 关闭重开仍冻结，失败 reload 不解冻且 A/B hold 隔离 (1.3s)
  ✓  194 [foundation-mobile] › tests/e2e/platform-workspace.spec.ts:248:1 › Accounts 最新 query 移除目标后关闭删除 Dialog 且不提交陈旧请求 (462ms)
  ✓  195 [foundation-mobile] › tests/e2e/platform-workspace.spec.ts:270:1 › DirtyGuard 覆盖 Tab 离开；404/403/error retry 分别呈现 (1.6s)
  ✓  196 [foundation-mobile] › tests/e2e/platform-workspace.spec.ts:302:1 › 375/768/1024/1440 无页面横向溢出，read-only projection 不加载 Prompt options (241ms)
  ✓  197 [foundation-mobile] › tests/e2e/product-detail.spec.ts:71:1 › 从 Products 名称进入单请求详情，并支持 direct URL、refresh、Back/Forward 与导航上下文 (1.5s)
  ✓  198 [foundation-mobile] › tests/e2e/product-detail.spec.ts:94:1 › 按既定顺序展示 facts/content/publishing/GEO compact summary 与服务端已排序 Activity (209ms)
  ✓  199 [foundation-mobile] › tests/e2e/product-detail.spec.ts:120:1 › 空摘要只显示“暂无”，primary/overflow 只随服务端 token 与 projection 变化 (242ms)
  ✓  200 [foundation-mobile] › tests/e2e/product-detail.spec.ts:147:1 › UPDATE 仅发送 ProductUpdate；REVISION_CONFLICT 展示请求 ID 并刷新 canonical detail (818ms)
  ✓  201 [foundation-mobile] › tests/e2e/product-detail.spec.ts:182:1 › 删除入口消费 blocker、expected_revision；冲突刷新后可按 canonical projection 重试 (1.6s)
  ✓  202 [foundation-mobile] › tests/e2e/product-detail.spec.ts:216:1 › 明确区分 404、403、普通错误 retry，并在 375/768/1024/1440 保持键盘可达且无横向溢出 (681ms)
  -  203 [foundation-mobile] › tests/e2e/product-facts-real-stack.spec.ts:134:1 › Flow A：批准事实后展示不可变版本并交接 CREATE_CONTENT_TASK
  -  204 [foundation-mobile] › tests/e2e/product-facts-real-stack.spec.ts:231:1 › Flow B：退回后修订产生新版本，审核历史严格归属当前 FactVersion
  -  205 [foundation-mobile] › tests/e2e/product-facts-real-stack.spec.ts:319:1 › Flow D：过期 revision 真实返回 409，不重放并保留服务端最新状态
  -  206 [foundation-mobile] › tests/e2e/product-facts-real-stack.spec.ts:400:1 › Flow C：独立 ContentTask 经人工首稿、保存后提交审核
  ✓  207 [foundation-mobile] › tests/e2e/products-list.spec.ts:3:1 › Products 列表仅以 GET projection 驱动 URL 搜索、筛选、排序和分页 (665ms)
  ✓  208 [foundation-mobile] › tests/e2e/products-list.spec.ts:44:1 › Products URL 可刷新和历史恢复，非法参数由 route schema 规范化 (703ms)
  ✓  209 [foundation-mobile] › tests/e2e/products-list.spec.ts:76:1 › Products 行只呈现服务端 primary、overflow 与删除条件 (419ms)
  ✓  210 [foundation-mobile] › tests/e2e/products-list.spec.ts:94:1 › Products 明确呈现 loading、empty、filtered empty、error 与 retry (681ms)
  ✓  211 [foundation-mobile] › tests/e2e/products-list.spec.ts:117:1 › Products 在目标宽度无页面级横向溢出且键盘焦点可操作 (462ms)
  ✓  212 [foundation-mobile] › tests/e2e/prompt-workspace.spec.ts:14:1 › 管理员从导航进入 Prompt Workspace，并完成 create/update/delete revision 闭环 (1.5s)
  ✓  213 [foundation-mobile] › tests/e2e/prompt-workspace.spec.ts:78:1 › 新建 Prompt 后仅修改名称即可保存并采用 canonical revision (509ms)
  ✓  214 [foundation-mobile] › tests/e2e/prompt-workspace.spec.ts:115:1 › Preview 显式选择并确认真实首稿，按返回 Job 轮询到不可变版本 (3.4s)
  ✓  215 [foundation-mobile] › tests/e2e/prompt-workspace.spec.ts:160:1 › Preview 明确处理 empty、options error 和公开失败，且不提供自动重试 (3.7s)
  ✓  216 [foundation-mobile] › tests/e2e/prompt-workspace.spec.ts:196:1 › q-only 导航保留草稿，切换 Prompt 被阻断，四档宽度无页面横向溢出 (539ms)
  ✓  217 [foundation-mobile] › tests/e2e/prompt-workspace.spec.ts:232:1 › 创建和删除成功后，列表刷新挂起也立即完成 URL handoff 与关闭 Dialog (717ms)
  ✓  218 [foundation-mobile] › tests/e2e/prompt-workspace.spec.ts:283:3 › create 等待响应期间 Markdown 只读，键盘输入不会被成功响应覆盖 (384ms)
  ✓  219 [foundation-mobile] › tests/e2e/prompt-workspace.spec.ts:283:3 › update 等待响应期间 Markdown 只读，键盘输入不会被成功响应覆盖 (529ms)
  ✓  220 [foundation-mobile] › tests/e2e/publication-work-list.spec.ts:5:1 › Publishing Work 以三个窄 endpoint 绘制四指标、Ready Queue 与固定六列 (254ms)
  ✓  221 [foundation-mobile] › tests/e2e/publication-work-list.spec.ts:28:1 › URL 支持 direct、refresh、status、pagination 与 Back/Forward，并归一非法分页和额外参数 (679ms)
  ✓  222 [foundation-mobile] › tests/e2e/publication-work-list.spec.ts:50:1 › START 明确选账号、携带 CSRF/稳定 key；409 不重放，人工重试采用 canonical ID (603ms)
  ✓  223 [foundation-mobile] › tests/e2e/publication-work-list.spec.ts:81:1 › 三个 surface 状态独立，目标宽度只允许 TableRegion 局部滚动，Dialog 焦点返回 (1.0s)
  ✓  224 [foundation-mobile] › tests/e2e/publication-work-list.spec.ts:122:1 › 成功缓存经 hidden→visible focus 刷新失败时保留投影，并按区块独立恢复 (547ms)
  -  225 [foundation-mobile] › tests/e2e/publication-workspace-real-stack.spec.ts:145:1 › Flow A：V2 UI 从开始发布连续完成成果、修复任务与问题解决
  -  226 [foundation-mobile] › tests/e2e/publication-workspace-real-stack.spec.ts:466:1 › Flow B：失败核验经内容修订审批、换版和重登记后完成发布
  -  227 [foundation-mobile] › tests/e2e/publication-workspace-real-stack.spec.ts:653:1 › Published Article：真实栈列表进入单请求只读详情
  ✓  228 [foundation-mobile] › tests/e2e/publication-workspace.spec.ts:5:1 › Workspace direct/refresh/Back/Forward 只使用六个 canonical hash (312ms)
  ✓  229 [foundation-mobile] › tests/e2e/publication-workspace.spec.ts:26:1 › Package 按点击读取，Core UI 完成 preparation/review/upload/result 并明确交接 (1.3s)
  ✓  230 [foundation-mobile] › tests/e2e/publication-workspace.spec.ts:72:1 › 409 保留输入且不重放；pending 禁止双提交 (1.5s)
  ✓  231 [foundation-mobile] › tests/e2e/publication-workspace.spec.ts:103:1 › 证据上传完成前禁止登记，完成后携带已校验文件 ID (779ms)
  ✓  232 [foundation-mobile] › tests/e2e/publication-workspace.spec.ts:146:1 › Verification 完成 fail → candidate → switch → result → pass 只读闭环 (2.6s)
  ✓  233 [foundation-mobile] › tests/e2e/publication-workspace.spec.ts:231:1 › typed 初始错误与目标宽度不产生页面横向溢出 (794ms)
  ✓  234 [foundation-mobile] › tests/e2e/published-articles.spec.ts:11:1 › 从五列成果表以键盘进入单请求只读详情 (330ms)
  ✓  235 [foundation-mobile] › tests/e2e/published-articles.spec.ts:39:1 › canonical URL 支持 search/sort/pagination、refresh 与 Back/Forward (676ms)
  ✓  236 [foundation-mobile] › tests/e2e/published-articles.spec.ts:68:1 › 列表与详情诚实处理 empty/error，四档宽度保持 readonly (879ms)
  ✓  237 [foundation-mobile] › tests/e2e/published-content-issues.spec.ts:11:1 › Issues 六列表与 Workspace 使用 canonical 单读边界 (315ms)
  ✓  238 [foundation-mobile] › tests/e2e/published-content-issues.spec.ts:27:1 › Article 登记后交接 Workspace，repair 与 resolve 保持独立 (2.0s)
  ✓  239 [foundation-mobile] › tests/e2e/published-content-issues.spec.ts:91:1 › 非法列表状态与未知 Workspace hash 被 canonicalize，页面无根横向溢出 (301ms)
  ✓  240 [foundation-mobile] › tests/e2e/workbench.spec.ts:3:1 › 单一 aggregate 完整绘制 Operations Inbox、canonical links 和四档布局 (278ms)
  ✓  241 [foundation-mobile] › tests/e2e/workbench.spec.ts:61:1 › loading、fatal error、retry、empty、zero 与 nullable rate 彼此区分 (483ms)
(node:58598) Warning: The 'NO_COLOR' env is ignored due to the 'FORCE_COLOR' env being set.
(Use `node --trace-warnings ...` to show where the warning was created)
  ✓  242 [foundation-mobile] › tests/e2e/ai-channel-workspace-core.spec.ts:7:1 › List 创建后进入 canonical Workspace，并支持 direct/refresh/history (715ms)
  ✓  243 [foundation-mobile] › tests/e2e/ai-channel-workspace-core.spec.ts:54:1 › Basic/Request 共享草稿，dirty guard 与 409 显式 reload 成立 (927ms)
  ✓  244 [foundation-mobile] › tests/e2e/ai-channel-workspace-core.spec.ts:96:1 › API Key 与 Header 只写不回显，Header 删除提交渠道 revision 并恢复焦点 (1.3s)
  ✓  245 [foundation-mobile] › tests/e2e/ai-channel-workspace-core.spec.ts:135:1 › Workspace 保持 ADMIN 边界、键盘可达且根节点无响应式溢出 (280ms)
  -  246 [foundation-mobile] › tests/e2e/auth-session-real-stack.spec.ts:101:1 › 同一 BrowserContext 双页面以 session binding 封闭 A→B→A 的迟到 mutation
  -  247 [foundation-mobile] › tests/e2e/auth-session-real-stack.spec.ts:257:1 › 退出已由服务端提交但响应丢失时发送页与同源页各自只做一次 canonical recovery
  -  248 [foundation-mobile] › tests/e2e/auth-session-real-stack.spec.ts:333:1 › 跨标签页 owner 终止后由 lease 回收存活页与全页面重载
  -  249 [foundation-mobile] › tests/e2e/auth-session-real-stack.spec.ts:445:1 › durable terminal reconciliation 与异常协议 marker 保持 fail-closed
  -  250 [foundation-mobile] › tests/e2e/auth-session-real-stack.spec.ts:624:1 › Auth 真实栈完成 login → forced change → admin 403 → logout
  ✓  251 [foundation-mobile] › tests/e2e/auth-session.spec.ts:115:1 › 匿名登录在权威生产 CSP 下无违规与运行时错误 (188ms)
  ✓  252 [foundation-mobile] › tests/e2e/auth-session.spec.ts:163:1 › 登录关键控件在移动端满足触控目标且桌面保持紧凑高度 (271ms)
  ✓  253 [foundation-mobile] › tests/e2e/auth-session.spec.ts:194:1 › Auth production artifact 完成强制改密、自助改密、ENGINEER 403 与退出 (1.0s)
  -  254 [foundation-mobile] › tests/e2e/system-admin-real-stack.spec.ts:289:1 › 当前管理员自降权与自停用通过同一 BrowserContext principal boundary 收敛双页面
  -  255 [foundation-mobile] › tests/e2e/system-admin-real-stack.spec.ts:864:1 › System Admin 真实栈完成用户、权限、会话与审计闭环
  ✓  256 [foundation-mobile] › tests/e2e/system-audit.spec.ts:9:1 › canonical URL、七列、导航与全部 server 参数映射成立 (362ms)
  ✓  257 [foundation-mobile] › tests/e2e/system-audit.spec.ts:38:1 › 移动端筛选空态在 TableShell 初始可见区内且页面根无溢出 (300ms)
  ✓  258 [foundation-mobile] › tests/e2e/system-audit.spec.ts:89:1 › 详情严格 lazy，并由 row click/Enter/Space 驱动自适应容器与焦点恢复 (414ms)
  ✓  259 [foundation-mobile] › tests/e2e/system-audit.spec.ts:118:1 › deleted actor、三态结果、相关对象三态与安全投影错误均不泄漏 (1.4s)
  ✓  260 [foundation-mobile] › tests/e2e/system-audit.spec.ts:169:1 › 未知动作筛选项与当前 URL 筛选保持局部且可明确清除 (336ms)
  ✓  261 [foundation-mobile] › tests/e2e/system-audit.spec.ts:189:1 › 详情对象、嵌套数组与原型字段由局部严格投影拒绝且不进入 DOM (270ms)
  ✓  262 [foundation-mobile] › tests/e2e/system-audit.spec.ts:202:1 › 非法 related registry/status/parent 被拒绝且 sentinel 不进入 cache 可见面 (260ms)
  ✓  263 [foundation-mobile] › tests/e2e/system-audit.spec.ts:215:1 › AVAILABLE 非法 target UUID 被拒绝且 sentinel 不进入 DOM、链接或 URL (279ms)
  ✓  264 [foundation-mobile] › tests/e2e/system-audit.spec.ts:228:1 › 列表失败可重试、越界自动规范、四档无页面根溢出且 ENGINEER 被拒绝 (451ms)
  ✓  265 [foundation-mobile] › tests/e2e/system-users.spec.ts:6:1 › Users 由 canonical URL 与单次 UserList projection 驱动筛选、分页和历史 (627ms)
  ✓  266 [foundation-mobile] › tests/e2e/system-users.spec.ts:46:1 › Users 创建、编辑、reset 冲突与 blocker 均遵守 revision 和敏感字段边界 (1.5s)
  ✓  267 [foundation-mobile] › tests/e2e/system-users.spec.ts:108:1 › Users loading、空态、失败重试与越界页均由 UserList 合同驱动 (1.0s)
  ✓  268 [foundation-mobile] › tests/e2e/system-users.spec.ts:133:1 › Users export、启用、停用和删除传递 CSRF 与当前 revision (1.5s)
  ✓  269 [foundation-mobile] › tests/e2e/system-users.spec.ts:167:1 › User 删除 Dialog 重新聚焦后采用当前列表 projection 的最新 revision (511ms)
  ✓  270 [foundation-mobile] › tests/e2e/system-users.spec.ts:188:1 › Users 两个删除 409 各自保持冻结，失败重读不解冻 (1.8s)
  ✓  271 [foundation-mobile] › tests/e2e/system-users.spec.ts:221:1 › Users bulk 使用选择时 revision、custom 停用确认和 200 partial 反馈 (775ms)
  ✓  272 [foundation-mobile] › tests/e2e/system-users.spec.ts:250:1 › Users 管理员边界、四档响应式、键盘动作与无敏感响应成立 (282ms)
  -  273 [foundation-mobile] › tests/e2e/browser-session-real-stack.spec.ts:30:1 › 人工导入→存储健康→撤销→新引用恢复，配置停用且不证明平台登录
  -  274 [foundation-mobile] › tests/e2e/geo-api-real-stack.spec.ts:18:1 › API 自动轮询、原文引用、部分 usage、费用、429/未知结果与显式新尝试
  -  275 [foundation-mobile] › tests/e2e/geo-api-real-stack.spec.ts:125:1 › 关闭开关的新 API/Worker 消费真实 PENDING，明确失败且 provider 零调用
  -  276 [foundation-mobile] › tests/e2e/geo-comparison-real-stack.spec.ts:21:1 › 已有机会 → 显式继续 → 人工解决 → 刷新保留处理历史
  -  277 [foundation-mobile] › tests/e2e/geo-loop-real-stack.spec.ts:24:1 › 五次覆盖缺口 → 确认与内容发布 → 五次严格复测恢复 → 人工显式解决 → 历史与审计保留
  -  278 [foundation-mobile] › tests/e2e/geo-review-real-stack.spec.ts:20:1 › 严重声明禁止默认确认；人工确认与修正追加且原文、机器结果和历史可追溯
  -  279 [foundation-mobile] › tests/e2e/insights-real-stack.spec.ts:16:1 › 全筛选、真实汇总与明细、URL恢复、表格替代和键盘焦点
  -  280 [foundation-mobile] › tests/e2e/opportunities-real-stack.spec.ts:23:1 › 历史回答、事实、复核与签名证据 → 确认 → 忽略 → 刷新和 Back 恢复
  -  281 [foundation-mobile] › tests/e2e/plans-real-stack.spec.ts:40:1 › 工程师八步创建、服务端预览、dirty、URL、启停修订复制归档与删除持久化
  -  282 [foundation-mobile] › tests/e2e/questions-real-stack.spec.ts:31:1 › 工程师创建、筛选、编辑、启停、复制与删除；刷新持久化，运行入口不可用
  -  283 [foundation-mobile] › tests/e2e/reports-real-stack.spec.ts:16:1 › 完整筛选报告、打印样式、三类原生CSV、审计与空数据
  -  284 [foundation-mobile] › tests/e2e/rules-real-stack.spec.ts:17:1 › 规则预览无写入，保存后刷新持久化，工程师拒绝且无配置请求
  -  285 [foundation-mobile] › tests/e2e/runs-real-stack.spec.ts:31:1 › 人工批次三次采样、URL、dirty、草稿刷新、截图、引用与不可变详情
  -  286 [foundation-mobile] › tests/e2e/surfaces-real-stack.spec.ts:33:1 › 管理员创建、启停和编辑后持久化，工程师仅看摘要，删除尊重真实子配置
  -  287 [foundation-desktop] › tests/e2e/ai-channel-configuration-real-stack.spec.ts:206:1 › AI Channel Configuration 真实栈闭环
(node:58634) Warning: The 'NO_COLOR' env is ignored due to the 'FORCE_COLOR' env being set.
(Use `node --trace-warnings ...` to show where the warning was created)
  ✓  288 [foundation-desktop] › tests/e2e/ai-channel-list.spec.ts:3:1 › AI Channel List 由安全 GET projection 驱动 canonical URL、筛选与分页 (1.1s)
  ✓  289 [foundation-desktop] › tests/e2e/ai-channel-list.spec.ts:36:1 › AI Channel List 恢复历史并生成未来 Workspace href (453ms)
  ✓  290 [foundation-desktop] › tests/e2e/ai-channel-list.spec.ts:55:1 › AI Channel List 发送三类 revision command，冲突不自动重放 (2.6s)
  ✓  291 [foundation-desktop] › tests/e2e/ai-channel-list.spec.ts:97:1 › AI Channel List 删除 409 被动列表不解冻，显式刷新失败仍保留冲突 (790ms)
  ✓  292 [foundation-desktop] › tests/e2e/ai-channel-list.spec.ts:117:1 › AI Channel List 删除成功后列表刷新失败也不恢复旧行 (848ms)
  ✓  293 [foundation-desktop] › tests/e2e/ai-channel-list.spec.ts:132:1 › AI Channel List 管理员边界、移动响应式和敏感字段边界成立 (329ms)
  ✓  294 [foundation-desktop] › tests/e2e/ai-channel-workspace-models.spec.ts:3:1 › Models 完成发现、创建、冲突 reload、测试、启停与删除闭环 (2.4s)
  ✓  295 [foundation-desktop] › tests/e2e/ai-channel-workspace-models.spec.ts:70:1 › 模型命令先采用 canonical，deferred/reject refresh 只读重试且不重发 (622ms)
  ✓  296 [foundation-desktop] › tests/e2e/ai-channel-workspace-models.spec.ts:103:1 › discovery 409 关闭重开仍冻结，成功 channel reload 后拒绝未知 projection (1.2s)
  ✓  297 [foundation-desktop] › tests/e2e/ai-channel-workspace-models.spec.ts:136:1 › dirty 配置进入 Models 需确认，确认后卸载表单且四档宽度无根溢出 (360ms)
  ✓  298 [foundation-desktop] › tests/e2e/ai-channel-workspace-runtime.spec.ts:9:1 › Usage canonical URL、服务端 period 与 history 恢复一致 (488ms)
  ✓  299 [foundation-desktop] › tests/e2e/ai-channel-workspace-runtime.spec.ts:40:1 › Channel 与 Model Runtime 主任务进入真实 Usage (357ms)
  ✓  300 [foundation-desktop] › tests/e2e/ai-channel-workspace-runtime.spec.ts:56:1 › Logs 保持服务端分页和 actor，详情按需读取且未知 shape 显式失败 (675ms)
  ✓  301 [foundation-desktop] › tests/e2e/ai-channel-workspace-runtime.spec.ts:114:1 › Runtime 局部错误、越界恢复与四档根溢出边界成立 (356ms)
  -  302 [foundation-desktop] › tests/e2e/catalog-real-stack.spec.ts:50:1 › 从已批准事实的 Product 建立唯一监测身份、竞品和字典，刷新及 ENGINEER 只读
  ✓  303 [foundation-desktop] › tests/e2e/catalog-ui.spec.ts:17:1 › Catalog 页面局部滚动、URL 恢复、键盘确认与焦点返回 (635ms)
  ✓  304 [foundation-desktop] › tests/e2e/catalog-ui.spec.ts:50:1 › ENGINEER 直接访问只读详情及 new URL，无配置入口或写操作 (279ms)
  -  305 [foundation-desktop] › tests/e2e/content-ai-real-stack.spec.ts:269:1 › AI Production：成功、自然化、失败详情与 exact snapshot retry
  ✓  306 [foundation-desktop] › tests/e2e/content-editor.spec.ts:6:1 › 从 List/Detail primary 进入 canonical Editor，direct/refresh 只读取 Editor Context (875ms)
  ✓  307 [foundation-desktop] › tests/e2e/content-editor.spec.ts:26:1 › no-draft 创建完整人工首稿，不创建 AI lineage，并携带 CSRF (404ms)
  ✓  308 [foundation-desktop] › tests/e2e/content-editor.spec.ts:60:1 › AI generation 按需确认 Prompt/model，terminal 后采用服务端 current pointer (2.9s)
  ✓  309 [foundation-desktop] › tests/e2e/content-editor.spec.ts:94:1 › generation failure 按需读取完整 snapshot，并只按原 job retry (5.8s)
  ✓  310 [foundation-desktop] › tests/e2e/content-editor.spec.ts:128:1 › HUMAN DRAFT DirtyGuard、Preview/Diff 与 Ctrl/Cmd+S 使用 canonical revision (1.1s)
  ✓  311 [foundation-desktop] › tests/e2e/content-editor.spec.ts:171:1 › DirtyGuard 覆盖浏览器 Back/Forward，确认离开后丢弃本地草稿 (621ms)
  ✓  312 [foundation-desktop] › tests/e2e/content-editor.spec.ts:188:1 › AI DRAFT 保持源版本只读，显示 snapshot 摘要并创建 based_on 人工 revision (316ms)
  ✓  313 [foundation-desktop] › tests/e2e/content-editor.spec.ts:217:1 › CREATE_HUMANIZATION_JOB 创建新 job/版本，源 AI DRAFT 保持只读 (3.0s)
  ✓  314 [foundation-desktop] › tests/e2e/content-editor.spec.ts:240:1 › CHANGES_REQUESTED 不原地编辑，创建 based_on 人工 revision (315ms)
  ✓  315 [foundation-desktop] › tests/e2e/content-editor.spec.ts:256:1 › 409 保留本地输入和请求 ID，只在显式 reload 后采用服务端版本 (406ms)
  ✓  316 [foundation-desktop] › tests/e2e/content-editor.spec.ts:275:1 › SUBMIT_REVIEW 409 保留 Dialog 与本地输入，失败 reload 不采用旧 cache，成功后采用 canonical context (761ms)
  ✓  317 [foundation-desktop] › tests/e2e/content-editor.spec.ts:332:1 › SUBMIT_REVIEW 冲突后取消只关闭 Dialog，不读不写并保留页面冲突 (543ms)
  ✓  318 [foundation-desktop] › tests/e2e/content-editor.spec.ts:356:1 › dirty 必须先保存再提交审核，提交后停留 Editor 且不暴露 Review actions (581ms)
  ✓  319 [foundation-desktop] › tests/e2e/content-editor.spec.ts:382:1 › DELETE 只物理删除人工草稿，并采用服务端恢复的父版本主线 (537ms)
  ✓  320 [foundation-desktop] › tests/e2e/content-editor.spec.ts:401:1 › ABANDON 保留历史且只采用服务端返回的新主线 (508ms)
  ✓  321 [foundation-desktop] › tests/e2e/content-editor.spec.ts:421:1 › 375/768/1024/1440 复用 Workspace 响应式、键盘焦点且 StickyActionBar 不遮挡正文 (340ms)
  ✓  322 [foundation-desktop] › tests/e2e/content-editor.spec.ts:450:1 › 后台主线变化保留 dirty 草稿与提交备注，显式重载才采用新主线 (508ms)
  ✓  323 [foundation-desktop] › tests/e2e/content-editor.spec.ts:476:1 › AI terminal 保留生成期间编辑的人工首稿 (3.0s)
  -  324 [foundation-desktop] › tests/e2e/content-review-real-stack.spec.ts:200:1 › Flow A：人工内容批准后进入只读版本并出现发布交接
  -  325 [foundation-desktop] › tests/e2e/content-review-real-stack.spec.ts:293:1 › Flow B：退回后创建 HUMAN revision，重新送审批准且历史不串线
  ✓  326 [foundation-desktop] › tests/e2e/content-review.spec.ts:6:1 › direct URL、refresh、Back 与 Forward 始终读取 task-scoped Review Context (782ms)
  ✓  327 [foundation-desktop] › tests/e2e/content-review.spec.ts:33:1 › 一次快照展示 canonical、blocking/warnings、fact、platform、diff 与 timeline (271ms)
  ✓  328 [foundation-desktop] › tests/e2e/content-review.spec.ts:53:3 › approved 状态只读且不从 status 推导审核动作 (202ms)
  ✓  329 [foundation-desktop] › tests/e2e/content-review.spec.ts:53:3 › changes-requested 状态只读且不从 status 推导审核动作 (201ms)
  ✓  330 [foundation-desktop] › tests/e2e/content-review.spec.ts:53:3 › readonly 状态只读且不从 status 推导审核动作 (260ms)
  ✓  331 [foundation-desktop] › tests/e2e/content-review.spec.ts:62:1 › APPROVE 携带 CSRF/expected_revision，成功后重新读取 canonical state (308ms)
  ✓  332 [foundation-desktop] › tests/e2e/content-review.spec.ts:82:1 › REQUEST_CHANGES 校验并修剪意见，Esc 后焦点返回真实触发器 (685ms)
  ✓  333 [foundation-desktop] › tests/e2e/content-review.spec.ts:114:1 › 409 保留用户输入和 request ID，刷新 canonical context 且不自动重放 (504ms)
  ✓  334 [foundation-desktop] › tests/e2e/content-review.spec.ts:132:1 › 结构化 422 回到意见字段并保留输入 (375ms)
  ✓  335 [foundation-desktop] › tests/e2e/content-review.spec.ts:146:1 › loading 完成后展示 canonical 页面 (212ms)
  ✓  336 [foundation-desktop] › tests/e2e/content-review.spec.ts:154:1 › error 展示 request ID，显式 retry 后恢复 (352ms)
  ✓  337 [foundation-desktop] › tests/e2e/content-review.spec.ts:164:1 › 375/1440 使用既有 WorkspaceShell 响应式形态 (202ms)
  ✓  338 [foundation-desktop] › tests/e2e/content-review.spec.ts:178:1 › 768/1024 保持 tabbed workspace 且内容无水平溢出 (411ms)
  ✓  339 [foundation-desktop] › tests/e2e/content-task-detail.spec.ts:7:1 › 从 Content Task List 进入，页面只以单一 Detail endpoint 绘制完整摘要 (361ms)
  ✓  340 [foundation-desktop] › tests/e2e/content-task-detail.spec.ts:25:1 › direct navigation、refresh、Back/Forward 保持 canonical Detail route (407ms)
  ✓  341 [foundation-desktop] › tests/e2e/content-task-detail.spec.ts:38:1 › compact section 没有数据时显式显示“暂无”，不触发 join API (184ms)
  ✓  342 [foundation-desktop] › tests/e2e/content-task-detail.spec.ts:46:1 › 服务端 primary_task 与 lifecycle overflow 生效，409 不重放并 canonical refetch (592ms)
  ✓  343 [foundation-desktop] › tests/e2e/content-task-detail.spec.ts:63:1 › loading、404、403 与 generic retry 都有明确状态 (679ms)
  ✓  344 [foundation-desktop] › tests/e2e/content-task-detail.spec.ts:89:1 › archived verified 与 cancelled Detail 明确只读，保留服务端 primary (357ms)
  ✓  345 [foundation-desktop] › tests/e2e/content-task-detail.spec.ts:103:1 › 375/768/1024/1440 无根横溢出，overflow 可键盘操作并返回焦点 (542ms)
  ✓  346 [foundation-desktop] › tests/e2e/content-task-list.spec.ts:5:1 › Content Tasks 由服务端 projection 驱动固定列、链接、搜索、筛选与分页 (708ms)
  ✓  347 [foundation-desktop] › tests/e2e/content-task-list.spec.ts:49:1 › Content Tasks URL 支持 direct、refresh、Back/Forward，并规范化非法参数 (458ms)
  ✓  348 [foundation-desktop] › tests/e2e/content-task-list.spec.ts:68:1 › Query Topic 两类 resolve URL 成对映射服务端筛选并可清除 (220ms)
  ✓  349 [foundation-desktop] › tests/e2e/content-task-list.spec.ts:79:1 › Content lifecycle 使用服务端 token、CSRF、comment 和 revision，409 不重放 (1.1s)
  ✓  350 [foundation-desktop] › tests/e2e/content-task-list.spec.ts:113:1 › 已归档视图使用实时永久删除 preview 和精确确认文本 (830ms)
  ✓  351 [foundation-desktop] › tests/e2e/content-task-list.spec.ts:135:1 › Content Tasks 明确呈现 loading、empty、filtered empty、error 与 retry (611ms)
  ✓  352 [foundation-desktop] › tests/e2e/content-task-list.spec.ts:157:1 › Content Tasks 在目标宽度无页面级横向溢出，键盘与 Dialog 焦点可恢复 (395ms)
  -  353 [foundation-desktop] › tests/e2e/content-version-detail-real-stack.spec.ts:135:1 › 独立真实栈：单一 detail GET 读取 HUMAN 当前版本且页面无写入口
  ✓  354 [foundation-desktop] › tests/e2e/content-version-detail.spec.ts:11:1 › 从 Content Task 以键盘进入只读详情，refresh 与 Back/Forward 保持单一 detail 数据边界 (831ms)
  ✓  355 [foundation-desktop] › tests/e2e/content-version-detail.spec.ts:67:1 › HUMAN/AI 与六种 status、当前和历史版本都不生成业务动作 (951ms)
  ✓  356 [foundation-desktop] › tests/e2e/content-version-detail.spec.ts:100:1 › 缺失 Prompt/model/generation/review snapshot 与更新时间时显示诚实空态 (216ms)
  ✓  357 [foundation-desktop] › tests/e2e/content-version-detail.spec.ts:130:1 › 覆盖 loading、404、403、通用错误与 retry (742ms)
  ✓  358 [foundation-desktop] › tests/e2e/fact-history.spec.ts:12:1 › VIEW_FACT_HISTORY 进入 canonical 列表，保持服务端顺序、URL 历史与只读详情导航 (642ms)
  ✓  359 [foundation-desktop] › tests/e2e/fact-history.spec.ts:58:1 › direct navigation 覆盖 loading、empty、404、403、通用错误与 retry (776ms)
  ✓  360 [foundation-desktop] › tests/e2e/fact-history.spec.ts:89:1 › 历史响应包含其他产品版本时阻断整张表 (156ms)
  ✓  361 [foundation-desktop] › tests/e2e/fact-history.spec.ts:104:1 › 事实历史在四档宽度无页面级横向溢出，表格区和版本链接可获得焦点 (187ms)
  ✓  362 [foundation-desktop] › tests/e2e/fact-review.spec.ts:16:1 › direct/refresh 只读一个审核 context，展示不可变 Markdown、Diff、历史并适配四档宽度 (491ms)
  ✓  363 [foundation-desktop] › tests/e2e/fact-review.spec.ts:53:1 › APPROVE 使用服务端 token、CSRF 与 expected_revision，成功后刷新 canonical context (524ms)
  ✓  364 [foundation-desktop] › tests/e2e/fact-review.spec.ts:81:1 › REQUEST_CHANGES 不从 status 推导动作，拒绝空意见并追加目标版本历史 (401ms)
  ✓  365 [foundation-desktop] › tests/e2e/fact-review.spec.ts:113:1 › 409 不重放命令，展示 request ID 并刷新最新 revision (338ms)
  ✓  366 [foundation-desktop] › tests/e2e/fact-review.spec.ts:144:1 › 覆盖 loading、empty、404、403、通用错误与 retry (793ms)
  ✓  367 [foundation-desktop] › tests/e2e/fact-version-detail.spec.ts:19:1 › 从 Product Detail 以键盘进入只读详情，refresh 保持单一 FactVersion 数据边界并适配四档宽度 (528ms)
  ✓  368 [foundation-desktop] › tests/e2e/fact-version-detail.spec.ts:66:1 › direct navigation 展示 approved、pending、changes requested，并保持返回导航与阅读焦点顺序 (462ms)
  ✓  369 [foundation-desktop] › tests/e2e/fact-version-detail.spec.ts:112:1 › productId 与 FactVersion.product_id 不一致时阻断全部 snapshot 内容 (258ms)
  ✓  370 [foundation-desktop] › tests/e2e/fact-version-detail.spec.ts:130:1 › 覆盖 loading、404、403、通用错误与 retry (667ms)
  ✓  371 [foundation-desktop] › tests/e2e/fact-workspace.spec.ts:16:1 › direct/refresh 只读取一个 workspace read model，并适配 375/768/1024/1440 (373ms)
  ✓  372 [foundation-desktop] › tests/e2e/fact-workspace.spec.ts:49:1 › DirtyGuard 保留编辑，Ctrl/Cmd+S 携带 CSRF/expected_revision 并采用 canonical response (398ms)
  ✓  373 [foundation-desktop] › tests/e2e/fact-workspace.spec.ts:76:1 › revision conflict 保留本地 Markdown，只有显式 reload 才采用服务端版本 (424ms)
  ✓  374 [foundation-desktop] › tests/e2e/fact-workspace.spec.ts:96:1 › 提交创建 PENDING_REVIEW 响应后停留工作台，并以 refetch actions 隐藏提交 (364ms)
  ✓  375 [foundation-desktop] › tests/e2e/fact-workspace.spec.ts:118:1 › 提交时 revision conflict 保留当前工作台并显示请求 ID (567ms)
  ✓  376 [foundation-desktop] › tests/e2e/fact-workspace.spec.ts:135:1 › 覆盖 loading、空 Markdown、预期错误、retry 与 RETIRED 只读状态 (673ms)
  ✓  377 [foundation-desktop] › tests/e2e/foundation-smoke.spec.ts:3:1 › production artifact 支持 App Shell 与响应式导航 (268ms)
  ✓  378 [foundation-desktop] › tests/e2e/geo-insights.spec.ts:6:1 › direct URL 映射筛选并完整呈现 read model、替代数据和精确 drill-down (252ms)
  ✓  379 [foundation-desktop] › tests/e2e/geo-insights.spec.ts:27:1 › 筛选写回 canonical URL，reset 与浏览器历史恢复 (509ms)
  ✓  380 [foundation-desktop] › tests/e2e/geo-insights.spec.ts:41:1 › loading、首次错误重试与 empty/unavailable 状态彼此区分 (497ms)
  ✓  381 [foundation-desktop] › tests/e2e/geo-insights.spec.ts:62:1 › 优化 Dialog 按需读取 options，以响应 ID 导航并携带稳定命令头 (783ms)
  ✓  382 [foundation-desktop] › tests/e2e/geo-insights.spec.ts:80:1 › 优化 POST pending 时取消、Escape 与外点都不能重建命令会话 (581ms)
  ✓  383 [foundation-desktop] › tests/e2e/geo-insights.spec.ts:100:1 › stale/409 不自动重放，保留选择并要求显式刷新 (953ms)
  ✓  384 [foundation-desktop] › tests/e2e/geo-insights.spec.ts:127:1 › stale 刷新后来源消失仍保留目标与 request ID，并禁止再次 POST (834ms)
  ✓  385 [foundation-desktop] › tests/e2e/geo-insights.spec.ts:144:1 › 后台撤销优化来源或创建选项失败时旧选择可见但不能提交 (649ms)
  ✓  386 [foundation-desktop] › tests/e2e/geo-insights.spec.ts:177:1 › 后台创建选项撤销已批准事实版本后阻止旧目标 POST (605ms)
  ✓  387 [foundation-desktop] › tests/e2e/geo-insights.spec.ts:195:1 › 打印报告使用相同查询，只呈现只读数据并调用浏览器打印 (282ms)
  ✓  388 [foundation-desktop] › tests/e2e/geo-insights.spec.ts:257:1 › Screen 打印入口完整保留七项筛选并支持浏览器历史 (305ms)
  ✓  389 [foundation-desktop] › tests/e2e/geo-insights.spec.ts:270:1 › 打印报告规范化参数，并区分 loading、error、empty 与 unavailable (500ms)
  ✓  390 [foundation-desktop] › tests/e2e/geo-observation-correction.spec.ts:48:1 › 从 Detail CORRECT 入口进入，历史 ID 先 replace 到服务端 canonical 尾 (578ms)
  ✓  391 [foundation-desktop] › tests/e2e/geo-observation-correction.spec.ts:81:1 › 校验显式事实；上传失败只重试 complete，POST 防重复并按响应 ID 交接 (1.1s)
  ✓  392 [foundation-desktop] › tests/e2e/geo-observation-correction.spec.ts:161:5 › 更正冲突 › publication-conflict 不重放；显式刷新按 ID 合并草稿、证据和新尾 (1.6s)
  ✓  393 [foundation-desktop] › tests/e2e/geo-observation-correction.spec.ts:161:5 › 更正冲突 › successor-conflict 不重放；显式刷新按 ID 合并草稿、证据和新尾 (1.6s)
  ✓  394 [foundation-desktop] › tests/e2e/geo-observation-correction.spec.ts:212:1 › successor 后显式上下文刷新失败仍冻结旧尾并保留草稿与 request ID (930ms)
  ✓  395 [foundation-desktop] › tests/e2e/geo-observation-correction.spec.ts:240:1 › 链上下文不完整后禁止重放，显式 GET 失败也不能用缓存旧数据解冻 (935ms)
  ✓  396 [foundation-desktop] › tests/e2e/geo-observation-correction.spec.ts:264:1 › upload complete 悬停跨布局时阻止 POST，成功后仅提交新证据 (946ms)
  ✓  397 [foundation-desktop] › tests/e2e/geo-observation-correction.spec.ts:290:1 › 空白草稿开始上传后，离开仍需确认 (375ms)
  ✓  398 [foundation-desktop] › tests/e2e/geo-observation-correction.spec.ts:309:1 › 后台读取撤销更正资格后冻结旧上下文与写入入口 (768ms)
  ✓  399 [foundation-desktop] › tests/e2e/geo-observation-correction.spec.ts:328:1 › loading、404、403、Legacy 与提交时权限变化均明确且保留输入 (3.2s)
  ✓  400 [foundation-desktop] › tests/e2e/geo-observation-correction.spec.ts:363:1 › DirtyGuard、键盘主动作与 375/768/1024/1440 布局可达 (473ms)
  ✓  401 [foundation-desktop] › tests/e2e/geo-observation-detail.spec.ts:8:1 › List 进入 Detail，direct URL、refresh、Back 和 Forward 保持 canonical route (418ms)
  ✓  402 [foundation-desktop] › tests/e2e/geo-observation-detail.spec.ts:28:1 › Manual 一次请求展示 selected record、完整 chain、direct evidence 和 tail actions (732ms)
  ✓  403 [foundation-desktop] › tests/e2e/geo-observation-detail.spec.ts:77:1 › Legacy 只展示合同真实存在的 recommendation、citation 与 frozen article (172ms)
  ✓  404 [foundation-desktop] › tests/e2e/geo-observation-detail.spec.ts:93:1 › loading、409、retry 与 contract error 均不回退到旧 GET (280ms)
  ✓  405 [foundation-desktop] › tests/e2e/geo-observation-detail.spec.ts:112:1 › 404、403 和普通读取失败明确展示错误，不使用旧单条 GET (686ms)
  ✓  406 [foundation-desktop] › tests/e2e/geo-observation-detail.spec.ts:130:1 › 删除确认期间后台撤销尾节点动作，确认禁用且焦点回到标题 (719ms)
  ✓  407 [foundation-desktop] › tests/e2e/geo-observation-detail.spec.ts:150:1 › DELETE 409 冻结旧确认，显式重载后需重新打开并人工确认 (1.2s)
  ✓  408 [foundation-desktop] › tests/e2e/geo-observation-detail.spec.ts:179:1 › 375/768/1024/1440 无根级横向溢出且键盘可达 (174ms)
  ✓  409 [foundation-desktop] › tests/e2e/geo-observations.spec.ts:5:1 › 八列紧凑列表只提供 canonical links 和服务端投影动作 (302ms)
  ✓  410 [foundation-desktop] › tests/e2e/geo-observations.spec.ts:31:1 › URL 参数逐项映射 API，支持排序、分页和 canonical replace (690ms)
  ✓  411 [foundation-desktop] › tests/e2e/geo-observations.spec.ts:77:1 › Query Topic resolve URL 精确映射服务端筛选并可清除 (200ms)
  ✓  412 [foundation-desktop] › tests/e2e/geo-observations.spec.ts:86:1 › loading、empty、filtered-empty、error 与 retry 诚实可见 (615ms)
  ✓  413 [foundation-desktop] › tests/e2e/geo-observations.spec.ts:108:1 › 键盘 Dialog 返回焦点，删除只发送一次且携带 CSRF (892ms)
  ✓  414 [foundation-desktop] › tests/e2e/geo-observations.spec.ts:130:1 › 375/768/1024/1440 页面根无横向溢出，表格只在区域内滚动 (183ms)
  ✓  415 [foundation-desktop] › tests/e2e/geo-observations.spec.ts:147:1 › 确认删除期间背景移除行仍保留 Dialog，取消后焦点回到标题 (740ms)
  -  416 [foundation-desktop] › tests/e2e/geo-real-stack.spec.ts:346:1 › Flow A：新建 Observation 后追加 Correction，原记录保持不可变
  -  417 [foundation-desktop] › tests/e2e/geo-real-stack.spec.ts:581:1 › Flow B：真实 Insights 复算异常并创建带不可变 GEO 来源的优化任务
  ✓  418 [foundation-desktop] › tests/e2e/geo-topics.spec.ts:5:1 › 五列只消费服务端动作，primary 携带 canonical handoff，引用链接精确可解析 (660ms)
  ✓  419 [foundation-desktop] › tests/e2e/geo-topics.spec.ts:48:1 › 引用 Dialog 从当前 exact list projection 实时更新 (378ms)
  ✓  420 [foundation-desktop] › tests/e2e/geo-topics.spec.ts:72:1 › 删除 Dialog 按最新 blocker/资格原位切换，并以最新 revision 确认 (472ms)
  ✓  421 [foundation-desktop] › tests/e2e/geo-topics.spec.ts:125:1 › 删除确认在 exact list fetching/error/目标消失时保持阻断 (389ms)
  ✓  422 [foundation-desktop] › tests/e2e/geo-topics.spec.ts:172:1 › 搜索、排序、分页进入 URL/API，direct、refresh、Back/Forward 保持 canonical (756ms)
  ✓  423 [foundation-desktop] › tests/e2e/geo-topics.spec.ts:204:1 › loading、empty、filtered-empty、error/retry 与四档根宽度状态诚实 (619ms)
  ✓  424 [foundation-desktop] › tests/e2e/geo-topics.spec.ts:237:1 › 创建与更新携带 CSRF/revision；409 保留草稿并只在显式 reload 后恢复 (1.3s)
  ✓  425 [foundation-desktop] › tests/e2e/geo-topics.spec.ts:323:1 › DELETE 只对服务端允许的行出现，确认后只发送一次 expected_revision (681ms)
  ✓  426 [foundation-desktop] › tests/e2e/geo-topics.spec.ts:350:1 › DELETE 409 不自动重放，显式 reload revision 后才允许再次确认 (835ms)
  ✓  427 [foundation-desktop] › tests/e2e/geo-topics.spec.ts:403:1 › DELETE 引用竞态显示服务端最新类型、数量和 canonical resolve links (491ms)
  ✓  428 [foundation-desktop] › tests/e2e/legacy-routing.spec.ts:10:1 › 全部登记 legacy pathname 进入唯一 canonical pathname (2.4s)
  ✓  429 [foundation-desktop] › tests/e2e/legacy-routing.spec.ts:39:1 › query 白名单、workspace 与 Publishing 优先级写入 canonical URL (1.1s)
  ✓  430 [foundation-desktop] › tests/e2e/legacy-routing.spec.ts:71:1 › replace 保留 refresh、Back 与 Forward 的 canonical 历史 (314ms)
  ✓  431 [foundation-desktop] › tests/e2e/legacy-routing.spec.ts:83:1 › 匿名 legacy deep link 登录后恢复并归一化，恶意 return-to 回安全默认 (417ms)
  ✓  432 [foundation-desktop] › tests/e2e/legacy-routing.spec.ts:103:1 › must-change 与 ENGINEER 权限由既有 boundary 裁决 (261ms)
  ✓  433 [foundation-desktop] › tests/e2e/legacy-routing.spec.ts:114:1 › 未知 path 显式 404，canonical 资源错误保留，Product Detail 保持 Facts 入口 (358ms)
  ✓  434 [foundation-desktop] › tests/e2e/new-content-task.spec.ts:27:1 › Content Task List Page Primary 进入可直达、刷新的三字段创建页 (390ms)
  ✓  435 [foundation-desktop] › tests/e2e/new-content-task.spec.ts:50:1 › Product Detail CREATE_CONTENT_TASK handoff 进入 URL 并经服务端资格确认后预选 (314ms)
  ✓  436 [foundation-desktop] › tests/e2e/new-content-task.spec.ts:65:1 › productId direct/refresh/Back/Forward 恢复，非法、不存在、停用和无事实都不静默改选 (2.7s)
  ✓  437 [foundation-desktop] › tests/e2e/new-content-task.spec.ts:120:1 › Product 只显示所属 approved facts，换 Product 清除旧事实，Platform 只显示活动具体平台 (980ms)
  ✓  438 [foundation-desktop] › tests/e2e/new-content-task.spec.ts:141:1 › POST 发送精确 ContentTaskCreate 与稳定 Idempotency-Key，pending 防重，成功进入 canonical Detail (1.2s)
  ✓  439 [foundation-desktop] › tests/e2e/new-content-task.spec.ts:172:1 › 失败保留选择与同键重试，字段错误、403/404/409 与 IDEMPOTENCY_CONFLICT 显示 request ID (993ms)
  ✓  440 [foundation-desktop] › tests/e2e/new-content-task.spec.ts:208:1 › options loading/error/retry/empty 均有明确恢复路径 (463ms)
  ✓  441 [foundation-desktop] › tests/e2e/new-content-task.spec.ts:225:1 › DirtyGuard 覆盖 Cancel (1.3s)
  ✓  442 [foundation-desktop] › tests/e2e/new-content-task.spec.ts:244:1 › DirtyGuard 覆盖浏览器 Back (816ms)
  ✓  443 [foundation-desktop] › tests/e2e/new-content-task.spec.ts:256:1 › 创建页在 375/768/1024/1440 无页面横溢出，键盘可选择且焦点可见 (323ms)
  ✓  444 [foundation-desktop] › tests/e2e/new-geo-observation.spec.ts:65:1 › 列表 Primary、直接访问和刷新都进入 canonical 创建 Workspace (444ms)
  ✓  445 [foundation-desktop] › tests/e2e/new-geo-observation.spec.ts:88:1 › queryTopicId 与 geoPlatform handoff 支持 direct URL 与刷新，不存在 Topic 时明确阻止提交 (486ms)
  ✓  446 [foundation-desktop] › tests/e2e/new-geo-observation.spec.ts:113:1 › 候选 loading 诚实可见且阻止创建 (441ms)
  ✓  447 [foundation-desktop] › tests/e2e/new-geo-observation.spec.ts:131:1 › 候选 empty 提供可用出口且阻止创建 (438ms)
  ✓  448 [foundation-desktop] › tests/e2e/new-geo-observation.spec.ts:145:1 › 客户端校验显式事实；上传后 POST 防重复并 canonical handoff (2.1s)
  ✓  449 [foundation-desktop] › tests/e2e/new-geo-observation.spec.ts:220:1 › 证据 complete 未结束且跨布局时不能创建，完成后才提交附件 (2.2s)
  ✓  450 [foundation-desktop] › tests/e2e/new-geo-observation.spec.ts:258:1 › 空白表单上传期间离开需确认，保留上传后可继续校验 (373ms)
  ✓  451 [foundation-desktop] › tests/e2e/new-geo-observation.spec.ts:290:1 › 候选冲突不重放创建，显式刷新后保留输入并允许人工重试 (2.3s)
  ✓  452 [foundation-desktop] › tests/e2e/new-geo-observation.spec.ts:322:1 › DirtyGuard 覆盖 Cancel，Back/Forward 可恢复 canonical 页面；四档宽度无溢出 (1.1s)
  ✓  453 [foundation-desktop] › tests/e2e/new-product.spec.ts:11:1 › Products 唯一 page Primary 进入可直达、刷新并保持导航上下文的新建页 (394ms)
  ✓  454 [foundation-desktop] › tests/e2e/new-product.spec.ts:27:1 › 客户端阻止必填和纯空白请求，并关联字段说明、错误与 ErrorSummary (195ms)
  ✓  455 [foundation-desktop] › tests/e2e/new-product.spec.ts:42:1 › POST 使用 trim body 与 CSRF，pending 防重复，成功清除 DirtyGuard 并使列表重新获取 (366ms)
  ✓  456 [foundation-desktop] › tests/e2e/new-product.spec.ts:70:1 › duplicate、字段校验与 forbidden 使用结构化位置/form summary，修正后可重试 (462ms)
  ✓  457 [foundation-desktop] › tests/e2e/new-product.spec.ts:102:1 › dirty Cancel 与浏览器返回均支持留在页面或确认离开 (931ms)
  ✓  458 [foundation-desktop] › tests/e2e/new-product.spec.ts:128:1 › 新建页在 375/1440 无页面级横向溢出，键盘可达且焦点可见 (190ms)
  ✓  459 [foundation-desktop] › tests/e2e/platform-list.spec.ts:3:1 › Platform List 由 GET projection 驱动搜索、筛选、分页与 canonical URL (796ms)
  ✓  460 [foundation-desktop] › tests/e2e/platform-list.spec.ts:40:1 › Platform List 刷新与历史恢复搜索状态，名称点击交接 canonical Workspace (369ms)
  ✓  461 [foundation-desktop] › tests/e2e/platform-list.spec.ts:59:1 › Platform List 呈现服务端 Primary、overflow、删除条件与 revision command (760ms)
  ✓  462 [foundation-desktop] › tests/e2e/platform-list.spec.ts:85:1 › Platform Profile 删除 Dialog 在 focus projection 更新后禁止陈旧提交并使用最新 revision (539ms)
  ✓  463 [foundation-desktop] › tests/e2e/platform-list.spec.ts:124:1 › Platform List 删除已接受但列表同步失败时冻结旧行，显式刷新后不重复删除 (745ms)
  ✓  464 [foundation-desktop] › tests/e2e/platform-list.spec.ts:142:1 › Platform List 删除 409 关闭重开后仍需显式成功重读 (1.0s)
  ✓  465 [foundation-desktop] › tests/e2e/platform-list.spec.ts:165:1 › Platform List 删除末页唯一行后返回上一页并恢复命令 (642ms)
  ✓  466 [foundation-desktop] › tests/e2e/platform-list.spec.ts:190:1 › Platform List 在 375/768/1024/1440 无页面级横向溢出且移动端动作可达 (220ms)
  ✓  467 [foundation-desktop] › tests/e2e/platform-types.spec.ts:5:1 › 从 Platform Settings 与 Workspace 进入 subsettings，支持 direct/refresh/back/forward (745ms)
  ✓  468 [foundation-desktop] › tests/e2e/platform-types.spec.ts:34:1 › 创建、编辑和删除只提交 Name、Slug、CSRF 与 canonical revision (1.4s)
  ✓  469 [foundation-desktop] › tests/e2e/platform-types.spec.ts:85:1 › blocker、编辑冲突和删除冲突均保留服务端权威与显式 reload (1.6s)
  ✓  470 [foundation-desktop] › tests/e2e/platform-types.spec.ts:139:1 › Platform Type 删除 Dialog 重新聚焦后采用最新 projection 与 revision (473ms)
  ✓  471 [foundation-desktop] › tests/e2e/platform-types.spec.ts:163:1 › 非管理员由 route 在业务请求前拒绝 (148ms)
  ✓  472 [foundation-desktop] › tests/e2e/platform-types.spec.ts:171:1 › error retry 与 375/768/1024/1440 production artifact 均保持四字段和动作可达 (293ms)
  ✓  473 [foundation-desktop] › tests/e2e/platform-workspace.spec.ts:5:1 › Platform List 进入 canonical Workspace，Tab URL 支持 refresh/back/forward (1.2s)
  ✓  474 [foundation-desktop] › tests/e2e/platform-workspace.spec.ts:43:1 › Overview 取消与保存只发送单个 revision PATCH，官网候选确认后才绑定 (446ms)
  ✓  475 [foundation-desktop] › tests/e2e/platform-workspace.spec.ts:82:1 › Logo 手工上传只接受图片并通过 PLATFORM_LOGO 生命周期，移除由下一次 PATCH 完成 (395ms)
  ✓  476 [foundation-desktop] › tests/e2e/platform-workspace.spec.ts:123:1 › Accounts 保持移动端可达，Generation 绑定/解绑并在 409 保留选择 (582ms)
  ✓  477 [foundation-desktop] › tests/e2e/platform-workspace.spec.ts:151:1 › Accounts 创建、编辑、停用与删除在响应式产物中保持 revision 闭环 (1.4s)
  ✓  478 [foundation-desktop] › tests/e2e/platform-workspace.spec.ts:194:1 › Accounts 删除 Dialog 只使用独立 accounts query 的 focus 最新 projection (595ms)
  ✓  479 [foundation-desktop] › tests/e2e/platform-workspace.spec.ts:217:1 › Accounts 删除 409 关闭重开仍冻结，失败 reload 不解冻且 A/B hold 隔离 (1.3s)
  ✓  480 [foundation-desktop] › tests/e2e/platform-workspace.spec.ts:248:1 › Accounts 最新 query 移除目标后关闭删除 Dialog 且不提交陈旧请求 (569ms)
  ✓  481 [foundation-desktop] › tests/e2e/platform-workspace.spec.ts:270:1 › DirtyGuard 覆盖 Tab 离开；404/403/error retry 分别呈现 (1.3s)
  ✓  482 [foundation-desktop] › tests/e2e/platform-workspace.spec.ts:302:1 › 375/768/1024/1440 无页面横向溢出，read-only projection 不加载 Prompt options (252ms)
  ✓  483 [foundation-desktop] › tests/e2e/product-detail.spec.ts:71:1 › 从 Products 名称进入单请求详情，并支持 direct URL、refresh、Back/Forward 与导航上下文 (1.5s)
  ✓  484 [foundation-desktop] › tests/e2e/product-detail.spec.ts:94:1 › 按既定顺序展示 facts/content/publishing/GEO compact summary 与服务端已排序 Activity (205ms)
  ✓  485 [foundation-desktop] › tests/e2e/product-detail.spec.ts:120:1 › 空摘要只显示“暂无”，primary/overflow 只随服务端 token 与 projection 变化 (235ms)
  ✓  486 [foundation-desktop] › tests/e2e/product-detail.spec.ts:147:1 › UPDATE 仅发送 ProductUpdate；REVISION_CONFLICT 展示请求 ID 并刷新 canonical detail (804ms)
  ✓  487 [foundation-desktop] › tests/e2e/product-detail.spec.ts:182:1 › 删除入口消费 blocker、expected_revision；冲突刷新后可按 canonical projection 重试 (1.7s)
  ✓  488 [foundation-desktop] › tests/e2e/product-detail.spec.ts:216:1 › 明确区分 404、403、普通错误 retry，并在 375/768/1024/1440 保持键盘可达且无横向溢出 (695ms)
  -  489 [foundation-desktop] › tests/e2e/product-facts-real-stack.spec.ts:134:1 › Flow A：批准事实后展示不可变版本并交接 CREATE_CONTENT_TASK
  -  490 [foundation-desktop] › tests/e2e/product-facts-real-stack.spec.ts:231:1 › Flow B：退回后修订产生新版本，审核历史严格归属当前 FactVersion
  -  491 [foundation-desktop] › tests/e2e/product-facts-real-stack.spec.ts:319:1 › Flow D：过期 revision 真实返回 409，不重放并保留服务端最新状态
  -  492 [foundation-desktop] › tests/e2e/product-facts-real-stack.spec.ts:400:1 › Flow C：独立 ContentTask 经人工首稿、保存后提交审核
  ✓  493 [foundation-desktop] › tests/e2e/products-list.spec.ts:3:1 › Products 列表仅以 GET projection 驱动 URL 搜索、筛选、排序和分页 (674ms)
  ✓  494 [foundation-desktop] › tests/e2e/products-list.spec.ts:44:1 › Products URL 可刷新和历史恢复，非法参数由 route schema 规范化 (568ms)
  ✓  495 [foundation-desktop] › tests/e2e/products-list.spec.ts:76:1 › Products 行只呈现服务端 primary、overflow 与删除条件 (420ms)
  ✓  496 [foundation-desktop] › tests/e2e/products-list.spec.ts:94:1 › Products 明确呈现 loading、empty、filtered empty、error 与 retry (700ms)
  ✓  497 [foundation-desktop] › tests/e2e/products-list.spec.ts:117:1 › Products 在目标宽度无页面级横向溢出且键盘焦点可操作 (284ms)
  ✓  498 [foundation-desktop] › tests/e2e/prompt-workspace.spec.ts:14:1 › 管理员从导航进入 Prompt Workspace，并完成 create/update/delete revision 闭环 (1.2s)
  ✓  499 [foundation-desktop] › tests/e2e/prompt-workspace.spec.ts:78:1 › 新建 Prompt 后仅修改名称即可保存并采用 canonical revision (490ms)
  ✓  500 [foundation-desktop] › tests/e2e/prompt-workspace.spec.ts:115:1 › Preview 显式选择并确认真实首稿，按返回 Job 轮询到不可变版本 (3.5s)
  ✓  501 [foundation-desktop] › tests/e2e/prompt-workspace.spec.ts:160:1 › Preview 明确处理 empty、options error 和公开失败，且不提供自动重试 (3.8s)
  ✓  502 [foundation-desktop] › tests/e2e/prompt-workspace.spec.ts:196:1 › q-only 导航保留草稿，切换 Prompt 被阻断，四档宽度无页面横向溢出 (660ms)
  ✓  503 [foundation-desktop] › tests/e2e/prompt-workspace.spec.ts:232:1 › 创建和删除成功后，列表刷新挂起也立即完成 URL handoff 与关闭 Dialog (661ms)
  ✓  504 [foundation-desktop] › tests/e2e/prompt-workspace.spec.ts:283:3 › create 等待响应期间 Markdown 只读，键盘输入不会被成功响应覆盖 (323ms)
  ✓  505 [foundation-desktop] › tests/e2e/prompt-workspace.spec.ts:283:3 › update 等待响应期间 Markdown 只读，键盘输入不会被成功响应覆盖 (531ms)
  ✓  506 [foundation-desktop] › tests/e2e/publication-work-list.spec.ts:5:1 › Publishing Work 以三个窄 endpoint 绘制四指标、Ready Queue 与固定六列 (217ms)
  ✓  507 [foundation-desktop] › tests/e2e/publication-work-list.spec.ts:28:1 › URL 支持 direct、refresh、status、pagination 与 Back/Forward，并归一非法分页和额外参数 (552ms)
  ✓  508 [foundation-desktop] › tests/e2e/publication-work-list.spec.ts:50:1 › START 明确选账号、携带 CSRF/稳定 key；409 不重放，人工重试采用 canonical ID (710ms)
  ✓  509 [foundation-desktop] › tests/e2e/publication-work-list.spec.ts:81:1 › 三个 surface 状态独立，目标宽度只允许 TableRegion 局部滚动，Dialog 焦点返回 (1.0s)
  ✓  510 [foundation-desktop] › tests/e2e/publication-work-list.spec.ts:122:1 › 成功缓存经 hidden→visible focus 刷新失败时保留投影，并按区块独立恢复 (533ms)
  -  511 [foundation-desktop] › tests/e2e/publication-workspace-real-stack.spec.ts:145:1 › Flow A：V2 UI 从开始发布连续完成成果、修复任务与问题解决
  -  512 [foundation-desktop] › tests/e2e/publication-workspace-real-stack.spec.ts:466:1 › Flow B：失败核验经内容修订审批、换版和重登记后完成发布
  -  513 [foundation-desktop] › tests/e2e/publication-workspace-real-stack.spec.ts:653:1 › Published Article：真实栈列表进入单请求只读详情
  ✓  514 [foundation-desktop] › tests/e2e/publication-workspace.spec.ts:5:1 › Workspace direct/refresh/Back/Forward 只使用六个 canonical hash (324ms)
  ✓  515 [foundation-desktop] › tests/e2e/publication-workspace.spec.ts:26:1 › Package 按点击读取，Core UI 完成 preparation/review/upload/result 并明确交接 (1.5s)
  ✓  516 [foundation-desktop] › tests/e2e/publication-workspace.spec.ts:72:1 › 409 保留输入且不重放；pending 禁止双提交 (1.3s)
  ✓  517 [foundation-desktop] › tests/e2e/publication-workspace.spec.ts:103:1 › 证据上传完成前禁止登记，完成后携带已校验文件 ID (718ms)
  ✓  518 [foundation-desktop] › tests/e2e/publication-workspace.spec.ts:146:1 › Verification 完成 fail → candidate → switch → result → pass 只读闭环 (2.5s)
  ✓  519 [foundation-desktop] › tests/e2e/publication-workspace.spec.ts:231:1 › typed 初始错误与目标宽度不产生页面横向溢出 (820ms)
  ✓  520 [foundation-desktop] › tests/e2e/published-articles.spec.ts:11:1 › 从五列成果表以键盘进入单请求只读详情 (507ms)
  ✓  521 [foundation-desktop] › tests/e2e/published-articles.spec.ts:39:1 › canonical URL 支持 search/sort/pagination、refresh 与 Back/Forward (694ms)
  ✓  522 [foundation-desktop] › tests/e2e/published-articles.spec.ts:68:1 › 列表与详情诚实处理 empty/error，四档宽度保持 readonly (885ms)
  ✓  523 [foundation-desktop] › tests/e2e/published-content-issues.spec.ts:11:1 › Issues 六列表与 Workspace 使用 canonical 单读边界 (325ms)
  ✓  524 [foundation-desktop] › tests/e2e/published-content-issues.spec.ts:27:1 › Article 登记后交接 Workspace，repair 与 resolve 保持独立 (2.2s)
  ✓  525 [foundation-desktop] › tests/e2e/published-content-issues.spec.ts:91:1 › 非法列表状态与未知 Workspace hash 被 canonicalize，页面无根横向溢出 (303ms)
  ✓  526 [foundation-desktop] › tests/e2e/workbench.spec.ts:3:1 › 单一 aggregate 完整绘制 Operations Inbox、canonical links 和四档布局 (303ms)
  ✓  527 [foundation-desktop] › tests/e2e/workbench.spec.ts:61:1 › loading、fatal error、retry、empty、zero 与 nullable rate 彼此区分 (492ms)
(node:58976) Warning: The 'NO_COLOR' env is ignored due to the 'FORCE_COLOR' env being set.
(Use `node --trace-warnings ...` to show where the warning was created)
  ✓  528 [foundation-desktop] › tests/e2e/ai-channel-workspace-core.spec.ts:7:1 › List 创建后进入 canonical Workspace，并支持 direct/refresh/history (751ms)
  ✓  529 [foundation-desktop] › tests/e2e/ai-channel-workspace-core.spec.ts:54:1 › Basic/Request 共享草稿，dirty guard 与 409 显式 reload 成立 (840ms)
  ✓  530 [foundation-desktop] › tests/e2e/ai-channel-workspace-core.spec.ts:96:1 › API Key 与 Header 只写不回显，Header 删除提交渠道 revision 并恢复焦点 (1.2s)
  ✓  531 [foundation-desktop] › tests/e2e/ai-channel-workspace-core.spec.ts:135:1 › Workspace 保持 ADMIN 边界、键盘可达且根节点无响应式溢出 (279ms)
  -  532 [foundation-desktop] › tests/e2e/auth-session-real-stack.spec.ts:101:1 › 同一 BrowserContext 双页面以 session binding 封闭 A→B→A 的迟到 mutation
  -  533 [foundation-desktop] › tests/e2e/auth-session-real-stack.spec.ts:257:1 › 退出已由服务端提交但响应丢失时发送页与同源页各自只做一次 canonical recovery
  -  534 [foundation-desktop] › tests/e2e/auth-session-real-stack.spec.ts:333:1 › 跨标签页 owner 终止后由 lease 回收存活页与全页面重载
  -  535 [foundation-desktop] › tests/e2e/auth-session-real-stack.spec.ts:445:1 › durable terminal reconciliation 与异常协议 marker 保持 fail-closed
  -  536 [foundation-desktop] › tests/e2e/auth-session-real-stack.spec.ts:624:1 › Auth 真实栈完成 login → forced change → admin 403 → logout
  ✓  537 [foundation-desktop] › tests/e2e/auth-session.spec.ts:115:1 › 匿名登录在权威生产 CSP 下无违规与运行时错误 (189ms)
  ✓  538 [foundation-desktop] › tests/e2e/auth-session.spec.ts:163:1 › 登录关键控件在移动端满足触控目标且桌面保持紧凑高度 (175ms)
  ✓  539 [foundation-desktop] › tests/e2e/auth-session.spec.ts:194:1 › Auth production artifact 完成强制改密、自助改密、ENGINEER 403 与退出 (991ms)
  -  540 [foundation-desktop] › tests/e2e/system-admin-real-stack.spec.ts:289:1 › 当前管理员自降权与自停用通过同一 BrowserContext principal boundary 收敛双页面
  -  541 [foundation-desktop] › tests/e2e/system-admin-real-stack.spec.ts:864:1 › System Admin 真实栈完成用户、权限、会话与审计闭环
  ✓  542 [foundation-desktop] › tests/e2e/system-audit.spec.ts:9:1 › canonical URL、七列、导航与全部 server 参数映射成立 (270ms)
  -  543 [foundation-desktop] › tests/e2e/system-audit.spec.ts:38:1 › 移动端筛选空态在 TableShell 初始可见区内且页面根无溢出
  ✓  544 [foundation-desktop] › tests/e2e/system-audit.spec.ts:89:1 › 详情严格 lazy，并由 row click/Enter/Space 驱动自适应容器与焦点恢复 (401ms)
  ✓  545 [foundation-desktop] › tests/e2e/system-audit.spec.ts:118:1 › deleted actor、三态结果、相关对象三态与安全投影错误均不泄漏 (1.4s)
  ✓  546 [foundation-desktop] › tests/e2e/system-audit.spec.ts:169:1 › 未知动作筛选项与当前 URL 筛选保持局部且可明确清除 (319ms)
  ✓  547 [foundation-desktop] › tests/e2e/system-audit.spec.ts:189:1 › 详情对象、嵌套数组与原型字段由局部严格投影拒绝且不进入 DOM (238ms)
  ✓  548 [foundation-desktop] › tests/e2e/system-audit.spec.ts:202:1 › 非法 related registry/status/parent 被拒绝且 sentinel 不进入 cache 可见面 (286ms)
  ✓  549 [foundation-desktop] › tests/e2e/system-audit.spec.ts:215:1 › AVAILABLE 非法 target UUID 被拒绝且 sentinel 不进入 DOM、链接或 URL (295ms)
  ✓  550 [foundation-desktop] › tests/e2e/system-audit.spec.ts:228:1 › 列表失败可重试、越界自动规范、四档无页面根溢出且 ENGINEER 被拒绝 (493ms)
  ✓  551 [foundation-desktop] › tests/e2e/system-users.spec.ts:6:1 › Users 由 canonical URL 与单次 UserList projection 驱动筛选、分页和历史 (541ms)
  ✓  552 [foundation-desktop] › tests/e2e/system-users.spec.ts:46:1 › Users 创建、编辑、reset 冲突与 blocker 均遵守 revision 和敏感字段边界 (1.3s)
  ✓  553 [foundation-desktop] › tests/e2e/system-users.spec.ts:108:1 › Users loading、空态、失败重试与越界页均由 UserList 合同驱动 (1.0s)
  ✓  554 [foundation-desktop] › tests/e2e/system-users.spec.ts:133:1 › Users export、启用、停用和删除传递 CSRF 与当前 revision (1.3s)
  ✓  555 [foundation-desktop] › tests/e2e/system-users.spec.ts:167:1 › User 删除 Dialog 重新聚焦后采用当前列表 projection 的最新 revision (482ms)
  ✓  556 [foundation-desktop] › tests/e2e/system-users.spec.ts:188:1 › Users 两个删除 409 各自保持冻结，失败重读不解冻 (1.7s)
  ✓  557 [foundation-desktop] › tests/e2e/system-users.spec.ts:221:1 › Users bulk 使用选择时 revision、custom 停用确认和 200 partial 反馈 (668ms)
  ✓  558 [foundation-desktop] › tests/e2e/system-users.spec.ts:250:1 › Users 管理员边界、四档响应式、键盘动作与无敏感响应成立 (287ms)
  -  559 [foundation-desktop] › tests/e2e/browser-session-real-stack.spec.ts:30:1 › 人工导入→存储健康→撤销→新引用恢复，配置停用且不证明平台登录
  -  560 [foundation-desktop] › tests/e2e/geo-api-real-stack.spec.ts:18:1 › API 自动轮询、原文引用、部分 usage、费用、429/未知结果与显式新尝试
  -  561 [foundation-desktop] › tests/e2e/geo-api-real-stack.spec.ts:125:1 › 关闭开关的新 API/Worker 消费真实 PENDING，明确失败且 provider 零调用
  -  562 [foundation-desktop] › tests/e2e/geo-comparison-real-stack.spec.ts:21:1 › 已有机会 → 显式继续 → 人工解决 → 刷新保留处理历史
  -  563 [foundation-desktop] › tests/e2e/geo-loop-real-stack.spec.ts:24:1 › 五次覆盖缺口 → 确认与内容发布 → 五次严格复测恢复 → 人工显式解决 → 历史与审计保留
  -  564 [foundation-desktop] › tests/e2e/geo-review-real-stack.spec.ts:20:1 › 严重声明禁止默认确认；人工确认与修正追加且原文、机器结果和历史可追溯
  -  565 [foundation-desktop] › tests/e2e/insights-real-stack.spec.ts:16:1 › 全筛选、真实汇总与明细、URL恢复、表格替代和键盘焦点
  -  566 [foundation-desktop] › tests/e2e/opportunities-real-stack.spec.ts:23:1 › 历史回答、事实、复核与签名证据 → 确认 → 忽略 → 刷新和 Back 恢复
  -  567 [foundation-desktop] › tests/e2e/plans-real-stack.spec.ts:40:1 › 工程师八步创建、服务端预览、dirty、URL、启停修订复制归档与删除持久化
  -  568 [foundation-desktop] › tests/e2e/questions-real-stack.spec.ts:31:1 › 工程师创建、筛选、编辑、启停、复制与删除；刷新持久化，运行入口不可用
  -  569 [foundation-desktop] › tests/e2e/reports-real-stack.spec.ts:16:1 › 完整筛选报告、打印样式、三类原生CSV、审计与空数据
  -  570 [foundation-desktop] › tests/e2e/rules-real-stack.spec.ts:17:1 › 规则预览无写入，保存后刷新持久化，工程师拒绝且无配置请求
  -  571 [foundation-desktop] › tests/e2e/runs-real-stack.spec.ts:31:1 › 人工批次三次采样、URL、dirty、草稿刷新、截图、引用与不可变详情
  -  572 [foundation-desktop] › tests/e2e/surfaces-real-stack.spec.ts:33:1 › 管理员创建、启停和编辑后持久化，工程师仅看摘要，删除尊重真实子配置

  74 skipped
  498 passed (6.6m)
E2E_SECRET_SCAN status=clean
E2E_RESULT playwright=0 secret_scan=0
deploy/scripts/test-frontend-container.sh
canonical Frontend 容器 fallback、缓存和 source map 自检通过
UV_CACHE_DIR=/Users/sc/PycharmProjects/partsignal/.cache/uv uv run --project backend pytest backend/tests/unit/test_geo_recovery_boundaries.py
.................                                                        [100%]
17 passed in 0.57s
UV_CACHE_DIR=/Users/sc/PycharmProjects/partsignal/.cache/uv uv run --project backend ruff check deploy/scripts/geo-recovery.py deploy/scripts/geo_recovery_bundle.py deploy/scripts/geo_recovery_environment.py deploy/scripts/test-geo-recovery-integration.py
All checks passed!
UV_CACHE_DIR=/Users/sc/PycharmProjects/partsignal/.cache/uv uv run --project backend python deploy/scripts/test-geo-browser.py
Compose dev/staging/prod：默认无Browser；profile/资源/网络/凭据隔离通过
UV_CACHE_DIR=/Users/sc/PycharmProjects/partsignal/.cache/uv uv run --project backend python deploy/scripts/test-geo-collector-contract.py
........................................................................ [ 37%]
........................................................................ [ 74%]
..................................................                       [100%]
194 passed in 10.33s
GEO_CONTRACT_RESULT tests=0 secret_scan=0 external_network=blocked
UV_CACHE_DIR=/Users/sc/PycharmProjects/partsignal/.cache/uv uv run --project backend python deploy/scripts/check-geo-fixtures.py
GEO fixture v1 校验通过：{'products': 2, 'questions': 4, 'answers': 13, 'citations': 4}；金标=13；外部调用=0
GEO-502 提及金标 v1 校验通过：场景=28；外部调用=0
GEO-503 推荐金标 v1 校验通过：场景=63；外部调用=0
GEO-505 声明金标 v1 校验通过：场景=47；外部调用=0
UV_CACHE_DIR=/Users/sc/PycharmProjects/partsignal/.cache/uv uv run --project backend python deploy/scripts/test-geo-configuration.py
GEO Compose/Settings/API/Worker/Beat：18 组配置一致，启动外部调用为 0
deploy/scripts/test-e2e-run-lifecycle.sh
E2E_LIFECYCLE_CASE name=int-scan-fails status=begin
E2E_LIFECYCLE_CASE name=int-scan-fails status=passed
E2E_LIFECYCLE_CASE name=term-clean status=begin
E2E_LIFECYCLE_CASE name=term-clean status=passed
E2E_LIFECYCLE_CASE name=playwright-wins status=begin
E2E_LIFECYCLE_CASE name=playwright-wins status=passed
E2E_LIFECYCLE_CASE name=scan-wins status=begin
E2E_LIFECYCLE_CASE name=scan-wins status=passed
E2E_LIFECYCLE_CASE name=cleanup-wins status=begin
E2E_LIFECYCLE_CASE name=cleanup-wins status=passed
E2E_LIFECYCLE_CASE name=stubborn-escalates status=begin
E2E_LIFECYCLE_CASE name=stubborn-escalates status=passed
E2E_LIFECYCLE_TEST status=passed
deploy/scripts/test-e2e-database-lifecycle.sh
E2E_DATABASE_LIFECYCLE_TEST scenarios=5 status=passed
frontend/tests/helpers/test-secret-artifact-post-run.sh
E2E_POST_RUN_SECRET_TEST status=passed
deploy/scripts/test-deploy-staging.sh
canonical Frontend Nginx 安全头、Markdown、HTML 与 DOM sink 校验通过
Preview env preparation: 2 positive / 6 negative; automatic secrets, no overwrite/output, staging boundary passed
Staging archive env allowlist: 3 public templates allowed / 6 private-or-unknown entries rejected
预发布 full/fast 与 Production canonical Frontend 边界自检通过
deploy/scripts/test-deploy-production-cleanup.sh
Production harness canonical TMPDIR 与 cleanup 生命周期回归检查通过
deploy/scripts/test-deploy-production.sh
canonical Frontend Nginx 安全头、Markdown、HTML 与 DOM sink 校验通过
Production network identity static: 3 networks / 7 services passed
Engine existing-label reuse: api passed
Engine existing-label reuse: migrate passed
Engine existing-label reuse: postgres passed
Engine existing-label reuse: redis passed
Engine existing-label reuse: worker passed
Engine existing-label reuse: scheduler passed
Engine existing-label reuse: frontend passed
Engine old-label rejection: partsignal-staging-internal passed
Engine old-label rejection: partsignal-staging-egress passed
Engine old-label rejection: partsignal-staging-edge passed
Production Engine network compatibility: 7 positive / 3 negative; containers=0 networks=0
Production input readiness: 2 positive / 37 negative; substitution rejected before deployment; secrets not echoed
deploy/activate/rollback identity: 3 paths / 8 local operations / manifest-first passed
Production V2 编排、两阶段激活、可续跑数据状态机与候选清单合同自检通过
docker compose --env-file .env -f deploy/compose.dev.yaml config --quiet
PARTSIGNAL_BACKEND_IMAGE=partsignal-backend PARTSIGNAL_FRONTEND_IMAGE=partsignal-frontend-v2 PARTSIGNAL_VERSION=test PARTSIGNAL_RUNTIME_ENV_FILE=/Users/sc/PycharmProjects/partsignal/.env PARTSIGNAL_DATA_ROOT=/Users/sc/PycharmProjects/partsignal/data docker compose --env-file .env -f deploy/compose.prod.yaml config --quiet
