UV_CACHE_DIR=/Users/sc/PycharmProjects/partsignal/.cache/uv uv run --project backend python -m app.tools.contract_check contracts/openapi.yaml
FastAPI 运行时操作与 OpenAPI 完整契约一致。
npm --prefix frontend run api:check

> partsignal-frontend-v2@0.1.0 api:check
> node scripts/check-openapi.mjs

✨ openapi-typescript 7.13.0
🚀 ../contracts/openapi.yaml → /var/folders/m5/j06tv2sn1hn93d6f33j559jm0000gn/T/partsignal-v2-openapi-6v6ybf/schema.d.ts [282.3ms]
OpenAPI 类型与根合同一致。
UV_CACHE_DIR=/Users/sc/PycharmProjects/partsignal/.cache/uv uv run --project backend ruff check backend
All checks passed!
npm --prefix frontend run lint

> partsignal-frontend-v2@0.1.0 lint
> eslint . --max-warnings 0

UV_CACHE_DIR=/Users/sc/PycharmProjects/partsignal/.cache/uv uv run --project backend mypy --config-file backend/pyproject.toml backend/app
Success: no issues found in 233 source files
npm --prefix frontend run typecheck

> partsignal-frontend-v2@0.1.0 typecheck
> tsc -b --pretty false

UV_CACHE_DIR=/Users/sc/PycharmProjects/partsignal/.cache/uv uv run --project backend pytest backend/tests/unit
........................................................................ [  1%]
........................................................................ [  3%]
........................................................................ [  5%]
........................................................................ [  7%]
........................................................................ [  9%]
........................................................................ [ 11%]
........................................................................ [ 13%]
........................................................................ [ 15%]
........................................................................ [ 17%]
........................................................................ [ 19%]
........................................................................ [ 21%]
........................................................................ [ 23%]
........................................................................ [ 25%]
........................................................................ [ 27%]
........................................................................ [ 29%]
........................................................................ [ 31%]
........................................................................ [ 33%]
........................................................................ [ 35%]
........................................................................ [ 37%]
........................................................................ [ 39%]
........................................................................ [ 41%]
........................................................................ [ 43%]
........................................................................ [ 45%]
........................................................................ [ 47%]
........................................................................ [ 49%]
........................................................................ [ 51%]
........................................................................ [ 53%]
........................................................................ [ 55%]
........................................................................ [ 57%]
........................................................................ [ 59%]
........................................................................ [ 61%]
........................................................................ [ 62%]
........................................................................ [ 64%]
........................................................................ [ 66%]
........................................................................ [ 68%]
........................................................................ [ 70%]
........................................................................ [ 72%]
........................................................................ [ 74%]
........................................................................ [ 76%]
........................................................................ [ 78%]
........................................................................ [ 80%]
........................................................................ [ 82%]
........................................................................ [ 84%]
........................................................................ [ 86%]
........................................................................ [ 88%]
........................................................................ [ 90%]
........................................................................ [ 92%]
........................................................................ [ 94%]
........................................................................ [ 96%]
........................................................................ [ 98%]
..........................................................               [100%]
3658 passed in 63.08s (0:01:03)
npm --prefix frontend run test

> partsignal-frontend-v2@0.1.0 test
> vitest run


 RUN  v4.1.10 /Users/sc/PycharmProjects/partsignal/frontend


 Test Files  134 passed (134)
      Tests  1266 passed (1266)
   Start at  23:11:25
   Duration  34.77s (transform 12.53s, setup 11.98s, import 51.61s, tests 174.33s, environment 59.37s)

docker compose -f .trellis/tasks/10-04-geo-707-r6-acceptance/evidence/compose.yaml run --rm backend-test
 Container geo707-validation-backend-test-run-f0f3c29843ae Creating 
 Container geo707-validation-backend-test-run-f0f3c29843ae Created 
........................................................................ [  6%]
........................................................................ [ 12%]
........................................................................ [ 19%]
........................................................................ [ 25%]
........................................................................ [ 32%]
........................................................................ [ 38%]
........................................................................ [ 44%]
........................................................................ [ 51%]
........................................................................ [ 57%]
........................................................................ [ 64%]
........................................................................ [ 70%]
........................................................................ [ 76%]
........................................................................ [ 83%]
........................................................................ [ 89%]
........................................................................ [ 96%]
.............................................                            [100%]
=============================== warnings summary ===============================
tests/integration/test_geo_admission_migration.py::test_0053_preserves_run_history_and_backfills_unknown
  /app/tests/integration/test_geo_admission_migration.py:148: SAWarning: Cannot correctly sort tables; there are unresolvable cycles between tables "content_tasks, content_versions, generation_jobs, publication_verifications, publication_works, published_articles, published_content_issues", which is usually caused by mutually dependent foreign key constraints.  Foreign key constraints involving these tables will not be considered; this warning may raise an error in a future release.
    assert compare_metadata(context, Base.metadata) == []

tests/integration/test_geo_admission_migration.py::test_0053_preserves_run_history_and_backfills_unknown
  /app/tests/integration/test_geo_admission_migration.py:148: SAWarning: Can't validate argument 'dialect_options'; can't locate any SQLAlchemy dialect named 'dialect'
    assert compare_metadata(context, Base.metadata) == []

tests/integration/test_geo_analysis_migration.py::test_nonempty_0053_forward_preserves_evidence_and_matches_models
  /Users/sc/PycharmProjects/partsignal/backend/tests/integration/test_geo_analysis_migration.py:78: SAWarning: Cannot correctly sort tables; there are unresolvable cycles between tables "content_tasks, content_versions, generation_jobs, publication_verifications, publication_works, published_articles, published_content_issues", which is usually caused by mutually dependent foreign key constraints.  Foreign key constraints involving these tables will not be considered; this warning may raise an error in a future release.

tests/integration/test_geo_analysis_migration.py::test_nonempty_0053_forward_preserves_evidence_and_matches_models
  /Users/sc/PycharmProjects/partsignal/backend/tests/integration/test_geo_analysis_migration.py:78: SAWarning: Can't validate argument 'dialect_options'; can't locate any SQLAlchemy dialect named 'dialect'

tests/integration/test_geo_analysis_migration.py::test_nonempty_0053_forward_preserves_evidence_and_matches_models
  /opt/venv/lib/python3.12/site-packages/alembic/autogenerate/compare/server_defaults.py:120: UserWarning: Computed default on geo_analysis_revisions.input_sha256 cannot be modified
    util.warn("Computed default on %s.%s cannot be modified" % (tname, cname))

tests/integration/test_geo_analysis_worker_migration.py::test_0055_nonempty_forward_preserves_analysis_and_review_history
  /Users/sc/PycharmProjects/partsignal/backend/tests/integration/test_geo_analysis_worker_migration.py:105: SAWarning: Cannot correctly sort tables; there are unresolvable cycles between tables "content_tasks, content_versions, generation_jobs, publication_verifications, publication_works, published_articles, published_content_issues", which is usually caused by mutually dependent foreign key constraints.  Foreign key constraints involving these tables will not be considered; this warning may raise an error in a future release.

tests/integration/test_geo_analysis_worker_migration.py::test_0055_nonempty_forward_preserves_analysis_and_review_history
  /Users/sc/PycharmProjects/partsignal/backend/tests/integration/test_geo_analysis_worker_migration.py:105: SAWarning: Can't validate argument 'dialect_options'; can't locate any SQLAlchemy dialect named 'dialect'

tests/integration/test_geo_answer_migration.py::test_forward_keeps_nonempty_history_and_matches_models
  /app/tests/integration/test_geo_answer_migration.py:54: SAWarning: Cannot correctly sort tables; there are unresolvable cycles between tables "content_tasks, content_versions, generation_jobs, publication_verifications, publication_works, published_articles, published_content_issues", which is usually caused by mutually dependent foreign key constraints.  Foreign key constraints involving these tables will not be considered; this warning may raise an error in a future release.
    assert compare_metadata(context, Base.metadata) == []

tests/integration/test_geo_answer_migration.py::test_forward_keeps_nonempty_history_and_matches_models
  /app/tests/integration/test_geo_answer_migration.py:54: SAWarning: Can't validate argument 'dialect_options'; can't locate any SQLAlchemy dialect named 'dialect'
    assert compare_metadata(context, Base.metadata) == []

tests/integration/test_geo_batch_creation_migration.py::test_forward_preserves_nonempty_frozen_inputs_and_matches_metadata
  /Users/sc/PycharmProjects/partsignal/backend/tests/integration/test_geo_batch_creation_migration.py:82: SAWarning: Cannot correctly sort tables; there are unresolvable cycles between tables "content_tasks, content_versions, generation_jobs, publication_verifications, publication_works, published_articles, published_content_issues", which is usually caused by mutually dependent foreign key constraints.  Foreign key constraints involving these tables will not be considered; this warning may raise an error in a future release.

tests/integration/test_geo_batch_creation_migration.py::test_forward_preserves_nonempty_frozen_inputs_and_matches_metadata
  /Users/sc/PycharmProjects/partsignal/backend/tests/integration/test_geo_batch_creation_migration.py:82: SAWarning: Can't validate argument 'dialect_options'; can't locate any SQLAlchemy dialect named 'dialect'

tests/integration/test_geo_catalog.py::test_catalog_metadata_matches_migrated_postgresql
  /Users/sc/PycharmProjects/partsignal/backend/tests/integration/test_geo_catalog.py:187: SAWarning: Cannot correctly sort tables; there are unresolvable cycles between tables "content_tasks, content_versions, generation_jobs, publication_verifications, publication_works, published_articles, published_content_issues", which is usually caused by mutually dependent foreign key constraints.  Foreign key constraints involving these tables will not be considered; this warning may raise an error in a future release.

tests/integration/test_geo_catalog.py::test_catalog_metadata_matches_migrated_postgresql
  /Users/sc/PycharmProjects/partsignal/backend/tests/integration/test_geo_catalog.py:187: SAWarning: Can't validate argument 'dialect_options'; can't locate any SQLAlchemy dialect named 'dialect'

tests/integration/test_geo_decision_migration.py::test_nonempty_0061_upgrade_keeps_every_history_and_matches_metadata
  /app/tests/integration/test_geo_decision_migration.py:74: SAWarning: Cannot correctly sort tables; there are unresolvable cycles between tables "content_tasks, content_versions, generation_jobs, publication_verifications, publication_works, published_articles, published_content_issues", which is usually caused by mutually dependent foreign key constraints.  Foreign key constraints involving these tables will not be considered; this warning may raise an error in a future release.
    assert compare_metadata(context, Base.metadata) == []

tests/integration/test_geo_decision_migration.py::test_nonempty_0061_upgrade_keeps_every_history_and_matches_metadata
  /app/tests/integration/test_geo_decision_migration.py:74: SAWarning: Can't validate argument 'dialect_options'; can't locate any SQLAlchemy dialect named 'dialect'
    assert compare_metadata(context, Base.metadata) == []

tests/integration/test_geo_insight_indexes.py::test_0057_forward_and_index_only_rollback_preserve_history
  /Users/sc/PycharmProjects/partsignal/backend/tests/integration/test_geo_insight_indexes.py:77: SAWarning: Cannot correctly sort tables; there are unresolvable cycles between tables "content_tasks, content_versions, generation_jobs, publication_verifications, publication_works, published_articles, published_content_issues", which is usually caused by mutually dependent foreign key constraints.  Foreign key constraints involving these tables will not be considered; this warning may raise an error in a future release.

tests/integration/test_geo_insight_indexes.py::test_0057_forward_and_index_only_rollback_preserve_history
  /Users/sc/PycharmProjects/partsignal/backend/tests/integration/test_geo_insight_indexes.py:77: SAWarning: Can't validate argument 'dialect_options'; can't locate any SQLAlchemy dialect named 'dialect'

tests/integration/test_geo_manual_migration.py::test_0051_preserves_nonempty_0050_evidence_and_safe_stop
  /Users/sc/PycharmProjects/partsignal/backend/tests/integration/test_geo_manual_migration.py:71: SAWarning: Cannot correctly sort tables; there are unresolvable cycles between tables "content_tasks, content_versions, generation_jobs, publication_verifications, publication_works, published_articles, published_content_issues", which is usually caused by mutually dependent foreign key constraints.  Foreign key constraints involving these tables will not be considered; this warning may raise an error in a future release.

tests/integration/test_geo_manual_migration.py::test_0051_preserves_nonempty_0050_evidence_and_safe_stop
  /Users/sc/PycharmProjects/partsignal/backend/tests/integration/test_geo_manual_migration.py:71: SAWarning: Can't validate argument 'dialect_options'; can't locate any SQLAlchemy dialect named 'dialect'

tests/integration/test_geo_monitoring_plans.py::test_forward_preserves_existing_data_and_metadata
  /Users/sc/PycharmProjects/partsignal/backend/tests/integration/test_geo_monitoring_plans.py:240: SAWarning: Cannot correctly sort tables; there are unresolvable cycles between tables "content_tasks, content_versions, generation_jobs, publication_verifications, publication_works, published_articles, published_content_issues", which is usually caused by mutually dependent foreign key constraints.  Foreign key constraints involving these tables will not be considered; this warning may raise an error in a future release.

tests/integration/test_geo_monitoring_plans.py::test_forward_preserves_existing_data_and_metadata
  /Users/sc/PycharmProjects/partsignal/backend/tests/integration/test_geo_monitoring_plans.py:240: SAWarning: Can't validate argument 'dialect_options'; can't locate any SQLAlchemy dialect named 'dialect'

tests/integration/test_geo_opportunities.py::test_model_metadata_and_subject_history_reference_projection
  /app/tests/integration/test_geo_opportunities.py:395: SAWarning: Cannot correctly sort tables; there are unresolvable cycles between tables "content_tasks, content_versions, generation_jobs, publication_verifications, publication_works, published_articles, published_content_issues", which is usually caused by mutually dependent foreign key constraints.  Foreign key constraints involving these tables will not be considered; this warning may raise an error in a future release.
    assert compare_metadata(context, Base.metadata) == []

tests/integration/test_geo_opportunities.py::test_model_metadata_and_subject_history_reference_projection
  /app/tests/integration/test_geo_opportunities.py:395: SAWarning: Can't validate argument 'dialect_options'; can't locate any SQLAlchemy dialect named 'dialect'
    assert compare_metadata(context, Base.metadata) == []

tests/integration/test_geo_profile_test_migration.py::test_0052_forward_invalidates_only_current_api_qualification
  /Users/sc/PycharmProjects/partsignal/backend/tests/integration/test_geo_profile_test_migration.py:76: SAWarning: Cannot correctly sort tables; there are unresolvable cycles between tables "content_tasks, content_versions, generation_jobs, publication_verifications, publication_works, published_articles, published_content_issues", which is usually caused by mutually dependent foreign key constraints.  Foreign key constraints involving these tables will not be considered; this warning may raise an error in a future release.

tests/integration/test_geo_profile_test_migration.py::test_0052_forward_invalidates_only_current_api_qualification
  /Users/sc/PycharmProjects/partsignal/backend/tests/integration/test_geo_profile_test_migration.py:76: SAWarning: Can't validate argument 'dialect_options'; can't locate any SQLAlchemy dialect named 'dialect'

tests/integration/test_geo_prompt_variants.py::test_additive_migration_metadata_and_safe_stop
  /Users/sc/PycharmProjects/partsignal/backend/tests/integration/test_geo_prompt_variants.py:176: SAWarning: Cannot correctly sort tables; there are unresolvable cycles between tables "content_tasks, content_versions, generation_jobs, publication_verifications, publication_works, published_articles, published_content_issues", which is usually caused by mutually dependent foreign key constraints.  Foreign key constraints involving these tables will not be considered; this warning may raise an error in a future release.

tests/integration/test_geo_prompt_variants.py::test_additive_migration_metadata_and_safe_stop
  /Users/sc/PycharmProjects/partsignal/backend/tests/integration/test_geo_prompt_variants.py:176: SAWarning: Can't validate argument 'dialect_options'; can't locate any SQLAlchemy dialect named 'dialect'

tests/integration/test_geo_retest_migration.py::test_nonempty_0060_forward_matches_metadata_preserves_history_and_safe_downgrade
  /app/tests/integration/test_geo_retest_migration.py:266: SAWarning: Cannot correctly sort tables; there are unresolvable cycles between tables "content_tasks, content_versions, generation_jobs, publication_verifications, publication_works, published_articles, published_content_issues", which is usually caused by mutually dependent foreign key constraints.  Foreign key constraints involving these tables will not be considered; this warning may raise an error in a future release.
    assert compare_metadata(context, Base.metadata) == []

tests/integration/test_geo_retest_migration.py::test_nonempty_0060_forward_matches_metadata_preserves_history_and_safe_downgrade
  /app/tests/integration/test_geo_retest_migration.py:266: SAWarning: Can't validate argument 'dialect_options'; can't locate any SQLAlchemy dialect named 'dialect'
    assert compare_metadata(context, Base.metadata) == []

tests/integration/test_geo_rule_snapshots.py::test_forward_preserves_v1_nonempty_history_and_rule_metadata
  /Users/sc/PycharmProjects/partsignal/backend/tests/integration/test_geo_rule_snapshots.py:67: SAWarning: Cannot correctly sort tables; there are unresolvable cycles between tables "content_tasks, content_versions, generation_jobs, publication_verifications, publication_works, published_articles, published_content_issues", which is usually caused by mutually dependent foreign key constraints.  Foreign key constraints involving these tables will not be considered; this warning may raise an error in a future release.

tests/integration/test_geo_rule_snapshots.py::test_forward_preserves_v1_nonempty_history_and_rule_metadata
  /Users/sc/PycharmProjects/partsignal/backend/tests/integration/test_geo_rule_snapshots.py:67: SAWarning: Can't validate argument 'dialect_options'; can't locate any SQLAlchemy dialect named 'dialect'

tests/integration/test_geo_run_migration.py::test_forward_preserves_nonempty_old_geo_and_matches_metadata
  /app/tests/integration/test_geo_run_migration.py:78: SAWarning: Cannot correctly sort tables; there are unresolvable cycles between tables "content_tasks, content_versions, generation_jobs, publication_verifications, publication_works, published_articles, published_content_issues", which is usually caused by mutually dependent foreign key constraints.  Foreign key constraints involving these tables will not be considered; this warning may raise an error in a future release.
    assert compare_metadata(context, Base.metadata) == []

tests/integration/test_geo_run_migration.py::test_forward_preserves_nonempty_old_geo_and_matches_metadata
  /app/tests/integration/test_geo_run_migration.py:78: SAWarning: Can't validate argument 'dialect_options'; can't locate any SQLAlchemy dialect named 'dialect'
    assert compare_metadata(context, Base.metadata) == []

tests/integration/test_geo_surfaces_profiles.py::test_old_head_forward_preserves_rows_metadata_and_downgrade_stops
  /Users/sc/PycharmProjects/partsignal/backend/tests/integration/test_geo_surfaces_profiles.py:216: SAWarning: Cannot correctly sort tables; there are unresolvable cycles between tables "content_tasks, content_versions, generation_jobs, publication_verifications, publication_works, published_articles, published_content_issues", which is usually caused by mutually dependent foreign key constraints.  Foreign key constraints involving these tables will not be considered; this warning may raise an error in a future release.

tests/integration/test_geo_surfaces_profiles.py::test_old_head_forward_preserves_rows_metadata_and_downgrade_stops
  /Users/sc/PycharmProjects/partsignal/backend/tests/integration/test_geo_surfaces_profiles.py:216: SAWarning: Can't validate argument 'dialect_options'; can't locate any SQLAlchemy dialect named 'dialect'

-- Docs: https://docs.pytest.org/en/stable/how-to/capture-warnings.html
1125 passed, 35 warnings in 600.29s (0:10:00)
docker compose -f .trellis/tasks/10-04-geo-707-r6-acceptance/evidence/compose.yaml run --rm -e GEO_PERF_PHASE=candidate -e GEO_PERF_OUTPUT=/app/tests/performance/.results/candidate backend-test pytest -s tests/performance/test_geo_insight_performance.py
 Container geo707-validation-backend-test-run-c3149736f22d Creating 
 Container geo707-validation-backend-test-run-c3149736f22d Created 
INFO  [alembic.runtime.migration] Context impl PostgresqlImpl.
INFO  [alembic.runtime.migration] Will assume transactional DDL.
INFO  [alembic.runtime.migration] Running upgrade  -> 0001_identity_audit, 创建身份、会话和审计表。
INFO  [alembic.runtime.migration] Running upgrade 0001_identity_audit -> 0002_product_facts, 创建规范化产品事实和不可变事实版本。
INFO  [alembic.runtime.migration] Running upgrade 0002_product_facts -> 0003_content_planning, 创建目标问题、平台规则版本和内容任务。
INFO  [alembic.runtime.migration] Running upgrade 0003_content_planning -> 0004_content_production, 创建 PostgreSQL 权威生成作业和不可变 Markdown 内容版本。
INFO  [alembic.runtime.migration] Running upgrade 0004_content_production -> 0005_content_review, 创建追加式内容审核记录。
INFO  [alembic.runtime.migration] Running upgrade 0005_content_review -> 0006_publication, 创建平台账号、人工发布记录和状态事件。
INFO  [alembic.runtime.migration] Running upgrade 0006_publication -> 0007_geo_observation, 创建追加式 GEO 观测及引用关联。
INFO  [alembic.runtime.migration] Running upgrade 0007_geo_observation -> 0008_files, 创建文件生命周期、附件关联并补加证据文件外键。
INFO  [alembic.runtime.migration] Running upgrade 0008_files -> 0009_config_center, 迁移账号类型、配置中心与真实 AI 生成字段。
INFO  [alembic.runtime.migration] Running upgrade 0009_config_center -> 0010_user_cleanup, 清理旧版职责账号并强制既有内容工程师改密。
INFO  [alembic.runtime.migration] Running upgrade 0010_user_cleanup -> 0011_generation_reliability, 增加生成作业补投递诊断字段与到期扫描索引。
INFO  [alembic.runtime.migration] Running upgrade 0011_generation_reliability -> 0012_ai_data_classification, 为生成输入增加显式数据分级与责任人记录。
INFO  [alembic.runtime.migration] Running upgrade 0012_ai_data_classification -> 0013_publication_closure, 增加发布异常待办、修复任务来源和发布平台一致性门禁。
INFO  [alembic.runtime.migration] Running upgrade 0013_publication_closure -> 0014_platform_prompt_ownership, 将当前 Prompt 所有权从平台类型迁移到具体平台。
INFO  [alembic.runtime.migration] Running upgrade 0014_platform_prompt_ownership -> 0015_platform_rule_draft_editing, 允许按修订号编辑平台规则草稿，并继续冻结已激活或退役正文。
INFO  [alembic.runtime.migration] Running upgrade 0015_platform_rule_draft_editing -> 0016_fact_review_cleanup, 允许受约束删除事实版本时清理其从属审核记录。
INFO  [alembic.runtime.migration] Running upgrade 0016_fact_review_cleanup -> 0017_content_humanization, 增加全局自然化 Prompt，并让现有 AI 作业承载自然化修订。
INFO  [alembic.runtime.migration] Running upgrade 0017_content_humanization -> 0018_manual_geo_observation, 增加产品级人工 GEO 观测，并保留旧模型观测历史。
INFO  [alembic.runtime.migration] Running upgrade 0018_manual_geo_observation -> 0019_product_driven_tasks, 允许新内容任务直接围绕产品创建，同时保留历史目标问题关联。
INFO  [alembic.runtime.migration] Running upgrade 0019_product_driven_tasks -> 0020_platform_branding_task_list, 为具体平台增加官网与单一来源 Logo。
INFO  [alembic.runtime.migration] Running upgrade 0020_platform_branding_task_list -> 0021_ai_channel_model_management, 补齐 AI 渠道身份字段与使用统计索引。
INFO  [alembic.runtime.migration] Running upgrade 0021_ai_channel_model_management -> 0022_geo_observation_insights, 补充人工 GEO 逐篇阶段事实与问题主题约束。
INFO  [alembic.runtime.migration] Running upgrade 0022_geo_observation_insights -> 0023_platform_management, 增加具体平台启停状态与管理聚合索引。
INFO  [alembic.runtime.migration] Running upgrade 0023_platform_management -> 0024_audit_outcome, 补齐审计模块、命令结果和安全结果说明。
INFO  [alembic.runtime.migration] Running upgrade 0024_audit_outcome -> 0025_markdown_facts, 将结构化产品事实收敛为 Markdown，并让内容任务直接绑定平台。
INFO  [alembic.runtime.migration] Running upgrade 0025_markdown_facts -> 0026_publication_account_dedup, 补齐发布账号修订约束，并阻止同平台规范化账号标识重复。
INFO  [alembic.runtime.migration] Running upgrade 0026_publication_account_dedup -> 0027_audit_user_delete_guard, 只允许受约束用户删除把匹配审计操作者置空。
INFO  [alembic.runtime.migration] Running upgrade 0027_audit_user_delete_guard -> 0028_platform_logo_lifecycle, 增加平台 Logo 的未引用保留、幂等删除状态与数据库门禁。
INFO  [alembic.runtime.migration] Running upgrade 0028_platform_logo_lifecycle -> 0029_geo_evidence_management, 收敛人工 GEO 独立事实，并为完整更正链删除增加事务门禁。
INFO  [alembic.runtime.migration] Running upgrade 0029_geo_evidence_management -> 0030_publication_record_delete, 为从未公开的发布聚合增加事务级受控删除门禁。
INFO  [alembic.runtime.migration] Running upgrade 0030_publication_record_delete -> 0031_reusable_platform_prompts, 把平台私有 Prompt 收敛为可复用模板和平台当前绑定。
INFO  [alembic.runtime.migration] Running upgrade 0031_reusable_platform_prompts -> 0032_content_task_idempotency, 为普通内容任务创建增加持久化请求键幂等约束。
INFO  [alembic.runtime.migration] Running upgrade 0032_content_task_idempotency -> 0033_task_owned_history_delete, 允许受控删除已取消任务自有的未批准生产历史。
INFO  [alembic.runtime.migration] Running upgrade 0033_task_owned_history_delete -> 0034_publication_redesign, 以发布工作、首次核验成果和发布后内容问题替换旧发布记录。
INFO  [alembic.runtime.migration] Running upgrade 0034_publication_redesign -> 0035_business_workflow, 建立事实提交、内容单主线、发布版本快照与 GEO 来源合同。
INFO  [alembic.runtime.migration] Running upgrade 0035_business_workflow -> 0036_remove_section_url, 删除没有稳定业务含义的发布栏目地址。
INFO  [alembic.runtime.migration] Running upgrade 0036_remove_section_url -> 0037_simplify_deletion_lifecycle, 收缩任务、配置与审计的删除生命周期。
INFO  [alembic.runtime.migration] Running upgrade 0037_simplify_deletion_lifecycle -> 0038_published_article_delete, 允许受控删除无 GEO 引用的发布成果聚合。
INFO  [alembic.runtime.migration] Running upgrade 0038_published_article_delete -> 0039_article_delete_platform, 允许归档任务在删除失效平台的发布成果后转为已取消。
INFO  [alembic.runtime.migration] Running upgrade 0039_article_delete_platform -> 0040_content_draft_management, 允许当前人工未审核草稿受控保存和彻底删除。
INFO  [alembic.runtime.migration] Running upgrade 0040_content_draft_management -> 0041_content_task_list, 补齐内容任务列表的稳定更新时间与排序索引。
INFO  [alembic.runtime.migration] Running upgrade 0041_content_task_list -> 0042_content_version_detail, 记录内容版本自身的真实更新时间。
INFO  [alembic.runtime.migration] Running upgrade 0042_content_version_detail -> 0043_geo_platform_identity, 冻结发布工作的平台 UUID，避免配置删除后 GEO 历史失去身份。
INFO  [alembic.runtime.migration] Running upgrade 0043_geo_platform_identity -> 0044_geo_catalog, 新增 GEO Catalog 三表；冻结本 revision，不读取运行时 ORM。
INFO  [alembic.runtime.migration] Running upgrade 0044_geo_catalog -> 0045_geo_prompt_variants, 仅新增问题变体，冻结规范化及历史锁存，不回填旧问题数组。
INFO  [alembic.runtime.migration] Running upgrade 0045_geo_prompt_variants -> 0046_geo_surfaces_profiles, 新增观测配置与闭合JSON合同；不回填旧GEO或实现运行资格。
INFO  [alembic.runtime.migration] Context impl PostgresqlImpl.
INFO  [alembic.runtime.migration] Will assume transactional DDL.
INFO  [alembic.runtime.migration] Running upgrade 0046_geo_surfaces_profiles -> 0047_geo_monitoring_plans, 仅增加计划配置聚合；不创建批次、运行或改写历史观测。
INFO  [alembic.runtime.migration] Context impl PostgresqlImpl.
INFO  [alembic.runtime.migration] Will assume transactional DDL.
INFO  [alembic.runtime.migration] Running upgrade 0047_geo_monitoring_plans -> 0048_geo_batches_runs, 新增独立回答级 Batch/Run，冻结 DDL 与快照/写入守卫，不迁移旧 GEO。
INFO  [alembic.runtime.migration] Context impl PostgresqlImpl.
INFO  [alembic.runtime.migration] Will assume transactional DDL.
INFO  [alembic.runtime.migration] Running upgrade 0048_geo_batches_runs -> 0049_geo_batch_creation, 创建幂等与批次主体引用；不修改已冻结的 Batch/Run 输入。
INFO  [alembic.runtime.migration] Context impl PostgresqlImpl.
INFO  [alembic.runtime.migration] Will assume transactional DDL.
INFO  [alembic.runtime.migration] Running upgrade 0049_geo_batch_creation -> 0050_geo_answer_evidence, 新增不可变原始回答、引用和受控文件关系；不实现采集命令。
INFO  [alembic.runtime.migration] Running upgrade 0050_geo_answer_evidence -> 0051_geo_manual_collection, 人工草稿和不可变提交身份；不回填或修改已提交证据。
INFO  [alembic.runtime.migration] Running upgrade 0051_geo_manual_collection -> 0052_geo_profile_tests, API Profile 当前诊断资格与依赖失效；不修改业务历史。
INFO  [alembic.runtime.migration] Running upgrade 0052_geo_profile_tests -> 0053_geo_collection_admission, 加法保存预算预留与发送限速事实，历史 Run 和原始证据保持不变。
INFO  [alembic.runtime.migration] Running upgrade 0053_geo_collection_admission -> 0054_geo_analysis_contract, 分析输入/结果、追加复核与限定 current pointer；不回填历史证据。
INFO  [alembic.runtime.migration] Running upgrade 0054_geo_analysis_contract -> 0055_geo_analysis_worker, 分析执行租约与引用结果；不回填或重写已有 revision。
INFO  [alembic.runtime.migration] Running upgrade 0055_geo_analysis_worker -> 0056_geo_run_review, 受控人工复核发布；历史机器结果与Review不回填、不改写。
INFO  [alembic.runtime.migration] Running upgrade 0056_geo_run_review -> 0057_geo_insight_indexes, GEO-607：洞察日期候选索引，不改变历史数据或业务约束。
INFO  [alembic.runtime.migration] Running upgrade 0057_geo_insight_indexes -> 0058_geo_rule_configuration, GEO-701：当前规则配置和不可变 revision 历史，不回填既有评估。
INFO  [alembic.runtime.migration] Running upgrade 0058_geo_rule_configuration -> 0059_geo_opportunities, GEO-702：机会、追加来源/行动/评估及真实 Batch 来源外键。
INFO  [alembic.runtime.migration] Running upgrade 0059_geo_opportunities -> 0060_geo_opportunity_actions, GEO-704：行动来源快照、幂等回执与目标生命周期保护。
INFO  [alembic.runtime.migration] Running upgrade 0060_geo_opportunity_actions -> 0061_geo_retests, GEO-705：严格复测冻结基线、幂等回执和提交时矩阵验证。
INFO  [alembic.runtime.migration] Running upgrade 0061_geo_retests -> 0062_geo_opportunity_decisions, GEO-706：加法保存显式处理和不可变比较证据，不回填历史。
GEO-607 fixture: 5000/100000
GEO-607 fixture: 10000/100000
GEO-607 fixture: 15000/100000
GEO-607 fixture: 20000/100000
GEO-607 fixture: 25000/100000
GEO-607 fixture: 30000/100000
GEO-607 fixture: 35000/100000
GEO-607 fixture: 40000/100000
GEO-607 fixture: 45000/100000
GEO-607 fixture: 50000/100000
GEO-607 fixture: 55000/100000
GEO-607 fixture: 60000/100000
GEO-607 fixture: 65000/100000
GEO-607 fixture: 70000/100000
GEO-607 fixture: 75000/100000
GEO-607 fixture: 80000/100000
GEO-607 fixture: 85000/100000
GEO-607 fixture: 90000/100000
GEO-607 fixture: 95000/100000
GEO-607 fixture: 100000/100000
overview_product_30d: P95=0.150s, SELECT=15
insights_product_30d: P95=0.257s, SELECT=15
report_product_30d: P95=0.256s, SELECT=16
insights_all_30d: P95=2.883s, SELECT=15
overview_all_30d: P95=1.539s, SELECT=15
.
1 passed in 561.61s (0:09:21)
docker build -f frontend/Dockerfile -t partsignal-frontend-v2:test frontend
#0 building with "colima" instance using docker driver

#1 [internal] load build definition from Dockerfile
#1 transferring dockerfile: 339B done
#1 DONE 0.0s

#2 [internal] load metadata for docker.io/library/node:22-alpine
#2 DONE 1.7s

#3 [internal] load metadata for docker.io/library/nginx:1.27-alpine
#3 DONE 1.7s

#4 [internal] load .dockerignore
#4 transferring context: 137B done
#4 DONE 0.0s

#5 [development 1/5] FROM docker.io/library/node:22-alpine@sha256:0a7108bf6c7bf5de370ffb1a3ed6be93d405b43ff159f681a8d18c0e2bc2e402
#5 resolve docker.io/library/node:22-alpine@sha256:0a7108bf6c7bf5de370ffb1a3ed6be93d405b43ff159f681a8d18c0e2bc2e402 0.0s done
#5 DONE 0.0s

#6 [stage-2 1/3] FROM docker.io/library/nginx:1.27-alpine@sha256:65645c7bb6a0661892a8b03b89d0743208a18dd2f3f17a54ef4b76fb8e2f2a10
#6 resolve docker.io/library/nginx:1.27-alpine@sha256:65645c7bb6a0661892a8b03b89d0743208a18dd2f3f17a54ef4b76fb8e2f2a10 0.0s done
#6 DONE 0.0s

#7 [internal] load build context
#7 transferring context: 1.33MB 0.0s done
#7 DONE 0.0s

#8 [development 2/5] WORKDIR /app
#8 CACHED

#9 [development 3/5] COPY package.json package-lock.json ./
#9 CACHED

#10 [development 4/5] RUN npm ci
#10 CACHED

#11 [development 5/5] COPY . .
#11 DONE 0.1s

#12 [build 1/1] RUN npm run build
#12 0.311 
#12 0.311 > partsignal-frontend-v2@0.1.0 build
#12 0.311 > tsc -b && vite build --config vite.config.ts
#12 0.311 
#12 15.12 vite v8.2.1 building client environment for production...
#12 15.12 [2Ktransforming...✓ 3005 modules transformed.
#12 15.96 rendering chunks...
#12 16.04 computing gzip size...
#12 16.06 dist/index.html                                                    0.57 kB │ gzip:   0.34 kB
#12 16.06 dist/assets/index-Btqa2CjT.css                                    83.46 kB │ gzip:  14.39 kB
#12 16.06 dist/assets/queryOptions-Dfvzj6n2.js                               0.03 kB │ gzip:   0.05 kB
#12 16.06 dist/assets/route-5zGdn2Pu.js                                      0.07 kB │ gzip:   0.08 kB
#12 16.06 dist/assets/route-AFUjE5vR.js                                      0.07 kB │ gzip:   0.08 kB
#12 16.06 dist/assets/route-Bdkyf40J.js                                      0.07 kB │ gzip:   0.08 kB
#12 16.06 dist/assets/route-BnOgN25L.js                                      0.07 kB │ gzip:   0.08 kB
#12 16.06 dist/assets/route-CACU0Ncw.js                                      0.07 kB │ gzip:   0.08 kB
#12 16.06 dist/assets/route-CAUin8c-.js                                      0.07 kB │ gzip:   0.08 kB
#12 16.06 dist/assets/route-CtPZVZSG.js                                      0.07 kB │ gzip:   0.08 kB
#12 16.06 dist/assets/route-DM9PFocW.js                                      0.07 kB │ gzip:   0.08 kB
#12 16.06 dist/assets/route-DZLPx2O5.js                                      0.07 kB │ gzip:   0.08 kB
#12 16.06 dist/assets/route-Dfp-b3_F.js                                      0.07 kB │ gzip:   0.08 kB
#12 16.06 dist/assets/route-DrhND8Ss.js                                      0.07 kB │ gzip:   0.08 kB
#12 16.06 dist/assets/route-DwBi_ZMu.js                                      0.07 kB │ gzip:   0.08 kB
#12 16.06 dist/assets/route-SgbaIUWS.js                                      0.07 kB │ gzip:   0.08 kB
#12 16.06 dist/assets/route-Tim3UNye.js                                      0.07 kB │ gzip:   0.08 kB
#12 16.06 dist/assets/coerce-B9YZO7zq.js                                     0.08 kB │ gzip:   0.10 kB
#12 16.06 dist/assets/isElementDisabled-KSuuBj8D.js                          0.11 kB │ gzip:   0.11 kB
#12 16.06 dist/assets/not-found-i5RsCZif.js                                  0.11 kB │ gzip:   0.11 kB
#12 16.06 dist/assets/chevron-right-DzQx1ajS.js                              0.13 kB │ gzip:   0.14 kB
#12 16.06 dist/assets/canonical-uuid-sTOW0IN6.js                             0.13 kB │ gzip:   0.13 kB
#12 16.06 dist/assets/matchContext-B0YTMpvO.js                               0.16 kB │ gzip:   0.14 kB
#12 16.06 dist/assets/settings.ai-CipVaq6G.js                                0.21 kB │ gzip:   0.20 kB
#12 16.06 dist/assets/geo-rules-BWrkKy45.js                                  0.21 kB │ gzip:   0.20 kB
#12 16.06 dist/assets/_taskId_.editor-_qjLAkbp.js                            0.22 kB │ gzip:   0.20 kB
#12 16.06 dist/assets/_taskId_.review-zeX8OAEE.js                            0.22 kB │ gzip:   0.20 kB
#12 16.06 dist/assets/route-DFljbmbX.js                                      0.22 kB │ gzip:   0.20 kB
#12 16.06 dist/assets/system.audit-qBeF2bb1.js                               0.22 kB │ gzip:   0.20 kB
#12 16.06 dist/assets/system.users-0TM8kiXu.js                               0.22 kB │ gzip:   0.20 kB
#12 16.06 dist/assets/settings.prompts-9jQdIs2s.js                           0.22 kB │ gzip:   0.20 kB
#12 16.06 dist/assets/print-BVB7NKa9.js                                      0.22 kB │ gzip:   0.18 kB
#12 16.06 dist/assets/_taskId-Vsd3-0WC.js                                    0.22 kB │ gzip:   0.21 kB
#12 16.06 dist/assets/settings.platforms.types-C4NjYBws.js                   0.22 kB │ gzip:   0.21 kB
#12 16.06 dist/assets/versions_._versionId-BW6wP3pa.js                       0.22 kB │ gzip:   0.21 kB
#12 16.06 dist/assets/_platformId-BeKfjBVf.js                                0.22 kB │ gzip:   0.20 kB
#12 16.06 dist/assets/settings.ai_._channelId-Z_MUrH5D.js                    0.22 kB │ gzip:   0.20 kB
#12 16.06 dist/assets/_observationId-B3QjNhkV.js                             0.23 kB │ gzip:   0.21 kB
#12 16.06 dist/assets/useControlled-DMK4Pb-8.js                              0.24 kB │ gzip:   0.21 kB
#12 16.06 dist/assets/skeleton-Ged3Zc9T.js                                   0.24 kB │ gzip:   0.20 kB
#12 16.06 dist/assets/table-shell-BGuXgMNH.js                                0.33 kB │ gzip:   0.24 kB
#12 16.06 dist/assets/usePopupHandleStore-BirVG9ro.js                        0.35 kB │ gzip:   0.25 kB
#12 16.06 dist/assets/reports-Ral8MhyK.js                                    0.42 kB │ gzip:   0.29 kB
#12 16.06 dist/assets/table-toolbar-JNNhOzlg.js                              0.42 kB │ gzip:   0.27 kB
#12 16.06 dist/assets/table-skeleton-G-FjuOli.js                             0.45 kB │ gzip:   0.35 kB
#12 16.06 dist/assets/route-error-Bl0menBv.js                                0.46 kB │ gzip:   0.31 kB
#12 16.06 dist/assets/_productId-Cu3oT6KN.js                                 0.49 kB │ gzip:   0.35 kB
#12 16.06 dist/assets/_productId_.facts-C-S7KVKf.js                          0.50 kB │ gzip:   0.36 kB
#12 16.06 dist/assets/_productId_.facts_.versions_._versionId-996oc21h.js    0.50 kB │ gzip:   0.36 kB
#12 16.06 dist/assets/_productId_.facts_.review-CtF33cCX.js                  0.50 kB │ gzip:   0.37 kB
#12 16.06 dist/assets/_observationId_.correct-codqVWp-.js                    0.51 kB │ gzip:   0.37 kB
#12 16.06 dist/assets/useCompositeItem-BGClVRCY.js                           0.54 kB │ gzip:   0.37 kB
#12 16.06 dist/assets/empty-table-DARB4g0g.js                                0.55 kB │ gzip:   0.33 kB
#12 16.06 dist/assets/_observationId_.correct-BE5sfTgb.js                    0.58 kB │ gzip:   0.31 kB
#12 16.06 dist/assets/content-version.model-BVKgM5xI.js                      0.61 kB │ gzip:   0.43 kB
#12 16.06 dist/assets/detail-section-Dm8gVxQG.js                             0.63 kB │ gzip:   0.34 kB
#12 16.06 dist/assets/return-to-BzbJXkRi.js                                  0.63 kB │ gzip:   0.39 kB
#12 16.06 dist/assets/workbench.api-BODcO5uB.js                              0.71 kB │ gzip:   0.46 kB
#12 16.06 dist/assets/route-Do6Dxmmm.js                                      0.72 kB │ gzip:   0.50 kB
#12 16.06 dist/assets/geo-rules-Bz391gk5.js                                  0.83 kB │ gzip:   0.56 kB
#12 16.06 dist/assets/textarea-CPcbKIlY.js                                   0.83 kB │ gzip:   0.43 kB
#12 16.06 dist/assets/timeline-BSjJ8olh.js                                   0.94 kB │ gzip:   0.49 kB
#12 16.06 dist/assets/form-field-B911B1W8.js                                 0.98 kB │ gzip:   0.54 kB
#12 16.06 dist/assets/rowSortingFeature-DkOWDcFE.js                          1.02 kB │ gzip:   0.49 kB
#12 16.06 dist/assets/geo-observation-actions-C2i_qn8N.js                    1.09 kB │ gzip:   0.67 kB
#12 16.06 dist/assets/print-C9Nlp6wc.js                                      1.20 kB │ gzip:   0.67 kB
#12 16.06 dist/assets/product-deletion-dialog-Q4TjVTIn.js                    1.20 kB │ gzip:   0.76 kB
#12 16.06 dist/assets/security-CP5fM82-.js                                   1.22 kB │ gzip:   0.65 kB
#12 16.06 dist/assets/filter-bar-1oMngjYU.js                                 1.23 kB │ gzip:   0.72 kB
#12 16.06 dist/assets/new-CJY_-qpD.js                                        1.26 kB │ gzip:   0.73 kB
#12 16.06 dist/assets/form-layout-B0Bgsdpq.js                                1.29 kB │ gzip:   0.69 kB
#12 16.06 dist/assets/print-B8260apm.js                                      1.31 kB │ gzip:   0.75 kB
#12 16.06 dist/assets/login-VG_V81-g.js                                      1.31 kB │ gzip:   0.71 kB
#12 16.06 dist/assets/reports.api-4fySvcqX.js                                1.39 kB │ gzip:   0.85 kB
#12 16.06 dist/assets/file-transfer-CkO3-a8I.js                              1.41 kB │ gzip:   0.83 kB
#12 16.06 dist/assets/useBaseUiId-C9V7pCeo.js                                1.42 kB │ gzip:   0.80 kB
#12 16.06 dist/assets/table-pagination-CGok6p0q.js                           1.48 kB │ gzip:   0.81 kB
#12 16.06 dist/assets/auth-page-frame-DoVKxoBO.js                            1.49 kB │ gzip:   0.74 kB
#12 16.06 dist/assets/badge-DofVsWMx.js                                      1.57 kB │ gzip:   0.70 kB
#12 16.06 dist/assets/audit.api-Dr6E6y1V.js                                  1.62 kB │ gzip:   0.76 kB
#12 16.06 dist/assets/sticky-action-bar-Ckm0a8f-.js                          1.62 kB │ gzip:   0.86 kB
#12 16.06 dist/assets/versions_._versionId-YQqYdcLO.js                       1.72 kB │ gzip:   0.89 kB
#12 16.06 dist/assets/_productId_.facts_.versions_._versionId-CE-j0yOp.js    1.77 kB │ gzip:   0.89 kB
#12 16.06 dist/assets/workspace-shell-C-vX9QJE.js                            1.77 kB │ gzip:   0.83 kB
#12 16.06 dist/assets/reports-BH2GPIr4.js                                    1.77 kB │ gzip:   0.97 kB
#12 16.06 dist/assets/insights-S-xV9wY1.js                                   1.82 kB │ gzip:   0.98 kB
#12 16.06 dist/assets/articles-DUMI450I.js                                   1.83 kB │ gzip:   0.96 kB
#12 16.06 dist/assets/_articleId-Be6Eaylq.js                                 1.96 kB │ gzip:   1.09 kB
#12 16.06 dist/assets/_productId_.facts_.versions-DG0gTXwL.js                1.97 kB │ gzip:   1.06 kB
#12 16.06 dist/assets/new-Cbp2nW36.js                                        1.97 kB │ gzip:   1.07 kB
#12 16.06 dist/assets/catalog-controls-CksHkY2j.js                           1.98 kB │ gzip:   0.89 kB
#12 16.06 dist/assets/overview-Dcv2M0V0.js                                   1.99 kB │ gzip:   1.08 kB
#12 16.06 dist/assets/_taskId-ZtGsVqev.js                                    2.00 kB │ gzip:   1.06 kB
#12 16.06 dist/assets/issues-BxOjZRxp.js                                     2.00 kB │ gzip:   1.04 kB
#12 16.06 dist/assets/answers-DZEk6vzJ.js                                    2.02 kB │ gzip:   1.09 kB
#12 16.06 dist/assets/settings.platforms.types-D_ecwfpN.js                   2.05 kB │ gzip:   1.03 kB
#12 16.06 dist/assets/_observationId-CCYdZXQ4.js                             2.09 kB │ gzip:   1.08 kB
#12 16.06 dist/assets/work-D6h6fh_b.js                                       2.11 kB │ gzip:   1.10 kB
#12 16.06 dist/assets/new-btC0E0Xu.js                                        2.12 kB │ gzip:   1.19 kB
#12 16.06 dist/assets/useStore-G3HF39DP.js                                   2.17 kB │ gzip:   0.93 kB
#12 16.06 dist/assets/_productId-BYfRH72Z.js                                 2.18 kB │ gzip:   1.12 kB
#12 16.06 dist/assets/platforms-DHP1YjNI.js                                  2.19 kB │ gzip:   1.14 kB
#12 16.06 dist/assets/_taskId_.review-Dg_xPpd_.js                            2.20 kB │ gzip:   1.14 kB
#12 16.06 dist/assets/_productId_.facts_.review-ClFPnFd7.js                  2.21 kB │ gzip:   1.13 kB
#12 16.06 dist/assets/useRegisterFieldControl-BcstcGLC.js                    2.25 kB │ gzip:   1.07 kB
#12 16.06 dist/assets/tasks-CEChzEiK.js                                      2.25 kB │ gzip:   1.17 kB
#12 16.06 dist/assets/_productId_.facts-Chkxg9Ak.js                          2.25 kB │ gzip:   1.17 kB
#12 16.06 dist/assets/_issueId-BSgMr0iL.js                                   2.26 kB │ gzip:   1.24 kB
#12 16.06 dist/assets/observations-CLcbJvES.js                               2.28 kB │ gzip:   1.17 kB
#12 16.06 dist/assets/_taskId_.editor-B89TsE-u.js                            2.29 kB │ gzip:   1.19 kB
#12 16.06 dist/assets/dialog-D8rnNXqG.js                                     2.33 kB │ gzip:   0.91 kB
#12 16.06 dist/assets/plans-D2aj_n1U.js                                      2.34 kB │ gzip:   1.25 kB
#12 16.06 dist/assets/system.audit-BgnZmc-2.js                               2.35 kB │ gzip:   1.18 kB
#12 16.06 dist/assets/topics-CRNCvUqI.js                                     2.38 kB │ gzip:   1.23 kB
#12 16.06 dist/assets/input-BctqO2IH.js                                      2.47 kB │ gzip:   1.25 kB
#12 16.06 dist/assets/dirty-guard-CQjzJbGs.js                                2.58 kB │ gzip:   1.23 kB
#12 16.06 dist/assets/settings.ai-DZ39OJ5L.js                                2.64 kB │ gzip:   1.34 kB
#12 16.06 dist/assets/prompt.api-ClmNqhO5.js                                 2.65 kB │ gzip:   1.01 kB
#12 16.06 dist/assets/products-BBHl8O4y.js                                   2.74 kB │ gzip:   1.41 kB
#12 16.06 dist/assets/useCompositeListItem-u8lPl9Q5.js                       3.11 kB │ gzip:   1.41 kB
#12 16.06 dist/assets/security-CQpX9S1E.js                                   3.12 kB │ gzip:   1.52 kB
#12 16.06 dist/assets/settings.ai_._channelId-BCU6ck0F.js                    3.13 kB │ gzip:   1.56 kB
#12 16.06 dist/assets/login-CMJ7b1UQ.js                                      3.14 kB │ gzip:   1.52 kB
#12 16.06 dist/assets/zod-C1u0HXxU.js                                        3.31 kB │ gzip:   1.24 kB
#12 16.06 dist/assets/sheet-Dodxq94r.js                                      3.73 kB │ gzip:   1.45 kB
#12 16.06 dist/assets/audit-detail-content-BvlAGqWd.js                       3.90 kB │ gzip:   1.61 kB
#12 16.06 dist/assets/print-CWB-AvEv.js                                      4.13 kB │ gzip:   1.66 kB
#12 16.06 dist/assets/Match-CkwEZkRF.js                                      4.38 kB │ gzip:   1.72 kB
#12 16.06 dist/assets/product.model-qD7dlDsz.js                              4.40 kB │ gzip:   2.01 kB
#12 16.06 dist/assets/new-DQjf1bhJ.js                                        4.49 kB │ gzip:   1.96 kB
#12 16.06 dist/assets/overview-phXehixA.js                                   4.75 kB │ gzip:   1.92 kB
#12 16.06 dist/assets/_workId-SQj6ATYG.js                                    4.75 kB │ gzip:   2.43 kB
#12 16.06 dist/assets/insights.model-BcoUu8xH.js                             4.77 kB │ gzip:   2.51 kB
#12 16.06 dist/assets/insight-filters-CyrFl58l.js                            4.84 kB │ gzip:   2.40 kB
#12 16.06 dist/assets/lazyRouteComponent-Bn0Wo6kM.js                         4.88 kB │ gzip:   1.75 kB
#12 16.06 dist/assets/settings.prompts-DeBfaxru.js                           4.92 kB │ gzip:   2.42 kB
#12 16.06 dist/assets/issues-DgGakda5.js                                     5.10 kB │ gzip:   2.13 kB
#12 16.06 dist/assets/_productId_.facts_.versions-BtS5aM5t.js                5.26 kB │ gzip:   2.36 kB
#12 16.06 dist/assets/composite-B4phzyJg.js                                  5.88 kB │ gzip:   2.28 kB
#12 16.06 dist/assets/articles-BQUcG9zD.js                                   5.96 kB │ gzip:   2.41 kB
#12 16.06 dist/assets/geo-evidence-upload-DE-H0KnK.js                        6.15 kB │ gzip:   2.67 kB
#12 16.06 dist/assets/client-_ADlmVAQ.js                                     6.60 kB │ gzip:   2.57 kB
#12 16.06 dist/assets/principal-epoch-1sT-YUbO.js                            6.87 kB │ gzip:   2.33 kB
#12 16.06 dist/assets/globalFilteringFeature-NXjS5Igf.js                     6.95 kB │ gzip:   1.98 kB
#12 16.06 dist/assets/plans.api-Cdn63yi0.js                                  7.47 kB │ gzip:   3.16 kB
#12 16.06 dist/assets/_app-Ds4aqZfw.js                                       7.72 kB │ gzip:   2.58 kB
#12 16.06 dist/assets/_platformId-2x3Rcxyv.js                                7.74 kB │ gzip:   3.47 kB
#12 16.06 dist/assets/insights.api-CR4m0yzd.js                               7.79 kB │ gzip:   2.67 kB
#12 16.06 dist/assets/QueryClientProvider-Bi8hvFQP.js                        7.81 kB │ gzip:   3.04 kB
#12 16.06 dist/assets/product.api-D0RTVfAz.js                                7.94 kB │ gzip:   2.60 kB
#12 16.06 dist/assets/_productId_.facts_.versions_._versionId-BFiXsrwf.js    8.18 kB │ gzip:   2.62 kB
#12 16.06 dist/assets/geo-rules-DbduRmU3.js                                  8.38 kB │ gzip:   3.62 kB
#12 16.06 dist/assets/jsx-runtime-B-hcVAMW.js                                8.55 kB │ gzip:   3.26 kB
#12 16.06 dist/assets/x-BvDR95je.js                                          8.72 kB │ gzip:   3.14 kB
#12 16.06 dist/assets/questions-DrD6Ikat.js                                  8.80 kB │ gzip:   3.89 kB
#12 16.06 dist/assets/new-DLVjzQGj.js                                        8.99 kB │ gzip:   3.80 kB
#12 16.06 dist/assets/geo-entities-D2DhHn-9.js                               9.09 kB │ gzip:   3.63 kB
#12 16.06 dist/assets/products-DzdjuBmm.js                                   9.24 kB │ gzip:   3.71 kB
#12 16.06 dist/assets/tasks-BmH1B7Fi.js                                      9.26 kB │ gzip:   3.57 kB
#12 16.06 dist/assets/platform.api-CuEJufEy.js                               9.71 kB │ gzip:   3.25 kB
#12 16.06 dist/assets/geo-insights-report-DFBRBKes.js                       10.34 kB │ gzip:   2.88 kB
#12 16.06 dist/assets/opportunities-kojElBEA.js                             10.66 kB │ gzip:   4.34 kB
#12 16.06 dist/assets/versions_._versionId-GfGX4B-r.js                      12.02 kB │ gzip:   3.81 kB
#12 16.06 dist/assets/tabs-vaypG_9s.js                                      12.50 kB │ gzip:   4.72 kB
#12 16.06 dist/assets/system.audit-DKgI9BrZ.js                              12.54 kB │ gzip:   4.38 kB
#12 16.06 dist/assets/observations-CQ02Vgvr.js                              12.54 kB │ gzip:   4.87 kB
#12 16.06 dist/assets/content-task-lifecycle-89fQledf.js                    12.58 kB │ gzip:   4.70 kB
#12 16.06 dist/assets/system.users-NcvvOzAT.js                              12.93 kB │ gzip:   5.51 kB
#12 16.06 dist/assets/insights-DvBTzzOB.js                                  13.42 kB │ gzip:   4.92 kB
#12 16.06 dist/assets/runs-DIo1eyCs.js                                      13.62 kB │ gzip:   5.10 kB
#12 16.06 dist/assets/route-auk63WBY.js                                     14.07 kB │ gzip:   5.29 kB
#12 16.06 dist/assets/report-page-FTIt6isP.js                               14.11 kB │ gzip:   4.41 kB
#12 16.06 dist/assets/geo-rules-DMHGG96b.js                                 14.20 kB │ gzip:   5.36 kB
#12 16.06 dist/assets/_taskId-C3DYM5jb.js                                   14.87 kB │ gzip:   4.62 kB
#12 16.06 dist/assets/content.api-BGHiDDkr.js                               14.90 kB │ gzip:   4.32 kB
#12 16.06 dist/assets/_productId_.facts_.review-Ddh302I4.js                 15.87 kB │ gzip:   5.65 kB
#12 16.06 dist/assets/work-Bfce10PJ.js                                      15.92 kB │ gzip:   5.20 kB
#12 16.06 dist/assets/publication.api-sh3tbw09.js                           16.20 kB │ gzip:   4.80 kB
#12 16.06 dist/assets/_articleId-BD4X2ot1.js                                16.27 kB │ gzip:   5.43 kB
#12 16.06 dist/assets/useQuery-C44PsoTH.js                                  16.32 kB │ gzip:   5.47 kB
#12 16.06 dist/assets/insight-page-frame-B-AfcAyE.js                        16.34 kB │ gzip:   5.28 kB
#12 16.06 dist/assets/settings.platforms.types-D8IUGiYs.js                  16.45 kB │ gzip:   5.93 kB
#12 16.06 dist/assets/new-CpO3xnY-.js                                       16.97 kB │ gzip:   6.06 kB
#12 16.06 dist/assets/platforms-DOZKJZUR.js                                 17.07 kB │ gzip:   6.18 kB
#12 16.06 dist/assets/auth-provider-CNeVepFu.js                             17.09 kB │ gzip:   6.21 kB
#12 16.06 dist/assets/_productId_.facts-Dt-gY6TK.js                         17.36 kB │ gzip:   5.84 kB
#12 16.06 dist/assets/_taskId_.review-DTn-3au7.js                           17.51 kB │ gzip:   6.08 kB
#12 16.06 dist/assets/settings.ai-CSIXX32H.js                               17.54 kB │ gzip:   6.33 kB
#12 16.06 dist/assets/_productId-Dbyh52h5.js                                17.59 kB │ gzip:   5.90 kB
#12 16.06 dist/assets/row-actions-CtDv_Jzk.js                               17.90 kB │ gzip:   6.59 kB
#12 16.06 dist/assets/_observationId-C_Ls3x79.js                            18.05 kB │ gzip:   5.76 kB
#12 16.06 dist/assets/geo.api-J5MXiHLa.js                                   18.53 kB │ gzip:   5.93 kB
#12 16.06 dist/assets/geo-surfaces-luDuZZgJ.js                              18.81 kB │ gzip:   6.98 kB
#12 16.06 dist/assets/link-fIRZfHzN.js                                      19.54 kB │ gzip:   7.58 kB
#12 16.06 dist/assets/_issueId-CeArhxQx.js                                  19.62 kB │ gzip:   6.52 kB
#12 16.06 dist/assets/topics-DmPIKj_Q.js                                    20.02 kB │ gzip:   7.06 kB
#12 16.06 dist/assets/audit.model-m-L31Pqy.js                               20.06 kB │ gzip:   6.30 kB
#12 16.06 dist/assets/ai-channel-workspace.model-B10ttWwq.js                20.72 kB │ gzip:   6.32 kB
#12 16.06 dist/assets/_observationId_.correct-CzaC_vYc.js                   24.46 kB │ gzip:   8.26 kB
#12 16.06 dist/assets/answers-BBaRCPkJ.js                                   28.41 kB │ gzip:   7.96 kB
#12 16.06 dist/assets/_workId-BXrjkdpt.js                                   28.55 kB │ gzip:   8.91 kB
#12 16.06 dist/assets/questions-Ch7wuSeX.js                                 28.85 kB │ gzip:   9.24 kB
#12 16.06 dist/assets/select-DsSUi9Gq.js                                    30.10 kB │ gzip:  10.91 kB
#12 16.06 dist/assets/settings.prompts-DZfVKCLz.js                          30.84 kB │ gzip:   9.99 kB
#12 16.06 dist/assets/system.users-Ccgk9Wq4.js                              31.04 kB │ gzip:   9.76 kB
#12 16.06 dist/assets/geo-entities-oL2RDGMJ.js                              35.34 kB │ gzip:  10.94 kB
#12 16.06 dist/assets/icon-button-Bxa6UtYP.js                               36.26 kB │ gzip:  12.08 kB
#12 16.06 dist/assets/providers-CYDlDb8L.js                                 36.34 kB │ gzip:  10.82 kB
#12 16.06 dist/assets/column-header-c_YlEOmS.js                             36.45 kB │ gzip:  11.43 kB
#12 16.06 dist/assets/ToolbarRootContext-CN-irB6A.js                        36.62 kB │ gzip:  14.02 kB
#12 16.06 dist/assets/geo-surfaces-CoxsFplb.js                              37.44 kB │ gzip:  11.53 kB
#12 16.06 dist/assets/index.esm-CDk9jdcJ.js                                 37.59 kB │ gzip:  13.14 kB
#12 16.06 dist/assets/_taskId_.editor-U1Asqio-.js                           37.93 kB │ gzip:  11.55 kB
#12 16.06 dist/assets/_platformId-BSUG4AV7.js                               38.94 kB │ gzip:  11.59 kB
#12 16.06 dist/assets/createLucideIcon-pPx8KOBR.js                          39.80 kB │ gzip:  14.03 kB
#12 16.06 dist/assets/button-BZhX1_Og.js                                    40.12 kB │ gzip:  13.54 kB
#12 16.06 dist/assets/route-CSXiPWtF.js                                     43.48 kB │ gzip:  15.61 kB
#12 16.06 dist/assets/settings.ai_._channelId-DWuBiyck.js                   49.69 kB │ gzip:  13.69 kB
#12 16.06 dist/assets/plans-1p-tcN5q.js                                     50.94 kB │ gzip:  15.79 kB
#12 16.06 dist/assets/opportunities-CPPM60Nk.js                             61.09 kB │ gzip:  16.46 kB
#12 16.06 dist/assets/schemas-ClPIUbR7.js                                   69.76 kB │ gzip:  18.62 kB
#12 16.06 dist/assets/runs-DTFcdEtk.js                                      95.05 kB │ gzip:  27.29 kB
#12 16.06 dist/assets/index-BCax8Rgr.js                                    189.11 kB │ gzip:  60.52 kB
#12 16.06 dist/assets/markdown-editor-xnAd9S_d.js                          729.88 kB │ gzip: 245.01 kB
#12 16.06 
#12 16.06 [plugin builtin:vite-reporter] 
#12 16.06 (!) Some chunks are larger than 500 kB after minification. Consider:
#12 16.06 - Using dynamic import() to code-split the application
#12 16.06 - Use build.rolldownOptions.output.codeSplitting to improve chunking: https://rolldown.rs/reference/OutputOptions.codeSplitting
#12 16.06 - Adjust chunk size limit for this warning via build.chunkSizeWarningLimit.
#12 16.06 ✓ built in 939ms
#12 16.09 npm notice
#12 16.09 npm notice New major version of npm available! 10.9.9 -> 12.2.0
#12 16.09 npm notice Changelog: https://github.com/npm/cli/releases/tag/v12.2.0
#12 16.09 npm notice To update run: npm install -g npm@12.2.0
#12 16.09 npm notice
#12 DONE 16.1s

#6 [stage-2 1/3] FROM docker.io/library/nginx:1.27-alpine@sha256:65645c7bb6a0661892a8b03b89d0743208a18dd2f3f17a54ef4b76fb8e2f2a10
#6 CACHED

#13 [stage-2 2/3] COPY --from=build /app/dist /usr/share/nginx/html
#13 DONE 0.0s

#14 [stage-2 3/3] COPY nginx.conf /etc/nginx/conf.d/default.conf
#14 DONE 0.0s

#15 exporting to image
#15 exporting layers 0.1s done
#15 exporting manifest sha256:db863c94276cd2840169c2c20229f2e302f0b6ac37f6c502796327adc64b6d30 done
#15 exporting config sha256:717c63027bf0783886eb34e87b559cf4a603252cf257514dd7496b2dd7ac7714 done
#15 exporting attestation manifest sha256:e220e20fed6a88eea81539ae007221ed368852bb72427a1f2a00a90f88d71cb3 done
#15 exporting manifest list sha256:d82e9f9e154f2cd35aa3835691bdc83514bd7fdaaa690ba89b015924539e8123
#15 exporting manifest list sha256:d82e9f9e154f2cd35aa3835691bdc83514bd7fdaaa690ba89b015924539e8123 done
#15 naming to docker.io/library/partsignal-frontend-v2:test done
#15 unpacking to docker.io/library/partsignal-frontend-v2:test 0.0s done
#15 DONE 0.1s
docker build -f backend/Dockerfile -t partsignal-backend:test backend
#0 building with "colima" instance using docker driver

#1 [internal] load build definition from Dockerfile
#1 transferring dockerfile: 594B done
#1 DONE 0.0s

#2 [internal] load metadata for docker.io/library/python:3.12-slim
#2 ...

#3 [auth] astral-sh/uv:pull token for ghcr.io
#3 DONE 0.0s

#4 [internal] load metadata for ghcr.io/astral-sh/uv:0.7.13
#4 DONE 1.8s

#2 [internal] load metadata for docker.io/library/python:3.12-slim
#2 DONE 2.0s

#5 [internal] load .dockerignore
#5 transferring context: 152B done
#5 DONE 0.0s

#6 FROM ghcr.io/astral-sh/uv:0.7.13@sha256:6c1e19020ec221986a210027040044a5df8de762eb36d5240e382bc41d7a9043
#6 resolve ghcr.io/astral-sh/uv:0.7.13@sha256:6c1e19020ec221986a210027040044a5df8de762eb36d5240e382bc41d7a9043 0.0s done
#6 DONE 0.0s

#7 [runtime 1/7] FROM docker.io/library/python:3.12-slim@sha256:02108f5d322dd89f1c9e552442c25acb0543dfdbc455693a5599624f20d9155d
#7 resolve docker.io/library/python:3.12-slim@sha256:02108f5d322dd89f1c9e552442c25acb0543dfdbc455693a5599624f20d9155d 0.0s done
#7 DONE 0.0s

#8 [internal] load build context
#8 transferring context: 11.58MB 0.1s done
#8 DONE 0.1s

#9 [runtime 2/7] WORKDIR /app
#9 CACHED

#10 [runtime 3/7] COPY --from=ghcr.io/astral-sh/uv:0.7.13 /uv /uvx /bin/
#10 CACHED

#11 [runtime 4/7] COPY pyproject.toml uv.lock* ./
#11 CACHED

#12 [runtime 5/7] RUN uv sync --no-dev --no-install-project
#12 CACHED

#13 [runtime 6/7] COPY . .
#13 DONE 0.2s

#14 [runtime 7/7] RUN uv sync --no-dev
#14 0.135 Resolved 88 packages in 1ms
#14 0.136    Building partsignal-backend @ file:///app
#14 3.303       Built partsignal-backend @ file:///app
#14 3.303 Prepared 1 package in 3.16s
#14 3.305 Installed 1 package in 1ms
#14 3.502 Bytecode compiled 2466 files in 197ms
#14 3.502  + partsignal-backend==0.1.0 (from file:///app)
#14 DONE 3.5s

#15 exporting to image
#15 exporting layers
#15 exporting layers 0.7s done
#15 exporting manifest sha256:a4f1595d13b971b2182d7a404966d1b8dc38f9ee6ce7eb8f63be05abf1e6dbe9 done
#15 exporting config sha256:7f3b1952bc36c36b964268b68aecc79c5bf68fcc176258be4b472f7ceec4232b done
#15 exporting attestation manifest sha256:b8110f84a8e1eb2e80f1133424d16dc2781ef42688dd4e4b5b65ae0433d2d4e7 done
#15 exporting manifest list sha256:f6124696cb8552bc556013b97430d559fccc6c16b0f3d6d76235c662cc108d5a done
#15 naming to docker.io/library/partsignal-backend:test done
#15 unpacking to docker.io/library/partsignal-backend:test
#15 unpacking to docker.io/library/partsignal-backend:test 0.2s done
#15 DONE 0.9s
PARTSIGNAL_E2E_GEO_MODE= PARTSIGNAL_E2E_SPEC= deploy/scripts/e2e-local.sh
E2E_SECRET_REGISTRATION status=ready
INFO  [alembic.runtime.migration] Context impl PostgresqlImpl.
INFO  [alembic.runtime.migration] Will assume transactional DDL.
INFO  [alembic.runtime.migration] Running upgrade  -> 0001_identity_audit, 创建身份、会话和审计表。
INFO  [alembic.runtime.migration] Running upgrade 0001_identity_audit -> 0002_product_facts, 创建规范化产品事实和不可变事实版本。
INFO  [alembic.runtime.migration] Running upgrade 0002_product_facts -> 0003_content_planning, 创建目标问题、平台规则版本和内容任务。
INFO  [alembic.runtime.migration] Running upgrade 0003_content_planning -> 0004_content_production, 创建 PostgreSQL 权威生成作业和不可变 Markdown 内容版本。
INFO  [alembic.runtime.migration] Running upgrade 0004_content_production -> 0005_content_review, 创建追加式内容审核记录。
INFO  [alembic.runtime.migration] Running upgrade 0005_content_review -> 0006_publication, 创建平台账号、人工发布记录和状态事件。
INFO  [alembic.runtime.migration] Running upgrade 0006_publication -> 0007_geo_observation, 创建追加式 GEO 观测及引用关联。
INFO  [alembic.runtime.migration] Running upgrade 0007_geo_observation -> 0008_files, 创建文件生命周期、附件关联并补加证据文件外键。
INFO  [alembic.runtime.migration] Running upgrade 0008_files -> 0009_config_center, 迁移账号类型、配置中心与真实 AI 生成字段。
INFO  [alembic.runtime.migration] Running upgrade 0009_config_center -> 0010_user_cleanup, 清理旧版职责账号并强制既有内容工程师改密。
INFO  [alembic.runtime.migration] Running upgrade 0010_user_cleanup -> 0011_generation_reliability, 增加生成作业补投递诊断字段与到期扫描索引。
INFO  [alembic.runtime.migration] Running upgrade 0011_generation_reliability -> 0012_ai_data_classification, 为生成输入增加显式数据分级与责任人记录。
INFO  [alembic.runtime.migration] Running upgrade 0012_ai_data_classification -> 0013_publication_closure, 增加发布异常待办、修复任务来源和发布平台一致性门禁。
INFO  [alembic.runtime.migration] Running upgrade 0013_publication_closure -> 0014_platform_prompt_ownership, 将当前 Prompt 所有权从平台类型迁移到具体平台。
INFO  [alembic.runtime.migration] Running upgrade 0014_platform_prompt_ownership -> 0015_platform_rule_draft_editing, 允许按修订号编辑平台规则草稿，并继续冻结已激活或退役正文。
INFO  [alembic.runtime.migration] Running upgrade 0015_platform_rule_draft_editing -> 0016_fact_review_cleanup, 允许受约束删除事实版本时清理其从属审核记录。
INFO  [alembic.runtime.migration] Running upgrade 0016_fact_review_cleanup -> 0017_content_humanization, 增加全局自然化 Prompt，并让现有 AI 作业承载自然化修订。
INFO  [alembic.runtime.migration] Running upgrade 0017_content_humanization -> 0018_manual_geo_observation, 增加产品级人工 GEO 观测，并保留旧模型观测历史。
INFO  [alembic.runtime.migration] Running upgrade 0018_manual_geo_observation -> 0019_product_driven_tasks, 允许新内容任务直接围绕产品创建，同时保留历史目标问题关联。
INFO  [alembic.runtime.migration] Running upgrade 0019_product_driven_tasks -> 0020_platform_branding_task_list, 为具体平台增加官网与单一来源 Logo。
INFO  [alembic.runtime.migration] Running upgrade 0020_platform_branding_task_list -> 0021_ai_channel_model_management, 补齐 AI 渠道身份字段与使用统计索引。
INFO  [alembic.runtime.migration] Running upgrade 0021_ai_channel_model_management -> 0022_geo_observation_insights, 补充人工 GEO 逐篇阶段事实与问题主题约束。
INFO  [alembic.runtime.migration] Running upgrade 0022_geo_observation_insights -> 0023_platform_management, 增加具体平台启停状态与管理聚合索引。
INFO  [alembic.runtime.migration] Running upgrade 0023_platform_management -> 0024_audit_outcome, 补齐审计模块、命令结果和安全结果说明。
INFO  [alembic.runtime.migration] Running upgrade 0024_audit_outcome -> 0025_markdown_facts, 将结构化产品事实收敛为 Markdown，并让内容任务直接绑定平台。
INFO  [alembic.runtime.migration] Running upgrade 0025_markdown_facts -> 0026_publication_account_dedup, 补齐发布账号修订约束，并阻止同平台规范化账号标识重复。
INFO  [alembic.runtime.migration] Running upgrade 0026_publication_account_dedup -> 0027_audit_user_delete_guard, 只允许受约束用户删除把匹配审计操作者置空。
INFO  [alembic.runtime.migration] Running upgrade 0027_audit_user_delete_guard -> 0028_platform_logo_lifecycle, 增加平台 Logo 的未引用保留、幂等删除状态与数据库门禁。
INFO  [alembic.runtime.migration] Running upgrade 0028_platform_logo_lifecycle -> 0029_geo_evidence_management, 收敛人工 GEO 独立事实，并为完整更正链删除增加事务门禁。
INFO  [alembic.runtime.migration] Running upgrade 0029_geo_evidence_management -> 0030_publication_record_delete, 为从未公开的发布聚合增加事务级受控删除门禁。
INFO  [alembic.runtime.migration] Running upgrade 0030_publication_record_delete -> 0031_reusable_platform_prompts, 把平台私有 Prompt 收敛为可复用模板和平台当前绑定。
INFO  [alembic.runtime.migration] Running upgrade 0031_reusable_platform_prompts -> 0032_content_task_idempotency, 为普通内容任务创建增加持久化请求键幂等约束。
INFO  [alembic.runtime.migration] Running upgrade 0032_content_task_idempotency -> 0033_task_owned_history_delete, 允许受控删除已取消任务自有的未批准生产历史。
INFO  [alembic.runtime.migration] Running upgrade 0033_task_owned_history_delete -> 0034_publication_redesign, 以发布工作、首次核验成果和发布后内容问题替换旧发布记录。
INFO  [alembic.runtime.migration] Running upgrade 0034_publication_redesign -> 0035_business_workflow, 建立事实提交、内容单主线、发布版本快照与 GEO 来源合同。
INFO  [alembic.runtime.migration] Running upgrade 0035_business_workflow -> 0036_remove_section_url, 删除没有稳定业务含义的发布栏目地址。
INFO  [alembic.runtime.migration] Running upgrade 0036_remove_section_url -> 0037_simplify_deletion_lifecycle, 收缩任务、配置与审计的删除生命周期。
INFO  [alembic.runtime.migration] Running upgrade 0037_simplify_deletion_lifecycle -> 0038_published_article_delete, 允许受控删除无 GEO 引用的发布成果聚合。
INFO  [alembic.runtime.migration] Running upgrade 0038_published_article_delete -> 0039_article_delete_platform, 允许归档任务在删除失效平台的发布成果后转为已取消。
INFO  [alembic.runtime.migration] Running upgrade 0039_article_delete_platform -> 0040_content_draft_management, 允许当前人工未审核草稿受控保存和彻底删除。
INFO  [alembic.runtime.migration] Running upgrade 0040_content_draft_management -> 0041_content_task_list, 补齐内容任务列表的稳定更新时间与排序索引。
INFO  [alembic.runtime.migration] Running upgrade 0041_content_task_list -> 0042_content_version_detail, 记录内容版本自身的真实更新时间。
INFO  [alembic.runtime.migration] Running upgrade 0042_content_version_detail -> 0043_geo_platform_identity, 冻结发布工作的平台 UUID，避免配置删除后 GEO 历史失去身份。
INFO  [alembic.runtime.migration] Running upgrade 0043_geo_platform_identity -> 0044_geo_catalog, 新增 GEO Catalog 三表；冻结本 revision，不读取运行时 ORM。
INFO  [alembic.runtime.migration] Running upgrade 0044_geo_catalog -> 0045_geo_prompt_variants, 仅新增问题变体，冻结规范化及历史锁存，不回填旧问题数组。
INFO  [alembic.runtime.migration] Running upgrade 0045_geo_prompt_variants -> 0046_geo_surfaces_profiles, 新增观测配置与闭合JSON合同；不回填旧GEO或实现运行资格。
INFO  [alembic.runtime.migration] Running upgrade 0046_geo_surfaces_profiles -> 0047_geo_monitoring_plans, 仅增加计划配置聚合；不创建批次、运行或改写历史观测。
INFO  [alembic.runtime.migration] Running upgrade 0047_geo_monitoring_plans -> 0048_geo_batches_runs, 新增独立回答级 Batch/Run，冻结 DDL 与快照/写入守卫，不迁移旧 GEO。
INFO  [alembic.runtime.migration] Running upgrade 0048_geo_batches_runs -> 0049_geo_batch_creation, 创建幂等与批次主体引用；不修改已冻结的 Batch/Run 输入。
INFO  [alembic.runtime.migration] Running upgrade 0049_geo_batch_creation -> 0050_geo_answer_evidence, 新增不可变原始回答、引用和受控文件关系；不实现采集命令。
INFO  [alembic.runtime.migration] Running upgrade 0050_geo_answer_evidence -> 0051_geo_manual_collection, 人工草稿和不可变提交身份；不回填或修改已提交证据。
INFO  [alembic.runtime.migration] Running upgrade 0051_geo_manual_collection -> 0052_geo_profile_tests, API Profile 当前诊断资格与依赖失效；不修改业务历史。
INFO  [alembic.runtime.migration] Running upgrade 0052_geo_profile_tests -> 0053_geo_collection_admission, 加法保存预算预留与发送限速事实，历史 Run 和原始证据保持不变。
INFO  [alembic.runtime.migration] Running upgrade 0053_geo_collection_admission -> 0054_geo_analysis_contract, 分析输入/结果、追加复核与限定 current pointer；不回填历史证据。
INFO  [alembic.runtime.migration] Running upgrade 0054_geo_analysis_contract -> 0055_geo_analysis_worker, 分析执行租约与引用结果；不回填或重写已有 revision。
INFO  [alembic.runtime.migration] Running upgrade 0055_geo_analysis_worker -> 0056_geo_run_review, 受控人工复核发布；历史机器结果与Review不回填、不改写。
INFO  [alembic.runtime.migration] Running upgrade 0056_geo_run_review -> 0057_geo_insight_indexes, GEO-607：洞察日期候选索引，不改变历史数据或业务约束。
INFO  [alembic.runtime.migration] Running upgrade 0057_geo_insight_indexes -> 0058_geo_rule_configuration, GEO-701：当前规则配置和不可变 revision 历史，不回填既有评估。
INFO  [alembic.runtime.migration] Running upgrade 0058_geo_rule_configuration -> 0059_geo_opportunities, GEO-702：机会、追加来源/行动/评估及真实 Batch 来源外键。
INFO  [alembic.runtime.migration] Running upgrade 0059_geo_opportunities -> 0060_geo_opportunity_actions, GEO-704：行动来源快照、幂等回执与目标生命周期保护。
INFO  [alembic.runtime.migration] Running upgrade 0060_geo_opportunity_actions -> 0061_geo_retests, GEO-705：严格复测冻结基线、幂等回执和提交时矩阵验证。
INFO  [alembic.runtime.migration] Running upgrade 0061_geo_retests -> 0062_geo_opportunity_decisions, GEO-706：加法保存显式处理和不可变比较证据，不回填历史。

> partsignal-frontend-v2@0.1.0 build
> tsc -b && vite build --config vite.config.ts

vite v8.2.1 building client environment for production...
[2Ktransforming...✓ 3005 modules transformed.
rendering chunks...
computing gzip size...
dist/index.html                                                    0.57 kB │ gzip:   0.34 kB
dist/assets/index-Btqa2CjT.css                                    83.46 kB │ gzip:  14.39 kB
dist/assets/queryOptions-Dfvzj6n2.js                               0.03 kB │ gzip:   0.05 kB
dist/assets/route-5zGdn2Pu.js                                      0.07 kB │ gzip:   0.08 kB
dist/assets/route-AFUjE5vR.js                                      0.07 kB │ gzip:   0.08 kB
dist/assets/route-Bdkyf40J.js                                      0.07 kB │ gzip:   0.08 kB
dist/assets/route-BnOgN25L.js                                      0.07 kB │ gzip:   0.08 kB
dist/assets/route-CACU0Ncw.js                                      0.07 kB │ gzip:   0.08 kB
dist/assets/route-CAUin8c-.js                                      0.07 kB │ gzip:   0.08 kB
dist/assets/route-CtPZVZSG.js                                      0.07 kB │ gzip:   0.08 kB
dist/assets/route-DM9PFocW.js                                      0.07 kB │ gzip:   0.08 kB
dist/assets/route-DZLPx2O5.js                                      0.07 kB │ gzip:   0.08 kB
dist/assets/route-Dfp-b3_F.js                                      0.07 kB │ gzip:   0.08 kB
dist/assets/route-DrhND8Ss.js                                      0.07 kB │ gzip:   0.08 kB
dist/assets/route-DwBi_ZMu.js                                      0.07 kB │ gzip:   0.08 kB
dist/assets/route-SgbaIUWS.js                                      0.07 kB │ gzip:   0.08 kB
dist/assets/route-Tim3UNye.js                                      0.07 kB │ gzip:   0.08 kB
dist/assets/coerce-DdB2QyS1.js                                     0.08 kB │ gzip:   0.10 kB
dist/assets/isElementDisabled-KSuuBj8D.js                          0.11 kB │ gzip:   0.11 kB
dist/assets/not-found-i5RsCZif.js                                  0.11 kB │ gzip:   0.11 kB
dist/assets/chevron-right-CV2TPTVt.js                              0.13 kB │ gzip:   0.14 kB
dist/assets/canonical-uuid-CGKHezXS.js                             0.13 kB │ gzip:   0.13 kB
dist/assets/matchContext-B0YTMpvO.js                               0.16 kB │ gzip:   0.14 kB
dist/assets/settings.ai-CipVaq6G.js                                0.21 kB │ gzip:   0.20 kB
dist/assets/geo-rules-BWrkKy45.js                                  0.21 kB │ gzip:   0.20 kB
dist/assets/_taskId_.editor-_qjLAkbp.js                            0.22 kB │ gzip:   0.20 kB
dist/assets/_taskId_.review-zeX8OAEE.js                            0.22 kB │ gzip:   0.20 kB
dist/assets/route-DFljbmbX.js                                      0.22 kB │ gzip:   0.20 kB
dist/assets/system.audit-qBeF2bb1.js                               0.22 kB │ gzip:   0.20 kB
dist/assets/system.users-0TM8kiXu.js                               0.22 kB │ gzip:   0.20 kB
dist/assets/settings.prompts-9jQdIs2s.js                           0.22 kB │ gzip:   0.20 kB
dist/assets/print-DcgqoyBf.js                                      0.22 kB │ gzip:   0.18 kB
dist/assets/_taskId-Vsd3-0WC.js                                    0.22 kB │ gzip:   0.21 kB
dist/assets/settings.platforms.types-C4NjYBws.js                   0.22 kB │ gzip:   0.21 kB
dist/assets/versions_._versionId-BW6wP3pa.js                       0.22 kB │ gzip:   0.21 kB
dist/assets/_platformId-BeKfjBVf.js                                0.22 kB │ gzip:   0.20 kB
dist/assets/settings.ai_._channelId-Z_MUrH5D.js                    0.22 kB │ gzip:   0.20 kB
dist/assets/_observationId-B3QjNhkV.js                             0.23 kB │ gzip:   0.21 kB
dist/assets/useControlled-DMK4Pb-8.js                              0.24 kB │ gzip:   0.21 kB
dist/assets/skeleton-Ged3Zc9T.js                                   0.24 kB │ gzip:   0.20 kB
dist/assets/table-shell-BGuXgMNH.js                                0.33 kB │ gzip:   0.24 kB
dist/assets/usePopupHandleStore-BirVG9ro.js                        0.35 kB │ gzip:   0.25 kB
dist/assets/reports-3DHotDam.js                                    0.42 kB │ gzip:   0.29 kB
dist/assets/table-toolbar-JNNhOzlg.js                              0.42 kB │ gzip:   0.27 kB
dist/assets/table-skeleton-G-FjuOli.js                             0.45 kB │ gzip:   0.35 kB
dist/assets/route-error-Bl0menBv.js                                0.46 kB │ gzip:   0.31 kB
dist/assets/_productId-Cu3oT6KN.js                                 0.49 kB │ gzip:   0.35 kB
dist/assets/_productId_.facts-C-S7KVKf.js                          0.50 kB │ gzip:   0.36 kB
dist/assets/_productId_.facts_.versions_._versionId-996oc21h.js    0.50 kB │ gzip:   0.36 kB
dist/assets/_productId_.facts_.review-CtF33cCX.js                  0.50 kB │ gzip:   0.37 kB
dist/assets/_observationId_.correct-Bk5fKM3m.js                    0.51 kB │ gzip:   0.37 kB
dist/assets/useCompositeItem-BGClVRCY.js                           0.54 kB │ gzip:   0.37 kB
dist/assets/empty-table-DARB4g0g.js                                0.55 kB │ gzip:   0.33 kB
dist/assets/_observationId_.correct-CS_-2eSm.js                    0.58 kB │ gzip:   0.31 kB
dist/assets/content-version.model-BVKgM5xI.js                      0.61 kB │ gzip:   0.43 kB
dist/assets/detail-section-Dm8gVxQG.js                             0.63 kB │ gzip:   0.34 kB
dist/assets/return-to-BzbJXkRi.js                                  0.63 kB │ gzip:   0.39 kB
dist/assets/workbench.api-Cm9VqJUK.js                              0.71 kB │ gzip:   0.46 kB
dist/assets/route-Do6Dxmmm.js                                      0.72 kB │ gzip:   0.50 kB
dist/assets/geo-rules-DArnc-nV.js                                  0.83 kB │ gzip:   0.56 kB
dist/assets/textarea-CPcbKIlY.js                                   0.83 kB │ gzip:   0.43 kB
dist/assets/timeline-BSjJ8olh.js                                   0.94 kB │ gzip:   0.49 kB
dist/assets/form-field-B911B1W8.js                                 0.98 kB │ gzip:   0.54 kB
dist/assets/rowSortingFeature-D30xF4v4.js                          1.02 kB │ gzip:   0.49 kB
dist/assets/geo-observation-actions-C2i_qn8N.js                    1.09 kB │ gzip:   0.67 kB
dist/assets/print-Ck_UkRqr.js                                      1.20 kB │ gzip:   0.67 kB
dist/assets/product-deletion-dialog-CbQExXl9.js                    1.20 kB │ gzip:   0.76 kB
dist/assets/security-C2-XVjav.js                                   1.22 kB │ gzip:   0.65 kB
dist/assets/filter-bar-DP_OQtoc.js                                 1.23 kB │ gzip:   0.72 kB
dist/assets/new-Dh9EZ7Xi.js                                        1.26 kB │ gzip:   0.73 kB
dist/assets/form-layout-B0Bgsdpq.js                                1.29 kB │ gzip:   0.69 kB
dist/assets/print-B4Uo29Bw.js                                      1.31 kB │ gzip:   0.75 kB
dist/assets/login-B9kCGdag.js                                      1.31 kB │ gzip:   0.71 kB
dist/assets/reports.api-CHeVtd_T.js                                1.39 kB │ gzip:   0.85 kB
dist/assets/file-transfer-bcVkqTxX.js                              1.41 kB │ gzip:   0.83 kB
dist/assets/useBaseUiId-C9V7pCeo.js                                1.42 kB │ gzip:   0.80 kB
dist/assets/table-pagination-CF8MeQLT.js                           1.48 kB │ gzip:   0.81 kB
dist/assets/auth-page-frame-DoVKxoBO.js                            1.49 kB │ gzip:   0.74 kB
dist/assets/badge-DofVsWMx.js                                      1.57 kB │ gzip:   0.70 kB
dist/assets/audit.api-CJdaHu1x.js                                  1.62 kB │ gzip:   0.76 kB
dist/assets/sticky-action-bar-CoI46L3O.js                          1.62 kB │ gzip:   0.86 kB
dist/assets/versions_._versionId-D8KGaITr.js                       1.72 kB │ gzip:   0.89 kB
dist/assets/_productId_.facts_.versions_._versionId-F7GfHp_3.js    1.77 kB │ gzip:   0.89 kB
dist/assets/workspace-shell-C1jNJfH1.js                            1.77 kB │ gzip:   0.83 kB
dist/assets/reports-DZCQ8Jwj.js                                    1.77 kB │ gzip:   0.98 kB
dist/assets/insights-DvPD-lj-.js                                   1.82 kB │ gzip:   0.98 kB
dist/assets/articles-BMMW_7pa.js                                   1.83 kB │ gzip:   0.97 kB
dist/assets/_articleId-K5_vNtBt.js                                 1.96 kB │ gzip:   1.09 kB
dist/assets/_productId_.facts_.versions-B9JJgdES.js                1.97 kB │ gzip:   1.06 kB
dist/assets/new-Bbb_dYqk.js                                        1.97 kB │ gzip:   1.07 kB
dist/assets/catalog-controls-Dsp5Sgc3.js                           1.98 kB │ gzip:   0.89 kB
dist/assets/overview-DEtBrQLa.js                                   1.99 kB │ gzip:   1.08 kB
dist/assets/_taskId-Dj0piCpY.js                                    2.00 kB │ gzip:   1.06 kB
dist/assets/issues-DumIlnN7.js                                     2.00 kB │ gzip:   1.05 kB
dist/assets/answers-DZPRu2JS.js                                    2.02 kB │ gzip:   1.09 kB
dist/assets/settings.platforms.types-aOeLSVJj.js                   2.05 kB │ gzip:   1.03 kB
dist/assets/_observationId-DEga7Z5K.js                             2.09 kB │ gzip:   1.08 kB
dist/assets/work-jY25rVpe.js                                       2.11 kB │ gzip:   1.10 kB
dist/assets/new-CjLce5rn.js                                        2.12 kB │ gzip:   1.19 kB
dist/assets/useStore-G3HF39DP.js                                   2.17 kB │ gzip:   0.93 kB
dist/assets/_productId-Dt8G80BX.js                                 2.18 kB │ gzip:   1.12 kB
dist/assets/platforms-Bz6ZZOP2.js                                  2.19 kB │ gzip:   1.14 kB
dist/assets/_taskId_.review-0Xl0AiTK.js                            2.20 kB │ gzip:   1.14 kB
dist/assets/_productId_.facts_.review-DCxOgD6O.js                  2.21 kB │ gzip:   1.13 kB
dist/assets/useRegisterFieldControl-BcstcGLC.js                    2.25 kB │ gzip:   1.07 kB
dist/assets/tasks-CV-yUWIp.js                                      2.25 kB │ gzip:   1.17 kB
dist/assets/_productId_.facts-BGgdbRBw.js                          2.25 kB │ gzip:   1.17 kB
dist/assets/_issueId-DmjYlieh.js                                   2.26 kB │ gzip:   1.24 kB
dist/assets/observations-B76DUYhl.js                               2.28 kB │ gzip:   1.17 kB
dist/assets/_taskId_.editor-DSQmZYir.js                            2.29 kB │ gzip:   1.19 kB
dist/assets/dialog-_BDsJ3QL.js                                     2.33 kB │ gzip:   0.91 kB
dist/assets/plans-D5GZZkVQ.js                                      2.34 kB │ gzip:   1.25 kB
dist/assets/system.audit-BzQ0dP_a.js                               2.35 kB │ gzip:   1.18 kB
dist/assets/topics-BH1CqeNd.js                                     2.38 kB │ gzip:   1.23 kB
dist/assets/input-BctqO2IH.js                                      2.47 kB │ gzip:   1.25 kB
dist/assets/dirty-guard-BVGYRLGl.js                                2.58 kB │ gzip:   1.23 kB
dist/assets/settings.ai-BnwOffys.js                                2.64 kB │ gzip:   1.34 kB
dist/assets/prompt.api-DzGm0lBb.js                                 2.65 kB │ gzip:   1.01 kB
dist/assets/products-drYUWcSp.js                                   2.74 kB │ gzip:   1.41 kB
dist/assets/useCompositeListItem-u8lPl9Q5.js                       3.11 kB │ gzip:   1.41 kB
dist/assets/security-Dg4Up7yY.js                                   3.12 kB │ gzip:   1.52 kB
dist/assets/settings.ai_._channelId-vkihz7NP.js                    3.13 kB │ gzip:   1.56 kB
dist/assets/login-LeSoQtrI.js                                      3.14 kB │ gzip:   1.53 kB
dist/assets/zod-C1u0HXxU.js                                        3.31 kB │ gzip:   1.24 kB
dist/assets/sheet-0BRE6UV0.js                                      3.73 kB │ gzip:   1.45 kB
dist/assets/audit-detail-content-DhXfHoo5.js                       3.90 kB │ gzip:   1.60 kB
dist/assets/print-CSFZ_OYM.js                                      4.13 kB │ gzip:   1.66 kB
dist/assets/Match-CkwEZkRF.js                                      4.38 kB │ gzip:   1.72 kB
dist/assets/product.model-iY9TiiKl.js                              4.40 kB │ gzip:   2.01 kB
dist/assets/new-BBRUZ9D9.js                                        4.49 kB │ gzip:   1.96 kB
dist/assets/overview-bVC9O_AL.js                                   4.75 kB │ gzip:   1.93 kB
dist/assets/_workId-DWpLO-QI.js                                    4.75 kB │ gzip:   2.43 kB
dist/assets/insights.model-Dgm64RZj.js                             4.77 kB │ gzip:   2.51 kB
dist/assets/insight-filters-D7VyBmvG.js                            4.84 kB │ gzip:   2.41 kB
dist/assets/lazyRouteComponent-Cdl6N99Q.js                         4.88 kB │ gzip:   1.75 kB
dist/assets/settings.prompts-C9HOYu9S.js                           4.92 kB │ gzip:   2.42 kB
dist/assets/issues-jScXwL_-.js                                     5.10 kB │ gzip:   2.13 kB
dist/assets/_productId_.facts_.versions-BFamFlm8.js                5.26 kB │ gzip:   2.36 kB
dist/assets/composite-BFXAxcw7.js                                  5.88 kB │ gzip:   2.28 kB
dist/assets/articles-Cb-lCcr7.js                                   5.96 kB │ gzip:   2.41 kB
dist/assets/geo-evidence-upload-rUEFCArq.js                        6.15 kB │ gzip:   2.67 kB
dist/assets/client-C6dNGmfD.js                                     6.59 kB │ gzip:   2.58 kB
dist/assets/principal-epoch-1sT-YUbO.js                            6.87 kB │ gzip:   2.33 kB
dist/assets/globalFilteringFeature-CLA_gh8R.js                     6.95 kB │ gzip:   1.98 kB
dist/assets/plans.api-BZm5Vy7O.js                                  7.47 kB │ gzip:   3.16 kB
dist/assets/_app-Dy44loO9.js                                       7.72 kB │ gzip:   2.58 kB
dist/assets/_platformId-D2zfH9BX.js                                7.74 kB │ gzip:   3.47 kB
dist/assets/insights.api-CSMxGjB2.js                               7.79 kB │ gzip:   2.67 kB
dist/assets/QueryClientProvider-Bi8hvFQP.js                        7.81 kB │ gzip:   3.04 kB
dist/assets/product.api-bW-bfZRy.js                                7.94 kB │ gzip:   2.59 kB
dist/assets/_productId_.facts_.versions_._versionId-B9qfmw58.js    8.18 kB │ gzip:   2.62 kB
dist/assets/geo-rules-CdZRpAsX.js                                  8.38 kB │ gzip:   3.62 kB
dist/assets/jsx-runtime-B-hcVAMW.js                                8.55 kB │ gzip:   3.26 kB
dist/assets/x-Bw71tLeX.js                                          8.72 kB │ gzip:   3.14 kB
dist/assets/questions-HkzA8WG6.js                                  8.80 kB │ gzip:   3.89 kB
dist/assets/new-Dx5KjHo4.js                                        8.99 kB │ gzip:   3.80 kB
dist/assets/geo-entities-BmkIegNQ.js                               9.09 kB │ gzip:   3.63 kB
dist/assets/products-BH1RZUNg.js                                   9.24 kB │ gzip:   3.71 kB
dist/assets/tasks-B-On6saT.js                                      9.26 kB │ gzip:   3.57 kB
dist/assets/platform.api-CH7uJbaP.js                               9.71 kB │ gzip:   3.25 kB
dist/assets/geo-insights-report-ifdevQAm.js                       10.34 kB │ gzip:   2.88 kB
dist/assets/opportunities-BqNWLlp5.js                             10.66 kB │ gzip:   4.34 kB
dist/assets/versions_._versionId-Cl4peNMk.js                      12.02 kB │ gzip:   3.81 kB
dist/assets/tabs-BZel-BBo.js                                      12.50 kB │ gzip:   4.72 kB
dist/assets/system.audit-XYMfbpGF.js                              12.54 kB │ gzip:   4.38 kB
dist/assets/observations-CJyIvhiG.js                              12.54 kB │ gzip:   4.87 kB
dist/assets/content-task-lifecycle-CUi_Gm4L.js                    12.58 kB │ gzip:   4.70 kB
dist/assets/system.users-BN2ZqsTD.js                              12.93 kB │ gzip:   5.51 kB
dist/assets/insights-D8-919WQ.js                                  13.42 kB │ gzip:   4.92 kB
dist/assets/runs-2LEuB8wO.js                                      13.62 kB │ gzip:   5.10 kB
dist/assets/route-Bf73GuRC.js                                     14.07 kB │ gzip:   5.29 kB
dist/assets/report-page-C-H34Wka.js                               14.11 kB │ gzip:   4.41 kB
dist/assets/geo-rules-Bj0Scd8g.js                                 14.20 kB │ gzip:   5.36 kB
dist/assets/_taskId-C2OOo3Ut.js                                   14.87 kB │ gzip:   4.63 kB
dist/assets/content.api-EGW6ElK6.js                               14.90 kB │ gzip:   4.32 kB
dist/assets/_productId_.facts_.review-BIEQlNW6.js                 15.87 kB │ gzip:   5.65 kB
dist/assets/work-Dc7n9fJD.js                                      15.92 kB │ gzip:   5.21 kB
dist/assets/publication.api-CpF7oGQp.js                           16.20 kB │ gzip:   4.80 kB
dist/assets/_articleId-_-Yvxpyz.js                                16.27 kB │ gzip:   5.43 kB
dist/assets/useQuery-C44PsoTH.js                                  16.32 kB │ gzip:   5.47 kB
dist/assets/insight-page-frame-BKbNfwab.js                        16.34 kB │ gzip:   5.29 kB
dist/assets/settings.platforms.types-wZfbYfcm.js                  16.45 kB │ gzip:   5.93 kB
dist/assets/new-CCIinOmM.js                                       16.97 kB │ gzip:   6.06 kB
dist/assets/platforms-DgWGTlFf.js                                 17.07 kB │ gzip:   6.19 kB
dist/assets/auth-provider-B8bISfjO.js                             17.09 kB │ gzip:   6.22 kB
dist/assets/_productId_.facts-Dyq8D74Q.js                         17.36 kB │ gzip:   5.84 kB
dist/assets/_taskId_.review-Bz67AIg4.js                           17.51 kB │ gzip:   6.08 kB
dist/assets/settings.ai-nxzwXblu.js                               17.54 kB │ gzip:   6.33 kB
dist/assets/_productId-B-kEA5hO.js                                17.59 kB │ gzip:   5.91 kB
dist/assets/row-actions-27xtpAbx.js                               17.90 kB │ gzip:   6.59 kB
dist/assets/_observationId-BiZvdZs6.js                            18.05 kB │ gzip:   5.76 kB
dist/assets/geo.api-B_H-pl9I.js                                   18.53 kB │ gzip:   5.93 kB
dist/assets/geo-surfaces-BsvYEn6g.js                              18.81 kB │ gzip:   6.98 kB
dist/assets/link-q1g_2QVr.js                                      19.54 kB │ gzip:   7.58 kB
dist/assets/_issueId-CnIk1z3G.js                                  19.62 kB │ gzip:   6.52 kB
dist/assets/topics-BZHQlQP2.js                                    20.02 kB │ gzip:   7.06 kB
dist/assets/audit.model-CbTuovnZ.js                               20.06 kB │ gzip:   6.30 kB
dist/assets/ai-channel-workspace.model-CHo8GJJU.js                20.72 kB │ gzip:   6.32 kB
dist/assets/_observationId_.correct-BaoMZEuI.js                   24.46 kB │ gzip:   8.25 kB
dist/assets/answers-6C5VuetN.js                                   28.41 kB │ gzip:   7.96 kB
dist/assets/_workId-sZs1j7j-.js                                   28.55 kB │ gzip:   8.91 kB
dist/assets/questions-CXyKVOy9.js                                 28.85 kB │ gzip:   9.24 kB
dist/assets/select-C4fYgqE8.js                                    30.10 kB │ gzip:  10.91 kB
dist/assets/settings.prompts-C1UlZn5M.js                          30.84 kB │ gzip:   9.99 kB
dist/assets/system.users-By1S-tf9.js                              31.04 kB │ gzip:   9.77 kB
dist/assets/geo-entities-Nv--YVVz.js                              35.34 kB │ gzip:  10.94 kB
dist/assets/icon-button-BnCGZvfP.js                               36.26 kB │ gzip:  12.08 kB
dist/assets/providers-BMrCP-6A.js                                 36.34 kB │ gzip:  10.81 kB
dist/assets/column-header-BMlSZuLK.js                             36.45 kB │ gzip:  11.43 kB
dist/assets/ToolbarRootContext-Ds9pgHiG.js                        36.62 kB │ gzip:  14.02 kB
dist/assets/geo-surfaces-7kGqtSaY.js                              37.44 kB │ gzip:  11.53 kB
dist/assets/index.esm-CDk9jdcJ.js                                 37.59 kB │ gzip:  13.14 kB
dist/assets/_taskId_.editor-DQtovKF3.js                           37.93 kB │ gzip:  11.55 kB
dist/assets/_platformId-CKfv13w1.js                               38.94 kB │ gzip:  11.60 kB
dist/assets/createLucideIcon-CIck69jA.js                          39.80 kB │ gzip:  14.03 kB
dist/assets/button-BZhX1_Og.js                                    40.12 kB │ gzip:  13.54 kB
dist/assets/route-CV7EEn4_.js                                     43.48 kB │ gzip:  15.62 kB
dist/assets/settings.ai_._channelId-DMBzyeip.js                   49.69 kB │ gzip:  13.69 kB
dist/assets/plans-C9D7aB3K.js                                     50.94 kB │ gzip:  15.79 kB
dist/assets/opportunities-DvZjORHH.js                             61.09 kB │ gzip:  16.46 kB
dist/assets/schemas-P6hRA_MM.js                                   69.76 kB │ gzip:  18.62 kB
dist/assets/runs-C-5BQfKV.js                                      95.05 kB │ gzip:  27.29 kB
dist/assets/index-CEE66H6b.js                                    189.11 kB │ gzip:  60.51 kB
dist/assets/markdown-editor-gxiPC32h.js                          729.88 kB │ gzip: 245.01 kB

✓ built in 535ms
[plugin builtin:vite-reporter] 
(!) Some chunks are larger than 500 kB after minification. Consider:
- Using dynamic import() to code-split the application
- Use build.rolldownOptions.output.codeSplitting to improve chunking: https://rolldown.rs/reference/OutputOptions.codeSplitting
- Adjust chunk size limit for this warning via build.chunkSizeWarningLimit.
已创建或确认管理员和内容工程师账号。
INFO:     Started server process [90972]
INFO:     Waiting for application startup.
INFO:     Application startup complete.
INFO:     Uvicorn running on http://127.0.0.1:9001 (Press CTRL+C to quit)
INFO:     Started server process [90971]
INFO:     Waiting for application startup.
INFO:     Application startup complete.
INFO:     Uvicorn running on http://127.0.0.1:19009 (Press CTRL+C to quit)
  ➜  Local:   http://127.0.0.1:4174/
INFO:     Started server process [90970]
INFO:     Waiting for application startup.
INFO:     Application startup complete.
INFO:     Uvicorn running on http://127.0.0.1:8000 (Press CTRL+C to quit)
INFO:     127.0.0.1:65082 - "GET /api/health/ready HTTP/1.1" 200 OK
INFO:     127.0.0.1:65085 - "GET /v1/models HTTP/1.1" 200 OK

> partsignal-frontend-v2@0.1.0 e2e:raw
> playwright test tests/e2e/ai-channel-configuration-real-stack.spec.ts tests/e2e/product-facts-real-stack.spec.ts tests/e2e/catalog-real-stack.spec.ts tests/e2e/questions-real-stack.spec.ts tests/e2e/surfaces-real-stack.spec.ts tests/e2e/plans-real-stack.spec.ts tests/e2e/runs-real-stack.spec.ts tests/e2e/geo-review-real-stack.spec.ts tests/e2e/insights-real-stack.spec.ts tests/e2e/reports-real-stack.spec.ts tests/e2e/opportunities-real-stack.spec.ts tests/e2e/geo-loop-real-stack.spec.ts tests/e2e/content-ai-real-stack.spec.ts tests/e2e/content-review-real-stack.spec.ts tests/e2e/content-version-detail-real-stack.spec.ts tests/e2e/publication-workspace-real-stack.spec.ts tests/e2e/geo-real-stack.spec.ts tests/e2e/auth-session-real-stack.spec.ts tests/e2e/system-admin-real-stack.spec.ts --project=foundation-desktop


Running 31 tests using 1 worker

(node:91008) Warning: The 'NO_COLOR' env is ignored due to the 'FORCE_COLOR' env being set.
(Use `node --trace-warnings ...` to show where the warning was created)
INFO:     127.0.0.1:65092 - "POST /api/v1/auth/login HTTP/1.1" 200 OK
INFO:     127.0.0.1:65092 - "POST /api/v1/platform-prompts HTTP/1.1" 201 Created
INFO:     127.0.0.1:65092 - "POST /api/v1/platform-types HTTP/1.1" 201 Created
INFO:     127.0.0.1:65092 - "POST /api/v1/platform-profiles HTTP/1.1" 201 Created
INFO:     127.0.0.1:65092 - "POST /api/v1/products HTTP/1.1" 201 Created
INFO:     127.0.0.1:65092 - "GET /api/v1/products/1e0247cc-49a9-4cc7-a0b1-6befbbb69b3c/facts HTTP/1.1" 200 OK
INFO:     127.0.0.1:65092 - "PUT /api/v1/products/1e0247cc-49a9-4cc7-a0b1-6befbbb69b3c/facts HTTP/1.1" 200 OK
INFO:     127.0.0.1:65092 - "POST /api/v1/products/1e0247cc-49a9-4cc7-a0b1-6befbbb69b3c/fact-review-submissions HTTP/1.1" 201 Created
INFO:     127.0.0.1:65092 - "POST /api/v1/fact-versions/964b203b-f4cd-4b6f-b599-0d3a842c28d9/approve HTTP/1.1" 200 OK
INFO:     127.0.0.1:65092 - "POST /api/v1/content-tasks HTTP/1.1" 201 Created
INFO:     127.0.0.1:65092 - "POST /api/v1/products HTTP/1.1" 201 Created
INFO:     127.0.0.1:65092 - "GET /api/v1/products/33e2443b-1577-4a47-928a-5cbe6a52e724/facts HTTP/1.1" 200 OK
INFO:     127.0.0.1:65092 - "PUT /api/v1/products/33e2443b-1577-4a47-928a-5cbe6a52e724/facts HTTP/1.1" 200 OK
INFO:     127.0.0.1:65092 - "POST /api/v1/products/33e2443b-1577-4a47-928a-5cbe6a52e724/fact-review-submissions HTTP/1.1" 201 Created
INFO:     127.0.0.1:65092 - "POST /api/v1/fact-versions/c5c17f14-01d2-4716-be34-e53001f8cc5d/approve HTTP/1.1" 200 OK
INFO:     127.0.0.1:65092 - "POST /api/v1/content-tasks HTTP/1.1" 201 Created
INFO:     127.0.0.1:65099 - "GET /api/v1/auth/session HTTP/1.1" 200 OK
INFO:     127.0.0.1:65099 - "GET /api/v1/platform-prompts HTTP/1.1" 200 OK
INFO:     127.0.0.1:65099 - "GET /api/v1/platform-prompts/96d1ca5b-0fa7-4ddc-afc3-8b2d1715e733 HTTP/1.1" 200 OK
INFO:     127.0.0.1:65099 - "GET /api/v1/platform-prompts/96d1ca5b-0fa7-4ddc-afc3-8b2d1715e733/preview-options HTTP/1.1" 200 OK
INFO:     127.0.0.1:65099 - "GET /api/v1/content-tasks?archive_status=ACTIVE&page=1&page_size=20 HTTP/1.1" 200 OK
INFO:     127.0.0.1:65100 - "GET /api/v1/platform-profiles HTTP/1.1" 200 OK
INFO:     127.0.0.1:65099 - "GET /api/v1/content-tasks?q=CONFIG-2e4e4c94&archive_status=ACTIVE&page=1&page_size=20 HTTP/1.1" 200 OK
INFO:     127.0.0.1:65099 - "GET /api/v1/auth/session HTTP/1.1" 200 OK
INFO:     127.0.0.1:65099 - "GET /api/v1/content-tasks/9a5c2dc6-0eb1-4576-9cd2-aed2f31dc303/editor-context HTTP/1.1" 200 OK
INFO:     127.0.0.1:65099 - "GET /api/v1/content-tasks/9a5c2dc6-0eb1-4576-9cd2-aed2f31dc303/generation-options HTTP/1.1" 200 OK
INFO:     127.0.0.1:65099 - "GET /api/v1/ai-channels?page=1&page_size=20 HTTP/1.1" 200 OK
INFO:     127.0.0.1:65102 - "OPTIONS /api/v1/ai-channels HTTP/1.1" 200 OK
INFO:     127.0.0.1:65099 - "POST /api/v1/ai-channels HTTP/1.1" 201 Created
INFO:     127.0.0.1:65099 - "GET /api/v1/ai-channels?page=1&page_size=20 HTTP/1.1" 200 OK
INFO:     127.0.0.1:65102 - "OPTIONS /api/v1/ai-channels/fc80506e-bc0c-4283-ac0e-dfa8fd7e2a07 HTTP/1.1" 200 OK
INFO:     127.0.0.1:65099 - "PATCH /api/v1/ai-channels/fc80506e-bc0c-4283-ac0e-dfa8fd7e2a07 HTTP/1.1" 200 OK
INFO:     127.0.0.1:65092 - "GET /api/v1/ai-channels/fc80506e-bc0c-4283-ac0e-dfa8fd7e2a07 HTTP/1.1" 200 OK
INFO:     127.0.0.1:65092 - "PATCH /api/v1/ai-channels/fc80506e-bc0c-4283-ac0e-dfa8fd7e2a07 HTTP/1.1" 200 OK
INFO:     127.0.0.1:65099 - "PATCH /api/v1/ai-channels/fc80506e-bc0c-4283-ac0e-dfa8fd7e2a07 HTTP/1.1" 409 Conflict
INFO:     127.0.0.1:65099 - "GET /api/v1/ai-channels/fc80506e-bc0c-4283-ac0e-dfa8fd7e2a07 HTTP/1.1" 200 OK
INFO:     127.0.0.1:65102 - "OPTIONS /api/v1/ai-channels/fc80506e-bc0c-4283-ac0e-dfa8fd7e2a07/headers HTTP/1.1" 200 OK
INFO:     127.0.0.1:65099 - "POST /api/v1/ai-channels/fc80506e-bc0c-4283-ac0e-dfa8fd7e2a07/headers HTTP/1.1" 201 Created
INFO:     127.0.0.1:65099 - "POST /api/v1/ai-channels/fc80506e-bc0c-4283-ac0e-dfa8fd7e2a07/headers HTTP/1.1" 201 Created
INFO:     127.0.0.1:65099 - "GET /api/v1/ai-channels/fc80506e-bc0c-4283-ac0e-dfa8fd7e2a07/models HTTP/1.1" 200 OK
INFO:     127.0.0.1:65102 - "OPTIONS /api/v1/ai-channels/fc80506e-bc0c-4283-ac0e-dfa8fd7e2a07/discover-models HTTP/1.1" 200 OK
INFO:     127.0.0.1:65103 - "GET /v1/models HTTP/1.1" 200 OK
INFO:     127.0.0.1:65099 - "POST /api/v1/ai-channels/fc80506e-bc0c-4283-ac0e-dfa8fd7e2a07/discover-models HTTP/1.1" 200 OK
INFO:     127.0.0.1:65102 - "OPTIONS /api/v1/ai-channels/fc80506e-bc0c-4283-ac0e-dfa8fd7e2a07/models HTTP/1.1" 200 OK
INFO:     127.0.0.1:65099 - "POST /api/v1/ai-channels/fc80506e-bc0c-4283-ac0e-dfa8fd7e2a07/models HTTP/1.1" 201 Created
INFO:     127.0.0.1:65099 - "GET /api/v1/ai-channels/fc80506e-bc0c-4283-ac0e-dfa8fd7e2a07/models HTTP/1.1" 200 OK
INFO:     127.0.0.1:65100 - "GET /api/v1/ai-channels/fc80506e-bc0c-4283-ac0e-dfa8fd7e2a07 HTTP/1.1" 200 OK
INFO:     127.0.0.1:65100 - "POST /api/v1/ai-channels/fc80506e-bc0c-4283-ac0e-dfa8fd7e2a07/models HTTP/1.1" 201 Created
INFO:     127.0.0.1:65099 - "GET /api/v1/ai-channels/fc80506e-bc0c-4283-ac0e-dfa8fd7e2a07 HTTP/1.1" 200 OK
INFO:     127.0.0.1:65100 - "GET /api/v1/ai-channels/fc80506e-bc0c-4283-ac0e-dfa8fd7e2a07/models HTTP/1.1" 200 OK
INFO:     127.0.0.1:65102 - "OPTIONS /api/v1/ai-models/88708a81-250c-4afd-b969-6c5763c3a035 HTTP/1.1" 200 OK
INFO:     127.0.0.1:65100 - "PATCH /api/v1/ai-models/88708a81-250c-4afd-b969-6c5763c3a035 HTTP/1.1" 200 OK
INFO:     127.0.0.1:65100 - "GET /api/v1/ai-channels/fc80506e-bc0c-4283-ac0e-dfa8fd7e2a07/models HTTP/1.1" 200 OK
INFO:     127.0.0.1:65099 - "GET /api/v1/ai-channels/fc80506e-bc0c-4283-ac0e-dfa8fd7e2a07 HTTP/1.1" 200 OK
INFO:     127.0.0.1:65102 - "OPTIONS /api/v1/ai-models/2a69d58d-5a2e-4536-89ba-9b6d199627fc?expected_revision=0 HTTP/1.1" 200 OK
INFO:     127.0.0.1:65099 - "DELETE /api/v1/ai-models/2a69d58d-5a2e-4536-89ba-9b6d199627fc?expected_revision=0 HTTP/1.1" 204 No Content
INFO:     127.0.0.1:65099 - "GET /api/v1/ai-channels/fc80506e-bc0c-4283-ac0e-dfa8fd7e2a07/models HTTP/1.1" 200 OK
INFO:     127.0.0.1:65100 - "GET /api/v1/ai-channels/fc80506e-bc0c-4283-ac0e-dfa8fd7e2a07 HTTP/1.1" 200 OK
INFO:     127.0.0.1:65102 - "OPTIONS /api/v1/ai-models/88708a81-250c-4afd-b969-6c5763c3a035/test HTTP/1.1" 200 OK
INFO:     127.0.0.1:65107 - "POST /v1/chat/completions HTTP/1.1" 400 Bad Request
INFO:     127.0.0.1:65100 - "POST /api/v1/ai-models/88708a81-250c-4afd-b969-6c5763c3a035/test HTTP/1.1" 200 OK
INFO:     127.0.0.1:65099 - "GET /api/v1/ai-channels/fc80506e-bc0c-4283-ac0e-dfa8fd7e2a07 HTTP/1.1" 200 OK
INFO:     127.0.0.1:65100 - "GET /api/v1/ai-channels/fc80506e-bc0c-4283-ac0e-dfa8fd7e2a07/models HTTP/1.1" 200 OK
INFO:     127.0.0.1:65108 - "GET /e2e/calls/e2e-config-model-2e4e4c94 HTTP/1.1" 200 OK
INFO:     127.0.0.1:65102 - "OPTIONS /api/v1/ai-channels/fc80506e-bc0c-4283-ac0e-dfa8fd7e2a07/api-key HTTP/1.1" 200 OK
INFO:     127.0.0.1:65100 - "PUT /api/v1/ai-channels/fc80506e-bc0c-4283-ac0e-dfa8fd7e2a07/api-key HTTP/1.1" 200 OK
INFO:     127.0.0.1:65102 - "OPTIONS /api/v1/ai-channel-headers/f26b5c19-f7f9-44df-80b1-a236c022c4d9 HTTP/1.1" 200 OK
INFO:     127.0.0.1:65100 - "PATCH /api/v1/ai-channel-headers/f26b5c19-f7f9-44df-80b1-a236c022c4d9 HTTP/1.1" 200 OK
INFO:     127.0.0.1:65100 - "GET /api/v1/ai-channels/fc80506e-bc0c-4283-ac0e-dfa8fd7e2a07/models HTTP/1.1" 200 OK
INFO:     127.0.0.1:65109 - "POST /v1/chat/completions HTTP/1.1" 200 OK
INFO:     127.0.0.1:65100 - "POST /api/v1/ai-models/88708a81-250c-4afd-b969-6c5763c3a035/test HTTP/1.1" 200 OK
INFO:     127.0.0.1:65099 - "GET /api/v1/ai-channels/fc80506e-bc0c-4283-ac0e-dfa8fd7e2a07 HTTP/1.1" 200 OK
INFO:     127.0.0.1:65100 - "GET /api/v1/ai-channels/fc80506e-bc0c-4283-ac0e-dfa8fd7e2a07/models HTTP/1.1" 200 OK
INFO:     127.0.0.1:65102 - "OPTIONS /api/v1/ai-models/88708a81-250c-4afd-b969-6c5763c3a035/enable HTTP/1.1" 200 OK
INFO:     127.0.0.1:65100 - "POST /api/v1/ai-models/88708a81-250c-4afd-b969-6c5763c3a035/enable HTTP/1.1" 200 OK
INFO:     127.0.0.1:65100 - "GET /api/v1/ai-channels/fc80506e-bc0c-4283-ac0e-dfa8fd7e2a07/models HTTP/1.1" 200 OK
INFO:     127.0.0.1:65099 - "GET /api/v1/ai-channels/fc80506e-bc0c-4283-ac0e-dfa8fd7e2a07 HTTP/1.1" 200 OK
INFO:     127.0.0.1:65102 - "OPTIONS /api/v1/ai-channels/fc80506e-bc0c-4283-ac0e-dfa8fd7e2a07/enable HTTP/1.1" 200 OK
INFO:     127.0.0.1:65099 - "POST /api/v1/ai-channels/fc80506e-bc0c-4283-ac0e-dfa8fd7e2a07/enable HTTP/1.1" 200 OK
INFO:     127.0.0.1:65099 - "GET /api/v1/ai-channels/fc80506e-bc0c-4283-ac0e-dfa8fd7e2a07 HTTP/1.1" 200 OK
INFO:     127.0.0.1:65099 - "GET /api/v1/ai-channels/fc80506e-bc0c-4283-ac0e-dfa8fd7e2a07/models HTTP/1.1" 200 OK
INFO:     127.0.0.1:65099 - "GET /api/v1/platform-prompts HTTP/1.1" 200 OK
INFO:     127.0.0.1:65099 - "GET /api/v1/platform-prompts/96d1ca5b-0fa7-4ddc-afc3-8b2d1715e733 HTTP/1.1" 200 OK
INFO:     127.0.0.1:65099 - "GET /api/v1/platform-prompts/96d1ca5b-0fa7-4ddc-afc3-8b2d1715e733/preview-options HTTP/1.1" 200 OK
INFO:     127.0.0.1:65099 - "GET /api/v1/content-tasks?archive_status=ACTIVE&page=1&page_size=20 HTTP/1.1" 200 OK
INFO:     127.0.0.1:65100 - "GET /api/v1/platform-profiles HTTP/1.1" 200 OK
INFO:     127.0.0.1:65110 - "GET /api/v1/content-tasks?q=CONFIG-2e4e4c94&archive_status=ACTIVE&page=1&page_size=20 HTTP/1.1" 200 OK
INFO:     127.0.0.1:65110 - "GET /api/v1/auth/session HTTP/1.1" 200 OK
INFO:     127.0.0.1:65110 - "GET /api/v1/content-tasks/9a5c2dc6-0eb1-4576-9cd2-aed2f31dc303/editor-context HTTP/1.1" 200 OK
INFO:     127.0.0.1:65110 - "GET /api/v1/content-tasks/9a5c2dc6-0eb1-4576-9cd2-aed2f31dc303/generation-options HTTP/1.1" 200 OK
INFO:     127.0.0.1:65110 - "GET /api/v1/ai-channels?page=1&page_size=20 HTTP/1.1" 200 OK
INFO:     127.0.0.1:65110 - "GET /api/v1/ai-channels?q=E2E%20%E6%9C%8D%E5%8A%A1%E7%AB%AF%E6%B8%A0%E9%81%93%202e4e4c94&page=1&page_size=20 HTTP/1.1" 200 OK
INFO:     127.0.0.1:65110 - "GET /api/v1/auth/session HTTP/1.1" 200 OK
INFO:     127.0.0.1:65110 - "GET /api/v1/ai-channels/fc80506e-bc0c-4283-ac0e-dfa8fd7e2a07 HTTP/1.1" 200 OK
INFO:     127.0.0.1:65110 - "GET /api/v1/ai-channels/fc80506e-bc0c-4283-ac0e-dfa8fd7e2a07/usage-summary?period=30d HTTP/1.1" 200 OK
INFO:     127.0.0.1:65110 - "GET /api/v1/platform-prompts HTTP/1.1" 200 OK
INFO:     127.0.0.1:65110 - "GET /api/v1/platform-prompts/96d1ca5b-0fa7-4ddc-afc3-8b2d1715e733 HTTP/1.1" 200 OK
INFO:     127.0.0.1:65110 - "GET /api/v1/platform-prompts/96d1ca5b-0fa7-4ddc-afc3-8b2d1715e733/preview-options HTTP/1.1" 200 OK
INFO:     127.0.0.1:65102 - "OPTIONS /api/v1/content-tasks/24ce175d-6928-4934-a587-9e1bcb1eff09/generation-jobs HTTP/1.1" 200 OK
INFO:     127.0.0.1:65110 - "POST /api/v1/content-tasks/24ce175d-6928-4934-a587-9e1bcb1eff09/generation-jobs HTTP/1.1" 202 Accepted
INFO:     127.0.0.1:65114 - "POST /v1/chat/completions HTTP/1.1" 200 OK
INFO:     127.0.0.1:65110 - "GET /api/v1/platform-prompts/96d1ca5b-0fa7-4ddc-afc3-8b2d1715e733/preview-options HTTP/1.1" 200 OK
INFO:     127.0.0.1:65100 - "GET /api/v1/content-tasks/24ce175d-6928-4934-a587-9e1bcb1eff09/generation-jobs HTTP/1.1" 200 OK
INFO:     127.0.0.1:65100 - "GET /api/v1/content-tasks/24ce175d-6928-4934-a587-9e1bcb1eff09/generation-jobs HTTP/1.1" 200 OK
INFO:     127.0.0.1:65100 - "GET /api/v1/content-versions/be3425bf-cd85-4e78-b349-8da4d5076e78 HTTP/1.1" 200 OK
INFO:     127.0.0.1:65110 - "GET /api/v1/platform-prompts/96d1ca5b-0fa7-4ddc-afc3-8b2d1715e733/preview-options HTTP/1.1" 200 OK
INFO:     127.0.0.1:65116 - "GET /e2e/calls/e2e-config-model-2e4e4c94 HTTP/1.1" 200 OK
INFO:     127.0.0.1:65110 - "GET /api/v1/content-tasks?archive_status=ACTIVE&page=1&page_size=20 HTTP/1.1" 200 OK
INFO:     127.0.0.1:65100 - "GET /api/v1/platform-profiles HTTP/1.1" 200 OK
INFO:     127.0.0.1:65110 - "GET /api/v1/content-tasks?q=CONFIG-2e4e4c94&archive_status=ACTIVE&page=1&page_size=20 HTTP/1.1" 200 OK
INFO:     127.0.0.1:65110 - "GET /api/v1/auth/session HTTP/1.1" 200 OK
INFO:     127.0.0.1:65110 - "GET /api/v1/content-tasks/9a5c2dc6-0eb1-4576-9cd2-aed2f31dc303/editor-context HTTP/1.1" 200 OK
INFO:     127.0.0.1:65110 - "GET /api/v1/content-tasks/9a5c2dc6-0eb1-4576-9cd2-aed2f31dc303/generation-options HTTP/1.1" 200 OK
INFO:     127.0.0.1:65102 - "OPTIONS /api/v1/content-tasks/9a5c2dc6-0eb1-4576-9cd2-aed2f31dc303/generation-jobs HTTP/1.1" 200 OK
INFO:     127.0.0.1:65110 - "POST /api/v1/content-tasks/9a5c2dc6-0eb1-4576-9cd2-aed2f31dc303/generation-jobs HTTP/1.1" 202 Accepted
INFO:     127.0.0.1:65117 - "POST /v1/chat/completions HTTP/1.1" 200 OK
INFO:     127.0.0.1:65110 - "GET /api/v1/content-tasks/9a5c2dc6-0eb1-4576-9cd2-aed2f31dc303/generation-jobs HTTP/1.1" 200 OK
INFO:     127.0.0.1:65110 - "GET /api/v1/content-tasks/9a5c2dc6-0eb1-4576-9cd2-aed2f31dc303/generation-jobs HTTP/1.1" 200 OK
INFO:     127.0.0.1:65110 - "GET /api/v1/content-tasks/9a5c2dc6-0eb1-4576-9cd2-aed2f31dc303/editor-context HTTP/1.1" 200 OK
INFO:     127.0.0.1:65118 - "GET /api/v1/content-tasks/9a5c2dc6-0eb1-4576-9cd2-aed2f31dc303/editor-context HTTP/1.1" 200 OK
INFO:     127.0.0.1:65116 - "GET /e2e/calls/e2e-config-model-2e4e4c94 HTTP/1.1" 200 OK
INFO:     127.0.0.1:65116 - "GET /e2e/payloads/e2e-config-model-2e4e4c94 HTTP/1.1" 200 OK
INFO:     127.0.0.1:65110 - "GET /api/v1/ai-channels?page=1&page_size=20 HTTP/1.1" 200 OK
INFO:     127.0.0.1:65110 - "GET /api/v1/ai-channels?q=E2E%20%E6%9C%8D%E5%8A%A1%E7%AB%AF%E6%B8%A0%E9%81%93%202e4e4c94&page=1&page_size=20 HTTP/1.1" 200 OK
INFO:     127.0.0.1:65110 - "GET /api/v1/auth/session HTTP/1.1" 200 OK
INFO:     127.0.0.1:65110 - "GET /api/v1/ai-channels/fc80506e-bc0c-4283-ac0e-dfa8fd7e2a07 HTTP/1.1" 200 OK
INFO:     127.0.0.1:65110 - "GET /api/v1/ai-channels/fc80506e-bc0c-4283-ac0e-dfa8fd7e2a07/usage-summary?period=30d HTTP/1.1" 200 OK
INFO:     127.0.0.1:65110 - "GET /api/v1/ai-channels/fc80506e-bc0c-4283-ac0e-dfa8fd7e2a07/usage-summary?period=all HTTP/1.1" 200 OK
INFO:     127.0.0.1:65110 - "GET /api/v1/ai-channels/fc80506e-bc0c-4283-ac0e-dfa8fd7e2a07/audit-logs?page=1&page_size=20 HTTP/1.1" 200 OK
INFO:     127.0.0.1:65110 - "GET /api/v1/audit-logs/d6bebcd7-90ba-48a8-89af-931da678d10e HTTP/1.1" 200 OK
INFO:     127.0.0.1:65118 - "GET /api/v1/ai-channels/fc80506e-bc0c-4283-ac0e-dfa8fd7e2a07/audit-logs?page=1&page_size=50 HTTP/1.1" 200 OK
INFO:     127.0.0.1:65118 - "GET /api/v1/ai-channels/fc80506e-bc0c-4283-ac0e-dfa8fd7e2a07/models HTTP/1.1" 200 OK
INFO:     127.0.0.1:65102 - "OPTIONS /api/v1/ai-channels/fc80506e-bc0c-4283-ac0e-dfa8fd7e2a07/disable HTTP/1.1" 200 OK
INFO:     127.0.0.1:65110 - "POST /api/v1/ai-channels/fc80506e-bc0c-4283-ac0e-dfa8fd7e2a07/disable HTTP/1.1" 200 OK
INFO:     127.0.0.1:65110 - "GET /api/v1/ai-channels/fc80506e-bc0c-4283-ac0e-dfa8fd7e2a07 HTTP/1.1" 200 OK
INFO:     127.0.0.1:65110 - "GET /api/v1/ai-channels/fc80506e-bc0c-4283-ac0e-dfa8fd7e2a07/audit-logs?page=1&page_size=20 HTTP/1.1" 200 OK
INFO:     127.0.0.1:65110 - "GET /api/v1/ai-channels/fc80506e-bc0c-4283-ac0e-dfa8fd7e2a07/models HTTP/1.1" 200 OK
INFO:     127.0.0.1:65102 - "OPTIONS /api/v1/ai-models/88708a81-250c-4afd-b969-6c5763c3a035/disable HTTP/1.1" 200 OK
INFO:     127.0.0.1:65110 - "POST /api/v1/ai-models/88708a81-250c-4afd-b969-6c5763c3a035/disable HTTP/1.1" 200 OK
INFO:     127.0.0.1:65100 - "GET /api/v1/ai-channels/fc80506e-bc0c-4283-ac0e-dfa8fd7e2a07 HTTP/1.1" 200 OK
INFO:     127.0.0.1:65110 - "GET /api/v1/ai-channels/fc80506e-bc0c-4283-ac0e-dfa8fd7e2a07/models HTTP/1.1" 200 OK
INFO:     127.0.0.1:65102 - "OPTIONS /api/v1/ai-channel-headers/83a79a9b-5f85-4485-be5e-04e6c838627b?expected_channel_revision=8 HTTP/1.1" 200 OK
INFO:     127.0.0.1:65110 - "DELETE /api/v1/ai-channel-headers/83a79a9b-5f85-4485-be5e-04e6c838627b?expected_channel_revision=8 HTTP/1.1" 204 No Content
INFO:     127.0.0.1:65110 - "GET /api/v1/ai-channels/fc80506e-bc0c-4283-ac0e-dfa8fd7e2a07 HTTP/1.1" 200 OK
INFO:     127.0.0.1:65110 - "GET /api/v1/ai-channels/fc80506e-bc0c-4283-ac0e-dfa8fd7e2a07/models HTTP/1.1" 200 OK
INFO:     127.0.0.1:65102 - "OPTIONS /api/v1/ai-models/88708a81-250c-4afd-b969-6c5763c3a035?expected_revision=8 HTTP/1.1" 200 OK
INFO:     127.0.0.1:65110 - "DELETE /api/v1/ai-models/88708a81-250c-4afd-b969-6c5763c3a035?expected_revision=8 HTTP/1.1" 204 No Content
INFO:     127.0.0.1:65100 - "GET /api/v1/ai-channels/fc80506e-bc0c-4283-ac0e-dfa8fd7e2a07 HTTP/1.1" 200 OK
INFO:     127.0.0.1:65110 - "GET /api/v1/ai-channels/fc80506e-bc0c-4283-ac0e-dfa8fd7e2a07/models HTTP/1.1" 200 OK
INFO:     127.0.0.1:65102 - "OPTIONS /api/v1/ai-channels/fc80506e-bc0c-4283-ac0e-dfa8fd7e2a07?expected_revision=9 HTTP/1.1" 200 OK
INFO:     127.0.0.1:65110 - "DELETE /api/v1/ai-channels/fc80506e-bc0c-4283-ac0e-dfa8fd7e2a07?expected_revision=9 HTTP/1.1" 204 No Content
INFO:     127.0.0.1:65110 - "GET /api/v1/ai-channels?page=1&page_size=20 HTTP/1.1" 200 OK
  ✓   1 [foundation-desktop] › tests/e2e/ai-channel-configuration-real-stack.spec.ts:206:1 › AI Channel Configuration 真实栈闭环 (16.7s)
INFO:     127.0.0.1:65118 - "POST /api/v1/auth/login HTTP/1.1" 200 OK
INFO:     127.0.0.1:65125 - "GET /api/v1/auth/session HTTP/1.1" 200 OK
INFO:     127.0.0.1:65126 - "OPTIONS /api/v1/products HTTP/1.1" 200 OK
INFO:     127.0.0.1:65125 - "POST /api/v1/products HTTP/1.1" 201 Created
INFO:     127.0.0.1:65125 - "GET /api/v1/products/d57fdd78-342c-47b0-9dd7-ab5735d874d2/detail HTTP/1.1" 200 OK
INFO:     127.0.0.1:65125 - "GET /api/v1/auth/session HTTP/1.1" 200 OK
INFO:     127.0.0.1:65125 - "GET /api/v1/products/d57fdd78-342c-47b0-9dd7-ab5735d874d2/facts HTTP/1.1" 200 OK
INFO:     127.0.0.1:65126 - "OPTIONS /api/v1/products/d57fdd78-342c-47b0-9dd7-ab5735d874d2/facts HTTP/1.1" 200 OK
INFO:     127.0.0.1:65125 - "PUT /api/v1/products/d57fdd78-342c-47b0-9dd7-ab5735d874d2/facts HTTP/1.1" 200 OK
INFO:     127.0.0.1:65126 - "OPTIONS /api/v1/products/d57fdd78-342c-47b0-9dd7-ab5735d874d2/fact-review-submissions HTTP/1.1" 200 OK
INFO:     127.0.0.1:65125 - "POST /api/v1/products/d57fdd78-342c-47b0-9dd7-ab5735d874d2/fact-review-submissions HTTP/1.1" 201 Created
INFO:     127.0.0.1:65125 - "GET /api/v1/products/d57fdd78-342c-47b0-9dd7-ab5735d874d2/facts HTTP/1.1" 200 OK
INFO:     127.0.0.1:65125 - "GET /api/v1/auth/session HTTP/1.1" 200 OK
INFO:     127.0.0.1:65125 - "GET /api/v1/products/d57fdd78-342c-47b0-9dd7-ab5735d874d2/fact-review-context HTTP/1.1" 200 OK
INFO:     127.0.0.1:65126 - "OPTIONS /api/v1/fact-versions/28ca86c9-6142-42c9-bc0d-aeadb8f9fd30/approve HTTP/1.1" 200 OK
INFO:     127.0.0.1:65125 - "POST /api/v1/fact-versions/28ca86c9-6142-42c9-bc0d-aeadb8f9fd30/approve HTTP/1.1" 200 OK
INFO:     127.0.0.1:65125 - "GET /api/v1/products/d57fdd78-342c-47b0-9dd7-ab5735d874d2/fact-review-context HTTP/1.1" 200 OK
INFO:     127.0.0.1:65118 - "GET /api/v1/products/d57fdd78-342c-47b0-9dd7-ab5735d874d2 HTTP/1.1" 200 OK
INFO:     127.0.0.1:65118 - "GET /api/v1/products/d57fdd78-342c-47b0-9dd7-ab5735d874d2/facts HTTP/1.1" 200 OK
INFO:     127.0.0.1:65118 - "GET /api/v1/products/d57fdd78-342c-47b0-9dd7-ab5735d874d2/fact-versions HTTP/1.1" 200 OK
INFO:     127.0.0.1:65118 - "GET /api/v1/products/d57fdd78-342c-47b0-9dd7-ab5735d874d2/fact-review-context HTTP/1.1" 200 OK
INFO:     127.0.0.1:65125 - "GET /api/v1/auth/session HTTP/1.1" 200 OK
INFO:     127.0.0.1:65125 - "GET /api/v1/geo/subjects?page=1&page_size=20&sort=NAME_ASC HTTP/1.1" 200 OK
INFO:     127.0.0.1:65127 - "GET /api/v1/geo/subjects?page=1&page_size=10&sort=NAME_ASC&subject_type=OWN_BRAND HTTP/1.1" 200 OK
INFO:     127.0.0.1:65125 - "GET /api/v1/products?search=&page=1&page_size=10&sort=MODEL_ASC HTTP/1.1" 200 OK
INFO:     127.0.0.1:65128 - "GET /api/v1/products?search=GEO106-7370ea44&page=1&page_size=10&sort=MODEL_ASC HTTP/1.1" 200 OK
INFO:     127.0.0.1:65126 - "OPTIONS /api/v1/geo/subjects HTTP/1.1" 200 OK
INFO:     127.0.0.1:65128 - "POST /api/v1/geo/subjects HTTP/1.1" 201 Created
INFO:     127.0.0.1:65125 - "GET /api/v1/geo/subjects?page=1&page_size=10&sort=NAME_ASC&subject_type=OWN_BRAND HTTP/1.1" 200 OK
INFO:     127.0.0.1:65127 - "GET /api/v1/geo/subjects/5e905611-aa56-481b-8fc1-60687c38b5fe HTTP/1.1" 200 OK
INFO:     127.0.0.1:65128 - "GET /api/v1/geo/subjects?page=1&page_size=20&sort=NAME_ASC HTTP/1.1" 200 OK
INFO:     127.0.0.1:65126 - "OPTIONS /api/v1/geo/subjects/5e905611-aa56-481b-8fc1-60687c38b5fe/aliases HTTP/1.1" 200 OK
INFO:     127.0.0.1:65128 - "POST /api/v1/geo/subjects/5e905611-aa56-481b-8fc1-60687c38b5fe/aliases HTTP/1.1" 200 OK
INFO:     127.0.0.1:65128 - "GET /api/v1/geo/subjects?page=1&page_size=20&sort=NAME_ASC HTTP/1.1" 200 OK
INFO:     127.0.0.1:65126 - "OPTIONS /api/v1/geo/subjects/5e905611-aa56-481b-8fc1-60687c38b5fe/domains HTTP/1.1" 200 OK
INFO:     127.0.0.1:65128 - "POST /api/v1/geo/subjects/5e905611-aa56-481b-8fc1-60687c38b5fe/domains HTTP/1.1" 200 OK
INFO:     127.0.0.1:65128 - "GET /api/v1/geo/subjects?page=1&page_size=20&sort=NAME_ASC HTTP/1.1" 200 OK
INFO:     127.0.0.1:65127 - "GET /api/v1/geo/subjects?page=1&page_size=10&sort=NAME_ASC&subject_type=OWN_BRAND HTTP/1.1" 200 OK
INFO:     127.0.0.1:65128 - "GET /api/v1/products?search=&page=1&page_size=10&sort=MODEL_ASC HTTP/1.1" 200 OK
INFO:     127.0.0.1:65128 - "POST /api/v1/geo/subjects HTTP/1.1" 201 Created
INFO:     127.0.0.1:65127 - "GET /api/v1/geo/subjects/db502456-19fc-4d24-949c-50d562b83d5e HTTP/1.1" 200 OK
INFO:     127.0.0.1:65128 - "GET /api/v1/geo/subjects?page=1&page_size=20&sort=NAME_ASC HTTP/1.1" 200 OK
INFO:     127.0.0.1:65127 - "GET /api/v1/geo/subjects?page=1&page_size=10&sort=NAME_ASC&subject_type=OWN_BRAND HTTP/1.1" 200 OK
INFO:     127.0.0.1:65128 - "GET /api/v1/products?search=&page=1&page_size=10&sort=MODEL_ASC HTTP/1.1" 200 OK
INFO:     127.0.0.1:65127 - "GET /api/v1/geo/subjects?page=1&page_size=10&sort=NAME_ASC&q=%E8%99%9A%E6%9E%84%E7%AB%9E%E5%93%81%E5%93%81%E7%89%8C-7370ea44&subject_type=COMPETITOR_BRAND HTTP/1.1" 200 OK
INFO:     127.0.0.1:65127 - "POST /api/v1/geo/subjects HTTP/1.1" 201 Created
INFO:     127.0.0.1:65127 - "GET /api/v1/geo/subjects?page=1&page_size=20&sort=NAME_ASC HTTP/1.1" 200 OK
INFO:     127.0.0.1:65129 - "GET /api/v1/geo/subjects/9d1be42a-8b09-465d-80d2-b6d6775b8d96 HTTP/1.1" 200 OK
INFO:     127.0.0.1:65126 - "OPTIONS /api/v1/geo/subjects/9d1be42a-8b09-465d-80d2-b6d6775b8d96/aliases HTTP/1.1" 200 OK
INFO:     127.0.0.1:65129 - "POST /api/v1/geo/subjects/9d1be42a-8b09-465d-80d2-b6d6775b8d96/aliases HTTP/1.1" 200 OK
INFO:     127.0.0.1:65129 - "GET /api/v1/geo/subjects?page=1&page_size=20&sort=NAME_ASC HTTP/1.1" 200 OK
INFO:     127.0.0.1:65126 - "OPTIONS /api/v1/geo/subjects/9d1be42a-8b09-465d-80d2-b6d6775b8d96/domains HTTP/1.1" 200 OK
INFO:     127.0.0.1:65129 - "POST /api/v1/geo/subjects/9d1be42a-8b09-465d-80d2-b6d6775b8d96/domains HTTP/1.1" 200 OK
INFO:     127.0.0.1:65129 - "GET /api/v1/geo/subjects?page=1&page_size=20&sort=NAME_ASC HTTP/1.1" 200 OK
INFO:     127.0.0.1:65118 - "GET /api/v1/geo/subjects/5e905611-aa56-481b-8fc1-60687c38b5fe HTTP/1.1" 200 OK
INFO:     127.0.0.1:65118 - "GET /api/v1/geo/subjects/9d1be42a-8b09-465d-80d2-b6d6775b8d96 HTTP/1.1" 200 OK
INFO:     127.0.0.1:65129 - "GET /api/v1/auth/session HTTP/1.1" 200 OK
INFO:     127.0.0.1:65127 - "GET /api/v1/geo/subjects/5e905611-aa56-481b-8fc1-60687c38b5fe HTTP/1.1" 200 OK
INFO:     127.0.0.1:65129 - "GET /api/v1/geo/subjects?page=1&page_size=20&sort=NAME_ASC&q=GEO106-7370ea44 HTTP/1.1" 200 OK
INFO:     127.0.0.1:65129 - "GET /api/v1/auth/session HTTP/1.1" 200 OK
INFO:     127.0.0.1:65127 - "GET /api/v1/geo/subjects/5e905611-aa56-481b-8fc1-60687c38b5fe HTTP/1.1" 200 OK
INFO:     127.0.0.1:65129 - "GET /api/v1/geo/subjects?page=1&page_size=20&sort=NAME_ASC&q=GEO106-7370ea44 HTTP/1.1" 200 OK
INFO:     127.0.0.1:65129 - "GET /api/v1/geo/subjects?page=1&page_size=20&sort=NAME_ASC&q=PS-7370ea44 HTTP/1.1" 200 OK
INFO:     127.0.0.1:65129 - "GET /api/v1/auth/session HTTP/1.1" 200 OK
INFO:     127.0.0.1:65127 - "GET /api/v1/geo/subjects/5e905611-aa56-481b-8fc1-60687c38b5fe HTTP/1.1" 200 OK
INFO:     127.0.0.1:65129 - "GET /api/v1/geo/subjects?page=1&page_size=20&sort=NAME_ASC&q=PS-7370ea44 HTTP/1.1" 200 OK
INFO:     127.0.0.1:65127 - "GET /api/v1/geo/subjects?page=1&page_size=10&sort=NAME_ASC&subject_type=OWN_BRAND HTTP/1.1" 200 OK
INFO:     127.0.0.1:65129 - "GET /api/v1/products?search=&page=1&page_size=10&sort=MODEL_ASC HTTP/1.1" 200 OK
INFO:     127.0.0.1:65130 - "GET /api/v1/products?search=GEO106-7370ea44&page=1&page_size=10&sort=MODEL_ASC HTTP/1.1" 200 OK
INFO:     127.0.0.1:65130 - "POST /api/v1/geo/subjects HTTP/1.1" 409 Conflict
INFO:     127.0.0.1:65118 - "GET /api/v1/geo/subjects?product_id=d57fdd78-342c-47b0-9dd7-ab5735d874d2&is_active=true HTTP/1.1" 200 OK
INFO:     127.0.0.1:65118 - "GET /api/v1/products/d57fdd78-342c-47b0-9dd7-ab5735d874d2 HTTP/1.1" 200 OK
INFO:     127.0.0.1:65118 - "GET /api/v1/products/d57fdd78-342c-47b0-9dd7-ab5735d874d2/facts HTTP/1.1" 200 OK
INFO:     127.0.0.1:65118 - "GET /api/v1/products/d57fdd78-342c-47b0-9dd7-ab5735d874d2/fact-versions HTTP/1.1" 200 OK
INFO:     127.0.0.1:65118 - "GET /api/v1/products/d57fdd78-342c-47b0-9dd7-ab5735d874d2/fact-review-context HTTP/1.1" 200 OK
INFO:     127.0.0.1:65118 - "GET /api/v1/products/d57fdd78-342c-47b0-9dd7-ab5735d874d2 HTTP/1.1" 200 OK
INFO:     127.0.0.1:65118 - "POST /api/v1/users HTTP/1.1" 201 Created
INFO:     127.0.0.1:65118 - "POST /api/v1/auth/login HTTP/1.1" 200 OK
INFO:     127.0.0.1:65118 - "POST /api/v1/auth/change-password HTTP/1.1" 204 No Content
INFO:     127.0.0.1:65137 - "GET /api/v1/auth/session HTTP/1.1" 200 OK
INFO:     127.0.0.1:65138 - "GET /api/v1/geo/subjects/5e905611-aa56-481b-8fc1-60687c38b5fe HTTP/1.1" 200 OK
INFO:     127.0.0.1:65137 - "GET /api/v1/geo/subjects?page=1&page_size=20&sort=NAME_ASC HTTP/1.1" 200 OK
INFO:     127.0.0.1:65137 - "GET /api/v1/auth/session HTTP/1.1" 200 OK
INFO:     127.0.0.1:65137 - "GET /api/v1/geo/subjects?page=1&page_size=20&sort=NAME_ASC HTTP/1.1" 200 OK
  ✓   2 [foundation-desktop] › tests/e2e/catalog-real-stack.spec.ts:50:1 › 从已批准事实的 Product 建立唯一监测身份、竞品和字典，刷新及 ENGINEER 只读 (5.9s)
INFO:     127.0.0.1:65118 - "POST /api/v1/auth/login HTTP/1.1" 200 OK
INFO:     127.0.0.1:65118 - "POST /api/v1/platform-prompts HTTP/1.1" 201 Created
INFO:     127.0.0.1:65118 - "POST /api/v1/platform-types HTTP/1.1" 201 Created
INFO:     127.0.0.1:65118 - "POST /api/v1/platform-profiles HTTP/1.1" 201 Created
INFO:     127.0.0.1:65118 - "GET /api/v1/content-humanization-prompt HTTP/1.1" 204 No Content
INFO:     127.0.0.1:65118 - "PUT /api/v1/content-humanization-prompt HTTP/1.1" 200 OK
INFO:     127.0.0.1:65118 - "POST /api/v1/ai-channels HTTP/1.1" 201 Created
INFO:     127.0.0.1:65118 - "POST /api/v1/ai-channels/f3d6bda3-3ca2-4099-a2b0-c292e9f6109f/headers HTTP/1.1" 201 Created
INFO:     127.0.0.1:65118 - "POST /api/v1/ai-channels/f3d6bda3-3ca2-4099-a2b0-c292e9f6109f/headers HTTP/1.1" 201 Created
INFO:     127.0.0.1:65118 - "POST /api/v1/ai-channels/f3d6bda3-3ca2-4099-a2b0-c292e9f6109f/models HTTP/1.1" 201 Created
INFO:     127.0.0.1:65140 - "POST /v1/chat/completions HTTP/1.1" 200 OK
INFO:     127.0.0.1:65118 - "POST /api/v1/ai-models/0cefc294-b887-4ca2-89d6-bb3b9df56b29/test HTTP/1.1" 200 OK
INFO:     127.0.0.1:65118 - "POST /api/v1/ai-models/0cefc294-b887-4ca2-89d6-bb3b9df56b29/enable HTTP/1.1" 200 OK
INFO:     127.0.0.1:65118 - "POST /api/v1/ai-channels/f3d6bda3-3ca2-4099-a2b0-c292e9f6109f/enable HTTP/1.1" 200 OK
INFO:     127.0.0.1:65118 - "POST /api/v1/ai-channels HTTP/1.1" 201 Created
INFO:     127.0.0.1:65118 - "POST /api/v1/ai-channels/c6dae6cb-18f3-46c9-bf4b-cc90d6dc90a1/headers HTTP/1.1" 201 Created
INFO:     127.0.0.1:65118 - "POST /api/v1/ai-channels/c6dae6cb-18f3-46c9-bf4b-cc90d6dc90a1/headers HTTP/1.1" 201 Created
INFO:     127.0.0.1:65118 - "POST /api/v1/ai-channels/c6dae6cb-18f3-46c9-bf4b-cc90d6dc90a1/models HTTP/1.1" 201 Created
INFO:     127.0.0.1:65141 - "POST /v1/chat/completions HTTP/1.1" 200 OK
INFO:     127.0.0.1:65118 - "POST /api/v1/ai-models/1558aec3-aec6-48b3-9ff6-e3341f8a16c0/test HTTP/1.1" 200 OK
INFO:     127.0.0.1:65118 - "POST /api/v1/ai-models/1558aec3-aec6-48b3-9ff6-e3341f8a16c0/enable HTTP/1.1" 200 OK
INFO:     127.0.0.1:65118 - "POST /api/v1/ai-channels/c6dae6cb-18f3-46c9-bf4b-cc90d6dc90a1/enable HTTP/1.1" 200 OK
INFO:     127.0.0.1:65148 - "GET /api/v1/auth/session HTTP/1.1" 200 OK
INFO:     127.0.0.1:65150 - "OPTIONS /api/v1/products HTTP/1.1" 200 OK
INFO:     127.0.0.1:65148 - "POST /api/v1/products HTTP/1.1" 201 Created
INFO:     127.0.0.1:65148 - "GET /api/v1/products/1bf22475-31d6-4a7f-bceb-6308115c0a57/detail HTTP/1.1" 200 OK
INFO:     127.0.0.1:65148 - "GET /api/v1/auth/session HTTP/1.1" 200 OK
INFO:     127.0.0.1:65148 - "GET /api/v1/products/1bf22475-31d6-4a7f-bceb-6308115c0a57/facts HTTP/1.1" 200 OK
INFO:     127.0.0.1:65150 - "OPTIONS /api/v1/products/1bf22475-31d6-4a7f-bceb-6308115c0a57/facts HTTP/1.1" 200 OK
INFO:     127.0.0.1:65148 - "PUT /api/v1/products/1bf22475-31d6-4a7f-bceb-6308115c0a57/facts HTTP/1.1" 200 OK
INFO:     127.0.0.1:65150 - "OPTIONS /api/v1/products/1bf22475-31d6-4a7f-bceb-6308115c0a57/fact-review-submissions HTTP/1.1" 200 OK
INFO:     127.0.0.1:65163 - "GET /api/v1/auth/session HTTP/1.1" 200 OK
INFO:     127.0.0.1:65163 - "GET /api/v1/products?page=1&page_size=20&sort=UPDATED_DESC HTTP/1.1" 200 OK
INFO:     127.0.0.1:65163 - "GET /api/v1/products?page=1&page_size=20&search=AI-V2-016fc393&sort=UPDATED_DESC HTTP/1.1" 200 OK
INFO:     127.0.0.1:65163 - "GET /api/v1/auth/session HTTP/1.1" 200 OK
INFO:     127.0.0.1:65163 - "GET /api/v1/products/1bf22475-31d6-4a7f-bceb-6308115c0a57/fact-review-context HTTP/1.1" 200 OK
INFO:     127.0.0.1:65150 - "OPTIONS /api/v1/fact-versions/f42f0a22-047a-499f-a4fc-bef3379421c9/approve HTTP/1.1" 200 OK
INFO:     127.0.0.1:65163 - "POST /api/v1/fact-versions/f42f0a22-047a-499f-a4fc-bef3379421c9/approve HTTP/1.1" 200 OK
INFO:     127.0.0.1:65166 - "GET /api/v1/auth/session HTTP/1.1" 200 OK
INFO:     127.0.0.1:65166 - "GET /api/v1/products/1bf22475-31d6-4a7f-bceb-6308115c0a57/detail HTTP/1.1" 200 OK
INFO:     127.0.0.1:65166 - "GET /api/v1/auth/session HTTP/1.1" 200 OK
INFO:     127.0.0.1:65166 - "GET /api/v1/content-tasks/creation-options?requested_product_id=1bf22475-31d6-4a7f-bceb-6308115c0a57 HTTP/1.1" 200 OK
INFO:     127.0.0.1:65150 - "OPTIONS /api/v1/content-tasks HTTP/1.1" 200 OK
INFO:     127.0.0.1:65166 - "POST /api/v1/content-tasks HTTP/1.1" 201 Created
INFO:     127.0.0.1:65166 - "GET /api/v1/content-tasks/af03cefd-103a-49b8-bb86-76ab5793d888/detail HTTP/1.1" 200 OK
INFO:     127.0.0.1:65166 - "GET /api/v1/auth/session HTTP/1.1" 200 OK
INFO:     127.0.0.1:65166 - "GET /api/v1/content-tasks/af03cefd-103a-49b8-bb86-76ab5793d888/editor-context HTTP/1.1" 200 OK
INFO:     127.0.0.1:65166 - "GET /api/v1/content-tasks/af03cefd-103a-49b8-bb86-76ab5793d888/generation-options HTTP/1.1" 200 OK
INFO:     127.0.0.1:65150 - "OPTIONS /api/v1/content-tasks/af03cefd-103a-49b8-bb86-76ab5793d888/generation-jobs HTTP/1.1" 200 OK
INFO:     127.0.0.1:65166 - "POST /api/v1/content-tasks/af03cefd-103a-49b8-bb86-76ab5793d888/generation-jobs HTTP/1.1" 202 Accepted
INFO:     127.0.0.1:65169 - "POST /v1/chat/completions HTTP/1.1" 200 OK
INFO:     127.0.0.1:65166 - "GET /api/v1/content-tasks/af03cefd-103a-49b8-bb86-76ab5793d888/generation-jobs HTTP/1.1" 200 OK
INFO:     127.0.0.1:65166 - "GET /api/v1/content-tasks/af03cefd-103a-49b8-bb86-76ab5793d888/generation-jobs HTTP/1.1" 200 OK
INFO:     127.0.0.1:65166 - "GET /api/v1/content-tasks/af03cefd-103a-49b8-bb86-76ab5793d888/editor-context HTTP/1.1" 200 OK
INFO:     127.0.0.1:65170 - "GET /api/v1/content-tasks/af03cefd-103a-49b8-bb86-76ab5793d888/editor-context HTTP/1.1" 200 OK
INFO:     127.0.0.1:65170 - "GET /api/v1/content-versions/16717ae7-f613-4d17-afc9-c7571f9eac81 HTTP/1.1" 200 OK
INFO:     127.0.0.1:65166 - "GET /api/v1/content-tasks/af03cefd-103a-49b8-bb86-76ab5793d888/generation-options HTTP/1.1" 200 OK
INFO:     127.0.0.1:65150 - "OPTIONS /api/v1/content-versions/16717ae7-f613-4d17-afc9-c7571f9eac81/humanization-jobs HTTP/1.1" 200 OK
INFO:     127.0.0.1:65166 - "POST /api/v1/content-versions/16717ae7-f613-4d17-afc9-c7571f9eac81/humanization-jobs HTTP/1.1" 202 Accepted
{"event":"E2E_HUMANIZATION_RESPONSE","job_id":"be82680c-ca2e-477b-9cb1-623875ab489b","request_id":"6be0f6cf-7bcd-4638-8ad5-5b25e6b0c9ab","status":"PENDING"}
INFO:     127.0.0.1:65166 - "GET /api/v1/content-tasks/af03cefd-103a-49b8-bb86-76ab5793d888/generation-jobs HTTP/1.1" 200 OK
INFO:     127.0.0.1:65171 - "POST /v1/chat/completions HTTP/1.1" 200 OK
INFO:     127.0.0.1:65166 - "GET /api/v1/content-tasks/af03cefd-103a-49b8-bb86-76ab5793d888/generation-jobs HTTP/1.1" 200 OK
INFO:     127.0.0.1:65166 - "GET /api/v1/content-tasks/af03cefd-103a-49b8-bb86-76ab5793d888/editor-context HTTP/1.1" 200 OK
INFO:     127.0.0.1:65170 - "GET /api/v1/content-tasks/af03cefd-103a-49b8-bb86-76ab5793d888/editor-context HTTP/1.1" 200 OK
INFO:     127.0.0.1:65170 - "GET /api/v1/generation-jobs/be82680c-ca2e-477b-9cb1-623875ab489b HTTP/1.1" 200 OK
INFO:     127.0.0.1:65170 - "GET /api/v1/content-versions/16717ae7-f613-4d17-afc9-c7571f9eac81 HTTP/1.1" 200 OK
{"attempt_count":1,"content_version_id":"504a5e12-2a77-41d7-b73b-ba2c9a0f4400","event":"E2E_HUMANIZATION_TERMINAL","finished_at":"2026-10-05T06:32:34.054252Z","job_id":"be82680c-ca2e-477b-9cb1-623875ab489b","provider_request_id":"e2e-provider-request","started_at":"2026-10-05T06:32:34.013900Z","status":"SUCCEEDED"}
INFO:     127.0.0.1:65166 - "GET /api/v1/auth/session HTTP/1.1" 200 OK
INFO:     127.0.0.1:65166 - "GET /api/v1/products/1bf22475-31d6-4a7f-bceb-6308115c0a57/detail HTTP/1.1" 200 OK
INFO:     127.0.0.1:65166 - "GET /api/v1/auth/session HTTP/1.1" 200 OK
INFO:     127.0.0.1:65166 - "GET /api/v1/content-tasks/creation-options?requested_product_id=1bf22475-31d6-4a7f-bceb-6308115c0a57 HTTP/1.1" 200 OK
INFO:     127.0.0.1:65166 - "POST /api/v1/content-tasks HTTP/1.1" 201 Created
INFO:     127.0.0.1:65166 - "GET /api/v1/content-tasks/9acc7a42-4fad-44b3-a087-2ed8d036fd90/detail HTTP/1.1" 200 OK
INFO:     127.0.0.1:65166 - "GET /api/v1/auth/session HTTP/1.1" 200 OK
INFO:     127.0.0.1:65166 - "GET /api/v1/content-tasks/9acc7a42-4fad-44b3-a087-2ed8d036fd90/editor-context HTTP/1.1" 200 OK
INFO:     127.0.0.1:65166 - "GET /api/v1/content-tasks/9acc7a42-4fad-44b3-a087-2ed8d036fd90/generation-options HTTP/1.1" 200 OK
INFO:     127.0.0.1:65150 - "OPTIONS /api/v1/content-tasks/9acc7a42-4fad-44b3-a087-2ed8d036fd90/generation-jobs HTTP/1.1" 200 OK
INFO:     127.0.0.1:65166 - "POST /api/v1/content-tasks/9acc7a42-4fad-44b3-a087-2ed8d036fd90/generation-jobs HTTP/1.1" 202 Accepted
INFO:     127.0.0.1:65166 - "GET /api/v1/content-tasks/9acc7a42-4fad-44b3-a087-2ed8d036fd90/generation-jobs HTTP/1.1" 200 OK
INFO:     127.0.0.1:65166 - "GET /api/v1/content-tasks/9acc7a42-4fad-44b3-a087-2ed8d036fd90/generation-jobs HTTP/1.1" 200 OK
INFO:     127.0.0.1:65166 - "GET /api/v1/content-tasks/9acc7a42-4fad-44b3-a087-2ed8d036fd90/generation-jobs HTTP/1.1" 200 OK
INFO:     127.0.0.1:65166 - "GET /api/v1/content-tasks/9acc7a42-4fad-44b3-a087-2ed8d036fd90/generation-jobs HTTP/1.1" 200 OK
INFO:     127.0.0.1:65166 - "GET /api/v1/content-tasks/9acc7a42-4fad-44b3-a087-2ed8d036fd90/generation-jobs HTTP/1.1" 200 OK
[2026-10-04 23:32:48,106: ERROR/MainProcess] AI 作业失败 job_id=61f614c8-ad3f-488d-9574-ef0677ce2be0 job_type=GENERATE source_content_version_id=None status=FAILED error_code=AI_PROVIDER_TIMEOUT error_type=PinnedTransportError
INFO:     127.0.0.1:65166 - "GET /api/v1/content-tasks/9acc7a42-4fad-44b3-a087-2ed8d036fd90/generation-jobs HTTP/1.1" 200 OK
INFO:     127.0.0.1:65166 - "GET /api/v1/content-tasks/9acc7a42-4fad-44b3-a087-2ed8d036fd90/editor-context HTTP/1.1" 200 OK
INFO:     127.0.0.1:65180 - "GET /api/v1/content-tasks/9acc7a42-4fad-44b3-a087-2ed8d036fd90/editor-context HTTP/1.1" 200 OK
INFO:     127.0.0.1:65180 - "GET /api/v1/generation-jobs/61f614c8-ad3f-488d-9574-ef0677ce2be0 HTTP/1.1" 200 OK
INFO:     127.0.0.1:65166 - "GET /api/v1/generation-jobs/61f614c8-ad3f-488d-9574-ef0677ce2be0 HTTP/1.1" 200 OK
INFO:     127.0.0.1:65180 - "PUT /api/v1/ai-channels/c6dae6cb-18f3-46c9-bf4b-cc90d6dc90a1/api-key HTTP/1.1" 200 OK
INFO:     127.0.0.1:65180 - "PATCH /api/v1/ai-channel-headers/b04b17b0-fd66-4e59-9678-97e1eab5df29 HTTP/1.1" 200 OK
INFO:     127.0.0.1:65182 - "GET /api/v1/ai-channels/c6dae6cb-18f3-46c9-bf4b-cc90d6dc90a1/models HTTP/1.1" 200 OK
INFO:     127.0.0.1:65183 - "POST /v1/chat/completions HTTP/1.1" 200 OK
INFO:     127.0.0.1:65180 - "POST /api/v1/ai-models/1558aec3-aec6-48b3-9ff6-e3341f8a16c0/test HTTP/1.1" 200 OK
INFO:     127.0.0.1:65180 - "POST /api/v1/ai-models/1558aec3-aec6-48b3-9ff6-e3341f8a16c0/enable HTTP/1.1" 200 OK
INFO:     127.0.0.1:65180 - "POST /api/v1/ai-channels/c6dae6cb-18f3-46c9-bf4b-cc90d6dc90a1/enable HTTP/1.1" 200 OK
INFO:     127.0.0.1:65184 - "OPTIONS /api/v1/generation-jobs/61f614c8-ad3f-488d-9574-ef0677ce2be0/retry HTTP/1.1" 200 OK
INFO:     127.0.0.1:65166 - "POST /api/v1/generation-jobs/61f614c8-ad3f-488d-9574-ef0677ce2be0/retry HTTP/1.1" 202 Accepted
INFO:     127.0.0.1:65185 - "POST /v1/chat/completions HTTP/1.1" 200 OK
INFO:     127.0.0.1:65166 - "GET /api/v1/content-tasks/9acc7a42-4fad-44b3-a087-2ed8d036fd90/generation-jobs HTTP/1.1" 200 OK
INFO:     127.0.0.1:65166 - "GET /api/v1/content-tasks/9acc7a42-4fad-44b3-a087-2ed8d036fd90/generation-jobs HTTP/1.1" 200 OK
INFO:     127.0.0.1:65166 - "GET /api/v1/content-tasks/9acc7a42-4fad-44b3-a087-2ed8d036fd90/editor-context HTTP/1.1" 200 OK
INFO:     127.0.0.1:65180 - "GET /api/v1/content-tasks/9acc7a42-4fad-44b3-a087-2ed8d036fd90/editor-context HTTP/1.1" 200 OK
INFO:     127.0.0.1:65180 - "GET /api/v1/generation-jobs/9ee31017-f314-4954-997f-1603c1101372 HTTP/1.1" 200 OK
INFO:     127.0.0.1:65186 - "GET /e2e/calls/e2e-timeout-model-016fc393 HTTP/1.1" 200 OK
  ✓   3 [foundation-desktop] › tests/e2e/content-ai-real-stack.spec.ts:269:1 › AI Production：成功、自然化、失败详情与 exact snapshot retry (23.4s)
INFO:     127.0.0.1:65180 - "POST /api/v1/auth/login HTTP/1.1" 200 OK
INFO:     127.0.0.1:65180 - "POST /api/v1/platform-types HTTP/1.1" 201 Created
INFO:     127.0.0.1:65180 - "POST /api/v1/platform-profiles HTTP/1.1" 201 Created
INFO:     127.0.0.1:65193 - "GET /api/v1/auth/session HTTP/1.1" 200 OK
INFO:     127.0.0.1:65194 - "OPTIONS /api/v1/products HTTP/1.1" 200 OK
INFO:     127.0.0.1:65193 - "POST /api/v1/products HTTP/1.1" 201 Created
INFO:     127.0.0.1:65193 - "GET /api/v1/products/ecf8ee54-72c7-4dc6-aed0-97070028e45b/detail HTTP/1.1" 200 OK
INFO:     127.0.0.1:65193 - "GET /api/v1/auth/session HTTP/1.1" 200 OK
INFO:     127.0.0.1:65193 - "GET /api/v1/products/ecf8ee54-72c7-4dc6-aed0-97070028e45b/facts HTTP/1.1" 200 OK
INFO:     127.0.0.1:65194 - "OPTIONS /api/v1/products/ecf8ee54-72c7-4dc6-aed0-97070028e45b/facts HTTP/1.1" 200 OK
INFO:     127.0.0.1:65193 - "PUT /api/v1/products/ecf8ee54-72c7-4dc6-aed0-97070028e45b/facts HTTP/1.1" 200 OK
INFO:     127.0.0.1:65194 - "OPTIONS /api/v1/products/ecf8ee54-72c7-4dc6-aed0-97070028e45b/fact-review-submissions HTTP/1.1" 200 OK
INFO:     127.0.0.1:65195 - "GET /api/v1/auth/session HTTP/1.1" 200 OK
INFO:     127.0.0.1:65195 - "GET /api/v1/products?page=1&page_size=20&sort=UPDATED_DESC HTTP/1.1" 200 OK
INFO:     127.0.0.1:65195 - "GET /api/v1/products?page=1&page_size=20&search=CR-6dbe6d6f&sort=UPDATED_DESC HTTP/1.1" 200 OK
INFO:     127.0.0.1:65195 - "GET /api/v1/auth/session HTTP/1.1" 200 OK
INFO:     127.0.0.1:65195 - "GET /api/v1/products/ecf8ee54-72c7-4dc6-aed0-97070028e45b/fact-review-context HTTP/1.1" 200 OK
INFO:     127.0.0.1:65194 - "OPTIONS /api/v1/fact-versions/62886cff-9f6d-4c46-90e8-007e88f719e3/approve HTTP/1.1" 200 OK
INFO:     127.0.0.1:65195 - "POST /api/v1/fact-versions/62886cff-9f6d-4c46-90e8-007e88f719e3/approve HTTP/1.1" 200 OK
INFO:     127.0.0.1:65195 - "GET /api/v1/products/ecf8ee54-72c7-4dc6-aed0-97070028e45b/fact-review-context HTTP/1.1" 200 OK
INFO:     127.0.0.1:65195 - "GET /api/v1/auth/session HTTP/1.1" 200 OK
INFO:     127.0.0.1:65195 - "GET /api/v1/products/ecf8ee54-72c7-4dc6-aed0-97070028e45b/detail HTTP/1.1" 200 OK
INFO:     127.0.0.1:65195 - "GET /api/v1/auth/session HTTP/1.1" 200 OK
INFO:     127.0.0.1:65195 - "GET /api/v1/content-tasks/creation-options?requested_product_id=ecf8ee54-72c7-4dc6-aed0-97070028e45b HTTP/1.1" 200 OK
INFO:     127.0.0.1:65194 - "OPTIONS /api/v1/content-tasks HTTP/1.1" 200 OK
INFO:     127.0.0.1:65195 - "POST /api/v1/content-tasks HTTP/1.1" 201 Created
INFO:     127.0.0.1:65195 - "GET /api/v1/content-tasks/60bc06ca-01c5-42c3-9715-e4d81079b7aa/detail HTTP/1.1" 200 OK
INFO:     127.0.0.1:65195 - "GET /api/v1/auth/session HTTP/1.1" 200 OK
INFO:     127.0.0.1:65195 - "GET /api/v1/content-tasks/60bc06ca-01c5-42c3-9715-e4d81079b7aa/editor-context HTTP/1.1" 200 OK
INFO:     127.0.0.1:65194 - "OPTIONS /api/v1/content-tasks/60bc06ca-01c5-42c3-9715-e4d81079b7aa/manual-versions HTTP/1.1" 200 OK
INFO:     127.0.0.1:65195 - "POST /api/v1/content-tasks/60bc06ca-01c5-42c3-9715-e4d81079b7aa/manual-versions HTTP/1.1" 201 Created
INFO:     127.0.0.1:65195 - "GET /api/v1/content-tasks/60bc06ca-01c5-42c3-9715-e4d81079b7aa/editor-context HTTP/1.1" 200 OK
INFO:     127.0.0.1:65194 - "OPTIONS /api/v1/content-versions/de07e13a-3235-4778-9ac9-793548350ba0 HTTP/1.1" 200 OK
INFO:     127.0.0.1:65195 - "PUT /api/v1/content-versions/de07e13a-3235-4778-9ac9-793548350ba0 HTTP/1.1" 200 OK
INFO:     127.0.0.1:65195 - "GET /api/v1/content-tasks/60bc06ca-01c5-42c3-9715-e4d81079b7aa/editor-context HTTP/1.1" 200 OK
INFO:     127.0.0.1:65194 - "OPTIONS /api/v1/content-versions/de07e13a-3235-4778-9ac9-793548350ba0/submit-review HTTP/1.1" 200 OK
INFO:     127.0.0.1:65195 - "POST /api/v1/content-versions/de07e13a-3235-4778-9ac9-793548350ba0/submit-review HTTP/1.1" 200 OK
INFO:     127.0.0.1:65195 - "GET /api/v1/content-tasks/60bc06ca-01c5-42c3-9715-e4d81079b7aa/editor-context HTTP/1.1" 200 OK
INFO:     127.0.0.1:65195 - "GET /api/v1/content-tasks/60bc06ca-01c5-42c3-9715-e4d81079b7aa/detail HTTP/1.1" 200 OK
INFO:     127.0.0.1:65195 - "GET /api/v1/auth/session HTTP/1.1" 200 OK
INFO:     127.0.0.1:65195 - "GET /api/v1/content-tasks/60bc06ca-01c5-42c3-9715-e4d81079b7aa/review-context HTTP/1.1" 200 OK
INFO:     127.0.0.1:65195 - "GET /api/v1/auth/session HTTP/1.1" 200 OK
INFO:     127.0.0.1:65195 - "GET /api/v1/workbench HTTP/1.1" 200 OK
INFO:     127.0.0.1:65195 - "GET /api/v1/auth/session HTTP/1.1" 200 OK
INFO:     127.0.0.1:65195 - "GET /api/v1/content-tasks/60bc06ca-01c5-42c3-9715-e4d81079b7aa/review-context HTTP/1.1" 200 OK
INFO:     127.0.0.1:65180 - "GET /api/v1/content-tasks/60bc06ca-01c5-42c3-9715-e4d81079b7aa/review-context HTTP/1.1" 200 OK
INFO:     127.0.0.1:65194 - "OPTIONS /api/v1/content-versions/de07e13a-3235-4778-9ac9-793548350ba0/approve HTTP/1.1" 200 OK
INFO:     127.0.0.1:65195 - "POST /api/v1/content-versions/de07e13a-3235-4778-9ac9-793548350ba0/approve HTTP/1.1" 200 OK
INFO:     127.0.0.1:65195 - "GET /api/v1/content-tasks/60bc06ca-01c5-42c3-9715-e4d81079b7aa/review-context HTTP/1.1" 200 OK
INFO:     127.0.0.1:65180 - "GET /api/v1/content-tasks/60bc06ca-01c5-42c3-9715-e4d81079b7aa/review-context HTTP/1.1" 200 OK
INFO:     127.0.0.1:65195 - "GET /api/v1/auth/session HTTP/1.1" 200 OK
INFO:     127.0.0.1:65195 - "GET /api/v1/content-tasks/60bc06ca-01c5-42c3-9715-e4d81079b7aa/detail HTTP/1.1" 200 OK
INFO:     127.0.0.1:65180 - "GET /api/v1/content-tasks/60bc06ca-01c5-42c3-9715-e4d81079b7aa/detail HTTP/1.1" 200 OK
INFO:     127.0.0.1:65195 - "GET /api/v1/auth/session HTTP/1.1" 200 OK
INFO:     127.0.0.1:65195 - "GET /api/v1/content-versions/de07e13a-3235-4778-9ac9-793548350ba0/detail HTTP/1.1" 200 OK
INFO:     127.0.0.1:65180 - "GET /api/v1/content-versions/de07e13a-3235-4778-9ac9-793548350ba0/detail HTTP/1.1" 200 OK
  ✓   4 [foundation-desktop] › tests/e2e/content-review-real-stack.spec.ts:200:1 › Flow A：人工内容批准后进入只读版本并出现发布交接 (4.2s)
INFO:     127.0.0.1:65180 - "POST /api/v1/auth/login HTTP/1.1" 200 OK
INFO:     127.0.0.1:65180 - "POST /api/v1/platform-types HTTP/1.1" 201 Created
INFO:     127.0.0.1:65180 - "POST /api/v1/platform-profiles HTTP/1.1" 201 Created
INFO:     127.0.0.1:65202 - "GET /api/v1/auth/session HTTP/1.1" 200 OK
INFO:     127.0.0.1:65203 - "OPTIONS /api/v1/products HTTP/1.1" 200 OK
INFO:     127.0.0.1:65202 - "POST /api/v1/products HTTP/1.1" 201 Created
INFO:     127.0.0.1:65202 - "GET /api/v1/products/9d7ebb03-673e-4263-aa9f-091e62fcd3a2/detail HTTP/1.1" 200 OK
INFO:     127.0.0.1:65202 - "GET /api/v1/auth/session HTTP/1.1" 200 OK
INFO:     127.0.0.1:65202 - "GET /api/v1/products/9d7ebb03-673e-4263-aa9f-091e62fcd3a2/facts HTTP/1.1" 200 OK
INFO:     127.0.0.1:65203 - "OPTIONS /api/v1/products/9d7ebb03-673e-4263-aa9f-091e62fcd3a2/facts HTTP/1.1" 200 OK
INFO:     127.0.0.1:65202 - "PUT /api/v1/products/9d7ebb03-673e-4263-aa9f-091e62fcd3a2/facts HTTP/1.1" 200 OK
INFO:     127.0.0.1:65203 - "OPTIONS /api/v1/products/9d7ebb03-673e-4263-aa9f-091e62fcd3a2/fact-review-submissions HTTP/1.1" 200 OK
INFO:     127.0.0.1:65204 - "GET /api/v1/auth/session HTTP/1.1" 200 OK
INFO:     127.0.0.1:65204 - "GET /api/v1/products?page=1&page_size=20&sort=UPDATED_DESC HTTP/1.1" 200 OK
INFO:     127.0.0.1:65204 - "GET /api/v1/products?page=1&page_size=20&search=CR-2c0164e9&sort=UPDATED_DESC HTTP/1.1" 200 OK
INFO:     127.0.0.1:65204 - "GET /api/v1/auth/session HTTP/1.1" 200 OK
INFO:     127.0.0.1:65204 - "GET /api/v1/products/9d7ebb03-673e-4263-aa9f-091e62fcd3a2/fact-review-context HTTP/1.1" 200 OK
INFO:     127.0.0.1:65203 - "OPTIONS /api/v1/fact-versions/170e0604-bfbe-4fb7-8955-e14b5eca0848/approve HTTP/1.1" 200 OK
INFO:     127.0.0.1:65204 - "POST /api/v1/fact-versions/170e0604-bfbe-4fb7-8955-e14b5eca0848/approve HTTP/1.1" 200 OK
INFO:     127.0.0.1:65204 - "GET /api/v1/products/9d7ebb03-673e-4263-aa9f-091e62fcd3a2/fact-review-context HTTP/1.1" 200 OK
INFO:     127.0.0.1:65204 - "GET /api/v1/auth/session HTTP/1.1" 200 OK
INFO:     127.0.0.1:65204 - "GET /api/v1/products/9d7ebb03-673e-4263-aa9f-091e62fcd3a2/detail HTTP/1.1" 200 OK
INFO:     127.0.0.1:65204 - "GET /api/v1/auth/session HTTP/1.1" 200 OK
INFO:     127.0.0.1:65204 - "GET /api/v1/content-tasks/creation-options?requested_product_id=9d7ebb03-673e-4263-aa9f-091e62fcd3a2 HTTP/1.1" 200 OK
INFO:     127.0.0.1:65203 - "OPTIONS /api/v1/content-tasks HTTP/1.1" 200 OK
INFO:     127.0.0.1:65204 - "POST /api/v1/content-tasks HTTP/1.1" 201 Created
INFO:     127.0.0.1:65204 - "GET /api/v1/content-tasks/de8e4c2c-df13-46d9-8a24-4059fa426f42/detail HTTP/1.1" 200 OK
INFO:     127.0.0.1:65204 - "GET /api/v1/auth/session HTTP/1.1" 200 OK
INFO:     127.0.0.1:65204 - "GET /api/v1/content-tasks/de8e4c2c-df13-46d9-8a24-4059fa426f42/editor-context HTTP/1.1" 200 OK
INFO:     127.0.0.1:65203 - "OPTIONS /api/v1/content-tasks/de8e4c2c-df13-46d9-8a24-4059fa426f42/manual-versions HTTP/1.1" 200 OK
INFO:     127.0.0.1:65204 - "POST /api/v1/content-tasks/de8e4c2c-df13-46d9-8a24-4059fa426f42/manual-versions HTTP/1.1" 201 Created
INFO:     127.0.0.1:65204 - "GET /api/v1/content-tasks/de8e4c2c-df13-46d9-8a24-4059fa426f42/editor-context HTTP/1.1" 200 OK
INFO:     127.0.0.1:65203 - "OPTIONS /api/v1/content-versions/bb4bee12-9482-43f6-81fe-e193de16002a HTTP/1.1" 200 OK
INFO:     127.0.0.1:65204 - "PUT /api/v1/content-versions/bb4bee12-9482-43f6-81fe-e193de16002a HTTP/1.1" 200 OK
INFO:     127.0.0.1:65204 - "GET /api/v1/content-tasks/de8e4c2c-df13-46d9-8a24-4059fa426f42/editor-context HTTP/1.1" 200 OK
INFO:     127.0.0.1:65203 - "OPTIONS /api/v1/content-versions/bb4bee12-9482-43f6-81fe-e193de16002a/submit-review HTTP/1.1" 200 OK
INFO:     127.0.0.1:65204 - "POST /api/v1/content-versions/bb4bee12-9482-43f6-81fe-e193de16002a/submit-review HTTP/1.1" 200 OK
INFO:     127.0.0.1:65204 - "GET /api/v1/content-tasks/de8e4c2c-df13-46d9-8a24-4059fa426f42/editor-context HTTP/1.1" 200 OK
INFO:     127.0.0.1:65204 - "GET /api/v1/content-tasks/de8e4c2c-df13-46d9-8a24-4059fa426f42/detail HTTP/1.1" 200 OK
INFO:     127.0.0.1:65204 - "GET /api/v1/auth/session HTTP/1.1" 200 OK
INFO:     127.0.0.1:65204 - "GET /api/v1/content-tasks/de8e4c2c-df13-46d9-8a24-4059fa426f42/review-context HTTP/1.1" 200 OK
INFO:     127.0.0.1:65180 - "GET /api/v1/content-tasks/de8e4c2c-df13-46d9-8a24-4059fa426f42/review-context HTTP/1.1" 200 OK
INFO:     127.0.0.1:65203 - "OPTIONS /api/v1/content-versions/bb4bee12-9482-43f6-81fe-e193de16002a/request-changes HTTP/1.1" 200 OK
INFO:     127.0.0.1:65204 - "POST /api/v1/content-versions/bb4bee12-9482-43f6-81fe-e193de16002a/request-changes HTTP/1.1" 200 OK
INFO:     127.0.0.1:65204 - "GET /api/v1/content-tasks/de8e4c2c-df13-46d9-8a24-4059fa426f42/review-context HTTP/1.1" 200 OK
INFO:     127.0.0.1:65180 - "GET /api/v1/content-tasks/de8e4c2c-df13-46d9-8a24-4059fa426f42/review-context HTTP/1.1" 200 OK
INFO:     127.0.0.1:65204 - "GET /api/v1/auth/session HTTP/1.1" 200 OK
INFO:     127.0.0.1:65204 - "GET /api/v1/content-tasks/de8e4c2c-df13-46d9-8a24-4059fa426f42/detail HTTP/1.1" 200 OK
INFO:     127.0.0.1:65204 - "GET /api/v1/auth/session HTTP/1.1" 200 OK
INFO:     127.0.0.1:65204 - "GET /api/v1/content-tasks/de8e4c2c-df13-46d9-8a24-4059fa426f42/editor-context HTTP/1.1" 200 OK
INFO:     127.0.0.1:65203 - "OPTIONS /api/v1/content-versions/bb4bee12-9482-43f6-81fe-e193de16002a/revisions HTTP/1.1" 200 OK
INFO:     127.0.0.1:65204 - "POST /api/v1/content-versions/bb4bee12-9482-43f6-81fe-e193de16002a/revisions HTTP/1.1" 201 Created
INFO:     127.0.0.1:65204 - "GET /api/v1/content-tasks/de8e4c2c-df13-46d9-8a24-4059fa426f42/editor-context HTTP/1.1" 200 OK
INFO:     127.0.0.1:65203 - "OPTIONS /api/v1/content-versions/7605c69a-86b1-48e2-a632-5326e06ccd4f HTTP/1.1" 200 OK
INFO:     127.0.0.1:65204 - "PUT /api/v1/content-versions/7605c69a-86b1-48e2-a632-5326e06ccd4f HTTP/1.1" 200 OK
INFO:     127.0.0.1:65204 - "GET /api/v1/content-tasks/de8e4c2c-df13-46d9-8a24-4059fa426f42/editor-context HTTP/1.1" 200 OK
INFO:     127.0.0.1:65203 - "OPTIONS /api/v1/content-versions/7605c69a-86b1-48e2-a632-5326e06ccd4f/submit-review HTTP/1.1" 200 OK
INFO:     127.0.0.1:65204 - "POST /api/v1/content-versions/7605c69a-86b1-48e2-a632-5326e06ccd4f/submit-review HTTP/1.1" 200 OK
INFO:     127.0.0.1:65204 - "GET /api/v1/content-tasks/de8e4c2c-df13-46d9-8a24-4059fa426f42/editor-context HTTP/1.1" 200 OK
INFO:     127.0.0.1:65204 - "GET /api/v1/content-tasks/de8e4c2c-df13-46d9-8a24-4059fa426f42/detail HTTP/1.1" 200 OK
INFO:     127.0.0.1:65204 - "GET /api/v1/auth/session HTTP/1.1" 200 OK
INFO:     127.0.0.1:65204 - "GET /api/v1/content-tasks/de8e4c2c-df13-46d9-8a24-4059fa426f42/review-context HTTP/1.1" 200 OK
INFO:     127.0.0.1:65203 - "OPTIONS /api/v1/content-versions/7605c69a-86b1-48e2-a632-5326e06ccd4f/approve HTTP/1.1" 200 OK
INFO:     127.0.0.1:65204 - "POST /api/v1/content-versions/7605c69a-86b1-48e2-a632-5326e06ccd4f/approve HTTP/1.1" 200 OK
INFO:     127.0.0.1:65204 - "GET /api/v1/content-tasks/de8e4c2c-df13-46d9-8a24-4059fa426f42/review-context HTTP/1.1" 200 OK
INFO:     127.0.0.1:65204 - "GET /api/v1/auth/session HTTP/1.1" 200 OK
INFO:     127.0.0.1:65204 - "GET /api/v1/content-tasks/de8e4c2c-df13-46d9-8a24-4059fa426f42/detail HTTP/1.1" 200 OK
INFO:     127.0.0.1:65180 - "GET /api/v1/content-tasks/de8e4c2c-df13-46d9-8a24-4059fa426f42/review-context HTTP/1.1" 200 OK
INFO:     127.0.0.1:65180 - "GET /api/v1/content-tasks/de8e4c2c-df13-46d9-8a24-4059fa426f42/detail HTTP/1.1" 200 OK
INFO:     127.0.0.1:65205 - "GET /api/v1/content-versions/7605c69a-86b1-48e2-a632-5326e06ccd4f/detail HTTP/1.1" 200 OK
INFO:     127.0.0.1:65180 - "GET /api/v1/content-versions/bb4bee12-9482-43f6-81fe-e193de16002a/detail HTTP/1.1" 200 OK
  ✓   5 [foundation-desktop] › tests/e2e/content-review-real-stack.spec.ts:293:1 › Flow B：退回后创建 HUMAN revision，重新送审批准且历史不串线 (5.4s)
INFO:     127.0.0.1:65180 - "POST /api/v1/auth/login HTTP/1.1" 200 OK
INFO:     127.0.0.1:65180 - "POST /api/v1/platform-types HTTP/1.1" 201 Created
INFO:     127.0.0.1:65180 - "POST /api/v1/platform-profiles HTTP/1.1" 201 Created
INFO:     127.0.0.1:65180 - "POST /api/v1/products HTTP/1.1" 201 Created
INFO:     127.0.0.1:65180 - "GET /api/v1/products/082a8c3e-7b71-4459-bba1-370a2b8cad1a/facts HTTP/1.1" 200 OK
INFO:     127.0.0.1:65180 - "PUT /api/v1/products/082a8c3e-7b71-4459-bba1-370a2b8cad1a/facts HTTP/1.1" 200 OK
INFO:     127.0.0.1:65180 - "POST /api/v1/products/082a8c3e-7b71-4459-bba1-370a2b8cad1a/fact-review-submissions HTTP/1.1" 201 Created
INFO:     127.0.0.1:65180 - "POST /api/v1/fact-versions/9eaf9dd9-e0dc-4a5a-8e75-81824a223aa5/approve HTTP/1.1" 200 OK
INFO:     127.0.0.1:65180 - "POST /api/v1/content-tasks HTTP/1.1" 201 Created
INFO:     127.0.0.1:65180 - "POST /api/v1/content-tasks/a1d0e59a-fd6f-4021-9c3d-4eeb54e575f1/manual-versions HTTP/1.1" 201 Created
INFO:     127.0.0.1:65212 - "GET /api/v1/auth/session HTTP/1.1" 200 OK
INFO:     127.0.0.1:65212 - "GET /api/v1/content-versions/ba99e8b5-b859-408e-9213-091913c2e4b2/detail HTTP/1.1" 200 OK
  ✓   6 [foundation-desktop] › tests/e2e/content-version-detail-real-stack.spec.ts:135:1 › 独立真实栈：单一 detail GET 读取 HUMAN 当前版本且页面无写入口 (460ms)
INFO:     127.0.0.1:65180 - "POST /api/v1/auth/login HTTP/1.1" 200 OK
INFO:     127.0.0.1:65180 - "POST /api/v1/platform-types HTTP/1.1" 201 Created
INFO:     127.0.0.1:65180 - "POST /api/v1/platform-profiles HTTP/1.1" 201 Created
INFO:     127.0.0.1:65180 - "POST /api/v1/platform-accounts HTTP/1.1" 201 Created
INFO:     127.0.0.1:65180 - "POST /api/v1/products HTTP/1.1" 201 Created
INFO:     127.0.0.1:65180 - "GET /api/v1/products/84064163-0b93-40cf-abe8-a86596a0022b/facts HTTP/1.1" 200 OK
INFO:     127.0.0.1:65180 - "PUT /api/v1/products/84064163-0b93-40cf-abe8-a86596a0022b/facts HTTP/1.1" 200 OK
INFO:     127.0.0.1:65180 - "POST /api/v1/products/84064163-0b93-40cf-abe8-a86596a0022b/fact-review-submissions HTTP/1.1" 201 Created
INFO:     127.0.0.1:65180 - "POST /api/v1/fact-versions/5a1ca628-cb59-424c-bc2d-94c05c17a6e9/approve HTTP/1.1" 200 OK
INFO:     127.0.0.1:65180 - "POST /api/v1/content-tasks HTTP/1.1" 201 Created
INFO:     127.0.0.1:65180 - "POST /api/v1/content-tasks/a60f479c-43c4-4b4d-8cf0-607487974086/manual-versions HTTP/1.1" 201 Created
INFO:     127.0.0.1:65180 - "POST /api/v1/content-versions/6719a743-67de-40ae-8aec-18f0265ecf72/submit-review HTTP/1.1" 200 OK
INFO:     127.0.0.1:65180 - "POST /api/v1/content-versions/6719a743-67de-40ae-8aec-18f0265ecf72/approve HTTP/1.1" 200 OK
INFO:     127.0.0.1:65180 - "POST /api/v1/publication-works HTTP/1.1" 201 Created
INFO:     127.0.0.1:65180 - "PUT /api/v1/publication-works/4e480dd9-99a5-4f28-a9f3-a69713f94b7c/result HTTP/1.1" 200 OK
INFO:     127.0.0.1:65180 - "POST /api/v1/publication-works/4e480dd9-99a5-4f28-a9f3-a69713f94b7c/verifications HTTP/1.1" 200 OK
INFO:     127.0.0.1:65180 - "GET /api/v1/published-articles/4e480dd9-99a5-4f28-a9f3-a69713f94b7c HTTP/1.1" 200 OK
INFO:     127.0.0.1:65180 - "POST /api/v1/query-topics HTTP/1.1" 201 Created
INFO:     127.0.0.1:65221 - "GET /api/v1/auth/session HTTP/1.1" 200 OK
INFO:     127.0.0.1:65221 - "GET /api/v1/products?page=1&page_size=20&sort=UPDATED_DESC HTTP/1.1" 200 OK
INFO:     127.0.0.1:65222 - "GET /api/v1/query-topics HTTP/1.1" 200 OK
INFO:     127.0.0.1:65222 - "GET /api/v1/products?page=1&page_size=20&search=GEO-99c6ee47&sort=UPDATED_DESC HTTP/1.1" 200 OK
INFO:     127.0.0.1:65222 - "GET /api/v1/geo-observation-publications?product_id=84064163-0b93-40cf-abe8-a86596a0022b HTTP/1.1" 200 OK
INFO:     127.0.0.1:65223 - "OPTIONS /api/v1/files/upload-intents HTTP/1.1" 200 OK
INFO:     127.0.0.1:65222 - "POST /api/v1/files/upload-intents HTTP/1.1" 201 Created
INFO:     127.0.0.1:65223 - "OPTIONS /api/v1/files/79a117b9-237e-4c8b-9050-d969de376307/content HTTP/1.1" 200 OK
INFO:     127.0.0.1:65222 - "PUT /api/v1/files/79a117b9-237e-4c8b-9050-d969de376307/content HTTP/1.1" 204 No Content
INFO:     127.0.0.1:65223 - "OPTIONS /api/v1/files/79a117b9-237e-4c8b-9050-d969de376307/complete HTTP/1.1" 200 OK
INFO:     127.0.0.1:65222 - "POST /api/v1/files/79a117b9-237e-4c8b-9050-d969de376307/complete HTTP/1.1" 200 OK
INFO:     127.0.0.1:65180 - "GET /api/v1/files/79a117b9-237e-4c8b-9050-d969de376307/download-url HTTP/1.1" 200 OK
INFO:     127.0.0.1:65223 - "OPTIONS /api/v1/geo-observations HTTP/1.1" 200 OK
INFO:     127.0.0.1:65222 - "POST /api/v1/geo-observations HTTP/1.1" 201 Created
INFO:     127.0.0.1:65222 - "GET /api/v1/geo-observations/e4eddd63-09ea-4f6e-8952-8480ed342c81/detail HTTP/1.1" 200 OK
INFO:     127.0.0.1:65222 - "GET /api/v1/auth/session HTTP/1.1" 200 OK
INFO:     127.0.0.1:65222 - "GET /api/v1/workbench HTTP/1.1" 200 OK
INFO:     127.0.0.1:65222 - "GET /api/v1/auth/session HTTP/1.1" 200 OK
INFO:     127.0.0.1:65222 - "GET /api/v1/geo-observations/e4eddd63-09ea-4f6e-8952-8480ed342c81/detail HTTP/1.1" 200 OK
INFO:     127.0.0.1:65222 - "GET /api/v1/auth/session HTTP/1.1" 200 OK
INFO:     127.0.0.1:65222 - "GET /api/v1/geo-observations/e4eddd63-09ea-4f6e-8952-8480ed342c81/correction-context HTTP/1.1" 200 OK
INFO:     127.0.0.1:65222 - "GET /api/v1/geo-observations/e4eddd63-09ea-4f6e-8952-8480ed342c81/correction-context HTTP/1.1" 200 OK
INFO:     127.0.0.1:65222 - "POST /api/v1/files/upload-intents HTTP/1.1" 201 Created
INFO:     127.0.0.1:65223 - "OPTIONS /api/v1/files/47e4cb39-fad3-47f3-a67e-c40768e738c7/content HTTP/1.1" 200 OK
INFO:     127.0.0.1:65222 - "PUT /api/v1/files/47e4cb39-fad3-47f3-a67e-c40768e738c7/content HTTP/1.1" 204 No Content
INFO:     127.0.0.1:65223 - "OPTIONS /api/v1/files/47e4cb39-fad3-47f3-a67e-c40768e738c7/complete HTTP/1.1" 200 OK
INFO:     127.0.0.1:65222 - "POST /api/v1/files/47e4cb39-fad3-47f3-a67e-c40768e738c7/complete HTTP/1.1" 200 OK
INFO:     127.0.0.1:65180 - "GET /api/v1/files/47e4cb39-fad3-47f3-a67e-c40768e738c7/download-url HTTP/1.1" 200 OK
INFO:     127.0.0.1:65222 - "POST /api/v1/geo-observations HTTP/1.1" 201 Created
INFO:     127.0.0.1:65222 - "GET /api/v1/geo-observations/e4eddd63-09ea-4f6e-8952-8480ed342c81/correction-context HTTP/1.1" 200 OK
INFO:     127.0.0.1:65221 - "GET /api/v1/geo-observations/30d76d2b-01db-461b-af36-4616abb5211a/detail HTTP/1.1" 200 OK
INFO:     127.0.0.1:65221 - "GET /api/v1/auth/session HTTP/1.1" 200 OK
INFO:     127.0.0.1:65221 - "GET /api/v1/workbench HTTP/1.1" 200 OK
INFO:     127.0.0.1:65221 - "GET /api/v1/auth/session HTTP/1.1" 200 OK
INFO:     127.0.0.1:65221 - "GET /api/v1/geo-observations/list-items?product_id=84064163-0b93-40cf-abe8-a86596a0022b&page=1&page_size=20 HTTP/1.1" 200 OK
INFO:     127.0.0.1:65221 - "GET /api/v1/auth/session HTTP/1.1" 200 OK
INFO:     127.0.0.1:65221 - "GET /api/v1/geo-observations/e4eddd63-09ea-4f6e-8952-8480ed342c81/detail HTTP/1.1" 200 OK
INFO:     127.0.0.1:65222 - "GET /api/v1/auth/session HTTP/1.1" 200 OK
INFO:     127.0.0.1:65222 - "GET /api/v1/geo/observation-batches?sort=CREATED_DESC&page=1&page_size=20 HTTP/1.1" 200 OK
INFO:     127.0.0.1:65222 - "GET /api/v1/geo-observations/list-items?page=1&page_size=20 HTTP/1.1" 200 OK
INFO:     127.0.0.1:65222 - "GET /api/v1/auth/session HTTP/1.1" 200 OK
INFO:     127.0.0.1:65222 - "GET /api/v1/geo-observations/list-items?product_id=84064163-0b93-40cf-abe8-a86596a0022b&page=1&page_size=20 HTTP/1.1" 200 OK
INFO:     127.0.0.1:65222 - "GET /api/v1/auth/session HTTP/1.1" 200 OK
INFO:     127.0.0.1:65222 - "GET /api/v1/geo-observations/e4eddd63-09ea-4f6e-8952-8480ed342c81/detail HTTP/1.1" 200 OK
INFO:     127.0.0.1:65180 - "GET /api/v1/geo-observations/e4eddd63-09ea-4f6e-8952-8480ed342c81/detail HTTP/1.1" 200 OK
INFO:     127.0.0.1:65180 - "GET /api/v1/geo-observations/30d76d2b-01db-461b-af36-4616abb5211a/detail HTTP/1.1" 200 OK
INFO:     127.0.0.1:65180 - "GET /api/v1/geo-observations/list-items?product_id=84064163-0b93-40cf-abe8-a86596a0022b&page=1&page_size=20 HTTP/1.1" 200 OK
  ✓   7 [foundation-desktop] › tests/e2e/geo-real-stack.spec.ts:346:1 › Flow A：新建 Observation 后追加 Correction，原记录保持不可变 (4.4s)
INFO:     127.0.0.1:65180 - "POST /api/v1/auth/login HTTP/1.1" 200 OK
INFO:     127.0.0.1:65180 - "POST /api/v1/platform-types HTTP/1.1" 201 Created
INFO:     127.0.0.1:65180 - "POST /api/v1/platform-profiles HTTP/1.1" 201 Created
INFO:     127.0.0.1:65180 - "POST /api/v1/platform-accounts HTTP/1.1" 201 Created
INFO:     127.0.0.1:65180 - "POST /api/v1/products HTTP/1.1" 201 Created
INFO:     127.0.0.1:65180 - "GET /api/v1/products/c4619cff-3d95-4a51-8603-242bf73316da/facts HTTP/1.1" 200 OK
INFO:     127.0.0.1:65180 - "PUT /api/v1/products/c4619cff-3d95-4a51-8603-242bf73316da/facts HTTP/1.1" 200 OK
INFO:     127.0.0.1:65180 - "POST /api/v1/products/c4619cff-3d95-4a51-8603-242bf73316da/fact-review-submissions HTTP/1.1" 201 Created
INFO:     127.0.0.1:65180 - "POST /api/v1/fact-versions/fbeb3211-bd7f-4e94-8d87-6534c7a73644/approve HTTP/1.1" 200 OK
INFO:     127.0.0.1:65180 - "POST /api/v1/content-tasks HTTP/1.1" 201 Created
INFO:     127.0.0.1:65180 - "POST /api/v1/content-tasks/93d699ad-0e90-45ea-ae5c-c0a99b5c73a4/manual-versions HTTP/1.1" 201 Created
INFO:     127.0.0.1:65180 - "POST /api/v1/content-versions/73faeb76-4c51-4a6d-9fd2-31865afa7207/submit-review HTTP/1.1" 200 OK
INFO:     127.0.0.1:65180 - "POST /api/v1/content-versions/73faeb76-4c51-4a6d-9fd2-31865afa7207/approve HTTP/1.1" 200 OK
INFO:     127.0.0.1:65180 - "POST /api/v1/publication-works HTTP/1.1" 201 Created
INFO:     127.0.0.1:65180 - "PUT /api/v1/publication-works/99584497-5f38-4c31-bb79-b0d87b1a0c1e/result HTTP/1.1" 200 OK
INFO:     127.0.0.1:65180 - "POST /api/v1/publication-works/99584497-5f38-4c31-bb79-b0d87b1a0c1e/verifications HTTP/1.1" 200 OK
INFO:     127.0.0.1:65180 - "GET /api/v1/published-articles/99584497-5f38-4c31-bb79-b0d87b1a0c1e HTTP/1.1" 200 OK
INFO:     127.0.0.1:65180 - "POST /api/v1/query-topics HTTP/1.1" 201 Created
INFO:     127.0.0.1:65180 - "POST /api/v1/geo-observations HTTP/1.1" 201 Created
INFO:     127.0.0.1:65180 - "POST /api/v1/geo-observations HTTP/1.1" 201 Created
INFO:     127.0.0.1:65180 - "POST /api/v1/geo-observations HTTP/1.1" 201 Created
INFO:     127.0.0.1:65180 - "POST /api/v1/geo-observations HTTP/1.1" 201 Created
INFO:     127.0.0.1:65180 - "POST /api/v1/geo-observations HTTP/1.1" 201 Created
INFO:     127.0.0.1:65180 - "POST /api/v1/geo-observations HTTP/1.1" 201 Created
INFO:     127.0.0.1:65245 - "GET /api/v1/auth/session HTTP/1.1" 200 OK
INFO:     127.0.0.1:65245 - "GET /api/v1/geo-insights?date_from=2026-07-01&date_to=2026-07-31&product_id=c4619cff-3d95-4a51-8603-242bf73316da&content_platform_id=ea293033-d13a-4dae-82ca-2092b703096d&published_article_id=99584497-5f38-4c31-bb79-b0d87b1a0c1e HTTP/1.1" 200 OK
INFO:     127.0.0.1:65245 - "GET /api/v1/content-tasks/creation-options?requested_product_id=c4619cff-3d95-4a51-8603-242bf73316da HTTP/1.1" 200 OK
INFO:     127.0.0.1:65246 - "OPTIONS /api/v1/geo-insights/optimization-content-tasks HTTP/1.1" 200 OK
INFO:     127.0.0.1:65245 - "POST /api/v1/geo-insights/optimization-content-tasks HTTP/1.1" 201 Created
INFO:     127.0.0.1:65245 - "GET /api/v1/geo-insights?date_from=2026-07-01&date_to=2026-07-31&product_id=c4619cff-3d95-4a51-8603-242bf73316da&content_platform_id=ea293033-d13a-4dae-82ca-2092b703096d&published_article_id=99584497-5f38-4c31-bb79-b0d87b1a0c1e HTTP/1.1" 200 OK
INFO:     127.0.0.1:65247 - "GET /api/v1/content-tasks/c9083064-b4bb-46c9-b89a-ed6b32ac960b/detail HTTP/1.1" 200 OK
INFO:     127.0.0.1:65180 - "GET /api/v1/content-tasks/c9083064-b4bb-46c9-b89a-ed6b32ac960b/detail HTTP/1.1" 200 OK
  ✓   8 [foundation-desktop] › tests/e2e/geo-real-stack.spec.ts:581:1 › Flow B：真实 Insights 复算异常并创建带不可变 GEO 来源的优化任务 (1.5s)
INFO:     127.0.0.1:65180 - "POST /api/v1/auth/login HTTP/1.1" 200 OK
INFO:     127.0.0.1:65180 - "POST /api/v1/platform-types HTTP/1.1" 201 Created
INFO:     127.0.0.1:65180 - "POST /api/v1/platform-profiles HTTP/1.1" 201 Created
INFO:     127.0.0.1:65254 - "GET /api/v1/auth/session HTTP/1.1" 200 OK
INFO:     127.0.0.1:65255 - "OPTIONS /api/v1/products HTTP/1.1" 200 OK
INFO:     127.0.0.1:65254 - "POST /api/v1/products HTTP/1.1" 201 Created
INFO:     127.0.0.1:65254 - "GET /api/v1/products/f9d4c164-c23b-49df-9930-098e8f65e8cb/detail HTTP/1.1" 200 OK
INFO:     127.0.0.1:65254 - "GET /api/v1/auth/session HTTP/1.1" 200 OK
INFO:     127.0.0.1:65254 - "GET /api/v1/products/f9d4c164-c23b-49df-9930-098e8f65e8cb/facts HTTP/1.1" 200 OK
INFO:     127.0.0.1:65255 - "OPTIONS /api/v1/products/f9d4c164-c23b-49df-9930-098e8f65e8cb/facts HTTP/1.1" 200 OK
INFO:     127.0.0.1:65254 - "PUT /api/v1/products/f9d4c164-c23b-49df-9930-098e8f65e8cb/facts HTTP/1.1" 200 OK
INFO:     127.0.0.1:65255 - "OPTIONS /api/v1/products/f9d4c164-c23b-49df-9930-098e8f65e8cb/fact-review-submissions HTTP/1.1" 200 OK
INFO:     127.0.0.1:65254 - "POST /api/v1/products/f9d4c164-c23b-49df-9930-098e8f65e8cb/fact-review-submissions HTTP/1.1" 201 Created
INFO:     127.0.0.1:65254 - "GET /api/v1/products/f9d4c164-c23b-49df-9930-098e8f65e8cb/facts HTTP/1.1" 200 OK
INFO:     127.0.0.1:65254 - "GET /api/v1/auth/session HTTP/1.1" 200 OK
INFO:     127.0.0.1:65254 - "GET /api/v1/workbench HTTP/1.1" 200 OK
INFO:     127.0.0.1:65254 - "GET /api/v1/auth/session HTTP/1.1" 200 OK
INFO:     127.0.0.1:65254 - "GET /api/v1/products/f9d4c164-c23b-49df-9930-098e8f65e8cb/fact-review-context HTTP/1.1" 200 OK
INFO:     127.0.0.1:65255 - "OPTIONS /api/v1/fact-versions/38ac0d8c-dfab-4e3f-8975-38a0505c8dd8/approve HTTP/1.1" 200 OK
INFO:     127.0.0.1:65254 - "POST /api/v1/fact-versions/38ac0d8c-dfab-4e3f-8975-38a0505c8dd8/approve HTTP/1.1" 200 OK
INFO:     127.0.0.1:65254 - "GET /api/v1/products/f9d4c164-c23b-49df-9930-098e8f65e8cb/fact-review-context HTTP/1.1" 200 OK
INFO:     127.0.0.1:65254 - "GET /api/v1/products?page=1&page_size=20&sort=UPDATED_DESC HTTP/1.1" 200 OK
INFO:     127.0.0.1:65254 - "GET /api/v1/products?page=1&page_size=20&search=PF-A-309611ac&sort=UPDATED_DESC HTTP/1.1" 200 OK
INFO:     127.0.0.1:65254 - "GET /api/v1/products/f9d4c164-c23b-49df-9930-098e8f65e8cb/detail HTTP/1.1" 200 OK
INFO:     127.0.0.1:65180 - "GET /api/v1/products/f9d4c164-c23b-49df-9930-098e8f65e8cb/detail HTTP/1.1" 200 OK
INFO:     127.0.0.1:65254 - "GET /api/v1/auth/session HTTP/1.1" 200 OK
INFO:     127.0.0.1:65254 - "GET /api/v1/content-tasks/creation-options?requested_product_id=f9d4c164-c23b-49df-9930-098e8f65e8cb HTTP/1.1" 200 OK
INFO:     127.0.0.1:65255 - "OPTIONS /api/v1/content-tasks HTTP/1.1" 200 OK
INFO:     127.0.0.1:65254 - "POST /api/v1/content-tasks HTTP/1.1" 201 Created
INFO:     127.0.0.1:65254 - "GET /api/v1/content-tasks/366ec3e3-a0f6-4c37-9ecb-5b2a0794bd24/detail HTTP/1.1" 200 OK
INFO:     127.0.0.1:65254 - "GET /api/v1/products?page=1&page_size=20&sort=UPDATED_DESC HTTP/1.1" 200 OK
INFO:     127.0.0.1:65254 - "GET /api/v1/products?page=1&page_size=20&search=PF-A-309611ac&sort=UPDATED_DESC HTTP/1.1" 200 OK
INFO:     127.0.0.1:65254 - "GET /api/v1/products/f9d4c164-c23b-49df-9930-098e8f65e8cb/detail HTTP/1.1" 200 OK
INFO:     127.0.0.1:65254 - "GET /api/v1/auth/session HTTP/1.1" 200 OK
INFO:     127.0.0.1:65254 - "GET /api/v1/fact-versions/38ac0d8c-dfab-4e3f-8975-38a0505c8dd8 HTTP/1.1" 200 OK
  ✓   9 [foundation-desktop] › tests/e2e/product-facts-real-stack.spec.ts:134:1 › Flow A：批准事实后展示不可变版本并交接 CREATE_CONTENT_TASK (2.9s)
INFO:     127.0.0.1:65180 - "POST /api/v1/auth/login HTTP/1.1" 200 OK
INFO:     127.0.0.1:65262 - "GET /api/v1/auth/session HTTP/1.1" 200 OK
INFO:     127.0.0.1:65263 - "OPTIONS /api/v1/products HTTP/1.1" 200 OK
INFO:     127.0.0.1:65262 - "POST /api/v1/products HTTP/1.1" 201 Created
INFO:     127.0.0.1:65262 - "GET /api/v1/products/270717b9-70fc-4835-ac22-be17ac9afd21/detail HTTP/1.1" 200 OK
INFO:     127.0.0.1:65262 - "GET /api/v1/auth/session HTTP/1.1" 200 OK
INFO:     127.0.0.1:65262 - "GET /api/v1/products/270717b9-70fc-4835-ac22-be17ac9afd21/facts HTTP/1.1" 200 OK
INFO:     127.0.0.1:65263 - "OPTIONS /api/v1/products/270717b9-70fc-4835-ac22-be17ac9afd21/facts HTTP/1.1" 200 OK
INFO:     127.0.0.1:65262 - "PUT /api/v1/products/270717b9-70fc-4835-ac22-be17ac9afd21/facts HTTP/1.1" 200 OK
INFO:     127.0.0.1:65263 - "OPTIONS /api/v1/products/270717b9-70fc-4835-ac22-be17ac9afd21/fact-review-submissions HTTP/1.1" 200 OK
INFO:     127.0.0.1:65262 - "POST /api/v1/products/270717b9-70fc-4835-ac22-be17ac9afd21/fact-review-submissions HTTP/1.1" 201 Created
INFO:     127.0.0.1:65262 - "GET /api/v1/products/270717b9-70fc-4835-ac22-be17ac9afd21/facts HTTP/1.1" 200 OK
INFO:     127.0.0.1:65262 - "GET /api/v1/products?page=1&page_size=20&sort=UPDATED_DESC HTTP/1.1" 200 OK
INFO:     127.0.0.1:65262 - "GET /api/v1/products?page=1&page_size=20&search=PF-B-f00933ff&sort=UPDATED_DESC HTTP/1.1" 200 OK
INFO:     127.0.0.1:65262 - "GET /api/v1/auth/session HTTP/1.1" 200 OK
INFO:     127.0.0.1:65262 - "GET /api/v1/products/270717b9-70fc-4835-ac22-be17ac9afd21/fact-review-context HTTP/1.1" 200 OK
INFO:     127.0.0.1:65263 - "OPTIONS /api/v1/fact-versions/f4a79d92-eaf0-4ca0-8d33-61f6fa8d9230/request-changes HTTP/1.1" 200 OK
INFO:     127.0.0.1:65262 - "POST /api/v1/fact-versions/f4a79d92-eaf0-4ca0-8d33-61f6fa8d9230/request-changes HTTP/1.1" 200 OK
INFO:     127.0.0.1:65262 - "GET /api/v1/products/270717b9-70fc-4835-ac22-be17ac9afd21/fact-review-context HTTP/1.1" 200 OK
INFO:     127.0.0.1:65262 - "GET /api/v1/products?page=1&page_size=20&sort=UPDATED_DESC HTTP/1.1" 200 OK
INFO:     127.0.0.1:65262 - "GET /api/v1/products?page=1&page_size=20&search=PF-B-f00933ff&sort=UPDATED_DESC HTTP/1.1" 200 OK
INFO:     127.0.0.1:65262 - "GET /api/v1/auth/session HTTP/1.1" 200 OK
INFO:     127.0.0.1:65262 - "GET /api/v1/products/270717b9-70fc-4835-ac22-be17ac9afd21/facts HTTP/1.1" 200 OK
INFO:     127.0.0.1:65262 - "PUT /api/v1/products/270717b9-70fc-4835-ac22-be17ac9afd21/facts HTTP/1.1" 200 OK
INFO:     127.0.0.1:65262 - "POST /api/v1/products/270717b9-70fc-4835-ac22-be17ac9afd21/fact-review-submissions HTTP/1.1" 201 Created
INFO:     127.0.0.1:65262 - "GET /api/v1/products/270717b9-70fc-4835-ac22-be17ac9afd21/facts HTTP/1.1" 200 OK
INFO:     127.0.0.1:65262 - "GET /api/v1/products?page=1&page_size=20&sort=UPDATED_DESC HTTP/1.1" 200 OK
INFO:     127.0.0.1:65262 - "GET /api/v1/products?page=1&page_size=20&search=PF-B-f00933ff&sort=UPDATED_DESC HTTP/1.1" 200 OK
INFO:     127.0.0.1:65262 - "GET /api/v1/auth/session HTTP/1.1" 200 OK
INFO:     127.0.0.1:65262 - "GET /api/v1/products/270717b9-70fc-4835-ac22-be17ac9afd21/fact-review-context HTTP/1.1" 200 OK
INFO:     127.0.0.1:65263 - "OPTIONS /api/v1/fact-versions/898a6548-928c-4427-b0d4-0b0d85854070/approve HTTP/1.1" 200 OK
INFO:     127.0.0.1:65262 - "POST /api/v1/fact-versions/898a6548-928c-4427-b0d4-0b0d85854070/approve HTTP/1.1" 200 OK
INFO:     127.0.0.1:65262 - "GET /api/v1/products/270717b9-70fc-4835-ac22-be17ac9afd21/fact-review-context HTTP/1.1" 200 OK
INFO:     127.0.0.1:65180 - "GET /api/v1/products/270717b9-70fc-4835-ac22-be17ac9afd21/fact-review-context HTTP/1.1" 200 OK
INFO:     127.0.0.1:65262 - "GET /api/v1/products?page=1&page_size=20&sort=UPDATED_DESC HTTP/1.1" 200 OK
INFO:     127.0.0.1:65262 - "GET /api/v1/products?page=1&page_size=20&search=PF-B-f00933ff&sort=UPDATED_DESC HTTP/1.1" 200 OK
INFO:     127.0.0.1:65262 - "GET /api/v1/products/270717b9-70fc-4835-ac22-be17ac9afd21/detail HTTP/1.1" 200 OK
INFO:     127.0.0.1:65262 - "GET /api/v1/auth/session HTTP/1.1" 200 OK
INFO:     127.0.0.1:65262 - "GET /api/v1/products/270717b9-70fc-4835-ac22-be17ac9afd21/fact-history?page=1&page_size=20 HTTP/1.1" 200 OK
INFO:     127.0.0.1:65262 - "GET /api/v1/auth/session HTTP/1.1" 200 OK
INFO:     127.0.0.1:65262 - "GET /api/v1/fact-versions/898a6548-928c-4427-b0d4-0b0d85854070 HTTP/1.1" 200 OK
  ✓  10 [foundation-desktop] › tests/e2e/product-facts-real-stack.spec.ts:231:1 › Flow B：退回后修订产生新版本，审核历史严格归属当前 FactVersion (2.8s)
INFO:     127.0.0.1:65180 - "POST /api/v1/auth/login HTTP/1.1" 200 OK
INFO:     127.0.0.1:65270 - "GET /api/v1/auth/session HTTP/1.1" 200 OK
INFO:     127.0.0.1:65271 - "OPTIONS /api/v1/products HTTP/1.1" 200 OK
INFO:     127.0.0.1:65270 - "POST /api/v1/products HTTP/1.1" 201 Created
INFO:     127.0.0.1:65270 - "GET /api/v1/products/d816a024-15db-4a8d-b4ed-7349f92de64a/detail HTTP/1.1" 200 OK
INFO:     127.0.0.1:65270 - "GET /api/v1/auth/session HTTP/1.1" 200 OK
INFO:     127.0.0.1:65270 - "GET /api/v1/products/d816a024-15db-4a8d-b4ed-7349f92de64a/facts HTTP/1.1" 200 OK
INFO:     127.0.0.1:65271 - "OPTIONS /api/v1/products/d816a024-15db-4a8d-b4ed-7349f92de64a/facts HTTP/1.1" 200 OK
INFO:     127.0.0.1:65270 - "PUT /api/v1/products/d816a024-15db-4a8d-b4ed-7349f92de64a/facts HTTP/1.1" 200 OK
INFO:     127.0.0.1:65271 - "OPTIONS /api/v1/products/d816a024-15db-4a8d-b4ed-7349f92de64a/fact-review-submissions HTTP/1.1" 200 OK
INFO:     127.0.0.1:65270 - "POST /api/v1/products/d816a024-15db-4a8d-b4ed-7349f92de64a/fact-review-submissions HTTP/1.1" 201 Created
INFO:     127.0.0.1:65270 - "GET /api/v1/products/d816a024-15db-4a8d-b4ed-7349f92de64a/facts HTTP/1.1" 200 OK
INFO:     127.0.0.1:65270 - "GET /api/v1/products?page=1&page_size=20&sort=UPDATED_DESC HTTP/1.1" 200 OK
INFO:     127.0.0.1:65270 - "GET /api/v1/products?page=1&page_size=20&search=PF-D-f262a738&sort=UPDATED_DESC HTTP/1.1" 200 OK
INFO:     127.0.0.1:65270 - "GET /api/v1/auth/session HTTP/1.1" 200 OK
INFO:     127.0.0.1:65270 - "GET /api/v1/products/d816a024-15db-4a8d-b4ed-7349f92de64a/fact-review-context HTTP/1.1" 200 OK
INFO:     127.0.0.1:65180 - "GET /api/v1/products/d816a024-15db-4a8d-b4ed-7349f92de64a/fact-review-context HTTP/1.1" 200 OK
INFO:     127.0.0.1:65180 - "POST /api/v1/fact-versions/ddc3084d-0974-481a-8d53-2d2b6349ae4f/request-changes HTTP/1.1" 200 OK
INFO:     127.0.0.1:65271 - "OPTIONS /api/v1/fact-versions/ddc3084d-0974-481a-8d53-2d2b6349ae4f/approve HTTP/1.1" 200 OK
INFO:     127.0.0.1:65270 - "POST /api/v1/fact-versions/ddc3084d-0974-481a-8d53-2d2b6349ae4f/approve HTTP/1.1" 409 Conflict
INFO:     127.0.0.1:65270 - "GET /api/v1/products/d816a024-15db-4a8d-b4ed-7349f92de64a/fact-review-context HTTP/1.1" 200 OK
INFO:     127.0.0.1:65180 - "GET /api/v1/products/d816a024-15db-4a8d-b4ed-7349f92de64a/fact-review-context HTTP/1.1" 200 OK
  ✓  11 [foundation-desktop] › tests/e2e/product-facts-real-stack.spec.ts:319:1 › Flow D：过期 revision 真实返回 409，不重放并保留服务端最新状态 (1.4s)
INFO:     127.0.0.1:65180 - "POST /api/v1/auth/login HTTP/1.1" 200 OK
INFO:     127.0.0.1:65180 - "POST /api/v1/platform-types HTTP/1.1" 201 Created
INFO:     127.0.0.1:65180 - "POST /api/v1/platform-profiles HTTP/1.1" 201 Created
INFO:     127.0.0.1:65278 - "GET /api/v1/auth/session HTTP/1.1" 200 OK
INFO:     127.0.0.1:65279 - "OPTIONS /api/v1/products HTTP/1.1" 200 OK
INFO:     127.0.0.1:65278 - "POST /api/v1/products HTTP/1.1" 201 Created
INFO:     127.0.0.1:65278 - "GET /api/v1/products/642e50eb-522c-4bf1-ad11-dd589d5acab6/detail HTTP/1.1" 200 OK
INFO:     127.0.0.1:65278 - "GET /api/v1/auth/session HTTP/1.1" 200 OK
INFO:     127.0.0.1:65278 - "GET /api/v1/products/642e50eb-522c-4bf1-ad11-dd589d5acab6/facts HTTP/1.1" 200 OK
INFO:     127.0.0.1:65279 - "OPTIONS /api/v1/products/642e50eb-522c-4bf1-ad11-dd589d5acab6/facts HTTP/1.1" 200 OK
INFO:     127.0.0.1:65278 - "PUT /api/v1/products/642e50eb-522c-4bf1-ad11-dd589d5acab6/facts HTTP/1.1" 200 OK
INFO:     127.0.0.1:65279 - "OPTIONS /api/v1/products/642e50eb-522c-4bf1-ad11-dd589d5acab6/fact-review-submissions HTTP/1.1" 200 OK
INFO:     127.0.0.1:65278 - "POST /api/v1/products/642e50eb-522c-4bf1-ad11-dd589d5acab6/fact-review-submissions HTTP/1.1" 201 Created
INFO:     127.0.0.1:65278 - "GET /api/v1/products/642e50eb-522c-4bf1-ad11-dd589d5acab6/facts HTTP/1.1" 200 OK
INFO:     127.0.0.1:65278 - "GET /api/v1/products?page=1&page_size=20&sort=UPDATED_DESC HTTP/1.1" 200 OK
INFO:     127.0.0.1:65278 - "GET /api/v1/products?page=1&page_size=20&search=CE-C-9fdb2d59&sort=UPDATED_DESC HTTP/1.1" 200 OK
INFO:     127.0.0.1:65278 - "GET /api/v1/auth/session HTTP/1.1" 200 OK
INFO:     127.0.0.1:65278 - "GET /api/v1/products/642e50eb-522c-4bf1-ad11-dd589d5acab6/fact-review-context HTTP/1.1" 200 OK
INFO:     127.0.0.1:65279 - "OPTIONS /api/v1/fact-versions/fe5a309e-ee62-406a-9f56-d2fddef59a41/approve HTTP/1.1" 200 OK
INFO:     127.0.0.1:65278 - "POST /api/v1/fact-versions/fe5a309e-ee62-406a-9f56-d2fddef59a41/approve HTTP/1.1" 200 OK
INFO:     127.0.0.1:65278 - "GET /api/v1/products/642e50eb-522c-4bf1-ad11-dd589d5acab6/fact-review-context HTTP/1.1" 200 OK
INFO:     127.0.0.1:65278 - "GET /api/v1/products?page=1&page_size=20&sort=UPDATED_DESC HTTP/1.1" 200 OK
INFO:     127.0.0.1:65278 - "GET /api/v1/products?page=1&page_size=20&search=CE-C-9fdb2d59&sort=UPDATED_DESC HTTP/1.1" 200 OK
INFO:     127.0.0.1:65180 - "GET /api/v1/products/642e50eb-522c-4bf1-ad11-dd589d5acab6/detail HTTP/1.1" 200 OK
INFO:     127.0.0.1:65278 - "GET /api/v1/products/642e50eb-522c-4bf1-ad11-dd589d5acab6/detail HTTP/1.1" 200 OK
INFO:     127.0.0.1:65278 - "GET /api/v1/auth/session HTTP/1.1" 200 OK
INFO:     127.0.0.1:65278 - "GET /api/v1/content-tasks/creation-options?requested_product_id=642e50eb-522c-4bf1-ad11-dd589d5acab6 HTTP/1.1" 200 OK
INFO:     127.0.0.1:65279 - "OPTIONS /api/v1/content-tasks HTTP/1.1" 200 OK
INFO:     127.0.0.1:65278 - "POST /api/v1/content-tasks HTTP/1.1" 201 Created
INFO:     127.0.0.1:65278 - "GET /api/v1/content-tasks/873ba394-8e92-46a2-a9a6-ef853c0c9f71/detail HTTP/1.1" 200 OK
INFO:     127.0.0.1:65278 - "GET /api/v1/auth/session HTTP/1.1" 200 OK
INFO:     127.0.0.1:65278 - "GET /api/v1/content-tasks/873ba394-8e92-46a2-a9a6-ef853c0c9f71/editor-context HTTP/1.1" 200 OK
INFO:     127.0.0.1:65279 - "OPTIONS /api/v1/content-tasks/873ba394-8e92-46a2-a9a6-ef853c0c9f71/manual-versions HTTP/1.1" 200 OK
INFO:     127.0.0.1:65278 - "POST /api/v1/content-tasks/873ba394-8e92-46a2-a9a6-ef853c0c9f71/manual-versions HTTP/1.1" 201 Created
INFO:     127.0.0.1:65278 - "GET /api/v1/content-tasks/873ba394-8e92-46a2-a9a6-ef853c0c9f71/editor-context HTTP/1.1" 200 OK
INFO:     127.0.0.1:65279 - "OPTIONS /api/v1/content-versions/85501267-ddfb-40cd-bdde-88514ed68e36 HTTP/1.1" 200 OK
INFO:     127.0.0.1:65278 - "PUT /api/v1/content-versions/85501267-ddfb-40cd-bdde-88514ed68e36 HTTP/1.1" 200 OK
INFO:     127.0.0.1:65278 - "GET /api/v1/content-tasks/873ba394-8e92-46a2-a9a6-ef853c0c9f71/editor-context HTTP/1.1" 200 OK
INFO:     127.0.0.1:65279 - "OPTIONS /api/v1/content-versions/85501267-ddfb-40cd-bdde-88514ed68e36/submit-review HTTP/1.1" 200 OK
INFO:     127.0.0.1:65278 - "POST /api/v1/content-versions/85501267-ddfb-40cd-bdde-88514ed68e36/submit-review HTTP/1.1" 200 OK
INFO:     127.0.0.1:65278 - "GET /api/v1/content-tasks/873ba394-8e92-46a2-a9a6-ef853c0c9f71/editor-context HTTP/1.1" 200 OK
INFO:     127.0.0.1:65180 - "GET /api/v1/content-tasks/873ba394-8e92-46a2-a9a6-ef853c0c9f71/editor-context HTTP/1.1" 200 OK
  ✓  12 [foundation-desktop] › tests/e2e/product-facts-real-stack.spec.ts:400:1 › Flow C：独立 ContentTask 经人工首稿、保存后提交审核 (3.3s)
INFO:     127.0.0.1:65180 - "POST /api/v1/auth/login HTTP/1.1" 200 OK
INFO:     127.0.0.1:65180 - "POST /api/v1/platform-types HTTP/1.1" 201 Created
INFO:     127.0.0.1:65180 - "POST /api/v1/platform-profiles HTTP/1.1" 201 Created
INFO:     127.0.0.1:65180 - "POST /api/v1/platform-accounts HTTP/1.1" 201 Created
INFO:     127.0.0.1:65180 - "POST /api/v1/platform-accounts HTTP/1.1" 201 Created
INFO:     127.0.0.1:65180 - "POST /api/v1/products HTTP/1.1" 201 Created
INFO:     127.0.0.1:65180 - "GET /api/v1/products/f5200a34-433a-4f1e-af45-969ebe975479/facts HTTP/1.1" 200 OK
INFO:     127.0.0.1:65180 - "PUT /api/v1/products/f5200a34-433a-4f1e-af45-969ebe975479/facts HTTP/1.1" 200 OK
INFO:     127.0.0.1:65180 - "POST /api/v1/products/f5200a34-433a-4f1e-af45-969ebe975479/fact-review-submissions HTTP/1.1" 201 Created
INFO:     127.0.0.1:65180 - "POST /api/v1/fact-versions/5b8f92da-047d-4872-9718-6352f1e954b0/approve HTTP/1.1" 200 OK
INFO:     127.0.0.1:65180 - "POST /api/v1/content-tasks HTTP/1.1" 201 Created
INFO:     127.0.0.1:65180 - "POST /api/v1/content-tasks/fc2a9872-34e1-42d1-b33a-000e29252d34/manual-versions HTTP/1.1" 201 Created
INFO:     127.0.0.1:65180 - "POST /api/v1/content-versions/9a18fe9e-c773-454a-bc69-1ba16033fd06/submit-review HTTP/1.1" 200 OK
INFO:     127.0.0.1:65180 - "POST /api/v1/content-versions/9a18fe9e-c773-454a-bc69-1ba16033fd06/approve HTTP/1.1" 200 OK
INFO:     127.0.0.1:65287 - "GET /api/v1/auth/session HTTP/1.1" 200 OK
INFO:     127.0.0.1:65287 - "GET /api/v1/publication-works?page=1&page_size=20 HTTP/1.1" 200 OK
INFO:     127.0.0.1:65288 - "GET /api/v1/publication-ready-items HTTP/1.1" 200 OK
INFO:     127.0.0.1:65287 - "GET /api/v1/publication-workbench-summary HTTP/1.1" 200 OK
INFO:     127.0.0.1:65289 - "OPTIONS /api/v1/publication-works HTTP/1.1" 200 OK
INFO:     127.0.0.1:65287 - "POST /api/v1/publication-works HTTP/1.1" 201 Created
INFO:     127.0.0.1:65290 - "GET /api/v1/publication-works?page=1&page_size=20 HTTP/1.1" 200 OK
INFO:     127.0.0.1:65287 - "GET /api/v1/publication-workbench-summary HTTP/1.1" 200 OK
INFO:     127.0.0.1:65288 - "GET /api/v1/publication-ready-items HTTP/1.1" 200 OK
INFO:     127.0.0.1:65288 - "GET /api/v1/auth/session HTTP/1.1" 200 OK
INFO:     127.0.0.1:65288 - "GET /api/v1/workbench HTTP/1.1" 200 OK
INFO:     127.0.0.1:65288 - "GET /api/v1/auth/session HTTP/1.1" 200 OK
INFO:     127.0.0.1:65288 - "GET /api/v1/publication-works/4abe9543-92e3-49ec-afdf-24d3aa8d3709/workspace-context HTTP/1.1" 200 OK
INFO:     127.0.0.1:65289 - "OPTIONS /api/v1/publication-works/4abe9543-92e3-49ec-afdf-24d3aa8d3709/preparation HTTP/1.1" 200 OK
INFO:     127.0.0.1:65288 - "PATCH /api/v1/publication-works/4abe9543-92e3-49ec-afdf-24d3aa8d3709/preparation HTTP/1.1" 200 OK
INFO:     127.0.0.1:65288 - "GET /api/v1/publication-works/4abe9543-92e3-49ec-afdf-24d3aa8d3709/workspace-context HTTP/1.1" 200 OK
INFO:     127.0.0.1:65289 - "OPTIONS /api/v1/publication-works/4abe9543-92e3-49ec-afdf-24d3aa8d3709/platform-review HTTP/1.1" 200 OK
INFO:     127.0.0.1:65288 - "POST /api/v1/publication-works/4abe9543-92e3-49ec-afdf-24d3aa8d3709/platform-review HTTP/1.1" 200 OK
INFO:     127.0.0.1:65288 - "GET /api/v1/publication-works/4abe9543-92e3-49ec-afdf-24d3aa8d3709/workspace-context HTTP/1.1" 200 OK
INFO:     127.0.0.1:65289 - "OPTIONS /api/v1/files/upload-intents HTTP/1.1" 200 OK
INFO:     127.0.0.1:65288 - "POST /api/v1/files/upload-intents HTTP/1.1" 201 Created
INFO:     127.0.0.1:65289 - "OPTIONS /api/v1/files/cdafd647-e1f2-4e1c-85fa-a6f8070bd142/content HTTP/1.1" 200 OK
INFO:     127.0.0.1:65288 - "PUT /api/v1/files/cdafd647-e1f2-4e1c-85fa-a6f8070bd142/content HTTP/1.1" 204 No Content
INFO:     127.0.0.1:65289 - "OPTIONS /api/v1/files/cdafd647-e1f2-4e1c-85fa-a6f8070bd142/complete HTTP/1.1" 200 OK
INFO:     127.0.0.1:65288 - "POST /api/v1/files/cdafd647-e1f2-4e1c-85fa-a6f8070bd142/complete HTTP/1.1" 200 OK
INFO:     127.0.0.1:65289 - "OPTIONS /api/v1/publication-works/4abe9543-92e3-49ec-afdf-24d3aa8d3709/result HTTP/1.1" 200 OK
INFO:     127.0.0.1:65288 - "PUT /api/v1/publication-works/4abe9543-92e3-49ec-afdf-24d3aa8d3709/result HTTP/1.1" 200 OK
INFO:     127.0.0.1:65288 - "GET /api/v1/publication-works/4abe9543-92e3-49ec-afdf-24d3aa8d3709/workspace-context HTTP/1.1" 200 OK
INFO:     127.0.0.1:65288 - "GET /api/v1/auth/session HTTP/1.1" 200 OK
INFO:     127.0.0.1:65288 - "GET /api/v1/workbench HTTP/1.1" 200 OK
INFO:     127.0.0.1:65288 - "GET /api/v1/auth/session HTTP/1.1" 200 OK
INFO:     127.0.0.1:65288 - "GET /api/v1/publication-works/4abe9543-92e3-49ec-afdf-24d3aa8d3709/workspace-context HTTP/1.1" 200 OK
INFO:     127.0.0.1:65289 - "OPTIONS /api/v1/publication-works/4abe9543-92e3-49ec-afdf-24d3aa8d3709/verifications HTTP/1.1" 200 OK
INFO:     127.0.0.1:65288 - "POST /api/v1/publication-works/4abe9543-92e3-49ec-afdf-24d3aa8d3709/verifications HTTP/1.1" 200 OK
INFO:     127.0.0.1:65288 - "GET /api/v1/publication-works/4abe9543-92e3-49ec-afdf-24d3aa8d3709/workspace-context HTTP/1.1" 200 OK
INFO:     127.0.0.1:65288 - "GET /api/v1/auth/session HTTP/1.1" 200 OK
INFO:     127.0.0.1:65288 - "GET /api/v1/published-articles/4abe9543-92e3-49ec-afdf-24d3aa8d3709 HTTP/1.1" 200 OK
INFO:     127.0.0.1:65289 - "OPTIONS /api/v1/published-articles/4abe9543-92e3-49ec-afdf-24d3aa8d3709/issues HTTP/1.1" 200 OK
INFO:     127.0.0.1:65288 - "POST /api/v1/published-articles/4abe9543-92e3-49ec-afdf-24d3aa8d3709/issues HTTP/1.1" 201 Created
INFO:     127.0.0.1:65288 - "GET /api/v1/published-articles/4abe9543-92e3-49ec-afdf-24d3aa8d3709 HTTP/1.1" 200 OK
INFO:     127.0.0.1:65287 - "GET /api/v1/auth/session HTTP/1.1" 200 OK
INFO:     127.0.0.1:65287 - "GET /api/v1/workbench HTTP/1.1" 200 OK
INFO:     127.0.0.1:65287 - "GET /api/v1/auth/session HTTP/1.1" 200 OK
INFO:     127.0.0.1:65287 - "GET /api/v1/published-content-issues/351f0f2c-0579-4a41-b16f-698e78f3baf9/workspace-context HTTP/1.1" 200 OK
INFO:     127.0.0.1:65287 - "GET /api/v1/published-content-issues/351f0f2c-0579-4a41-b16f-698e78f3baf9/repair-context HTTP/1.1" 200 OK
INFO:     127.0.0.1:65289 - "OPTIONS /api/v1/published-content-issues/351f0f2c-0579-4a41-b16f-698e78f3baf9/repair-task HTTP/1.1" 200 OK
INFO:     127.0.0.1:65287 - "POST /api/v1/published-content-issues/351f0f2c-0579-4a41-b16f-698e78f3baf9/repair-task HTTP/1.1" 201 Created
INFO:     127.0.0.1:65287 - "GET /api/v1/published-content-issues/351f0f2c-0579-4a41-b16f-698e78f3baf9/workspace-context HTTP/1.1" 200 OK
INFO:     127.0.0.1:65287 - "GET /api/v1/published-content-issues/351f0f2c-0579-4a41-b16f-698e78f3baf9/repair-context HTTP/1.1" 200 OK
INFO:     127.0.0.1:65287 - "GET /api/v1/auth/session HTTP/1.1" 200 OK
INFO:     127.0.0.1:65287 - "GET /api/v1/published-content-issues?page=1&page_size=20&status=OPEN HTTP/1.1" 200 OK
INFO:     127.0.0.1:65287 - "GET /api/v1/auth/session HTTP/1.1" 200 OK
INFO:     127.0.0.1:65287 - "GET /api/v1/content-tasks/4fbae81d-385e-4cfb-8b7c-689a5d547660/detail HTTP/1.1" 200 OK
INFO:     127.0.0.1:65287 - "GET /api/v1/auth/session HTTP/1.1" 200 OK
INFO:     127.0.0.1:65287 - "GET /api/v1/published-content-issues/351f0f2c-0579-4a41-b16f-698e78f3baf9/workspace-context HTTP/1.1" 200 OK
INFO:     127.0.0.1:65289 - "OPTIONS /api/v1/published-content-issues/351f0f2c-0579-4a41-b16f-698e78f3baf9/resolve HTTP/1.1" 200 OK
INFO:     127.0.0.1:65287 - "POST /api/v1/published-content-issues/351f0f2c-0579-4a41-b16f-698e78f3baf9/resolve HTTP/1.1" 200 OK
INFO:     127.0.0.1:65287 - "GET /api/v1/published-content-issues/351f0f2c-0579-4a41-b16f-698e78f3baf9/workspace-context HTTP/1.1" 200 OK
INFO:     127.0.0.1:65180 - "GET /api/v1/publication-works/4abe9543-92e3-49ec-afdf-24d3aa8d3709/workspace-context HTTP/1.1" 200 OK
INFO:     127.0.0.1:65180 - "GET /api/v1/published-articles/4abe9543-92e3-49ec-afdf-24d3aa8d3709 HTTP/1.1" 200 OK
INFO:     127.0.0.1:65180 - "GET /api/v1/published-content-issues/351f0f2c-0579-4a41-b16f-698e78f3baf9/workspace-context HTTP/1.1" 200 OK
INFO:     127.0.0.1:65180 - "GET /api/v1/content-tasks/4fbae81d-385e-4cfb-8b7c-689a5d547660/detail HTTP/1.1" 200 OK
  ✓  13 [foundation-desktop] › tests/e2e/publication-workspace-real-stack.spec.ts:145:1 › Flow A：V2 UI 从开始发布连续完成成果、修复任务与问题解决 (5.1s)
INFO:     127.0.0.1:65180 - "POST /api/v1/auth/login HTTP/1.1" 200 OK
INFO:     127.0.0.1:65180 - "POST /api/v1/platform-types HTTP/1.1" 201 Created
INFO:     127.0.0.1:65180 - "POST /api/v1/platform-profiles HTTP/1.1" 201 Created
INFO:     127.0.0.1:65180 - "POST /api/v1/platform-accounts HTTP/1.1" 201 Created
INFO:     127.0.0.1:65180 - "POST /api/v1/platform-accounts HTTP/1.1" 201 Created
INFO:     127.0.0.1:65180 - "POST /api/v1/products HTTP/1.1" 201 Created
INFO:     127.0.0.1:65180 - "GET /api/v1/products/9f42ba3c-4537-4457-83c8-0b6278eb4c36/facts HTTP/1.1" 200 OK
INFO:     127.0.0.1:65180 - "PUT /api/v1/products/9f42ba3c-4537-4457-83c8-0b6278eb4c36/facts HTTP/1.1" 200 OK
INFO:     127.0.0.1:65180 - "POST /api/v1/products/9f42ba3c-4537-4457-83c8-0b6278eb4c36/fact-review-submissions HTTP/1.1" 201 Created
INFO:     127.0.0.1:65180 - "POST /api/v1/fact-versions/11de9df0-e43b-4ed1-a34e-c354dc2d6cc9/approve HTTP/1.1" 200 OK
INFO:     127.0.0.1:65180 - "POST /api/v1/content-tasks HTTP/1.1" 201 Created
INFO:     127.0.0.1:65180 - "POST /api/v1/content-tasks/fdf77628-0616-4219-b8a6-27d81a0ae74c/manual-versions HTTP/1.1" 201 Created
INFO:     127.0.0.1:65180 - "POST /api/v1/content-versions/2e06e502-16f5-4247-9817-5d16fdaf8b55/submit-review HTTP/1.1" 200 OK
INFO:     127.0.0.1:65180 - "POST /api/v1/content-versions/2e06e502-16f5-4247-9817-5d16fdaf8b55/approve HTTP/1.1" 200 OK
INFO:     127.0.0.1:65180 - "POST /api/v1/publication-works HTTP/1.1" 201 Created
INFO:     127.0.0.1:65299 - "GET /api/v1/auth/session HTTP/1.1" 200 OK
INFO:     127.0.0.1:65299 - "GET /api/v1/publication-works/73c553e0-a499-49a1-87dd-af1223b3f790/workspace-context HTTP/1.1" 200 OK
INFO:     127.0.0.1:65300 - "OPTIONS /api/v1/publication-works/73c553e0-a499-49a1-87dd-af1223b3f790/result HTTP/1.1" 200 OK
INFO:     127.0.0.1:65299 - "PUT /api/v1/publication-works/73c553e0-a499-49a1-87dd-af1223b3f790/result HTTP/1.1" 200 OK
INFO:     127.0.0.1:65299 - "GET /api/v1/publication-works/73c553e0-a499-49a1-87dd-af1223b3f790/workspace-context HTTP/1.1" 200 OK
INFO:     127.0.0.1:65180 - "GET /api/v1/publication-works/73c553e0-a499-49a1-87dd-af1223b3f790/workspace-context HTTP/1.1" 200 OK
INFO:     127.0.0.1:65300 - "OPTIONS /api/v1/publication-works/73c553e0-a499-49a1-87dd-af1223b3f790/verifications HTTP/1.1" 200 OK
INFO:     127.0.0.1:65299 - "POST /api/v1/publication-works/73c553e0-a499-49a1-87dd-af1223b3f790/verifications HTTP/1.1" 200 OK
INFO:     127.0.0.1:65299 - "GET /api/v1/publication-works/73c553e0-a499-49a1-87dd-af1223b3f790/workspace-context HTTP/1.1" 200 OK
INFO:     127.0.0.1:65299 - "GET /api/v1/auth/session HTTP/1.1" 200 OK
INFO:     127.0.0.1:65299 - "GET /api/v1/content-tasks/fdf77628-0616-4219-b8a6-27d81a0ae74c/detail HTTP/1.1" 200 OK
INFO:     127.0.0.1:65299 - "GET /api/v1/auth/session HTTP/1.1" 200 OK
INFO:     127.0.0.1:65299 - "GET /api/v1/content-tasks/fdf77628-0616-4219-b8a6-27d81a0ae74c/editor-context HTTP/1.1" 200 OK
INFO:     127.0.0.1:65300 - "OPTIONS /api/v1/content-versions/2e06e502-16f5-4247-9817-5d16fdaf8b55/revisions HTTP/1.1" 200 OK
INFO:     127.0.0.1:65299 - "POST /api/v1/content-versions/2e06e502-16f5-4247-9817-5d16fdaf8b55/revisions HTTP/1.1" 201 Created
INFO:     127.0.0.1:65299 - "GET /api/v1/content-tasks/fdf77628-0616-4219-b8a6-27d81a0ae74c/editor-context HTTP/1.1" 200 OK
INFO:     127.0.0.1:65300 - "OPTIONS /api/v1/content-versions/0fced18d-4406-41ef-9459-c9172807014f HTTP/1.1" 200 OK
INFO:     127.0.0.1:65299 - "PUT /api/v1/content-versions/0fced18d-4406-41ef-9459-c9172807014f HTTP/1.1" 200 OK
INFO:     127.0.0.1:65299 - "GET /api/v1/content-tasks/fdf77628-0616-4219-b8a6-27d81a0ae74c/editor-context HTTP/1.1" 200 OK
INFO:     127.0.0.1:65300 - "OPTIONS /api/v1/content-versions/0fced18d-4406-41ef-9459-c9172807014f/submit-review HTTP/1.1" 200 OK
INFO:     127.0.0.1:65299 - "POST /api/v1/content-versions/0fced18d-4406-41ef-9459-c9172807014f/submit-review HTTP/1.1" 200 OK
INFO:     127.0.0.1:65299 - "GET /api/v1/content-tasks/fdf77628-0616-4219-b8a6-27d81a0ae74c/editor-context HTTP/1.1" 200 OK
INFO:     127.0.0.1:65299 - "GET /api/v1/content-tasks/fdf77628-0616-4219-b8a6-27d81a0ae74c/detail HTTP/1.1" 200 OK
INFO:     127.0.0.1:65299 - "GET /api/v1/auth/session HTTP/1.1" 200 OK
INFO:     127.0.0.1:65299 - "GET /api/v1/content-tasks/fdf77628-0616-4219-b8a6-27d81a0ae74c/review-context HTTP/1.1" 200 OK
INFO:     127.0.0.1:65300 - "OPTIONS /api/v1/content-versions/0fced18d-4406-41ef-9459-c9172807014f/approve HTTP/1.1" 200 OK
INFO:     127.0.0.1:65299 - "POST /api/v1/content-versions/0fced18d-4406-41ef-9459-c9172807014f/approve HTTP/1.1" 200 OK
INFO:     127.0.0.1:65299 - "GET /api/v1/content-tasks/fdf77628-0616-4219-b8a6-27d81a0ae74c/review-context HTTP/1.1" 200 OK
INFO:     127.0.0.1:65299 - "GET /api/v1/auth/session HTTP/1.1" 200 OK
INFO:     127.0.0.1:65299 - "GET /api/v1/content-tasks/fdf77628-0616-4219-b8a6-27d81a0ae74c/detail HTTP/1.1" 200 OK
INFO:     127.0.0.1:65299 - "GET /api/v1/auth/session HTTP/1.1" 200 OK
INFO:     127.0.0.1:65299 - "GET /api/v1/publication-works/73c553e0-a499-49a1-87dd-af1223b3f790/workspace-context HTTP/1.1" 200 OK
INFO:     127.0.0.1:65300 - "OPTIONS /api/v1/publication-works/73c553e0-a499-49a1-87dd-af1223b3f790/content-version HTTP/1.1" 200 OK
INFO:     127.0.0.1:65299 - "POST /api/v1/publication-works/73c553e0-a499-49a1-87dd-af1223b3f790/content-version HTTP/1.1" 200 OK
INFO:     127.0.0.1:65299 - "GET /api/v1/publication-works/73c553e0-a499-49a1-87dd-af1223b3f790/workspace-context HTTP/1.1" 200 OK
INFO:     127.0.0.1:65299 - "PUT /api/v1/publication-works/73c553e0-a499-49a1-87dd-af1223b3f790/result HTTP/1.1" 200 OK
INFO:     127.0.0.1:65299 - "GET /api/v1/publication-works/73c553e0-a499-49a1-87dd-af1223b3f790/workspace-context HTTP/1.1" 200 OK
INFO:     127.0.0.1:65299 - "POST /api/v1/publication-works/73c553e0-a499-49a1-87dd-af1223b3f790/verifications HTTP/1.1" 200 OK
INFO:     127.0.0.1:65299 - "GET /api/v1/publication-works/73c553e0-a499-49a1-87dd-af1223b3f790/workspace-context HTTP/1.1" 200 OK
INFO:     127.0.0.1:65180 - "GET /api/v1/publication-works/73c553e0-a499-49a1-87dd-af1223b3f790/workspace-context HTTP/1.1" 200 OK
INFO:     127.0.0.1:65180 - "GET /api/v1/content-tasks/fdf77628-0616-4219-b8a6-27d81a0ae74c/detail HTTP/1.1" 200 OK
INFO:     127.0.0.1:65180 - "GET /api/v1/published-articles/73c553e0-a499-49a1-87dd-af1223b3f790 HTTP/1.1" 200 OK
INFO:     127.0.0.1:65180 - "GET /api/v1/content-versions/2e06e502-16f5-4247-9817-5d16fdaf8b55/detail HTTP/1.1" 200 OK
  ✓  14 [foundation-desktop] › tests/e2e/publication-workspace-real-stack.spec.ts:466:1 › Flow B：失败核验经内容修订审批、换版和重登记后完成发布 (3.8s)
INFO:     127.0.0.1:65180 - "POST /api/v1/auth/login HTTP/1.1" 200 OK
INFO:     127.0.0.1:65180 - "POST /api/v1/platform-types HTTP/1.1" 201 Created
INFO:     127.0.0.1:65180 - "POST /api/v1/platform-profiles HTTP/1.1" 201 Created
INFO:     127.0.0.1:65180 - "POST /api/v1/platform-accounts HTTP/1.1" 201 Created
INFO:     127.0.0.1:65180 - "POST /api/v1/platform-accounts HTTP/1.1" 201 Created
INFO:     127.0.0.1:65180 - "POST /api/v1/products HTTP/1.1" 201 Created
INFO:     127.0.0.1:65180 - "GET /api/v1/products/050aab43-0963-49ab-a393-82ef1a901942/facts HTTP/1.1" 200 OK
INFO:     127.0.0.1:65180 - "PUT /api/v1/products/050aab43-0963-49ab-a393-82ef1a901942/facts HTTP/1.1" 200 OK
INFO:     127.0.0.1:65180 - "POST /api/v1/products/050aab43-0963-49ab-a393-82ef1a901942/fact-review-submissions HTTP/1.1" 201 Created
INFO:     127.0.0.1:65180 - "POST /api/v1/fact-versions/90460869-026b-49f6-b2bd-641539b186e0/approve HTTP/1.1" 200 OK
INFO:     127.0.0.1:65180 - "POST /api/v1/content-tasks HTTP/1.1" 201 Created
INFO:     127.0.0.1:65180 - "POST /api/v1/content-tasks/97a459c1-13cb-41c9-8771-b34c113613ba/manual-versions HTTP/1.1" 201 Created
INFO:     127.0.0.1:65180 - "POST /api/v1/content-versions/20eac088-213e-47c3-9aeb-42cc9133b6d0/submit-review HTTP/1.1" 200 OK
INFO:     127.0.0.1:65180 - "POST /api/v1/content-versions/20eac088-213e-47c3-9aeb-42cc9133b6d0/approve HTTP/1.1" 200 OK
INFO:     127.0.0.1:65180 - "POST /api/v1/publication-works HTTP/1.1" 201 Created
INFO:     127.0.0.1:65180 - "PUT /api/v1/publication-works/4a2aa296-db96-45b2-91ca-6bfd09dfb012/result HTTP/1.1" 200 OK
INFO:     127.0.0.1:65180 - "POST /api/v1/publication-works/4a2aa296-db96-45b2-91ca-6bfd09dfb012/verifications HTTP/1.1" 200 OK
INFO:     127.0.0.1:65307 - "GET /api/v1/auth/session HTTP/1.1" 200 OK
INFO:     127.0.0.1:65307 - "GET /api/v1/published-articles?page=1&page_size=20&search=35ce2dd0&sort=VERIFIED_DESC HTTP/1.1" 200 OK
INFO:     127.0.0.1:65307 - "GET /api/v1/auth/session HTTP/1.1" 200 OK
INFO:     127.0.0.1:65307 - "GET /api/v1/published-articles/4a2aa296-db96-45b2-91ca-6bfd09dfb012 HTTP/1.1" 200 OK
  ✓  15 [foundation-desktop] › tests/e2e/publication-workspace-real-stack.spec.ts:653:1 › Published Article：真实栈列表进入单请求只读详情 (765ms)
(node:91063) Warning: The 'NO_COLOR' env is ignored due to the 'FORCE_COLOR' env being set.
(Use `node --trace-warnings ...` to show where the warning was created)
INFO:     127.0.0.1:65314 - "GET /api/v1/auth/session HTTP/1.1" 204 No Content
INFO:     127.0.0.1:65315 - "OPTIONS /api/v1/auth/login HTTP/1.1" 200 OK
INFO:     127.0.0.1:65314 - "POST /api/v1/auth/login HTTP/1.1" 200 OK
INFO:     127.0.0.1:65314 - "GET /api/v1/workbench HTTP/1.1" 200 OK
INFO:     127.0.0.1:65314 - "GET /api/v1/auth/session HTTP/1.1" 200 OK
INFO:     127.0.0.1:65316 - "POST /api/v1/products HTTP/1.1" 201 Created
INFO:     127.0.0.1:65314 - "POST /api/v1/auth/login HTTP/1.1" 200 OK
INFO:     127.0.0.1:65314 - "GET /api/v1/auth/session HTTP/1.1" 200 OK
INFO:     127.0.0.1:65314 - "POST /api/v1/auth/login HTTP/1.1" 200 OK
INFO:     127.0.0.1:65314 - "GET /api/v1/auth/session HTTP/1.1" 200 OK
INFO:     127.0.0.1:65317 - "GET /api/v1/workbench HTTP/1.1" 200 OK
INFO:     127.0.0.1:65314 - "GET /api/v1/workbench HTTP/1.1" 200 OK
  ✓  16 [foundation-desktop] › tests/e2e/auth-session-real-stack.spec.ts:101:1 › 同一 BrowserContext 双页面以 session binding 封闭 A→B→A 的迟到 mutation (1.0s)
INFO:     127.0.0.1:65324 - "GET /api/v1/auth/session HTTP/1.1" 204 No Content
INFO:     127.0.0.1:65325 - "OPTIONS /api/v1/auth/login HTTP/1.1" 200 OK
INFO:     127.0.0.1:65324 - "POST /api/v1/auth/login HTTP/1.1" 200 OK
INFO:     127.0.0.1:65324 - "GET /api/v1/workbench HTTP/1.1" 200 OK
INFO:     127.0.0.1:65324 - "GET /api/v1/auth/session HTTP/1.1" 200 OK
INFO:     127.0.0.1:65324 - "GET /api/v1/workbench HTTP/1.1" 200 OK
INFO:     127.0.0.1:65316 - "POST /api/v1/auth/logout HTTP/1.1" 204 No Content
INFO:     127.0.0.1:65324 - "GET /api/v1/auth/session HTTP/1.1" 204 No Content
INFO:     127.0.0.1:65324 - "GET /api/v1/auth/session HTTP/1.1" 204 No Content
  ✓  17 [foundation-desktop] › tests/e2e/auth-session-real-stack.spec.ts:257:1 › 退出已由服务端提交但响应丢失时发送页与同源页各自只做一次 canonical recovery (617ms)
INFO:     127.0.0.1:65332 - "GET /api/v1/auth/session HTTP/1.1" 204 No Content
INFO:     127.0.0.1:65333 - "OPTIONS /api/v1/auth/login HTTP/1.1" 200 OK
INFO:     127.0.0.1:65332 - "POST /api/v1/auth/login HTTP/1.1" 200 OK
INFO:     127.0.0.1:65332 - "GET /api/v1/workbench HTTP/1.1" 200 OK
INFO:     127.0.0.1:65336 - "GET /api/v1/auth/session HTTP/1.1" 200 OK
INFO:     127.0.0.1:65336 - "GET /api/v1/workbench HTTP/1.1" 200 OK
INFO:     127.0.0.1:65350 - "GET /api/v1/auth/session HTTP/1.1" 200 OK
INFO:     127.0.0.1:65350 - "GET /api/v1/workbench HTTP/1.1" 200 OK
  ✓  18 [foundation-desktop] › tests/e2e/auth-session-real-stack.spec.ts:333:1 › 跨标签页 owner 终止后由 lease 回收存活页与全页面重载 (21.6s)
INFO:     127.0.0.1:65361 - "GET /api/v1/auth/session HTTP/1.1" 204 No Content
INFO:     127.0.0.1:65362 - "OPTIONS /api/v1/auth/login HTTP/1.1" 200 OK
INFO:     127.0.0.1:65361 - "POST /api/v1/auth/login HTTP/1.1" 200 OK
INFO:     127.0.0.1:65361 - "GET /api/v1/workbench HTTP/1.1" 200 OK
INFO:     127.0.0.1:65363 - "GET /api/v1/auth/session HTTP/1.1" 200 OK
INFO:     127.0.0.1:65363 - "GET /api/v1/workbench HTTP/1.1" 200 OK
INFO:     127.0.0.1:65363 - "GET /api/v1/auth/session HTTP/1.1" 200 OK
INFO:     127.0.0.1:65363 - "GET /api/v1/workbench HTTP/1.1" 200 OK
  ✓  19 [foundation-desktop] › tests/e2e/auth-session-real-stack.spec.ts:445:1 › durable terminal reconciliation 与异常协议 marker 保持 fail-closed (668ms)
INFO:     127.0.0.1:65371 - "GET /api/v1/auth/session HTTP/1.1" 204 No Content
INFO:     127.0.0.1:65372 - "OPTIONS /api/v1/auth/login HTTP/1.1" 200 OK
INFO:     127.0.0.1:65371 - "POST /api/v1/auth/login HTTP/1.1" 200 OK
INFO:     127.0.0.1:65372 - "OPTIONS /api/v1/auth/change-password HTTP/1.1" 200 OK
INFO:     127.0.0.1:65371 - "POST /api/v1/auth/change-password HTTP/1.1" 204 No Content
INFO:     127.0.0.1:65371 - "GET /api/v1/auth/session HTTP/1.1" 200 OK
INFO:     127.0.0.1:65371 - "GET /api/v1/workbench HTTP/1.1" 200 OK
INFO:     127.0.0.1:65371 - "GET /api/v1/auth/session HTTP/1.1" 200 OK
INFO:     127.0.0.1:65371 - "GET /api/v1/auth/session HTTP/1.1" 200 OK
INFO:     127.0.0.1:65371 - "GET /api/v1/workbench HTTP/1.1" 200 OK
INFO:     127.0.0.1:65373 - "GET /api/v1/auth/session HTTP/1.1" 200 OK
INFO:     127.0.0.1:65372 - "OPTIONS /api/v1/auth/logout HTTP/1.1" 200 OK
INFO:     127.0.0.1:65371 - "POST /api/v1/auth/logout HTTP/1.1" 204 No Content
INFO:     127.0.0.1:65373 - "GET /api/v1/auth/session HTTP/1.1" 204 No Content
INFO:     127.0.0.1:65373 - "GET /api/v1/auth/session HTTP/1.1" 401 Unauthorized
  ✓  20 [foundation-desktop] › tests/e2e/auth-session-real-stack.spec.ts:624:1 › Auth 真实栈完成 login → forced change → admin 403 → logout (833ms)
INFO:     127.0.0.1:65381 - "GET /api/v1/auth/session HTTP/1.1" 204 No Content
INFO:     127.0.0.1:65382 - "OPTIONS /api/v1/auth/login HTTP/1.1" 200 OK
INFO:     127.0.0.1:65381 - "POST /api/v1/auth/login HTTP/1.1" 200 OK
INFO:     127.0.0.1:65381 - "GET /api/v1/workbench HTTP/1.1" 200 OK
INFO:     127.0.0.1:65373 - "GET /api/v1/auth/me HTTP/1.1" 200 OK
INFO:     127.0.0.1:65373 - "GET /api/v1/auth/csrf HTTP/1.1" 200 OK
INFO:     127.0.0.1:65373 - "POST /api/v1/users HTTP/1.1" 201 Created
INFO:     127.0.0.1:65389 - "GET /api/v1/auth/session HTTP/1.1" 204 No Content
INFO:     127.0.0.1:65390 - "OPTIONS /api/v1/auth/login HTTP/1.1" 200 OK
INFO:     127.0.0.1:65389 - "POST /api/v1/auth/login HTTP/1.1" 200 OK
INFO:     127.0.0.1:65390 - "OPTIONS /api/v1/auth/change-password HTTP/1.1" 200 OK
INFO:     127.0.0.1:65389 - "POST /api/v1/auth/change-password HTTP/1.1" 204 No Content
INFO:     127.0.0.1:65389 - "GET /api/v1/auth/session HTTP/1.1" 200 OK
INFO:     127.0.0.1:65389 - "GET /api/v1/workbench HTTP/1.1" 200 OK
INFO:     127.0.0.1:65381 - "GET /api/v1/auth/session HTTP/1.1" 200 OK
INFO:     127.0.0.1:65381 - "GET /api/v1/users?status=ENABLED&page=1&page_size=20 HTTP/1.1" 200 OK
INFO:     127.0.0.1:65381 - "GET /api/v1/auth/session HTTP/1.1" 200 OK
INFO:     127.0.0.1:65381 - "GET /api/v1/users?status=ENABLED&page=1&page_size=20 HTTP/1.1" 200 OK
INFO:     127.0.0.1:65382 - "OPTIONS /api/v1/users/f1c98105-371a-4e8d-8002-ba4cccca75d2 HTTP/1.1" 200 OK
INFO:     127.0.0.1:65381 - "PATCH /api/v1/users/f1c98105-371a-4e8d-8002-ba4cccca75d2 HTTP/1.1" 200 OK
INFO:     127.0.0.1:65381 - "GET /api/v1/auth/session HTTP/1.1" 200 OK
INFO:     127.0.0.1:65381 - "GET /api/v1/auth/session HTTP/1.1" 200 OK
INFO:     127.0.0.1:65373 - "GET /api/v1/auth/csrf HTTP/1.1" 200 OK
INFO:     127.0.0.1:65373 - "PATCH /api/v1/users/f1c98105-371a-4e8d-8002-ba4cccca75d2 HTTP/1.1" 200 OK
INFO:     127.0.0.1:65381 - "GET /api/v1/auth/session HTTP/1.1" 204 No Content
INFO:     127.0.0.1:65381 - "GET /api/v1/auth/session HTTP/1.1" 204 No Content
INFO:     127.0.0.1:65381 - "POST /api/v1/auth/login HTTP/1.1" 200 OK
INFO:     127.0.0.1:65392 - "GET /api/v1/auth/session HTTP/1.1" 200 OK
INFO:     127.0.0.1:65381 - "GET /api/v1/workbench HTTP/1.1" 200 OK
INFO:     127.0.0.1:65381 - "GET /api/v1/auth/session HTTP/1.1" 200 OK
INFO:     127.0.0.1:65381 - "GET /api/v1/users?status=ENABLED&page=1&page_size=20 HTTP/1.1" 200 OK
INFO:     127.0.0.1:65393 - "GET /api/v1/auth/session HTTP/1.1" 200 OK
INFO:     127.0.0.1:65393 - "GET /api/v1/users?status=ENABLED&page=1&page_size=20 HTTP/1.1" 200 OK
INFO:     127.0.0.1:65373 - "POST /api/v1/auth/login HTTP/1.1" 200 OK
INFO:     127.0.0.1:65373 - "GET /api/v1/auth/session HTTP/1.1" 200 OK
INFO:     127.0.0.1:65393 - "POST /api/v1/users/bulk-status HTTP/1.1" 200 OK
INFO:     127.0.0.1:65393 - "GET /api/v1/auth/session HTTP/1.1" 401 Unauthorized
INFO:     127.0.0.1:65373 - "GET /api/v1/auth/session HTTP/1.1" 401 Unauthorized
INFO:     127.0.0.1:65373 - "GET /api/v1/auth/csrf HTTP/1.1" 200 OK
INFO:     127.0.0.1:65373 - "PATCH /api/v1/users/f1c98105-371a-4e8d-8002-ba4cccca75d2 HTTP/1.1" 200 OK
INFO:     127.0.0.1:65393 - "GET /api/v1/auth/session HTTP/1.1" 204 No Content
INFO:     127.0.0.1:65393 - "GET /api/v1/auth/session HTTP/1.1" 204 No Content
INFO:     127.0.0.1:65393 - "POST /api/v1/auth/login HTTP/1.1" 200 OK
INFO:     127.0.0.1:65381 - "GET /api/v1/auth/session HTTP/1.1" 200 OK
INFO:     127.0.0.1:65393 - "GET /api/v1/workbench HTTP/1.1" 200 OK
INFO:     127.0.0.1:65393 - "GET /api/v1/auth/session HTTP/1.1" 200 OK
INFO:     127.0.0.1:65393 - "GET /api/v1/users?status=ENABLED&page=1&page_size=20 HTTP/1.1" 200 OK
INFO:     127.0.0.1:65393 - "GET /api/v1/auth/session HTTP/1.1" 200 OK
INFO:     127.0.0.1:65393 - "GET /api/v1/users?status=ENABLED&page=1&page_size=20 HTTP/1.1" 200 OK
INFO:     127.0.0.1:65373 - "POST /api/v1/users/bulk-status HTTP/1.1" 200 OK
INFO:     127.0.0.1:65396 - "GET /api/v1/auth/session HTTP/1.1" 401 Unauthorized
INFO:     127.0.0.1:65393 - "GET /api/v1/auth/session HTTP/1.1" 401 Unauthorized
INFO:     127.0.0.1:65373 - "GET /api/v1/auth/csrf HTTP/1.1" 200 OK
INFO:     127.0.0.1:65373 - "PATCH /api/v1/users/f1c98105-371a-4e8d-8002-ba4cccca75d2 HTTP/1.1" 200 OK
INFO:     127.0.0.1:65396 - "GET /api/v1/auth/session HTTP/1.1" 204 No Content
INFO:     127.0.0.1:65396 - "GET /api/v1/auth/session HTTP/1.1" 204 No Content
INFO:     127.0.0.1:65396 - "POST /api/v1/auth/login HTTP/1.1" 200 OK
INFO:     127.0.0.1:65393 - "GET /api/v1/auth/session HTTP/1.1" 200 OK
INFO:     127.0.0.1:65397 - "GET /api/v1/auth/session HTTP/1.1" 200 OK
INFO:     127.0.0.1:65398 - "GET /api/v1/auth/session HTTP/1.1" 200 OK
INFO:     127.0.0.1:65397 - "GET /api/v1/users?status=ENABLED&page=1&page_size=20 HTTP/1.1" 200 OK
INFO:     127.0.0.1:65397 - "GET /api/v1/users?status=ENABLED&page=1&page_size=20 HTTP/1.1" 200 OK
INFO:     127.0.0.1:65397 - "PATCH /api/v1/users/f1c98105-371a-4e8d-8002-ba4cccca75d2 HTTP/1.1" 200 OK
INFO:     127.0.0.1:65397 - "GET /api/v1/auth/session HTTP/1.1" 401 Unauthorized
INFO:     127.0.0.1:65397 - "GET /api/v1/auth/session HTTP/1.1" 401 Unauthorized
INFO:     127.0.0.1:65373 - "GET /api/v1/auth/csrf HTTP/1.1" 200 OK
INFO:     127.0.0.1:65373 - "PATCH /api/v1/users/f1c98105-371a-4e8d-8002-ba4cccca75d2 HTTP/1.1" 200 OK
INFO:     127.0.0.1:65405 - "GET /api/v1/auth/session HTTP/1.1" 204 No Content
INFO:     127.0.0.1:65406 - "OPTIONS /api/v1/auth/login HTTP/1.1" 200 OK
INFO:     127.0.0.1:65405 - "POST /api/v1/auth/login HTTP/1.1" 200 OK
INFO:     127.0.0.1:65373 - "GET /api/v1/auth/csrf HTTP/1.1" 200 OK
INFO:     127.0.0.1:65405 - "GET /api/v1/workbench HTTP/1.1" 200 OK
INFO:     127.0.0.1:65373 - "GET /api/v1/users?q=e2e-boundary-admin-a5e61332&page=1&page_size=20 HTTP/1.1" 200 OK
INFO:     127.0.0.1:65373 - "PATCH /api/v1/users/9f322eb5-c226-45a2-a6fe-9d1cf16b6db9 HTTP/1.1" 200 OK
INFO:     127.0.0.1:65373 - "DELETE /api/v1/users/9f322eb5-c226-45a2-a6fe-9d1cf16b6db9?expected_revision=2 HTTP/1.1" 204 No Content
  ✓  21 [foundation-desktop] › tests/e2e/system-admin-real-stack.spec.ts:289:1 › 当前管理员自降权与自停用通过同一 BrowserContext principal boundary 收敛双页面 (4.1s)
INFO:     127.0.0.1:65413 - "GET /api/v1/auth/session HTTP/1.1" 204 No Content
INFO:     127.0.0.1:65414 - "OPTIONS /api/v1/auth/login HTTP/1.1" 200 OK
INFO:     127.0.0.1:65413 - "POST /api/v1/auth/login HTTP/1.1" 200 OK
INFO:     127.0.0.1:65415 - "GET /api/v1/auth/session HTTP/1.1" 200 OK
INFO:     127.0.0.1:65415 - "GET /api/v1/users?status=ENABLED&page=1&page_size=20 HTTP/1.1" 200 OK
INFO:     127.0.0.1:65414 - "OPTIONS /api/v1/users HTTP/1.1" 200 OK
INFO:     127.0.0.1:65415 - "POST /api/v1/users HTTP/1.1" 201 Created
INFO:     127.0.0.1:65415 - "GET /api/v1/users?status=ENABLED&page=1&page_size=20 HTTP/1.1" 200 OK
INFO:     127.0.0.1:65373 - "GET /api/v1/auth/csrf HTTP/1.1" 200 OK
INFO:     127.0.0.1:65373 - "GET /api/v1/audit-logs?page=1&page_size=20&request_id=f0bb542e-8d37-4c04-974b-e50bbf32a584 HTTP/1.1" 200 OK
INFO:     127.0.0.1:65422 - "GET /api/v1/auth/session HTTP/1.1" 204 No Content
INFO:     127.0.0.1:65423 - "OPTIONS /api/v1/auth/login HTTP/1.1" 200 OK
INFO:     127.0.0.1:65422 - "POST /api/v1/auth/login HTTP/1.1" 200 OK
INFO:     127.0.0.1:65373 - "GET /api/v1/auth/csrf HTTP/1.1" 200 OK
INFO:     127.0.0.1:65423 - "OPTIONS /api/v1/auth/change-password HTTP/1.1" 200 OK
INFO:     127.0.0.1:65422 - "POST /api/v1/auth/change-password HTTP/1.1" 204 No Content
INFO:     127.0.0.1:65422 - "GET /api/v1/auth/session HTTP/1.1" 200 OK
INFO:     127.0.0.1:65422 - "GET /api/v1/workbench HTTP/1.1" 200 OK
INFO:     127.0.0.1:65373 - "GET /api/v1/auth/me HTTP/1.1" 200 OK
INFO:     127.0.0.1:65422 - "GET /api/v1/auth/session HTTP/1.1" 200 OK
INFO:     127.0.0.1:65422 - "GET /api/v1/auth/session HTTP/1.1" 200 OK
INFO:     127.0.0.1:65373 - "GET /api/v1/users HTTP/1.1" 403 Forbidden
INFO:     127.0.0.1:65373 - "POST /api/v1/users/bulk-status HTTP/1.1" 403 Forbidden
INFO:     127.0.0.1:65373 - "GET /api/v1/users/export HTTP/1.1" 403 Forbidden
INFO:     127.0.0.1:65373 - "GET /api/v1/audit-logs HTTP/1.1" 403 Forbidden
INFO:     127.0.0.1:65373 - "GET /api/v1/audit-logs/filter-options HTTP/1.1" 403 Forbidden
INFO:     127.0.0.1:65373 - "GET /api/v1/audit-logs/1254149d-0d39-4955-9359-0e1a13e95ebb HTTP/1.1" 403 Forbidden
INFO:     127.0.0.1:65415 - "GET /api/v1/auth/session HTTP/1.1" 200 OK
INFO:     127.0.0.1:65415 - "GET /api/v1/users?status=ENABLED&page=1&page_size=20 HTTP/1.1" 200 OK
INFO:     127.0.0.1:65414 - "OPTIONS /api/v1/users/bf84c7a1-ad95-4e3e-af0d-368fe48cb927/reset-password HTTP/1.1" 200 OK
INFO:     127.0.0.1:65415 - "POST /api/v1/users/bf84c7a1-ad95-4e3e-af0d-368fe48cb927/reset-password HTTP/1.1" 200 OK
INFO:     127.0.0.1:65373 - "GET /api/v1/auth/me HTTP/1.1" 401 Unauthorized
INFO:     127.0.0.1:65415 - "GET /api/v1/users?status=ENABLED&page=1&page_size=20 HTTP/1.1" 200 OK
INFO:     127.0.0.1:65422 - "GET /api/v1/auth/session HTTP/1.1" 401 Unauthorized
INFO:     127.0.0.1:65422 - "POST /api/v1/auth/login HTTP/1.1" 200 OK
INFO:     127.0.0.1:65422 - "POST /api/v1/auth/change-password HTTP/1.1" 204 No Content
INFO:     127.0.0.1:65422 - "GET /api/v1/auth/session HTTP/1.1" 200 OK
INFO:     127.0.0.1:65422 - "GET /api/v1/workbench HTTP/1.1" 200 OK
INFO:     127.0.0.1:65373 - "GET /api/v1/auth/me HTTP/1.1" 200 OK
INFO:     127.0.0.1:65415 - "GET /api/v1/auth/session HTTP/1.1" 200 OK
INFO:     127.0.0.1:65415 - "GET /api/v1/users?status=ENABLED&page=1&page_size=20 HTTP/1.1" 200 OK
INFO:     127.0.0.1:65414 - "OPTIONS /api/v1/users/bulk-status HTTP/1.1" 200 OK
INFO:     127.0.0.1:65415 - "POST /api/v1/users/bulk-status HTTP/1.1" 200 OK
INFO:     127.0.0.1:65373 - "GET /api/v1/auth/me HTTP/1.1" 200 OK
INFO:     127.0.0.1:65415 - "GET /api/v1/users?status=ENABLED&page=1&page_size=20 HTTP/1.1" 200 OK
INFO:     127.0.0.1:65415 - "GET /api/v1/auth/session HTTP/1.1" 200 OK
INFO:     127.0.0.1:65424 - "GET /api/v1/audit-logs/filter-options HTTP/1.1" 200 OK
INFO:     127.0.0.1:65415 - "GET /api/v1/audit-logs?page=1&page_size=20&created_from=2026-10-02T06%3A33%3A59.031Z&created_to=2026-10-05T06%3A33%3A59.031Z&request_id=f0bb542e-8d37-4c04-974b-e50bbf32a584 HTTP/1.1" 200 OK
INFO:     127.0.0.1:65415 - "GET /api/v1/audit-logs/1254149d-0d39-4955-9359-0e1a13e95ebb HTTP/1.1" 200 OK
INFO:     127.0.0.1:65415 - "GET /api/v1/auth/session HTTP/1.1" 200 OK
INFO:     127.0.0.1:65415 - "GET /api/v1/audit-logs?page=1&page_size=20&created_from=2026-10-02T06%3A33%3A59.174Z&created_to=2026-10-05T06%3A33%3A59.174Z&request_id=82637008-ab5a-4320-a378-74b91e80a129 HTTP/1.1" 200 OK
INFO:     127.0.0.1:65424 - "GET /api/v1/audit-logs/filter-options HTTP/1.1" 200 OK
INFO:     127.0.0.1:65424 - "GET /api/v1/auth/session HTTP/1.1" 200 OK
INFO:     127.0.0.1:65424 - "GET /api/v1/audit-logs?page=1&page_size=20&created_from=2026-10-02T06%3A33%3A59.239Z&created_to=2026-10-05T06%3A33%3A59.239Z&request_id=e5272125-c534-4aff-bb90-2c21fe89c41e HTTP/1.1" 200 OK
INFO:     127.0.0.1:65415 - "GET /api/v1/audit-logs/filter-options HTTP/1.1" 200 OK
INFO:     127.0.0.1:65415 - "GET /api/v1/auth/session HTTP/1.1" 200 OK
INFO:     127.0.0.1:65424 - "GET /api/v1/audit-logs/filter-options HTTP/1.1" 200 OK
INFO:     127.0.0.1:65415 - "GET /api/v1/audit-logs?page=1&page_size=20&created_from=2026-10-02T06%3A33%3A59.308Z&created_to=2026-10-05T06%3A33%3A59.308Z&action=user.password_changed&target_id=bf84c7a1-ad95-4e3e-af0d-368fe48cb927 HTTP/1.1" 200 OK
INFO:     127.0.0.1:65415 - "GET /api/v1/auth/session HTTP/1.1" 200 OK
INFO:     127.0.0.1:65415 - "GET /api/v1/users?q=e2e-engineer-11c592a3&status=DISABLED&page=1&page_size=20 HTTP/1.1" 200 OK
INFO:     127.0.0.1:65414 - "OPTIONS /api/v1/users/bf84c7a1-ad95-4e3e-af0d-368fe48cb927?expected_revision=4 HTTP/1.1" 200 OK
INFO:     127.0.0.1:65415 - "DELETE /api/v1/users/bf84c7a1-ad95-4e3e-af0d-368fe48cb927?expected_revision=4 HTTP/1.1" 204 No Content
INFO:     127.0.0.1:65415 - "GET /api/v1/users?q=e2e-engineer-11c592a3&status=DISABLED&page=1&page_size=20 HTTP/1.1" 200 OK
INFO:     127.0.0.1:65415 - "GET /api/v1/auth/session HTTP/1.1" 200 OK
INFO:     127.0.0.1:65415 - "GET /api/v1/audit-logs?page=1&page_size=20&created_from=2026-10-02T06%3A33%3A59.793Z&created_to=2026-10-05T06%3A33%3A59.793Z&action=user.password_changed&target_id=bf84c7a1-ad95-4e3e-af0d-368fe48cb927 HTTP/1.1" 200 OK
INFO:     127.0.0.1:65424 - "GET /api/v1/audit-logs/filter-options HTTP/1.1" 200 OK
  ✓  22 [foundation-desktop] › tests/e2e/system-admin-real-stack.spec.ts:864:1 › System Admin 真实栈完成用户、权限、会话与审计闭环 (3.3s)
(node:91183) Warning: The 'NO_COLOR' env is ignored due to the 'FORCE_COLOR' env being set.
(Use `node --trace-warnings ...` to show where the warning was created)
INFO:     127.0.0.1:65425 - "POST /api/v1/auth/login HTTP/1.1" 200 OK
INFO:     127.0.0.1:65432 - "GET /api/v1/auth/session HTTP/1.1" 200 OK
INFO:     127.0.0.1:65433 - "OPTIONS /api/v1/products HTTP/1.1" 200 OK
INFO:     127.0.0.1:65432 - "POST /api/v1/products HTTP/1.1" 201 Created
INFO:     127.0.0.1:65432 - "GET /api/v1/products/83e6fb18-469e-4377-8eb6-b3e64536b764/detail HTTP/1.1" 200 OK
INFO:     127.0.0.1:65432 - "GET /api/v1/auth/session HTTP/1.1" 200 OK
INFO:     127.0.0.1:65432 - "GET /api/v1/products/83e6fb18-469e-4377-8eb6-b3e64536b764/facts HTTP/1.1" 200 OK
INFO:     127.0.0.1:65433 - "OPTIONS /api/v1/products/83e6fb18-469e-4377-8eb6-b3e64536b764/facts HTTP/1.1" 200 OK
INFO:     127.0.0.1:65432 - "PUT /api/v1/products/83e6fb18-469e-4377-8eb6-b3e64536b764/facts HTTP/1.1" 200 OK
INFO:     127.0.0.1:65433 - "OPTIONS /api/v1/products/83e6fb18-469e-4377-8eb6-b3e64536b764/fact-review-submissions HTTP/1.1" 200 OK
INFO:     127.0.0.1:65432 - "POST /api/v1/products/83e6fb18-469e-4377-8eb6-b3e64536b764/fact-review-submissions HTTP/1.1" 201 Created
INFO:     127.0.0.1:65432 - "GET /api/v1/products/83e6fb18-469e-4377-8eb6-b3e64536b764/facts HTTP/1.1" 200 OK
INFO:     127.0.0.1:65432 - "GET /api/v1/auth/session HTTP/1.1" 200 OK
INFO:     127.0.0.1:65432 - "GET /api/v1/products/83e6fb18-469e-4377-8eb6-b3e64536b764/fact-review-context HTTP/1.1" 200 OK
INFO:     127.0.0.1:65433 - "OPTIONS /api/v1/fact-versions/7ea3a147-99bc-4661-8654-92947c9827a3/approve HTTP/1.1" 200 OK
INFO:     127.0.0.1:65432 - "POST /api/v1/fact-versions/7ea3a147-99bc-4661-8654-92947c9827a3/approve HTTP/1.1" 200 OK
INFO:     127.0.0.1:65432 - "GET /api/v1/products/83e6fb18-469e-4377-8eb6-b3e64536b764/fact-review-context HTTP/1.1" 200 OK
INFO:     127.0.0.1:65432 - "GET /api/v1/auth/session HTTP/1.1" 200 OK
INFO:     127.0.0.1:65432 - "GET /api/v1/geo/subjects?page=1&page_size=20&sort=NAME_ASC HTTP/1.1" 200 OK
INFO:     127.0.0.1:65434 - "GET /api/v1/geo/subjects?page=1&page_size=10&sort=NAME_ASC&subject_type=OWN_BRAND HTTP/1.1" 200 OK
INFO:     127.0.0.1:65432 - "GET /api/v1/products?search=&page=1&page_size=10&sort=MODEL_ASC HTTP/1.1" 200 OK
INFO:     127.0.0.1:65434 - "GET /api/v1/products?search=GEO707-4b89f1f0&page=1&page_size=10&sort=MODEL_ASC HTTP/1.1" 200 OK
INFO:     127.0.0.1:65433 - "OPTIONS /api/v1/geo/subjects HTTP/1.1" 200 OK
INFO:     127.0.0.1:65434 - "POST /api/v1/geo/subjects HTTP/1.1" 201 Created
INFO:     127.0.0.1:65432 - "GET /api/v1/geo/subjects?page=1&page_size=10&sort=NAME_ASC&subject_type=OWN_BRAND HTTP/1.1" 200 OK
INFO:     127.0.0.1:65434 - "GET /api/v1/geo/subjects?page=1&page_size=20&sort=NAME_ASC HTTP/1.1" 200 OK
INFO:     127.0.0.1:65435 - "GET /api/v1/geo/subjects/6d54ed50-4138-41a1-9ed3-4668511c05e1 HTTP/1.1" 200 OK
INFO:     127.0.0.1:65435 - "GET /api/v1/auth/session HTTP/1.1" 200 OK
INFO:     127.0.0.1:65435 - "GET /api/v1/geo/engine-surfaces?page=1&page_size=20&sort=NAME_ASC HTTP/1.1" 200 OK
INFO:     127.0.0.1:65433 - "OPTIONS /api/v1/geo/engine-surfaces HTTP/1.1" 200 OK
INFO:     127.0.0.1:65435 - "POST /api/v1/geo/engine-surfaces HTTP/1.1" 201 Created
INFO:     127.0.0.1:65435 - "GET /api/v1/geo/engine-surfaces?page=1&page_size=20&sort=NAME_ASC HTTP/1.1" 200 OK
INFO:     127.0.0.1:65434 - "GET /api/v1/geo/engine-surfaces/185f3f26-e6bb-46b2-b7c4-258668ee6090 HTTP/1.1" 200 OK
INFO:     127.0.0.1:65433 - "OPTIONS /api/v1/geo/engine-surfaces/185f3f26-e6bb-46b2-b7c4-258668ee6090/enable HTTP/1.1" 200 OK
INFO:     127.0.0.1:65434 - "POST /api/v1/geo/engine-surfaces/185f3f26-e6bb-46b2-b7c4-258668ee6090/enable HTTP/1.1" 200 OK
INFO:     127.0.0.1:65434 - "GET /api/v1/geo/engine-surfaces?page=1&page_size=20&sort=NAME_ASC HTTP/1.1" 200 OK
INFO:     127.0.0.1:65434 - "GET /api/v1/geo/collection-profiles?page=1&page_size=20&sort=NAME_ASC&engine_surface_id=185f3f26-e6bb-46b2-b7c4-258668ee6090 HTTP/1.1" 200 OK
INFO:     127.0.0.1:65433 - "OPTIONS /api/v1/geo/collection-profiles HTTP/1.1" 200 OK
INFO:     127.0.0.1:65434 - "POST /api/v1/geo/collection-profiles HTTP/1.1" 201 Created
INFO:     127.0.0.1:65434 - "GET /api/v1/geo/collection-profiles?page=1&page_size=20&sort=NAME_ASC&engine_surface_id=185f3f26-e6bb-46b2-b7c4-258668ee6090 HTTP/1.1" 200 OK
INFO:     127.0.0.1:65435 - "GET /api/v1/geo/collection-profiles/74391c09-7229-4a8f-8e4e-e0130067df08 HTTP/1.1" 200 OK
INFO:     127.0.0.1:65433 - "OPTIONS /api/v1/geo/collection-profiles/74391c09-7229-4a8f-8e4e-e0130067df08/enable HTTP/1.1" 200 OK
INFO:     127.0.0.1:65435 - "POST /api/v1/geo/collection-profiles/74391c09-7229-4a8f-8e4e-e0130067df08/enable HTTP/1.1" 200 OK
INFO:     127.0.0.1:65434 - "GET /api/v1/auth/session HTTP/1.1" 200 OK
INFO:     127.0.0.1:65434 - "GET /api/v1/query-topics/list-items?sort=QUESTION_ASC&page=1&page_size=20 HTTP/1.1" 200 OK
INFO:     127.0.0.1:65433 - "OPTIONS /api/v1/query-topics HTTP/1.1" 200 OK
INFO:     127.0.0.1:65434 - "POST /api/v1/query-topics HTTP/1.1" 201 Created
INFO:     127.0.0.1:65434 - "GET /api/v1/query-topics/list-items?sort=QUESTION_ASC&page=1&page_size=20 HTTP/1.1" 200 OK
INFO:     127.0.0.1:65434 - "GET /api/v1/auth/session HTTP/1.1" 200 OK
INFO:     127.0.0.1:65434 - "GET /api/v1/geo/prompt-variants?page=1&page_size=20&sort=UPDATED_DESC HTTP/1.1" 200 OK
INFO:     127.0.0.1:65434 - "GET /api/v1/query-topics HTTP/1.1" 200 OK
INFO:     127.0.0.1:65433 - "OPTIONS /api/v1/geo/query-topics/aa9386e4-f98b-4833-b362-6d0b8ffe8da1/prompt-variants HTTP/1.1" 200 OK
INFO:     127.0.0.1:65434 - "POST /api/v1/geo/query-topics/aa9386e4-f98b-4833-b362-6d0b8ffe8da1/prompt-variants HTTP/1.1" 201 Created
INFO:     127.0.0.1:65434 - "GET /api/v1/geo/prompt-variants?page=1&page_size=20&sort=UPDATED_DESC HTTP/1.1" 200 OK
INFO:     127.0.0.1:65434 - "GET /api/v1/auth/session HTTP/1.1" 200 OK
INFO:     127.0.0.1:65434 - "GET /api/v1/geo/monitoring-plans?page=1&page_size=20&sort=UPDATED_DESC HTTP/1.1" 200 OK
INFO:     127.0.0.1:65432 - "GET /api/v1/geo/subjects?q=4b89f1f0&page=1&page_size=10&sort=NAME_ASC HTTP/1.1" 200 OK
INFO:     127.0.0.1:65432 - "GET /api/v1/geo/prompt-variants?q=4b89f1f0&page=1&page_size=10&sort=TEXT_ASC HTTP/1.1" 200 OK
INFO:     127.0.0.1:65432 - "GET /api/v1/geo/collection-profiles?q=4b89f1f0&page=1&page_size=10&sort=NAME_ASC HTTP/1.1" 200 OK
INFO:     127.0.0.1:65433 - "OPTIONS /api/v1/geo/monitoring-plans/preview HTTP/1.1" 200 OK
INFO:     127.0.0.1:65432 - "POST /api/v1/geo/monitoring-plans/preview HTTP/1.1" 200 OK
INFO:     127.0.0.1:65433 - "OPTIONS /api/v1/geo/monitoring-plans HTTP/1.1" 200 OK
INFO:     127.0.0.1:65432 - "POST /api/v1/geo/monitoring-plans HTTP/1.1" 201 Created
INFO:     127.0.0.1:65432 - "GET /api/v1/geo/monitoring-plans?page=1&page_size=20&sort=UPDATED_DESC HTTP/1.1" 200 OK
INFO:     127.0.0.1:65439 - "POST /api/v1/platform-types HTTP/1.1" 201 Created
INFO:     127.0.0.1:65439 - "POST /api/v1/platform-profiles HTTP/1.1" 201 Created
INFO:     127.0.0.1:65439 - "POST /api/v1/platform-accounts HTTP/1.1" 201 Created
INFO:     127.0.0.1:65432 - "GET /api/v1/auth/session HTTP/1.1" 200 OK
INFO:     127.0.0.1:65432 - "GET /api/v1/geo/observation-batches?sort=CREATED_DESC&page=1&page_size=20 HTTP/1.1" 200 OK
INFO:     127.0.0.1:65432 - "GET /api/v1/geo/monitoring-plans?page=1&page_size=20&sort=UPDATED_DESC HTTP/1.1" 200 OK
INFO:     127.0.0.1:65432 - "GET /api/v1/geo/monitoring-plans?q=GEO707%20%E4%BA%94%E6%AC%A1%E4%BA%BA%E5%B7%A5%E5%9F%BA%E7%BA%BF%204b89f1f0&page=1&page_size=20&sort=UPDATED_DESC HTTP/1.1" 200 OK
INFO:     127.0.0.1:65433 - "OPTIONS /api/v1/geo/monitoring-plans/4b1848f8-8493-41b9-92f3-b11f52e8db86/run HTTP/1.1" 200 OK
INFO:     127.0.0.1:65432 - "POST /api/v1/geo/monitoring-plans/4b1848f8-8493-41b9-92f3-b11f52e8db86/run HTTP/1.1" 201 Created
INFO:     127.0.0.1:65432 - "GET /api/v1/geo/observation-batches?sort=CREATED_DESC&page=1&page_size=20 HTTP/1.1" 200 OK
INFO:     127.0.0.1:65440 - "GET /api/v1/geo/observation-runs?sort=CREATED_DESC&page=1&page_size=20&batch_id=06b6f3da-230a-497c-968a-b0adbce7353f&latest_only=true HTTP/1.1" 200 OK
INFO:     127.0.0.1:65439 - "GET /api/v1/geo/observation-runs?batch_id=06b6f3da-230a-497c-968a-b0adbce7353f HTTP/1.1" 200 OK
INFO:     127.0.0.1:65432 - "GET /api/v1/geo/observation-batches/06b6f3da-230a-497c-968a-b0adbce7353f HTTP/1.1" 200 OK
INFO:     127.0.0.1:65432 - "GET /api/v1/auth/session HTTP/1.1" 200 OK
INFO:     127.0.0.1:65432 - "GET /api/v1/geo/observation-batches?sort=CREATED_DESC&page=1&page_size=20 HTTP/1.1" 200 OK
INFO:     127.0.0.1:65440 - "GET /api/v1/geo/observation-runs/e8b553e1-7c09-4eab-b8f1-1b470f6f1d3f/manual-entry HTTP/1.1" 200 OK
INFO:     127.0.0.1:65441 - "GET /api/v1/geo/observation-batches/06b6f3da-230a-497c-968a-b0adbce7353f HTTP/1.1" 200 OK
INFO:     127.0.0.1:65433 - "OPTIONS /api/v1/files/upload-intents HTTP/1.1" 200 OK
INFO:     127.0.0.1:65441 - "POST /api/v1/files/upload-intents HTTP/1.1" 201 Created
INFO:     127.0.0.1:65433 - "OPTIONS /api/v1/files/a0f0bf87-2815-4f22-8d77-46c40ca5b3d1/content HTTP/1.1" 200 OK
INFO:     127.0.0.1:65441 - "PUT /api/v1/files/a0f0bf87-2815-4f22-8d77-46c40ca5b3d1/content HTTP/1.1" 204 No Content
INFO:     127.0.0.1:65433 - "OPTIONS /api/v1/files/a0f0bf87-2815-4f22-8d77-46c40ca5b3d1/complete HTTP/1.1" 200 OK
INFO:     127.0.0.1:65441 - "POST /api/v1/files/a0f0bf87-2815-4f22-8d77-46c40ca5b3d1/complete HTTP/1.1" 200 OK
INFO:     127.0.0.1:65439 - "GET /api/v1/files/a0f0bf87-2815-4f22-8d77-46c40ca5b3d1 HTTP/1.1" 200 OK
INFO:     127.0.0.1:65433 - "OPTIONS /api/v1/geo/observation-runs/e8b553e1-7c09-4eab-b8f1-1b470f6f1d3f/manual-draft HTTP/1.1" 200 OK
INFO:     127.0.0.1:65441 - "PUT /api/v1/geo/observation-runs/e8b553e1-7c09-4eab-b8f1-1b470f6f1d3f/manual-draft HTTP/1.1" 200 OK
INFO:     127.0.0.1:65433 - "OPTIONS /api/v1/geo/observation-runs/e8b553e1-7c09-4eab-b8f1-1b470f6f1d3f/manual-submit HTTP/1.1" 200 OK
INFO:     127.0.0.1:65441 - "POST /api/v1/geo/observation-runs/e8b553e1-7c09-4eab-b8f1-1b470f6f1d3f/manual-submit HTTP/1.1" 201 Created
INFO:     127.0.0.1:65440 - "GET /api/v1/geo/observation-batches/06b6f3da-230a-497c-968a-b0adbce7353f HTTP/1.1" 200 OK
INFO:     127.0.0.1:65441 - "GET /api/v1/geo/observation-batches?sort=CREATED_DESC&page=1&page_size=20 HTTP/1.1" 200 OK
INFO:     127.0.0.1:65439 - "GET /api/v1/geo/observation-runs/e8b553e1-7c09-4eab-b8f1-1b470f6f1d3f HTTP/1.1" 200 OK
INFO:     127.0.0.1:65432 - "GET /api/v1/geo/observation-runs/e8b553e1-7c09-4eab-b8f1-1b470f6f1d3f HTTP/1.1" 200 OK
INFO:     127.0.0.1:65439 - "GET /api/v1/geo/observation-runs/e8b553e1-7c09-4eab-b8f1-1b470f6f1d3f HTTP/1.1" 200 OK
INFO:     127.0.0.1:65439 - "GET /api/v1/geo/observation-runs/e8b553e1-7c09-4eab-b8f1-1b470f6f1d3f HTTP/1.1" 200 OK
INFO:     127.0.0.1:65439 - "GET /api/v1/geo/observation-runs/e8b553e1-7c09-4eab-b8f1-1b470f6f1d3f HTTP/1.1" 200 OK
INFO:     127.0.0.1:65439 - "GET /api/v1/geo/observation-runs/e8b553e1-7c09-4eab-b8f1-1b470f6f1d3f HTTP/1.1" 200 OK
INFO:     127.0.0.1:65439 - "GET /api/v1/geo/observation-runs/e8b553e1-7c09-4eab-b8f1-1b470f6f1d3f HTTP/1.1" 200 OK
INFO:     127.0.0.1:65439 - "GET /api/v1/geo/observation-runs/e8b553e1-7c09-4eab-b8f1-1b470f6f1d3f HTTP/1.1" 200 OK
INFO:     127.0.0.1:65432 - "GET /api/v1/geo/observation-batches/06b6f3da-230a-497c-968a-b0adbce7353f HTTP/1.1" 200 OK
INFO:     127.0.0.1:65449 - "GET /api/v1/geo/observation-batches?sort=CREATED_DESC&page=1&page_size=20 HTTP/1.1" 200 OK
INFO:     127.0.0.1:65450 - "GET /api/v1/geo/observation-runs/e8b553e1-7c09-4eab-b8f1-1b470f6f1d3f HTTP/1.1" 200 OK
INFO:     127.0.0.1:65439 - "GET /api/v1/geo/observation-runs/e8b553e1-7c09-4eab-b8f1-1b470f6f1d3f HTTP/1.1" 200 OK
INFO:     127.0.0.1:65439 - "GET /api/v1/geo/observation-runs/e8b553e1-7c09-4eab-b8f1-1b470f6f1d3f HTTP/1.1" 200 OK
INFO:     127.0.0.1:65439 - "GET /api/v1/geo/observation-runs/e8b553e1-7c09-4eab-b8f1-1b470f6f1d3f HTTP/1.1" 200 OK
INFO:     127.0.0.1:65450 - "GET /api/v1/auth/session HTTP/1.1" 200 OK
INFO:     127.0.0.1:65450 - "GET /api/v1/geo/observation-batches?sort=CREATED_DESC&page=1&page_size=20 HTTP/1.1" 200 OK
INFO:     127.0.0.1:65449 - "GET /api/v1/geo/observation-batches/06b6f3da-230a-497c-968a-b0adbce7353f HTTP/1.1" 200 OK
INFO:     127.0.0.1:65450 - "GET /api/v1/geo/observation-runs/f6a198bb-8980-4ed9-98db-906a07004282/manual-entry HTTP/1.1" 200 OK
INFO:     127.0.0.1:65450 - "POST /api/v1/files/upload-intents HTTP/1.1" 201 Created
INFO:     127.0.0.1:65452 - "OPTIONS /api/v1/files/fbb436e6-bd23-46d0-816f-71d9f20da82d/content HTTP/1.1" 200 OK
INFO:     127.0.0.1:65450 - "PUT /api/v1/files/fbb436e6-bd23-46d0-816f-71d9f20da82d/content HTTP/1.1" 204 No Content
INFO:     127.0.0.1:65452 - "OPTIONS /api/v1/files/fbb436e6-bd23-46d0-816f-71d9f20da82d/complete HTTP/1.1" 200 OK
INFO:     127.0.0.1:65450 - "POST /api/v1/files/fbb436e6-bd23-46d0-816f-71d9f20da82d/complete HTTP/1.1" 200 OK
INFO:     127.0.0.1:65439 - "GET /api/v1/files/fbb436e6-bd23-46d0-816f-71d9f20da82d HTTP/1.1" 200 OK
INFO:     127.0.0.1:65452 - "OPTIONS /api/v1/geo/observation-runs/f6a198bb-8980-4ed9-98db-906a07004282/manual-draft HTTP/1.1" 200 OK
INFO:     127.0.0.1:65450 - "PUT /api/v1/geo/observation-runs/f6a198bb-8980-4ed9-98db-906a07004282/manual-draft HTTP/1.1" 200 OK
INFO:     127.0.0.1:65452 - "OPTIONS /api/v1/geo/observation-runs/f6a198bb-8980-4ed9-98db-906a07004282/manual-submit HTTP/1.1" 200 OK
INFO:     127.0.0.1:65450 - "POST /api/v1/geo/observation-runs/f6a198bb-8980-4ed9-98db-906a07004282/manual-submit HTTP/1.1" 201 Created
INFO:     127.0.0.1:65449 - "GET /api/v1/geo/observation-batches/06b6f3da-230a-497c-968a-b0adbce7353f HTTP/1.1" 200 OK
INFO:     127.0.0.1:65450 - "GET /api/v1/geo/observation-batches?sort=CREATED_DESC&page=1&page_size=20 HTTP/1.1" 200 OK
INFO:     127.0.0.1:65439 - "GET /api/v1/geo/observation-runs/f6a198bb-8980-4ed9-98db-906a07004282 HTTP/1.1" 200 OK
INFO:     127.0.0.1:65432 - "GET /api/v1/geo/observation-runs/f6a198bb-8980-4ed9-98db-906a07004282 HTTP/1.1" 200 OK
INFO:     127.0.0.1:65439 - "GET /api/v1/geo/observation-runs/f6a198bb-8980-4ed9-98db-906a07004282 HTTP/1.1" 200 OK
INFO:     127.0.0.1:65439 - "GET /api/v1/geo/observation-runs/f6a198bb-8980-4ed9-98db-906a07004282 HTTP/1.1" 200 OK
INFO:     127.0.0.1:65439 - "GET /api/v1/geo/observation-runs/f6a198bb-8980-4ed9-98db-906a07004282 HTTP/1.1" 200 OK
INFO:     127.0.0.1:65439 - "GET /api/v1/geo/observation-runs/f6a198bb-8980-4ed9-98db-906a07004282 HTTP/1.1" 200 OK
INFO:     127.0.0.1:65439 - "GET /api/v1/geo/observation-runs/f6a198bb-8980-4ed9-98db-906a07004282 HTTP/1.1" 200 OK
INFO:     127.0.0.1:65439 - "GET /api/v1/geo/observation-runs/f6a198bb-8980-4ed9-98db-906a07004282 HTTP/1.1" 200 OK
INFO:     127.0.0.1:65439 - "GET /api/v1/geo/observation-runs/f6a198bb-8980-4ed9-98db-906a07004282 HTTP/1.1" 200 OK
INFO:     127.0.0.1:65439 - "GET /api/v1/geo/observation-runs/f6a198bb-8980-4ed9-98db-906a07004282 HTTP/1.1" 200 OK
INFO:     127.0.0.1:65432 - "GET /api/v1/auth/session HTTP/1.1" 200 OK
INFO:     127.0.0.1:65432 - "GET /api/v1/geo/observation-batches?sort=CREATED_DESC&page=1&page_size=20 HTTP/1.1" 200 OK
INFO:     127.0.0.1:65450 - "GET /api/v1/geo/observation-runs/0053b59f-c0bd-4877-8499-ea46c7be0cb7/manual-entry HTTP/1.1" 200 OK
INFO:     127.0.0.1:65449 - "GET /api/v1/geo/observation-batches/06b6f3da-230a-497c-968a-b0adbce7353f HTTP/1.1" 200 OK
INFO:     127.0.0.1:65449 - "POST /api/v1/files/upload-intents HTTP/1.1" 201 Created
INFO:     127.0.0.1:65452 - "OPTIONS /api/v1/files/8bde5a55-831c-47d7-b941-f7859da40088/content HTTP/1.1" 200 OK
INFO:     127.0.0.1:65449 - "PUT /api/v1/files/8bde5a55-831c-47d7-b941-f7859da40088/content HTTP/1.1" 204 No Content
INFO:     127.0.0.1:65452 - "OPTIONS /api/v1/files/8bde5a55-831c-47d7-b941-f7859da40088/complete HTTP/1.1" 200 OK
INFO:     127.0.0.1:65449 - "POST /api/v1/files/8bde5a55-831c-47d7-b941-f7859da40088/complete HTTP/1.1" 200 OK
INFO:     127.0.0.1:65439 - "GET /api/v1/files/8bde5a55-831c-47d7-b941-f7859da40088 HTTP/1.1" 200 OK
INFO:     127.0.0.1:65452 - "OPTIONS /api/v1/geo/observation-runs/0053b59f-c0bd-4877-8499-ea46c7be0cb7/manual-draft HTTP/1.1" 200 OK
INFO:     127.0.0.1:65449 - "PUT /api/v1/geo/observation-runs/0053b59f-c0bd-4877-8499-ea46c7be0cb7/manual-draft HTTP/1.1" 200 OK
INFO:     127.0.0.1:65452 - "OPTIONS /api/v1/geo/observation-runs/0053b59f-c0bd-4877-8499-ea46c7be0cb7/manual-submit HTTP/1.1" 200 OK
INFO:     127.0.0.1:65449 - "POST /api/v1/geo/observation-runs/0053b59f-c0bd-4877-8499-ea46c7be0cb7/manual-submit HTTP/1.1" 201 Created
INFO:     127.0.0.1:65450 - "GET /api/v1/geo/observation-batches/06b6f3da-230a-497c-968a-b0adbce7353f HTTP/1.1" 200 OK
INFO:     127.0.0.1:65449 - "GET /api/v1/geo/observation-batches?sort=CREATED_DESC&page=1&page_size=20 HTTP/1.1" 200 OK
INFO:     127.0.0.1:65439 - "GET /api/v1/geo/observation-runs/0053b59f-c0bd-4877-8499-ea46c7be0cb7 HTTP/1.1" 200 OK
INFO:     127.0.0.1:65432 - "GET /api/v1/geo/observation-runs/0053b59f-c0bd-4877-8499-ea46c7be0cb7 HTTP/1.1" 200 OK
INFO:     127.0.0.1:65439 - "GET /api/v1/geo/observation-runs/0053b59f-c0bd-4877-8499-ea46c7be0cb7 HTTP/1.1" 200 OK
INFO:     127.0.0.1:65439 - "GET /api/v1/geo/observation-runs/0053b59f-c0bd-4877-8499-ea46c7be0cb7 HTTP/1.1" 200 OK
INFO:     127.0.0.1:65439 - "GET /api/v1/geo/observation-runs/0053b59f-c0bd-4877-8499-ea46c7be0cb7 HTTP/1.1" 200 OK
INFO:     127.0.0.1:65439 - "GET /api/v1/geo/observation-runs/0053b59f-c0bd-4877-8499-ea46c7be0cb7 HTTP/1.1" 200 OK
INFO:     127.0.0.1:65439 - "GET /api/v1/geo/observation-runs/0053b59f-c0bd-4877-8499-ea46c7be0cb7 HTTP/1.1" 200 OK
INFO:     127.0.0.1:65439 - "GET /api/v1/geo/observation-runs/0053b59f-c0bd-4877-8499-ea46c7be0cb7 HTTP/1.1" 200 OK
INFO:     127.0.0.1:65439 - "GET /api/v1/geo/observation-runs/0053b59f-c0bd-4877-8499-ea46c7be0cb7 HTTP/1.1" 200 OK
INFO:     127.0.0.1:65439 - "GET /api/v1/geo/observation-runs/0053b59f-c0bd-4877-8499-ea46c7be0cb7 HTTP/1.1" 200 OK
INFO:     127.0.0.1:65432 - "GET /api/v1/auth/session HTTP/1.1" 200 OK
INFO:     127.0.0.1:65432 - "GET /api/v1/geo/observation-batches?sort=CREATED_DESC&page=1&page_size=20 HTTP/1.1" 200 OK
INFO:     127.0.0.1:65449 - "GET /api/v1/geo/observation-runs/7ab2cf1c-3806-4ad1-8ab2-6b3d3915f21f/manual-entry HTTP/1.1" 200 OK
INFO:     127.0.0.1:65450 - "GET /api/v1/geo/observation-batches/06b6f3da-230a-497c-968a-b0adbce7353f HTTP/1.1" 200 OK
INFO:     127.0.0.1:65450 - "POST /api/v1/files/upload-intents HTTP/1.1" 201 Created
INFO:     127.0.0.1:65452 - "OPTIONS /api/v1/files/3c0bffba-806f-48ef-9e8a-00f82a2723cc/content HTTP/1.1" 200 OK
INFO:     127.0.0.1:65450 - "PUT /api/v1/files/3c0bffba-806f-48ef-9e8a-00f82a2723cc/content HTTP/1.1" 204 No Content
INFO:     127.0.0.1:65452 - "OPTIONS /api/v1/files/3c0bffba-806f-48ef-9e8a-00f82a2723cc/complete HTTP/1.1" 200 OK
INFO:     127.0.0.1:65450 - "POST /api/v1/files/3c0bffba-806f-48ef-9e8a-00f82a2723cc/complete HTTP/1.1" 200 OK
INFO:     127.0.0.1:65439 - "GET /api/v1/files/3c0bffba-806f-48ef-9e8a-00f82a2723cc HTTP/1.1" 200 OK
INFO:     127.0.0.1:65452 - "OPTIONS /api/v1/geo/observation-runs/7ab2cf1c-3806-4ad1-8ab2-6b3d3915f21f/manual-draft HTTP/1.1" 200 OK
INFO:     127.0.0.1:65450 - "PUT /api/v1/geo/observation-runs/7ab2cf1c-3806-4ad1-8ab2-6b3d3915f21f/manual-draft HTTP/1.1" 200 OK
INFO:     127.0.0.1:65452 - "OPTIONS /api/v1/geo/observation-runs/7ab2cf1c-3806-4ad1-8ab2-6b3d3915f21f/manual-submit HTTP/1.1" 200 OK
INFO:     127.0.0.1:65450 - "POST /api/v1/geo/observation-runs/7ab2cf1c-3806-4ad1-8ab2-6b3d3915f21f/manual-submit HTTP/1.1" 201 Created
INFO:     127.0.0.1:65449 - "GET /api/v1/geo/observation-batches/06b6f3da-230a-497c-968a-b0adbce7353f HTTP/1.1" 200 OK
INFO:     127.0.0.1:65450 - "GET /api/v1/geo/observation-batches?sort=CREATED_DESC&page=1&page_size=20 HTTP/1.1" 200 OK
INFO:     127.0.0.1:65439 - "GET /api/v1/geo/observation-runs/7ab2cf1c-3806-4ad1-8ab2-6b3d3915f21f HTTP/1.1" 200 OK
INFO:     127.0.0.1:65432 - "GET /api/v1/geo/observation-runs/7ab2cf1c-3806-4ad1-8ab2-6b3d3915f21f HTTP/1.1" 200 OK
INFO:     127.0.0.1:65439 - "GET /api/v1/geo/observation-runs/7ab2cf1c-3806-4ad1-8ab2-6b3d3915f21f HTTP/1.1" 200 OK
INFO:     127.0.0.1:65439 - "GET /api/v1/geo/observation-runs/7ab2cf1c-3806-4ad1-8ab2-6b3d3915f21f HTTP/1.1" 200 OK
INFO:     127.0.0.1:65439 - "GET /api/v1/geo/observation-runs/7ab2cf1c-3806-4ad1-8ab2-6b3d3915f21f HTTP/1.1" 200 OK
INFO:     127.0.0.1:65439 - "GET /api/v1/geo/observation-runs/7ab2cf1c-3806-4ad1-8ab2-6b3d3915f21f HTTP/1.1" 200 OK
INFO:     127.0.0.1:65439 - "GET /api/v1/geo/observation-runs/7ab2cf1c-3806-4ad1-8ab2-6b3d3915f21f HTTP/1.1" 200 OK
INFO:     127.0.0.1:65439 - "GET /api/v1/geo/observation-runs/7ab2cf1c-3806-4ad1-8ab2-6b3d3915f21f HTTP/1.1" 200 OK
INFO:     127.0.0.1:65432 - "GET /api/v1/geo/observation-batches/06b6f3da-230a-497c-968a-b0adbce7353f HTTP/1.1" 200 OK
INFO:     127.0.0.1:65468 - "GET /api/v1/geo/observation-batches?sort=CREATED_DESC&page=1&page_size=20 HTTP/1.1" 200 OK
INFO:     127.0.0.1:65469 - "GET /api/v1/geo/observation-runs/7ab2cf1c-3806-4ad1-8ab2-6b3d3915f21f HTTP/1.1" 200 OK
INFO:     127.0.0.1:65439 - "GET /api/v1/geo/observation-runs/7ab2cf1c-3806-4ad1-8ab2-6b3d3915f21f HTTP/1.1" 200 OK
INFO:     127.0.0.1:65439 - "GET /api/v1/geo/observation-runs/7ab2cf1c-3806-4ad1-8ab2-6b3d3915f21f HTTP/1.1" 200 OK
INFO:     127.0.0.1:65439 - "GET /api/v1/geo/observation-runs/7ab2cf1c-3806-4ad1-8ab2-6b3d3915f21f HTTP/1.1" 200 OK
INFO:     127.0.0.1:65469 - "GET /api/v1/auth/session HTTP/1.1" 200 OK
INFO:     127.0.0.1:65469 - "GET /api/v1/geo/observation-batches?sort=CREATED_DESC&page=1&page_size=20 HTTP/1.1" 200 OK
INFO:     127.0.0.1:65468 - "GET /api/v1/geo/observation-batches/06b6f3da-230a-497c-968a-b0adbce7353f HTTP/1.1" 200 OK
INFO:     127.0.0.1:65469 - "GET /api/v1/geo/observation-runs/a140bfbf-53c9-4a9e-be4e-78eb37083f25/manual-entry HTTP/1.1" 200 OK
INFO:     127.0.0.1:65469 - "POST /api/v1/files/upload-intents HTTP/1.1" 201 Created
INFO:     127.0.0.1:65471 - "OPTIONS /api/v1/files/9542e3d3-4dc4-4f57-affd-5d6e7217d2a8/content HTTP/1.1" 200 OK
INFO:     127.0.0.1:65469 - "PUT /api/v1/files/9542e3d3-4dc4-4f57-affd-5d6e7217d2a8/content HTTP/1.1" 204 No Content
INFO:     127.0.0.1:65471 - "OPTIONS /api/v1/files/9542e3d3-4dc4-4f57-affd-5d6e7217d2a8/complete HTTP/1.1" 200 OK
INFO:     127.0.0.1:65469 - "POST /api/v1/files/9542e3d3-4dc4-4f57-affd-5d6e7217d2a8/complete HTTP/1.1" 200 OK
INFO:     127.0.0.1:65439 - "GET /api/v1/files/9542e3d3-4dc4-4f57-affd-5d6e7217d2a8 HTTP/1.1" 200 OK
INFO:     127.0.0.1:65471 - "OPTIONS /api/v1/geo/observation-runs/a140bfbf-53c9-4a9e-be4e-78eb37083f25/manual-draft HTTP/1.1" 200 OK
INFO:     127.0.0.1:65469 - "PUT /api/v1/geo/observation-runs/a140bfbf-53c9-4a9e-be4e-78eb37083f25/manual-draft HTTP/1.1" 200 OK
INFO:     127.0.0.1:65471 - "OPTIONS /api/v1/geo/observation-runs/a140bfbf-53c9-4a9e-be4e-78eb37083f25/manual-submit HTTP/1.1" 200 OK
INFO:     127.0.0.1:65469 - "POST /api/v1/geo/observation-runs/a140bfbf-53c9-4a9e-be4e-78eb37083f25/manual-submit HTTP/1.1" 201 Created
INFO:     127.0.0.1:65468 - "GET /api/v1/geo/observation-batches/06b6f3da-230a-497c-968a-b0adbce7353f HTTP/1.1" 200 OK
INFO:     127.0.0.1:65469 - "GET /api/v1/geo/observation-batches?sort=CREATED_DESC&page=1&page_size=20 HTTP/1.1" 200 OK
INFO:     127.0.0.1:65439 - "GET /api/v1/geo/observation-runs/a140bfbf-53c9-4a9e-be4e-78eb37083f25 HTTP/1.1" 200 OK
INFO:     127.0.0.1:65432 - "GET /api/v1/geo/observation-runs/a140bfbf-53c9-4a9e-be4e-78eb37083f25 HTTP/1.1" 200 OK
INFO:     127.0.0.1:65439 - "GET /api/v1/geo/observation-runs/a140bfbf-53c9-4a9e-be4e-78eb37083f25 HTTP/1.1" 200 OK
INFO:     127.0.0.1:65439 - "GET /api/v1/geo/observation-runs/a140bfbf-53c9-4a9e-be4e-78eb37083f25 HTTP/1.1" 200 OK
INFO:     127.0.0.1:65439 - "GET /api/v1/geo/observation-runs/a140bfbf-53c9-4a9e-be4e-78eb37083f25 HTTP/1.1" 200 OK
INFO:     127.0.0.1:65439 - "GET /api/v1/geo/observation-runs/a140bfbf-53c9-4a9e-be4e-78eb37083f25 HTTP/1.1" 200 OK
INFO:     127.0.0.1:65439 - "GET /api/v1/geo/observation-runs/a140bfbf-53c9-4a9e-be4e-78eb37083f25 HTTP/1.1" 200 OK
INFO:     127.0.0.1:65439 - "GET /api/v1/geo/observation-runs/a140bfbf-53c9-4a9e-be4e-78eb37083f25 HTTP/1.1" 200 OK
INFO:     127.0.0.1:65439 - "GET /api/v1/geo/observation-runs/a140bfbf-53c9-4a9e-be4e-78eb37083f25 HTTP/1.1" 200 OK
INFO:     127.0.0.1:65439 - "GET /api/v1/geo/observation-runs/a140bfbf-53c9-4a9e-be4e-78eb37083f25 HTTP/1.1" 200 OK
INFO:     127.0.0.1:65439 - "GET /api/v1/geo/observation-batches/06b6f3da-230a-497c-968a-b0adbce7353f HTTP/1.1" 200 OK
INFO:     127.0.0.1:65432 - "GET /api/v1/geo/observation-batches/06b6f3da-230a-497c-968a-b0adbce7353f HTTP/1.1" 200 OK
INFO:     127.0.0.1:65481 - "GET /api/v1/geo/observation-batches?sort=CREATED_DESC&page=1&page_size=20 HTTP/1.1" 200 OK
INFO:     127.0.0.1:65481 - "GET /api/v1/geo/observation-runs/a140bfbf-53c9-4a9e-be4e-78eb37083f25 HTTP/1.1" 200 OK
INFO:     127.0.0.1:65439 - "GET /api/v1/geo/opportunities/4e28b284-ad5c-4c9e-b737-8d4107e9ce5d HTTP/1.1" 200 OK
INFO:     127.0.0.1:65481 - "GET /api/v1/auth/session HTTP/1.1" 200 OK
INFO:     127.0.0.1:65483 - "GET /api/v1/geo/opportunities/4e28b284-ad5c-4c9e-b737-8d4107e9ce5d/comparison HTTP/1.1" 200 OK
INFO:     127.0.0.1:65481 - "GET /api/v1/geo/opportunities?page=1&page_size=20&sort=PRIORITY_DESC HTTP/1.1" 200 OK
INFO:     127.0.0.1:65432 - "GET /api/v1/geo/opportunities/4e28b284-ad5c-4c9e-b737-8d4107e9ce5d?source_page=1&source_page_size=20 HTTP/1.1" 200 OK
INFO:     127.0.0.1:65488 - "OPTIONS /api/v1/geo/opportunities/4e28b284-ad5c-4c9e-b737-8d4107e9ce5d/acknowledge HTTP/1.1" 200 OK
INFO:     127.0.0.1:65432 - "POST /api/v1/geo/opportunities/4e28b284-ad5c-4c9e-b737-8d4107e9ce5d/acknowledge HTTP/1.1" 200 OK
INFO:     127.0.0.1:65483 - "GET /api/v1/geo/opportunities/4e28b284-ad5c-4c9e-b737-8d4107e9ce5d/comparison HTTP/1.1" 200 OK
INFO:     127.0.0.1:65432 - "GET /api/v1/geo/opportunities?page=1&page_size=20&sort=PRIORITY_DESC HTTP/1.1" 200 OK
INFO:     127.0.0.1:65481 - "GET /api/v1/geo/opportunities/4e28b284-ad5c-4c9e-b737-8d4107e9ce5d?source_page=1&source_page_size=20 HTTP/1.1" 200 OK
INFO:     127.0.0.1:65439 - "POST /api/v1/geo/opportunities/4e28b284-ad5c-4c9e-b737-8d4107e9ce5d/actions/content-task HTTP/1.1" 200 OK
INFO:     127.0.0.1:65481 - "GET /api/v1/auth/session HTTP/1.1" 200 OK
INFO:     127.0.0.1:65481 - "GET /api/v1/content-tasks/5f8ac704-02bf-4262-83a7-a0f657120330/detail HTTP/1.1" 200 OK
INFO:     127.0.0.1:65481 - "GET /api/v1/auth/session HTTP/1.1" 200 OK
INFO:     127.0.0.1:65481 - "GET /api/v1/content-tasks/5f8ac704-02bf-4262-83a7-a0f657120330/editor-context HTTP/1.1" 200 OK
INFO:     127.0.0.1:65488 - "OPTIONS /api/v1/content-tasks/5f8ac704-02bf-4262-83a7-a0f657120330/manual-versions HTTP/1.1" 200 OK
INFO:     127.0.0.1:65481 - "POST /api/v1/content-tasks/5f8ac704-02bf-4262-83a7-a0f657120330/manual-versions HTTP/1.1" 201 Created
INFO:     127.0.0.1:65481 - "GET /api/v1/content-tasks/5f8ac704-02bf-4262-83a7-a0f657120330/editor-context HTTP/1.1" 200 OK
INFO:     127.0.0.1:65488 - "OPTIONS /api/v1/content-versions/78665f21-4175-4b84-974c-65ae051cfff8/submit-review HTTP/1.1" 200 OK
INFO:     127.0.0.1:65481 - "POST /api/v1/content-versions/78665f21-4175-4b84-974c-65ae051cfff8/submit-review HTTP/1.1" 200 OK
INFO:     127.0.0.1:65481 - "GET /api/v1/content-tasks/5f8ac704-02bf-4262-83a7-a0f657120330/editor-context HTTP/1.1" 200 OK
INFO:     127.0.0.1:65481 - "GET /api/v1/content-tasks/5f8ac704-02bf-4262-83a7-a0f657120330/detail HTTP/1.1" 200 OK
INFO:     127.0.0.1:65481 - "GET /api/v1/auth/session HTTP/1.1" 200 OK
INFO:     127.0.0.1:65481 - "GET /api/v1/content-tasks/5f8ac704-02bf-4262-83a7-a0f657120330/review-context HTTP/1.1" 200 OK
INFO:     127.0.0.1:65488 - "OPTIONS /api/v1/content-versions/78665f21-4175-4b84-974c-65ae051cfff8/approve HTTP/1.1" 200 OK
INFO:     127.0.0.1:65481 - "POST /api/v1/content-versions/78665f21-4175-4b84-974c-65ae051cfff8/approve HTTP/1.1" 200 OK
INFO:     127.0.0.1:65481 - "GET /api/v1/content-tasks/5f8ac704-02bf-4262-83a7-a0f657120330/review-context HTTP/1.1" 200 OK
INFO:     127.0.0.1:65481 - "GET /api/v1/auth/session HTTP/1.1" 200 OK
INFO:     127.0.0.1:65481 - "GET /api/v1/content-tasks/5f8ac704-02bf-4262-83a7-a0f657120330/detail HTTP/1.1" 200 OK
INFO:     127.0.0.1:65481 - "GET /api/v1/auth/session HTTP/1.1" 200 OK
INFO:     127.0.0.1:65481 - "GET /api/v1/publication-works?page=1&page_size=20 HTTP/1.1" 200 OK
INFO:     127.0.0.1:65432 - "GET /api/v1/publication-workbench-summary HTTP/1.1" 200 OK
INFO:     127.0.0.1:65483 - "GET /api/v1/publication-ready-items HTTP/1.1" 200 OK
INFO:     127.0.0.1:65488 - "OPTIONS /api/v1/publication-works HTTP/1.1" 200 OK
INFO:     127.0.0.1:65483 - "POST /api/v1/publication-works HTTP/1.1" 201 Created
INFO:     127.0.0.1:65481 - "GET /api/v1/publication-works?page=1&page_size=20 HTTP/1.1" 200 OK
INFO:     127.0.0.1:65432 - "GET /api/v1/publication-ready-items HTTP/1.1" 200 OK
INFO:     127.0.0.1:65483 - "GET /api/v1/publication-workbench-summary HTTP/1.1" 200 OK
INFO:     127.0.0.1:65483 - "GET /api/v1/auth/session HTTP/1.1" 200 OK
INFO:     127.0.0.1:65483 - "GET /api/v1/publication-works/6121eb24-b0a8-42c7-80e8-52ba1da3502b/workspace-context HTTP/1.1" 200 OK
INFO:     127.0.0.1:65488 - "OPTIONS /api/v1/publication-works/6121eb24-b0a8-42c7-80e8-52ba1da3502b/result HTTP/1.1" 200 OK
INFO:     127.0.0.1:65483 - "PUT /api/v1/publication-works/6121eb24-b0a8-42c7-80e8-52ba1da3502b/result HTTP/1.1" 200 OK
INFO:     127.0.0.1:65483 - "GET /api/v1/publication-works/6121eb24-b0a8-42c7-80e8-52ba1da3502b/workspace-context HTTP/1.1" 200 OK
INFO:     127.0.0.1:65488 - "OPTIONS /api/v1/publication-works/6121eb24-b0a8-42c7-80e8-52ba1da3502b/verifications HTTP/1.1" 200 OK
INFO:     127.0.0.1:65483 - "POST /api/v1/publication-works/6121eb24-b0a8-42c7-80e8-52ba1da3502b/verifications HTTP/1.1" 200 OK
INFO:     127.0.0.1:65483 - "GET /api/v1/publication-works/6121eb24-b0a8-42c7-80e8-52ba1da3502b/workspace-context HTTP/1.1" 200 OK
INFO:     127.0.0.1:65439 - "GET /api/v1/content-tasks/5f8ac704-02bf-4262-83a7-a0f657120330/detail HTTP/1.1" 200 OK
INFO:     127.0.0.1:65439 - "GET /api/v1/published-articles/6121eb24-b0a8-42c7-80e8-52ba1da3502b HTTP/1.1" 200 OK
INFO:     127.0.0.1:65439 - "GET /api/v1/geo/opportunities/4e28b284-ad5c-4c9e-b737-8d4107e9ce5d HTTP/1.1" 200 OK
INFO:     127.0.0.1:65439 - "GET /api/v1/geo/opportunities/4e28b284-ad5c-4c9e-b737-8d4107e9ce5d/retest-preview?baseline_batch_id=06b6f3da-230a-497c-968a-b0adbce7353f HTTP/1.1" 200 OK
INFO:     127.0.0.1:65439 - "POST /api/v1/geo/opportunities/4e28b284-ad5c-4c9e-b737-8d4107e9ce5d/retest HTTP/1.1" 201 Created
INFO:     127.0.0.1:65439 - "GET /api/v1/geo/observation-runs?batch_id=f1cbdfe8-1b04-4e09-a533-28965abff8f9 HTTP/1.1" 200 OK
INFO:     127.0.0.1:65483 - "GET /api/v1/auth/session HTTP/1.1" 200 OK
INFO:     127.0.0.1:65483 - "GET /api/v1/geo/observation-batches?sort=CREATED_DESC&page=1&page_size=20 HTTP/1.1" 200 OK
INFO:     127.0.0.1:65432 - "GET /api/v1/geo/observation-runs/7d9bbfba-4f44-471d-8731-c64e5068bc48/manual-entry HTTP/1.1" 200 OK
INFO:     127.0.0.1:65481 - "GET /api/v1/geo/observation-batches/f1cbdfe8-1b04-4e09-a533-28965abff8f9 HTTP/1.1" 200 OK
INFO:     127.0.0.1:65481 - "POST /api/v1/files/upload-intents HTTP/1.1" 201 Created
INFO:     127.0.0.1:65488 - "OPTIONS /api/v1/files/db625e27-6ab5-41e4-8ce3-ba841c63113d/content HTTP/1.1" 200 OK
INFO:     127.0.0.1:65481 - "PUT /api/v1/files/db625e27-6ab5-41e4-8ce3-ba841c63113d/content HTTP/1.1" 204 No Content
INFO:     127.0.0.1:65488 - "OPTIONS /api/v1/files/db625e27-6ab5-41e4-8ce3-ba841c63113d/complete HTTP/1.1" 200 OK
INFO:     127.0.0.1:65481 - "POST /api/v1/files/db625e27-6ab5-41e4-8ce3-ba841c63113d/complete HTTP/1.1" 200 OK
INFO:     127.0.0.1:65439 - "GET /api/v1/files/db625e27-6ab5-41e4-8ce3-ba841c63113d HTTP/1.1" 200 OK
INFO:     127.0.0.1:65488 - "OPTIONS /api/v1/geo/observation-runs/7d9bbfba-4f44-471d-8731-c64e5068bc48/manual-draft HTTP/1.1" 200 OK
INFO:     127.0.0.1:65481 - "PUT /api/v1/geo/observation-runs/7d9bbfba-4f44-471d-8731-c64e5068bc48/manual-draft HTTP/1.1" 200 OK
INFO:     127.0.0.1:65488 - "OPTIONS /api/v1/geo/observation-runs/7d9bbfba-4f44-471d-8731-c64e5068bc48/manual-submit HTTP/1.1" 200 OK
INFO:     127.0.0.1:65481 - "POST /api/v1/geo/observation-runs/7d9bbfba-4f44-471d-8731-c64e5068bc48/manual-submit HTTP/1.1" 201 Created
INFO:     127.0.0.1:65481 - "GET /api/v1/geo/observation-batches?sort=CREATED_DESC&page=1&page_size=20 HTTP/1.1" 200 OK
INFO:     127.0.0.1:65432 - "GET /api/v1/geo/observation-batches/f1cbdfe8-1b04-4e09-a533-28965abff8f9 HTTP/1.1" 200 OK
INFO:     127.0.0.1:65439 - "GET /api/v1/geo/observation-runs/7d9bbfba-4f44-471d-8731-c64e5068bc48 HTTP/1.1" 200 OK
INFO:     127.0.0.1:65483 - "GET /api/v1/geo/observation-runs/7d9bbfba-4f44-471d-8731-c64e5068bc48 HTTP/1.1" 200 OK
INFO:     127.0.0.1:65439 - "GET /api/v1/geo/observation-runs/7d9bbfba-4f44-471d-8731-c64e5068bc48 HTTP/1.1" 200 OK
INFO:     127.0.0.1:65439 - "GET /api/v1/geo/observation-runs/7d9bbfba-4f44-471d-8731-c64e5068bc48 HTTP/1.1" 200 OK
INFO:     127.0.0.1:65439 - "GET /api/v1/geo/observation-runs/7d9bbfba-4f44-471d-8731-c64e5068bc48 HTTP/1.1" 200 OK
INFO:     127.0.0.1:65439 - "GET /api/v1/geo/observation-runs/7d9bbfba-4f44-471d-8731-c64e5068bc48 HTTP/1.1" 200 OK
INFO:     127.0.0.1:65439 - "GET /api/v1/geo/observation-runs/7d9bbfba-4f44-471d-8731-c64e5068bc48 HTTP/1.1" 200 OK
INFO:     127.0.0.1:65439 - "GET /api/v1/geo/observation-runs/7d9bbfba-4f44-471d-8731-c64e5068bc48 HTTP/1.1" 200 OK
INFO:     127.0.0.1:65439 - "GET /api/v1/geo/observation-runs/7d9bbfba-4f44-471d-8731-c64e5068bc48 HTTP/1.1" 200 OK
INFO:     127.0.0.1:65439 - "GET /api/v1/geo/observation-runs/7d9bbfba-4f44-471d-8731-c64e5068bc48 HTTP/1.1" 200 OK
INFO:     127.0.0.1:65483 - "GET /api/v1/auth/session HTTP/1.1" 200 OK
INFO:     127.0.0.1:65483 - "GET /api/v1/geo/observation-batches?sort=CREATED_DESC&page=1&page_size=20 HTTP/1.1" 200 OK
INFO:     127.0.0.1:65483 - "GET /api/v1/geo/observation-runs/83f99de6-df28-41d3-b2d7-fc45c874d71d/manual-entry HTTP/1.1" 200 OK
INFO:     127.0.0.1:65432 - "GET /api/v1/geo/observation-batches/f1cbdfe8-1b04-4e09-a533-28965abff8f9 HTTP/1.1" 200 OK
INFO:     127.0.0.1:65432 - "POST /api/v1/files/upload-intents HTTP/1.1" 201 Created
INFO:     127.0.0.1:65488 - "OPTIONS /api/v1/files/26a8762f-b52a-4f21-8ca0-31526ce5a7af/content HTTP/1.1" 200 OK
INFO:     127.0.0.1:65432 - "PUT /api/v1/files/26a8762f-b52a-4f21-8ca0-31526ce5a7af/content HTTP/1.1" 204 No Content
INFO:     127.0.0.1:65488 - "OPTIONS /api/v1/files/26a8762f-b52a-4f21-8ca0-31526ce5a7af/complete HTTP/1.1" 200 OK
INFO:     127.0.0.1:65432 - "POST /api/v1/files/26a8762f-b52a-4f21-8ca0-31526ce5a7af/complete HTTP/1.1" 200 OK
INFO:     127.0.0.1:65439 - "GET /api/v1/files/26a8762f-b52a-4f21-8ca0-31526ce5a7af HTTP/1.1" 200 OK
INFO:     127.0.0.1:65488 - "OPTIONS /api/v1/geo/observation-runs/83f99de6-df28-41d3-b2d7-fc45c874d71d/manual-draft HTTP/1.1" 200 OK
INFO:     127.0.0.1:65432 - "PUT /api/v1/geo/observation-runs/83f99de6-df28-41d3-b2d7-fc45c874d71d/manual-draft HTTP/1.1" 200 OK
INFO:     127.0.0.1:65488 - "OPTIONS /api/v1/geo/observation-runs/83f99de6-df28-41d3-b2d7-fc45c874d71d/manual-submit HTTP/1.1" 200 OK
INFO:     127.0.0.1:65432 - "POST /api/v1/geo/observation-runs/83f99de6-df28-41d3-b2d7-fc45c874d71d/manual-submit HTTP/1.1" 201 Created
INFO:     127.0.0.1:65483 - "GET /api/v1/geo/observation-batches/f1cbdfe8-1b04-4e09-a533-28965abff8f9 HTTP/1.1" 200 OK
INFO:     127.0.0.1:65432 - "GET /api/v1/geo/observation-batches?sort=CREATED_DESC&page=1&page_size=20 HTTP/1.1" 200 OK
INFO:     127.0.0.1:65481 - "GET /api/v1/geo/observation-runs/83f99de6-df28-41d3-b2d7-fc45c874d71d HTTP/1.1" 200 OK
INFO:     127.0.0.1:65439 - "GET /api/v1/geo/observation-runs/83f99de6-df28-41d3-b2d7-fc45c874d71d HTTP/1.1" 200 OK
INFO:     127.0.0.1:65439 - "GET /api/v1/geo/observation-runs/83f99de6-df28-41d3-b2d7-fc45c874d71d HTTP/1.1" 200 OK
INFO:     127.0.0.1:65439 - "GET /api/v1/geo/observation-runs/83f99de6-df28-41d3-b2d7-fc45c874d71d HTTP/1.1" 200 OK
INFO:     127.0.0.1:65439 - "GET /api/v1/geo/observation-runs/83f99de6-df28-41d3-b2d7-fc45c874d71d HTTP/1.1" 200 OK
INFO:     127.0.0.1:65439 - "GET /api/v1/geo/observation-runs/83f99de6-df28-41d3-b2d7-fc45c874d71d HTTP/1.1" 200 OK
INFO:     127.0.0.1:65439 - "GET /api/v1/geo/observation-runs/83f99de6-df28-41d3-b2d7-fc45c874d71d HTTP/1.1" 200 OK
INFO:     127.0.0.1:65439 - "GET /api/v1/geo/observation-runs/83f99de6-df28-41d3-b2d7-fc45c874d71d HTTP/1.1" 200 OK
INFO:     127.0.0.1:65439 - "GET /api/v1/geo/observation-runs/83f99de6-df28-41d3-b2d7-fc45c874d71d HTTP/1.1" 200 OK
INFO:     127.0.0.1:65439 - "GET /api/v1/geo/observation-runs/83f99de6-df28-41d3-b2d7-fc45c874d71d HTTP/1.1" 200 OK
INFO:     127.0.0.1:65481 - "GET /api/v1/auth/session HTTP/1.1" 200 OK
INFO:     127.0.0.1:65481 - "GET /api/v1/geo/observation-batches?sort=CREATED_DESC&page=1&page_size=20 HTTP/1.1" 200 OK
INFO:     127.0.0.1:65432 - "GET /api/v1/geo/observation-batches/f1cbdfe8-1b04-4e09-a533-28965abff8f9 HTTP/1.1" 200 OK
INFO:     127.0.0.1:65481 - "GET /api/v1/geo/observation-runs/7ac97a96-def2-4aa5-a481-bf39da2634bf/manual-entry HTTP/1.1" 200 OK
INFO:     127.0.0.1:65481 - "POST /api/v1/files/upload-intents HTTP/1.1" 201 Created
INFO:     127.0.0.1:65488 - "OPTIONS /api/v1/files/e3e5233c-06ad-4f00-94c6-046cb28cc620/content HTTP/1.1" 200 OK
INFO:     127.0.0.1:65481 - "PUT /api/v1/files/e3e5233c-06ad-4f00-94c6-046cb28cc620/content HTTP/1.1" 204 No Content
INFO:     127.0.0.1:65488 - "OPTIONS /api/v1/files/e3e5233c-06ad-4f00-94c6-046cb28cc620/complete HTTP/1.1" 200 OK
INFO:     127.0.0.1:65481 - "POST /api/v1/files/e3e5233c-06ad-4f00-94c6-046cb28cc620/complete HTTP/1.1" 200 OK
INFO:     127.0.0.1:65439 - "GET /api/v1/files/e3e5233c-06ad-4f00-94c6-046cb28cc620 HTTP/1.1" 200 OK
INFO:     127.0.0.1:65488 - "OPTIONS /api/v1/geo/observation-runs/7ac97a96-def2-4aa5-a481-bf39da2634bf/manual-draft HTTP/1.1" 200 OK
INFO:     127.0.0.1:65481 - "PUT /api/v1/geo/observation-runs/7ac97a96-def2-4aa5-a481-bf39da2634bf/manual-draft HTTP/1.1" 200 OK
INFO:     127.0.0.1:65488 - "OPTIONS /api/v1/geo/observation-runs/7ac97a96-def2-4aa5-a481-bf39da2634bf/manual-submit HTTP/1.1" 200 OK
INFO:     127.0.0.1:65481 - "POST /api/v1/geo/observation-runs/7ac97a96-def2-4aa5-a481-bf39da2634bf/manual-submit HTTP/1.1" 201 Created
INFO:     127.0.0.1:65432 - "GET /api/v1/geo/observation-batches/f1cbdfe8-1b04-4e09-a533-28965abff8f9 HTTP/1.1" 200 OK
INFO:     127.0.0.1:65481 - "GET /api/v1/geo/observation-batches?sort=CREATED_DESC&page=1&page_size=20 HTTP/1.1" 200 OK
INFO:     127.0.0.1:65439 - "GET /api/v1/geo/observation-runs/7ac97a96-def2-4aa5-a481-bf39da2634bf HTTP/1.1" 200 OK
INFO:     127.0.0.1:65483 - "GET /api/v1/geo/observation-runs/7ac97a96-def2-4aa5-a481-bf39da2634bf HTTP/1.1" 200 OK
INFO:     127.0.0.1:65439 - "GET /api/v1/geo/observation-runs/7ac97a96-def2-4aa5-a481-bf39da2634bf HTTP/1.1" 200 OK
INFO:     127.0.0.1:65439 - "GET /api/v1/geo/observation-runs/7ac97a96-def2-4aa5-a481-bf39da2634bf HTTP/1.1" 200 OK
INFO:     127.0.0.1:65439 - "GET /api/v1/geo/observation-runs/7ac97a96-def2-4aa5-a481-bf39da2634bf HTTP/1.1" 200 OK
INFO:     127.0.0.1:65439 - "GET /api/v1/geo/observation-runs/7ac97a96-def2-4aa5-a481-bf39da2634bf HTTP/1.1" 200 OK
INFO:     127.0.0.1:65439 - "GET /api/v1/geo/observation-runs/7ac97a96-def2-4aa5-a481-bf39da2634bf HTTP/1.1" 200 OK
INFO:     127.0.0.1:65439 - "GET /api/v1/geo/observation-runs/7ac97a96-def2-4aa5-a481-bf39da2634bf HTTP/1.1" 200 OK
INFO:     127.0.0.1:65439 - "GET /api/v1/geo/observation-runs/7ac97a96-def2-4aa5-a481-bf39da2634bf HTTP/1.1" 200 OK
INFO:     127.0.0.1:65439 - "GET /api/v1/geo/observation-runs/7ac97a96-def2-4aa5-a481-bf39da2634bf HTTP/1.1" 200 OK
INFO:     127.0.0.1:65483 - "GET /api/v1/auth/session HTTP/1.1" 200 OK
INFO:     127.0.0.1:65483 - "GET /api/v1/geo/observation-batches?sort=CREATED_DESC&page=1&page_size=20 HTTP/1.1" 200 OK
INFO:     127.0.0.1:65483 - "GET /api/v1/geo/observation-runs/901f5baf-1241-42ea-9422-da4f8c6738f9/manual-entry HTTP/1.1" 200 OK
INFO:     127.0.0.1:65481 - "GET /api/v1/geo/observation-batches/f1cbdfe8-1b04-4e09-a533-28965abff8f9 HTTP/1.1" 200 OK
INFO:     127.0.0.1:65481 - "POST /api/v1/files/upload-intents HTTP/1.1" 201 Created
INFO:     127.0.0.1:65488 - "OPTIONS /api/v1/files/5e7d0689-32d8-4e42-80fd-1c656cf241a0/content HTTP/1.1" 200 OK
INFO:     127.0.0.1:65481 - "PUT /api/v1/files/5e7d0689-32d8-4e42-80fd-1c656cf241a0/content HTTP/1.1" 204 No Content
INFO:     127.0.0.1:65488 - "OPTIONS /api/v1/files/5e7d0689-32d8-4e42-80fd-1c656cf241a0/complete HTTP/1.1" 200 OK
INFO:     127.0.0.1:65481 - "POST /api/v1/files/5e7d0689-32d8-4e42-80fd-1c656cf241a0/complete HTTP/1.1" 200 OK
INFO:     127.0.0.1:65439 - "GET /api/v1/files/5e7d0689-32d8-4e42-80fd-1c656cf241a0 HTTP/1.1" 200 OK
INFO:     127.0.0.1:65488 - "OPTIONS /api/v1/geo/observation-runs/901f5baf-1241-42ea-9422-da4f8c6738f9/manual-draft HTTP/1.1" 200 OK
INFO:     127.0.0.1:65481 - "PUT /api/v1/geo/observation-runs/901f5baf-1241-42ea-9422-da4f8c6738f9/manual-draft HTTP/1.1" 200 OK
INFO:     127.0.0.1:65488 - "OPTIONS /api/v1/geo/observation-runs/901f5baf-1241-42ea-9422-da4f8c6738f9/manual-submit HTTP/1.1" 200 OK
INFO:     127.0.0.1:65481 - "POST /api/v1/geo/observation-runs/901f5baf-1241-42ea-9422-da4f8c6738f9/manual-submit HTTP/1.1" 201 Created
INFO:     127.0.0.1:65483 - "GET /api/v1/geo/observation-batches/f1cbdfe8-1b04-4e09-a533-28965abff8f9 HTTP/1.1" 200 OK
INFO:     127.0.0.1:65481 - "GET /api/v1/geo/observation-batches?sort=CREATED_DESC&page=1&page_size=20 HTTP/1.1" 200 OK
INFO:     127.0.0.1:65432 - "GET /api/v1/geo/observation-runs/901f5baf-1241-42ea-9422-da4f8c6738f9 HTTP/1.1" 200 OK
INFO:     127.0.0.1:65439 - "GET /api/v1/geo/observation-runs/901f5baf-1241-42ea-9422-da4f8c6738f9 HTTP/1.1" 200 OK
INFO:     127.0.0.1:65439 - "GET /api/v1/geo/observation-runs/901f5baf-1241-42ea-9422-da4f8c6738f9 HTTP/1.1" 200 OK
INFO:     127.0.0.1:65439 - "GET /api/v1/geo/observation-runs/901f5baf-1241-42ea-9422-da4f8c6738f9 HTTP/1.1" 200 OK
INFO:     127.0.0.1:65439 - "GET /api/v1/geo/observation-runs/901f5baf-1241-42ea-9422-da4f8c6738f9 HTTP/1.1" 200 OK
INFO:     127.0.0.1:65439 - "GET /api/v1/geo/observation-runs/901f5baf-1241-42ea-9422-da4f8c6738f9 HTTP/1.1" 200 OK
INFO:     127.0.0.1:65439 - "GET /api/v1/geo/observation-runs/901f5baf-1241-42ea-9422-da4f8c6738f9 HTTP/1.1" 200 OK
INFO:     127.0.0.1:65439 - "GET /api/v1/geo/observation-runs/901f5baf-1241-42ea-9422-da4f8c6738f9 HTTP/1.1" 200 OK
INFO:     127.0.0.1:65432 - "GET /api/v1/geo/observation-batches/f1cbdfe8-1b04-4e09-a533-28965abff8f9 HTTP/1.1" 200 OK
INFO:     127.0.0.1:65513 - "GET /api/v1/geo/observation-batches?sort=CREATED_DESC&page=1&page_size=20 HTTP/1.1" 200 OK
INFO:     127.0.0.1:65513 - "GET /api/v1/geo/observation-runs/901f5baf-1241-42ea-9422-da4f8c6738f9 HTTP/1.1" 200 OK
INFO:     127.0.0.1:65439 - "GET /api/v1/geo/observation-runs/901f5baf-1241-42ea-9422-da4f8c6738f9 HTTP/1.1" 200 OK
INFO:     127.0.0.1:65439 - "GET /api/v1/geo/observation-runs/901f5baf-1241-42ea-9422-da4f8c6738f9 HTTP/1.1" 200 OK
INFO:     127.0.0.1:65439 - "GET /api/v1/geo/observation-runs/901f5baf-1241-42ea-9422-da4f8c6738f9 HTTP/1.1" 200 OK
INFO:     127.0.0.1:65513 - "GET /api/v1/auth/session HTTP/1.1" 200 OK
INFO:     127.0.0.1:65513 - "GET /api/v1/geo/observation-batches?sort=CREATED_DESC&page=1&page_size=20 HTTP/1.1" 200 OK
INFO:     127.0.0.1:65432 - "GET /api/v1/geo/observation-batches/f1cbdfe8-1b04-4e09-a533-28965abff8f9 HTTP/1.1" 200 OK
INFO:     127.0.0.1:65513 - "GET /api/v1/geo/observation-runs/b3915a69-8e96-432e-9337-0e4659c4173a/manual-entry HTTP/1.1" 200 OK
INFO:     127.0.0.1:65513 - "POST /api/v1/files/upload-intents HTTP/1.1" 201 Created
INFO:     127.0.0.1:65515 - "OPTIONS /api/v1/files/e6745eb1-b330-4d19-8423-29576e2ce8d8/content HTTP/1.1" 200 OK
INFO:     127.0.0.1:65513 - "PUT /api/v1/files/e6745eb1-b330-4d19-8423-29576e2ce8d8/content HTTP/1.1" 204 No Content
INFO:     127.0.0.1:65515 - "OPTIONS /api/v1/files/e6745eb1-b330-4d19-8423-29576e2ce8d8/complete HTTP/1.1" 200 OK
INFO:     127.0.0.1:65513 - "POST /api/v1/files/e6745eb1-b330-4d19-8423-29576e2ce8d8/complete HTTP/1.1" 200 OK
INFO:     127.0.0.1:65439 - "GET /api/v1/files/e6745eb1-b330-4d19-8423-29576e2ce8d8 HTTP/1.1" 200 OK
INFO:     127.0.0.1:65515 - "OPTIONS /api/v1/geo/observation-runs/b3915a69-8e96-432e-9337-0e4659c4173a/manual-draft HTTP/1.1" 200 OK
INFO:     127.0.0.1:65513 - "PUT /api/v1/geo/observation-runs/b3915a69-8e96-432e-9337-0e4659c4173a/manual-draft HTTP/1.1" 200 OK
INFO:     127.0.0.1:65515 - "OPTIONS /api/v1/geo/observation-runs/b3915a69-8e96-432e-9337-0e4659c4173a/manual-submit HTTP/1.1" 200 OK
INFO:     127.0.0.1:65513 - "POST /api/v1/geo/observation-runs/b3915a69-8e96-432e-9337-0e4659c4173a/manual-submit HTTP/1.1" 201 Created
INFO:     127.0.0.1:65432 - "GET /api/v1/geo/observation-batches/f1cbdfe8-1b04-4e09-a533-28965abff8f9 HTTP/1.1" 200 OK
INFO:     127.0.0.1:65513 - "GET /api/v1/geo/observation-batches?sort=CREATED_DESC&page=1&page_size=20 HTTP/1.1" 200 OK
INFO:     127.0.0.1:65520 - "GET /api/v1/geo/observation-runs/b3915a69-8e96-432e-9337-0e4659c4173a HTTP/1.1" 200 OK
INFO:     127.0.0.1:65439 - "GET /api/v1/geo/observation-runs/b3915a69-8e96-432e-9337-0e4659c4173a HTTP/1.1" 200 OK
INFO:     127.0.0.1:65439 - "GET /api/v1/geo/observation-runs/b3915a69-8e96-432e-9337-0e4659c4173a HTTP/1.1" 200 OK
INFO:     127.0.0.1:65439 - "GET /api/v1/geo/observation-runs/b3915a69-8e96-432e-9337-0e4659c4173a HTTP/1.1" 200 OK
INFO:     127.0.0.1:65439 - "GET /api/v1/geo/observation-runs/b3915a69-8e96-432e-9337-0e4659c4173a HTTP/1.1" 200 OK
INFO:     127.0.0.1:65439 - "GET /api/v1/geo/observation-runs/b3915a69-8e96-432e-9337-0e4659c4173a HTTP/1.1" 200 OK
INFO:     127.0.0.1:65439 - "GET /api/v1/geo/observation-runs/b3915a69-8e96-432e-9337-0e4659c4173a HTTP/1.1" 200 OK
INFO:     127.0.0.1:65439 - "GET /api/v1/geo/observation-runs/b3915a69-8e96-432e-9337-0e4659c4173a HTTP/1.1" 200 OK
INFO:     127.0.0.1:65439 - "GET /api/v1/geo/observation-runs/b3915a69-8e96-432e-9337-0e4659c4173a HTTP/1.1" 200 OK
INFO:     127.0.0.1:65439 - "GET /api/v1/geo/observation-runs/b3915a69-8e96-432e-9337-0e4659c4173a HTTP/1.1" 200 OK
INFO:     127.0.0.1:65439 - "GET /api/v1/geo/observation-batches/f1cbdfe8-1b04-4e09-a533-28965abff8f9 HTTP/1.1" 200 OK
INFO:     127.0.0.1:65439 - "GET /api/v1/geo/opportunities/4e28b284-ad5c-4c9e-b737-8d4107e9ce5d/comparison?retest_batch_id=f1cbdfe8-1b04-4e09-a533-28965abff8f9 HTTP/1.1" 200 OK
INFO:     127.0.0.1:65520 - "GET /api/v1/auth/session HTTP/1.1" 200 OK
INFO:     127.0.0.1:65520 - "GET /api/v1/geo/opportunities?page=1&page_size=20&sort=PRIORITY_DESC HTTP/1.1" 200 OK
INFO:     127.0.0.1:65513 - "GET /api/v1/geo/opportunities/4e28b284-ad5c-4c9e-b737-8d4107e9ce5d?source_page=1&source_page_size=20 HTTP/1.1" 200 OK
INFO:     127.0.0.1:65432 - "GET /api/v1/geo/opportunities/4e28b284-ad5c-4c9e-b737-8d4107e9ce5d/comparison?retest_batch_id=f1cbdfe8-1b04-4e09-a533-28965abff8f9 HTTP/1.1" 200 OK
INFO:     127.0.0.1:65515 - "OPTIONS /api/v1/geo/opportunities/4e28b284-ad5c-4c9e-b737-8d4107e9ce5d/resolve HTTP/1.1" 200 OK
INFO:     127.0.0.1:65432 - "POST /api/v1/geo/opportunities/4e28b284-ad5c-4c9e-b737-8d4107e9ce5d/resolve HTTP/1.1" 200 OK
INFO:     127.0.0.1:65432 - "GET /api/v1/geo/opportunities?page=1&page_size=20&sort=PRIORITY_DESC HTTP/1.1" 200 OK
INFO:     127.0.0.1:65513 - "GET /api/v1/geo/opportunities/4e28b284-ad5c-4c9e-b737-8d4107e9ce5d?source_page=1&source_page_size=20 HTTP/1.1" 200 OK
INFO:     127.0.0.1:65520 - "GET /api/v1/geo/opportunities/4e28b284-ad5c-4c9e-b737-8d4107e9ce5d/comparison?retest_batch_id=f1cbdfe8-1b04-4e09-a533-28965abff8f9 HTTP/1.1" 200 OK
INFO:     127.0.0.1:65520 - "GET /api/v1/auth/session HTTP/1.1" 200 OK
INFO:     127.0.0.1:65520 - "GET /api/v1/geo/opportunities?page=1&page_size=20&sort=PRIORITY_DESC HTTP/1.1" 200 OK
INFO:     127.0.0.1:65513 - "GET /api/v1/geo/opportunities/4e28b284-ad5c-4c9e-b737-8d4107e9ce5d?source_page=1&source_page_size=20 HTTP/1.1" 200 OK
INFO:     127.0.0.1:65432 - "GET /api/v1/geo/opportunities/4e28b284-ad5c-4c9e-b737-8d4107e9ce5d/comparison?retest_batch_id=f1cbdfe8-1b04-4e09-a533-28965abff8f9 HTTP/1.1" 200 OK
INFO:     127.0.0.1:65439 - "GET /api/v1/geo/opportunities/4e28b284-ad5c-4c9e-b737-8d4107e9ce5d HTTP/1.1" 200 OK
INFO:     127.0.0.1:65439 - "GET /api/v1/geo/opportunities/4e28b284-ad5c-4c9e-b737-8d4107e9ce5d/comparison?retest_batch_id=f1cbdfe8-1b04-4e09-a533-28965abff8f9 HTTP/1.1" 200 OK
INFO:     127.0.0.1:65439 - "GET /api/v1/geo/observation-runs/e8b553e1-7c09-4eab-b8f1-1b470f6f1d3f HTTP/1.1" 200 OK
INFO:     127.0.0.1:65439 - "GET /api/v1/geo/observation-runs/f6a198bb-8980-4ed9-98db-906a07004282 HTTP/1.1" 200 OK
INFO:     127.0.0.1:65439 - "GET /api/v1/geo/observation-runs/0053b59f-c0bd-4877-8499-ea46c7be0cb7 HTTP/1.1" 200 OK
INFO:     127.0.0.1:65439 - "GET /api/v1/geo/observation-runs/7ab2cf1c-3806-4ad1-8ab2-6b3d3915f21f HTTP/1.1" 200 OK
INFO:     127.0.0.1:65439 - "GET /api/v1/geo/observation-runs/a140bfbf-53c9-4a9e-be4e-78eb37083f25 HTTP/1.1" 200 OK
INFO:     127.0.0.1:65439 - "GET /api/v1/geo/observation-runs/7d9bbfba-4f44-471d-8731-c64e5068bc48 HTTP/1.1" 200 OK
INFO:     127.0.0.1:65439 - "GET /api/v1/geo/observation-runs/83f99de6-df28-41d3-b2d7-fc45c874d71d HTTP/1.1" 200 OK
INFO:     127.0.0.1:65439 - "GET /api/v1/geo/observation-runs/7ac97a96-def2-4aa5-a481-bf39da2634bf HTTP/1.1" 200 OK
INFO:     127.0.0.1:65439 - "GET /api/v1/geo/observation-runs/901f5baf-1241-42ea-9422-da4f8c6738f9 HTTP/1.1" 200 OK
INFO:     127.0.0.1:65439 - "GET /api/v1/geo/observation-runs/b3915a69-8e96-432e-9337-0e4659c4173a HTTP/1.1" 200 OK
INFO:     127.0.0.1:65439 - "GET /api/v1/fact-versions/7ea3a147-99bc-4661-8654-92947c9827a3 HTTP/1.1" 200 OK
INFO:     127.0.0.1:65439 - "GET /api/v1/audit-logs?target_type=GeoOpportunity&target_id=4e28b284-ad5c-4c9e-b737-8d4107e9ce5d&page_size=50 HTTP/1.1" 200 OK
INFO:     127.0.0.1:65439 - "GET /api/v1/audit-logs/9c12c427-8be8-4590-863f-926f2bd64390 HTTP/1.1" 200 OK
INFO:     127.0.0.1:65432 - "GET /api/v1/auth/session HTTP/1.1" 200 OK
INFO:     127.0.0.1:65432 - "GET /api/v1/audit-logs?page=1&page_size=20&created_from=2026-10-02T06%3A35%3A07.012Z&created_to=2026-10-05T06%3A35%3A07.012Z&action=geo_opportunity.opened&target_type=GeoOpportunity&target_id=4e28b284-ad5c-4c9e-b737-8d4107e9ce5d HTTP/1.1" 200 OK
INFO:     127.0.0.1:65513 - "GET /api/v1/audit-logs/filter-options HTTP/1.1" 200 OK
INFO:     127.0.0.1:65520 - "GET /api/v1/audit-logs/9c12c427-8be8-4590-863f-926f2bd64390 HTTP/1.1" 200 OK
INFO:     127.0.0.1:65439 - "GET /api/v1/audit-logs/eba40fc1-9db8-427f-a0a1-927a13db20d5 HTTP/1.1" 200 OK
INFO:     127.0.0.1:65520 - "GET /api/v1/auth/session HTTP/1.1" 200 OK
INFO:     127.0.0.1:65520 - "GET /api/v1/audit-logs?page=1&page_size=20&created_from=2026-10-02T06%3A35%3A07.611Z&created_to=2026-10-05T06%3A35%3A07.611Z&action=geo_opportunity.acknowledged&target_type=GeoOpportunity&target_id=4e28b284-ad5c-4c9e-b737-8d4107e9ce5d HTTP/1.1" 200 OK
INFO:     127.0.0.1:65513 - "GET /api/v1/audit-logs/filter-options HTTP/1.1" 200 OK
INFO:     127.0.0.1:65520 - "GET /api/v1/audit-logs/eba40fc1-9db8-427f-a0a1-927a13db20d5 HTTP/1.1" 200 OK
INFO:     127.0.0.1:65439 - "GET /api/v1/audit-logs/bb1f1878-5ca3-4b66-8282-623317a83d1a HTTP/1.1" 200 OK
INFO:     127.0.0.1:65520 - "GET /api/v1/auth/session HTTP/1.1" 200 OK
INFO:     127.0.0.1:65520 - "GET /api/v1/audit-logs?page=1&page_size=20&created_from=2026-10-02T06%3A35%3A08.211Z&created_to=2026-10-05T06%3A35%3A08.211Z&action=geo_opportunity.action_linked&target_type=GeoOpportunity&target_id=4e28b284-ad5c-4c9e-b737-8d4107e9ce5d HTTP/1.1" 200 OK
INFO:     127.0.0.1:65513 - "GET /api/v1/audit-logs/filter-options HTTP/1.1" 200 OK
INFO:     127.0.0.1:65520 - "GET /api/v1/audit-logs/bb1f1878-5ca3-4b66-8282-623317a83d1a HTTP/1.1" 200 OK
INFO:     127.0.0.1:65439 - "GET /api/v1/audit-logs/0712e6bd-6b66-455a-8775-5fc7ab089662 HTTP/1.1" 200 OK
INFO:     127.0.0.1:65520 - "GET /api/v1/auth/session HTTP/1.1" 200 OK
INFO:     127.0.0.1:65520 - "GET /api/v1/audit-logs?page=1&page_size=20&created_from=2026-10-02T06%3A35%3A08.810Z&created_to=2026-10-05T06%3A35%3A08.810Z&action=geo.retest.created&target_type=GeoOpportunity&target_id=4e28b284-ad5c-4c9e-b737-8d4107e9ce5d HTTP/1.1" 200 OK
INFO:     127.0.0.1:65513 - "GET /api/v1/audit-logs/filter-options HTTP/1.1" 200 OK
INFO:     127.0.0.1:65432 - "GET /api/v1/audit-logs/0712e6bd-6b66-455a-8775-5fc7ab089662 HTTP/1.1" 200 OK
INFO:     127.0.0.1:65439 - "GET /api/v1/audit-logs/3eb3e10f-acd0-4158-9fdc-ba1f750ca47a HTTP/1.1" 200 OK
INFO:     127.0.0.1:65432 - "GET /api/v1/auth/session HTTP/1.1" 200 OK
INFO:     127.0.0.1:65513 - "GET /api/v1/audit-logs/filter-options HTTP/1.1" 200 OK
INFO:     127.0.0.1:65432 - "GET /api/v1/audit-logs?page=1&page_size=20&created_from=2026-10-02T06%3A35%3A09.409Z&created_to=2026-10-05T06%3A35%3A09.409Z&action=geo_opportunity.resolved&target_type=GeoOpportunity&target_id=4e28b284-ad5c-4c9e-b737-8d4107e9ce5d HTTP/1.1" 200 OK
INFO:     127.0.0.1:65513 - "GET /api/v1/audit-logs/3eb3e10f-acd0-4158-9fdc-ba1f750ca47a HTTP/1.1" 200 OK
  ✓  23 [foundation-desktop] › tests/e2e/geo-loop-real-stack.spec.ts:24:1 › 五次覆盖缺口 → 确认与内容发布 → 五次严格复测恢复 → 人工显式解决 → 历史与审计保留 (1.2m)
INFO:     127.0.0.1:65439 - "POST /api/v1/auth/login HTTP/1.1" 200 OK
INFO:     127.0.0.1:65439 - "POST /api/v1/products HTTP/1.1" 201 Created
INFO:     127.0.0.1:65439 - "GET /api/v1/products/4e3da809-e6d7-4974-bcfe-97ce50c71530/facts HTTP/1.1" 200 OK
INFO:     127.0.0.1:65439 - "PUT /api/v1/products/4e3da809-e6d7-4974-bcfe-97ce50c71530/facts HTTP/1.1" 200 OK
INFO:     127.0.0.1:65439 - "POST /api/v1/products/4e3da809-e6d7-4974-bcfe-97ce50c71530/fact-review-submissions HTTP/1.1" 201 Created
INFO:     127.0.0.1:65439 - "POST /api/v1/fact-versions/caac3715-a3ac-49c8-83b9-b52a7d9db842/approve HTTP/1.1" 200 OK
INFO:     127.0.0.1:65439 - "POST /api/v1/geo/subjects HTTP/1.1" 201 Created
INFO:     127.0.0.1:65439 - "POST /api/v1/geo/engine-surfaces HTTP/1.1" 201 Created
INFO:     127.0.0.1:65439 - "POST /api/v1/geo/engine-surfaces/2f0f7f98-176c-4107-83a7-60a714886f16/enable HTTP/1.1" 200 OK
INFO:     127.0.0.1:65439 - "POST /api/v1/geo/collection-profiles HTTP/1.1" 201 Created
INFO:     127.0.0.1:65439 - "POST /api/v1/geo/collection-profiles/558ed05a-2c39-4a7a-899b-7a23a4174a51/enable HTTP/1.1" 200 OK
INFO:     127.0.0.1:65439 - "POST /api/v1/query-topics HTTP/1.1" 201 Created
INFO:     127.0.0.1:65439 - "POST /api/v1/geo/query-topics/125c0d8f-b595-4dc8-b10b-0458370a8aef/prompt-variants HTTP/1.1" 201 Created
INFO:     127.0.0.1:65439 - "POST /api/v1/geo/monitoring-plans HTTP/1.1" 201 Created
INFO:     127.0.0.1:65533 - "GET /api/v1/auth/session HTTP/1.1" 200 OK
INFO:     127.0.0.1:65533 - "GET /api/v1/geo/observation-batches?sort=CREATED_DESC&page=1&page_size=20 HTTP/1.1" 200 OK
INFO:     127.0.0.1:65533 - "GET /api/v1/geo/monitoring-plans?page=1&page_size=20&sort=UPDATED_DESC HTTP/1.1" 200 OK
INFO:     127.0.0.1:65533 - "GET /api/v1/geo/monitoring-plans?q=GEO508%20%E5%A4%8D%E6%A0%B8%20aa314864&page=1&page_size=20&sort=UPDATED_DESC HTTP/1.1" 200 OK
INFO:     127.0.0.1:65534 - "OPTIONS /api/v1/geo/monitoring-plans/0d62707c-127f-4bad-8c4b-98ba3c857684/run HTTP/1.1" 200 OK
INFO:     127.0.0.1:65533 - "POST /api/v1/geo/monitoring-plans/0d62707c-127f-4bad-8c4b-98ba3c857684/run HTTP/1.1" 201 Created
INFO:     127.0.0.1:65533 - "GET /api/v1/geo/observation-batches?sort=CREATED_DESC&page=1&page_size=20 HTTP/1.1" 200 OK
INFO:     127.0.0.1:65535 - "GET /api/v1/geo/observation-runs?sort=CREATED_DESC&page=1&page_size=20&batch_id=26db0753-2db5-45cc-abe7-88d2d94c1c45&latest_only=true HTTP/1.1" 200 OK
INFO:     127.0.0.1:65533 - "GET /api/v1/geo/observation-batches/26db0753-2db5-45cc-abe7-88d2d94c1c45 HTTP/1.1" 200 OK
INFO:     127.0.0.1:65533 - "GET /api/v1/geo/observation-runs/f88e9513-f9ac-4017-84b2-55725f20ccd8 HTTP/1.1" 200 OK
INFO:     127.0.0.1:65533 - "GET /api/v1/geo/observation-runs/f88e9513-f9ac-4017-84b2-55725f20ccd8/manual-entry HTTP/1.1" 200 OK
INFO:     127.0.0.1:65534 - "OPTIONS /api/v1/files/upload-intents HTTP/1.1" 200 OK
INFO:     127.0.0.1:65533 - "POST /api/v1/files/upload-intents HTTP/1.1" 201 Created
INFO:     127.0.0.1:65534 - "OPTIONS /api/v1/files/0ae2981f-d047-459c-91d5-f3d761faa476/content HTTP/1.1" 200 OK
INFO:     127.0.0.1:65533 - "PUT /api/v1/files/0ae2981f-d047-459c-91d5-f3d761faa476/content HTTP/1.1" 204 No Content
INFO:     127.0.0.1:65534 - "OPTIONS /api/v1/files/0ae2981f-d047-459c-91d5-f3d761faa476/complete HTTP/1.1" 200 OK
INFO:     127.0.0.1:65533 - "POST /api/v1/files/0ae2981f-d047-459c-91d5-f3d761faa476/complete HTTP/1.1" 200 OK
INFO:     127.0.0.1:65534 - "OPTIONS /api/v1/geo/observation-runs/f88e9513-f9ac-4017-84b2-55725f20ccd8/manual-draft HTTP/1.1" 200 OK
INFO:     127.0.0.1:65533 - "PUT /api/v1/geo/observation-runs/f88e9513-f9ac-4017-84b2-55725f20ccd8/manual-draft HTTP/1.1" 200 OK
INFO:     127.0.0.1:65534 - "OPTIONS /api/v1/geo/observation-runs/f88e9513-f9ac-4017-84b2-55725f20ccd8/manual-submit HTTP/1.1" 200 OK
INFO:     127.0.0.1:65533 - "POST /api/v1/geo/observation-runs/f88e9513-f9ac-4017-84b2-55725f20ccd8/manual-submit HTTP/1.1" 201 Created
INFO:     127.0.0.1:65535 - "GET /api/v1/geo/observation-batches/26db0753-2db5-45cc-abe7-88d2d94c1c45 HTTP/1.1" 200 OK
INFO:     127.0.0.1:65533 - "GET /api/v1/geo/observation-runs?sort=CREATED_DESC&page=1&page_size=20&batch_id=26db0753-2db5-45cc-abe7-88d2d94c1c45&latest_only=true HTTP/1.1" 200 OK
INFO:     127.0.0.1:65439 - "GET /api/v1/geo/observation-runs/f88e9513-f9ac-4017-84b2-55725f20ccd8 HTTP/1.1" 200 OK
INFO:     127.0.0.1:49156 - "GET /api/v1/geo/observation-runs/f88e9513-f9ac-4017-84b2-55725f20ccd8 HTTP/1.1" 200 OK
INFO:     127.0.0.1:65439 - "GET /api/v1/geo/observation-runs/f88e9513-f9ac-4017-84b2-55725f20ccd8 HTTP/1.1" 200 OK
INFO:     127.0.0.1:65439 - "GET /api/v1/geo/observation-runs/f88e9513-f9ac-4017-84b2-55725f20ccd8 HTTP/1.1" 200 OK
INFO:     127.0.0.1:65439 - "GET /api/v1/geo/observation-runs/f88e9513-f9ac-4017-84b2-55725f20ccd8 HTTP/1.1" 200 OK
INFO:     127.0.0.1:65439 - "GET /api/v1/geo/observation-runs/f88e9513-f9ac-4017-84b2-55725f20ccd8 HTTP/1.1" 200 OK
INFO:     127.0.0.1:65439 - "GET /api/v1/geo/observation-runs/f88e9513-f9ac-4017-84b2-55725f20ccd8 HTTP/1.1" 200 OK
INFO:     127.0.0.1:65439 - "GET /api/v1/geo/observation-runs/f88e9513-f9ac-4017-84b2-55725f20ccd8 HTTP/1.1" 200 OK
INFO:     127.0.0.1:49156 - "GET /api/v1/geo/observation-batches/26db0753-2db5-45cc-abe7-88d2d94c1c45 HTTP/1.1" 200 OK
INFO:     127.0.0.1:49158 - "GET /api/v1/geo/observation-runs?sort=CREATED_DESC&page=1&page_size=20&batch_id=26db0753-2db5-45cc-abe7-88d2d94c1c45&latest_only=true HTTP/1.1" 200 OK
INFO:     127.0.0.1:49159 - "GET /api/v1/geo/observation-runs/f88e9513-f9ac-4017-84b2-55725f20ccd8 HTTP/1.1" 200 OK
INFO:     127.0.0.1:65439 - "GET /api/v1/geo/observation-runs/f88e9513-f9ac-4017-84b2-55725f20ccd8 HTTP/1.1" 200 OK
INFO:     127.0.0.1:49161 - "OPTIONS /api/v1/geo/observation-runs/f88e9513-f9ac-4017-84b2-55725f20ccd8/review HTTP/1.1" 200 OK
INFO:     127.0.0.1:49159 - "POST /api/v1/geo/observation-runs/f88e9513-f9ac-4017-84b2-55725f20ccd8/review HTTP/1.1" 201 Created
INFO:     127.0.0.1:49156 - "GET /api/v1/geo/observation-batches/26db0753-2db5-45cc-abe7-88d2d94c1c45 HTTP/1.1" 200 OK
INFO:     127.0.0.1:49159 - "GET /api/v1/geo/observation-runs?sort=CREATED_DESC&page=1&page_size=20&batch_id=26db0753-2db5-45cc-abe7-88d2d94c1c45&latest_only=true HTTP/1.1" 200 OK
INFO:     127.0.0.1:49158 - "GET /api/v1/geo/observation-runs/f88e9513-f9ac-4017-84b2-55725f20ccd8 HTTP/1.1" 200 OK
INFO:     127.0.0.1:65439 - "GET /api/v1/geo/observation-runs/f88e9513-f9ac-4017-84b2-55725f20ccd8 HTTP/1.1" 200 OK
INFO:     127.0.0.1:65439 - "GET /api/v1/geo/observation-runs/f88e9513-f9ac-4017-84b2-55725f20ccd8 HTTP/1.1" 200 OK
INFO:     127.0.0.1:49158 - "POST /api/v1/geo/observation-runs/f88e9513-f9ac-4017-84b2-55725f20ccd8/review HTTP/1.1" 201 Created
INFO:     127.0.0.1:49156 - "GET /api/v1/geo/observation-batches/26db0753-2db5-45cc-abe7-88d2d94c1c45 HTTP/1.1" 200 OK
INFO:     127.0.0.1:49158 - "GET /api/v1/geo/observation-runs?sort=CREATED_DESC&page=1&page_size=20&batch_id=26db0753-2db5-45cc-abe7-88d2d94c1c45&latest_only=true HTTP/1.1" 200 OK
INFO:     127.0.0.1:49159 - "GET /api/v1/geo/observation-runs/f88e9513-f9ac-4017-84b2-55725f20ccd8 HTTP/1.1" 200 OK
INFO:     127.0.0.1:65439 - "GET /api/v1/geo/observation-runs/f88e9513-f9ac-4017-84b2-55725f20ccd8 HTTP/1.1" 200 OK
INFO:     127.0.0.1:65439 - "GET /api/v1/geo/observation-runs/f88e9513-f9ac-4017-84b2-55725f20ccd8 HTTP/1.1" 200 OK
INFO:     127.0.0.1:49159 - "GET /api/v1/auth/session HTTP/1.1" 200 OK
INFO:     127.0.0.1:49159 - "GET /api/v1/geo/observation-runs?sort=CREATED_DESC&page=1&page_size=20&batch_id=26db0753-2db5-45cc-abe7-88d2d94c1c45&latest_only=true HTTP/1.1" 200 OK
INFO:     127.0.0.1:49159 - "GET /api/v1/geo/observation-batches/26db0753-2db5-45cc-abe7-88d2d94c1c45 HTTP/1.1" 200 OK
INFO:     127.0.0.1:49158 - "GET /api/v1/geo/observation-runs/f88e9513-f9ac-4017-84b2-55725f20ccd8 HTTP/1.1" 200 OK
  ✓  24 [foundation-desktop] › tests/e2e/geo-review-real-stack.spec.ts:20:1 › 严重声明禁止默认确认；人工确认与修正追加且原文、机器结果和历史可追溯 (8.2s)
INFO:     127.0.0.1:65439 - "POST /api/v1/auth/login HTTP/1.1" 200 OK
INFO:     127.0.0.1:65439 - "POST /api/v1/products HTTP/1.1" 201 Created
INFO:     127.0.0.1:65439 - "GET /api/v1/products/dc36ebb6-817d-484a-8d2c-75a1e7d93d8b/facts HTTP/1.1" 200 OK
INFO:     127.0.0.1:65439 - "PUT /api/v1/products/dc36ebb6-817d-484a-8d2c-75a1e7d93d8b/facts HTTP/1.1" 200 OK
INFO:     127.0.0.1:65439 - "POST /api/v1/products/dc36ebb6-817d-484a-8d2c-75a1e7d93d8b/fact-review-submissions HTTP/1.1" 201 Created
INFO:     127.0.0.1:65439 - "POST /api/v1/fact-versions/b141094a-533a-4fbd-abad-d15e68021de6/approve HTTP/1.1" 200 OK
INFO:     127.0.0.1:65439 - "POST /api/v1/geo/subjects HTTP/1.1" 201 Created
INFO:     127.0.0.1:65439 - "POST /api/v1/geo/engine-surfaces HTTP/1.1" 201 Created
INFO:     127.0.0.1:65439 - "POST /api/v1/geo/engine-surfaces/a884c608-a054-420f-b0ed-6a7c86363fd9/enable HTTP/1.1" 200 OK
INFO:     127.0.0.1:65439 - "POST /api/v1/geo/collection-profiles HTTP/1.1" 201 Created
INFO:     127.0.0.1:65439 - "POST /api/v1/geo/collection-profiles/b5ce26bb-fdbc-44b8-867e-7233931324ea/enable HTTP/1.1" 200 OK
INFO:     127.0.0.1:65439 - "POST /api/v1/query-topics HTTP/1.1" 201 Created
INFO:     127.0.0.1:65439 - "POST /api/v1/geo/query-topics/34527bbe-0a76-4fe9-bf68-8354154d7977/prompt-variants HTTP/1.1" 201 Created
INFO:     127.0.0.1:65439 - "POST /api/v1/geo/monitoring-plans HTTP/1.1" 201 Created
INFO:     127.0.0.1:65439 - "POST /api/v1/geo/monitoring-plans/6155d345-311b-4145-8d64-32c0f2e1ba9b/run HTTP/1.1" 201 Created
INFO:     127.0.0.1:65439 - "GET /api/v1/geo/observation-runs?batch_id=3a7ca287-380b-4d8b-9662-0251cf7be50a HTTP/1.1" 200 OK
INFO:     127.0.0.1:65439 - "GET /api/v1/geo/observation-runs/ce807e11-4c6d-4e1d-bb80-e27029a9a270/manual-entry HTTP/1.1" 200 OK
INFO:     127.0.0.1:65439 - "POST /api/v1/files/upload-intents HTTP/1.1" 201 Created
INFO:     127.0.0.1:65439 - "PUT /api/v1/files/e9e02135-b7b6-4821-a3fb-7b6e515a491d/content HTTP/1.1" 204 No Content
INFO:     127.0.0.1:65439 - "POST /api/v1/files/e9e02135-b7b6-4821-a3fb-7b6e515a491d/complete HTTP/1.1" 200 OK
INFO:     127.0.0.1:65439 - "POST /api/v1/geo/observation-runs/ce807e11-4c6d-4e1d-bb80-e27029a9a270/manual-submit HTTP/1.1" 201 Created
INFO:     127.0.0.1:65439 - "GET /api/v1/geo/observation-runs/ce807e11-4c6d-4e1d-bb80-e27029a9a270 HTTP/1.1" 200 OK
INFO:     127.0.0.1:65439 - "GET /api/v1/geo/observation-runs/ce807e11-4c6d-4e1d-bb80-e27029a9a270 HTTP/1.1" 200 OK
INFO:     127.0.0.1:65439 - "GET /api/v1/geo/observation-runs/ce807e11-4c6d-4e1d-bb80-e27029a9a270 HTTP/1.1" 200 OK
INFO:     127.0.0.1:65439 - "GET /api/v1/geo/observation-runs/ce807e11-4c6d-4e1d-bb80-e27029a9a270 HTTP/1.1" 200 OK
INFO:     127.0.0.1:65439 - "GET /api/v1/geo/observation-runs/ce807e11-4c6d-4e1d-bb80-e27029a9a270 HTTP/1.1" 200 OK
INFO:     127.0.0.1:65439 - "GET /api/v1/geo/observation-runs/ce807e11-4c6d-4e1d-bb80-e27029a9a270 HTTP/1.1" 200 OK
INFO:     127.0.0.1:65439 - "POST /api/v1/geo/observation-runs/ce807e11-4c6d-4e1d-bb80-e27029a9a270/review HTTP/1.1" 201 Created
INFO:     127.0.0.1:49178 - "GET /api/v1/auth/session HTTP/1.1" 200 OK
INFO:     127.0.0.1:49178 - "GET /api/v1/geo/overview?date_from=2026-10-04T06%3A35%3A20.429Z&date_to=2026-10-05T06%3A36%3A20.429Z&subject_ids=3b7b63b0-07d0-4d71-89bd-e5df5ba21706&product_ids=dc36ebb6-817d-484a-8d2c-75a1e7d93d8b&query_topic_ids=34527bbe-0a76-4fe9-bf68-8354154d7977&prompt_variant_ids=63091ba7-2371-4495-ad88-5703997d86ae&engine_surface_ids=a884c608-a054-420f-b0ed-6a7c86363fd9&collection_profile_ids=b5ce26bb-fdbc-44b8-867e-7233931324ea&collection_modes=MANUAL&login_states=ANONYMOUS&intent_types=PRODUCT&language_codes=zh-cn&region_codes=CN&mention_mode=BRANDED&review_policy=REVIEWED_ONLY HTTP/1.1" 200 OK
INFO:     127.0.0.1:49178 - "GET /api/v1/geo/insights?date_from=2026-10-04T06%3A35%3A20.429Z&date_to=2026-10-05T06%3A36%3A20.429Z&subject_ids=3b7b63b0-07d0-4d71-89bd-e5df5ba21706&product_ids=dc36ebb6-817d-484a-8d2c-75a1e7d93d8b&query_topic_ids=34527bbe-0a76-4fe9-bf68-8354154d7977&prompt_variant_ids=63091ba7-2371-4495-ad88-5703997d86ae&engine_surface_ids=a884c608-a054-420f-b0ed-6a7c86363fd9&collection_profile_ids=b5ce26bb-fdbc-44b8-867e-7233931324ea&collection_modes=MANUAL&login_states=ANONYMOUS&intent_types=PRODUCT&language_codes=zh-cn&region_codes=CN&mention_mode=BRANDED&review_policy=REVIEWED_ONLY HTTP/1.1" 200 OK
INFO:     127.0.0.1:49178 - "GET /api/v1/geo/insights/runs?date_from=2026-10-04T06%3A35%3A20.429Z&date_to=2026-10-05T06%3A36%3A20.429Z&subject_ids=3b7b63b0-07d0-4d71-89bd-e5df5ba21706&product_ids=dc36ebb6-817d-484a-8d2c-75a1e7d93d8b&query_topic_ids=34527bbe-0a76-4fe9-bf68-8354154d7977&prompt_variant_ids=63091ba7-2371-4495-ad88-5703997d86ae&engine_surface_ids=a884c608-a054-420f-b0ed-6a7c86363fd9&collection_profile_ids=b5ce26bb-fdbc-44b8-867e-7233931324ea&collection_modes=MANUAL&login_states=ANONYMOUS&intent_types=PRODUCT&language_codes=zh-cn&region_codes=CN&mention_mode=BRANDED&review_policy=REVIEWED_ONLY&page=1&page_size=20&metric_code=accurate_claim_rate&cell_key=1fe364f45a8eb6610677f5e40e36a3677222cc257053f2d3e9215339cd9fc9f3&cohort=DENOMINATOR&period=CURRENT HTTP/1.1" 200 OK
INFO:     127.0.0.1:49178 - "GET /api/v1/auth/session HTTP/1.1" 200 OK
INFO:     127.0.0.1:49178 - "GET /api/v1/geo/insights?date_from=2026-10-04T06%3A35%3A20.429Z&date_to=2026-10-05T06%3A36%3A20.429Z&subject_ids=3b7b63b0-07d0-4d71-89bd-e5df5ba21706&product_ids=dc36ebb6-817d-484a-8d2c-75a1e7d93d8b&query_topic_ids=34527bbe-0a76-4fe9-bf68-8354154d7977&prompt_variant_ids=63091ba7-2371-4495-ad88-5703997d86ae&engine_surface_ids=a884c608-a054-420f-b0ed-6a7c86363fd9&collection_profile_ids=b5ce26bb-fdbc-44b8-867e-7233931324ea&collection_modes=MANUAL&login_states=ANONYMOUS&intent_types=PRODUCT&language_codes=zh-cn&region_codes=CN&mention_mode=BRANDED&review_policy=REVIEWED_ONLY HTTP/1.1" 200 OK
INFO:     127.0.0.1:49179 - "GET /api/v1/geo/insights/runs?date_from=2026-10-04T06%3A35%3A20.429Z&date_to=2026-10-05T06%3A36%3A20.429Z&subject_ids=3b7b63b0-07d0-4d71-89bd-e5df5ba21706&product_ids=dc36ebb6-817d-484a-8d2c-75a1e7d93d8b&query_topic_ids=34527bbe-0a76-4fe9-bf68-8354154d7977&prompt_variant_ids=63091ba7-2371-4495-ad88-5703997d86ae&engine_surface_ids=a884c608-a054-420f-b0ed-6a7c86363fd9&collection_profile_ids=b5ce26bb-fdbc-44b8-867e-7233931324ea&collection_modes=MANUAL&login_states=ANONYMOUS&intent_types=PRODUCT&language_codes=zh-cn&region_codes=CN&mention_mode=BRANDED&review_policy=REVIEWED_ONLY&page=1&page_size=20&metric_code=accurate_claim_rate&cell_key=1fe364f45a8eb6610677f5e40e36a3677222cc257053f2d3e9215339cd9fc9f3&cohort=DENOMINATOR&period=CURRENT HTTP/1.1" 200 OK
INFO:     127.0.0.1:49178 - "GET /api/v1/geo/insights/runs?date_from=2026-10-04T06%3A35%3A20.429Z&date_to=2026-10-05T06%3A36%3A20.429Z&subject_ids=3b7b63b0-07d0-4d71-89bd-e5df5ba21706&product_ids=dc36ebb6-817d-484a-8d2c-75a1e7d93d8b&query_topic_ids=34527bbe-0a76-4fe9-bf68-8354154d7977&prompt_variant_ids=63091ba7-2371-4495-ad88-5703997d86ae&engine_surface_ids=a884c608-a054-420f-b0ed-6a7c86363fd9&collection_profile_ids=b5ce26bb-fdbc-44b8-867e-7233931324ea&collection_modes=MANUAL&login_states=ANONYMOUS&intent_types=PRODUCT&language_codes=zh-cn&region_codes=CN&mention_mode=BRANDED&review_policy=REVIEWED_ONLY&page=1&page_size=20&metric_code=accurate_claim_rate&cell_key=1fe364f45a8eb6610677f5e40e36a3677222cc257053f2d3e9215339cd9fc9f3&cohort=DENOMINATOR&period=CURRENT HTTP/1.1" 200 OK
INFO:     127.0.0.1:49178 - "GET /api/v1/geo/insights/claims?date_from=2026-10-04T06%3A35%3A20.429Z&date_to=2026-10-05T06%3A36%3A20.429Z&subject_ids=3b7b63b0-07d0-4d71-89bd-e5df5ba21706&product_ids=dc36ebb6-817d-484a-8d2c-75a1e7d93d8b&query_topic_ids=34527bbe-0a76-4fe9-bf68-8354154d7977&prompt_variant_ids=63091ba7-2371-4495-ad88-5703997d86ae&engine_surface_ids=a884c608-a054-420f-b0ed-6a7c86363fd9&collection_profile_ids=b5ce26bb-fdbc-44b8-867e-7233931324ea&collection_modes=MANUAL&login_states=ANONYMOUS&intent_types=PRODUCT&language_codes=zh-cn&region_codes=CN&mention_mode=BRANDED&review_policy=REVIEWED_ONLY&page=1&page_size=20&cell_key=1fe364f45a8eb6610677f5e40e36a3677222cc257053f2d3e9215339cd9fc9f3 HTTP/1.1" 200 OK
INFO:     127.0.0.1:49178 - "GET /api/v1/geo/insights/citations?date_from=2026-10-04T06%3A35%3A20.429Z&date_to=2026-10-05T06%3A36%3A20.429Z&subject_ids=3b7b63b0-07d0-4d71-89bd-e5df5ba21706&product_ids=dc36ebb6-817d-484a-8d2c-75a1e7d93d8b&query_topic_ids=34527bbe-0a76-4fe9-bf68-8354154d7977&prompt_variant_ids=63091ba7-2371-4495-ad88-5703997d86ae&engine_surface_ids=a884c608-a054-420f-b0ed-6a7c86363fd9&collection_profile_ids=b5ce26bb-fdbc-44b8-867e-7233931324ea&collection_modes=MANUAL&login_states=ANONYMOUS&intent_types=PRODUCT&language_codes=zh-cn&region_codes=CN&mention_mode=BRANDED&review_policy=REVIEWED_ONLY&page=1&page_size=20&cell_key=1fe364f45a8eb6610677f5e40e36a3677222cc257053f2d3e9215339cd9fc9f3 HTTP/1.1" 200 OK
INFO:     127.0.0.1:49178 - "GET /api/v1/geo/insights?date_from=2026-10-04T06%3A35%3A20.429Z&date_to=2026-10-05T06%3A36%3A20.429Z&subject_ids=81c31a16-38e0-42c7-af07-43ab7e0f26f3&product_ids=dc36ebb6-817d-484a-8d2c-75a1e7d93d8b&query_topic_ids=34527bbe-0a76-4fe9-bf68-8354154d7977&prompt_variant_ids=63091ba7-2371-4495-ad88-5703997d86ae&engine_surface_ids=a884c608-a054-420f-b0ed-6a7c86363fd9&collection_profile_ids=b5ce26bb-fdbc-44b8-867e-7233931324ea&collection_modes=MANUAL&login_states=ANONYMOUS&intent_types=PRODUCT&language_codes=zh-cn&region_codes=CN&mention_mode=BRANDED&review_policy=REVIEWED_ONLY HTTP/1.1" 200 OK
INFO:     127.0.0.1:49178 - "GET /api/v1/geo-insights?date_from=2026-09-06&date_to=2026-10-05 HTTP/1.1" 200 OK
  ✓  25 [foundation-desktop] › tests/e2e/insights-real-stack.spec.ts:16:1 › 全筛选、真实汇总与明细、URL恢复、表格替代和键盘焦点 (5.4s)
INFO:     127.0.0.1:65439 - "POST /api/v1/auth/login HTTP/1.1" 200 OK
INFO:     127.0.0.1:65439 - "POST /api/v1/products HTTP/1.1" 201 Created
INFO:     127.0.0.1:65439 - "GET /api/v1/products/f0d96f32-372c-48df-96be-38c4e76ae6ed/facts HTTP/1.1" 200 OK
INFO:     127.0.0.1:65439 - "PUT /api/v1/products/f0d96f32-372c-48df-96be-38c4e76ae6ed/facts HTTP/1.1" 200 OK
INFO:     127.0.0.1:65439 - "POST /api/v1/products/f0d96f32-372c-48df-96be-38c4e76ae6ed/fact-review-submissions HTTP/1.1" 201 Created
INFO:     127.0.0.1:65439 - "POST /api/v1/fact-versions/34bce8df-ce36-4f0b-9f1d-3bb899fbb3f0/approve HTTP/1.1" 200 OK
INFO:     127.0.0.1:65439 - "POST /api/v1/geo/subjects HTTP/1.1" 201 Created
INFO:     127.0.0.1:65439 - "POST /api/v1/geo/engine-surfaces HTTP/1.1" 201 Created
INFO:     127.0.0.1:65439 - "POST /api/v1/geo/engine-surfaces/28d4349a-e4e6-499a-b67b-96329949bb79/enable HTTP/1.1" 200 OK
INFO:     127.0.0.1:65439 - "POST /api/v1/geo/collection-profiles HTTP/1.1" 201 Created
INFO:     127.0.0.1:65439 - "POST /api/v1/geo/collection-profiles/c31e4c30-4a16-469d-b4d7-e50888a836c2/enable HTTP/1.1" 200 OK
INFO:     127.0.0.1:65439 - "POST /api/v1/query-topics HTTP/1.1" 201 Created
INFO:     127.0.0.1:65439 - "POST /api/v1/geo/query-topics/fdd6285b-e2b7-45d2-b358-1d0ff291866f/prompt-variants HTTP/1.1" 201 Created
INFO:     127.0.0.1:65439 - "POST /api/v1/geo/monitoring-plans HTTP/1.1" 201 Created
INFO:     127.0.0.1:65439 - "POST /api/v1/geo/monitoring-plans/e9a4c520-762a-4450-be8a-c131a0d7b219/run HTTP/1.1" 201 Created
INFO:     127.0.0.1:65439 - "GET /api/v1/geo/observation-runs?batch_id=43db3d7e-9fb5-4d13-8899-ab15111f1179 HTTP/1.1" 200 OK
INFO:     127.0.0.1:65439 - "GET /api/v1/geo/observation-runs/6cbab60d-dcf0-45ba-b6ec-21ef795d4e56/manual-entry HTTP/1.1" 200 OK
INFO:     127.0.0.1:65439 - "POST /api/v1/files/upload-intents HTTP/1.1" 201 Created
INFO:     127.0.0.1:65439 - "PUT /api/v1/files/64503a3d-fd96-43a4-95e6-ee987e608d32/content HTTP/1.1" 204 No Content
INFO:     127.0.0.1:65439 - "POST /api/v1/files/64503a3d-fd96-43a4-95e6-ee987e608d32/complete HTTP/1.1" 200 OK
INFO:     127.0.0.1:65439 - "POST /api/v1/geo/observation-runs/6cbab60d-dcf0-45ba-b6ec-21ef795d4e56/manual-submit HTTP/1.1" 201 Created
INFO:     127.0.0.1:65439 - "GET /api/v1/geo/observation-runs/6cbab60d-dcf0-45ba-b6ec-21ef795d4e56 HTTP/1.1" 200 OK
INFO:     127.0.0.1:65439 - "GET /api/v1/geo/observation-runs/6cbab60d-dcf0-45ba-b6ec-21ef795d4e56 HTTP/1.1" 200 OK
INFO:     127.0.0.1:65439 - "GET /api/v1/geo/observation-runs/6cbab60d-dcf0-45ba-b6ec-21ef795d4e56 HTTP/1.1" 200 OK
INFO:     127.0.0.1:65439 - "GET /api/v1/geo/observation-runs/6cbab60d-dcf0-45ba-b6ec-21ef795d4e56 HTTP/1.1" 200 OK
INFO:     127.0.0.1:65439 - "GET /api/v1/geo/observation-runs/6cbab60d-dcf0-45ba-b6ec-21ef795d4e56 HTTP/1.1" 200 OK
INFO:     127.0.0.1:65439 - "POST /api/v1/geo/observation-runs/6cbab60d-dcf0-45ba-b6ec-21ef795d4e56/review HTTP/1.1" 201 Created
INFO:     127.0.0.1:65439 - "GET /api/v1/geo/opportunities/7654bcd5-4dfe-48d6-a7a3-977f3922636a HTTP/1.1" 200 OK
INFO:     127.0.0.1:65439 - "POST /api/v1/geo/observation-runs/6cbab60d-dcf0-45ba-b6ec-21ef795d4e56/review HTTP/1.1" 201 Created
INFO:     127.0.0.1:49192 - "GET /api/v1/auth/session HTTP/1.1" 200 OK
INFO:     127.0.0.1:49192 - "GET /api/v1/geo/opportunities?q=GEOR4-34077d7b&priority=HIGH&rule_code=CRITICAL_FACT_ERROR&subject_id=2486b423-6145-4c83-9c3b-e5596b2178cb&product_id=f0d96f32-372c-48df-96be-38c4e76ae6ed&query_topic_id=fdd6285b-e2b7-45d2-b358-1d0ff291866f&prompt_variant_id=1a8e7801-3c2c-468a-8251-550f88c6cee5&collection_profile_id=c31e4c30-4a16-469d-b4d7-e50888a836c2&engine_surface_id=28d4349a-e4e6-499a-b67b-96329949bb79&collection_mode=MANUAL&created_from=2026-10-05T06%3A34%3A25.388Z&created_to=2026-10-05T06%3A36%3A25.388Z&page=1&page_size=10&sort=CREATED_DESC HTTP/1.1" 200 OK
INFO:     127.0.0.1:49193 - "GET /api/v1/geo/opportunities/7654bcd5-4dfe-48d6-a7a3-977f3922636a/comparison HTTP/1.1" 200 OK
INFO:     127.0.0.1:49192 - "GET /api/v1/geo/opportunities/7654bcd5-4dfe-48d6-a7a3-977f3922636a?source_page=1&source_page_size=20 HTTP/1.1" 200 OK
INFO:     127.0.0.1:49196 - "OPTIONS /api/v1/geo/opportunities/7654bcd5-4dfe-48d6-a7a3-977f3922636a/acknowledge HTTP/1.1" 200 OK
INFO:     127.0.0.1:49192 - "POST /api/v1/geo/opportunities/7654bcd5-4dfe-48d6-a7a3-977f3922636a/acknowledge HTTP/1.1" 200 OK
INFO:     127.0.0.1:49197 - "GET /api/v1/geo/opportunities/7654bcd5-4dfe-48d6-a7a3-977f3922636a/comparison HTTP/1.1" 200 OK
INFO:     127.0.0.1:49192 - "GET /api/v1/geo/opportunities?q=GEOR4-34077d7b&priority=HIGH&rule_code=CRITICAL_FACT_ERROR&subject_id=2486b423-6145-4c83-9c3b-e5596b2178cb&product_id=f0d96f32-372c-48df-96be-38c4e76ae6ed&query_topic_id=fdd6285b-e2b7-45d2-b358-1d0ff291866f&prompt_variant_id=1a8e7801-3c2c-468a-8251-550f88c6cee5&collection_profile_id=c31e4c30-4a16-469d-b4d7-e50888a836c2&engine_surface_id=28d4349a-e4e6-499a-b67b-96329949bb79&collection_mode=MANUAL&created_from=2026-10-05T06%3A34%3A25.388Z&created_to=2026-10-05T06%3A36%3A25.388Z&page=1&page_size=10&sort=CREATED_DESC HTTP/1.1" 200 OK
INFO:     127.0.0.1:49193 - "GET /api/v1/geo/opportunities/7654bcd5-4dfe-48d6-a7a3-977f3922636a?source_page=1&source_page_size=20 HTTP/1.1" 200 OK
INFO:     127.0.0.1:65439 - "POST /api/v1/geo/opportunities/7654bcd5-4dfe-48d6-a7a3-977f3922636a/actions/fact-revision HTTP/1.1" 200 OK
INFO:     127.0.0.1:49193 - "GET /api/v1/auth/session HTTP/1.1" 200 OK
INFO:     127.0.0.1:49197 - "GET /api/v1/geo/opportunities/7654bcd5-4dfe-48d6-a7a3-977f3922636a/comparison HTTP/1.1" 200 OK
INFO:     127.0.0.1:49193 - "GET /api/v1/geo/opportunities?q=GEOR4-34077d7b&priority=HIGH&rule_code=CRITICAL_FACT_ERROR&subject_id=2486b423-6145-4c83-9c3b-e5596b2178cb&product_id=f0d96f32-372c-48df-96be-38c4e76ae6ed&query_topic_id=fdd6285b-e2b7-45d2-b358-1d0ff291866f&prompt_variant_id=1a8e7801-3c2c-468a-8251-550f88c6cee5&collection_profile_id=c31e4c30-4a16-469d-b4d7-e50888a836c2&engine_surface_id=28d4349a-e4e6-499a-b67b-96329949bb79&collection_mode=MANUAL&created_from=2026-10-05T06%3A34%3A25.388Z&created_to=2026-10-05T06%3A36%3A25.388Z&page=1&page_size=10&sort=CREATED_DESC HTTP/1.1" 200 OK
INFO:     127.0.0.1:49192 - "GET /api/v1/geo/opportunities/7654bcd5-4dfe-48d6-a7a3-977f3922636a?source_page=1&source_page_size=20 HTTP/1.1" 200 OK
INFO:     127.0.0.1:49192 - "GET /api/v1/auth/session HTTP/1.1" 200 OK
INFO:     127.0.0.1:49192 - "GET /api/v1/products/f0d96f32-372c-48df-96be-38c4e76ae6ed/facts HTTP/1.1" 200 OK
INFO:     127.0.0.1:49192 - "GET /api/v1/auth/session HTTP/1.1" 200 OK
INFO:     127.0.0.1:49197 - "GET /api/v1/geo/opportunities/7654bcd5-4dfe-48d6-a7a3-977f3922636a/comparison HTTP/1.1" 200 OK
INFO:     127.0.0.1:49192 - "GET /api/v1/geo/opportunities?q=GEOR4-34077d7b&priority=HIGH&rule_code=CRITICAL_FACT_ERROR&subject_id=2486b423-6145-4c83-9c3b-e5596b2178cb&product_id=f0d96f32-372c-48df-96be-38c4e76ae6ed&query_topic_id=fdd6285b-e2b7-45d2-b358-1d0ff291866f&prompt_variant_id=1a8e7801-3c2c-468a-8251-550f88c6cee5&collection_profile_id=c31e4c30-4a16-469d-b4d7-e50888a836c2&engine_surface_id=28d4349a-e4e6-499a-b67b-96329949bb79&collection_mode=MANUAL&created_from=2026-10-05T06%3A34%3A25.388Z&created_to=2026-10-05T06%3A36%3A25.388Z&page=1&page_size=10&sort=CREATED_DESC HTTP/1.1" 200 OK
INFO:     127.0.0.1:49193 - "GET /api/v1/geo/opportunities/7654bcd5-4dfe-48d6-a7a3-977f3922636a?source_page=1&source_page_size=20 HTTP/1.1" 200 OK
INFO:     127.0.0.1:49196 - "OPTIONS /api/v1/geo/opportunities/7654bcd5-4dfe-48d6-a7a3-977f3922636a/dismiss HTTP/1.1" 200 OK
INFO:     127.0.0.1:49193 - "POST /api/v1/geo/opportunities/7654bcd5-4dfe-48d6-a7a3-977f3922636a/dismiss HTTP/1.1" 200 OK
INFO:     127.0.0.1:49198 - "GET /api/v1/auth/session HTTP/1.1" 200 OK
INFO:     127.0.0.1:49200 - "GET /api/v1/geo/opportunities/7654bcd5-4dfe-48d6-a7a3-977f3922636a/comparison HTTP/1.1" 200 OK
INFO:     127.0.0.1:49198 - "GET /api/v1/geo/opportunities?q=GEOR4-34077d7b&priority=HIGH&rule_code=CRITICAL_FACT_ERROR&subject_id=2486b423-6145-4c83-9c3b-e5596b2178cb&product_id=f0d96f32-372c-48df-96be-38c4e76ae6ed&query_topic_id=fdd6285b-e2b7-45d2-b358-1d0ff291866f&prompt_variant_id=1a8e7801-3c2c-468a-8251-550f88c6cee5&collection_profile_id=c31e4c30-4a16-469d-b4d7-e50888a836c2&engine_surface_id=28d4349a-e4e6-499a-b67b-96329949bb79&collection_mode=MANUAL&created_from=2026-10-05T06%3A34%3A25.388Z&created_to=2026-10-05T06%3A36%3A25.388Z&page=1&page_size=10&sort=CREATED_DESC HTTP/1.1" 200 OK
INFO:     127.0.0.1:49199 - "GET /api/v1/geo/opportunities/7654bcd5-4dfe-48d6-a7a3-977f3922636a?source_page=1&source_page_size=20 HTTP/1.1" 200 OK
INFO:     127.0.0.1:49198 - "GET /api/v1/geo/opportunities/7654bcd5-4dfe-48d6-a7a3-977f3922636a/comparison HTTP/1.1" 200 OK
INFO:     127.0.0.1:49199 - "GET /api/v1/geo/opportunities/7654bcd5-4dfe-48d6-a7a3-977f3922636a?source_page=1&source_page_size=20 HTTP/1.1" 200 OK
INFO:     127.0.0.1:49198 - "GET /api/v1/geo/opportunities/7654bcd5-4dfe-48d6-a7a3-977f3922636a/comparison HTTP/1.1" 200 OK
INFO:     127.0.0.1:49199 - "GET /api/v1/geo/opportunities/7654bcd5-4dfe-48d6-a7a3-977f3922636a?source_page=1&source_page_size=20 HTTP/1.1" 200 OK
INFO:     127.0.0.1:65439 - "GET /api/v1/geo/opportunities/7654bcd5-4dfe-48d6-a7a3-977f3922636a HTTP/1.1" 200 OK
  ✓  26 [foundation-desktop] › tests/e2e/opportunities-real-stack.spec.ts:23:1 › 历史回答、事实、复核与签名证据 → 确认 → 忽略 → 刷新和 Back 恢复 (4.4s)
INFO:     127.0.0.1:65439 - "POST /api/v1/auth/login HTTP/1.1" 200 OK
INFO:     127.0.0.1:49207 - "GET /api/v1/auth/session HTTP/1.1" 200 OK
INFO:     127.0.0.1:49207 - "GET /api/v1/geo/subjects?page=1&page_size=20&sort=NAME_ASC HTTP/1.1" 200 OK
INFO:     127.0.0.1:49208 - "GET /api/v1/geo/subjects?page=1&page_size=10&sort=NAME_ASC&subject_type=OWN_BRAND HTTP/1.1" 200 OK
INFO:     127.0.0.1:49207 - "GET /api/v1/products?search=&page=1&page_size=10&sort=MODEL_ASC HTTP/1.1" 200 OK
INFO:     127.0.0.1:49209 - "OPTIONS /api/v1/geo/subjects HTTP/1.1" 200 OK
INFO:     127.0.0.1:49207 - "POST /api/v1/geo/subjects HTTP/1.1" 201 Created
INFO:     127.0.0.1:49207 - "GET /api/v1/geo/subjects?page=1&page_size=20&sort=NAME_ASC HTTP/1.1" 200 OK
INFO:     127.0.0.1:49208 - "GET /api/v1/geo/subjects/89824ee8-3d21-4af1-acd6-b536ae909788 HTTP/1.1" 200 OK
INFO:     127.0.0.1:49208 - "GET /api/v1/auth/session HTTP/1.1" 200 OK
INFO:     127.0.0.1:49208 - "GET /api/v1/geo/engine-surfaces?page=1&page_size=20&sort=NAME_ASC HTTP/1.1" 200 OK
INFO:     127.0.0.1:49209 - "OPTIONS /api/v1/geo/engine-surfaces HTTP/1.1" 200 OK
INFO:     127.0.0.1:49208 - "POST /api/v1/geo/engine-surfaces HTTP/1.1" 201 Created
INFO:     127.0.0.1:49208 - "GET /api/v1/geo/engine-surfaces?page=1&page_size=20&sort=NAME_ASC HTTP/1.1" 200 OK
INFO:     127.0.0.1:49208 - "GET /api/v1/geo/engine-surfaces/077d2d9e-7922-44e9-922e-38b9c6beb508 HTTP/1.1" 200 OK
INFO:     127.0.0.1:49209 - "OPTIONS /api/v1/geo/engine-surfaces/077d2d9e-7922-44e9-922e-38b9c6beb508/enable HTTP/1.1" 200 OK
INFO:     127.0.0.1:49208 - "POST /api/v1/geo/engine-surfaces/077d2d9e-7922-44e9-922e-38b9c6beb508/enable HTTP/1.1" 200 OK
INFO:     127.0.0.1:49208 - "GET /api/v1/geo/engine-surfaces?page=1&page_size=20&sort=NAME_ASC HTTP/1.1" 200 OK
INFO:     127.0.0.1:49208 - "GET /api/v1/geo/collection-profiles?page=1&page_size=20&sort=NAME_ASC&engine_surface_id=077d2d9e-7922-44e9-922e-38b9c6beb508 HTTP/1.1" 200 OK
INFO:     127.0.0.1:49209 - "OPTIONS /api/v1/geo/collection-profiles HTTP/1.1" 200 OK
INFO:     127.0.0.1:49208 - "POST /api/v1/geo/collection-profiles HTTP/1.1" 201 Created
INFO:     127.0.0.1:49208 - "GET /api/v1/geo/collection-profiles?page=1&page_size=20&sort=NAME_ASC&engine_surface_id=077d2d9e-7922-44e9-922e-38b9c6beb508 HTTP/1.1" 200 OK
INFO:     127.0.0.1:49207 - "GET /api/v1/geo/collection-profiles/8d315134-c56b-4aaf-b50a-0ec2536c85b2 HTTP/1.1" 200 OK
INFO:     127.0.0.1:49209 - "OPTIONS /api/v1/geo/collection-profiles/8d315134-c56b-4aaf-b50a-0ec2536c85b2/enable HTTP/1.1" 200 OK
INFO:     127.0.0.1:49207 - "POST /api/v1/geo/collection-profiles/8d315134-c56b-4aaf-b50a-0ec2536c85b2/enable HTTP/1.1" 200 OK
INFO:     127.0.0.1:49207 - "GET /api/v1/geo/collection-profiles?page=1&page_size=20&sort=NAME_ASC&engine_surface_id=077d2d9e-7922-44e9-922e-38b9c6beb508 HTTP/1.1" 200 OK
INFO:     127.0.0.1:65439 - "POST /api/v1/users HTTP/1.1" 201 Created
INFO:     127.0.0.1:65439 - "POST /api/v1/auth/login HTTP/1.1" 200 OK
INFO:     127.0.0.1:65439 - "POST /api/v1/auth/change-password HTTP/1.1" 204 No Content
INFO:     127.0.0.1:49216 - "GET /api/v1/auth/session HTTP/1.1" 200 OK
INFO:     127.0.0.1:49216 - "GET /api/v1/query-topics/list-items?sort=QUESTION_ASC&page=1&page_size=20 HTTP/1.1" 200 OK
INFO:     127.0.0.1:49217 - "OPTIONS /api/v1/query-topics HTTP/1.1" 200 OK
INFO:     127.0.0.1:49216 - "POST /api/v1/query-topics HTTP/1.1" 201 Created
INFO:     127.0.0.1:49216 - "GET /api/v1/query-topics/list-items?sort=QUESTION_ASC&page=1&page_size=20 HTTP/1.1" 200 OK
INFO:     127.0.0.1:49216 - "GET /api/v1/auth/session HTTP/1.1" 200 OK
INFO:     127.0.0.1:49216 - "GET /api/v1/geo/prompt-variants?page=1&page_size=20&sort=UPDATED_DESC HTTP/1.1" 200 OK
INFO:     127.0.0.1:49216 - "GET /api/v1/query-topics HTTP/1.1" 200 OK
INFO:     127.0.0.1:49217 - "OPTIONS /api/v1/geo/query-topics/e86f25de-6947-49ff-ae78-7c4289e2d770/prompt-variants HTTP/1.1" 200 OK
INFO:     127.0.0.1:49216 - "POST /api/v1/geo/query-topics/e86f25de-6947-49ff-ae78-7c4289e2d770/prompt-variants HTTP/1.1" 201 Created
INFO:     127.0.0.1:49216 - "GET /api/v1/geo/prompt-variants?page=1&page_size=20&sort=UPDATED_DESC HTTP/1.1" 200 OK
INFO:     127.0.0.1:49216 - "GET /api/v1/auth/session HTTP/1.1" 200 OK
INFO:     127.0.0.1:49216 - "GET /api/v1/geo/monitoring-plans?q=51516032&page=1&page_size=20&sort=UPDATED_DESC HTTP/1.1" 200 OK
INFO:     127.0.0.1:49216 - "GET /api/v1/geo/subjects?page=1&page_size=10&sort=NAME_ASC HTTP/1.1" 200 OK
INFO:     127.0.0.1:49216 - "GET /api/v1/geo/subjects?q=51516032&page=1&page_size=10&sort=NAME_ASC HTTP/1.1" 200 OK
INFO:     127.0.0.1:49216 - "GET /api/v1/geo/prompt-variants?q=51516032&page=1&page_size=10&sort=TEXT_ASC HTTP/1.1" 200 OK
INFO:     127.0.0.1:49216 - "GET /api/v1/geo/collection-profiles?q=51516032&page=1&page_size=10&sort=NAME_ASC HTTP/1.1" 200 OK
INFO:     127.0.0.1:49217 - "OPTIONS /api/v1/geo/monitoring-plans/preview HTTP/1.1" 200 OK
INFO:     127.0.0.1:49216 - "POST /api/v1/geo/monitoring-plans/preview HTTP/1.1" 200 OK
INFO:     127.0.0.1:49217 - "OPTIONS /api/v1/geo/monitoring-plans HTTP/1.1" 200 OK
INFO:     127.0.0.1:49216 - "POST /api/v1/geo/monitoring-plans HTTP/1.1" 201 Created
INFO:     127.0.0.1:49216 - "GET /api/v1/geo/monitoring-plans?q=51516032&page=1&page_size=20&sort=UPDATED_DESC HTTP/1.1" 200 OK
INFO:     127.0.0.1:49217 - "OPTIONS /api/v1/geo/monitoring-plans/96966213-db44-4a43-b92f-0d22a878a65e/activate HTTP/1.1" 200 OK
INFO:     127.0.0.1:49216 - "POST /api/v1/geo/monitoring-plans/96966213-db44-4a43-b92f-0d22a878a65e/activate HTTP/1.1" 200 OK
INFO:     127.0.0.1:49216 - "GET /api/v1/geo/monitoring-plans?q=51516032&page=1&page_size=20&sort=UPDATED_DESC HTTP/1.1" 200 OK
INFO:     127.0.0.1:49217 - "OPTIONS /api/v1/geo/monitoring-plans/96966213-db44-4a43-b92f-0d22a878a65e/pause HTTP/1.1" 200 OK
INFO:     127.0.0.1:49216 - "POST /api/v1/geo/monitoring-plans/96966213-db44-4a43-b92f-0d22a878a65e/pause HTTP/1.1" 200 OK
INFO:     127.0.0.1:49216 - "GET /api/v1/geo/monitoring-plans?q=51516032&page=1&page_size=20&sort=UPDATED_DESC HTTP/1.1" 200 OK
INFO:     127.0.0.1:49217 - "OPTIONS /api/v1/geo/monitoring-plans/96966213-db44-4a43-b92f-0d22a878a65e/resume HTTP/1.1" 200 OK
INFO:     127.0.0.1:49216 - "POST /api/v1/geo/monitoring-plans/96966213-db44-4a43-b92f-0d22a878a65e/resume HTTP/1.1" 200 OK
INFO:     127.0.0.1:49218 - "GET /api/v1/auth/session HTTP/1.1" 200 OK
INFO:     127.0.0.1:49219 - "GET /api/v1/geo/monitoring-plans/96966213-db44-4a43-b92f-0d22a878a65e HTTP/1.1" 200 OK
INFO:     127.0.0.1:49218 - "GET /api/v1/geo/monitoring-plans?q=51516032&page=1&page_size=20&sort=UPDATED_DESC HTTP/1.1" 200 OK
INFO:     127.0.0.1:49218 - "POST /api/v1/geo/monitoring-plans/preview HTTP/1.1" 200 OK
INFO:     127.0.0.1:49217 - "OPTIONS /api/v1/geo/monitoring-plans/96966213-db44-4a43-b92f-0d22a878a65e HTTP/1.1" 200 OK
INFO:     127.0.0.1:49218 - "PATCH /api/v1/geo/monitoring-plans/96966213-db44-4a43-b92f-0d22a878a65e HTTP/1.1" 200 OK
INFO:     127.0.0.1:49218 - "GET /api/v1/geo/monitoring-plans?q=51516032&page=1&page_size=20&sort=UPDATED_DESC HTTP/1.1" 200 OK
INFO:     127.0.0.1:49217 - "OPTIONS /api/v1/geo/monitoring-plans/96966213-db44-4a43-b92f-0d22a878a65e/copy HTTP/1.1" 200 OK
INFO:     127.0.0.1:49218 - "POST /api/v1/geo/monitoring-plans/96966213-db44-4a43-b92f-0d22a878a65e/copy HTTP/1.1" 201 Created
INFO:     127.0.0.1:49218 - "GET /api/v1/geo/monitoring-plans?q=51516032&page=1&page_size=20&sort=UPDATED_DESC HTTP/1.1" 200 OK
INFO:     127.0.0.1:49217 - "OPTIONS /api/v1/geo/monitoring-plans/5673e383-665d-4da7-804a-c049f940a0fa?expected_revision=0 HTTP/1.1" 200 OK
INFO:     127.0.0.1:49218 - "DELETE /api/v1/geo/monitoring-plans/5673e383-665d-4da7-804a-c049f940a0fa?expected_revision=0 HTTP/1.1" 204 No Content
INFO:     127.0.0.1:49218 - "GET /api/v1/geo/monitoring-plans?q=51516032&page=1&page_size=20&sort=UPDATED_DESC HTTP/1.1" 200 OK
INFO:     127.0.0.1:49218 - "GET /api/v1/auth/session HTTP/1.1" 200 OK
INFO:     127.0.0.1:49219 - "GET /api/v1/geo/monitoring-plans/96966213-db44-4a43-b92f-0d22a878a65e HTTP/1.1" 200 OK
INFO:     127.0.0.1:49218 - "GET /api/v1/geo/monitoring-plans?q=51516032&schedule_kind=CRON&page=1&page_size=20&sort=NAME_ASC HTTP/1.1" 200 OK
INFO:     127.0.0.1:49217 - "OPTIONS /api/v1/geo/monitoring-plans/96966213-db44-4a43-b92f-0d22a878a65e/archive HTTP/1.1" 200 OK
INFO:     127.0.0.1:49218 - "POST /api/v1/geo/monitoring-plans/96966213-db44-4a43-b92f-0d22a878a65e/archive HTTP/1.1" 200 OK
INFO:     127.0.0.1:49222 - "GET /api/v1/geo/monitoring-plans/96966213-db44-4a43-b92f-0d22a878a65e HTTP/1.1" 200 OK
INFO:     127.0.0.1:49219 - "GET /api/v1/auth/session HTTP/1.1" 200 OK
INFO:     127.0.0.1:49223 - "GET /api/v1/geo/monitoring-plans/96966213-db44-4a43-b92f-0d22a878a65e HTTP/1.1" 200 OK
INFO:     127.0.0.1:49219 - "GET /api/v1/geo/monitoring-plans?q=51516032&schedule_kind=CRON&page=1&page_size=20&sort=NAME_ASC HTTP/1.1" 200 OK
  ✓  27 [foundation-desktop] › tests/e2e/plans-real-stack.spec.ts:40:1 › 工程师八步创建、服务端预览、dirty、URL、启停修订复制归档与删除持久化 (10.7s)
INFO:     127.0.0.1:49222 - "POST /api/v1/auth/login HTTP/1.1" 200 OK
INFO:     127.0.0.1:49222 - "POST /api/v1/users HTTP/1.1" 201 Created
INFO:     127.0.0.1:49222 - "POST /api/v1/auth/login HTTP/1.1" 200 OK
INFO:     127.0.0.1:49222 - "POST /api/v1/auth/change-password HTTP/1.1" 204 No Content
INFO:     127.0.0.1:49230 - "GET /api/v1/auth/session HTTP/1.1" 200 OK
INFO:     127.0.0.1:49230 - "GET /api/v1/query-topics/list-items?sort=QUESTION_ASC&page=1&page_size=20 HTTP/1.1" 200 OK
INFO:     127.0.0.1:49231 - "OPTIONS /api/v1/query-topics HTTP/1.1" 200 OK
INFO:     127.0.0.1:49230 - "POST /api/v1/query-topics HTTP/1.1" 201 Created
INFO:     127.0.0.1:49232 - "GET /api/v1/auth/session HTTP/1.1" 200 OK
INFO:     127.0.0.1:49232 - "GET /api/v1/geo/prompt-variants?page=1&page_size=20&sort=UPDATED_DESC HTTP/1.1" 200 OK
INFO:     127.0.0.1:49232 - "GET /api/v1/query-topics HTTP/1.1" 200 OK
INFO:     127.0.0.1:49231 - "OPTIONS /api/v1/geo/query-topics/7c662bbb-7002-469a-bde6-5fffb643f717/prompt-variants HTTP/1.1" 200 OK
INFO:     127.0.0.1:49232 - "POST /api/v1/geo/query-topics/7c662bbb-7002-469a-bde6-5fffb643f717/prompt-variants HTTP/1.1" 201 Created
INFO:     127.0.0.1:49232 - "GET /api/v1/geo/prompt-variants?page=1&page_size=20&sort=UPDATED_DESC HTTP/1.1" 200 OK
INFO:     127.0.0.1:49232 - "GET /api/v1/geo/prompt-variants?q=41297860&query_topic_id=7c662bbb-7002-469a-bde6-5fffb643f717&page=1&page_size=20&sort=UPDATED_DESC HTTP/1.1" 200 OK
INFO:     127.0.0.1:49232 - "GET /api/v1/geo/prompt-variants?q=41297860&query_topic_id=7c662bbb-7002-469a-bde6-5fffb643f717&mention_mode=UNBRANDED&page=1&page_size=20&sort=UPDATED_DESC HTTP/1.1" 200 OK
INFO:     127.0.0.1:49232 - "GET /api/v1/geo/prompt-variants?q=41297860&query_topic_id=7c662bbb-7002-469a-bde6-5fffb643f717&mention_mode=UNBRANDED&priority=CORE&page=1&page_size=20&sort=UPDATED_DESC HTTP/1.1" 200 OK
INFO:     127.0.0.1:49233 - "GET /api/v1/auth/session HTTP/1.1" 200 OK
INFO:     127.0.0.1:49233 - "GET /api/v1/geo/prompt-variants?q=41297860&query_topic_id=7c662bbb-7002-469a-bde6-5fffb643f717&mention_mode=UNBRANDED&priority=CORE&is_active=true&page=1&page_size=20&sort=UPDATED_DESC HTTP/1.1" 200 OK
INFO:     127.0.0.1:49234 - "GET /api/v1/query-topics HTTP/1.1" 200 OK
INFO:     127.0.0.1:49234 - "GET /api/v1/geo/prompt-variants/ff40ccac-a2b9-4f8e-8a1c-6032e8a14717 HTTP/1.1" 200 OK
INFO:     127.0.0.1:49231 - "OPTIONS /api/v1/geo/prompt-variants/ff40ccac-a2b9-4f8e-8a1c-6032e8a14717 HTTP/1.1" 200 OK
INFO:     127.0.0.1:49234 - "PATCH /api/v1/geo/prompt-variants/ff40ccac-a2b9-4f8e-8a1c-6032e8a14717 HTTP/1.1" 200 OK
INFO:     127.0.0.1:49234 - "GET /api/v1/geo/prompt-variants?q=41297860&query_topic_id=7c662bbb-7002-469a-bde6-5fffb643f717&mention_mode=UNBRANDED&priority=CORE&is_active=true&page=1&page_size=20&sort=UPDATED_DESC HTTP/1.1" 200 OK
INFO:     127.0.0.1:49231 - "OPTIONS /api/v1/geo/prompt-variants/ff40ccac-a2b9-4f8e-8a1c-6032e8a14717/disable HTTP/1.1" 200 OK
INFO:     127.0.0.1:49234 - "POST /api/v1/geo/prompt-variants/ff40ccac-a2b9-4f8e-8a1c-6032e8a14717/disable HTTP/1.1" 200 OK
INFO:     127.0.0.1:49234 - "GET /api/v1/geo/prompt-variants?q=41297860&query_topic_id=7c662bbb-7002-469a-bde6-5fffb643f717&mention_mode=UNBRANDED&priority=CORE&is_active=true&page=1&page_size=20&sort=UPDATED_DESC HTTP/1.1" 200 OK
INFO:     127.0.0.1:49231 - "OPTIONS /api/v1/geo/prompt-variants/ff40ccac-a2b9-4f8e-8a1c-6032e8a14717/enable HTTP/1.1" 200 OK
INFO:     127.0.0.1:49234 - "POST /api/v1/geo/prompt-variants/ff40ccac-a2b9-4f8e-8a1c-6032e8a14717/enable HTTP/1.1" 200 OK
INFO:     127.0.0.1:49233 - "GET /api/v1/auth/session HTTP/1.1" 200 OK
INFO:     127.0.0.1:49235 - "GET /api/v1/geo/prompt-variants/ff40ccac-a2b9-4f8e-8a1c-6032e8a14717 HTTP/1.1" 200 OK
INFO:     127.0.0.1:49233 - "GET /api/v1/geo/prompt-variants?q=41297860&query_topic_id=7c662bbb-7002-469a-bde6-5fffb643f717&mention_mode=UNBRANDED&priority=CORE&is_active=true&page=1&page_size=20&sort=UPDATED_DESC HTTP/1.1" 200 OK
INFO:     127.0.0.1:49233 - "GET /api/v1/query-topics HTTP/1.1" 200 OK
INFO:     127.0.0.1:49233 - "POST /api/v1/geo/query-topics/7c662bbb-7002-469a-bde6-5fffb643f717/prompt-variants HTTP/1.1" 409 Conflict
INFO:     127.0.0.1:49233 - "POST /api/v1/geo/query-topics/7c662bbb-7002-469a-bde6-5fffb643f717/prompt-variants HTTP/1.1" 201 Created
INFO:     127.0.0.1:49233 - "GET /api/v1/geo/prompt-variants?q=41297860&query_topic_id=7c662bbb-7002-469a-bde6-5fffb643f717&mention_mode=UNBRANDED&priority=CORE&is_active=true&page=1&page_size=20&sort=UPDATED_DESC HTTP/1.1" 200 OK
INFO:     127.0.0.1:49231 - "OPTIONS /api/v1/geo/prompt-variants/d4ab37d3-3d54-4a4f-98f6-c30cfef4691d?expected_revision=0 HTTP/1.1" 200 OK
INFO:     127.0.0.1:49233 - "DELETE /api/v1/geo/prompt-variants/d4ab37d3-3d54-4a4f-98f6-c30cfef4691d?expected_revision=0 HTTP/1.1" 204 No Content
INFO:     127.0.0.1:49233 - "GET /api/v1/geo/prompt-variants?q=41297860&query_topic_id=7c662bbb-7002-469a-bde6-5fffb643f717&mention_mode=UNBRANDED&priority=CORE&is_active=true&page=1&page_size=20&sort=UPDATED_DESC HTTP/1.1" 200 OK
INFO:     127.0.0.1:49233 - "GET /api/v1/auth/session HTTP/1.1" 200 OK
INFO:     127.0.0.1:49235 - "GET /api/v1/geo/prompt-variants/ff40ccac-a2b9-4f8e-8a1c-6032e8a14717 HTTP/1.1" 200 OK
INFO:     127.0.0.1:49233 - "GET /api/v1/geo/prompt-variants?q=41297860&page=1&page_size=20&sort=UPDATED_DESC HTTP/1.1" 200 OK
INFO:     127.0.0.1:49236 - "GET /api/v1/query-topics HTTP/1.1" 200 OK
INFO:     127.0.0.1:49231 - "OPTIONS /api/v1/geo/prompt-variants/ff40ccac-a2b9-4f8e-8a1c-6032e8a14717?expected_revision=3 HTTP/1.1" 200 OK
INFO:     127.0.0.1:49236 - "DELETE /api/v1/geo/prompt-variants/ff40ccac-a2b9-4f8e-8a1c-6032e8a14717?expected_revision=3 HTTP/1.1" 204 No Content
INFO:     127.0.0.1:49236 - "GET /api/v1/geo/prompt-variants?q=41297860&page=1&page_size=20&sort=UPDATED_DESC HTTP/1.1" 200 OK
INFO:     127.0.0.1:49236 - "GET /api/v1/auth/session HTTP/1.1" 200 OK
INFO:     127.0.0.1:49236 - "GET /api/v1/geo/prompt-variants?q=41297860&page=1&page_size=20&sort=UPDATED_DESC HTTP/1.1" 200 OK
INFO:     127.0.0.1:49236 - "GET /api/v1/query-topics HTTP/1.1" 200 OK
INFO:     127.0.0.1:49237 - "GET /api/v1/geo/prompt-variants?query_topic_id=7c662bbb-7002-469a-bde6-5fffb643f717 HTTP/1.1" 200 OK
  ✓  28 [foundation-desktop] › tests/e2e/questions-real-stack.spec.ts:31:1 › 工程师创建、筛选、编辑、启停、复制与删除；刷新持久化，运行入口不可用 (6.0s)
INFO:     127.0.0.1:49237 - "POST /api/v1/auth/login HTTP/1.1" 200 OK
INFO:     127.0.0.1:49237 - "POST /api/v1/products HTTP/1.1" 201 Created
INFO:     127.0.0.1:49237 - "GET /api/v1/products/6438328f-e4e7-480f-bf71-43580bef7cd3/facts HTTP/1.1" 200 OK
INFO:     127.0.0.1:49237 - "PUT /api/v1/products/6438328f-e4e7-480f-bf71-43580bef7cd3/facts HTTP/1.1" 200 OK
INFO:     127.0.0.1:49237 - "POST /api/v1/products/6438328f-e4e7-480f-bf71-43580bef7cd3/fact-review-submissions HTTP/1.1" 201 Created
INFO:     127.0.0.1:49237 - "POST /api/v1/fact-versions/de9c3cfb-5419-4904-b73f-d781d2341af3/approve HTTP/1.1" 200 OK
INFO:     127.0.0.1:49237 - "POST /api/v1/geo/subjects HTTP/1.1" 201 Created
INFO:     127.0.0.1:49237 - "POST /api/v1/geo/engine-surfaces HTTP/1.1" 201 Created
INFO:     127.0.0.1:49237 - "POST /api/v1/geo/engine-surfaces/5e945b84-f95b-491f-9748-371b671b927a/enable HTTP/1.1" 200 OK
INFO:     127.0.0.1:49237 - "POST /api/v1/geo/collection-profiles HTTP/1.1" 201 Created
INFO:     127.0.0.1:49237 - "POST /api/v1/geo/collection-profiles/e1ab53ef-95bb-4ca7-ae0d-9b60c5bc511f/enable HTTP/1.1" 200 OK
INFO:     127.0.0.1:49237 - "POST /api/v1/query-topics HTTP/1.1" 201 Created
INFO:     127.0.0.1:49237 - "POST /api/v1/geo/query-topics/38da1c3f-0d0e-46d0-93ad-0e4f5b50625d/prompt-variants HTTP/1.1" 201 Created
INFO:     127.0.0.1:49237 - "POST /api/v1/geo/monitoring-plans HTTP/1.1" 201 Created
INFO:     127.0.0.1:49237 - "POST /api/v1/geo/monitoring-plans/8d574d44-fc28-4880-afce-ab5e0a27555d/run HTTP/1.1" 201 Created
INFO:     127.0.0.1:49237 - "GET /api/v1/geo/observation-runs?batch_id=52869cce-afab-4999-8d52-7cf5d82ee768 HTTP/1.1" 200 OK
INFO:     127.0.0.1:49237 - "GET /api/v1/geo/observation-runs/85249e89-fb7d-47b6-8168-c32a288a410a/manual-entry HTTP/1.1" 200 OK
INFO:     127.0.0.1:49237 - "POST /api/v1/files/upload-intents HTTP/1.1" 201 Created
INFO:     127.0.0.1:49237 - "PUT /api/v1/files/d8f697a5-4877-422e-8609-8035479f9992/content HTTP/1.1" 204 No Content
INFO:     127.0.0.1:49237 - "POST /api/v1/files/d8f697a5-4877-422e-8609-8035479f9992/complete HTTP/1.1" 200 OK
INFO:     127.0.0.1:49237 - "POST /api/v1/geo/observation-runs/85249e89-fb7d-47b6-8168-c32a288a410a/manual-submit HTTP/1.1" 201 Created
INFO:     127.0.0.1:49237 - "GET /api/v1/geo/observation-runs/85249e89-fb7d-47b6-8168-c32a288a410a HTTP/1.1" 200 OK
INFO:     127.0.0.1:49237 - "GET /api/v1/geo/observation-runs/85249e89-fb7d-47b6-8168-c32a288a410a HTTP/1.1" 200 OK
INFO:     127.0.0.1:49237 - "GET /api/v1/geo/observation-runs/85249e89-fb7d-47b6-8168-c32a288a410a HTTP/1.1" 200 OK
INFO:     127.0.0.1:49237 - "GET /api/v1/geo/observation-runs/85249e89-fb7d-47b6-8168-c32a288a410a HTTP/1.1" 200 OK
INFO:     127.0.0.1:49237 - "GET /api/v1/geo/observation-runs/85249e89-fb7d-47b6-8168-c32a288a410a HTTP/1.1" 200 OK
INFO:     127.0.0.1:49237 - "GET /api/v1/geo/observation-runs/85249e89-fb7d-47b6-8168-c32a288a410a HTTP/1.1" 200 OK
INFO:     127.0.0.1:49237 - "GET /api/v1/geo/observation-runs/85249e89-fb7d-47b6-8168-c32a288a410a HTTP/1.1" 200 OK
INFO:     127.0.0.1:49237 - "GET /api/v1/geo/observation-runs/85249e89-fb7d-47b6-8168-c32a288a410a HTTP/1.1" 200 OK
INFO:     127.0.0.1:49237 - "GET /api/v1/geo/observation-runs/85249e89-fb7d-47b6-8168-c32a288a410a HTTP/1.1" 200 OK
INFO:     127.0.0.1:49237 - "POST /api/v1/geo/observation-runs/85249e89-fb7d-47b6-8168-c32a288a410a/review HTTP/1.1" 201 Created
INFO:     127.0.0.1:49248 - "GET /api/v1/auth/session HTTP/1.1" 200 OK
INFO:     127.0.0.1:49248 - "GET /api/v1/geo/insights?date_from=2026-10-05T06%3A34%3A44.768Z&date_to=2026-10-05T06%3A36%3A44.768Z&subject_ids=2dc12be6-e068-45a6-aa10-e6be5fdf5810&product_ids=6438328f-e4e7-480f-bf71-43580bef7cd3&query_topic_ids=38da1c3f-0d0e-46d0-93ad-0e4f5b50625d&prompt_variant_ids=a0aa80b9-405d-4f32-ad18-9e8190d8ad21&engine_surface_ids=5e945b84-f95b-491f-9748-371b671b927a&collection_profile_ids=e1ab53ef-95bb-4ca7-ae0d-9b60c5bc511f&collection_modes=MANUAL&login_states=ANONYMOUS&intent_types=PRODUCT&language_codes=zh-cn&region_codes=CN&mention_mode=BRANDED&review_policy=REVIEWED_ONLY HTTP/1.1" 200 OK
INFO:     127.0.0.1:49248 - "GET /api/v1/geo/reports/preview?date_from=2026-10-05T06%3A34%3A44.768Z&date_to=2026-10-05T06%3A36%3A44.768Z&subject_ids=2dc12be6-e068-45a6-aa10-e6be5fdf5810&product_ids=6438328f-e4e7-480f-bf71-43580bef7cd3&query_topic_ids=38da1c3f-0d0e-46d0-93ad-0e4f5b50625d&prompt_variant_ids=a0aa80b9-405d-4f32-ad18-9e8190d8ad21&engine_surface_ids=5e945b84-f95b-491f-9748-371b671b927a&collection_profile_ids=e1ab53ef-95bb-4ca7-ae0d-9b60c5bc511f&collection_modes=MANUAL&login_states=ANONYMOUS&intent_types=PRODUCT&language_codes=zh-cn&region_codes=CN&mention_mode=BRANDED&review_policy=REVIEWED_ONLY HTTP/1.1" 200 OK
INFO:     127.0.0.1:49248 - "GET /api/v1/geo/reports/runs.csv?date_from=2026-10-05T06%3A34%3A44.768Z&date_to=2026-10-05T06%3A36%3A44.768Z&subject_ids=2dc12be6-e068-45a6-aa10-e6be5fdf5810&product_ids=6438328f-e4e7-480f-bf71-43580bef7cd3&query_topic_ids=38da1c3f-0d0e-46d0-93ad-0e4f5b50625d&prompt_variant_ids=a0aa80b9-405d-4f32-ad18-9e8190d8ad21&engine_surface_ids=5e945b84-f95b-491f-9748-371b671b927a&collection_profile_ids=e1ab53ef-95bb-4ca7-ae0d-9b60c5bc511f&collection_modes=MANUAL&login_states=ANONYMOUS&intent_types=PRODUCT&language_codes=zh-cn&region_codes=CN&mention_mode=BRANDED&review_policy=REVIEWED_ONLY HTTP/1.1" 200 OK
INFO:     127.0.0.1:49248 - "GET /api/v1/geo/reports/citations.csv?date_from=2026-10-05T06%3A34%3A44.768Z&date_to=2026-10-05T06%3A36%3A44.768Z&subject_ids=2dc12be6-e068-45a6-aa10-e6be5fdf5810&product_ids=6438328f-e4e7-480f-bf71-43580bef7cd3&query_topic_ids=38da1c3f-0d0e-46d0-93ad-0e4f5b50625d&prompt_variant_ids=a0aa80b9-405d-4f32-ad18-9e8190d8ad21&engine_surface_ids=5e945b84-f95b-491f-9748-371b671b927a&collection_profile_ids=e1ab53ef-95bb-4ca7-ae0d-9b60c5bc511f&collection_modes=MANUAL&login_states=ANONYMOUS&intent_types=PRODUCT&language_codes=zh-cn&region_codes=CN&mention_mode=BRANDED&review_policy=REVIEWED_ONLY HTTP/1.1" 200 OK
INFO:     127.0.0.1:49248 - "GET /api/v1/geo/reports/claims.csv?date_from=2026-10-05T06%3A34%3A44.768Z&date_to=2026-10-05T06%3A36%3A44.768Z&subject_ids=2dc12be6-e068-45a6-aa10-e6be5fdf5810&product_ids=6438328f-e4e7-480f-bf71-43580bef7cd3&query_topic_ids=38da1c3f-0d0e-46d0-93ad-0e4f5b50625d&prompt_variant_ids=a0aa80b9-405d-4f32-ad18-9e8190d8ad21&engine_surface_ids=5e945b84-f95b-491f-9748-371b671b927a&collection_profile_ids=e1ab53ef-95bb-4ca7-ae0d-9b60c5bc511f&collection_modes=MANUAL&login_states=ANONYMOUS&intent_types=PRODUCT&language_codes=zh-cn&region_codes=CN&mention_mode=BRANDED&review_policy=REVIEWED_ONLY HTTP/1.1" 200 OK
INFO:     127.0.0.1:49248 - "GET /api/v1/geo/reports/print?date_from=2026-10-05T06%3A34%3A44.768Z&date_to=2026-10-05T06%3A36%3A44.768Z&subject_ids=2dc12be6-e068-45a6-aa10-e6be5fdf5810&product_ids=6438328f-e4e7-480f-bf71-43580bef7cd3&query_topic_ids=38da1c3f-0d0e-46d0-93ad-0e4f5b50625d&prompt_variant_ids=a0aa80b9-405d-4f32-ad18-9e8190d8ad21&engine_surface_ids=5e945b84-f95b-491f-9748-371b671b927a&collection_profile_ids=e1ab53ef-95bb-4ca7-ae0d-9b60c5bc511f&collection_modes=MANUAL&login_states=ANONYMOUS&intent_types=PRODUCT&language_codes=zh-cn&region_codes=CN&mention_mode=BRANDED&review_policy=REVIEWED_ONLY HTTP/1.1" 200 OK
INFO:     127.0.0.1:49237 - "GET /api/v1/audit-logs?business_module=GEO_OBSERVATION&page_size=50 HTTP/1.1" 200 OK
INFO:     127.0.0.1:49248 - "GET /api/v1/geo/reports/preview?date_from=2026-10-05T06%3A34%3A44.768Z&date_to=2026-10-05T06%3A36%3A44.768Z&subject_ids=23054e53-7793-4deb-8855-4ef0d73ac7a1&product_ids=6438328f-e4e7-480f-bf71-43580bef7cd3&query_topic_ids=38da1c3f-0d0e-46d0-93ad-0e4f5b50625d&prompt_variant_ids=a0aa80b9-405d-4f32-ad18-9e8190d8ad21&engine_surface_ids=5e945b84-f95b-491f-9748-371b671b927a&collection_profile_ids=e1ab53ef-95bb-4ca7-ae0d-9b60c5bc511f&collection_modes=MANUAL&login_states=ANONYMOUS&intent_types=PRODUCT&language_codes=zh-cn&region_codes=CN&mention_mode=BRANDED&review_policy=REVIEWED_ONLY HTTP/1.1" 200 OK
INFO:     127.0.0.1:49237 - "GET /api/v1/geo/reports/runs.csv?date_from=2026-10-05T06%3A34%3A44.768Z&date_to=2026-10-05T06%3A36%3A44.768Z&subject_ids=0c62b011-8345-47ff-81f7-3a250787bdc3 HTTP/1.1" 409 Conflict
INFO:     127.0.0.1:49237 - "GET /api/v1/geo/reports/opportunities.csv?date_from=2026-10-05T06%3A34%3A44.768Z&date_to=2026-10-05T06%3A36%3A44.768Z&subject_ids=0c62b011-8345-47ff-81f7-3a250787bdc3 HTTP/1.1" 501 Not Implemented
  ✓  29 [foundation-desktop] › tests/e2e/reports-real-stack.spec.ts:16:1 › 完整筛选报告、打印样式、三类原生CSV、审计与空数据 (6.7s)
INFO:     127.0.0.1:49237 - "POST /api/v1/auth/login HTTP/1.1" 200 OK
INFO:     127.0.0.1:49237 - "POST /api/v1/geo/subjects HTTP/1.1" 201 Created
INFO:     127.0.0.1:49237 - "POST /api/v1/geo/engine-surfaces HTTP/1.1" 201 Created
INFO:     127.0.0.1:49237 - "POST /api/v1/geo/engine-surfaces/29f402fb-9d28-4141-a877-3506a67eee27/enable HTTP/1.1" 200 OK
INFO:     127.0.0.1:49237 - "POST /api/v1/geo/collection-profiles HTTP/1.1" 201 Created
INFO:     127.0.0.1:49237 - "POST /api/v1/geo/collection-profiles/92f694c0-32ca-419e-93f4-0039cb0086f0/enable HTTP/1.1" 200 OK
INFO:     127.0.0.1:49237 - "POST /api/v1/query-topics HTTP/1.1" 201 Created
INFO:     127.0.0.1:49237 - "POST /api/v1/geo/query-topics/5e03a348-6d33-41e6-b045-8da199a32081/prompt-variants HTTP/1.1" 201 Created
INFO:     127.0.0.1:49237 - "POST /api/v1/geo/monitoring-plans HTTP/1.1" 201 Created
INFO:     127.0.0.1:49256 - "GET /api/v1/auth/session HTTP/1.1" 200 OK
INFO:     127.0.0.1:49256 - "GET /api/v1/geo/observation-batches?sort=CREATED_DESC&page=1&page_size=20 HTTP/1.1" 200 OK
INFO:     127.0.0.1:49256 - "GET /api/v1/geo/monitoring-plans?page=1&page_size=20&sort=UPDATED_DESC HTTP/1.1" 200 OK
INFO:     127.0.0.1:49256 - "GET /api/v1/geo/monitoring-plans?q=75793802&page=1&page_size=20&sort=UPDATED_DESC HTTP/1.1" 200 OK
INFO:     127.0.0.1:49257 - "OPTIONS /api/v1/geo/monitoring-plans/402cb04b-b4d3-40a1-87d7-5b0d6a9312ab/run HTTP/1.1" 200 OK
INFO:     127.0.0.1:49256 - "POST /api/v1/geo/monitoring-plans/402cb04b-b4d3-40a1-87d7-5b0d6a9312ab/run HTTP/1.1" 201 Created
INFO:     127.0.0.1:49256 - "GET /api/v1/geo/observation-batches?sort=CREATED_DESC&page=1&page_size=20 HTTP/1.1" 200 OK
INFO:     127.0.0.1:49258 - "GET /api/v1/geo/observation-runs?sort=CREATED_DESC&page=1&page_size=20&batch_id=484e7dd2-7caa-49cd-bc84-aa597c1d7274&latest_only=true HTTP/1.1" 200 OK
INFO:     127.0.0.1:49259 - "GET /api/v1/geo/observation-batches/484e7dd2-7caa-49cd-bc84-aa597c1d7274 HTTP/1.1" 200 OK
INFO:     127.0.0.1:49259 - "GET /api/v1/geo/observation-runs?q=75793802&sort=CREATED_DESC&page=1&page_size=20&batch_id=484e7dd2-7caa-49cd-bc84-aa597c1d7274&latest_only=true HTTP/1.1" 200 OK
INFO:     127.0.0.1:49258 - "GET /api/v1/auth/session HTTP/1.1" 200 OK
INFO:     127.0.0.1:49258 - "GET /api/v1/geo/observation-runs?q=75793802&sort=CREATED_DESC&page=1&page_size=20&batch_id=484e7dd2-7caa-49cd-bc84-aa597c1d7274&collection_mode=MANUAL&latest_only=true HTTP/1.1" 200 OK
INFO:     127.0.0.1:49258 - "GET /api/v1/geo/observation-batches/484e7dd2-7caa-49cd-bc84-aa597c1d7274 HTTP/1.1" 200 OK
INFO:     127.0.0.1:49237 - "GET /api/v1/geo/observation-runs?batch_id=484e7dd2-7caa-49cd-bc84-aa597c1d7274 HTTP/1.1" 200 OK
INFO:     127.0.0.1:49258 - "GET /api/v1/geo/observation-runs/f6023f44-308c-42ec-ac3e-d35ad93c8fb6/manual-entry HTTP/1.1" 200 OK
INFO:     127.0.0.1:49257 - "OPTIONS /api/v1/geo/observation-runs/f6023f44-308c-42ec-ac3e-d35ad93c8fb6/manual-draft HTTP/1.1" 200 OK
INFO:     127.0.0.1:49258 - "PUT /api/v1/geo/observation-runs/f6023f44-308c-42ec-ac3e-d35ad93c8fb6/manual-draft HTTP/1.1" 200 OK
INFO:     127.0.0.1:49258 - "GET /api/v1/auth/session HTTP/1.1" 200 OK
INFO:     127.0.0.1:49258 - "GET /api/v1/geo/observation-runs?q=75793802&sort=CREATED_DESC&page=1&page_size=20&batch_id=484e7dd2-7caa-49cd-bc84-aa597c1d7274&collection_mode=MANUAL&latest_only=true HTTP/1.1" 200 OK
INFO:     127.0.0.1:49256 - "GET /api/v1/geo/observation-runs/f6023f44-308c-42ec-ac3e-d35ad93c8fb6/manual-entry HTTP/1.1" 200 OK
INFO:     127.0.0.1:49260 - "GET /api/v1/geo/observation-batches/484e7dd2-7caa-49cd-bc84-aa597c1d7274 HTTP/1.1" 200 OK
INFO:     127.0.0.1:49257 - "OPTIONS /api/v1/files/upload-intents HTTP/1.1" 200 OK
INFO:     127.0.0.1:49260 - "POST /api/v1/files/upload-intents HTTP/1.1" 201 Created
INFO:     127.0.0.1:49257 - "OPTIONS /api/v1/files/7e020998-62c0-42e6-9ea4-321270f19e1c/content HTTP/1.1" 200 OK
INFO:     127.0.0.1:49260 - "PUT /api/v1/files/7e020998-62c0-42e6-9ea4-321270f19e1c/content HTTP/1.1" 204 No Content
INFO:     127.0.0.1:49257 - "OPTIONS /api/v1/files/7e020998-62c0-42e6-9ea4-321270f19e1c/complete HTTP/1.1" 200 OK
INFO:     127.0.0.1:49260 - "POST /api/v1/files/7e020998-62c0-42e6-9ea4-321270f19e1c/complete HTTP/1.1" 200 OK
INFO:     127.0.0.1:49260 - "PUT /api/v1/geo/observation-runs/f6023f44-308c-42ec-ac3e-d35ad93c8fb6/manual-draft HTTP/1.1" 200 OK
INFO:     127.0.0.1:49260 - "GET /api/v1/auth/session HTTP/1.1" 200 OK
INFO:     127.0.0.1:49260 - "GET /api/v1/geo/observation-runs?q=75793802&sort=CREATED_DESC&page=1&page_size=20&batch_id=484e7dd2-7caa-49cd-bc84-aa597c1d7274&collection_mode=MANUAL&latest_only=true HTTP/1.1" 200 OK
INFO:     127.0.0.1:49256 - "GET /api/v1/geo/observation-runs/f6023f44-308c-42ec-ac3e-d35ad93c8fb6/manual-entry HTTP/1.1" 200 OK
INFO:     127.0.0.1:49258 - "GET /api/v1/geo/observation-batches/484e7dd2-7caa-49cd-bc84-aa597c1d7274 HTTP/1.1" 200 OK
INFO:     127.0.0.1:49257 - "OPTIONS /api/v1/geo/observation-runs/f6023f44-308c-42ec-ac3e-d35ad93c8fb6/manual-submit HTTP/1.1" 200 OK
INFO:     127.0.0.1:49258 - "POST /api/v1/geo/observation-runs/f6023f44-308c-42ec-ac3e-d35ad93c8fb6/manual-submit HTTP/1.1" 201 Created
INFO:     127.0.0.1:49256 - "GET /api/v1/geo/observation-batches/484e7dd2-7caa-49cd-bc84-aa597c1d7274 HTTP/1.1" 200 OK
INFO:     127.0.0.1:49258 - "GET /api/v1/geo/observation-runs?q=75793802&sort=CREATED_DESC&page=1&page_size=20&batch_id=484e7dd2-7caa-49cd-bc84-aa597c1d7274&collection_mode=MANUAL&latest_only=true HTTP/1.1" 200 OK
INFO:     127.0.0.1:49260 - "GET /api/v1/geo/observation-runs/f6023f44-308c-42ec-ac3e-d35ad93c8fb6 HTTP/1.1" 200 OK
INFO:     127.0.0.1:49260 - "GET /api/v1/geo/observation-runs/4c744008-a2e9-472b-8ab7-3b341d7b95c2/manual-entry HTTP/1.1" 200 OK
INFO:     127.0.0.1:49260 - "POST /api/v1/files/upload-intents HTTP/1.1" 201 Created
INFO:     127.0.0.1:49257 - "OPTIONS /api/v1/files/cbf40fbd-10c5-421b-8738-8c592e881c09/content HTTP/1.1" 200 OK
INFO:     127.0.0.1:49260 - "PUT /api/v1/files/cbf40fbd-10c5-421b-8738-8c592e881c09/content HTTP/1.1" 204 No Content
INFO:     127.0.0.1:49257 - "OPTIONS /api/v1/files/cbf40fbd-10c5-421b-8738-8c592e881c09/complete HTTP/1.1" 200 OK
INFO:     127.0.0.1:49260 - "POST /api/v1/files/cbf40fbd-10c5-421b-8738-8c592e881c09/complete HTTP/1.1" 200 OK
INFO:     127.0.0.1:49257 - "OPTIONS /api/v1/geo/observation-runs/4c744008-a2e9-472b-8ab7-3b341d7b95c2/manual-draft HTTP/1.1" 200 OK
INFO:     127.0.0.1:49260 - "PUT /api/v1/geo/observation-runs/4c744008-a2e9-472b-8ab7-3b341d7b95c2/manual-draft HTTP/1.1" 200 OK
INFO:     127.0.0.1:49257 - "OPTIONS /api/v1/geo/observation-runs/4c744008-a2e9-472b-8ab7-3b341d7b95c2/manual-submit HTTP/1.1" 200 OK
INFO:     127.0.0.1:49260 - "POST /api/v1/geo/observation-runs/4c744008-a2e9-472b-8ab7-3b341d7b95c2/manual-submit HTTP/1.1" 201 Created
INFO:     127.0.0.1:49260 - "GET /api/v1/geo/observation-runs?q=75793802&sort=CREATED_DESC&page=1&page_size=20&batch_id=484e7dd2-7caa-49cd-bc84-aa597c1d7274&collection_mode=MANUAL&latest_only=true HTTP/1.1" 200 OK
INFO:     127.0.0.1:49258 - "GET /api/v1/geo/observation-batches/484e7dd2-7caa-49cd-bc84-aa597c1d7274 HTTP/1.1" 200 OK
INFO:     127.0.0.1:49256 - "GET /api/v1/geo/observation-runs/4c744008-a2e9-472b-8ab7-3b341d7b95c2 HTTP/1.1" 200 OK
INFO:     127.0.0.1:49256 - "GET /api/v1/geo/observation-runs/25e91a52-bf76-403c-b8fc-80ccbcec740b/manual-entry HTTP/1.1" 200 OK
INFO:     127.0.0.1:49256 - "POST /api/v1/files/upload-intents HTTP/1.1" 201 Created
INFO:     127.0.0.1:49257 - "OPTIONS /api/v1/files/a4efaf02-d4b7-4422-a36e-7b90f02c9cfc/content HTTP/1.1" 200 OK
INFO:     127.0.0.1:49256 - "PUT /api/v1/files/a4efaf02-d4b7-4422-a36e-7b90f02c9cfc/content HTTP/1.1" 204 No Content
INFO:     127.0.0.1:49257 - "OPTIONS /api/v1/files/a4efaf02-d4b7-4422-a36e-7b90f02c9cfc/complete HTTP/1.1" 200 OK
INFO:     127.0.0.1:49256 - "POST /api/v1/files/a4efaf02-d4b7-4422-a36e-7b90f02c9cfc/complete HTTP/1.1" 200 OK
INFO:     127.0.0.1:49257 - "OPTIONS /api/v1/geo/observation-runs/25e91a52-bf76-403c-b8fc-80ccbcec740b/manual-draft HTTP/1.1" 200 OK
INFO:     127.0.0.1:49256 - "PUT /api/v1/geo/observation-runs/25e91a52-bf76-403c-b8fc-80ccbcec740b/manual-draft HTTP/1.1" 200 OK
INFO:     127.0.0.1:49257 - "OPTIONS /api/v1/geo/observation-runs/25e91a52-bf76-403c-b8fc-80ccbcec740b/manual-submit HTTP/1.1" 200 OK
INFO:     127.0.0.1:49256 - "POST /api/v1/geo/observation-runs/25e91a52-bf76-403c-b8fc-80ccbcec740b/manual-submit HTTP/1.1" 201 Created
INFO:     127.0.0.1:49258 - "GET /api/v1/geo/observation-batches/484e7dd2-7caa-49cd-bc84-aa597c1d7274 HTTP/1.1" 200 OK
INFO:     127.0.0.1:49256 - "GET /api/v1/geo/observation-runs?q=75793802&sort=CREATED_DESC&page=1&page_size=20&batch_id=484e7dd2-7caa-49cd-bc84-aa597c1d7274&collection_mode=MANUAL&latest_only=true HTTP/1.1" 200 OK
INFO:     127.0.0.1:49260 - "GET /api/v1/geo/observation-runs/25e91a52-bf76-403c-b8fc-80ccbcec740b HTTP/1.1" 200 OK
INFO:     127.0.0.1:49237 - "GET /api/v1/geo/observation-batches/484e7dd2-7caa-49cd-bc84-aa597c1d7274 HTTP/1.1" 200 OK
INFO:     127.0.0.1:49237 - "GET /api/v1/geo/observation-batches/484e7dd2-7caa-49cd-bc84-aa597c1d7274 HTTP/1.1" 200 OK
INFO:     127.0.0.1:49237 - "GET /api/v1/geo/observation-batches/484e7dd2-7caa-49cd-bc84-aa597c1d7274 HTTP/1.1" 200 OK
INFO:     127.0.0.1:49237 - "GET /api/v1/geo/observation-batches/484e7dd2-7caa-49cd-bc84-aa597c1d7274 HTTP/1.1" 200 OK
INFO:     127.0.0.1:49237 - "GET /api/v1/geo/observation-batches/484e7dd2-7caa-49cd-bc84-aa597c1d7274 HTTP/1.1" 200 OK
INFO:     127.0.0.1:49237 - "GET /api/v1/geo/observation-batches/484e7dd2-7caa-49cd-bc84-aa597c1d7274 HTTP/1.1" 200 OK
INFO:     127.0.0.1:49237 - "GET /api/v1/geo/observation-batches/484e7dd2-7caa-49cd-bc84-aa597c1d7274 HTTP/1.1" 200 OK
INFO:     127.0.0.1:49237 - "GET /api/v1/geo/observation-batches/484e7dd2-7caa-49cd-bc84-aa597c1d7274 HTTP/1.1" 200 OK
  ✓  30 [foundation-desktop] › tests/e2e/runs-real-stack.spec.ts:31:1 › 人工批次三次采样、URL、dirty、草稿刷新、截图、引用与不可变详情 (9.1s)
INFO:     127.0.0.1:49237 - "POST /api/v1/auth/login HTTP/1.1" 200 OK
INFO:     127.0.0.1:49282 - "GET /api/v1/auth/session HTTP/1.1" 200 OK
INFO:     127.0.0.1:49282 - "GET /api/v1/geo/engine-surfaces?page=1&page_size=20&sort=NAME_ASC HTTP/1.1" 200 OK
INFO:     127.0.0.1:49283 - "OPTIONS /api/v1/geo/engine-surfaces HTTP/1.1" 200 OK
INFO:     127.0.0.1:49282 - "POST /api/v1/geo/engine-surfaces HTTP/1.1" 201 Created
INFO:     127.0.0.1:49282 - "GET /api/v1/geo/engine-surfaces?page=1&page_size=20&sort=NAME_ASC HTTP/1.1" 200 OK
INFO:     127.0.0.1:49282 - "GET /api/v1/geo/engine-surfaces/5c669f47-f208-4834-8854-0259b48ef392 HTTP/1.1" 200 OK
INFO:     127.0.0.1:49283 - "OPTIONS /api/v1/geo/engine-surfaces/5c669f47-f208-4834-8854-0259b48ef392/enable HTTP/1.1" 200 OK
INFO:     127.0.0.1:49282 - "POST /api/v1/geo/engine-surfaces/5c669f47-f208-4834-8854-0259b48ef392/enable HTTP/1.1" 200 OK
INFO:     127.0.0.1:49282 - "GET /api/v1/geo/engine-surfaces?page=1&page_size=20&sort=NAME_ASC HTTP/1.1" 200 OK
INFO:     127.0.0.1:49282 - "GET /api/v1/geo/collection-profiles?page=1&page_size=20&sort=NAME_ASC&engine_surface_id=5c669f47-f208-4834-8854-0259b48ef392 HTTP/1.1" 200 OK
INFO:     127.0.0.1:49283 - "OPTIONS /api/v1/geo/collection-profiles HTTP/1.1" 200 OK
INFO:     127.0.0.1:49282 - "POST /api/v1/geo/collection-profiles HTTP/1.1" 201 Created
INFO:     127.0.0.1:49282 - "GET /api/v1/geo/collection-profiles?page=1&page_size=20&sort=NAME_ASC&engine_surface_id=5c669f47-f208-4834-8854-0259b48ef392 HTTP/1.1" 200 OK
INFO:     127.0.0.1:49284 - "GET /api/v1/geo/collection-profiles/603710a6-ad33-4aba-a3f4-dff5c8a2183b HTTP/1.1" 200 OK
INFO:     127.0.0.1:49283 - "OPTIONS /api/v1/geo/collection-profiles/603710a6-ad33-4aba-a3f4-dff5c8a2183b/enable HTTP/1.1" 200 OK
INFO:     127.0.0.1:49284 - "POST /api/v1/geo/collection-profiles/603710a6-ad33-4aba-a3f4-dff5c8a2183b/enable HTTP/1.1" 200 OK
INFO:     127.0.0.1:49284 - "GET /api/v1/geo/collection-profiles?page=1&page_size=20&sort=NAME_ASC&engine_surface_id=5c669f47-f208-4834-8854-0259b48ef392 HTTP/1.1" 200 OK
INFO:     127.0.0.1:49284 - "GET /api/v1/geo/collection-profiles/603710a6-ad33-4aba-a3f4-dff5c8a2183b HTTP/1.1" 200 OK
INFO:     127.0.0.1:49283 - "OPTIONS /api/v1/geo/collection-profiles/603710a6-ad33-4aba-a3f4-dff5c8a2183b HTTP/1.1" 200 OK
INFO:     127.0.0.1:49284 - "PATCH /api/v1/geo/collection-profiles/603710a6-ad33-4aba-a3f4-dff5c8a2183b HTTP/1.1" 200 OK
INFO:     127.0.0.1:49284 - "GET /api/v1/geo/collection-profiles?page=1&page_size=20&sort=NAME_ASC&engine_surface_id=5c669f47-f208-4834-8854-0259b48ef392 HTTP/1.1" 200 OK
INFO:     127.0.0.1:49282 - "GET /api/v1/auth/session HTTP/1.1" 200 OK
INFO:     127.0.0.1:49282 - "GET /api/v1/geo/collection-profiles/603710a6-ad33-4aba-a3f4-dff5c8a2183b HTTP/1.1" 200 OK
INFO:     127.0.0.1:49285 - "GET /api/v1/geo/collection-profiles?page=1&page_size=20&sort=NAME_ASC&engine_surface_id=5c669f47-f208-4834-8854-0259b48ef392 HTTP/1.1" 200 OK
INFO:     127.0.0.1:49237 - "GET /api/v1/geo/collection-profiles/603710a6-ad33-4aba-a3f4-dff5c8a2183b HTTP/1.1" 200 OK
INFO:     127.0.0.1:49237 - "POST /api/v1/users HTTP/1.1" 201 Created
INFO:     127.0.0.1:49237 - "POST /api/v1/auth/login HTTP/1.1" 200 OK
INFO:     127.0.0.1:49237 - "POST /api/v1/auth/change-password HTTP/1.1" 204 No Content
INFO:     127.0.0.1:49292 - "GET /api/v1/auth/session HTTP/1.1" 200 OK
INFO:     127.0.0.1:49293 - "GET /api/v1/geo/collection-profiles/603710a6-ad33-4aba-a3f4-dff5c8a2183b HTTP/1.1" 200 OK
INFO:     127.0.0.1:49292 - "GET /api/v1/geo/collection-profiles?page=1&page_size=20&sort=NAME_ASC HTTP/1.1" 200 OK
INFO:     127.0.0.1:49237 - "GET /api/v1/geo/collection-profiles/603710a6-ad33-4aba-a3f4-dff5c8a2183b HTTP/1.1" 200 OK
INFO:     127.0.0.1:49285 - "GET /api/v1/auth/session HTTP/1.1" 200 OK
INFO:     127.0.0.1:49282 - "GET /api/v1/geo/engine-surfaces/5c669f47-f208-4834-8854-0259b48ef392 HTTP/1.1" 200 OK
INFO:     127.0.0.1:49285 - "GET /api/v1/geo/engine-surfaces?page=1&page_size=20&sort=NAME_ASC HTTP/1.1" 200 OK
INFO:     127.0.0.1:49285 - "GET /api/v1/auth/session HTTP/1.1" 200 OK
INFO:     127.0.0.1:49282 - "GET /api/v1/geo/collection-profiles/603710a6-ad33-4aba-a3f4-dff5c8a2183b HTTP/1.1" 200 OK
INFO:     127.0.0.1:49285 - "GET /api/v1/geo/collection-profiles?page=1&page_size=20&sort=NAME_ASC HTTP/1.1" 200 OK
INFO:     127.0.0.1:49283 - "OPTIONS /api/v1/geo/collection-profiles/603710a6-ad33-4aba-a3f4-dff5c8a2183b?expected_revision=2 HTTP/1.1" 200 OK
INFO:     127.0.0.1:49285 - "DELETE /api/v1/geo/collection-profiles/603710a6-ad33-4aba-a3f4-dff5c8a2183b?expected_revision=2 HTTP/1.1" 204 No Content
INFO:     127.0.0.1:49285 - "GET /api/v1/geo/collection-profiles?page=1&page_size=20&sort=NAME_ASC HTTP/1.1" 200 OK
INFO:     127.0.0.1:49285 - "GET /api/v1/geo/engine-surfaces?page=1&page_size=20&sort=NAME_ASC HTTP/1.1" 200 OK
INFO:     127.0.0.1:49285 - "GET /api/v1/geo/engine-surfaces/5c669f47-f208-4834-8854-0259b48ef392 HTTP/1.1" 200 OK
INFO:     127.0.0.1:49283 - "OPTIONS /api/v1/geo/engine-surfaces/5c669f47-f208-4834-8854-0259b48ef392?expected_revision=1 HTTP/1.1" 200 OK
INFO:     127.0.0.1:49285 - "DELETE /api/v1/geo/engine-surfaces/5c669f47-f208-4834-8854-0259b48ef392?expected_revision=1 HTTP/1.1" 204 No Content
  ✓  31 [foundation-desktop] › tests/e2e/surfaces-real-stack.spec.ts:33:1 › 管理员创建、启停和编辑后持久化，工程师仅看摘要，删除尊重真实子配置 (4.0s)

  31 passed (4.0m)
E2E_SECRET_SCAN status=clean
E2E_RESULT playwright=0 secret_scan=0
INFO:     Shutting down
INFO:     Waiting for application shutdown.
INFO:     Application shutdown complete.
INFO:     Finished server process [90972]

worker: Warm shutdown (MainProcess)
INFO:     Shutting down
INFO:     Waiting for application shutdown.
INFO:     Application shutdown complete.
INFO:     Finished server process [90971]
INFO:     Shutting down
INFO:     Waiting for application shutdown.
INFO:     Application shutdown complete.
INFO:     Finished server process [90970]
E2E_CLEANUP redis_db=14 keys=1 status=deleted
E2E_CLEANUP ports=8000,9001,4174,19009 status=released
E2E_CLEANUP database=partsignal_e2e_20261004_62f26f5768d4a72dedb79a75f86997e9 status=dropped
E2E_CLEANUP storage=/var/folders/m5/j06tv2sn1hn93d6f33j559jm0000gn/T//partsignal-e2e-storage.fI82u2 status=removed
PARTSIGNAL_E2E_SPEC= deploy/scripts/e2e-geo.sh
E2E_GEO phase=enabled status=begin
E2E_SECRET_REGISTRATION status=ready
INFO  [alembic.runtime.migration] Context impl PostgresqlImpl.
INFO  [alembic.runtime.migration] Will assume transactional DDL.
INFO  [alembic.runtime.migration] Running upgrade  -> 0001_identity_audit, 创建身份、会话和审计表。
INFO  [alembic.runtime.migration] Running upgrade 0001_identity_audit -> 0002_product_facts, 创建规范化产品事实和不可变事实版本。
INFO  [alembic.runtime.migration] Running upgrade 0002_product_facts -> 0003_content_planning, 创建目标问题、平台规则版本和内容任务。
INFO  [alembic.runtime.migration] Running upgrade 0003_content_planning -> 0004_content_production, 创建 PostgreSQL 权威生成作业和不可变 Markdown 内容版本。
INFO  [alembic.runtime.migration] Running upgrade 0004_content_production -> 0005_content_review, 创建追加式内容审核记录。
INFO  [alembic.runtime.migration] Running upgrade 0005_content_review -> 0006_publication, 创建平台账号、人工发布记录和状态事件。
INFO  [alembic.runtime.migration] Running upgrade 0006_publication -> 0007_geo_observation, 创建追加式 GEO 观测及引用关联。
INFO  [alembic.runtime.migration] Running upgrade 0007_geo_observation -> 0008_files, 创建文件生命周期、附件关联并补加证据文件外键。
INFO  [alembic.runtime.migration] Running upgrade 0008_files -> 0009_config_center, 迁移账号类型、配置中心与真实 AI 生成字段。
INFO  [alembic.runtime.migration] Running upgrade 0009_config_center -> 0010_user_cleanup, 清理旧版职责账号并强制既有内容工程师改密。
INFO  [alembic.runtime.migration] Running upgrade 0010_user_cleanup -> 0011_generation_reliability, 增加生成作业补投递诊断字段与到期扫描索引。
INFO  [alembic.runtime.migration] Running upgrade 0011_generation_reliability -> 0012_ai_data_classification, 为生成输入增加显式数据分级与责任人记录。
INFO  [alembic.runtime.migration] Running upgrade 0012_ai_data_classification -> 0013_publication_closure, 增加发布异常待办、修复任务来源和发布平台一致性门禁。
INFO  [alembic.runtime.migration] Running upgrade 0013_publication_closure -> 0014_platform_prompt_ownership, 将当前 Prompt 所有权从平台类型迁移到具体平台。
INFO  [alembic.runtime.migration] Running upgrade 0014_platform_prompt_ownership -> 0015_platform_rule_draft_editing, 允许按修订号编辑平台规则草稿，并继续冻结已激活或退役正文。
INFO  [alembic.runtime.migration] Running upgrade 0015_platform_rule_draft_editing -> 0016_fact_review_cleanup, 允许受约束删除事实版本时清理其从属审核记录。
INFO  [alembic.runtime.migration] Running upgrade 0016_fact_review_cleanup -> 0017_content_humanization, 增加全局自然化 Prompt，并让现有 AI 作业承载自然化修订。
INFO  [alembic.runtime.migration] Running upgrade 0017_content_humanization -> 0018_manual_geo_observation, 增加产品级人工 GEO 观测，并保留旧模型观测历史。
INFO  [alembic.runtime.migration] Running upgrade 0018_manual_geo_observation -> 0019_product_driven_tasks, 允许新内容任务直接围绕产品创建，同时保留历史目标问题关联。
INFO  [alembic.runtime.migration] Running upgrade 0019_product_driven_tasks -> 0020_platform_branding_task_list, 为具体平台增加官网与单一来源 Logo。
INFO  [alembic.runtime.migration] Running upgrade 0020_platform_branding_task_list -> 0021_ai_channel_model_management, 补齐 AI 渠道身份字段与使用统计索引。
INFO  [alembic.runtime.migration] Running upgrade 0021_ai_channel_model_management -> 0022_geo_observation_insights, 补充人工 GEO 逐篇阶段事实与问题主题约束。
INFO  [alembic.runtime.migration] Running upgrade 0022_geo_observation_insights -> 0023_platform_management, 增加具体平台启停状态与管理聚合索引。
INFO  [alembic.runtime.migration] Running upgrade 0023_platform_management -> 0024_audit_outcome, 补齐审计模块、命令结果和安全结果说明。
INFO  [alembic.runtime.migration] Running upgrade 0024_audit_outcome -> 0025_markdown_facts, 将结构化产品事实收敛为 Markdown，并让内容任务直接绑定平台。
INFO  [alembic.runtime.migration] Running upgrade 0025_markdown_facts -> 0026_publication_account_dedup, 补齐发布账号修订约束，并阻止同平台规范化账号标识重复。
INFO  [alembic.runtime.migration] Running upgrade 0026_publication_account_dedup -> 0027_audit_user_delete_guard, 只允许受约束用户删除把匹配审计操作者置空。
INFO  [alembic.runtime.migration] Running upgrade 0027_audit_user_delete_guard -> 0028_platform_logo_lifecycle, 增加平台 Logo 的未引用保留、幂等删除状态与数据库门禁。
INFO  [alembic.runtime.migration] Running upgrade 0028_platform_logo_lifecycle -> 0029_geo_evidence_management, 收敛人工 GEO 独立事实，并为完整更正链删除增加事务门禁。
INFO  [alembic.runtime.migration] Running upgrade 0029_geo_evidence_management -> 0030_publication_record_delete, 为从未公开的发布聚合增加事务级受控删除门禁。
INFO  [alembic.runtime.migration] Running upgrade 0030_publication_record_delete -> 0031_reusable_platform_prompts, 把平台私有 Prompt 收敛为可复用模板和平台当前绑定。
INFO  [alembic.runtime.migration] Running upgrade 0031_reusable_platform_prompts -> 0032_content_task_idempotency, 为普通内容任务创建增加持久化请求键幂等约束。
INFO  [alembic.runtime.migration] Running upgrade 0032_content_task_idempotency -> 0033_task_owned_history_delete, 允许受控删除已取消任务自有的未批准生产历史。
INFO  [alembic.runtime.migration] Running upgrade 0033_task_owned_history_delete -> 0034_publication_redesign, 以发布工作、首次核验成果和发布后内容问题替换旧发布记录。
INFO  [alembic.runtime.migration] Running upgrade 0034_publication_redesign -> 0035_business_workflow, 建立事实提交、内容单主线、发布版本快照与 GEO 来源合同。
INFO  [alembic.runtime.migration] Running upgrade 0035_business_workflow -> 0036_remove_section_url, 删除没有稳定业务含义的发布栏目地址。
INFO  [alembic.runtime.migration] Running upgrade 0036_remove_section_url -> 0037_simplify_deletion_lifecycle, 收缩任务、配置与审计的删除生命周期。
INFO  [alembic.runtime.migration] Running upgrade 0037_simplify_deletion_lifecycle -> 0038_published_article_delete, 允许受控删除无 GEO 引用的发布成果聚合。
INFO  [alembic.runtime.migration] Running upgrade 0038_published_article_delete -> 0039_article_delete_platform, 允许归档任务在删除失效平台的发布成果后转为已取消。
INFO  [alembic.runtime.migration] Running upgrade 0039_article_delete_platform -> 0040_content_draft_management, 允许当前人工未审核草稿受控保存和彻底删除。
INFO  [alembic.runtime.migration] Running upgrade 0040_content_draft_management -> 0041_content_task_list, 补齐内容任务列表的稳定更新时间与排序索引。
INFO  [alembic.runtime.migration] Running upgrade 0041_content_task_list -> 0042_content_version_detail, 记录内容版本自身的真实更新时间。
INFO  [alembic.runtime.migration] Running upgrade 0042_content_version_detail -> 0043_geo_platform_identity, 冻结发布工作的平台 UUID，避免配置删除后 GEO 历史失去身份。
INFO  [alembic.runtime.migration] Running upgrade 0043_geo_platform_identity -> 0044_geo_catalog, 新增 GEO Catalog 三表；冻结本 revision，不读取运行时 ORM。
INFO  [alembic.runtime.migration] Running upgrade 0044_geo_catalog -> 0045_geo_prompt_variants, 仅新增问题变体，冻结规范化及历史锁存，不回填旧问题数组。
INFO  [alembic.runtime.migration] Running upgrade 0045_geo_prompt_variants -> 0046_geo_surfaces_profiles, 新增观测配置与闭合JSON合同；不回填旧GEO或实现运行资格。
INFO  [alembic.runtime.migration] Running upgrade 0046_geo_surfaces_profiles -> 0047_geo_monitoring_plans, 仅增加计划配置聚合；不创建批次、运行或改写历史观测。
INFO  [alembic.runtime.migration] Running upgrade 0047_geo_monitoring_plans -> 0048_geo_batches_runs, 新增独立回答级 Batch/Run，冻结 DDL 与快照/写入守卫，不迁移旧 GEO。
INFO  [alembic.runtime.migration] Running upgrade 0048_geo_batches_runs -> 0049_geo_batch_creation, 创建幂等与批次主体引用；不修改已冻结的 Batch/Run 输入。
INFO  [alembic.runtime.migration] Running upgrade 0049_geo_batch_creation -> 0050_geo_answer_evidence, 新增不可变原始回答、引用和受控文件关系；不实现采集命令。
INFO  [alembic.runtime.migration] Running upgrade 0050_geo_answer_evidence -> 0051_geo_manual_collection, 人工草稿和不可变提交身份；不回填或修改已提交证据。
INFO  [alembic.runtime.migration] Running upgrade 0051_geo_manual_collection -> 0052_geo_profile_tests, API Profile 当前诊断资格与依赖失效；不修改业务历史。
INFO  [alembic.runtime.migration] Running upgrade 0052_geo_profile_tests -> 0053_geo_collection_admission, 加法保存预算预留与发送限速事实，历史 Run 和原始证据保持不变。
INFO  [alembic.runtime.migration] Running upgrade 0053_geo_collection_admission -> 0054_geo_analysis_contract, 分析输入/结果、追加复核与限定 current pointer；不回填历史证据。
INFO  [alembic.runtime.migration] Running upgrade 0054_geo_analysis_contract -> 0055_geo_analysis_worker, 分析执行租约与引用结果；不回填或重写已有 revision。
INFO  [alembic.runtime.migration] Running upgrade 0055_geo_analysis_worker -> 0056_geo_run_review, 受控人工复核发布；历史机器结果与Review不回填、不改写。
INFO  [alembic.runtime.migration] Running upgrade 0056_geo_run_review -> 0057_geo_insight_indexes, GEO-607：洞察日期候选索引，不改变历史数据或业务约束。
INFO  [alembic.runtime.migration] Running upgrade 0057_geo_insight_indexes -> 0058_geo_rule_configuration, GEO-701：当前规则配置和不可变 revision 历史，不回填既有评估。
INFO  [alembic.runtime.migration] Running upgrade 0058_geo_rule_configuration -> 0059_geo_opportunities, GEO-702：机会、追加来源/行动/评估及真实 Batch 来源外键。
INFO  [alembic.runtime.migration] Running upgrade 0059_geo_opportunities -> 0060_geo_opportunity_actions, GEO-704：行动来源快照、幂等回执与目标生命周期保护。
INFO  [alembic.runtime.migration] Running upgrade 0060_geo_opportunity_actions -> 0061_geo_retests, GEO-705：严格复测冻结基线、幂等回执和提交时矩阵验证。
INFO  [alembic.runtime.migration] Running upgrade 0061_geo_retests -> 0062_geo_opportunity_decisions, GEO-706：加法保存显式处理和不可变比较证据，不回填历史。

> partsignal-frontend-v2@0.1.0 build
> tsc -b && vite build --config vite.config.ts

vite v8.2.1 building client environment for production...
[2Ktransforming...✓ 3005 modules transformed.
rendering chunks...
computing gzip size...
dist/index.html                                                    0.57 kB │ gzip:   0.34 kB
dist/assets/index-Btqa2CjT.css                                    83.46 kB │ gzip:  14.39 kB
dist/assets/queryOptions-Dfvzj6n2.js                               0.03 kB │ gzip:   0.05 kB
dist/assets/route-5zGdn2Pu.js                                      0.07 kB │ gzip:   0.08 kB
dist/assets/route-AFUjE5vR.js                                      0.07 kB │ gzip:   0.08 kB
dist/assets/route-Bdkyf40J.js                                      0.07 kB │ gzip:   0.08 kB
dist/assets/route-BnOgN25L.js                                      0.07 kB │ gzip:   0.08 kB
dist/assets/route-CACU0Ncw.js                                      0.07 kB │ gzip:   0.08 kB
dist/assets/route-CAUin8c-.js                                      0.07 kB │ gzip:   0.08 kB
dist/assets/route-CtPZVZSG.js                                      0.07 kB │ gzip:   0.08 kB
dist/assets/route-DM9PFocW.js                                      0.07 kB │ gzip:   0.08 kB
dist/assets/route-DZLPx2O5.js                                      0.07 kB │ gzip:   0.08 kB
dist/assets/route-Dfp-b3_F.js                                      0.07 kB │ gzip:   0.08 kB
dist/assets/route-DrhND8Ss.js                                      0.07 kB │ gzip:   0.08 kB
dist/assets/route-DwBi_ZMu.js                                      0.07 kB │ gzip:   0.08 kB
dist/assets/route-SgbaIUWS.js                                      0.07 kB │ gzip:   0.08 kB
dist/assets/route-Tim3UNye.js                                      0.07 kB │ gzip:   0.08 kB
dist/assets/coerce-DdB2QyS1.js                                     0.08 kB │ gzip:   0.10 kB
dist/assets/isElementDisabled-KSuuBj8D.js                          0.11 kB │ gzip:   0.11 kB
dist/assets/not-found-i5RsCZif.js                                  0.11 kB │ gzip:   0.11 kB
dist/assets/chevron-right-CV2TPTVt.js                              0.13 kB │ gzip:   0.14 kB
dist/assets/canonical-uuid-CGKHezXS.js                             0.13 kB │ gzip:   0.13 kB
dist/assets/matchContext-B0YTMpvO.js                               0.16 kB │ gzip:   0.14 kB
dist/assets/settings.ai-CipVaq6G.js                                0.21 kB │ gzip:   0.20 kB
dist/assets/geo-rules-BWrkKy45.js                                  0.21 kB │ gzip:   0.20 kB
dist/assets/_taskId_.editor-_qjLAkbp.js                            0.22 kB │ gzip:   0.20 kB
dist/assets/_taskId_.review-zeX8OAEE.js                            0.22 kB │ gzip:   0.20 kB
dist/assets/route-DFljbmbX.js                                      0.22 kB │ gzip:   0.20 kB
dist/assets/system.audit-qBeF2bb1.js                               0.22 kB │ gzip:   0.20 kB
dist/assets/system.users-0TM8kiXu.js                               0.22 kB │ gzip:   0.20 kB
dist/assets/settings.prompts-9jQdIs2s.js                           0.22 kB │ gzip:   0.20 kB
dist/assets/print-DcgqoyBf.js                                      0.22 kB │ gzip:   0.18 kB
dist/assets/_taskId-Vsd3-0WC.js                                    0.22 kB │ gzip:   0.21 kB
dist/assets/settings.platforms.types-C4NjYBws.js                   0.22 kB │ gzip:   0.21 kB
dist/assets/versions_._versionId-BW6wP3pa.js                       0.22 kB │ gzip:   0.21 kB
dist/assets/_platformId-BeKfjBVf.js                                0.22 kB │ gzip:   0.20 kB
dist/assets/settings.ai_._channelId-Z_MUrH5D.js                    0.22 kB │ gzip:   0.20 kB
dist/assets/_observationId-B3QjNhkV.js                             0.23 kB │ gzip:   0.21 kB
dist/assets/useControlled-DMK4Pb-8.js                              0.24 kB │ gzip:   0.21 kB
dist/assets/skeleton-Ged3Zc9T.js                                   0.24 kB │ gzip:   0.20 kB
dist/assets/table-shell-BGuXgMNH.js                                0.33 kB │ gzip:   0.24 kB
dist/assets/usePopupHandleStore-BirVG9ro.js                        0.35 kB │ gzip:   0.25 kB
dist/assets/reports-3DHotDam.js                                    0.42 kB │ gzip:   0.29 kB
dist/assets/table-toolbar-JNNhOzlg.js                              0.42 kB │ gzip:   0.27 kB
dist/assets/table-skeleton-G-FjuOli.js                             0.45 kB │ gzip:   0.35 kB
dist/assets/route-error-Bl0menBv.js                                0.46 kB │ gzip:   0.31 kB
dist/assets/_productId-Cu3oT6KN.js                                 0.49 kB │ gzip:   0.35 kB
dist/assets/_productId_.facts-C-S7KVKf.js                          0.50 kB │ gzip:   0.36 kB
dist/assets/_productId_.facts_.versions_._versionId-996oc21h.js    0.50 kB │ gzip:   0.36 kB
dist/assets/_productId_.facts_.review-CtF33cCX.js                  0.50 kB │ gzip:   0.37 kB
dist/assets/_observationId_.correct-Bk5fKM3m.js                    0.51 kB │ gzip:   0.37 kB
dist/assets/useCompositeItem-BGClVRCY.js                           0.54 kB │ gzip:   0.37 kB
dist/assets/empty-table-DARB4g0g.js                                0.55 kB │ gzip:   0.33 kB
dist/assets/_observationId_.correct-CS_-2eSm.js                    0.58 kB │ gzip:   0.31 kB
dist/assets/content-version.model-BVKgM5xI.js                      0.61 kB │ gzip:   0.43 kB
dist/assets/detail-section-Dm8gVxQG.js                             0.63 kB │ gzip:   0.34 kB
dist/assets/return-to-BzbJXkRi.js                                  0.63 kB │ gzip:   0.39 kB
dist/assets/workbench.api-Cm9VqJUK.js                              0.71 kB │ gzip:   0.46 kB
dist/assets/route-Do6Dxmmm.js                                      0.72 kB │ gzip:   0.50 kB
dist/assets/geo-rules-DArnc-nV.js                                  0.83 kB │ gzip:   0.56 kB
dist/assets/textarea-CPcbKIlY.js                                   0.83 kB │ gzip:   0.43 kB
dist/assets/timeline-BSjJ8olh.js                                   0.94 kB │ gzip:   0.49 kB
dist/assets/form-field-B911B1W8.js                                 0.98 kB │ gzip:   0.54 kB
dist/assets/rowSortingFeature-D30xF4v4.js                          1.02 kB │ gzip:   0.49 kB
dist/assets/geo-observation-actions-C2i_qn8N.js                    1.09 kB │ gzip:   0.67 kB
dist/assets/print-Ck_UkRqr.js                                      1.20 kB │ gzip:   0.67 kB
dist/assets/product-deletion-dialog-CbQExXl9.js                    1.20 kB │ gzip:   0.76 kB
dist/assets/security-C2-XVjav.js                                   1.22 kB │ gzip:   0.65 kB
dist/assets/filter-bar-DP_OQtoc.js                                 1.23 kB │ gzip:   0.72 kB
dist/assets/new-Dh9EZ7Xi.js                                        1.26 kB │ gzip:   0.73 kB
dist/assets/form-layout-B0Bgsdpq.js                                1.29 kB │ gzip:   0.69 kB
dist/assets/print-B4Uo29Bw.js                                      1.31 kB │ gzip:   0.75 kB
dist/assets/login-B9kCGdag.js                                      1.31 kB │ gzip:   0.71 kB
dist/assets/reports.api-CHeVtd_T.js                                1.39 kB │ gzip:   0.85 kB
dist/assets/file-transfer-bcVkqTxX.js                              1.41 kB │ gzip:   0.83 kB
dist/assets/useBaseUiId-C9V7pCeo.js                                1.42 kB │ gzip:   0.80 kB
dist/assets/table-pagination-CF8MeQLT.js                           1.48 kB │ gzip:   0.81 kB
dist/assets/auth-page-frame-DoVKxoBO.js                            1.49 kB │ gzip:   0.74 kB
dist/assets/badge-DofVsWMx.js                                      1.57 kB │ gzip:   0.70 kB
dist/assets/audit.api-CJdaHu1x.js                                  1.62 kB │ gzip:   0.76 kB
dist/assets/sticky-action-bar-CoI46L3O.js                          1.62 kB │ gzip:   0.86 kB
dist/assets/versions_._versionId-D8KGaITr.js                       1.72 kB │ gzip:   0.89 kB
dist/assets/_productId_.facts_.versions_._versionId-F7GfHp_3.js    1.77 kB │ gzip:   0.89 kB
dist/assets/workspace-shell-C1jNJfH1.js                            1.77 kB │ gzip:   0.83 kB
dist/assets/reports-DZCQ8Jwj.js                                    1.77 kB │ gzip:   0.98 kB
dist/assets/insights-DvPD-lj-.js                                   1.82 kB │ gzip:   0.98 kB
dist/assets/articles-BMMW_7pa.js                                   1.83 kB │ gzip:   0.97 kB
dist/assets/_articleId-K5_vNtBt.js                                 1.96 kB │ gzip:   1.09 kB
dist/assets/_productId_.facts_.versions-B9JJgdES.js                1.97 kB │ gzip:   1.06 kB
dist/assets/new-Bbb_dYqk.js                                        1.97 kB │ gzip:   1.07 kB
dist/assets/catalog-controls-Dsp5Sgc3.js                           1.98 kB │ gzip:   0.89 kB
dist/assets/overview-DEtBrQLa.js                                   1.99 kB │ gzip:   1.08 kB
dist/assets/_taskId-Dj0piCpY.js                                    2.00 kB │ gzip:   1.06 kB
dist/assets/issues-DumIlnN7.js                                     2.00 kB │ gzip:   1.05 kB
dist/assets/answers-DZPRu2JS.js                                    2.02 kB │ gzip:   1.09 kB
dist/assets/settings.platforms.types-aOeLSVJj.js                   2.05 kB │ gzip:   1.03 kB
dist/assets/_observationId-DEga7Z5K.js                             2.09 kB │ gzip:   1.08 kB
dist/assets/work-jY25rVpe.js                                       2.11 kB │ gzip:   1.10 kB
dist/assets/new-CjLce5rn.js                                        2.12 kB │ gzip:   1.19 kB
dist/assets/useStore-G3HF39DP.js                                   2.17 kB │ gzip:   0.93 kB
dist/assets/_productId-Dt8G80BX.js                                 2.18 kB │ gzip:   1.12 kB
dist/assets/platforms-Bz6ZZOP2.js                                  2.19 kB │ gzip:   1.14 kB
dist/assets/_taskId_.review-0Xl0AiTK.js                            2.20 kB │ gzip:   1.14 kB
dist/assets/_productId_.facts_.review-DCxOgD6O.js                  2.21 kB │ gzip:   1.13 kB
dist/assets/useRegisterFieldControl-BcstcGLC.js                    2.25 kB │ gzip:   1.07 kB
dist/assets/tasks-CV-yUWIp.js                                      2.25 kB │ gzip:   1.17 kB
dist/assets/_productId_.facts-BGgdbRBw.js                          2.25 kB │ gzip:   1.17 kB
dist/assets/_issueId-DmjYlieh.js                                   2.26 kB │ gzip:   1.24 kB
dist/assets/observations-B76DUYhl.js                               2.28 kB │ gzip:   1.17 kB
dist/assets/_taskId_.editor-DSQmZYir.js                            2.29 kB │ gzip:   1.19 kB
dist/assets/dialog-_BDsJ3QL.js                                     2.33 kB │ gzip:   0.91 kB
dist/assets/plans-D5GZZkVQ.js                                      2.34 kB │ gzip:   1.25 kB
dist/assets/system.audit-BzQ0dP_a.js                               2.35 kB │ gzip:   1.18 kB
dist/assets/topics-BH1CqeNd.js                                     2.38 kB │ gzip:   1.23 kB
dist/assets/input-BctqO2IH.js                                      2.47 kB │ gzip:   1.25 kB
dist/assets/dirty-guard-BVGYRLGl.js                                2.58 kB │ gzip:   1.23 kB
dist/assets/settings.ai-BnwOffys.js                                2.64 kB │ gzip:   1.34 kB
dist/assets/prompt.api-DzGm0lBb.js                                 2.65 kB │ gzip:   1.01 kB
dist/assets/products-drYUWcSp.js                                   2.74 kB │ gzip:   1.41 kB
dist/assets/useCompositeListItem-u8lPl9Q5.js                       3.11 kB │ gzip:   1.41 kB
dist/assets/security-Dg4Up7yY.js                                   3.12 kB │ gzip:   1.52 kB
dist/assets/settings.ai_._channelId-vkihz7NP.js                    3.13 kB │ gzip:   1.56 kB
dist/assets/login-LeSoQtrI.js                                      3.14 kB │ gzip:   1.53 kB
dist/assets/zod-C1u0HXxU.js                                        3.31 kB │ gzip:   1.24 kB
dist/assets/sheet-0BRE6UV0.js                                      3.73 kB │ gzip:   1.45 kB
dist/assets/audit-detail-content-DhXfHoo5.js                       3.90 kB │ gzip:   1.60 kB
dist/assets/print-CSFZ_OYM.js                                      4.13 kB │ gzip:   1.66 kB
dist/assets/Match-CkwEZkRF.js                                      4.38 kB │ gzip:   1.72 kB
dist/assets/product.model-iY9TiiKl.js                              4.40 kB │ gzip:   2.01 kB
dist/assets/new-BBRUZ9D9.js                                        4.49 kB │ gzip:   1.96 kB
dist/assets/overview-bVC9O_AL.js                                   4.75 kB │ gzip:   1.93 kB
dist/assets/_workId-DWpLO-QI.js                                    4.75 kB │ gzip:   2.43 kB
dist/assets/insights.model-Dgm64RZj.js                             4.77 kB │ gzip:   2.51 kB
dist/assets/insight-filters-D7VyBmvG.js                            4.84 kB │ gzip:   2.41 kB
dist/assets/lazyRouteComponent-Cdl6N99Q.js                         4.88 kB │ gzip:   1.75 kB
dist/assets/settings.prompts-C9HOYu9S.js                           4.92 kB │ gzip:   2.42 kB
dist/assets/issues-jScXwL_-.js                                     5.10 kB │ gzip:   2.13 kB
dist/assets/_productId_.facts_.versions-BFamFlm8.js                5.26 kB │ gzip:   2.36 kB
dist/assets/composite-BFXAxcw7.js                                  5.88 kB │ gzip:   2.28 kB
dist/assets/articles-Cb-lCcr7.js                                   5.96 kB │ gzip:   2.41 kB
dist/assets/geo-evidence-upload-rUEFCArq.js                        6.15 kB │ gzip:   2.67 kB
dist/assets/client-C6dNGmfD.js                                     6.59 kB │ gzip:   2.58 kB
dist/assets/principal-epoch-1sT-YUbO.js                            6.87 kB │ gzip:   2.33 kB
dist/assets/globalFilteringFeature-CLA_gh8R.js                     6.95 kB │ gzip:   1.98 kB
dist/assets/plans.api-BZm5Vy7O.js                                  7.47 kB │ gzip:   3.16 kB
dist/assets/_app-Dy44loO9.js                                       7.72 kB │ gzip:   2.58 kB
dist/assets/_platformId-D2zfH9BX.js                                7.74 kB │ gzip:   3.47 kB
dist/assets/insights.api-CSMxGjB2.js                               7.79 kB │ gzip:   2.67 kB
dist/assets/QueryClientProvider-Bi8hvFQP.js                        7.81 kB │ gzip:   3.04 kB
dist/assets/product.api-bW-bfZRy.js                                7.94 kB │ gzip:   2.59 kB
dist/assets/_productId_.facts_.versions_._versionId-B9qfmw58.js    8.18 kB │ gzip:   2.62 kB
dist/assets/geo-rules-CdZRpAsX.js                                  8.38 kB │ gzip:   3.62 kB
dist/assets/jsx-runtime-B-hcVAMW.js                                8.55 kB │ gzip:   3.26 kB
dist/assets/x-Bw71tLeX.js                                          8.72 kB │ gzip:   3.14 kB
dist/assets/questions-HkzA8WG6.js                                  8.80 kB │ gzip:   3.89 kB
dist/assets/new-Dx5KjHo4.js                                        8.99 kB │ gzip:   3.80 kB
dist/assets/geo-entities-BmkIegNQ.js                               9.09 kB │ gzip:   3.63 kB
dist/assets/products-BH1RZUNg.js                                   9.24 kB │ gzip:   3.71 kB
dist/assets/tasks-B-On6saT.js                                      9.26 kB │ gzip:   3.57 kB
dist/assets/platform.api-CH7uJbaP.js                               9.71 kB │ gzip:   3.25 kB
dist/assets/geo-insights-report-ifdevQAm.js                       10.34 kB │ gzip:   2.88 kB
dist/assets/opportunities-BqNWLlp5.js                             10.66 kB │ gzip:   4.34 kB
dist/assets/versions_._versionId-Cl4peNMk.js                      12.02 kB │ gzip:   3.81 kB
dist/assets/tabs-BZel-BBo.js                                      12.50 kB │ gzip:   4.72 kB
dist/assets/system.audit-XYMfbpGF.js                              12.54 kB │ gzip:   4.38 kB
dist/assets/observations-CJyIvhiG.js                              12.54 kB │ gzip:   4.87 kB
dist/assets/content-task-lifecycle-CUi_Gm4L.js                    12.58 kB │ gzip:   4.70 kB
dist/assets/system.users-BN2ZqsTD.js                              12.93 kB │ gzip:   5.51 kB
dist/assets/insights-D8-919WQ.js                                  13.42 kB │ gzip:   4.92 kB
dist/assets/runs-2LEuB8wO.js                                      13.62 kB │ gzip:   5.10 kB
dist/assets/route-Bf73GuRC.js                                     14.07 kB │ gzip:   5.29 kB
dist/assets/report-page-C-H34Wka.js                               14.11 kB │ gzip:   4.41 kB
dist/assets/geo-rules-Bj0Scd8g.js                                 14.20 kB │ gzip:   5.36 kB
dist/assets/_taskId-C2OOo3Ut.js                                   14.87 kB │ gzip:   4.63 kB
dist/assets/content.api-EGW6ElK6.js                               14.90 kB │ gzip:   4.32 kB
dist/assets/_productId_.facts_.review-BIEQlNW6.js                 15.87 kB │ gzip:   5.65 kB
dist/assets/work-Dc7n9fJD.js                                      15.92 kB │ gzip:   5.21 kB
dist/assets/publication.api-CpF7oGQp.js                           16.20 kB │ gzip:   4.80 kB
dist/assets/_articleId-_-Yvxpyz.js                                16.27 kB │ gzip:   5.43 kB
dist/assets/useQuery-C44PsoTH.js                                  16.32 kB │ gzip:   5.47 kB
dist/assets/insight-page-frame-BKbNfwab.js                        16.34 kB │ gzip:   5.29 kB
dist/assets/settings.platforms.types-wZfbYfcm.js                  16.45 kB │ gzip:   5.93 kB
dist/assets/new-CCIinOmM.js                                       16.97 kB │ gzip:   6.06 kB
dist/assets/platforms-DgWGTlFf.js                                 17.07 kB │ gzip:   6.19 kB
dist/assets/auth-provider-B8bISfjO.js                             17.09 kB │ gzip:   6.22 kB
dist/assets/_productId_.facts-Dyq8D74Q.js                         17.36 kB │ gzip:   5.84 kB
dist/assets/_taskId_.review-Bz67AIg4.js                           17.51 kB │ gzip:   6.08 kB
dist/assets/settings.ai-nxzwXblu.js                               17.54 kB │ gzip:   6.33 kB
dist/assets/_productId-B-kEA5hO.js                                17.59 kB │ gzip:   5.91 kB
dist/assets/row-actions-27xtpAbx.js                               17.90 kB │ gzip:   6.59 kB
dist/assets/_observationId-BiZvdZs6.js                            18.05 kB │ gzip:   5.76 kB
dist/assets/geo.api-B_H-pl9I.js                                   18.53 kB │ gzip:   5.93 kB
dist/assets/geo-surfaces-BsvYEn6g.js                              18.81 kB │ gzip:   6.98 kB
dist/assets/link-q1g_2QVr.js                                      19.54 kB │ gzip:   7.58 kB
dist/assets/_issueId-CnIk1z3G.js                                  19.62 kB │ gzip:   6.52 kB
dist/assets/topics-BZHQlQP2.js                                    20.02 kB │ gzip:   7.06 kB
dist/assets/audit.model-CbTuovnZ.js                               20.06 kB │ gzip:   6.30 kB
dist/assets/ai-channel-workspace.model-CHo8GJJU.js                20.72 kB │ gzip:   6.32 kB
dist/assets/_observationId_.correct-BaoMZEuI.js                   24.46 kB │ gzip:   8.25 kB
dist/assets/answers-6C5VuetN.js                                   28.41 kB │ gzip:   7.96 kB
dist/assets/_workId-sZs1j7j-.js                                   28.55 kB │ gzip:   8.91 kB
dist/assets/questions-CXyKVOy9.js                                 28.85 kB │ gzip:   9.24 kB
dist/assets/select-C4fYgqE8.js                                    30.10 kB │ gzip:  10.91 kB
dist/assets/settings.prompts-C1UlZn5M.js                          30.84 kB │ gzip:   9.99 kB
dist/assets/system.users-By1S-tf9.js                              31.04 kB │ gzip:   9.77 kB
dist/assets/geo-entities-Nv--YVVz.js                              35.34 kB │ gzip:  10.94 kB
dist/assets/icon-button-BnCGZvfP.js                               36.26 kB │ gzip:  12.08 kB
dist/assets/providers-BMrCP-6A.js                                 36.34 kB │ gzip:  10.81 kB
dist/assets/column-header-BMlSZuLK.js                             36.45 kB │ gzip:  11.43 kB
dist/assets/ToolbarRootContext-Ds9pgHiG.js                        36.62 kB │ gzip:  14.02 kB
dist/assets/geo-surfaces-7kGqtSaY.js                              37.44 kB │ gzip:  11.53 kB
dist/assets/index.esm-CDk9jdcJ.js                                 37.59 kB │ gzip:  13.14 kB
dist/assets/_taskId_.editor-DQtovKF3.js                           37.93 kB │ gzip:  11.55 kB
dist/assets/_platformId-CKfv13w1.js                               38.94 kB │ gzip:  11.60 kB
dist/assets/createLucideIcon-CIck69jA.js                          39.80 kB │ gzip:  14.03 kB
dist/assets/button-BZhX1_Og.js                                    40.12 kB │ gzip:  13.54 kB
dist/assets/route-CV7EEn4_.js                                     43.48 kB │ gzip:  15.62 kB
dist/assets/settings.ai_._channelId-DMBzyeip.js                   49.69 kB │ gzip:  13.69 kB
dist/assets/plans-C9D7aB3K.js                                     50.94 kB │ gzip:  15.79 kB
dist/assets/opportunities-DvZjORHH.js                             61.09 kB │ gzip:  16.46 kB
dist/assets/schemas-P6hRA_MM.js                                   69.76 kB │ gzip:  18.62 kB
dist/assets/runs-C-5BQfKV.js                                      95.05 kB │ gzip:  27.29 kB
dist/assets/index-CEE66H6b.js                                    189.11 kB │ gzip:  60.51 kB
dist/assets/markdown-editor-gxiPC32h.js                          729.88 kB │ gzip: 245.01 kB

✓ built in 515ms
[plugin builtin:vite-reporter] 
(!) Some chunks are larger than 500 kB after minification. Consider:
- Using dynamic import() to code-split the application
- Use build.rolldownOptions.output.codeSplitting to improve chunking: https://rolldown.rs/reference/OutputOptions.codeSplitting
- Adjust chunk size limit for this warning via build.chunkSizeWarningLimit.
已创建或确认管理员和内容工程师账号。
GEO E2E provider listening on http://127.0.0.1:19012
INFO:     Started server process [91321]
INFO:     Waiting for application startup.
INFO:     Application startup complete.
INFO:     Uvicorn running on http://127.0.0.1:9001 (Press CTRL+C to quit)
INFO:     Started server process [91320]
INFO:     Waiting for application startup.
INFO:     Application startup complete.
INFO:     Uvicorn running on http://127.0.0.1:19009 (Press CTRL+C to quit)
  ➜  Local:   http://127.0.0.1:4174/
INFO:     Started server process [91319]
INFO:     Waiting for application startup.
INFO:     Application startup complete.
INFO:     Uvicorn running on http://127.0.0.1:8000 (Press CTRL+C to quit)
INFO:     127.0.0.1:49331 - "GET /api/health/ready HTTP/1.1" 200 OK
INFO:     127.0.0.1:49334 - "GET /v1/models HTTP/1.1" 200 OK

> partsignal-frontend-v2@0.1.0 e2e:raw
> playwright test tests/e2e/geo-api-real-stack.spec.ts --project=foundation-desktop


Running 2 tests using 1 worker

(node:91352) Warning: The 'NO_COLOR' env is ignored due to the 'FORCE_COLOR' env being set.
(Use `node --trace-warnings ...` to show where the warning was created)
INFO:     127.0.0.1:49338 - "POST /api/v1/auth/login HTTP/1.1" 200 OK
INFO:     127.0.0.1:49350 - "GET /api/v1/auth/session HTTP/1.1" 200 OK
INFO:     127.0.0.1:49350 - "GET /api/v1/ai-channels?page=1&page_size=20 HTTP/1.1" 200 OK
INFO:     127.0.0.1:49351 - "OPTIONS /api/v1/ai-channels HTTP/1.1" 200 OK
INFO:     127.0.0.1:49350 - "POST /api/v1/ai-channels HTTP/1.1" 201 Created
INFO:     127.0.0.1:49350 - "GET /api/v1/ai-channels?page=1&page_size=20 HTTP/1.1" 200 OK
INFO:     127.0.0.1:49350 - "GET /api/v1/ai-channels/8290e2dd-ab9d-44f0-bf69-f4ccef82a030/models HTTP/1.1" 200 OK
INFO:     127.0.0.1:49351 - "OPTIONS /api/v1/ai-channels/8290e2dd-ab9d-44f0-bf69-f4ccef82a030/models HTTP/1.1" 200 OK
INFO:     127.0.0.1:49350 - "POST /api/v1/ai-channels/8290e2dd-ab9d-44f0-bf69-f4ccef82a030/models HTTP/1.1" 201 Created
INFO:     127.0.0.1:49350 - "GET /api/v1/ai-channels/8290e2dd-ab9d-44f0-bf69-f4ccef82a030/models HTTP/1.1" 200 OK
INFO:     127.0.0.1:49352 - "GET /api/v1/ai-channels/8290e2dd-ab9d-44f0-bf69-f4ccef82a030 HTTP/1.1" 200 OK
INFO:     127.0.0.1:49351 - "OPTIONS /api/v1/ai-models/6fab18be-1b80-4864-938b-b737dd41e169/test HTTP/1.1" 200 OK
INFO:     127.0.0.1:49352 - "POST /api/v1/ai-models/6fab18be-1b80-4864-938b-b737dd41e169/test HTTP/1.1" 200 OK
INFO:     127.0.0.1:49352 - "GET /api/v1/ai-channels/8290e2dd-ab9d-44f0-bf69-f4ccef82a030/models HTTP/1.1" 200 OK
INFO:     127.0.0.1:49350 - "GET /api/v1/ai-channels/8290e2dd-ab9d-44f0-bf69-f4ccef82a030 HTTP/1.1" 200 OK
INFO:     127.0.0.1:49351 - "OPTIONS /api/v1/ai-models/6fab18be-1b80-4864-938b-b737dd41e169/enable HTTP/1.1" 200 OK
INFO:     127.0.0.1:49350 - "POST /api/v1/ai-models/6fab18be-1b80-4864-938b-b737dd41e169/enable HTTP/1.1" 200 OK
INFO:     127.0.0.1:49352 - "GET /api/v1/ai-channels/8290e2dd-ab9d-44f0-bf69-f4ccef82a030 HTTP/1.1" 200 OK
INFO:     127.0.0.1:49350 - "GET /api/v1/ai-channels/8290e2dd-ab9d-44f0-bf69-f4ccef82a030/models HTTP/1.1" 200 OK
INFO:     127.0.0.1:49351 - "OPTIONS /api/v1/ai-channels/8290e2dd-ab9d-44f0-bf69-f4ccef82a030/enable HTTP/1.1" 200 OK
INFO:     127.0.0.1:49350 - "POST /api/v1/ai-channels/8290e2dd-ab9d-44f0-bf69-f4ccef82a030/enable HTTP/1.1" 200 OK
INFO:     127.0.0.1:49352 - "GET /api/v1/auth/session HTTP/1.1" 200 OK
INFO:     127.0.0.1:49352 - "GET /api/v1/geo/subjects?page=1&page_size=20&sort=NAME_ASC HTTP/1.1" 200 OK
INFO:     127.0.0.1:49355 - "GET /api/v1/geo/subjects?page=1&page_size=10&sort=NAME_ASC&subject_type=OWN_BRAND HTTP/1.1" 200 OK
INFO:     127.0.0.1:49352 - "GET /api/v1/products?search=&page=1&page_size=10&sort=MODEL_ASC HTTP/1.1" 200 OK
INFO:     127.0.0.1:49351 - "OPTIONS /api/v1/geo/subjects HTTP/1.1" 200 OK
INFO:     127.0.0.1:49352 - "POST /api/v1/geo/subjects HTTP/1.1" 201 Created
INFO:     127.0.0.1:49355 - "GET /api/v1/geo/subjects/d07f7758-93b3-481e-aab2-4e7affe28c33 HTTP/1.1" 200 OK
INFO:     127.0.0.1:49352 - "GET /api/v1/geo/subjects?page=1&page_size=20&sort=NAME_ASC HTTP/1.1" 200 OK
INFO:     127.0.0.1:49352 - "GET /api/v1/auth/session HTTP/1.1" 200 OK
INFO:     127.0.0.1:49352 - "GET /api/v1/geo/engine-surfaces?page=1&page_size=20&sort=NAME_ASC HTTP/1.1" 200 OK
INFO:     127.0.0.1:49351 - "OPTIONS /api/v1/geo/engine-surfaces HTTP/1.1" 200 OK
INFO:     127.0.0.1:49352 - "POST /api/v1/geo/engine-surfaces HTTP/1.1" 201 Created
INFO:     127.0.0.1:49352 - "GET /api/v1/geo/engine-surfaces?page=1&page_size=20&sort=NAME_ASC HTTP/1.1" 200 OK
INFO:     127.0.0.1:49355 - "GET /api/v1/geo/engine-surfaces/58241760-734d-4ffb-b4ec-d0f8479ad72b HTTP/1.1" 200 OK
INFO:     127.0.0.1:49351 - "OPTIONS /api/v1/geo/engine-surfaces/58241760-734d-4ffb-b4ec-d0f8479ad72b/enable HTTP/1.1" 200 OK
INFO:     127.0.0.1:49355 - "POST /api/v1/geo/engine-surfaces/58241760-734d-4ffb-b4ec-d0f8479ad72b/enable HTTP/1.1" 200 OK
INFO:     127.0.0.1:49355 - "GET /api/v1/geo/engine-surfaces?page=1&page_size=20&sort=NAME_ASC HTTP/1.1" 200 OK
INFO:     127.0.0.1:49355 - "GET /api/v1/geo/collection-profiles?page=1&page_size=20&sort=NAME_ASC&engine_surface_id=58241760-734d-4ffb-b4ec-d0f8479ad72b HTTP/1.1" 200 OK
INFO:     127.0.0.1:49351 - "OPTIONS /api/v1/geo/collection-profiles HTTP/1.1" 200 OK
INFO:     127.0.0.1:49355 - "POST /api/v1/geo/collection-profiles HTTP/1.1" 201 Created
INFO:     127.0.0.1:49355 - "GET /api/v1/geo/collection-profiles?page=1&page_size=20&sort=NAME_ASC&engine_surface_id=58241760-734d-4ffb-b4ec-d0f8479ad72b HTTP/1.1" 200 OK
INFO:     127.0.0.1:49352 - "GET /api/v1/geo/collection-profiles/3624304f-b3cb-4ed5-8041-2e86e7ff8783 HTTP/1.1" 200 OK
INFO:     127.0.0.1:49351 - "OPTIONS /api/v1/geo/collection-profiles/3624304f-b3cb-4ed5-8041-2e86e7ff8783/test HTTP/1.1" 200 OK
INFO:     127.0.0.1:49352 - "POST /api/v1/geo/collection-profiles/3624304f-b3cb-4ed5-8041-2e86e7ff8783/test HTTP/1.1" 200 OK
INFO:     127.0.0.1:49352 - "GET /api/v1/geo/collection-profiles?page=1&page_size=20&sort=NAME_ASC&engine_surface_id=58241760-734d-4ffb-b4ec-d0f8479ad72b HTTP/1.1" 200 OK
INFO:     127.0.0.1:49351 - "OPTIONS /api/v1/geo/collection-profiles/3624304f-b3cb-4ed5-8041-2e86e7ff8783/enable HTTP/1.1" 200 OK
INFO:     127.0.0.1:49352 - "POST /api/v1/geo/collection-profiles/3624304f-b3cb-4ed5-8041-2e86e7ff8783/enable HTTP/1.1" 200 OK
INFO:     127.0.0.1:49355 - "GET /api/v1/auth/session HTTP/1.1" 200 OK
INFO:     127.0.0.1:49355 - "GET /api/v1/query-topics/list-items?sort=QUESTION_ASC&page=1&page_size=20 HTTP/1.1" 200 OK
INFO:     127.0.0.1:49351 - "OPTIONS /api/v1/query-topics HTTP/1.1" 200 OK
INFO:     127.0.0.1:49355 - "POST /api/v1/query-topics HTTP/1.1" 201 Created
INFO:     127.0.0.1:49355 - "GET /api/v1/query-topics/list-items?sort=QUESTION_ASC&page=1&page_size=20 HTTP/1.1" 200 OK
INFO:     127.0.0.1:49355 - "GET /api/v1/auth/session HTTP/1.1" 200 OK
INFO:     127.0.0.1:49355 - "GET /api/v1/geo/prompt-variants?page=1&page_size=20&sort=UPDATED_DESC HTTP/1.1" 200 OK
INFO:     127.0.0.1:49355 - "GET /api/v1/query-topics HTTP/1.1" 200 OK
INFO:     127.0.0.1:49351 - "OPTIONS /api/v1/geo/query-topics/1450954f-923c-4a7f-8182-c9db0b8c2dd5/prompt-variants HTTP/1.1" 200 OK
INFO:     127.0.0.1:49355 - "POST /api/v1/geo/query-topics/1450954f-923c-4a7f-8182-c9db0b8c2dd5/prompt-variants HTTP/1.1" 201 Created
INFO:     127.0.0.1:49355 - "GET /api/v1/geo/prompt-variants?page=1&page_size=20&sort=UPDATED_DESC HTTP/1.1" 200 OK
INFO:     127.0.0.1:49355 - "GET /api/v1/auth/session HTTP/1.1" 200 OK
INFO:     127.0.0.1:49355 - "GET /api/v1/geo/monitoring-plans?page=1&page_size=20&sort=UPDATED_DESC HTTP/1.1" 200 OK
INFO:     127.0.0.1:49362 - "GET /api/v1/geo/subjects?q=22fd8899-a938-47ba-baf4-a3b7131e606a&page=1&page_size=10&sort=NAME_ASC HTTP/1.1" 200 OK
INFO:     127.0.0.1:49362 - "GET /api/v1/geo/prompt-variants?q=22fd8899-a938-47ba-baf4-a3b7131e606a&page=1&page_size=10&sort=TEXT_ASC HTTP/1.1" 200 OK
INFO:     127.0.0.1:49363 - "GET /api/v1/geo/prompt-variants?q=8800489c-bc9c-4f4d-88e4-e1b890956f82&page=1&page_size=10&sort=TEXT_ASC HTTP/1.1" 200 OK
INFO:     127.0.0.1:49363 - "GET /api/v1/geo/collection-profiles?q=8800489c-bc9c-4f4d-88e4-e1b890956f82&page=1&page_size=10&sort=NAME_ASC HTTP/1.1" 200 OK
INFO:     127.0.0.1:49362 - "GET /api/v1/geo/collection-profiles?q=22fd8899-a938-47ba-baf4-a3b7131e606a&page=1&page_size=10&sort=NAME_ASC HTTP/1.1" 200 OK
INFO:     127.0.0.1:49351 - "OPTIONS /api/v1/geo/monitoring-plans/preview HTTP/1.1" 200 OK
INFO:     127.0.0.1:49362 - "POST /api/v1/geo/monitoring-plans/preview HTTP/1.1" 200 OK
INFO:     127.0.0.1:49351 - "OPTIONS /api/v1/geo/monitoring-plans HTTP/1.1" 200 OK
INFO:     127.0.0.1:49362 - "POST /api/v1/geo/monitoring-plans HTTP/1.1" 201 Created
INFO:     127.0.0.1:49362 - "GET /api/v1/geo/monitoring-plans?page=1&page_size=20&sort=UPDATED_DESC HTTP/1.1" 200 OK
INFO:     127.0.0.1:49362 - "GET /api/v1/auth/session HTTP/1.1" 200 OK
INFO:     127.0.0.1:49362 - "GET /api/v1/geo/observation-batches?sort=CREATED_DESC&page=1&page_size=20 HTTP/1.1" 200 OK
INFO:     127.0.0.1:49362 - "GET /api/v1/geo/monitoring-plans?page=1&page_size=20&sort=UPDATED_DESC HTTP/1.1" 200 OK
INFO:     127.0.0.1:49362 - "GET /api/v1/geo/monitoring-plans?q=GEO408%20SUCCESS%20%E8%AE%A1%E5%88%92%208800489c-bc9c-4f4d-88e4-e1b890956f82&page=1&page_size=20&sort=UPDATED_DESC HTTP/1.1" 200 OK
INFO:     127.0.0.1:49351 - "OPTIONS /api/v1/geo/monitoring-plans/b9fce11e-c838-4a85-86d2-e2cdc14c9235/run HTTP/1.1" 200 OK
INFO:     127.0.0.1:49362 - "POST /api/v1/geo/monitoring-plans/b9fce11e-c838-4a85-86d2-e2cdc14c9235/run HTTP/1.1" 201 Created
INFO:     127.0.0.1:49362 - "GET /api/v1/geo/observation-batches?sort=CREATED_DESC&page=1&page_size=20 HTTP/1.1" 200 OK
INFO:     127.0.0.1:49363 - "GET /api/v1/geo/observation-runs?sort=CREATED_DESC&page=1&page_size=20&batch_id=aa7d4aa7-d3ad-4718-af31-a41563a6bdc3&latest_only=true HTTP/1.1" 200 OK
INFO:     127.0.0.1:49368 - "GET /api/v1/geo/observation-batches/aa7d4aa7-d3ad-4718-af31-a41563a6bdc3 HTTP/1.1" 200 OK
INFO:     127.0.0.1:49368 - "GET /api/v1/geo/observation-runs/d5cc30ee-4ad7-4066-849a-191085ea31eb HTTP/1.1" 200 OK
INFO:     127.0.0.1:49368 - "GET /api/v1/geo/observation-runs?sort=CREATED_DESC&page=1&page_size=20&batch_id=aa7d4aa7-d3ad-4718-af31-a41563a6bdc3&latest_only=true HTTP/1.1" 200 OK
INFO:     127.0.0.1:49372 - "GET /api/v1/geo/observation-batches/aa7d4aa7-d3ad-4718-af31-a41563a6bdc3 HTTP/1.1" 200 OK
INFO:     127.0.0.1:49372 - "GET /api/v1/geo/observation-runs/d5cc30ee-4ad7-4066-849a-191085ea31eb HTTP/1.1" 200 OK
INFO:     127.0.0.1:49373 - "GET /api/v1/geo/observation-runs/d5cc30ee-4ad7-4066-849a-191085ea31eb HTTP/1.1" 200 OK
INFO:     127.0.0.1:49373 - "GET /api/v1/geo/observation-runs/d5cc30ee-4ad7-4066-849a-191085ea31eb HTTP/1.1" 200 OK
INFO:     127.0.0.1:49372 - "GET /api/v1/auth/session HTTP/1.1" 200 OK
INFO:     127.0.0.1:49372 - "GET /api/v1/query-topics/list-items?sort=QUESTION_ASC&page=1&page_size=20 HTTP/1.1" 200 OK
INFO:     127.0.0.1:49372 - "POST /api/v1/query-topics HTTP/1.1" 201 Created
INFO:     127.0.0.1:49372 - "GET /api/v1/query-topics/list-items?sort=QUESTION_ASC&page=1&page_size=20 HTTP/1.1" 200 OK
INFO:     127.0.0.1:49372 - "GET /api/v1/auth/session HTTP/1.1" 200 OK
INFO:     127.0.0.1:49372 - "GET /api/v1/geo/prompt-variants?page=1&page_size=20&sort=UPDATED_DESC HTTP/1.1" 200 OK
INFO:     127.0.0.1:49372 - "GET /api/v1/query-topics HTTP/1.1" 200 OK
INFO:     127.0.0.1:49389 - "OPTIONS /api/v1/geo/query-topics/58f8fe6c-8a1f-4656-af88-9ed68c8289a4/prompt-variants HTTP/1.1" 200 OK
INFO:     127.0.0.1:49372 - "POST /api/v1/geo/query-topics/58f8fe6c-8a1f-4656-af88-9ed68c8289a4/prompt-variants HTTP/1.1" 201 Created
INFO:     127.0.0.1:49372 - "GET /api/v1/geo/prompt-variants?page=1&page_size=20&sort=UPDATED_DESC HTTP/1.1" 200 OK
INFO:     127.0.0.1:49372 - "GET /api/v1/auth/session HTTP/1.1" 200 OK
INFO:     127.0.0.1:49372 - "GET /api/v1/geo/monitoring-plans?page=1&page_size=20&sort=UPDATED_DESC HTTP/1.1" 200 OK
INFO:     127.0.0.1:49368 - "GET /api/v1/geo/subjects?q=22fd8899-a938-47ba-baf4-a3b7131e606a&page=1&page_size=10&sort=NAME_ASC HTTP/1.1" 200 OK
INFO:     127.0.0.1:49368 - "GET /api/v1/geo/prompt-variants?q=22fd8899-a938-47ba-baf4-a3b7131e606a&page=1&page_size=10&sort=TEXT_ASC HTTP/1.1" 200 OK
INFO:     127.0.0.1:49390 - "GET /api/v1/geo/prompt-variants?q=b673f881-0e78-4695-871a-34727f9f80db&page=1&page_size=10&sort=TEXT_ASC HTTP/1.1" 200 OK
INFO:     127.0.0.1:49390 - "GET /api/v1/geo/collection-profiles?q=b673f881-0e78-4695-871a-34727f9f80db&page=1&page_size=10&sort=NAME_ASC HTTP/1.1" 200 OK
INFO:     127.0.0.1:49391 - "GET /api/v1/geo/collection-profiles?q=22fd8899-a938-47ba-baf4-a3b7131e606a&page=1&page_size=10&sort=NAME_ASC HTTP/1.1" 200 OK
INFO:     127.0.0.1:49391 - "POST /api/v1/geo/monitoring-plans/preview HTTP/1.1" 200 OK
INFO:     127.0.0.1:49391 - "POST /api/v1/geo/monitoring-plans HTTP/1.1" 201 Created
INFO:     127.0.0.1:49391 - "GET /api/v1/geo/monitoring-plans?page=1&page_size=20&sort=UPDATED_DESC HTTP/1.1" 200 OK
INFO:     127.0.0.1:49391 - "GET /api/v1/auth/session HTTP/1.1" 200 OK
INFO:     127.0.0.1:49391 - "GET /api/v1/geo/observation-batches?sort=CREATED_DESC&page=1&page_size=20 HTTP/1.1" 200 OK
INFO:     127.0.0.1:49391 - "GET /api/v1/geo/monitoring-plans?page=1&page_size=20&sort=UPDATED_DESC HTTP/1.1" 200 OK
INFO:     127.0.0.1:49391 - "GET /api/v1/geo/monitoring-plans?q=GEO408%20RATE_LIMIT%20%E8%AE%A1%E5%88%92%20b673f881-0e78-4695-871a-34727f9f80db&page=1&page_size=20&sort=UPDATED_DESC HTTP/1.1" 200 OK
INFO:     127.0.0.1:49389 - "OPTIONS /api/v1/geo/monitoring-plans/ef8418d6-a090-43fc-b0d6-91fa162d0e4b/run HTTP/1.1" 200 OK
INFO:     127.0.0.1:49391 - "POST /api/v1/geo/monitoring-plans/ef8418d6-a090-43fc-b0d6-91fa162d0e4b/run HTTP/1.1" 201 Created
INFO:     127.0.0.1:49391 - "GET /api/v1/geo/observation-batches?sort=CREATED_DESC&page=1&page_size=20 HTTP/1.1" 200 OK
INFO:     127.0.0.1:49390 - "GET /api/v1/geo/observation-runs?sort=CREATED_DESC&page=1&page_size=20&batch_id=dd1c93ef-4a17-4f59-99d7-eb3f72b3b32e&latest_only=true HTTP/1.1" 200 OK
INFO:     127.0.0.1:49392 - "GET /api/v1/geo/observation-batches/dd1c93ef-4a17-4f59-99d7-eb3f72b3b32e HTTP/1.1" 200 OK
[2026-10-04 23:36:36,593: WARNING/MainProcess] GEO 采集失败 run_id=3a1f0544-6595-4d1b-85fd-3734f7ef7d1e code=PROVIDER_RATE_LIMITED
INFO:     127.0.0.1:49392 - "GET /api/v1/geo/observation-runs/3a1f0544-6595-4d1b-85fd-3734f7ef7d1e HTTP/1.1" 200 OK
INFO:     127.0.0.1:49373 - "GET /api/v1/geo/observation-runs/3a1f0544-6595-4d1b-85fd-3734f7ef7d1e HTTP/1.1" 200 OK
INFO:     127.0.0.1:49389 - "OPTIONS /api/v1/geo/observation-runs/3a1f0544-6595-4d1b-85fd-3734f7ef7d1e/retry HTTP/1.1" 200 OK
INFO:     127.0.0.1:49392 - "POST /api/v1/geo/observation-runs/3a1f0544-6595-4d1b-85fd-3734f7ef7d1e/retry HTTP/1.1" 201 Created
INFO:     127.0.0.1:49392 - "GET /api/v1/geo/observation-runs?sort=CREATED_DESC&page=1&page_size=20&batch_id=dd1c93ef-4a17-4f59-99d7-eb3f72b3b32e&latest_only=true HTTP/1.1" 200 OK
INFO:     127.0.0.1:49391 - "GET /api/v1/geo/observation-batches/dd1c93ef-4a17-4f59-99d7-eb3f72b3b32e HTTP/1.1" 200 OK
INFO:     127.0.0.1:49396 - "GET /api/v1/geo/observation-runs/33816916-c78c-4e36-8380-d8fa01043c4a HTTP/1.1" 200 OK
INFO:     127.0.0.1:49396 - "GET /api/v1/geo/observation-runs?sort=CREATED_DESC&page=1&page_size=20&batch_id=dd1c93ef-4a17-4f59-99d7-eb3f72b3b32e&latest_only=true HTTP/1.1" 200 OK
INFO:     127.0.0.1:49401 - "GET /api/v1/geo/observation-batches/dd1c93ef-4a17-4f59-99d7-eb3f72b3b32e HTTP/1.1" 200 OK
INFO:     127.0.0.1:49402 - "GET /api/v1/geo/observation-runs/33816916-c78c-4e36-8380-d8fa01043c4a HTTP/1.1" 200 OK
INFO:     127.0.0.1:49402 - "GET /api/v1/geo/observation-runs?sort=CREATED_DESC&page=1&page_size=20&batch_id=dd1c93ef-4a17-4f59-99d7-eb3f72b3b32e&latest_only=true HTTP/1.1" 200 OK
INFO:     127.0.0.1:49406 - "GET /api/v1/geo/observation-batches/dd1c93ef-4a17-4f59-99d7-eb3f72b3b32e HTTP/1.1" 200 OK
INFO:     127.0.0.1:49402 - "GET /api/v1/geo/observation-runs/33816916-c78c-4e36-8380-d8fa01043c4a HTTP/1.1" 200 OK
INFO:     127.0.0.1:49407 - "GET /api/v1/geo/observation-runs/3a1f0544-6595-4d1b-85fd-3734f7ef7d1e HTTP/1.1" 200 OK
INFO:     127.0.0.1:49407 - "GET /api/v1/geo/observation-runs/33816916-c78c-4e36-8380-d8fa01043c4a HTTP/1.1" 200 OK
INFO:     127.0.0.1:49407 - "GET /api/v1/geo/observation-batches/dd1c93ef-4a17-4f59-99d7-eb3f72b3b32e HTTP/1.1" 200 OK
INFO:     127.0.0.1:49402 - "GET /api/v1/auth/session HTTP/1.1" 200 OK
INFO:     127.0.0.1:49402 - "GET /api/v1/query-topics/list-items?sort=QUESTION_ASC&page=1&page_size=20 HTTP/1.1" 200 OK
INFO:     127.0.0.1:49402 - "POST /api/v1/query-topics HTTP/1.1" 201 Created
INFO:     127.0.0.1:49402 - "GET /api/v1/query-topics/list-items?sort=QUESTION_ASC&page=1&page_size=20 HTTP/1.1" 200 OK
INFO:     127.0.0.1:49402 - "GET /api/v1/auth/session HTTP/1.1" 200 OK
INFO:     127.0.0.1:49402 - "GET /api/v1/geo/prompt-variants?page=1&page_size=20&sort=UPDATED_DESC HTTP/1.1" 200 OK
INFO:     127.0.0.1:49402 - "GET /api/v1/query-topics HTTP/1.1" 200 OK
INFO:     127.0.0.1:49416 - "OPTIONS /api/v1/geo/query-topics/ba3e0c2f-4b5d-48cf-97ea-b391504e25cf/prompt-variants HTTP/1.1" 200 OK
INFO:     127.0.0.1:49402 - "POST /api/v1/geo/query-topics/ba3e0c2f-4b5d-48cf-97ea-b391504e25cf/prompt-variants HTTP/1.1" 201 Created
INFO:     127.0.0.1:49402 - "GET /api/v1/geo/prompt-variants?page=1&page_size=20&sort=UPDATED_DESC HTTP/1.1" 200 OK
INFO:     127.0.0.1:49402 - "GET /api/v1/auth/session HTTP/1.1" 200 OK
INFO:     127.0.0.1:49402 - "GET /api/v1/geo/monitoring-plans?page=1&page_size=20&sort=UPDATED_DESC HTTP/1.1" 200 OK
INFO:     127.0.0.1:49406 - "GET /api/v1/geo/subjects?q=22fd8899-a938-47ba-baf4-a3b7131e606a&page=1&page_size=10&sort=NAME_ASC HTTP/1.1" 200 OK
INFO:     127.0.0.1:49406 - "GET /api/v1/geo/prompt-variants?q=22fd8899-a938-47ba-baf4-a3b7131e606a&page=1&page_size=10&sort=TEXT_ASC HTTP/1.1" 200 OK
INFO:     127.0.0.1:49417 - "GET /api/v1/geo/prompt-variants?q=41cae32b-ec72-4b3f-84cf-2577f81a86d5&page=1&page_size=10&sort=TEXT_ASC HTTP/1.1" 200 OK
INFO:     127.0.0.1:49417 - "GET /api/v1/geo/collection-profiles?q=41cae32b-ec72-4b3f-84cf-2577f81a86d5&page=1&page_size=10&sort=NAME_ASC HTTP/1.1" 200 OK
INFO:     127.0.0.1:49406 - "GET /api/v1/geo/collection-profiles?q=22fd8899-a938-47ba-baf4-a3b7131e606a&page=1&page_size=10&sort=NAME_ASC HTTP/1.1" 200 OK
INFO:     127.0.0.1:49406 - "POST /api/v1/geo/monitoring-plans/preview HTTP/1.1" 200 OK
INFO:     127.0.0.1:49406 - "POST /api/v1/geo/monitoring-plans HTTP/1.1" 201 Created
INFO:     127.0.0.1:49406 - "GET /api/v1/geo/monitoring-plans?page=1&page_size=20&sort=UPDATED_DESC HTTP/1.1" 200 OK
INFO:     127.0.0.1:49406 - "GET /api/v1/auth/session HTTP/1.1" 200 OK
INFO:     127.0.0.1:49406 - "GET /api/v1/geo/observation-batches?sort=CREATED_DESC&page=1&page_size=20 HTTP/1.1" 200 OK
INFO:     127.0.0.1:49406 - "GET /api/v1/geo/monitoring-plans?page=1&page_size=20&sort=UPDATED_DESC HTTP/1.1" 200 OK
INFO:     127.0.0.1:49406 - "GET /api/v1/geo/monitoring-plans?q=GEO408%20UNKNOWN%20%E8%AE%A1%E5%88%92%2041cae32b-ec72-4b3f-84cf-2577f81a86d5&page=1&page_size=20&sort=UPDATED_DESC HTTP/1.1" 200 OK
INFO:     127.0.0.1:49416 - "OPTIONS /api/v1/geo/monitoring-plans/1a6d4406-ab39-471f-9fd9-5177426918a7/run HTTP/1.1" 200 OK
INFO:     127.0.0.1:49406 - "POST /api/v1/geo/monitoring-plans/1a6d4406-ab39-471f-9fd9-5177426918a7/run HTTP/1.1" 201 Created
INFO:     127.0.0.1:49406 - "GET /api/v1/geo/observation-batches?sort=CREATED_DESC&page=1&page_size=20 HTTP/1.1" 200 OK
INFO:     127.0.0.1:49417 - "GET /api/v1/geo/observation-runs?sort=CREATED_DESC&page=1&page_size=20&batch_id=0d945768-21d7-4604-b3c8-d25d7787ddd6&latest_only=true HTTP/1.1" 200 OK
INFO:     127.0.0.1:49418 - "GET /api/v1/geo/observation-batches/0d945768-21d7-4604-b3c8-d25d7787ddd6 HTTP/1.1" 200 OK
INFO:     127.0.0.1:49418 - "GET /api/v1/geo/observation-runs/6af4b99a-6c52-48af-b25d-288f3621cc17 HTTP/1.1" 200 OK
[2026-10-04 23:36:50,643: WARNING/MainProcess] GEO 采集失败 run_id=6af4b99a-6c52-48af-b25d-288f3621cc17 code=COLLECTOR_UNKNOWN_OUTCOME
INFO:     127.0.0.1:49418 - "GET /api/v1/geo/observation-runs?sort=CREATED_DESC&page=1&page_size=20&batch_id=0d945768-21d7-4604-b3c8-d25d7787ddd6&latest_only=true HTTP/1.1" 200 OK
INFO:     127.0.0.1:49421 - "GET /api/v1/geo/observation-batches/0d945768-21d7-4604-b3c8-d25d7787ddd6 HTTP/1.1" 200 OK
INFO:     127.0.0.1:49421 - "GET /api/v1/geo/observation-runs/6af4b99a-6c52-48af-b25d-288f3621cc17 HTTP/1.1" 200 OK
INFO:     127.0.0.1:49422 - "GET /api/v1/geo/observation-runs/6af4b99a-6c52-48af-b25d-288f3621cc17 HTTP/1.1" 200 OK
INFO:     127.0.0.1:49424 - "OPTIONS /api/v1/geo/observation-runs/6af4b99a-6c52-48af-b25d-288f3621cc17/retry HTTP/1.1" 200 OK
INFO:     127.0.0.1:49421 - "POST /api/v1/geo/observation-runs/6af4b99a-6c52-48af-b25d-288f3621cc17/retry HTTP/1.1" 201 Created
INFO:     127.0.0.1:49421 - "GET /api/v1/geo/observation-runs?sort=CREATED_DESC&page=1&page_size=20&batch_id=0d945768-21d7-4604-b3c8-d25d7787ddd6&latest_only=true HTTP/1.1" 200 OK
INFO:     127.0.0.1:49425 - "GET /api/v1/geo/observation-batches/0d945768-21d7-4604-b3c8-d25d7787ddd6 HTTP/1.1" 200 OK
INFO:     127.0.0.1:49426 - "GET /api/v1/geo/observation-runs/4cbad335-cd54-4f53-a770-eda2159b1796 HTTP/1.1" 200 OK
INFO:     127.0.0.1:49429 - "GET /api/v1/geo/observation-batches/0d945768-21d7-4604-b3c8-d25d7787ddd6 HTTP/1.1" 200 OK
INFO:     127.0.0.1:49426 - "GET /api/v1/geo/observation-runs?sort=CREATED_DESC&page=1&page_size=20&batch_id=0d945768-21d7-4604-b3c8-d25d7787ddd6&latest_only=true HTTP/1.1" 200 OK
INFO:     127.0.0.1:49430 - "GET /api/v1/geo/observation-runs/4cbad335-cd54-4f53-a770-eda2159b1796 HTTP/1.1" 200 OK
INFO:     127.0.0.1:49431 - "GET /api/v1/geo/observation-runs/6af4b99a-6c52-48af-b25d-288f3621cc17 HTTP/1.1" 200 OK
INFO:     127.0.0.1:49431 - "GET /api/v1/geo/observation-runs/4cbad335-cd54-4f53-a770-eda2159b1796 HTTP/1.1" 200 OK
INFO:     127.0.0.1:49431 - "GET /api/v1/geo/observation-batches/0d945768-21d7-4604-b3c8-d25d7787ddd6 HTTP/1.1" 200 OK
INFO:     127.0.0.1:49426 - "GET /api/v1/auth/session HTTP/1.1" 200 OK
INFO:     127.0.0.1:49426 - "GET /api/v1/query-topics/list-items?sort=QUESTION_ASC&page=1&page_size=20 HTTP/1.1" 200 OK
INFO:     127.0.0.1:49426 - "POST /api/v1/query-topics HTTP/1.1" 201 Created
INFO:     127.0.0.1:49426 - "GET /api/v1/query-topics/list-items?sort=QUESTION_ASC&page=1&page_size=20 HTTP/1.1" 200 OK
INFO:     127.0.0.1:49426 - "GET /api/v1/auth/session HTTP/1.1" 200 OK
INFO:     127.0.0.1:49426 - "GET /api/v1/geo/prompt-variants?page=1&page_size=20&sort=UPDATED_DESC HTTP/1.1" 200 OK
INFO:     127.0.0.1:49426 - "GET /api/v1/query-topics HTTP/1.1" 200 OK
INFO:     127.0.0.1:49440 - "OPTIONS /api/v1/geo/query-topics/8cc67019-ffd9-4617-95b6-3874cec32360/prompt-variants HTTP/1.1" 200 OK
INFO:     127.0.0.1:49426 - "POST /api/v1/geo/query-topics/8cc67019-ffd9-4617-95b6-3874cec32360/prompt-variants HTTP/1.1" 201 Created
INFO:     127.0.0.1:49426 - "GET /api/v1/geo/prompt-variants?page=1&page_size=20&sort=UPDATED_DESC HTTP/1.1" 200 OK
INFO:     127.0.0.1:49426 - "GET /api/v1/auth/session HTTP/1.1" 200 OK
INFO:     127.0.0.1:49426 - "GET /api/v1/geo/monitoring-plans?page=1&page_size=20&sort=UPDATED_DESC HTTP/1.1" 200 OK
INFO:     127.0.0.1:49429 - "GET /api/v1/geo/subjects?q=22fd8899-a938-47ba-baf4-a3b7131e606a&page=1&page_size=10&sort=NAME_ASC HTTP/1.1" 200 OK
INFO:     127.0.0.1:49429 - "GET /api/v1/geo/prompt-variants?q=22fd8899-a938-47ba-baf4-a3b7131e606a&page=1&page_size=10&sort=TEXT_ASC HTTP/1.1" 200 OK
INFO:     127.0.0.1:49441 - "GET /api/v1/geo/prompt-variants?q=4acc0f94-d9b4-4ff5-a099-6c76fbcc066a&page=1&page_size=10&sort=TEXT_ASC HTTP/1.1" 200 OK
INFO:     127.0.0.1:49441 - "GET /api/v1/geo/collection-profiles?q=4acc0f94-d9b4-4ff5-a099-6c76fbcc066a&page=1&page_size=10&sort=NAME_ASC HTTP/1.1" 200 OK
INFO:     127.0.0.1:49429 - "GET /api/v1/geo/collection-profiles?q=22fd8899-a938-47ba-baf4-a3b7131e606a&page=1&page_size=10&sort=NAME_ASC HTTP/1.1" 200 OK
INFO:     127.0.0.1:49429 - "POST /api/v1/geo/monitoring-plans/preview HTTP/1.1" 200 OK
INFO:     127.0.0.1:49429 - "POST /api/v1/geo/monitoring-plans HTTP/1.1" 201 Created
INFO:     127.0.0.1:49429 - "GET /api/v1/geo/monitoring-plans?page=1&page_size=20&sort=UPDATED_DESC HTTP/1.1" 200 OK
INFO:     127.0.0.1:49429 - "GET /api/v1/auth/session HTTP/1.1" 200 OK
INFO:     127.0.0.1:49429 - "GET /api/v1/geo/observation-batches?sort=CREATED_DESC&page=1&page_size=20 HTTP/1.1" 200 OK
INFO:     127.0.0.1:49429 - "GET /api/v1/geo/monitoring-plans?page=1&page_size=20&sort=UPDATED_DESC HTTP/1.1" 200 OK
INFO:     127.0.0.1:49429 - "GET /api/v1/geo/monitoring-plans?q=GEO408%20INTERNAL%20%E8%AE%A1%E5%88%92%204acc0f94-d9b4-4ff5-a099-6c76fbcc066a&page=1&page_size=20&sort=UPDATED_DESC HTTP/1.1" 200 OK
INFO:     127.0.0.1:49440 - "OPTIONS /api/v1/geo/monitoring-plans/eeaf81a4-2d44-4f4b-9d9f-9bb4d602bda0/run HTTP/1.1" 200 OK
INFO:     127.0.0.1:49429 - "POST /api/v1/geo/monitoring-plans/eeaf81a4-2d44-4f4b-9d9f-9bb4d602bda0/run HTTP/1.1" 201 Created
INFO:     127.0.0.1:49429 - "GET /api/v1/geo/observation-batches?sort=CREATED_DESC&page=1&page_size=20 HTTP/1.1" 200 OK
INFO:     127.0.0.1:49442 - "GET /api/v1/geo/observation-batches/81a16701-d4dc-4262-9317-ad80a585ba8a HTTP/1.1" 200 OK
INFO:     127.0.0.1:49441 - "GET /api/v1/geo/observation-runs?sort=CREATED_DESC&page=1&page_size=20&batch_id=81a16701-d4dc-4262-9317-ad80a585ba8a&latest_only=true HTTP/1.1" 200 OK
[2026-10-04 23:37:04,765: WARNING/MainProcess] GEO 采集失败 run_id=5a11168a-3454-4842-889c-d6e35dde21dd code=DATA_CLASSIFICATION_FORBIDDEN
INFO:     127.0.0.1:49441 - "GET /api/v1/geo/observation-runs/5a11168a-3454-4842-889c-d6e35dde21dd HTTP/1.1" 200 OK
INFO:     127.0.0.1:49431 - "GET /api/v1/geo/observation-runs/5a11168a-3454-4842-889c-d6e35dde21dd HTTP/1.1" 200 OK
INFO:     127.0.0.1:49441 - "GET /api/v1/auth/session HTTP/1.1" 200 OK
INFO:     127.0.0.1:49441 - "GET /api/v1/query-topics/list-items?sort=QUESTION_ASC&page=1&page_size=20 HTTP/1.1" 200 OK
INFO:     127.0.0.1:49441 - "POST /api/v1/query-topics HTTP/1.1" 201 Created
INFO:     127.0.0.1:49441 - "GET /api/v1/query-topics/list-items?sort=QUESTION_ASC&page=1&page_size=20 HTTP/1.1" 200 OK
INFO:     127.0.0.1:49441 - "GET /api/v1/auth/session HTTP/1.1" 200 OK
INFO:     127.0.0.1:49441 - "GET /api/v1/geo/prompt-variants?page=1&page_size=20&sort=UPDATED_DESC HTTP/1.1" 200 OK
INFO:     127.0.0.1:49441 - "GET /api/v1/query-topics HTTP/1.1" 200 OK
INFO:     127.0.0.1:49440 - "OPTIONS /api/v1/geo/query-topics/372b97a8-43a5-41e7-9fd7-cf489ee2d10a/prompt-variants HTTP/1.1" 200 OK
INFO:     127.0.0.1:49441 - "POST /api/v1/geo/query-topics/372b97a8-43a5-41e7-9fd7-cf489ee2d10a/prompt-variants HTTP/1.1" 201 Created
INFO:     127.0.0.1:49441 - "GET /api/v1/geo/prompt-variants?page=1&page_size=20&sort=UPDATED_DESC HTTP/1.1" 200 OK
INFO:     127.0.0.1:49441 - "GET /api/v1/auth/session HTTP/1.1" 200 OK
INFO:     127.0.0.1:49441 - "GET /api/v1/geo/monitoring-plans?page=1&page_size=20&sort=UPDATED_DESC HTTP/1.1" 200 OK
INFO:     127.0.0.1:49442 - "GET /api/v1/geo/subjects?q=22fd8899-a938-47ba-baf4-a3b7131e606a&page=1&page_size=10&sort=NAME_ASC HTTP/1.1" 200 OK
INFO:     127.0.0.1:49442 - "GET /api/v1/geo/prompt-variants?q=22fd8899-a938-47ba-baf4-a3b7131e606a&page=1&page_size=10&sort=TEXT_ASC HTTP/1.1" 200 OK
INFO:     127.0.0.1:49429 - "GET /api/v1/geo/prompt-variants?q=8c88abb1-c2d3-4ada-93a0-c8b8401ba37b&page=1&page_size=10&sort=TEXT_ASC HTTP/1.1" 200 OK
INFO:     127.0.0.1:49429 - "GET /api/v1/geo/collection-profiles?q=8c88abb1-c2d3-4ada-93a0-c8b8401ba37b&page=1&page_size=10&sort=NAME_ASC HTTP/1.1" 200 OK
INFO:     127.0.0.1:49442 - "GET /api/v1/geo/collection-profiles?q=22fd8899-a938-47ba-baf4-a3b7131e606a&page=1&page_size=10&sort=NAME_ASC HTTP/1.1" 200 OK
INFO:     127.0.0.1:49442 - "POST /api/v1/geo/monitoring-plans/preview HTTP/1.1" 200 OK
INFO:     127.0.0.1:49442 - "POST /api/v1/geo/monitoring-plans HTTP/1.1" 201 Created
INFO:     127.0.0.1:49442 - "GET /api/v1/geo/monitoring-plans?page=1&page_size=20&sort=UPDATED_DESC HTTP/1.1" 200 OK
INFO:     127.0.0.1:49442 - "GET /api/v1/auth/session HTTP/1.1" 200 OK
INFO:     127.0.0.1:49442 - "GET /api/v1/geo/observation-batches?sort=CREATED_DESC&page=1&page_size=20 HTTP/1.1" 200 OK
INFO:     127.0.0.1:49442 - "GET /api/v1/geo/monitoring-plans?page=1&page_size=20&sort=UPDATED_DESC HTTP/1.1" 200 OK
INFO:     127.0.0.1:49442 - "GET /api/v1/geo/monitoring-plans?q=GEO408%20BUDGET%20%E8%AE%A1%E5%88%92%208c88abb1-c2d3-4ada-93a0-c8b8401ba37b&page=1&page_size=20&sort=UPDATED_DESC HTTP/1.1" 200 OK
INFO:     127.0.0.1:49440 - "OPTIONS /api/v1/geo/monitoring-plans/4fc75ae2-097f-4171-b6d4-3e6bddd2d379/run HTTP/1.1" 200 OK
INFO:     127.0.0.1:49442 - "POST /api/v1/geo/monitoring-plans/4fc75ae2-097f-4171-b6d4-3e6bddd2d379/run HTTP/1.1" 201 Created
INFO:     127.0.0.1:49442 - "GET /api/v1/geo/observation-batches?sort=CREATED_DESC&page=1&page_size=20 HTTP/1.1" 200 OK
INFO:     127.0.0.1:49429 - "GET /api/v1/geo/observation-runs?sort=CREATED_DESC&page=1&page_size=20&batch_id=2cd3a97d-5e13-4e1c-8767-9c577eeb1c76&latest_only=true HTTP/1.1" 200 OK
INFO:     127.0.0.1:49445 - "GET /api/v1/geo/observation-batches/2cd3a97d-5e13-4e1c-8767-9c577eeb1c76 HTTP/1.1" 200 OK
INFO:     127.0.0.1:49445 - "GET /api/v1/geo/observation-runs/cec92abc-78ab-41e3-8e34-7287c94b13ad HTTP/1.1" 200 OK
INFO:     127.0.0.1:49431 - "GET /api/v1/geo/observation-runs/cec92abc-78ab-41e3-8e34-7287c94b13ad HTTP/1.1" 200 OK
  ✓  1 [foundation-desktop] › tests/e2e/geo-api-real-stack.spec.ts:18:1 › API 自动轮询、原文引用、部分 usage、费用、429/未知结果与显式新尝试 (48.4s)
  -  2 [foundation-desktop] › tests/e2e/geo-api-real-stack.spec.ts:125:1 › 关闭开关的新 API/Worker 消费真实 PENDING，明确失败且 provider 零调用

  1 skipped
  1 passed (48.8s)
E2E_SECRET_SCAN status=clean
E2E_RESULT playwright=0 secret_scan=0
INFO:     Shutting down
INFO:     Waiting for application shutdown.
INFO:     Application shutdown complete.
INFO:     Finished server process [91321]

worker: Warm shutdown (MainProcess)
INFO:     Shutting down
INFO:     Waiting for application shutdown.
INFO:     Application shutdown complete.
INFO:     Finished server process [91320]
INFO:     Shutting down
INFO:     Waiting for application shutdown.
INFO:     Application shutdown complete.
INFO:     Finished server process [91319]
E2E_CLEANUP redis_db=14 keys=1 status=deleted
E2E_CLEANUP ports=8000,9001,4174,19009,19012 status=released
E2E_CLEANUP database=partsignal_e2e_20261004_12e83717e86bde41f0b389bdb6c969e7 status=dropped
E2E_CLEANUP storage=/var/folders/m5/j06tv2sn1hn93d6f33j559jm0000gn/T//partsignal-e2e-storage.GWntcM status=removed
E2E_GEO phase=enabled status=passed
E2E_GEO phase=api-disabled status=begin
E2E_SECRET_REGISTRATION status=ready
INFO  [alembic.runtime.migration] Context impl PostgresqlImpl.
INFO  [alembic.runtime.migration] Will assume transactional DDL.
INFO  [alembic.runtime.migration] Running upgrade  -> 0001_identity_audit, 创建身份、会话和审计表。
INFO  [alembic.runtime.migration] Running upgrade 0001_identity_audit -> 0002_product_facts, 创建规范化产品事实和不可变事实版本。
INFO  [alembic.runtime.migration] Running upgrade 0002_product_facts -> 0003_content_planning, 创建目标问题、平台规则版本和内容任务。
INFO  [alembic.runtime.migration] Running upgrade 0003_content_planning -> 0004_content_production, 创建 PostgreSQL 权威生成作业和不可变 Markdown 内容版本。
INFO  [alembic.runtime.migration] Running upgrade 0004_content_production -> 0005_content_review, 创建追加式内容审核记录。
INFO  [alembic.runtime.migration] Running upgrade 0005_content_review -> 0006_publication, 创建平台账号、人工发布记录和状态事件。
INFO  [alembic.runtime.migration] Running upgrade 0006_publication -> 0007_geo_observation, 创建追加式 GEO 观测及引用关联。
INFO  [alembic.runtime.migration] Running upgrade 0007_geo_observation -> 0008_files, 创建文件生命周期、附件关联并补加证据文件外键。
INFO  [alembic.runtime.migration] Running upgrade 0008_files -> 0009_config_center, 迁移账号类型、配置中心与真实 AI 生成字段。
INFO  [alembic.runtime.migration] Running upgrade 0009_config_center -> 0010_user_cleanup, 清理旧版职责账号并强制既有内容工程师改密。
INFO  [alembic.runtime.migration] Running upgrade 0010_user_cleanup -> 0011_generation_reliability, 增加生成作业补投递诊断字段与到期扫描索引。
INFO  [alembic.runtime.migration] Running upgrade 0011_generation_reliability -> 0012_ai_data_classification, 为生成输入增加显式数据分级与责任人记录。
INFO  [alembic.runtime.migration] Running upgrade 0012_ai_data_classification -> 0013_publication_closure, 增加发布异常待办、修复任务来源和发布平台一致性门禁。
INFO  [alembic.runtime.migration] Running upgrade 0013_publication_closure -> 0014_platform_prompt_ownership, 将当前 Prompt 所有权从平台类型迁移到具体平台。
INFO  [alembic.runtime.migration] Running upgrade 0014_platform_prompt_ownership -> 0015_platform_rule_draft_editing, 允许按修订号编辑平台规则草稿，并继续冻结已激活或退役正文。
INFO  [alembic.runtime.migration] Running upgrade 0015_platform_rule_draft_editing -> 0016_fact_review_cleanup, 允许受约束删除事实版本时清理其从属审核记录。
INFO  [alembic.runtime.migration] Running upgrade 0016_fact_review_cleanup -> 0017_content_humanization, 增加全局自然化 Prompt，并让现有 AI 作业承载自然化修订。
INFO  [alembic.runtime.migration] Running upgrade 0017_content_humanization -> 0018_manual_geo_observation, 增加产品级人工 GEO 观测，并保留旧模型观测历史。
INFO  [alembic.runtime.migration] Running upgrade 0018_manual_geo_observation -> 0019_product_driven_tasks, 允许新内容任务直接围绕产品创建，同时保留历史目标问题关联。
INFO  [alembic.runtime.migration] Running upgrade 0019_product_driven_tasks -> 0020_platform_branding_task_list, 为具体平台增加官网与单一来源 Logo。
INFO  [alembic.runtime.migration] Running upgrade 0020_platform_branding_task_list -> 0021_ai_channel_model_management, 补齐 AI 渠道身份字段与使用统计索引。
INFO  [alembic.runtime.migration] Running upgrade 0021_ai_channel_model_management -> 0022_geo_observation_insights, 补充人工 GEO 逐篇阶段事实与问题主题约束。
INFO  [alembic.runtime.migration] Running upgrade 0022_geo_observation_insights -> 0023_platform_management, 增加具体平台启停状态与管理聚合索引。
INFO  [alembic.runtime.migration] Running upgrade 0023_platform_management -> 0024_audit_outcome, 补齐审计模块、命令结果和安全结果说明。
INFO  [alembic.runtime.migration] Running upgrade 0024_audit_outcome -> 0025_markdown_facts, 将结构化产品事实收敛为 Markdown，并让内容任务直接绑定平台。
INFO  [alembic.runtime.migration] Running upgrade 0025_markdown_facts -> 0026_publication_account_dedup, 补齐发布账号修订约束，并阻止同平台规范化账号标识重复。
INFO  [alembic.runtime.migration] Running upgrade 0026_publication_account_dedup -> 0027_audit_user_delete_guard, 只允许受约束用户删除把匹配审计操作者置空。
INFO  [alembic.runtime.migration] Running upgrade 0027_audit_user_delete_guard -> 0028_platform_logo_lifecycle, 增加平台 Logo 的未引用保留、幂等删除状态与数据库门禁。
INFO  [alembic.runtime.migration] Running upgrade 0028_platform_logo_lifecycle -> 0029_geo_evidence_management, 收敛人工 GEO 独立事实，并为完整更正链删除增加事务门禁。
INFO  [alembic.runtime.migration] Running upgrade 0029_geo_evidence_management -> 0030_publication_record_delete, 为从未公开的发布聚合增加事务级受控删除门禁。
INFO  [alembic.runtime.migration] Running upgrade 0030_publication_record_delete -> 0031_reusable_platform_prompts, 把平台私有 Prompt 收敛为可复用模板和平台当前绑定。
INFO  [alembic.runtime.migration] Running upgrade 0031_reusable_platform_prompts -> 0032_content_task_idempotency, 为普通内容任务创建增加持久化请求键幂等约束。
INFO  [alembic.runtime.migration] Running upgrade 0032_content_task_idempotency -> 0033_task_owned_history_delete, 允许受控删除已取消任务自有的未批准生产历史。
INFO  [alembic.runtime.migration] Running upgrade 0033_task_owned_history_delete -> 0034_publication_redesign, 以发布工作、首次核验成果和发布后内容问题替换旧发布记录。
INFO  [alembic.runtime.migration] Running upgrade 0034_publication_redesign -> 0035_business_workflow, 建立事实提交、内容单主线、发布版本快照与 GEO 来源合同。
INFO  [alembic.runtime.migration] Running upgrade 0035_business_workflow -> 0036_remove_section_url, 删除没有稳定业务含义的发布栏目地址。
INFO  [alembic.runtime.migration] Running upgrade 0036_remove_section_url -> 0037_simplify_deletion_lifecycle, 收缩任务、配置与审计的删除生命周期。
INFO  [alembic.runtime.migration] Running upgrade 0037_simplify_deletion_lifecycle -> 0038_published_article_delete, 允许受控删除无 GEO 引用的发布成果聚合。
INFO  [alembic.runtime.migration] Running upgrade 0038_published_article_delete -> 0039_article_delete_platform, 允许归档任务在删除失效平台的发布成果后转为已取消。
INFO  [alembic.runtime.migration] Running upgrade 0039_article_delete_platform -> 0040_content_draft_management, 允许当前人工未审核草稿受控保存和彻底删除。
INFO  [alembic.runtime.migration] Running upgrade 0040_content_draft_management -> 0041_content_task_list, 补齐内容任务列表的稳定更新时间与排序索引。
INFO  [alembic.runtime.migration] Running upgrade 0041_content_task_list -> 0042_content_version_detail, 记录内容版本自身的真实更新时间。
INFO  [alembic.runtime.migration] Running upgrade 0042_content_version_detail -> 0043_geo_platform_identity, 冻结发布工作的平台 UUID，避免配置删除后 GEO 历史失去身份。
INFO  [alembic.runtime.migration] Running upgrade 0043_geo_platform_identity -> 0044_geo_catalog, 新增 GEO Catalog 三表；冻结本 revision，不读取运行时 ORM。
INFO  [alembic.runtime.migration] Running upgrade 0044_geo_catalog -> 0045_geo_prompt_variants, 仅新增问题变体，冻结规范化及历史锁存，不回填旧问题数组。
INFO  [alembic.runtime.migration] Running upgrade 0045_geo_prompt_variants -> 0046_geo_surfaces_profiles, 新增观测配置与闭合JSON合同；不回填旧GEO或实现运行资格。
INFO  [alembic.runtime.migration] Running upgrade 0046_geo_surfaces_profiles -> 0047_geo_monitoring_plans, 仅增加计划配置聚合；不创建批次、运行或改写历史观测。
INFO  [alembic.runtime.migration] Running upgrade 0047_geo_monitoring_plans -> 0048_geo_batches_runs, 新增独立回答级 Batch/Run，冻结 DDL 与快照/写入守卫，不迁移旧 GEO。
INFO  [alembic.runtime.migration] Running upgrade 0048_geo_batches_runs -> 0049_geo_batch_creation, 创建幂等与批次主体引用；不修改已冻结的 Batch/Run 输入。
INFO  [alembic.runtime.migration] Running upgrade 0049_geo_batch_creation -> 0050_geo_answer_evidence, 新增不可变原始回答、引用和受控文件关系；不实现采集命令。
INFO  [alembic.runtime.migration] Running upgrade 0050_geo_answer_evidence -> 0051_geo_manual_collection, 人工草稿和不可变提交身份；不回填或修改已提交证据。
INFO  [alembic.runtime.migration] Running upgrade 0051_geo_manual_collection -> 0052_geo_profile_tests, API Profile 当前诊断资格与依赖失效；不修改业务历史。
INFO  [alembic.runtime.migration] Running upgrade 0052_geo_profile_tests -> 0053_geo_collection_admission, 加法保存预算预留与发送限速事实，历史 Run 和原始证据保持不变。
INFO  [alembic.runtime.migration] Running upgrade 0053_geo_collection_admission -> 0054_geo_analysis_contract, 分析输入/结果、追加复核与限定 current pointer；不回填历史证据。
INFO  [alembic.runtime.migration] Running upgrade 0054_geo_analysis_contract -> 0055_geo_analysis_worker, 分析执行租约与引用结果；不回填或重写已有 revision。
INFO  [alembic.runtime.migration] Running upgrade 0055_geo_analysis_worker -> 0056_geo_run_review, 受控人工复核发布；历史机器结果与Review不回填、不改写。
INFO  [alembic.runtime.migration] Running upgrade 0056_geo_run_review -> 0057_geo_insight_indexes, GEO-607：洞察日期候选索引，不改变历史数据或业务约束。
INFO  [alembic.runtime.migration] Running upgrade 0057_geo_insight_indexes -> 0058_geo_rule_configuration, GEO-701：当前规则配置和不可变 revision 历史，不回填既有评估。
INFO  [alembic.runtime.migration] Running upgrade 0058_geo_rule_configuration -> 0059_geo_opportunities, GEO-702：机会、追加来源/行动/评估及真实 Batch 来源外键。
INFO  [alembic.runtime.migration] Running upgrade 0059_geo_opportunities -> 0060_geo_opportunity_actions, GEO-704：行动来源快照、幂等回执与目标生命周期保护。
INFO  [alembic.runtime.migration] Running upgrade 0060_geo_opportunity_actions -> 0061_geo_retests, GEO-705：严格复测冻结基线、幂等回执和提交时矩阵验证。
INFO  [alembic.runtime.migration] Running upgrade 0061_geo_retests -> 0062_geo_opportunity_decisions, GEO-706：加法保存显式处理和不可变比较证据，不回填历史。

> partsignal-frontend-v2@0.1.0 build
> tsc -b && vite build --config vite.config.ts

vite v8.2.1 building client environment for production...
[2Ktransforming...✓ 3005 modules transformed.
rendering chunks...
computing gzip size...
dist/index.html                                                    0.57 kB │ gzip:   0.34 kB
dist/assets/index-Btqa2CjT.css                                    83.46 kB │ gzip:  14.39 kB
dist/assets/queryOptions-Dfvzj6n2.js                               0.03 kB │ gzip:   0.05 kB
dist/assets/route-5zGdn2Pu.js                                      0.07 kB │ gzip:   0.08 kB
dist/assets/route-AFUjE5vR.js                                      0.07 kB │ gzip:   0.08 kB
dist/assets/route-Bdkyf40J.js                                      0.07 kB │ gzip:   0.08 kB
dist/assets/route-BnOgN25L.js                                      0.07 kB │ gzip:   0.08 kB
dist/assets/route-CACU0Ncw.js                                      0.07 kB │ gzip:   0.08 kB
dist/assets/route-CAUin8c-.js                                      0.07 kB │ gzip:   0.08 kB
dist/assets/route-CtPZVZSG.js                                      0.07 kB │ gzip:   0.08 kB
dist/assets/route-DM9PFocW.js                                      0.07 kB │ gzip:   0.08 kB
dist/assets/route-DZLPx2O5.js                                      0.07 kB │ gzip:   0.08 kB
dist/assets/route-Dfp-b3_F.js                                      0.07 kB │ gzip:   0.08 kB
dist/assets/route-DrhND8Ss.js                                      0.07 kB │ gzip:   0.08 kB
dist/assets/route-DwBi_ZMu.js                                      0.07 kB │ gzip:   0.08 kB
dist/assets/route-SgbaIUWS.js                                      0.07 kB │ gzip:   0.08 kB
dist/assets/route-Tim3UNye.js                                      0.07 kB │ gzip:   0.08 kB
dist/assets/coerce-DdB2QyS1.js                                     0.08 kB │ gzip:   0.10 kB
dist/assets/isElementDisabled-KSuuBj8D.js                          0.11 kB │ gzip:   0.11 kB
dist/assets/not-found-i5RsCZif.js                                  0.11 kB │ gzip:   0.11 kB
dist/assets/chevron-right-CV2TPTVt.js                              0.13 kB │ gzip:   0.14 kB
dist/assets/canonical-uuid-CGKHezXS.js                             0.13 kB │ gzip:   0.13 kB
dist/assets/matchContext-B0YTMpvO.js                               0.16 kB │ gzip:   0.14 kB
dist/assets/settings.ai-CipVaq6G.js                                0.21 kB │ gzip:   0.20 kB
dist/assets/geo-rules-BWrkKy45.js                                  0.21 kB │ gzip:   0.20 kB
dist/assets/_taskId_.editor-_qjLAkbp.js                            0.22 kB │ gzip:   0.20 kB
dist/assets/_taskId_.review-zeX8OAEE.js                            0.22 kB │ gzip:   0.20 kB
dist/assets/route-DFljbmbX.js                                      0.22 kB │ gzip:   0.20 kB
dist/assets/system.audit-qBeF2bb1.js                               0.22 kB │ gzip:   0.20 kB
dist/assets/system.users-0TM8kiXu.js                               0.22 kB │ gzip:   0.20 kB
dist/assets/settings.prompts-9jQdIs2s.js                           0.22 kB │ gzip:   0.20 kB
dist/assets/print-DcgqoyBf.js                                      0.22 kB │ gzip:   0.18 kB
dist/assets/_taskId-Vsd3-0WC.js                                    0.22 kB │ gzip:   0.21 kB
dist/assets/settings.platforms.types-C4NjYBws.js                   0.22 kB │ gzip:   0.21 kB
dist/assets/versions_._versionId-BW6wP3pa.js                       0.22 kB │ gzip:   0.21 kB
dist/assets/_platformId-BeKfjBVf.js                                0.22 kB │ gzip:   0.20 kB
dist/assets/settings.ai_._channelId-Z_MUrH5D.js                    0.22 kB │ gzip:   0.20 kB
dist/assets/_observationId-B3QjNhkV.js                             0.23 kB │ gzip:   0.21 kB
dist/assets/useControlled-DMK4Pb-8.js                              0.24 kB │ gzip:   0.21 kB
dist/assets/skeleton-Ged3Zc9T.js                                   0.24 kB │ gzip:   0.20 kB
dist/assets/table-shell-BGuXgMNH.js                                0.33 kB │ gzip:   0.24 kB
dist/assets/usePopupHandleStore-BirVG9ro.js                        0.35 kB │ gzip:   0.25 kB
dist/assets/reports-3DHotDam.js                                    0.42 kB │ gzip:   0.29 kB
dist/assets/table-toolbar-JNNhOzlg.js                              0.42 kB │ gzip:   0.27 kB
dist/assets/table-skeleton-G-FjuOli.js                             0.45 kB │ gzip:   0.35 kB
dist/assets/route-error-Bl0menBv.js                                0.46 kB │ gzip:   0.31 kB
dist/assets/_productId-Cu3oT6KN.js                                 0.49 kB │ gzip:   0.35 kB
dist/assets/_productId_.facts-C-S7KVKf.js                          0.50 kB │ gzip:   0.36 kB
dist/assets/_productId_.facts_.versions_._versionId-996oc21h.js    0.50 kB │ gzip:   0.36 kB
dist/assets/_productId_.facts_.review-CtF33cCX.js                  0.50 kB │ gzip:   0.37 kB
dist/assets/_observationId_.correct-Bk5fKM3m.js                    0.51 kB │ gzip:   0.37 kB
dist/assets/useCompositeItem-BGClVRCY.js                           0.54 kB │ gzip:   0.37 kB
dist/assets/empty-table-DARB4g0g.js                                0.55 kB │ gzip:   0.33 kB
dist/assets/_observationId_.correct-CS_-2eSm.js                    0.58 kB │ gzip:   0.31 kB
dist/assets/content-version.model-BVKgM5xI.js                      0.61 kB │ gzip:   0.43 kB
dist/assets/detail-section-Dm8gVxQG.js                             0.63 kB │ gzip:   0.34 kB
dist/assets/return-to-BzbJXkRi.js                                  0.63 kB │ gzip:   0.39 kB
dist/assets/workbench.api-Cm9VqJUK.js                              0.71 kB │ gzip:   0.46 kB
dist/assets/route-Do6Dxmmm.js                                      0.72 kB │ gzip:   0.50 kB
dist/assets/geo-rules-DArnc-nV.js                                  0.83 kB │ gzip:   0.56 kB
dist/assets/textarea-CPcbKIlY.js                                   0.83 kB │ gzip:   0.43 kB
dist/assets/timeline-BSjJ8olh.js                                   0.94 kB │ gzip:   0.49 kB
dist/assets/form-field-B911B1W8.js                                 0.98 kB │ gzip:   0.54 kB
dist/assets/rowSortingFeature-D30xF4v4.js                          1.02 kB │ gzip:   0.49 kB
dist/assets/geo-observation-actions-C2i_qn8N.js                    1.09 kB │ gzip:   0.67 kB
dist/assets/print-Ck_UkRqr.js                                      1.20 kB │ gzip:   0.67 kB
dist/assets/product-deletion-dialog-CbQExXl9.js                    1.20 kB │ gzip:   0.76 kB
dist/assets/security-C2-XVjav.js                                   1.22 kB │ gzip:   0.65 kB
dist/assets/filter-bar-DP_OQtoc.js                                 1.23 kB │ gzip:   0.72 kB
dist/assets/new-Dh9EZ7Xi.js                                        1.26 kB │ gzip:   0.73 kB
dist/assets/form-layout-B0Bgsdpq.js                                1.29 kB │ gzip:   0.69 kB
dist/assets/print-B4Uo29Bw.js                                      1.31 kB │ gzip:   0.75 kB
dist/assets/login-B9kCGdag.js                                      1.31 kB │ gzip:   0.71 kB
dist/assets/reports.api-CHeVtd_T.js                                1.39 kB │ gzip:   0.85 kB
dist/assets/file-transfer-bcVkqTxX.js                              1.41 kB │ gzip:   0.83 kB
dist/assets/useBaseUiId-C9V7pCeo.js                                1.42 kB │ gzip:   0.80 kB
dist/assets/table-pagination-CF8MeQLT.js                           1.48 kB │ gzip:   0.81 kB
dist/assets/auth-page-frame-DoVKxoBO.js                            1.49 kB │ gzip:   0.74 kB
dist/assets/badge-DofVsWMx.js                                      1.57 kB │ gzip:   0.70 kB
dist/assets/audit.api-CJdaHu1x.js                                  1.62 kB │ gzip:   0.76 kB
dist/assets/sticky-action-bar-CoI46L3O.js                          1.62 kB │ gzip:   0.86 kB
dist/assets/versions_._versionId-D8KGaITr.js                       1.72 kB │ gzip:   0.89 kB
dist/assets/_productId_.facts_.versions_._versionId-F7GfHp_3.js    1.77 kB │ gzip:   0.89 kB
dist/assets/workspace-shell-C1jNJfH1.js                            1.77 kB │ gzip:   0.83 kB
dist/assets/reports-DZCQ8Jwj.js                                    1.77 kB │ gzip:   0.98 kB
dist/assets/insights-DvPD-lj-.js                                   1.82 kB │ gzip:   0.98 kB
dist/assets/articles-BMMW_7pa.js                                   1.83 kB │ gzip:   0.97 kB
dist/assets/_articleId-K5_vNtBt.js                                 1.96 kB │ gzip:   1.09 kB
dist/assets/_productId_.facts_.versions-B9JJgdES.js                1.97 kB │ gzip:   1.06 kB
dist/assets/new-Bbb_dYqk.js                                        1.97 kB │ gzip:   1.07 kB
dist/assets/catalog-controls-Dsp5Sgc3.js                           1.98 kB │ gzip:   0.89 kB
dist/assets/overview-DEtBrQLa.js                                   1.99 kB │ gzip:   1.08 kB
dist/assets/_taskId-Dj0piCpY.js                                    2.00 kB │ gzip:   1.06 kB
dist/assets/issues-DumIlnN7.js                                     2.00 kB │ gzip:   1.05 kB
dist/assets/answers-DZPRu2JS.js                                    2.02 kB │ gzip:   1.09 kB
dist/assets/settings.platforms.types-aOeLSVJj.js                   2.05 kB │ gzip:   1.03 kB
dist/assets/_observationId-DEga7Z5K.js                             2.09 kB │ gzip:   1.08 kB
dist/assets/work-jY25rVpe.js                                       2.11 kB │ gzip:   1.10 kB
dist/assets/new-CjLce5rn.js                                        2.12 kB │ gzip:   1.19 kB
dist/assets/useStore-G3HF39DP.js                                   2.17 kB │ gzip:   0.93 kB
dist/assets/_productId-Dt8G80BX.js                                 2.18 kB │ gzip:   1.12 kB
dist/assets/platforms-Bz6ZZOP2.js                                  2.19 kB │ gzip:   1.14 kB
dist/assets/_taskId_.review-0Xl0AiTK.js                            2.20 kB │ gzip:   1.14 kB
dist/assets/_productId_.facts_.review-DCxOgD6O.js                  2.21 kB │ gzip:   1.13 kB
dist/assets/useRegisterFieldControl-BcstcGLC.js                    2.25 kB │ gzip:   1.07 kB
dist/assets/tasks-CV-yUWIp.js                                      2.25 kB │ gzip:   1.17 kB
dist/assets/_productId_.facts-BGgdbRBw.js                          2.25 kB │ gzip:   1.17 kB
dist/assets/_issueId-DmjYlieh.js                                   2.26 kB │ gzip:   1.24 kB
dist/assets/observations-B76DUYhl.js                               2.28 kB │ gzip:   1.17 kB
dist/assets/_taskId_.editor-DSQmZYir.js                            2.29 kB │ gzip:   1.19 kB
dist/assets/dialog-_BDsJ3QL.js                                     2.33 kB │ gzip:   0.91 kB
dist/assets/plans-D5GZZkVQ.js                                      2.34 kB │ gzip:   1.25 kB
dist/assets/system.audit-BzQ0dP_a.js                               2.35 kB │ gzip:   1.18 kB
dist/assets/topics-BH1CqeNd.js                                     2.38 kB │ gzip:   1.23 kB
dist/assets/input-BctqO2IH.js                                      2.47 kB │ gzip:   1.25 kB
dist/assets/dirty-guard-BVGYRLGl.js                                2.58 kB │ gzip:   1.23 kB
dist/assets/settings.ai-BnwOffys.js                                2.64 kB │ gzip:   1.34 kB
dist/assets/prompt.api-DzGm0lBb.js                                 2.65 kB │ gzip:   1.01 kB
dist/assets/products-drYUWcSp.js                                   2.74 kB │ gzip:   1.41 kB
dist/assets/useCompositeListItem-u8lPl9Q5.js                       3.11 kB │ gzip:   1.41 kB
dist/assets/security-Dg4Up7yY.js                                   3.12 kB │ gzip:   1.52 kB
dist/assets/settings.ai_._channelId-vkihz7NP.js                    3.13 kB │ gzip:   1.56 kB
dist/assets/login-LeSoQtrI.js                                      3.14 kB │ gzip:   1.53 kB
dist/assets/zod-C1u0HXxU.js                                        3.31 kB │ gzip:   1.24 kB
dist/assets/sheet-0BRE6UV0.js                                      3.73 kB │ gzip:   1.45 kB
dist/assets/audit-detail-content-DhXfHoo5.js                       3.90 kB │ gzip:   1.60 kB
dist/assets/print-CSFZ_OYM.js                                      4.13 kB │ gzip:   1.66 kB
dist/assets/Match-CkwEZkRF.js                                      4.38 kB │ gzip:   1.72 kB
dist/assets/product.model-iY9TiiKl.js                              4.40 kB │ gzip:   2.01 kB
dist/assets/new-BBRUZ9D9.js                                        4.49 kB │ gzip:   1.96 kB
dist/assets/overview-bVC9O_AL.js                                   4.75 kB │ gzip:   1.93 kB
dist/assets/_workId-DWpLO-QI.js                                    4.75 kB │ gzip:   2.43 kB
dist/assets/insights.model-Dgm64RZj.js                             4.77 kB │ gzip:   2.51 kB
dist/assets/insight-filters-D7VyBmvG.js                            4.84 kB │ gzip:   2.41 kB
dist/assets/lazyRouteComponent-Cdl6N99Q.js                         4.88 kB │ gzip:   1.75 kB
dist/assets/settings.prompts-C9HOYu9S.js                           4.92 kB │ gzip:   2.42 kB
dist/assets/issues-jScXwL_-.js                                     5.10 kB │ gzip:   2.13 kB
dist/assets/_productId_.facts_.versions-BFamFlm8.js                5.26 kB │ gzip:   2.36 kB
dist/assets/composite-BFXAxcw7.js                                  5.88 kB │ gzip:   2.28 kB
dist/assets/articles-Cb-lCcr7.js                                   5.96 kB │ gzip:   2.41 kB
dist/assets/geo-evidence-upload-rUEFCArq.js                        6.15 kB │ gzip:   2.67 kB
dist/assets/client-C6dNGmfD.js                                     6.59 kB │ gzip:   2.58 kB
dist/assets/principal-epoch-1sT-YUbO.js                            6.87 kB │ gzip:   2.33 kB
dist/assets/globalFilteringFeature-CLA_gh8R.js                     6.95 kB │ gzip:   1.98 kB
dist/assets/plans.api-BZm5Vy7O.js                                  7.47 kB │ gzip:   3.16 kB
dist/assets/_app-Dy44loO9.js                                       7.72 kB │ gzip:   2.58 kB
dist/assets/_platformId-D2zfH9BX.js                                7.74 kB │ gzip:   3.47 kB
dist/assets/insights.api-CSMxGjB2.js                               7.79 kB │ gzip:   2.67 kB
dist/assets/QueryClientProvider-Bi8hvFQP.js                        7.81 kB │ gzip:   3.04 kB
dist/assets/product.api-bW-bfZRy.js                                7.94 kB │ gzip:   2.59 kB
dist/assets/_productId_.facts_.versions_._versionId-B9qfmw58.js    8.18 kB │ gzip:   2.62 kB
dist/assets/geo-rules-CdZRpAsX.js                                  8.38 kB │ gzip:   3.62 kB
dist/assets/jsx-runtime-B-hcVAMW.js                                8.55 kB │ gzip:   3.26 kB
dist/assets/x-Bw71tLeX.js                                          8.72 kB │ gzip:   3.14 kB
dist/assets/questions-HkzA8WG6.js                                  8.80 kB │ gzip:   3.89 kB
dist/assets/new-Dx5KjHo4.js                                        8.99 kB │ gzip:   3.80 kB
dist/assets/geo-entities-BmkIegNQ.js                               9.09 kB │ gzip:   3.63 kB
dist/assets/products-BH1RZUNg.js                                   9.24 kB │ gzip:   3.71 kB
dist/assets/tasks-B-On6saT.js                                      9.26 kB │ gzip:   3.57 kB
dist/assets/platform.api-CH7uJbaP.js                               9.71 kB │ gzip:   3.25 kB
dist/assets/geo-insights-report-ifdevQAm.js                       10.34 kB │ gzip:   2.88 kB
dist/assets/opportunities-BqNWLlp5.js                             10.66 kB │ gzip:   4.34 kB
dist/assets/versions_._versionId-Cl4peNMk.js                      12.02 kB │ gzip:   3.81 kB
dist/assets/tabs-BZel-BBo.js                                      12.50 kB │ gzip:   4.72 kB
dist/assets/system.audit-XYMfbpGF.js                              12.54 kB │ gzip:   4.38 kB
dist/assets/observations-CJyIvhiG.js                              12.54 kB │ gzip:   4.87 kB
dist/assets/content-task-lifecycle-CUi_Gm4L.js                    12.58 kB │ gzip:   4.70 kB
dist/assets/system.users-BN2ZqsTD.js                              12.93 kB │ gzip:   5.51 kB
dist/assets/insights-D8-919WQ.js                                  13.42 kB │ gzip:   4.92 kB
dist/assets/runs-2LEuB8wO.js                                      13.62 kB │ gzip:   5.10 kB
dist/assets/route-Bf73GuRC.js                                     14.07 kB │ gzip:   5.29 kB
dist/assets/report-page-C-H34Wka.js                               14.11 kB │ gzip:   4.41 kB
dist/assets/geo-rules-Bj0Scd8g.js                                 14.20 kB │ gzip:   5.36 kB
dist/assets/_taskId-C2OOo3Ut.js                                   14.87 kB │ gzip:   4.63 kB
dist/assets/content.api-EGW6ElK6.js                               14.90 kB │ gzip:   4.32 kB
dist/assets/_productId_.facts_.review-BIEQlNW6.js                 15.87 kB │ gzip:   5.65 kB
dist/assets/work-Dc7n9fJD.js                                      15.92 kB │ gzip:   5.21 kB
dist/assets/publication.api-CpF7oGQp.js                           16.20 kB │ gzip:   4.80 kB
dist/assets/_articleId-_-Yvxpyz.js                                16.27 kB │ gzip:   5.43 kB
dist/assets/useQuery-C44PsoTH.js                                  16.32 kB │ gzip:   5.47 kB
dist/assets/insight-page-frame-BKbNfwab.js                        16.34 kB │ gzip:   5.29 kB
dist/assets/settings.platforms.types-wZfbYfcm.js                  16.45 kB │ gzip:   5.93 kB
dist/assets/new-CCIinOmM.js                                       16.97 kB │ gzip:   6.06 kB
dist/assets/platforms-DgWGTlFf.js                                 17.07 kB │ gzip:   6.19 kB
dist/assets/auth-provider-B8bISfjO.js                             17.09 kB │ gzip:   6.22 kB
dist/assets/_productId_.facts-Dyq8D74Q.js                         17.36 kB │ gzip:   5.84 kB
dist/assets/_taskId_.review-Bz67AIg4.js                           17.51 kB │ gzip:   6.08 kB
dist/assets/settings.ai-nxzwXblu.js                               17.54 kB │ gzip:   6.33 kB
dist/assets/_productId-B-kEA5hO.js                                17.59 kB │ gzip:   5.91 kB
dist/assets/row-actions-27xtpAbx.js                               17.90 kB │ gzip:   6.59 kB
dist/assets/_observationId-BiZvdZs6.js                            18.05 kB │ gzip:   5.76 kB
dist/assets/geo.api-B_H-pl9I.js                                   18.53 kB │ gzip:   5.93 kB
dist/assets/geo-surfaces-BsvYEn6g.js                              18.81 kB │ gzip:   6.98 kB
dist/assets/link-q1g_2QVr.js                                      19.54 kB │ gzip:   7.58 kB
dist/assets/_issueId-CnIk1z3G.js                                  19.62 kB │ gzip:   6.52 kB
dist/assets/topics-BZHQlQP2.js                                    20.02 kB │ gzip:   7.06 kB
dist/assets/audit.model-CbTuovnZ.js                               20.06 kB │ gzip:   6.30 kB
dist/assets/ai-channel-workspace.model-CHo8GJJU.js                20.72 kB │ gzip:   6.32 kB
dist/assets/_observationId_.correct-BaoMZEuI.js                   24.46 kB │ gzip:   8.25 kB
dist/assets/answers-6C5VuetN.js                                   28.41 kB │ gzip:   7.96 kB
dist/assets/_workId-sZs1j7j-.js                                   28.55 kB │ gzip:   8.91 kB
dist/assets/questions-CXyKVOy9.js                                 28.85 kB │ gzip:   9.24 kB
dist/assets/select-C4fYgqE8.js                                    30.10 kB │ gzip:  10.91 kB
dist/assets/settings.prompts-C1UlZn5M.js                          30.84 kB │ gzip:   9.99 kB
dist/assets/system.users-By1S-tf9.js                              31.04 kB │ gzip:   9.77 kB
dist/assets/geo-entities-Nv--YVVz.js                              35.34 kB │ gzip:  10.94 kB
dist/assets/icon-button-BnCGZvfP.js                               36.26 kB │ gzip:  12.08 kB
dist/assets/providers-BMrCP-6A.js                                 36.34 kB │ gzip:  10.81 kB
dist/assets/column-header-BMlSZuLK.js                             36.45 kB │ gzip:  11.43 kB
dist/assets/ToolbarRootContext-Ds9pgHiG.js                        36.62 kB │ gzip:  14.02 kB
dist/assets/geo-surfaces-7kGqtSaY.js                              37.44 kB │ gzip:  11.53 kB
dist/assets/index.esm-CDk9jdcJ.js                                 37.59 kB │ gzip:  13.14 kB
dist/assets/_taskId_.editor-DQtovKF3.js                           37.93 kB │ gzip:  11.55 kB
dist/assets/_platformId-CKfv13w1.js                               38.94 kB │ gzip:  11.60 kB
dist/assets/createLucideIcon-CIck69jA.js                          39.80 kB │ gzip:  14.03 kB
dist/assets/button-BZhX1_Og.js                                    40.12 kB │ gzip:  13.54 kB
dist/assets/route-CV7EEn4_.js                                     43.48 kB │ gzip:  15.62 kB
dist/assets/settings.ai_._channelId-DMBzyeip.js                   49.69 kB │ gzip:  13.69 kB
dist/assets/plans-C9D7aB3K.js                                     50.94 kB │ gzip:  15.79 kB
dist/assets/opportunities-DvZjORHH.js                             61.09 kB │ gzip:  16.46 kB
dist/assets/schemas-P6hRA_MM.js                                   69.76 kB │ gzip:  18.62 kB
dist/assets/runs-C-5BQfKV.js                                      95.05 kB │ gzip:  27.29 kB
dist/assets/index-CEE66H6b.js                                    189.11 kB │ gzip:  60.51 kB
dist/assets/markdown-editor-gxiPC32h.js                          729.88 kB │ gzip: 245.01 kB

✓ built in 509ms
[plugin builtin:vite-reporter] 
(!) Some chunks are larger than 500 kB after minification. Consider:
- Using dynamic import() to code-split the application
- Use build.rolldownOptions.output.codeSplitting to improve chunking: https://rolldown.rs/reference/OutputOptions.codeSplitting
- Adjust chunk size limit for this warning via build.chunkSizeWarningLimit.
已创建或确认管理员和内容工程师账号。
GEO E2E provider listening on http://127.0.0.1:19012
INFO:     Started server process [91435]
INFO:     Waiting for application startup.
INFO:     Application startup complete.
INFO:     Uvicorn running on http://127.0.0.1:9001 (Press CTRL+C to quit)
INFO:     Started server process [91434]
INFO:     Waiting for application startup.
INFO:     Application startup complete.
INFO:     Uvicorn running on http://127.0.0.1:19009 (Press CTRL+C to quit)
  ➜  Local:   http://127.0.0.1:4174/
INFO:     Started server process [91433]
INFO:     Waiting for application startup.
INFO:     Application startup complete.
INFO:     Uvicorn running on http://127.0.0.1:8000 (Press CTRL+C to quit)
INFO:     127.0.0.1:49493 - "GET /api/health/ready HTTP/1.1" 200 OK
INFO:     127.0.0.1:49496 - "GET /v1/models HTTP/1.1" 200 OK

> partsignal-frontend-v2@0.1.0 e2e:raw
> playwright test tests/e2e/geo-api-real-stack.spec.ts --project=foundation-desktop


Running 2 tests using 1 worker

(node:91467) Warning: The 'NO_COLOR' env is ignored due to the 'FORCE_COLOR' env being set.
(Use `node --trace-warnings ...` to show where the warning was created)
  -  1 [foundation-desktop] › tests/e2e/geo-api-real-stack.spec.ts:18:1 › API 自动轮询、原文引用、部分 usage、费用、429/未知结果与显式新尝试
INFO:     127.0.0.1:49511 - "POST /api/v1/auth/login HTTP/1.1" 200 OK
INFO:     127.0.0.1:49518 - "GET /api/v1/auth/session HTTP/1.1" 200 OK
INFO:     127.0.0.1:49518 - "GET /api/v1/geo/observation-runs?sort=CREATED_DESC&page=1&page_size=20&batch_id=4ec91e55-b4fd-430a-be40-0c497eb2a02f&latest_only=true HTTP/1.1" 200 OK
INFO:     127.0.0.1:49519 - "GET /api/v1/geo/observation-batches/4ec91e55-b4fd-430a-be40-0c497eb2a02f HTTP/1.1" 200 OK
INFO:     127.0.0.1:49520 - "GET /api/v1/geo/observation-runs/327bfb30-c71e-4d69-a0a2-99d7e1c4c132 HTTP/1.1" 200 OK
INFO:     127.0.0.1:49511 - "GET /api/v1/geo/observation-runs/327bfb30-c71e-4d69-a0a2-99d7e1c4c132 HTTP/1.1" 200 OK
INFO:     127.0.0.1:49511 - "POST /api/v1/geo/observation-runs/327bfb30-c71e-4d69-a0a2-99d7e1c4c132/retry HTTP/1.1" 422 Unprocessable Entity
INFO:     127.0.0.1:49511 - "GET /api/v1/geo/collection-profiles/d0aba4b8-f219-4c0b-b2e9-a09320c7f863 HTTP/1.1" 200 OK
  ✓  2 [foundation-desktop] › tests/e2e/geo-api-real-stack.spec.ts:125:1 › 关闭开关的新 API/Worker 消费真实 PENDING，明确失败且 provider 零调用 (454ms)

  1 skipped
  1 passed (752ms)
E2E_SECRET_SCAN status=clean
E2E_RESULT playwright=0 secret_scan=0
INFO:     Shutting down
INFO:     Waiting for application shutdown.
INFO:     Application shutdown complete.
INFO:     Finished server process [91435]

worker: Warm shutdown (MainProcess)
INFO:     Shutting down
INFO:     Waiting for application shutdown.
INFO:     Application shutdown complete.
INFO:     Finished server process [91434]
INFO:     Shutting down
INFO:     Waiting for application shutdown.
INFO:     Application shutdown complete.
INFO:     Finished server process [91433]
E2E_CLEANUP redis_db=14 keys=1 status=deleted
E2E_CLEANUP ports=8000,9001,4174,19009,19012 status=released
E2E_CLEANUP database=partsignal_e2e_20261004_d810286d6fbe79c4cd66866dfb297b8d status=dropped
E2E_CLEANUP storage=/var/folders/m5/j06tv2sn1hn93d6f33j559jm0000gn/T//partsignal-e2e-storage.bg1spM status=removed
E2E_GEO phase=api-disabled status=passed
E2E_GEO phase=monitoring-disabled status=begin
E2E_SECRET_REGISTRATION status=ready
INFO  [alembic.runtime.migration] Context impl PostgresqlImpl.
INFO  [alembic.runtime.migration] Will assume transactional DDL.
INFO  [alembic.runtime.migration] Running upgrade  -> 0001_identity_audit, 创建身份、会话和审计表。
INFO  [alembic.runtime.migration] Running upgrade 0001_identity_audit -> 0002_product_facts, 创建规范化产品事实和不可变事实版本。
INFO  [alembic.runtime.migration] Running upgrade 0002_product_facts -> 0003_content_planning, 创建目标问题、平台规则版本和内容任务。
INFO  [alembic.runtime.migration] Running upgrade 0003_content_planning -> 0004_content_production, 创建 PostgreSQL 权威生成作业和不可变 Markdown 内容版本。
INFO  [alembic.runtime.migration] Running upgrade 0004_content_production -> 0005_content_review, 创建追加式内容审核记录。
INFO  [alembic.runtime.migration] Running upgrade 0005_content_review -> 0006_publication, 创建平台账号、人工发布记录和状态事件。
INFO  [alembic.runtime.migration] Running upgrade 0006_publication -> 0007_geo_observation, 创建追加式 GEO 观测及引用关联。
INFO  [alembic.runtime.migration] Running upgrade 0007_geo_observation -> 0008_files, 创建文件生命周期、附件关联并补加证据文件外键。
INFO  [alembic.runtime.migration] Running upgrade 0008_files -> 0009_config_center, 迁移账号类型、配置中心与真实 AI 生成字段。
INFO  [alembic.runtime.migration] Running upgrade 0009_config_center -> 0010_user_cleanup, 清理旧版职责账号并强制既有内容工程师改密。
INFO  [alembic.runtime.migration] Running upgrade 0010_user_cleanup -> 0011_generation_reliability, 增加生成作业补投递诊断字段与到期扫描索引。
INFO  [alembic.runtime.migration] Running upgrade 0011_generation_reliability -> 0012_ai_data_classification, 为生成输入增加显式数据分级与责任人记录。
INFO  [alembic.runtime.migration] Running upgrade 0012_ai_data_classification -> 0013_publication_closure, 增加发布异常待办、修复任务来源和发布平台一致性门禁。
INFO  [alembic.runtime.migration] Running upgrade 0013_publication_closure -> 0014_platform_prompt_ownership, 将当前 Prompt 所有权从平台类型迁移到具体平台。
INFO  [alembic.runtime.migration] Running upgrade 0014_platform_prompt_ownership -> 0015_platform_rule_draft_editing, 允许按修订号编辑平台规则草稿，并继续冻结已激活或退役正文。
INFO  [alembic.runtime.migration] Running upgrade 0015_platform_rule_draft_editing -> 0016_fact_review_cleanup, 允许受约束删除事实版本时清理其从属审核记录。
INFO  [alembic.runtime.migration] Running upgrade 0016_fact_review_cleanup -> 0017_content_humanization, 增加全局自然化 Prompt，并让现有 AI 作业承载自然化修订。
INFO  [alembic.runtime.migration] Running upgrade 0017_content_humanization -> 0018_manual_geo_observation, 增加产品级人工 GEO 观测，并保留旧模型观测历史。
INFO  [alembic.runtime.migration] Running upgrade 0018_manual_geo_observation -> 0019_product_driven_tasks, 允许新内容任务直接围绕产品创建，同时保留历史目标问题关联。
INFO  [alembic.runtime.migration] Running upgrade 0019_product_driven_tasks -> 0020_platform_branding_task_list, 为具体平台增加官网与单一来源 Logo。
INFO  [alembic.runtime.migration] Running upgrade 0020_platform_branding_task_list -> 0021_ai_channel_model_management, 补齐 AI 渠道身份字段与使用统计索引。
INFO  [alembic.runtime.migration] Running upgrade 0021_ai_channel_model_management -> 0022_geo_observation_insights, 补充人工 GEO 逐篇阶段事实与问题主题约束。
INFO  [alembic.runtime.migration] Running upgrade 0022_geo_observation_insights -> 0023_platform_management, 增加具体平台启停状态与管理聚合索引。
INFO  [alembic.runtime.migration] Running upgrade 0023_platform_management -> 0024_audit_outcome, 补齐审计模块、命令结果和安全结果说明。
INFO  [alembic.runtime.migration] Running upgrade 0024_audit_outcome -> 0025_markdown_facts, 将结构化产品事实收敛为 Markdown，并让内容任务直接绑定平台。
INFO  [alembic.runtime.migration] Running upgrade 0025_markdown_facts -> 0026_publication_account_dedup, 补齐发布账号修订约束，并阻止同平台规范化账号标识重复。
INFO  [alembic.runtime.migration] Running upgrade 0026_publication_account_dedup -> 0027_audit_user_delete_guard, 只允许受约束用户删除把匹配审计操作者置空。
INFO  [alembic.runtime.migration] Running upgrade 0027_audit_user_delete_guard -> 0028_platform_logo_lifecycle, 增加平台 Logo 的未引用保留、幂等删除状态与数据库门禁。
INFO  [alembic.runtime.migration] Running upgrade 0028_platform_logo_lifecycle -> 0029_geo_evidence_management, 收敛人工 GEO 独立事实，并为完整更正链删除增加事务门禁。
INFO  [alembic.runtime.migration] Running upgrade 0029_geo_evidence_management -> 0030_publication_record_delete, 为从未公开的发布聚合增加事务级受控删除门禁。
INFO  [alembic.runtime.migration] Running upgrade 0030_publication_record_delete -> 0031_reusable_platform_prompts, 把平台私有 Prompt 收敛为可复用模板和平台当前绑定。
INFO  [alembic.runtime.migration] Running upgrade 0031_reusable_platform_prompts -> 0032_content_task_idempotency, 为普通内容任务创建增加持久化请求键幂等约束。
INFO  [alembic.runtime.migration] Running upgrade 0032_content_task_idempotency -> 0033_task_owned_history_delete, 允许受控删除已取消任务自有的未批准生产历史。
INFO  [alembic.runtime.migration] Running upgrade 0033_task_owned_history_delete -> 0034_publication_redesign, 以发布工作、首次核验成果和发布后内容问题替换旧发布记录。
INFO  [alembic.runtime.migration] Running upgrade 0034_publication_redesign -> 0035_business_workflow, 建立事实提交、内容单主线、发布版本快照与 GEO 来源合同。
INFO  [alembic.runtime.migration] Running upgrade 0035_business_workflow -> 0036_remove_section_url, 删除没有稳定业务含义的发布栏目地址。
INFO  [alembic.runtime.migration] Running upgrade 0036_remove_section_url -> 0037_simplify_deletion_lifecycle, 收缩任务、配置与审计的删除生命周期。
INFO  [alembic.runtime.migration] Running upgrade 0037_simplify_deletion_lifecycle -> 0038_published_article_delete, 允许受控删除无 GEO 引用的发布成果聚合。
INFO  [alembic.runtime.migration] Running upgrade 0038_published_article_delete -> 0039_article_delete_platform, 允许归档任务在删除失效平台的发布成果后转为已取消。
INFO  [alembic.runtime.migration] Running upgrade 0039_article_delete_platform -> 0040_content_draft_management, 允许当前人工未审核草稿受控保存和彻底删除。
INFO  [alembic.runtime.migration] Running upgrade 0040_content_draft_management -> 0041_content_task_list, 补齐内容任务列表的稳定更新时间与排序索引。
INFO  [alembic.runtime.migration] Running upgrade 0041_content_task_list -> 0042_content_version_detail, 记录内容版本自身的真实更新时间。
INFO  [alembic.runtime.migration] Running upgrade 0042_content_version_detail -> 0043_geo_platform_identity, 冻结发布工作的平台 UUID，避免配置删除后 GEO 历史失去身份。
INFO  [alembic.runtime.migration] Running upgrade 0043_geo_platform_identity -> 0044_geo_catalog, 新增 GEO Catalog 三表；冻结本 revision，不读取运行时 ORM。
INFO  [alembic.runtime.migration] Running upgrade 0044_geo_catalog -> 0045_geo_prompt_variants, 仅新增问题变体，冻结规范化及历史锁存，不回填旧问题数组。
INFO  [alembic.runtime.migration] Running upgrade 0045_geo_prompt_variants -> 0046_geo_surfaces_profiles, 新增观测配置与闭合JSON合同；不回填旧GEO或实现运行资格。
INFO  [alembic.runtime.migration] Running upgrade 0046_geo_surfaces_profiles -> 0047_geo_monitoring_plans, 仅增加计划配置聚合；不创建批次、运行或改写历史观测。
INFO  [alembic.runtime.migration] Running upgrade 0047_geo_monitoring_plans -> 0048_geo_batches_runs, 新增独立回答级 Batch/Run，冻结 DDL 与快照/写入守卫，不迁移旧 GEO。
INFO  [alembic.runtime.migration] Running upgrade 0048_geo_batches_runs -> 0049_geo_batch_creation, 创建幂等与批次主体引用；不修改已冻结的 Batch/Run 输入。
INFO  [alembic.runtime.migration] Running upgrade 0049_geo_batch_creation -> 0050_geo_answer_evidence, 新增不可变原始回答、引用和受控文件关系；不实现采集命令。
INFO  [alembic.runtime.migration] Running upgrade 0050_geo_answer_evidence -> 0051_geo_manual_collection, 人工草稿和不可变提交身份；不回填或修改已提交证据。
INFO  [alembic.runtime.migration] Running upgrade 0051_geo_manual_collection -> 0052_geo_profile_tests, API Profile 当前诊断资格与依赖失效；不修改业务历史。
INFO  [alembic.runtime.migration] Running upgrade 0052_geo_profile_tests -> 0053_geo_collection_admission, 加法保存预算预留与发送限速事实，历史 Run 和原始证据保持不变。
INFO  [alembic.runtime.migration] Running upgrade 0053_geo_collection_admission -> 0054_geo_analysis_contract, 分析输入/结果、追加复核与限定 current pointer；不回填历史证据。
INFO  [alembic.runtime.migration] Running upgrade 0054_geo_analysis_contract -> 0055_geo_analysis_worker, 分析执行租约与引用结果；不回填或重写已有 revision。
INFO  [alembic.runtime.migration] Running upgrade 0055_geo_analysis_worker -> 0056_geo_run_review, 受控人工复核发布；历史机器结果与Review不回填、不改写。
INFO  [alembic.runtime.migration] Running upgrade 0056_geo_run_review -> 0057_geo_insight_indexes, GEO-607：洞察日期候选索引，不改变历史数据或业务约束。
INFO  [alembic.runtime.migration] Running upgrade 0057_geo_insight_indexes -> 0058_geo_rule_configuration, GEO-701：当前规则配置和不可变 revision 历史，不回填既有评估。
INFO  [alembic.runtime.migration] Running upgrade 0058_geo_rule_configuration -> 0059_geo_opportunities, GEO-702：机会、追加来源/行动/评估及真实 Batch 来源外键。
INFO  [alembic.runtime.migration] Running upgrade 0059_geo_opportunities -> 0060_geo_opportunity_actions, GEO-704：行动来源快照、幂等回执与目标生命周期保护。
INFO  [alembic.runtime.migration] Running upgrade 0060_geo_opportunity_actions -> 0061_geo_retests, GEO-705：严格复测冻结基线、幂等回执和提交时矩阵验证。
INFO  [alembic.runtime.migration] Running upgrade 0061_geo_retests -> 0062_geo_opportunity_decisions, GEO-706：加法保存显式处理和不可变比较证据，不回填历史。

> partsignal-frontend-v2@0.1.0 build
> tsc -b && vite build --config vite.config.ts

vite v8.2.1 building client environment for production...
[2Ktransforming...✓ 3005 modules transformed.
rendering chunks...
computing gzip size...
dist/index.html                                                    0.57 kB │ gzip:   0.34 kB
dist/assets/index-Btqa2CjT.css                                    83.46 kB │ gzip:  14.39 kB
dist/assets/queryOptions-Dfvzj6n2.js                               0.03 kB │ gzip:   0.05 kB
dist/assets/route-5zGdn2Pu.js                                      0.07 kB │ gzip:   0.08 kB
dist/assets/route-AFUjE5vR.js                                      0.07 kB │ gzip:   0.08 kB
dist/assets/route-Bdkyf40J.js                                      0.07 kB │ gzip:   0.08 kB
dist/assets/route-BnOgN25L.js                                      0.07 kB │ gzip:   0.08 kB
dist/assets/route-CACU0Ncw.js                                      0.07 kB │ gzip:   0.08 kB
dist/assets/route-CAUin8c-.js                                      0.07 kB │ gzip:   0.08 kB
dist/assets/route-CtPZVZSG.js                                      0.07 kB │ gzip:   0.08 kB
dist/assets/route-DM9PFocW.js                                      0.07 kB │ gzip:   0.08 kB
dist/assets/route-DZLPx2O5.js                                      0.07 kB │ gzip:   0.08 kB
dist/assets/route-Dfp-b3_F.js                                      0.07 kB │ gzip:   0.08 kB
dist/assets/route-DrhND8Ss.js                                      0.07 kB │ gzip:   0.08 kB
dist/assets/route-DwBi_ZMu.js                                      0.07 kB │ gzip:   0.08 kB
dist/assets/route-SgbaIUWS.js                                      0.07 kB │ gzip:   0.08 kB
dist/assets/route-Tim3UNye.js                                      0.07 kB │ gzip:   0.08 kB
dist/assets/coerce-DdB2QyS1.js                                     0.08 kB │ gzip:   0.10 kB
dist/assets/isElementDisabled-KSuuBj8D.js                          0.11 kB │ gzip:   0.11 kB
dist/assets/not-found-i5RsCZif.js                                  0.11 kB │ gzip:   0.11 kB
dist/assets/chevron-right-CV2TPTVt.js                              0.13 kB │ gzip:   0.14 kB
dist/assets/canonical-uuid-CGKHezXS.js                             0.13 kB │ gzip:   0.13 kB
dist/assets/matchContext-B0YTMpvO.js                               0.16 kB │ gzip:   0.14 kB
dist/assets/settings.ai-CipVaq6G.js                                0.21 kB │ gzip:   0.20 kB
dist/assets/geo-rules-BWrkKy45.js                                  0.21 kB │ gzip:   0.20 kB
dist/assets/_taskId_.editor-_qjLAkbp.js                            0.22 kB │ gzip:   0.20 kB
dist/assets/_taskId_.review-zeX8OAEE.js                            0.22 kB │ gzip:   0.20 kB
dist/assets/route-DFljbmbX.js                                      0.22 kB │ gzip:   0.20 kB
dist/assets/system.audit-qBeF2bb1.js                               0.22 kB │ gzip:   0.20 kB
dist/assets/system.users-0TM8kiXu.js                               0.22 kB │ gzip:   0.20 kB
dist/assets/settings.prompts-9jQdIs2s.js                           0.22 kB │ gzip:   0.20 kB
dist/assets/print-DcgqoyBf.js                                      0.22 kB │ gzip:   0.18 kB
dist/assets/_taskId-Vsd3-0WC.js                                    0.22 kB │ gzip:   0.21 kB
dist/assets/settings.platforms.types-C4NjYBws.js                   0.22 kB │ gzip:   0.21 kB
dist/assets/versions_._versionId-BW6wP3pa.js                       0.22 kB │ gzip:   0.21 kB
dist/assets/_platformId-BeKfjBVf.js                                0.22 kB │ gzip:   0.20 kB
dist/assets/settings.ai_._channelId-Z_MUrH5D.js                    0.22 kB │ gzip:   0.20 kB
dist/assets/_observationId-B3QjNhkV.js                             0.23 kB │ gzip:   0.21 kB
dist/assets/useControlled-DMK4Pb-8.js                              0.24 kB │ gzip:   0.21 kB
dist/assets/skeleton-Ged3Zc9T.js                                   0.24 kB │ gzip:   0.20 kB
dist/assets/table-shell-BGuXgMNH.js                                0.33 kB │ gzip:   0.24 kB
dist/assets/usePopupHandleStore-BirVG9ro.js                        0.35 kB │ gzip:   0.25 kB
dist/assets/reports-3DHotDam.js                                    0.42 kB │ gzip:   0.29 kB
dist/assets/table-toolbar-JNNhOzlg.js                              0.42 kB │ gzip:   0.27 kB
dist/assets/table-skeleton-G-FjuOli.js                             0.45 kB │ gzip:   0.35 kB
dist/assets/route-error-Bl0menBv.js                                0.46 kB │ gzip:   0.31 kB
dist/assets/_productId-Cu3oT6KN.js                                 0.49 kB │ gzip:   0.35 kB
dist/assets/_productId_.facts-C-S7KVKf.js                          0.50 kB │ gzip:   0.36 kB
dist/assets/_productId_.facts_.versions_._versionId-996oc21h.js    0.50 kB │ gzip:   0.36 kB
dist/assets/_productId_.facts_.review-CtF33cCX.js                  0.50 kB │ gzip:   0.37 kB
dist/assets/_observationId_.correct-Bk5fKM3m.js                    0.51 kB │ gzip:   0.37 kB
dist/assets/useCompositeItem-BGClVRCY.js                           0.54 kB │ gzip:   0.37 kB
dist/assets/empty-table-DARB4g0g.js                                0.55 kB │ gzip:   0.33 kB
dist/assets/_observationId_.correct-CS_-2eSm.js                    0.58 kB │ gzip:   0.31 kB
dist/assets/content-version.model-BVKgM5xI.js                      0.61 kB │ gzip:   0.43 kB
dist/assets/detail-section-Dm8gVxQG.js                             0.63 kB │ gzip:   0.34 kB
dist/assets/return-to-BzbJXkRi.js                                  0.63 kB │ gzip:   0.39 kB
dist/assets/workbench.api-Cm9VqJUK.js                              0.71 kB │ gzip:   0.46 kB
dist/assets/route-Do6Dxmmm.js                                      0.72 kB │ gzip:   0.50 kB
dist/assets/geo-rules-DArnc-nV.js                                  0.83 kB │ gzip:   0.56 kB
dist/assets/textarea-CPcbKIlY.js                                   0.83 kB │ gzip:   0.43 kB
dist/assets/timeline-BSjJ8olh.js                                   0.94 kB │ gzip:   0.49 kB
dist/assets/form-field-B911B1W8.js                                 0.98 kB │ gzip:   0.54 kB
dist/assets/rowSortingFeature-D30xF4v4.js                          1.02 kB │ gzip:   0.49 kB
dist/assets/geo-observation-actions-C2i_qn8N.js                    1.09 kB │ gzip:   0.67 kB
dist/assets/print-Ck_UkRqr.js                                      1.20 kB │ gzip:   0.67 kB
dist/assets/product-deletion-dialog-CbQExXl9.js                    1.20 kB │ gzip:   0.76 kB
dist/assets/security-C2-XVjav.js                                   1.22 kB │ gzip:   0.65 kB
dist/assets/filter-bar-DP_OQtoc.js                                 1.23 kB │ gzip:   0.72 kB
dist/assets/new-Dh9EZ7Xi.js                                        1.26 kB │ gzip:   0.73 kB
dist/assets/form-layout-B0Bgsdpq.js                                1.29 kB │ gzip:   0.69 kB
dist/assets/print-B4Uo29Bw.js                                      1.31 kB │ gzip:   0.75 kB
dist/assets/login-B9kCGdag.js                                      1.31 kB │ gzip:   0.71 kB
dist/assets/reports.api-CHeVtd_T.js                                1.39 kB │ gzip:   0.85 kB
dist/assets/file-transfer-bcVkqTxX.js                              1.41 kB │ gzip:   0.83 kB
dist/assets/useBaseUiId-C9V7pCeo.js                                1.42 kB │ gzip:   0.80 kB
dist/assets/table-pagination-CF8MeQLT.js                           1.48 kB │ gzip:   0.81 kB
dist/assets/auth-page-frame-DoVKxoBO.js                            1.49 kB │ gzip:   0.74 kB
dist/assets/badge-DofVsWMx.js                                      1.57 kB │ gzip:   0.70 kB
dist/assets/audit.api-CJdaHu1x.js                                  1.62 kB │ gzip:   0.76 kB
dist/assets/sticky-action-bar-CoI46L3O.js                          1.62 kB │ gzip:   0.86 kB
dist/assets/versions_._versionId-D8KGaITr.js                       1.72 kB │ gzip:   0.89 kB
dist/assets/_productId_.facts_.versions_._versionId-F7GfHp_3.js    1.77 kB │ gzip:   0.89 kB
dist/assets/workspace-shell-C1jNJfH1.js                            1.77 kB │ gzip:   0.83 kB
dist/assets/reports-DZCQ8Jwj.js                                    1.77 kB │ gzip:   0.98 kB
dist/assets/insights-DvPD-lj-.js                                   1.82 kB │ gzip:   0.98 kB
dist/assets/articles-BMMW_7pa.js                                   1.83 kB │ gzip:   0.97 kB
dist/assets/_articleId-K5_vNtBt.js                                 1.96 kB │ gzip:   1.09 kB
dist/assets/_productId_.facts_.versions-B9JJgdES.js                1.97 kB │ gzip:   1.06 kB
dist/assets/new-Bbb_dYqk.js                                        1.97 kB │ gzip:   1.07 kB
dist/assets/catalog-controls-Dsp5Sgc3.js                           1.98 kB │ gzip:   0.89 kB
dist/assets/overview-DEtBrQLa.js                                   1.99 kB │ gzip:   1.08 kB
dist/assets/_taskId-Dj0piCpY.js                                    2.00 kB │ gzip:   1.06 kB
dist/assets/issues-DumIlnN7.js                                     2.00 kB │ gzip:   1.05 kB
dist/assets/answers-DZPRu2JS.js                                    2.02 kB │ gzip:   1.09 kB
dist/assets/settings.platforms.types-aOeLSVJj.js                   2.05 kB │ gzip:   1.03 kB
dist/assets/_observationId-DEga7Z5K.js                             2.09 kB │ gzip:   1.08 kB
dist/assets/work-jY25rVpe.js                                       2.11 kB │ gzip:   1.10 kB
dist/assets/new-CjLce5rn.js                                        2.12 kB │ gzip:   1.19 kB
dist/assets/useStore-G3HF39DP.js                                   2.17 kB │ gzip:   0.93 kB
dist/assets/_productId-Dt8G80BX.js                                 2.18 kB │ gzip:   1.12 kB
dist/assets/platforms-Bz6ZZOP2.js                                  2.19 kB │ gzip:   1.14 kB
dist/assets/_taskId_.review-0Xl0AiTK.js                            2.20 kB │ gzip:   1.14 kB
dist/assets/_productId_.facts_.review-DCxOgD6O.js                  2.21 kB │ gzip:   1.13 kB
dist/assets/useRegisterFieldControl-BcstcGLC.js                    2.25 kB │ gzip:   1.07 kB
dist/assets/tasks-CV-yUWIp.js                                      2.25 kB │ gzip:   1.17 kB
dist/assets/_productId_.facts-BGgdbRBw.js                          2.25 kB │ gzip:   1.17 kB
dist/assets/_issueId-DmjYlieh.js                                   2.26 kB │ gzip:   1.24 kB
dist/assets/observations-B76DUYhl.js                               2.28 kB │ gzip:   1.17 kB
dist/assets/_taskId_.editor-DSQmZYir.js                            2.29 kB │ gzip:   1.19 kB
dist/assets/dialog-_BDsJ3QL.js                                     2.33 kB │ gzip:   0.91 kB
dist/assets/plans-D5GZZkVQ.js                                      2.34 kB │ gzip:   1.25 kB
dist/assets/system.audit-BzQ0dP_a.js                               2.35 kB │ gzip:   1.18 kB
dist/assets/topics-BH1CqeNd.js                                     2.38 kB │ gzip:   1.23 kB
dist/assets/input-BctqO2IH.js                                      2.47 kB │ gzip:   1.25 kB
dist/assets/dirty-guard-BVGYRLGl.js                                2.58 kB │ gzip:   1.23 kB
dist/assets/settings.ai-BnwOffys.js                                2.64 kB │ gzip:   1.34 kB
dist/assets/prompt.api-DzGm0lBb.js                                 2.65 kB │ gzip:   1.01 kB
dist/assets/products-drYUWcSp.js                                   2.74 kB │ gzip:   1.41 kB
dist/assets/useCompositeListItem-u8lPl9Q5.js                       3.11 kB │ gzip:   1.41 kB
dist/assets/security-Dg4Up7yY.js                                   3.12 kB │ gzip:   1.52 kB
dist/assets/settings.ai_._channelId-vkihz7NP.js                    3.13 kB │ gzip:   1.56 kB
dist/assets/login-LeSoQtrI.js                                      3.14 kB │ gzip:   1.53 kB
dist/assets/zod-C1u0HXxU.js                                        3.31 kB │ gzip:   1.24 kB
dist/assets/sheet-0BRE6UV0.js                                      3.73 kB │ gzip:   1.45 kB
dist/assets/audit-detail-content-DhXfHoo5.js                       3.90 kB │ gzip:   1.60 kB
dist/assets/print-CSFZ_OYM.js                                      4.13 kB │ gzip:   1.66 kB
dist/assets/Match-CkwEZkRF.js                                      4.38 kB │ gzip:   1.72 kB
dist/assets/product.model-iY9TiiKl.js                              4.40 kB │ gzip:   2.01 kB
dist/assets/new-BBRUZ9D9.js                                        4.49 kB │ gzip:   1.96 kB
dist/assets/overview-bVC9O_AL.js                                   4.75 kB │ gzip:   1.93 kB
dist/assets/_workId-DWpLO-QI.js                                    4.75 kB │ gzip:   2.43 kB
dist/assets/insights.model-Dgm64RZj.js                             4.77 kB │ gzip:   2.51 kB
dist/assets/insight-filters-D7VyBmvG.js                            4.84 kB │ gzip:   2.41 kB
dist/assets/lazyRouteComponent-Cdl6N99Q.js                         4.88 kB │ gzip:   1.75 kB
dist/assets/settings.prompts-C9HOYu9S.js                           4.92 kB │ gzip:   2.42 kB
dist/assets/issues-jScXwL_-.js                                     5.10 kB │ gzip:   2.13 kB
dist/assets/_productId_.facts_.versions-BFamFlm8.js                5.26 kB │ gzip:   2.36 kB
dist/assets/composite-BFXAxcw7.js                                  5.88 kB │ gzip:   2.28 kB
dist/assets/articles-Cb-lCcr7.js                                   5.96 kB │ gzip:   2.41 kB
dist/assets/geo-evidence-upload-rUEFCArq.js                        6.15 kB │ gzip:   2.67 kB
dist/assets/client-C6dNGmfD.js                                     6.59 kB │ gzip:   2.58 kB
dist/assets/principal-epoch-1sT-YUbO.js                            6.87 kB │ gzip:   2.33 kB
dist/assets/globalFilteringFeature-CLA_gh8R.js                     6.95 kB │ gzip:   1.98 kB
dist/assets/plans.api-BZm5Vy7O.js                                  7.47 kB │ gzip:   3.16 kB
dist/assets/_app-Dy44loO9.js                                       7.72 kB │ gzip:   2.58 kB
dist/assets/_platformId-D2zfH9BX.js                                7.74 kB │ gzip:   3.47 kB
dist/assets/insights.api-CSMxGjB2.js                               7.79 kB │ gzip:   2.67 kB
dist/assets/QueryClientProvider-Bi8hvFQP.js                        7.81 kB │ gzip:   3.04 kB
dist/assets/product.api-bW-bfZRy.js                                7.94 kB │ gzip:   2.59 kB
dist/assets/_productId_.facts_.versions_._versionId-B9qfmw58.js    8.18 kB │ gzip:   2.62 kB
dist/assets/geo-rules-CdZRpAsX.js                                  8.38 kB │ gzip:   3.62 kB
dist/assets/jsx-runtime-B-hcVAMW.js                                8.55 kB │ gzip:   3.26 kB
dist/assets/x-Bw71tLeX.js                                          8.72 kB │ gzip:   3.14 kB
dist/assets/questions-HkzA8WG6.js                                  8.80 kB │ gzip:   3.89 kB
dist/assets/new-Dx5KjHo4.js                                        8.99 kB │ gzip:   3.80 kB
dist/assets/geo-entities-BmkIegNQ.js                               9.09 kB │ gzip:   3.63 kB
dist/assets/products-BH1RZUNg.js                                   9.24 kB │ gzip:   3.71 kB
dist/assets/tasks-B-On6saT.js                                      9.26 kB │ gzip:   3.57 kB
dist/assets/platform.api-CH7uJbaP.js                               9.71 kB │ gzip:   3.25 kB
dist/assets/geo-insights-report-ifdevQAm.js                       10.34 kB │ gzip:   2.88 kB
dist/assets/opportunities-BqNWLlp5.js                             10.66 kB │ gzip:   4.34 kB
dist/assets/versions_._versionId-Cl4peNMk.js                      12.02 kB │ gzip:   3.81 kB
dist/assets/tabs-BZel-BBo.js                                      12.50 kB │ gzip:   4.72 kB
dist/assets/system.audit-XYMfbpGF.js                              12.54 kB │ gzip:   4.38 kB
dist/assets/observations-CJyIvhiG.js                              12.54 kB │ gzip:   4.87 kB
dist/assets/content-task-lifecycle-CUi_Gm4L.js                    12.58 kB │ gzip:   4.70 kB
dist/assets/system.users-BN2ZqsTD.js                              12.93 kB │ gzip:   5.51 kB
dist/assets/insights-D8-919WQ.js                                  13.42 kB │ gzip:   4.92 kB
dist/assets/runs-2LEuB8wO.js                                      13.62 kB │ gzip:   5.10 kB
dist/assets/route-Bf73GuRC.js                                     14.07 kB │ gzip:   5.29 kB
dist/assets/report-page-C-H34Wka.js                               14.11 kB │ gzip:   4.41 kB
dist/assets/geo-rules-Bj0Scd8g.js                                 14.20 kB │ gzip:   5.36 kB
dist/assets/_taskId-C2OOo3Ut.js                                   14.87 kB │ gzip:   4.63 kB
dist/assets/content.api-EGW6ElK6.js                               14.90 kB │ gzip:   4.32 kB
dist/assets/_productId_.facts_.review-BIEQlNW6.js                 15.87 kB │ gzip:   5.65 kB
dist/assets/work-Dc7n9fJD.js                                      15.92 kB │ gzip:   5.21 kB
dist/assets/publication.api-CpF7oGQp.js                           16.20 kB │ gzip:   4.80 kB
dist/assets/_articleId-_-Yvxpyz.js                                16.27 kB │ gzip:   5.43 kB
dist/assets/useQuery-C44PsoTH.js                                  16.32 kB │ gzip:   5.47 kB
dist/assets/insight-page-frame-BKbNfwab.js                        16.34 kB │ gzip:   5.29 kB
dist/assets/settings.platforms.types-wZfbYfcm.js                  16.45 kB │ gzip:   5.93 kB
dist/assets/new-CCIinOmM.js                                       16.97 kB │ gzip:   6.06 kB
dist/assets/platforms-DgWGTlFf.js                                 17.07 kB │ gzip:   6.19 kB
dist/assets/auth-provider-B8bISfjO.js                             17.09 kB │ gzip:   6.22 kB
dist/assets/_productId_.facts-Dyq8D74Q.js                         17.36 kB │ gzip:   5.84 kB
dist/assets/_taskId_.review-Bz67AIg4.js                           17.51 kB │ gzip:   6.08 kB
dist/assets/settings.ai-nxzwXblu.js                               17.54 kB │ gzip:   6.33 kB
dist/assets/_productId-B-kEA5hO.js                                17.59 kB │ gzip:   5.91 kB
dist/assets/row-actions-27xtpAbx.js                               17.90 kB │ gzip:   6.59 kB
dist/assets/_observationId-BiZvdZs6.js                            18.05 kB │ gzip:   5.76 kB
dist/assets/geo.api-B_H-pl9I.js                                   18.53 kB │ gzip:   5.93 kB
dist/assets/geo-surfaces-BsvYEn6g.js                              18.81 kB │ gzip:   6.98 kB
dist/assets/link-q1g_2QVr.js                                      19.54 kB │ gzip:   7.58 kB
dist/assets/_issueId-CnIk1z3G.js                                  19.62 kB │ gzip:   6.52 kB
dist/assets/topics-BZHQlQP2.js                                    20.02 kB │ gzip:   7.06 kB
dist/assets/audit.model-CbTuovnZ.js                               20.06 kB │ gzip:   6.30 kB
dist/assets/ai-channel-workspace.model-CHo8GJJU.js                20.72 kB │ gzip:   6.32 kB
dist/assets/_observationId_.correct-BaoMZEuI.js                   24.46 kB │ gzip:   8.25 kB
dist/assets/answers-6C5VuetN.js                                   28.41 kB │ gzip:   7.96 kB
dist/assets/_workId-sZs1j7j-.js                                   28.55 kB │ gzip:   8.91 kB
dist/assets/questions-CXyKVOy9.js                                 28.85 kB │ gzip:   9.24 kB
dist/assets/select-C4fYgqE8.js                                    30.10 kB │ gzip:  10.91 kB
dist/assets/settings.prompts-C1UlZn5M.js                          30.84 kB │ gzip:   9.99 kB
dist/assets/system.users-By1S-tf9.js                              31.04 kB │ gzip:   9.77 kB
dist/assets/geo-entities-Nv--YVVz.js                              35.34 kB │ gzip:  10.94 kB
dist/assets/icon-button-BnCGZvfP.js                               36.26 kB │ gzip:  12.08 kB
dist/assets/providers-BMrCP-6A.js                                 36.34 kB │ gzip:  10.81 kB
dist/assets/column-header-BMlSZuLK.js                             36.45 kB │ gzip:  11.43 kB
dist/assets/ToolbarRootContext-Ds9pgHiG.js                        36.62 kB │ gzip:  14.02 kB
dist/assets/geo-surfaces-7kGqtSaY.js                              37.44 kB │ gzip:  11.53 kB
dist/assets/index.esm-CDk9jdcJ.js                                 37.59 kB │ gzip:  13.14 kB
dist/assets/_taskId_.editor-DQtovKF3.js                           37.93 kB │ gzip:  11.55 kB
dist/assets/_platformId-CKfv13w1.js                               38.94 kB │ gzip:  11.60 kB
dist/assets/createLucideIcon-CIck69jA.js                          39.80 kB │ gzip:  14.03 kB
dist/assets/button-BZhX1_Og.js                                    40.12 kB │ gzip:  13.54 kB
dist/assets/route-CV7EEn4_.js                                     43.48 kB │ gzip:  15.62 kB
dist/assets/settings.ai_._channelId-DMBzyeip.js                   49.69 kB │ gzip:  13.69 kB
dist/assets/plans-C9D7aB3K.js                                     50.94 kB │ gzip:  15.79 kB
dist/assets/opportunities-DvZjORHH.js                             61.09 kB │ gzip:  16.46 kB
dist/assets/schemas-P6hRA_MM.js                                   69.76 kB │ gzip:  18.62 kB
dist/assets/runs-C-5BQfKV.js                                      95.05 kB │ gzip:  27.29 kB
dist/assets/index-CEE66H6b.js                                    189.11 kB │ gzip:  60.51 kB
dist/assets/markdown-editor-gxiPC32h.js                          729.88 kB │ gzip: 245.01 kB

✓ built in 494ms
[plugin builtin:vite-reporter] 
(!) Some chunks are larger than 500 kB after minification. Consider:
- Using dynamic import() to code-split the application
- Use build.rolldownOptions.output.codeSplitting to improve chunking: https://rolldown.rs/reference/OutputOptions.codeSplitting
- Adjust chunk size limit for this warning via build.chunkSizeWarningLimit.
已创建或确认管理员和内容工程师账号。
GEO E2E provider listening on http://127.0.0.1:19012
INFO:     Started server process [91531]
INFO:     Waiting for application startup.
INFO:     Application startup complete.
INFO:     Uvicorn running on http://127.0.0.1:9001 (Press CTRL+C to quit)
INFO:     Started server process [91530]
INFO:     Waiting for application startup.
INFO:     Application startup complete.
INFO:     Uvicorn running on http://127.0.0.1:19009 (Press CTRL+C to quit)
  ➜  Local:   http://127.0.0.1:4174/
INFO:     Started server process [91529]
INFO:     Waiting for application startup.
INFO:     Application startup complete.
INFO:     Uvicorn running on http://127.0.0.1:8000 (Press CTRL+C to quit)
INFO:     127.0.0.1:49569 - "GET /api/health/ready HTTP/1.1" 200 OK
INFO:     127.0.0.1:49572 - "GET /v1/models HTTP/1.1" 200 OK

> partsignal-frontend-v2@0.1.0 e2e:raw
> playwright test tests/e2e/geo-api-real-stack.spec.ts --project=foundation-desktop


Running 2 tests using 1 worker

(node:91559) Warning: The 'NO_COLOR' env is ignored due to the 'FORCE_COLOR' env being set.
(Use `node --trace-warnings ...` to show where the warning was created)
  -  1 [foundation-desktop] › tests/e2e/geo-api-real-stack.spec.ts:18:1 › API 自动轮询、原文引用、部分 usage、费用、429/未知结果与显式新尝试
INFO:     127.0.0.1:49581 - "POST /api/v1/auth/login HTTP/1.1" 200 OK
INFO:     127.0.0.1:49588 - "GET /api/v1/auth/session HTTP/1.1" 200 OK
INFO:     127.0.0.1:49588 - "GET /api/v1/geo/observation-runs?sort=CREATED_DESC&page=1&page_size=20&batch_id=56fc351e-0987-4189-9860-f5f0b1d52393&latest_only=true HTTP/1.1" 200 OK
INFO:     127.0.0.1:49589 - "GET /api/v1/geo/observation-batches/56fc351e-0987-4189-9860-f5f0b1d52393 HTTP/1.1" 200 OK
INFO:     127.0.0.1:49590 - "GET /api/v1/geo/observation-runs/7a7b296c-8e84-4c63-85f4-f954e696aa69 HTTP/1.1" 200 OK
INFO:     127.0.0.1:49581 - "GET /api/v1/geo/observation-runs/7a7b296c-8e84-4c63-85f4-f954e696aa69 HTTP/1.1" 200 OK
INFO:     127.0.0.1:49581 - "POST /api/v1/geo/observation-runs/7a7b296c-8e84-4c63-85f4-f954e696aa69/retry HTTP/1.1" 422 Unprocessable Entity
INFO:     127.0.0.1:49581 - "GET /api/v1/geo/collection-profiles/e847ce5d-c3fd-43f6-a9cf-a676e0533132 HTTP/1.1" 200 OK
  ✓  2 [foundation-desktop] › tests/e2e/geo-api-real-stack.spec.ts:125:1 › 关闭开关的新 API/Worker 消费真实 PENDING，明确失败且 provider 零调用 (452ms)

  1 skipped
  1 passed (740ms)
E2E_SECRET_SCAN status=clean
E2E_RESULT playwright=0 secret_scan=0
INFO:     Shutting down
INFO:     Waiting for application shutdown.
INFO:     Application shutdown complete.
INFO:     Finished server process [91531]

worker: Warm shutdown (MainProcess)
INFO:     Shutting down
INFO:     Waiting for application shutdown.
INFO:     Application shutdown complete.
INFO:     Finished server process [91530]
INFO:     Shutting down
INFO:     Waiting for application shutdown.
INFO:     Application shutdown complete.
INFO:     Finished server process [91529]
E2E_CLEANUP redis_db=14 keys=1 status=deleted
E2E_CLEANUP ports=8000,9001,4174,19009,19012 status=released
E2E_CLEANUP database=partsignal_e2e_20261004_dc2c98719aa8f5d965b3794eace1723c status=dropped
E2E_CLEANUP storage=/var/folders/m5/j06tv2sn1hn93d6f33j559jm0000gn/T//partsignal-e2e-storage.eO2q8G status=removed
E2E_GEO phase=monitoring-disabled status=passed
npm --prefix frontend run e2e

> partsignal-frontend-v2@0.1.0 e2e
> tests/e2e/run-with-secret-scan.sh

[WebServer] (node:91635) Warning: The 'NO_COLOR' env is ignored due to the 'FORCE_COLOR' env being set.
[WebServer] (Use `node --trace-warnings ...` to show where the warning was created)
[WebServer] [plugin builtin:vite-reporter] 
[WebServer] (!) Some chunks are larger than 500 kB after minification. Consider:
[WebServer] - Using dynamic import() to code-split the application
[WebServer] - Use build.rolldownOptions.output.codeSplitting to improve chunking: https://rolldown.rs/reference/OutputOptions.codeSplitting
[WebServer] - Adjust chunk size limit for this warning via build.chunkSizeWarningLimit.
[WebServer] (node:91636) Warning: The 'NO_COLOR' env is ignored due to the 'FORCE_COLOR' env being set.
[WebServer] (Use `node --trace-warnings ...` to show where the warning was created)
[WebServer] (node:91658) Warning: The 'NO_COLOR' env is ignored due to the 'FORCE_COLOR' env being set.
[WebServer] (Use `node --trace-warnings ...` to show where the warning was created)

Running 570 tests using 1 worker

  -    1 [foundation-mobile] › tests/e2e/ai-channel-configuration-real-stack.spec.ts:206:1 › AI Channel Configuration 真实栈闭环
(node:91662) Warning: The 'NO_COLOR' env is ignored due to the 'FORCE_COLOR' env being set.
(Use `node --trace-warnings ...` to show where the warning was created)
  ✓    2 [foundation-mobile] › tests/e2e/ai-channel-list.spec.ts:3:1 › AI Channel List 由安全 GET projection 驱动 canonical URL、筛选与分页 (1.0s)
  ✓    3 [foundation-mobile] › tests/e2e/ai-channel-list.spec.ts:36:1 › AI Channel List 恢复历史并生成未来 Workspace href (342ms)
  ✓    4 [foundation-mobile] › tests/e2e/ai-channel-list.spec.ts:55:1 › AI Channel List 发送三类 revision command，冲突不自动重放 (3.6s)
  ✓    5 [foundation-mobile] › tests/e2e/ai-channel-list.spec.ts:97:1 › AI Channel List 删除 409 被动列表不解冻，显式刷新失败仍保留冲突 (798ms)
  ✓    6 [foundation-mobile] › tests/e2e/ai-channel-list.spec.ts:117:1 › AI Channel List 删除成功后列表刷新失败也不恢复旧行 (679ms)
  ✓    7 [foundation-mobile] › tests/e2e/ai-channel-list.spec.ts:132:1 › AI Channel List 管理员边界、移动响应式和敏感字段边界成立 (322ms)
  ✓    8 [foundation-mobile] › tests/e2e/ai-channel-workspace-models.spec.ts:3:1 › Models 完成发现、创建、冲突 reload、测试、启停与删除闭环 (2.5s)
  ✓    9 [foundation-mobile] › tests/e2e/ai-channel-workspace-models.spec.ts:70:1 › 模型命令先采用 canonical，deferred/reject refresh 只读重试且不重发 (451ms)
  ✓   10 [foundation-mobile] › tests/e2e/ai-channel-workspace-models.spec.ts:103:1 › discovery 409 关闭重开仍冻结，成功 channel reload 后拒绝未知 projection (1.0s)
  ✓   11 [foundation-mobile] › tests/e2e/ai-channel-workspace-models.spec.ts:136:1 › dirty 配置进入 Models 需确认，确认后卸载表单且四档宽度无根溢出 (488ms)
  ✓   12 [foundation-mobile] › tests/e2e/ai-channel-workspace-runtime.spec.ts:9:1 › Usage canonical URL、服务端 period 与 history 恢复一致 (390ms)
  ✓   13 [foundation-mobile] › tests/e2e/ai-channel-workspace-runtime.spec.ts:40:1 › Channel 与 Model Runtime 主任务进入真实 Usage (328ms)
  ✓   14 [foundation-mobile] › tests/e2e/ai-channel-workspace-runtime.spec.ts:56:1 › Logs 保持服务端分页和 actor，详情按需读取且未知 shape 显式失败 (677ms)
  ✓   15 [foundation-mobile] › tests/e2e/ai-channel-workspace-runtime.spec.ts:114:1 › Runtime 局部错误、越界恢复与四档根溢出边界成立 (327ms)
  -   16 [foundation-mobile] › tests/e2e/catalog-real-stack.spec.ts:50:1 › 从已批准事实的 Product 建立唯一监测身份、竞品和字典，刷新及 ENGINEER 只读
  ✓   17 [foundation-mobile] › tests/e2e/catalog-ui.spec.ts:17:1 › Catalog 页面局部滚动、URL 恢复、键盘确认与焦点返回 (626ms)
  ✓   18 [foundation-mobile] › tests/e2e/catalog-ui.spec.ts:50:1 › ENGINEER 直接访问只读详情及 new URL，无配置入口或写操作 (270ms)
  -   19 [foundation-mobile] › tests/e2e/content-ai-real-stack.spec.ts:269:1 › AI Production：成功、自然化、失败详情与 exact snapshot retry
  ✓   20 [foundation-mobile] › tests/e2e/content-editor.spec.ts:6:1 › 从 List/Detail primary 进入 canonical Editor，direct/refresh 只读取 Editor Context (742ms)
  ✓   21 [foundation-mobile] › tests/e2e/content-editor.spec.ts:26:1 › no-draft 创建完整人工首稿，不创建 AI lineage，并携带 CSRF (388ms)
  ✓   22 [foundation-mobile] › tests/e2e/content-editor.spec.ts:60:1 › AI generation 按需确认 Prompt/model，terminal 后采用服务端 current pointer (3.1s)
  ✓   23 [foundation-mobile] › tests/e2e/content-editor.spec.ts:94:1 › generation failure 按需读取完整 snapshot，并只按原 job retry (5.8s)
  ✓   24 [foundation-mobile] › tests/e2e/content-editor.spec.ts:128:1 › HUMAN DRAFT DirtyGuard、Preview/Diff 与 Ctrl/Cmd+S 使用 canonical revision (1.1s)
  ✓   25 [foundation-mobile] › tests/e2e/content-editor.spec.ts:171:1 › DirtyGuard 覆盖浏览器 Back/Forward，确认离开后丢弃本地草稿 (591ms)
  ✓   26 [foundation-mobile] › tests/e2e/content-editor.spec.ts:188:1 › AI DRAFT 保持源版本只读，显示 snapshot 摘要并创建 based_on 人工 revision (394ms)
  ✓   27 [foundation-mobile] › tests/e2e/content-editor.spec.ts:217:1 › CREATE_HUMANIZATION_JOB 创建新 job/版本，源 AI DRAFT 保持只读 (3.0s)
  ✓   28 [foundation-mobile] › tests/e2e/content-editor.spec.ts:240:1 › CHANGES_REQUESTED 不原地编辑，创建 based_on 人工 revision (276ms)
  ✓   29 [foundation-mobile] › tests/e2e/content-editor.spec.ts:256:1 › 409 保留本地输入和请求 ID，只在显式 reload 后采用服务端版本 (407ms)
  ✓   30 [foundation-mobile] › tests/e2e/content-editor.spec.ts:275:1 › SUBMIT_REVIEW 409 保留 Dialog 与本地输入，失败 reload 不采用旧 cache，成功后采用 canonical context (760ms)
  ✓   31 [foundation-mobile] › tests/e2e/content-editor.spec.ts:332:1 › SUBMIT_REVIEW 冲突后取消只关闭 Dialog，不读不写并保留页面冲突 (519ms)
  ✓   32 [foundation-mobile] › tests/e2e/content-editor.spec.ts:356:1 › dirty 必须先保存再提交审核，提交后停留 Editor 且不暴露 Review actions (715ms)
  ✓   33 [foundation-mobile] › tests/e2e/content-editor.spec.ts:382:1 › DELETE 只物理删除人工草稿，并采用服务端恢复的父版本主线 (505ms)
  ✓   34 [foundation-mobile] › tests/e2e/content-editor.spec.ts:401:1 › ABANDON 保留历史且只采用服务端返回的新主线 (344ms)
  ✓   35 [foundation-mobile] › tests/e2e/content-editor.spec.ts:421:1 › 375/768/1024/1440 复用 Workspace 响应式、键盘焦点且 StickyActionBar 不遮挡正文 (377ms)
  ✓   36 [foundation-mobile] › tests/e2e/content-editor.spec.ts:450:1 › 后台主线变化保留 dirty 草稿与提交备注，显式重载才采用新主线 (434ms)
  ✓   37 [foundation-mobile] › tests/e2e/content-editor.spec.ts:476:1 › AI terminal 保留生成期间编辑的人工首稿 (3.1s)
  -   38 [foundation-mobile] › tests/e2e/content-review-real-stack.spec.ts:200:1 › Flow A：人工内容批准后进入只读版本并出现发布交接
  -   39 [foundation-mobile] › tests/e2e/content-review-real-stack.spec.ts:293:1 › Flow B：退回后创建 HUMAN revision，重新送审批准且历史不串线
  ✓   40 [foundation-mobile] › tests/e2e/content-review.spec.ts:6:1 › direct URL、refresh、Back 与 Forward 始终读取 task-scoped Review Context (688ms)
  ✓   41 [foundation-mobile] › tests/e2e/content-review.spec.ts:33:1 › 一次快照展示 canonical、blocking/warnings、fact、platform、diff 与 timeline (306ms)
  ✓   42 [foundation-mobile] › tests/e2e/content-review.spec.ts:53:3 › approved 状态只读且不从 status 推导审核动作 (195ms)
  ✓   43 [foundation-mobile] › tests/e2e/content-review.spec.ts:53:3 › changes-requested 状态只读且不从 status 推导审核动作 (196ms)
  ✓   44 [foundation-mobile] › tests/e2e/content-review.spec.ts:53:3 › readonly 状态只读且不从 status 推导审核动作 (246ms)
  ✓   45 [foundation-mobile] › tests/e2e/content-review.spec.ts:62:1 › APPROVE 携带 CSRF/expected_revision，成功后重新读取 canonical state (478ms)
  ✓   46 [foundation-mobile] › tests/e2e/content-review.spec.ts:82:1 › REQUEST_CHANGES 校验并修剪意见，Esc 后焦点返回真实触发器 (729ms)
  ✓   47 [foundation-mobile] › tests/e2e/content-review.spec.ts:114:1 › 409 保留用户输入和 request ID，刷新 canonical context 且不自动重放 (395ms)
  ✓   48 [foundation-mobile] › tests/e2e/content-review.spec.ts:132:1 › 结构化 422 回到意见字段并保留输入 (449ms)
  ✓   49 [foundation-mobile] › tests/e2e/content-review.spec.ts:146:1 › loading 完成后展示 canonical 页面 (199ms)
  ✓   50 [foundation-mobile] › tests/e2e/content-review.spec.ts:154:1 › error 展示 request ID，显式 retry 后恢复 (348ms)
  ✓   51 [foundation-mobile] › tests/e2e/content-review.spec.ts:164:1 › 375/1440 使用既有 WorkspaceShell 响应式形态 (199ms)
  -   52 [foundation-mobile] › tests/e2e/content-review.spec.ts:178:1 › 768/1024 保持 tabbed workspace 且内容无水平溢出
  ✓   53 [foundation-mobile] › tests/e2e/content-task-detail.spec.ts:7:1 › 从 Content Task List 进入，页面只以单一 Detail endpoint 绘制完整摘要 (390ms)
  ✓   54 [foundation-mobile] › tests/e2e/content-task-detail.spec.ts:25:1 › direct navigation、refresh、Back/Forward 保持 canonical Detail route (364ms)
  ✓   55 [foundation-mobile] › tests/e2e/content-task-detail.spec.ts:38:1 › compact section 没有数据时显式显示“暂无”，不触发 join API (160ms)
  ✓   56 [foundation-mobile] › tests/e2e/content-task-detail.spec.ts:46:1 › 服务端 primary_task 与 lifecycle overflow 生效，409 不重放并 canonical refetch (598ms)
  ✓   57 [foundation-mobile] › tests/e2e/content-task-detail.spec.ts:63:1 › loading、404、403 与 generic retry 都有明确状态 (679ms)
  ✓   58 [foundation-mobile] › tests/e2e/content-task-detail.spec.ts:89:1 › archived verified 与 cancelled Detail 明确只读，保留服务端 primary (365ms)
  ✓   59 [foundation-mobile] › tests/e2e/content-task-detail.spec.ts:103:1 › 375/768/1024/1440 无根横溢出，overflow 可键盘操作并返回焦点 (496ms)
  ✓   60 [foundation-mobile] › tests/e2e/content-task-list.spec.ts:5:1 › Content Tasks 由服务端 projection 驱动固定列、链接、搜索、筛选与分页 (696ms)
  ✓   61 [foundation-mobile] › tests/e2e/content-task-list.spec.ts:49:1 › Content Tasks URL 支持 direct、refresh、Back/Forward，并规范化非法参数 (452ms)
  ✓   62 [foundation-mobile] › tests/e2e/content-task-list.spec.ts:68:1 › Query Topic 两类 resolve URL 成对映射服务端筛选并可清除 (293ms)
  ✓   63 [foundation-mobile] › tests/e2e/content-task-list.spec.ts:79:1 › Content lifecycle 使用服务端 token、CSRF、comment 和 revision，409 不重放 (1.2s)
  ✓   64 [foundation-mobile] › tests/e2e/content-task-list.spec.ts:113:1 › 已归档视图使用实时永久删除 preview 和精确确认文本 (790ms)
  ✓   65 [foundation-mobile] › tests/e2e/content-task-list.spec.ts:135:1 › Content Tasks 明确呈现 loading、empty、filtered empty、error 与 retry (621ms)
  ✓   66 [foundation-mobile] › tests/e2e/content-task-list.spec.ts:157:1 › Content Tasks 在目标宽度无页面级横向溢出，键盘与 Dialog 焦点可恢复 (363ms)
  -   67 [foundation-mobile] › tests/e2e/content-version-detail-real-stack.spec.ts:135:1 › 独立真实栈：单一 detail GET 读取 HUMAN 当前版本且页面无写入口
  ✓   68 [foundation-mobile] › tests/e2e/content-version-detail.spec.ts:11:1 › 从 Content Task 以键盘进入只读详情，refresh 与 Back/Forward 保持单一 detail 数据边界 (692ms)
  ✓   69 [foundation-mobile] › tests/e2e/content-version-detail.spec.ts:67:1 › HUMAN/AI 与六种 status、当前和历史版本都不生成业务动作 (911ms)
  ✓   70 [foundation-mobile] › tests/e2e/content-version-detail.spec.ts:100:1 › 缺失 Prompt/model/generation/review snapshot 与更新时间时显示诚实空态 (261ms)
  ✓   71 [foundation-mobile] › tests/e2e/content-version-detail.spec.ts:130:1 › 覆盖 loading、404、403、通用错误与 retry (737ms)
  ✓   72 [foundation-mobile] › tests/e2e/fact-history.spec.ts:12:1 › VIEW_FACT_HISTORY 进入 canonical 列表，保持服务端顺序、URL 历史与只读详情导航 (715ms)
  ✓   73 [foundation-mobile] › tests/e2e/fact-history.spec.ts:58:1 › direct navigation 覆盖 loading、empty、404、403、通用错误与 retry (774ms)
  ✓   74 [foundation-mobile] › tests/e2e/fact-history.spec.ts:89:1 › 历史响应包含其他产品版本时阻断整张表 (150ms)
  ✓   75 [foundation-mobile] › tests/e2e/fact-history.spec.ts:104:1 › 事实历史在四档宽度无页面级横向溢出，表格区和版本链接可获得焦点 (182ms)
  ✓   76 [foundation-mobile] › tests/e2e/fact-review.spec.ts:16:1 › direct/refresh 只读一个审核 context，展示不可变 Markdown、Diff、历史并适配四档宽度 (387ms)
  ✓   77 [foundation-mobile] › tests/e2e/fact-review.spec.ts:53:1 › APPROVE 使用服务端 token、CSRF 与 expected_revision，成功后刷新 canonical context (449ms)
  ✓   78 [foundation-mobile] › tests/e2e/fact-review.spec.ts:81:1 › REQUEST_CHANGES 不从 status 推导动作，拒绝空意见并追加目标版本历史 (524ms)
  ✓   79 [foundation-mobile] › tests/e2e/fact-review.spec.ts:113:1 › 409 不重放命令，展示 request ID 并刷新最新 revision (520ms)
  ✓   80 [foundation-mobile] › tests/e2e/fact-review.spec.ts:144:1 › 覆盖 loading、empty、404、403、通用错误与 retry (779ms)
  ✓   81 [foundation-mobile] › tests/e2e/fact-version-detail.spec.ts:19:1 › 从 Product Detail 以键盘进入只读详情，refresh 保持单一 FactVersion 数据边界并适配四档宽度 (446ms)
  ✓   82 [foundation-mobile] › tests/e2e/fact-version-detail.spec.ts:66:1 › direct navigation 展示 approved、pending、changes requested，并保持返回导航与阅读焦点顺序 (456ms)
  ✓   83 [foundation-mobile] › tests/e2e/fact-version-detail.spec.ts:112:1 › productId 与 FactVersion.product_id 不一致时阻断全部 snapshot 内容 (257ms)
  ✓   84 [foundation-mobile] › tests/e2e/fact-version-detail.spec.ts:130:1 › 覆盖 loading、404、403、通用错误与 retry (655ms)
  ✓   85 [foundation-mobile] › tests/e2e/fact-workspace.spec.ts:16:1 › direct/refresh 只读取一个 workspace read model，并适配 375/768/1024/1440 (415ms)
  ✓   86 [foundation-mobile] › tests/e2e/fact-workspace.spec.ts:46:1 › DirtyGuard 保留编辑，Ctrl/Cmd+S 携带 CSRF/expected_revision 并采用 canonical response (522ms)
  ✓   87 [foundation-mobile] › tests/e2e/fact-workspace.spec.ts:73:1 › revision conflict 保留本地 Markdown，只有显式 reload 才采用服务端版本 (395ms)
  ✓   88 [foundation-mobile] › tests/e2e/fact-workspace.spec.ts:93:1 › 提交创建 PENDING_REVIEW 响应后停留工作台，并以 refetch actions 隐藏提交 (469ms)
  ✓   89 [foundation-mobile] › tests/e2e/fact-workspace.spec.ts:115:1 › 提交时 revision conflict 保留当前工作台并显示请求 ID (451ms)
  ✓   90 [foundation-mobile] › tests/e2e/fact-workspace.spec.ts:132:1 › 覆盖 loading、空 Markdown、预期错误、retry 与 RETIRED 只读状态 (667ms)
  ✓   91 [foundation-mobile] › tests/e2e/foundation-smoke.spec.ts:3:1 › production artifact 支持 App Shell 与响应式导航 (436ms)
  ✓   92 [foundation-mobile] › tests/e2e/geo-insights.spec.ts:6:1 › direct URL 映射筛选并完整呈现 read model、替代数据和精确 drill-down (230ms)
  ✓   93 [foundation-mobile] › tests/e2e/geo-insights.spec.ts:27:1 › 筛选写回 canonical URL，reset 与浏览器历史恢复 (479ms)
  ✓   94 [foundation-mobile] › tests/e2e/geo-insights.spec.ts:41:1 › loading、首次错误重试与 empty/unavailable 状态彼此区分 (494ms)
  ✓   95 [foundation-mobile] › tests/e2e/geo-insights.spec.ts:62:1 › 优化 Dialog 按需读取 options，以响应 ID 导航并携带稳定命令头 (663ms)
  ✓   96 [foundation-mobile] › tests/e2e/geo-insights.spec.ts:80:1 › 优化 POST pending 时取消、Escape 与外点都不能重建命令会话 (677ms)
  ✓   97 [foundation-mobile] › tests/e2e/geo-insights.spec.ts:100:1 › stale/409 不自动重放，保留选择并要求显式刷新 (776ms)
  ✓   98 [foundation-mobile] › tests/e2e/geo-insights.spec.ts:127:1 › stale 刷新后来源消失仍保留目标与 request ID，并禁止再次 POST (707ms)
  ✓   99 [foundation-mobile] › tests/e2e/geo-insights.spec.ts:144:1 › 后台撤销优化来源或创建选项失败时旧选择可见但不能提交 (621ms)
  ✓  100 [foundation-mobile] › tests/e2e/geo-insights.spec.ts:177:1 › 后台创建选项撤销已批准事实版本后阻止旧目标 POST (488ms)
  ✓  101 [foundation-mobile] › tests/e2e/geo-insights.spec.ts:195:1 › 打印报告使用相同查询，只呈现只读数据并调用浏览器打印 (280ms)
  ✓  102 [foundation-mobile] › tests/e2e/geo-insights.spec.ts:257:1 › Screen 打印入口完整保留七项筛选并支持浏览器历史 (306ms)
  ✓  103 [foundation-mobile] › tests/e2e/geo-insights.spec.ts:270:1 › 打印报告规范化参数，并区分 loading、error、empty 与 unavailable (496ms)
  ✓  104 [foundation-mobile] › tests/e2e/geo-observation-correction.spec.ts:48:1 › 从 Detail CORRECT 入口进入，历史 ID 先 replace 到服务端 canonical 尾 (668ms)
  ✓  105 [foundation-mobile] › tests/e2e/geo-observation-correction.spec.ts:81:1 › 校验显式事实；上传失败只重试 complete，POST 防重复并按响应 ID 交接 (1.2s)
  ✓  106 [foundation-mobile] › tests/e2e/geo-observation-correction.spec.ts:161:5 › 更正冲突 › publication-conflict 不重放；显式刷新按 ID 合并草稿、证据和新尾 (1.6s)
  ✓  107 [foundation-mobile] › tests/e2e/geo-observation-correction.spec.ts:161:5 › 更正冲突 › successor-conflict 不重放；显式刷新按 ID 合并草稿、证据和新尾 (1.6s)
  ✓  108 [foundation-mobile] › tests/e2e/geo-observation-correction.spec.ts:212:1 › successor 后显式上下文刷新失败仍冻结旧尾并保留草稿与 request ID (996ms)
  ✓  109 [foundation-mobile] › tests/e2e/geo-observation-correction.spec.ts:240:1 › 链上下文不完整后禁止重放，显式 GET 失败也不能用缓存旧数据解冻 (908ms)
  ✓  110 [foundation-mobile] › tests/e2e/geo-observation-correction.spec.ts:264:1 › upload complete 悬停跨布局时阻止 POST，成功后仅提交新证据 (1.0s)
  ✓  111 [foundation-mobile] › tests/e2e/geo-observation-correction.spec.ts:290:1 › 空白草稿开始上传后，离开仍需确认 (503ms)
  ✓  112 [foundation-mobile] › tests/e2e/geo-observation-correction.spec.ts:309:1 › 后台读取撤销更正资格后冻结旧上下文与写入入口 (780ms)
  ✓  113 [foundation-mobile] › tests/e2e/geo-observation-correction.spec.ts:328:1 › loading、404、403、Legacy 与提交时权限变化均明确且保留输入 (3.2s)
  ✓  114 [foundation-mobile] › tests/e2e/geo-observation-correction.spec.ts:363:1 › DirtyGuard、键盘主动作与 375/768/1024/1440 布局可达 (541ms)
  ✓  115 [foundation-mobile] › tests/e2e/geo-observation-detail.spec.ts:8:1 › List 进入 Detail，direct URL、refresh、Back 和 Forward 保持 canonical route (416ms)
  ✓  116 [foundation-mobile] › tests/e2e/geo-observation-detail.spec.ts:28:1 › Manual 一次请求展示 selected record、完整 chain、direct evidence 和 tail actions (604ms)
  ✓  117 [foundation-mobile] › tests/e2e/geo-observation-detail.spec.ts:77:1 › Legacy 只展示合同真实存在的 recommendation、citation 与 frozen article (163ms)
  ✓  118 [foundation-mobile] › tests/e2e/geo-observation-detail.spec.ts:93:1 › loading、409、retry 与 contract error 均不回退到旧 GET (267ms)
  ✓  119 [foundation-mobile] › tests/e2e/geo-observation-detail.spec.ts:112:1 › 404、403 和普通读取失败明确展示错误，不使用旧单条 GET (676ms)
  ✓  120 [foundation-mobile] › tests/e2e/geo-observation-detail.spec.ts:130:1 › 删除确认期间后台撤销尾节点动作，确认禁用且焦点回到标题 (635ms)
  ✓  121 [foundation-mobile] › tests/e2e/geo-observation-detail.spec.ts:150:1 › DELETE 409 冻结旧确认，显式重载后需重新打开并人工确认 (1.3s)
  ✓  122 [foundation-mobile] › tests/e2e/geo-observation-detail.spec.ts:179:1 › 375/768/1024/1440 无根级横向溢出且键盘可达 (173ms)
  ✓  123 [foundation-mobile] › tests/e2e/geo-observations.spec.ts:5:1 › 八列紧凑列表只提供 canonical links 和服务端投影动作 (244ms)
  ✓  124 [foundation-mobile] › tests/e2e/geo-observations.spec.ts:31:1 › URL 参数逐项映射 API，支持排序、分页和 canonical replace (805ms)
  ✓  125 [foundation-mobile] › tests/e2e/geo-observations.spec.ts:77:1 › Query Topic resolve URL 精确映射服务端筛选并可清除 (210ms)
  ✓  126 [foundation-mobile] › tests/e2e/geo-observations.spec.ts:86:1 › loading、empty、filtered-empty、error 与 retry 诚实可见 (593ms)
  ✓  127 [foundation-mobile] › tests/e2e/geo-observations.spec.ts:108:1 › 键盘 Dialog 返回焦点，删除只发送一次且携带 CSRF (750ms)
  ✓  128 [foundation-mobile] › tests/e2e/geo-observations.spec.ts:130:1 › 375/768/1024/1440 页面根无横向溢出，表格只在区域内滚动 (183ms)
  ✓  129 [foundation-mobile] › tests/e2e/geo-observations.spec.ts:147:1 › 确认删除期间背景移除行仍保留 Dialog，取消后焦点回到标题 (653ms)
  -  130 [foundation-mobile] › tests/e2e/geo-real-stack.spec.ts:346:1 › Flow A：新建 Observation 后追加 Correction，原记录保持不可变
  -  131 [foundation-mobile] › tests/e2e/geo-real-stack.spec.ts:581:1 › Flow B：真实 Insights 复算异常并创建带不可变 GEO 来源的优化任务
  ✓  132 [foundation-mobile] › tests/e2e/geo-topics.spec.ts:5:1 › 五列只消费服务端动作，primary 携带 canonical handoff，引用链接精确可解析 (543ms)
  ✓  133 [foundation-mobile] › tests/e2e/geo-topics.spec.ts:48:1 › 引用 Dialog 从当前 exact list projection 实时更新 (361ms)
  ✓  134 [foundation-mobile] › tests/e2e/geo-topics.spec.ts:72:1 › 删除 Dialog 按最新 blocker/资格原位切换，并以最新 revision 确认 (499ms)
  ✓  135 [foundation-mobile] › tests/e2e/geo-topics.spec.ts:125:1 › 删除确认在 exact list fetching/error/目标消失时保持阻断 (410ms)
  ✓  136 [foundation-mobile] › tests/e2e/geo-topics.spec.ts:172:1 › 搜索、排序、分页进入 URL/API，direct、refresh、Back/Forward 保持 canonical (742ms)
  ✓  137 [foundation-mobile] › tests/e2e/geo-topics.spec.ts:204:1 › loading、empty、filtered-empty、error/retry 与四档根宽度状态诚实 (717ms)
  ✓  138 [foundation-mobile] › tests/e2e/geo-topics.spec.ts:237:1 › 创建与更新携带 CSRF/revision；409 保留草稿并只在显式 reload 后恢复 (1.1s)
  ✓  139 [foundation-mobile] › tests/e2e/geo-topics.spec.ts:323:1 › DELETE 只对服务端允许的行出现，确认后只发送一次 expected_revision (695ms)
  ✓  140 [foundation-mobile] › tests/e2e/geo-topics.spec.ts:350:1 › DELETE 409 不自动重放，显式 reload revision 后才允许再次确认 (720ms)
  ✓  141 [foundation-mobile] › tests/e2e/geo-topics.spec.ts:403:1 › DELETE 引用竞态显示服务端最新类型、数量和 canonical resolve links (501ms)
  ✓  142 [foundation-mobile] › tests/e2e/legacy-routing.spec.ts:10:1 › 全部登记 legacy pathname 进入唯一 canonical pathname (2.4s)
  ✓  143 [foundation-mobile] › tests/e2e/legacy-routing.spec.ts:39:1 › query 白名单、workspace 与 Publishing 优先级写入 canonical URL (1.0s)
  ✓  144 [foundation-mobile] › tests/e2e/legacy-routing.spec.ts:71:1 › replace 保留 refresh、Back 与 Forward 的 canonical 历史 (308ms)
  ✓  145 [foundation-mobile] › tests/e2e/legacy-routing.spec.ts:83:1 › 匿名 legacy deep link 登录后恢复并归一化，恶意 return-to 回安全默认 (411ms)
  ✓  146 [foundation-mobile] › tests/e2e/legacy-routing.spec.ts:103:1 › must-change 与 ENGINEER 权限由既有 boundary 裁决 (253ms)
  ✓  147 [foundation-mobile] › tests/e2e/legacy-routing.spec.ts:114:1 › 未知 path 显式 404，canonical 资源错误保留，Product Detail 保持 Facts 入口 (359ms)
  ✓  148 [foundation-mobile] › tests/e2e/new-content-task.spec.ts:27:1 › Content Task List Page Primary 进入可直达、刷新的三字段创建页 (379ms)
  ✓  149 [foundation-mobile] › tests/e2e/new-content-task.spec.ts:50:1 › Product Detail CREATE_CONTENT_TASK handoff 进入 URL 并经服务端资格确认后预选 (307ms)
  ✓  150 [foundation-mobile] › tests/e2e/new-content-task.spec.ts:65:1 › productId direct/refresh/Back/Forward 恢复，非法、不存在、停用和无事实都不静默改选 (2.4s)
  ✓  151 [foundation-mobile] › tests/e2e/new-content-task.spec.ts:120:1 › Product 只显示所属 approved facts，换 Product 清除旧事实，Platform 只显示活动具体平台 (1.2s)
  ✓  152 [foundation-mobile] › tests/e2e/new-content-task.spec.ts:141:1 › POST 发送精确 ContentTaskCreate 与稳定 Idempotency-Key，pending 防重，成功进入 canonical Detail (1.2s)
  ✓  153 [foundation-mobile] › tests/e2e/new-content-task.spec.ts:172:1 › 失败保留选择与同键重试，字段错误、403/404/409 与 IDEMPOTENCY_CONFLICT 显示 request ID (1.2s)
  ✓  154 [foundation-mobile] › tests/e2e/new-content-task.spec.ts:208:1 › options loading/error/retry/empty 均有明确恢复路径 (459ms)
  ✓  155 [foundation-mobile] › tests/e2e/new-content-task.spec.ts:225:1 › DirtyGuard 覆盖 Cancel (1.3s)
  ✓  156 [foundation-mobile] › tests/e2e/new-content-task.spec.ts:244:1 › DirtyGuard 覆盖浏览器 Back (859ms)
  ✓  157 [foundation-mobile] › tests/e2e/new-content-task.spec.ts:256:1 › 创建页在 375/768/1024/1440 无页面横溢出，键盘可选择且焦点可见 (483ms)
  ✓  158 [foundation-mobile] › tests/e2e/new-geo-observation.spec.ts:62:1 › 列表 Primary、直接访问和刷新都进入 canonical 创建 Workspace (402ms)
  ✓  159 [foundation-mobile] › tests/e2e/new-geo-observation.spec.ts:76:1 › queryTopicId 与 geoPlatform handoff 支持 direct URL 与刷新，不存在 Topic 时明确阻止提交 (512ms)
  ✓  160 [foundation-mobile] › tests/e2e/new-geo-observation.spec.ts:99:1 › 候选 loading 诚实可见且阻止创建 (508ms)
  ✓  161 [foundation-mobile] › tests/e2e/new-geo-observation.spec.ts:111:1 › 候选 empty 提供可用出口且阻止创建 (468ms)
  ✓  162 [foundation-mobile] › tests/e2e/new-geo-observation.spec.ts:124:1 › 客户端校验显式事实；上传后 POST 防重复并 canonical handoff (2.5s)
  ✓  163 [foundation-mobile] › tests/e2e/new-geo-observation.spec.ts:186:1 › 证据 complete 未结束且跨布局时不能创建，完成后才提交附件 (2.3s)
  ✓  164 [foundation-mobile] › tests/e2e/new-geo-observation.spec.ts:212:1 › 空白表单上传期间离开需确认，保留上传后可继续校验 (683ms)
  ✓  165 [foundation-mobile] › tests/e2e/new-geo-observation.spec.ts:236:1 › 候选冲突不重放创建，显式刷新后保留输入并允许人工重试 (2.3s)
  ✓  166 [foundation-mobile] › tests/e2e/new-geo-observation.spec.ts:256:1 › DirtyGuard 覆盖 Cancel，Back/Forward 可恢复 canonical 页面；四档宽度无溢出 (1.3s)
  ✓  167 [foundation-mobile] › tests/e2e/new-product.spec.ts:11:1 › Products 唯一 page Primary 进入可直达、刷新并保持导航上下文的新建页 (408ms)
  ✓  168 [foundation-mobile] › tests/e2e/new-product.spec.ts:27:1 › 客户端阻止必填和纯空白请求，并关联字段说明、错误与 ErrorSummary (184ms)
  ✓  169 [foundation-mobile] › tests/e2e/new-product.spec.ts:42:1 › POST 使用 trim body 与 CSRF，pending 防重复，成功清除 DirtyGuard 并使列表重新获取 (367ms)
  ✓  170 [foundation-mobile] › tests/e2e/new-product.spec.ts:70:1 › duplicate、字段校验与 forbidden 使用结构化位置/form summary，修正后可重试 (513ms)
  ✓  171 [foundation-mobile] › tests/e2e/new-product.spec.ts:102:1 › dirty Cancel 与浏览器返回均支持留在页面或确认离开 (891ms)
  ✓  172 [foundation-mobile] › tests/e2e/new-product.spec.ts:128:1 › 新建页在 375/1440 无页面级横向溢出，键盘可达且焦点可见 (184ms)
  ✓  173 [foundation-mobile] › tests/e2e/platform-list.spec.ts:3:1 › Platform List 由 GET projection 驱动搜索、筛选、分页与 canonical URL (857ms)
  ✓  174 [foundation-mobile] › tests/e2e/platform-list.spec.ts:40:1 › Platform List 刷新与历史恢复搜索状态，名称点击交接 canonical Workspace (398ms)
  ✓  175 [foundation-mobile] › tests/e2e/platform-list.spec.ts:59:1 › Platform List 呈现服务端 Primary、overflow、删除条件与 revision command (766ms)
  ✓  176 [foundation-mobile] › tests/e2e/platform-list.spec.ts:85:1 › Platform Profile 删除 Dialog 在 focus projection 更新后禁止陈旧提交并使用最新 revision (508ms)
  ✓  177 [foundation-mobile] › tests/e2e/platform-list.spec.ts:124:1 › Platform List 删除已接受但列表同步失败时冻结旧行，显式刷新后不重复删除 (641ms)
  ✓  178 [foundation-mobile] › tests/e2e/platform-list.spec.ts:142:1 › Platform List 删除 409 关闭重开后仍需显式成功重读 (929ms)
  ✓  179 [foundation-mobile] › tests/e2e/platform-list.spec.ts:165:1 › Platform List 删除末页唯一行后返回上一页并恢复命令 (566ms)
  ✓  180 [foundation-mobile] › tests/e2e/platform-list.spec.ts:190:1 › Platform List 在 375/768/1024/1440 无页面级横向溢出且移动端动作可达 (211ms)
  ✓  181 [foundation-mobile] › tests/e2e/platform-types.spec.ts:5:1 › 从 Platform Settings 与 Workspace 进入 subsettings，支持 direct/refresh/back/forward (721ms)
  ✓  182 [foundation-mobile] › tests/e2e/platform-types.spec.ts:34:1 › 创建、编辑和删除只提交 Name、Slug、CSRF 与 canonical revision (1.1s)
  ✓  183 [foundation-mobile] › tests/e2e/platform-types.spec.ts:85:1 › blocker、编辑冲突和删除冲突均保留服务端权威与显式 reload (1.5s)
  ✓  184 [foundation-mobile] › tests/e2e/platform-types.spec.ts:139:1 › Platform Type 删除 Dialog 重新聚焦后采用最新 projection 与 revision (438ms)
  ✓  185 [foundation-mobile] › tests/e2e/platform-types.spec.ts:163:1 › 非管理员由 route 在业务请求前拒绝 (145ms)
  ✓  186 [foundation-mobile] › tests/e2e/platform-types.spec.ts:171:1 › error retry 与 375/768/1024/1440 production artifact 均保持四字段和动作可达 (289ms)
  ✓  187 [foundation-mobile] › tests/e2e/platform-workspace.spec.ts:5:1 › Platform List 进入 canonical Workspace，Tab URL 支持 refresh/back/forward (1.1s)
  ✓  188 [foundation-mobile] › tests/e2e/platform-workspace.spec.ts:43:1 › Overview 取消与保存只发送单个 revision PATCH，官网候选确认后才绑定 (452ms)
  ✓  189 [foundation-mobile] › tests/e2e/platform-workspace.spec.ts:82:1 › Logo 手工上传只接受图片并通过 PLATFORM_LOGO 生命周期，移除由下一次 PATCH 完成 (377ms)
  ✓  190 [foundation-mobile] › tests/e2e/platform-workspace.spec.ts:123:1 › Accounts 保持移动端可达，Generation 绑定/解绑并在 409 保留选择 (584ms)
  ✓  191 [foundation-mobile] › tests/e2e/platform-workspace.spec.ts:151:1 › Accounts 创建、编辑、停用与删除在响应式产物中保持 revision 闭环 (1.4s)
  ✓  192 [foundation-mobile] › tests/e2e/platform-workspace.spec.ts:194:1 › Accounts 删除 Dialog 只使用独立 accounts query 的 focus 最新 projection (539ms)
  ✓  193 [foundation-mobile] › tests/e2e/platform-workspace.spec.ts:217:1 › Accounts 删除 409 关闭重开仍冻结，失败 reload 不解冻且 A/B hold 隔离 (1.2s)
  ✓  194 [foundation-mobile] › tests/e2e/platform-workspace.spec.ts:248:1 › Accounts 最新 query 移除目标后关闭删除 Dialog 且不提交陈旧请求 (441ms)
  ✓  195 [foundation-mobile] › tests/e2e/platform-workspace.spec.ts:270:1 › DirtyGuard 覆盖 Tab 离开；404/403/error retry 分别呈现 (1.6s)
  ✓  196 [foundation-mobile] › tests/e2e/platform-workspace.spec.ts:302:1 › 375/768/1024/1440 无页面横向溢出，read-only projection 不加载 Prompt options (241ms)
  ✓  197 [foundation-mobile] › tests/e2e/product-detail.spec.ts:71:1 › 从 Products 名称进入单请求详情，并支持 direct URL、refresh、Back/Forward 与导航上下文 (1.5s)
  ✓  198 [foundation-mobile] › tests/e2e/product-detail.spec.ts:94:1 › 按既定顺序展示 facts/content/publishing/GEO compact summary 与服务端已排序 Activity (200ms)
  ✓  199 [foundation-mobile] › tests/e2e/product-detail.spec.ts:120:1 › 空摘要只显示“暂无”，primary/overflow 只随服务端 token 与 projection 变化 (225ms)
  ✓  200 [foundation-mobile] › tests/e2e/product-detail.spec.ts:147:1 › UPDATE 仅发送 ProductUpdate；REVISION_CONFLICT 展示请求 ID 并刷新 canonical detail (964ms)
  ✓  201 [foundation-mobile] › tests/e2e/product-detail.spec.ts:182:1 › 删除入口消费 blocker、expected_revision；冲突刷新后可按 canonical projection 重试 (1.6s)
  ✓  202 [foundation-mobile] › tests/e2e/product-detail.spec.ts:216:1 › 明确区分 404、403、普通错误 retry，并在 375/768/1024/1440 保持键盘可达且无横向溢出 (670ms)
  -  203 [foundation-mobile] › tests/e2e/product-facts-real-stack.spec.ts:134:1 › Flow A：批准事实后展示不可变版本并交接 CREATE_CONTENT_TASK
  -  204 [foundation-mobile] › tests/e2e/product-facts-real-stack.spec.ts:231:1 › Flow B：退回后修订产生新版本，审核历史严格归属当前 FactVersion
  -  205 [foundation-mobile] › tests/e2e/product-facts-real-stack.spec.ts:319:1 › Flow D：过期 revision 真实返回 409，不重放并保留服务端最新状态
  -  206 [foundation-mobile] › tests/e2e/product-facts-real-stack.spec.ts:400:1 › Flow C：独立 ContentTask 经人工首稿、保存后提交审核
  ✓  207 [foundation-mobile] › tests/e2e/products-list.spec.ts:3:1 › Products 列表仅以 GET projection 驱动 URL 搜索、筛选、排序和分页 (679ms)
  ✓  208 [foundation-mobile] › tests/e2e/products-list.spec.ts:44:1 › Products URL 可刷新和历史恢复，非法参数由 route schema 规范化 (558ms)
  ✓  209 [foundation-mobile] › tests/e2e/products-list.spec.ts:76:1 › Products 行只呈现服务端 primary、overflow 与删除条件 (414ms)
  ✓  210 [foundation-mobile] › tests/e2e/products-list.spec.ts:94:1 › Products 明确呈现 loading、empty、filtered empty、error 与 retry (681ms)
  ✓  211 [foundation-mobile] › tests/e2e/products-list.spec.ts:117:1 › Products 在目标宽度无页面级横向溢出且键盘焦点可操作 (284ms)
  ✓  212 [foundation-mobile] › tests/e2e/prompt-workspace.spec.ts:14:1 › 管理员从导航进入 Prompt Workspace，并完成 create/update/delete revision 闭环 (1.9s)
  ✓  213 [foundation-mobile] › tests/e2e/prompt-workspace.spec.ts:78:1 › 新建 Prompt 后仅修改名称即可保存并采用 canonical revision (491ms)
  ✓  214 [foundation-mobile] › tests/e2e/prompt-workspace.spec.ts:115:1 › Preview 显式选择并确认真实首稿，按返回 Job 轮询到不可变版本 (3.3s)
  ✓  215 [foundation-mobile] › tests/e2e/prompt-workspace.spec.ts:160:1 › Preview 明确处理 empty、options error 和公开失败，且不提供自动重试 (3.7s)
  ✓  216 [foundation-mobile] › tests/e2e/prompt-workspace.spec.ts:196:1 › q-only 导航保留草稿，切换 Prompt 被阻断，四档宽度无页面横向溢出 (568ms)
  ✓  217 [foundation-mobile] › tests/e2e/prompt-workspace.spec.ts:232:1 › 创建和删除成功后，列表刷新挂起也立即完成 URL handoff 与关闭 Dialog (765ms)
  ✓  218 [foundation-mobile] › tests/e2e/prompt-workspace.spec.ts:283:3 › create 等待响应期间 Markdown 只读，键盘输入不会被成功响应覆盖 (431ms)
  ✓  219 [foundation-mobile] › tests/e2e/prompt-workspace.spec.ts:283:3 › update 等待响应期间 Markdown 只读，键盘输入不会被成功响应覆盖 (483ms)
  ✓  220 [foundation-mobile] › tests/e2e/publication-work-list.spec.ts:5:1 › Publishing Work 以三个窄 endpoint 绘制四指标、Ready Queue 与固定六列 (208ms)
  ✓  221 [foundation-mobile] › tests/e2e/publication-work-list.spec.ts:28:1 › URL 支持 direct、refresh、status、pagination 与 Back/Forward，并归一非法分页和额外参数 (561ms)
  ✓  222 [foundation-mobile] › tests/e2e/publication-work-list.spec.ts:50:1 › START 明确选账号、携带 CSRF/稳定 key；409 不重放，人工重试采用 canonical ID (619ms)
  ✓  223 [foundation-mobile] › tests/e2e/publication-work-list.spec.ts:81:1 › 三个 surface 状态独立，目标宽度只允许 TableRegion 局部滚动，Dialog 焦点返回 (921ms)
  ✓  224 [foundation-mobile] › tests/e2e/publication-work-list.spec.ts:122:1 › 成功缓存经 hidden→visible focus 刷新失败时保留投影，并按区块独立恢复 (533ms)
  -  225 [foundation-mobile] › tests/e2e/publication-workspace-real-stack.spec.ts:145:1 › Flow A：V2 UI 从开始发布连续完成成果、修复任务与问题解决
  -  226 [foundation-mobile] › tests/e2e/publication-workspace-real-stack.spec.ts:466:1 › Flow B：失败核验经内容修订审批、换版和重登记后完成发布
  -  227 [foundation-mobile] › tests/e2e/publication-workspace-real-stack.spec.ts:653:1 › Published Article：真实栈列表进入单请求只读详情
  ✓  228 [foundation-mobile] › tests/e2e/publication-workspace.spec.ts:5:1 › Workspace direct/refresh/Back/Forward 只使用六个 canonical hash (302ms)
  ✓  229 [foundation-mobile] › tests/e2e/publication-workspace.spec.ts:26:1 › Package 按点击读取，Core UI 完成 preparation/review/upload/result 并明确交接 (1.3s)
  ✓  230 [foundation-mobile] › tests/e2e/publication-workspace.spec.ts:72:1 › 409 保留输入且不重放；pending 禁止双提交 (1.3s)
  ✓  231 [foundation-mobile] › tests/e2e/publication-workspace.spec.ts:103:1 › 证据上传完成前禁止登记，完成后携带已校验文件 ID (724ms)
  ✓  232 [foundation-mobile] › tests/e2e/publication-workspace.spec.ts:146:1 › Verification 完成 fail → candidate → switch → result → pass 只读闭环 (2.7s)
  ✓  233 [foundation-mobile] › tests/e2e/publication-workspace.spec.ts:231:1 › typed 初始错误与目标宽度不产生页面横向溢出 (767ms)
  ✓  234 [foundation-mobile] › tests/e2e/published-articles.spec.ts:11:1 › 从五列成果表以键盘进入单请求只读详情 (404ms)
  ✓  235 [foundation-mobile] › tests/e2e/published-articles.spec.ts:39:1 › canonical URL 支持 search/sort/pagination、refresh 与 Back/Forward (691ms)
  ✓  236 [foundation-mobile] › tests/e2e/published-articles.spec.ts:68:1 › 列表与详情诚实处理 empty/error，四档宽度保持 readonly (876ms)
  ✓  237 [foundation-mobile] › tests/e2e/published-content-issues.spec.ts:11:1 › Issues 六列表与 Workspace 使用 canonical 单读边界 (305ms)
  ✓  238 [foundation-mobile] › tests/e2e/published-content-issues.spec.ts:27:1 › Article 登记后交接 Workspace，repair 与 resolve 保持独立 (1.9s)
  ✓  239 [foundation-mobile] › tests/e2e/published-content-issues.spec.ts:91:1 › 非法列表状态与未知 Workspace hash 被 canonicalize，页面无根横向溢出 (293ms)
  ✓  240 [foundation-mobile] › tests/e2e/workbench.spec.ts:3:1 › 单一 aggregate 完整绘制 Operations Inbox、canonical links 和四档布局 (268ms)
  ✓  241 [foundation-mobile] › tests/e2e/workbench.spec.ts:61:1 › loading、fatal error、retry、empty、zero 与 nullable rate 彼此区分 (484ms)
(node:92023) Warning: The 'NO_COLOR' env is ignored due to the 'FORCE_COLOR' env being set.
(Use `node --trace-warnings ...` to show where the warning was created)
  ✓  242 [foundation-mobile] › tests/e2e/ai-channel-workspace-core.spec.ts:7:1 › List 创建后进入 canonical Workspace，并支持 direct/refresh/history (706ms)
  ✓  243 [foundation-mobile] › tests/e2e/ai-channel-workspace-core.spec.ts:54:1 › Basic/Request 共享草稿，dirty guard 与 409 显式 reload 成立 (1.0s)
  ✓  244 [foundation-mobile] › tests/e2e/ai-channel-workspace-core.spec.ts:96:1 › API Key 与 Header 只写不回显，Header 删除提交渠道 revision 并恢复焦点 (1.2s)
  ✓  245 [foundation-mobile] › tests/e2e/ai-channel-workspace-core.spec.ts:135:1 › Workspace 保持 ADMIN 边界、键盘可达且根节点无响应式溢出 (278ms)
  -  246 [foundation-mobile] › tests/e2e/auth-session-real-stack.spec.ts:101:1 › 同一 BrowserContext 双页面以 session binding 封闭 A→B→A 的迟到 mutation
  -  247 [foundation-mobile] › tests/e2e/auth-session-real-stack.spec.ts:257:1 › 退出已由服务端提交但响应丢失时发送页与同源页各自只做一次 canonical recovery
  -  248 [foundation-mobile] › tests/e2e/auth-session-real-stack.spec.ts:333:1 › 跨标签页 owner 终止后由 lease 回收存活页与全页面重载
  -  249 [foundation-mobile] › tests/e2e/auth-session-real-stack.spec.ts:445:1 › durable terminal reconciliation 与异常协议 marker 保持 fail-closed
  -  250 [foundation-mobile] › tests/e2e/auth-session-real-stack.spec.ts:624:1 › Auth 真实栈完成 login → forced change → admin 403 → logout
  ✓  251 [foundation-mobile] › tests/e2e/auth-session.spec.ts:115:1 › 匿名登录在权威生产 CSP 下无违规与运行时错误 (198ms)
  ✓  252 [foundation-mobile] › tests/e2e/auth-session.spec.ts:163:1 › 登录关键控件在移动端满足触控目标且桌面保持紧凑高度 (165ms)
  ✓  253 [foundation-mobile] › tests/e2e/auth-session.spec.ts:194:1 › Auth production artifact 完成强制改密、自助改密、ENGINEER 403 与退出 (997ms)
  -  254 [foundation-mobile] › tests/e2e/system-admin-real-stack.spec.ts:289:1 › 当前管理员自降权与自停用通过同一 BrowserContext principal boundary 收敛双页面
  -  255 [foundation-mobile] › tests/e2e/system-admin-real-stack.spec.ts:864:1 › System Admin 真实栈完成用户、权限、会话与审计闭环
  ✓  256 [foundation-mobile] › tests/e2e/system-audit.spec.ts:9:1 › canonical URL、七列、导航与全部 server 参数映射成立 (328ms)
  ✓  257 [foundation-mobile] › tests/e2e/system-audit.spec.ts:38:1 › 移动端筛选空态在 TableShell 初始可见区内且页面根无溢出 (279ms)
  ✓  258 [foundation-mobile] › tests/e2e/system-audit.spec.ts:89:1 › 详情严格 lazy，并由 row click/Enter/Space 驱动自适应容器与焦点恢复 (284ms)
  ✓  259 [foundation-mobile] › tests/e2e/system-audit.spec.ts:118:1 › deleted actor、三态结果、相关对象三态与安全投影错误均不泄漏 (1.3s)
  ✓  260 [foundation-mobile] › tests/e2e/system-audit.spec.ts:169:1 › 未知动作筛选项与当前 URL 筛选保持局部且可明确清除 (398ms)
  ✓  261 [foundation-mobile] › tests/e2e/system-audit.spec.ts:189:1 › 详情对象、嵌套数组与原型字段由局部严格投影拒绝且不进入 DOM (288ms)
  ✓  262 [foundation-mobile] › tests/e2e/system-audit.spec.ts:202:1 › 非法 related registry/status/parent 被拒绝且 sentinel 不进入 cache 可见面 (280ms)
  ✓  263 [foundation-mobile] › tests/e2e/system-audit.spec.ts:215:1 › AVAILABLE 非法 target UUID 被拒绝且 sentinel 不进入 DOM、链接或 URL (281ms)
  ✓  264 [foundation-mobile] › tests/e2e/system-audit.spec.ts:228:1 › 列表失败可重试、越界自动规范、四档无页面根溢出且 ENGINEER 被拒绝 (559ms)
  ✓  265 [foundation-mobile] › tests/e2e/system-users.spec.ts:6:1 › Users 由 canonical URL 与单次 UserList projection 驱动筛选、分页和历史 (626ms)
  ✓  266 [foundation-mobile] › tests/e2e/system-users.spec.ts:46:1 › Users 创建、编辑、reset 冲突与 blocker 均遵守 revision 和敏感字段边界 (1.5s)
  ✓  267 [foundation-mobile] › tests/e2e/system-users.spec.ts:108:1 › Users loading、空态、失败重试与越界页均由 UserList 合同驱动 (1.0s)
  ✓  268 [foundation-mobile] › tests/e2e/system-users.spec.ts:133:1 › Users export、启用、停用和删除传递 CSRF 与当前 revision (1.5s)
  ✓  269 [foundation-mobile] › tests/e2e/system-users.spec.ts:167:1 › User 删除 Dialog 重新聚焦后采用当前列表 projection 的最新 revision (479ms)
  ✓  270 [foundation-mobile] › tests/e2e/system-users.spec.ts:188:1 › Users 两个删除 409 各自保持冻结，失败重读不解冻 (1.8s)
  ✓  271 [foundation-mobile] › tests/e2e/system-users.spec.ts:221:1 › Users bulk 使用选择时 revision、custom 停用确认和 200 partial 反馈 (773ms)
  ✓  272 [foundation-mobile] › tests/e2e/system-users.spec.ts:250:1 › Users 管理员边界、四档响应式、键盘动作与无敏感响应成立 (277ms)
  -  273 [foundation-mobile] › tests/e2e/geo-api-real-stack.spec.ts:18:1 › API 自动轮询、原文引用、部分 usage、费用、429/未知结果与显式新尝试
  -  274 [foundation-mobile] › tests/e2e/geo-api-real-stack.spec.ts:125:1 › 关闭开关的新 API/Worker 消费真实 PENDING，明确失败且 provider 零调用
  -  275 [foundation-mobile] › tests/e2e/geo-comparison-real-stack.spec.ts:21:1 › 已有机会 → 显式继续 → 人工解决 → 刷新保留处理历史
  -  276 [foundation-mobile] › tests/e2e/geo-loop-real-stack.spec.ts:24:1 › 五次覆盖缺口 → 确认与内容发布 → 五次严格复测恢复 → 人工显式解决 → 历史与审计保留
  -  277 [foundation-mobile] › tests/e2e/geo-review-real-stack.spec.ts:20:1 › 严重声明禁止默认确认；人工确认与修正追加且原文、机器结果和历史可追溯
  -  278 [foundation-mobile] › tests/e2e/insights-real-stack.spec.ts:16:1 › 全筛选、真实汇总与明细、URL恢复、表格替代和键盘焦点
  -  279 [foundation-mobile] › tests/e2e/opportunities-real-stack.spec.ts:23:1 › 历史回答、事实、复核与签名证据 → 确认 → 忽略 → 刷新和 Back 恢复
  -  280 [foundation-mobile] › tests/e2e/plans-real-stack.spec.ts:40:1 › 工程师八步创建、服务端预览、dirty、URL、启停修订复制归档与删除持久化
  -  281 [foundation-mobile] › tests/e2e/questions-real-stack.spec.ts:31:1 › 工程师创建、筛选、编辑、启停、复制与删除；刷新持久化，运行入口不可用
  -  282 [foundation-mobile] › tests/e2e/reports-real-stack.spec.ts:16:1 › 完整筛选报告、打印样式、三类原生CSV、审计与空数据
  -  283 [foundation-mobile] › tests/e2e/rules-real-stack.spec.ts:17:1 › 规则预览无写入，保存后刷新持久化，工程师拒绝且无配置请求
  -  284 [foundation-mobile] › tests/e2e/runs-real-stack.spec.ts:31:1 › 人工批次三次采样、URL、dirty、草稿刷新、截图、引用与不可变详情
  -  285 [foundation-mobile] › tests/e2e/surfaces-real-stack.spec.ts:33:1 › 管理员创建、启停和编辑后持久化，工程师仅看摘要，删除尊重真实子配置
  -  286 [foundation-desktop] › tests/e2e/ai-channel-configuration-real-stack.spec.ts:206:1 › AI Channel Configuration 真实栈闭环
(node:92061) Warning: The 'NO_COLOR' env is ignored due to the 'FORCE_COLOR' env being set.
(Use `node --trace-warnings ...` to show where the warning was created)
  ✓  287 [foundation-desktop] › tests/e2e/ai-channel-list.spec.ts:3:1 › AI Channel List 由安全 GET projection 驱动 canonical URL、筛选与分页 (1.1s)
  ✓  288 [foundation-desktop] › tests/e2e/ai-channel-list.spec.ts:36:1 › AI Channel List 恢复历史并生成未来 Workspace href (347ms)
  ✓  289 [foundation-desktop] › tests/e2e/ai-channel-list.spec.ts:55:1 › AI Channel List 发送三类 revision command，冲突不自动重放 (2.4s)
  ✓  290 [foundation-desktop] › tests/e2e/ai-channel-list.spec.ts:97:1 › AI Channel List 删除 409 被动列表不解冻，显式刷新失败仍保留冲突 (875ms)
  ✓  291 [foundation-desktop] › tests/e2e/ai-channel-list.spec.ts:117:1 › AI Channel List 删除成功后列表刷新失败也不恢复旧行 (779ms)
  ✓  292 [foundation-desktop] › tests/e2e/ai-channel-list.spec.ts:132:1 › AI Channel List 管理员边界、移动响应式和敏感字段边界成立 (331ms)
  ✓  293 [foundation-desktop] › tests/e2e/ai-channel-workspace-models.spec.ts:3:1 › Models 完成发现、创建、冲突 reload、测试、启停与删除闭环 (2.6s)
  ✓  294 [foundation-desktop] › tests/e2e/ai-channel-workspace-models.spec.ts:70:1 › 模型命令先采用 canonical，deferred/reject refresh 只读重试且不重发 (441ms)
  ✓  295 [foundation-desktop] › tests/e2e/ai-channel-workspace-models.spec.ts:103:1 › discovery 409 关闭重开仍冻结，成功 channel reload 后拒绝未知 projection (1.1s)
  ✓  296 [foundation-desktop] › tests/e2e/ai-channel-workspace-models.spec.ts:136:1 › dirty 配置进入 Models 需确认，确认后卸载表单且四档宽度无根溢出 (485ms)
  ✓  297 [foundation-desktop] › tests/e2e/ai-channel-workspace-runtime.spec.ts:9:1 › Usage canonical URL、服务端 period 与 history 恢复一致 (392ms)
  ✓  298 [foundation-desktop] › tests/e2e/ai-channel-workspace-runtime.spec.ts:40:1 › Channel 与 Model Runtime 主任务进入真实 Usage (380ms)
  ✓  299 [foundation-desktop] › tests/e2e/ai-channel-workspace-runtime.spec.ts:56:1 › Logs 保持服务端分页和 actor，详情按需读取且未知 shape 显式失败 (676ms)
  ✓  300 [foundation-desktop] › tests/e2e/ai-channel-workspace-runtime.spec.ts:114:1 › Runtime 局部错误、越界恢复与四档根溢出边界成立 (341ms)
  -  301 [foundation-desktop] › tests/e2e/catalog-real-stack.spec.ts:50:1 › 从已批准事实的 Product 建立唯一监测身份、竞品和字典，刷新及 ENGINEER 只读
  ✓  302 [foundation-desktop] › tests/e2e/catalog-ui.spec.ts:17:1 › Catalog 页面局部滚动、URL 恢复、键盘确认与焦点返回 (664ms)
  ✓  303 [foundation-desktop] › tests/e2e/catalog-ui.spec.ts:50:1 › ENGINEER 直接访问只读详情及 new URL，无配置入口或写操作 (276ms)
  -  304 [foundation-desktop] › tests/e2e/content-ai-real-stack.spec.ts:269:1 › AI Production：成功、自然化、失败详情与 exact snapshot retry
  ✓  305 [foundation-desktop] › tests/e2e/content-editor.spec.ts:6:1 › 从 List/Detail primary 进入 canonical Editor，direct/refresh 只读取 Editor Context (762ms)
  ✓  306 [foundation-desktop] › tests/e2e/content-editor.spec.ts:26:1 › no-draft 创建完整人工首稿，不创建 AI lineage，并携带 CSRF (407ms)
  ✓  307 [foundation-desktop] › tests/e2e/content-editor.spec.ts:60:1 › AI generation 按需确认 Prompt/model，terminal 后采用服务端 current pointer (3.1s)
  ✓  308 [foundation-desktop] › tests/e2e/content-editor.spec.ts:94:1 › generation failure 按需读取完整 snapshot，并只按原 job retry (5.5s)
  ✓  309 [foundation-desktop] › tests/e2e/content-editor.spec.ts:128:1 › HUMAN DRAFT DirtyGuard、Preview/Diff 与 Ctrl/Cmd+S 使用 canonical revision (1.0s)
  ✓  310 [foundation-desktop] › tests/e2e/content-editor.spec.ts:171:1 › DirtyGuard 覆盖浏览器 Back/Forward，确认离开后丢弃本地草稿 (458ms)
  ✓  311 [foundation-desktop] › tests/e2e/content-editor.spec.ts:188:1 › AI DRAFT 保持源版本只读，显示 snapshot 摘要并创建 based_on 人工 revision (321ms)
  ✓  312 [foundation-desktop] › tests/e2e/content-editor.spec.ts:217:1 › CREATE_HUMANIZATION_JOB 创建新 job/版本，源 AI DRAFT 保持只读 (3.1s)
  ✓  313 [foundation-desktop] › tests/e2e/content-editor.spec.ts:240:1 › CHANGES_REQUESTED 不原地编辑，创建 based_on 人工 revision (277ms)
  ✓  314 [foundation-desktop] › tests/e2e/content-editor.spec.ts:256:1 › 409 保留本地输入和请求 ID，只在显式 reload 后采用服务端版本 (406ms)
  ✓  315 [foundation-desktop] › tests/e2e/content-editor.spec.ts:275:1 › SUBMIT_REVIEW 409 保留 Dialog 与本地输入，失败 reload 不采用旧 cache，成功后采用 canonical context (771ms)
  ✓  316 [foundation-desktop] › tests/e2e/content-editor.spec.ts:332:1 › SUBMIT_REVIEW 冲突后取消只关闭 Dialog，不读不写并保留页面冲突 (494ms)
  ✓  317 [foundation-desktop] › tests/e2e/content-editor.spec.ts:356:1 › dirty 必须先保存再提交审核，提交后停留 Editor 且不暴露 Review actions (694ms)
  ✓  318 [foundation-desktop] › tests/e2e/content-editor.spec.ts:382:1 › DELETE 只物理删除人工草稿，并采用服务端恢复的父版本主线 (551ms)
  ✓  319 [foundation-desktop] › tests/e2e/content-editor.spec.ts:401:1 › ABANDON 保留历史且只采用服务端返回的新主线 (360ms)
  ✓  320 [foundation-desktop] › tests/e2e/content-editor.spec.ts:421:1 › 375/768/1024/1440 复用 Workspace 响应式、键盘焦点且 StickyActionBar 不遮挡正文 (311ms)
  ✓  321 [foundation-desktop] › tests/e2e/content-editor.spec.ts:450:1 › 后台主线变化保留 dirty 草稿与提交备注，显式重载才采用新主线 (544ms)
  ✓  322 [foundation-desktop] › tests/e2e/content-editor.spec.ts:476:1 › AI terminal 保留生成期间编辑的人工首稿 (3.1s)
  -  323 [foundation-desktop] › tests/e2e/content-review-real-stack.spec.ts:200:1 › Flow A：人工内容批准后进入只读版本并出现发布交接
  -  324 [foundation-desktop] › tests/e2e/content-review-real-stack.spec.ts:293:1 › Flow B：退回后创建 HUMAN revision，重新送审批准且历史不串线
  ✓  325 [foundation-desktop] › tests/e2e/content-review.spec.ts:6:1 › direct URL、refresh、Back 与 Forward 始终读取 task-scoped Review Context (800ms)
  ✓  326 [foundation-desktop] › tests/e2e/content-review.spec.ts:33:1 › 一次快照展示 canonical、blocking/warnings、fact、platform、diff 与 timeline (275ms)
  ✓  327 [foundation-desktop] › tests/e2e/content-review.spec.ts:53:3 › approved 状态只读且不从 status 推导审核动作 (194ms)
  ✓  328 [foundation-desktop] › tests/e2e/content-review.spec.ts:53:3 › changes-requested 状态只读且不从 status 推导审核动作 (196ms)
  ✓  329 [foundation-desktop] › tests/e2e/content-review.spec.ts:53:3 › readonly 状态只读且不从 status 推导审核动作 (254ms)
  ✓  330 [foundation-desktop] › tests/e2e/content-review.spec.ts:62:1 › APPROVE 携带 CSRF/expected_revision，成功后重新读取 canonical state (293ms)
  ✓  331 [foundation-desktop] › tests/e2e/content-review.spec.ts:82:1 › REQUEST_CHANGES 校验并修剪意见，Esc 后焦点返回真实触发器 (561ms)
  ✓  332 [foundation-desktop] › tests/e2e/content-review.spec.ts:114:1 › 409 保留用户输入和 request ID，刷新 canonical context 且不自动重放 (408ms)
  ✓  333 [foundation-desktop] › tests/e2e/content-review.spec.ts:132:1 › 结构化 422 回到意见字段并保留输入 (471ms)
  ✓  334 [foundation-desktop] › tests/e2e/content-review.spec.ts:146:1 › loading 完成后展示 canonical 页面 (199ms)
  ✓  335 [foundation-desktop] › tests/e2e/content-review.spec.ts:154:1 › error 展示 request ID，显式 retry 后恢复 (292ms)
  ✓  336 [foundation-desktop] › tests/e2e/content-review.spec.ts:164:1 › 375/1440 使用既有 WorkspaceShell 响应式形态 (200ms)
  ✓  337 [foundation-desktop] › tests/e2e/content-review.spec.ts:178:1 › 768/1024 保持 tabbed workspace 且内容无水平溢出 (395ms)
  ✓  338 [foundation-desktop] › tests/e2e/content-task-detail.spec.ts:7:1 › 从 Content Task List 进入，页面只以单一 Detail endpoint 绘制完整摘要 (360ms)
  ✓  339 [foundation-desktop] › tests/e2e/content-task-detail.spec.ts:25:1 › direct navigation、refresh、Back/Forward 保持 canonical Detail route (376ms)
  ✓  340 [foundation-desktop] › tests/e2e/content-task-detail.spec.ts:38:1 › compact section 没有数据时显式显示“暂无”，不触发 join API (162ms)
  ✓  341 [foundation-desktop] › tests/e2e/content-task-detail.spec.ts:46:1 › 服务端 primary_task 与 lifecycle overflow 生效，409 不重放并 canonical refetch (582ms)
  ✓  342 [foundation-desktop] › tests/e2e/content-task-detail.spec.ts:63:1 › loading、404、403 与 generic retry 都有明确状态 (666ms)
  ✓  343 [foundation-desktop] › tests/e2e/content-task-detail.spec.ts:89:1 › archived verified 与 cancelled Detail 明确只读，保留服务端 primary (352ms)
  ✓  344 [foundation-desktop] › tests/e2e/content-task-detail.spec.ts:103:1 › 375/768/1024/1440 无根横溢出，overflow 可键盘操作并返回焦点 (551ms)
  ✓  345 [foundation-desktop] › tests/e2e/content-task-list.spec.ts:5:1 › Content Tasks 由服务端 projection 驱动固定列、链接、搜索、筛选与分页 (703ms)
  ✓  346 [foundation-desktop] › tests/e2e/content-task-list.spec.ts:49:1 › Content Tasks URL 支持 direct、refresh、Back/Forward，并规范化非法参数 (427ms)
  ✓  347 [foundation-desktop] › tests/e2e/content-task-list.spec.ts:68:1 › Query Topic 两类 resolve URL 成对映射服务端筛选并可清除 (217ms)
  ✓  348 [foundation-desktop] › tests/e2e/content-task-list.spec.ts:79:1 › Content lifecycle 使用服务端 token、CSRF、comment 和 revision，409 不重放 (1.1s)
  ✓  349 [foundation-desktop] › tests/e2e/content-task-list.spec.ts:113:1 › 已归档视图使用实时永久删除 preview 和精确确认文本 (722ms)
  ✓  350 [foundation-desktop] › tests/e2e/content-task-list.spec.ts:135:1 › Content Tasks 明确呈现 loading、empty、filtered empty、error 与 retry (619ms)
  ✓  351 [foundation-desktop] › tests/e2e/content-task-list.spec.ts:157:1 › Content Tasks 在目标宽度无页面级横向溢出，键盘与 Dialog 焦点可恢复 (383ms)
  -  352 [foundation-desktop] › tests/e2e/content-version-detail-real-stack.spec.ts:135:1 › 独立真实栈：单一 detail GET 读取 HUMAN 当前版本且页面无写入口
  ✓  353 [foundation-desktop] › tests/e2e/content-version-detail.spec.ts:11:1 › 从 Content Task 以键盘进入只读详情，refresh 与 Back/Forward 保持单一 detail 数据边界 (692ms)
  ✓  354 [foundation-desktop] › tests/e2e/content-version-detail.spec.ts:67:1 › HUMAN/AI 与六种 status、当前和历史版本都不生成业务动作 (863ms)
  ✓  355 [foundation-desktop] › tests/e2e/content-version-detail.spec.ts:100:1 › 缺失 Prompt/model/generation/review snapshot 与更新时间时显示诚实空态 (200ms)
  ✓  356 [foundation-desktop] › tests/e2e/content-version-detail.spec.ts:130:1 › 覆盖 loading、404、403、通用错误与 retry (661ms)
  ✓  357 [foundation-desktop] › tests/e2e/fact-history.spec.ts:12:1 › VIEW_FACT_HISTORY 进入 canonical 列表，保持服务端顺序、URL 历史与只读详情导航 (678ms)
  ✓  358 [foundation-desktop] › tests/e2e/fact-history.spec.ts:58:1 › direct navigation 覆盖 loading、empty、404、403、通用错误与 retry (794ms)
  ✓  359 [foundation-desktop] › tests/e2e/fact-history.spec.ts:89:1 › 历史响应包含其他产品版本时阻断整张表 (167ms)
  ✓  360 [foundation-desktop] › tests/e2e/fact-history.spec.ts:104:1 › 事实历史在四档宽度无页面级横向溢出，表格区和版本链接可获得焦点 (202ms)
  ✓  361 [foundation-desktop] › tests/e2e/fact-review.spec.ts:16:1 › direct/refresh 只读一个审核 context，展示不可变 Markdown、Diff、历史并适配四档宽度 (402ms)
  ✓  362 [foundation-desktop] › tests/e2e/fact-review.spec.ts:53:1 › APPROVE 使用服务端 token、CSRF 与 expected_revision，成功后刷新 canonical context (512ms)
  ✓  363 [foundation-desktop] › tests/e2e/fact-review.spec.ts:81:1 › REQUEST_CHANGES 不从 status 推导动作，拒绝空意见并追加目标版本历史 (441ms)
  ✓  364 [foundation-desktop] › tests/e2e/fact-review.spec.ts:113:1 › 409 不重放命令，展示 request ID 并刷新最新 revision (406ms)
  ✓  365 [foundation-desktop] › tests/e2e/fact-review.spec.ts:144:1 › 覆盖 loading、empty、404、403、通用错误与 retry (789ms)
  ✓  366 [foundation-desktop] › tests/e2e/fact-version-detail.spec.ts:19:1 › 从 Product Detail 以键盘进入只读详情，refresh 保持单一 FactVersion 数据边界并适配四档宽度 (445ms)
  ✓  367 [foundation-desktop] › tests/e2e/fact-version-detail.spec.ts:66:1 › direct navigation 展示 approved、pending、changes requested，并保持返回导航与阅读焦点顺序 (457ms)
  ✓  368 [foundation-desktop] › tests/e2e/fact-version-detail.spec.ts:112:1 › productId 与 FactVersion.product_id 不一致时阻断全部 snapshot 内容 (259ms)
  ✓  369 [foundation-desktop] › tests/e2e/fact-version-detail.spec.ts:130:1 › 覆盖 loading、404、403、通用错误与 retry (740ms)
  ✘  370 [foundation-desktop] › tests/e2e/fact-workspace.spec.ts:16:1 › direct/refresh 只读取一个 workspace read model，并适配 375/768/1024/1440 (5.4s)
(node:92194) Warning: The 'NO_COLOR' env is ignored due to the 'FORCE_COLOR' env being set.
(Use `node --trace-warnings ...` to show where the warning was created)
  ✓  371 [foundation-desktop] › tests/e2e/fact-workspace.spec.ts:46:1 › DirtyGuard 保留编辑，Ctrl/Cmd+S 携带 CSRF/expected_revision 并采用 canonical response (546ms)
  ✓  372 [foundation-desktop] › tests/e2e/fact-workspace.spec.ts:73:1 › revision conflict 保留本地 Markdown，只有显式 reload 才采用服务端版本 (340ms)
  ✓  373 [foundation-desktop] › tests/e2e/fact-workspace.spec.ts:93:1 › 提交创建 PENDING_REVIEW 响应后停留工作台，并以 refetch actions 隐藏提交 (447ms)
  ✓  374 [foundation-desktop] › tests/e2e/fact-workspace.spec.ts:115:1 › 提交时 revision conflict 保留当前工作台并显示请求 ID (474ms)
  ✓  375 [foundation-desktop] › tests/e2e/fact-workspace.spec.ts:132:1 › 覆盖 loading、空 Markdown、预期错误、retry 与 RETIRED 只读状态 (764ms)
  ✓  376 [foundation-desktop] › tests/e2e/foundation-smoke.spec.ts:3:1 › production artifact 支持 App Shell 与响应式导航 (277ms)
  ✓  377 [foundation-desktop] › tests/e2e/geo-insights.spec.ts:6:1 › direct URL 映射筛选并完整呈现 read model、替代数据和精确 drill-down (240ms)
  ✓  378 [foundation-desktop] › tests/e2e/geo-insights.spec.ts:27:1 › 筛选写回 canonical URL，reset 与浏览器历史恢复 (489ms)
  ✓  379 [foundation-desktop] › tests/e2e/geo-insights.spec.ts:41:1 › loading、首次错误重试与 empty/unavailable 状态彼此区分 (510ms)
  ✓  380 [foundation-desktop] › tests/e2e/geo-insights.spec.ts:62:1 › 优化 Dialog 按需读取 options，以响应 ID 导航并携带稳定命令头 (804ms)
  ✓  381 [foundation-desktop] › tests/e2e/geo-insights.spec.ts:80:1 › 优化 POST pending 时取消、Escape 与外点都不能重建命令会话 (867ms)
  ✓  382 [foundation-desktop] › tests/e2e/geo-insights.spec.ts:100:1 › stale/409 不自动重放，保留选择并要求显式刷新 (870ms)
  ✓  383 [foundation-desktop] › tests/e2e/geo-insights.spec.ts:127:1 › stale 刷新后来源消失仍保留目标与 request ID，并禁止再次 POST (721ms)
  ✓  384 [foundation-desktop] › tests/e2e/geo-insights.spec.ts:144:1 › 后台撤销优化来源或创建选项失败时旧选择可见但不能提交 (740ms)
  ✓  385 [foundation-desktop] › tests/e2e/geo-insights.spec.ts:177:1 › 后台创建选项撤销已批准事实版本后阻止旧目标 POST (579ms)
  ✓  386 [foundation-desktop] › tests/e2e/geo-insights.spec.ts:195:1 › 打印报告使用相同查询，只呈现只读数据并调用浏览器打印 (276ms)
  ✓  387 [foundation-desktop] › tests/e2e/geo-insights.spec.ts:257:1 › Screen 打印入口完整保留七项筛选并支持浏览器历史 (330ms)
  ✓  388 [foundation-desktop] › tests/e2e/geo-insights.spec.ts:270:1 › 打印报告规范化参数，并区分 loading、error、empty 与 unavailable (503ms)
  ✓  389 [foundation-desktop] › tests/e2e/geo-observation-correction.spec.ts:48:1 › 从 Detail CORRECT 入口进入，历史 ID 先 replace 到服务端 canonical 尾 (743ms)
  ✓  390 [foundation-desktop] › tests/e2e/geo-observation-correction.spec.ts:81:1 › 校验显式事实；上传失败只重试 complete，POST 防重复并按响应 ID 交接 (1.1s)
  ✓  391 [foundation-desktop] › tests/e2e/geo-observation-correction.spec.ts:161:5 › 更正冲突 › publication-conflict 不重放；显式刷新按 ID 合并草稿、证据和新尾 (1.6s)
  ✓  392 [foundation-desktop] › tests/e2e/geo-observation-correction.spec.ts:161:5 › 更正冲突 › successor-conflict 不重放；显式刷新按 ID 合并草稿、证据和新尾 (1.6s)
  ✓  393 [foundation-desktop] › tests/e2e/geo-observation-correction.spec.ts:212:1 › successor 后显式上下文刷新失败仍冻结旧尾并保留草稿与 request ID (949ms)
  ✓  394 [foundation-desktop] › tests/e2e/geo-observation-correction.spec.ts:240:1 › 链上下文不完整后禁止重放，显式 GET 失败也不能用缓存旧数据解冻 (936ms)
  ✓  395 [foundation-desktop] › tests/e2e/geo-observation-correction.spec.ts:264:1 › upload complete 悬停跨布局时阻止 POST，成功后仅提交新证据 (960ms)
  ✓  396 [foundation-desktop] › tests/e2e/geo-observation-correction.spec.ts:290:1 › 空白草稿开始上传后，离开仍需确认 (575ms)
  ✓  397 [foundation-desktop] › tests/e2e/geo-observation-correction.spec.ts:309:1 › 后台读取撤销更正资格后冻结旧上下文与写入入口 (792ms)
  ✓  398 [foundation-desktop] › tests/e2e/geo-observation-correction.spec.ts:328:1 › loading、404、403、Legacy 与提交时权限变化均明确且保留输入 (3.2s)
  ✓  399 [foundation-desktop] › tests/e2e/geo-observation-correction.spec.ts:363:1 › DirtyGuard、键盘主动作与 375/768/1024/1440 布局可达 (475ms)
  ✓  400 [foundation-desktop] › tests/e2e/geo-observation-detail.spec.ts:8:1 › List 进入 Detail，direct URL、refresh、Back 和 Forward 保持 canonical route (444ms)
  ✓  401 [foundation-desktop] › tests/e2e/geo-observation-detail.spec.ts:28:1 › Manual 一次请求展示 selected record、完整 chain、direct evidence 和 tail actions (737ms)
  ✓  402 [foundation-desktop] › tests/e2e/geo-observation-detail.spec.ts:77:1 › Legacy 只展示合同真实存在的 recommendation、citation 与 frozen article (172ms)
  ✓  403 [foundation-desktop] › tests/e2e/geo-observation-detail.spec.ts:93:1 › loading、409、retry 与 contract error 均不回退到旧 GET (238ms)
  ✓  404 [foundation-desktop] › tests/e2e/geo-observation-detail.spec.ts:112:1 › 404、403 和普通读取失败明确展示错误，不使用旧单条 GET (678ms)
  ✓  405 [foundation-desktop] › tests/e2e/geo-observation-detail.spec.ts:130:1 › 删除确认期间后台撤销尾节点动作，确认禁用且焦点回到标题 (733ms)
  ✓  406 [foundation-desktop] › tests/e2e/geo-observation-detail.spec.ts:150:1 › DELETE 409 冻结旧确认，显式重载后需重新打开并人工确认 (1.3s)
  ✓  407 [foundation-desktop] › tests/e2e/geo-observation-detail.spec.ts:179:1 › 375/768/1024/1440 无根级横向溢出且键盘可达 (178ms)
  ✓  408 [foundation-desktop] › tests/e2e/geo-observations.spec.ts:5:1 › 八列紧凑列表只提供 canonical links 和服务端投影动作 (242ms)
  ✓  409 [foundation-desktop] › tests/e2e/geo-observations.spec.ts:31:1 › URL 参数逐项映射 API，支持排序、分页和 canonical replace (692ms)
  ✓  410 [foundation-desktop] › tests/e2e/geo-observations.spec.ts:77:1 › Query Topic resolve URL 精确映射服务端筛选并可清除 (203ms)
  ✓  411 [foundation-desktop] › tests/e2e/geo-observations.spec.ts:86:1 › loading、empty、filtered-empty、error 与 retry 诚实可见 (596ms)
  ✓  412 [foundation-desktop] › tests/e2e/geo-observations.spec.ts:108:1 › 键盘 Dialog 返回焦点，删除只发送一次且携带 CSRF (678ms)
  ✓  413 [foundation-desktop] › tests/e2e/geo-observations.spec.ts:130:1 › 375/768/1024/1440 页面根无横向溢出，表格只在区域内滚动 (179ms)
  ✓  414 [foundation-desktop] › tests/e2e/geo-observations.spec.ts:147:1 › 确认删除期间背景移除行仍保留 Dialog，取消后焦点回到标题 (768ms)
  -  415 [foundation-desktop] › tests/e2e/geo-real-stack.spec.ts:346:1 › Flow A：新建 Observation 后追加 Correction，原记录保持不可变
  -  416 [foundation-desktop] › tests/e2e/geo-real-stack.spec.ts:581:1 › Flow B：真实 Insights 复算异常并创建带不可变 GEO 来源的优化任务
  ✓  417 [foundation-desktop] › tests/e2e/geo-topics.spec.ts:5:1 › 五列只消费服务端动作，primary 携带 canonical handoff，引用链接精确可解析 (655ms)
  ✓  418 [foundation-desktop] › tests/e2e/geo-topics.spec.ts:48:1 › 引用 Dialog 从当前 exact list projection 实时更新 (477ms)
  ✓  419 [foundation-desktop] › tests/e2e/geo-topics.spec.ts:72:1 › 删除 Dialog 按最新 blocker/资格原位切换，并以最新 revision 确认 (454ms)
  ✓  420 [foundation-desktop] › tests/e2e/geo-topics.spec.ts:125:1 › 删除确认在 exact list fetching/error/目标消失时保持阻断 (389ms)
  ✓  421 [foundation-desktop] › tests/e2e/geo-topics.spec.ts:172:1 › 搜索、排序、分页进入 URL/API，direct、refresh、Back/Forward 保持 canonical (741ms)
  ✓  422 [foundation-desktop] › tests/e2e/geo-topics.spec.ts:204:1 › loading、empty、filtered-empty、error/retry 与四档根宽度状态诚实 (620ms)
  ✓  423 [foundation-desktop] › tests/e2e/geo-topics.spec.ts:237:1 › 创建与更新携带 CSRF/revision；409 保留草稿并只在显式 reload 后恢复 (1.2s)
  ✓  424 [foundation-desktop] › tests/e2e/geo-topics.spec.ts:323:1 › DELETE 只对服务端允许的行出现，确认后只发送一次 expected_revision (883ms)
  ✓  425 [foundation-desktop] › tests/e2e/geo-topics.spec.ts:350:1 › DELETE 409 不自动重放，显式 reload revision 后才允许再次确认 (852ms)
  ✓  426 [foundation-desktop] › tests/e2e/geo-topics.spec.ts:403:1 › DELETE 引用竞态显示服务端最新类型、数量和 canonical resolve links (490ms)
  ✓  427 [foundation-desktop] › tests/e2e/legacy-routing.spec.ts:10:1 › 全部登记 legacy pathname 进入唯一 canonical pathname (2.5s)
  ✓  428 [foundation-desktop] › tests/e2e/legacy-routing.spec.ts:39:1 › query 白名单、workspace 与 Publishing 优先级写入 canonical URL (1.1s)
  ✓  429 [foundation-desktop] › tests/e2e/legacy-routing.spec.ts:71:1 › replace 保留 refresh、Back 与 Forward 的 canonical 历史 (323ms)
  ✓  430 [foundation-desktop] › tests/e2e/legacy-routing.spec.ts:83:1 › 匿名 legacy deep link 登录后恢复并归一化，恶意 return-to 回安全默认 (402ms)
  ✓  431 [foundation-desktop] › tests/e2e/legacy-routing.spec.ts:103:1 › must-change 与 ENGINEER 权限由既有 boundary 裁决 (257ms)
  ✓  432 [foundation-desktop] › tests/e2e/legacy-routing.spec.ts:114:1 › 未知 path 显式 404，canonical 资源错误保留，Product Detail 保持 Facts 入口 (361ms)
  ✓  433 [foundation-desktop] › tests/e2e/new-content-task.spec.ts:27:1 › Content Task List Page Primary 进入可直达、刷新的三字段创建页 (400ms)
  ✓  434 [foundation-desktop] › tests/e2e/new-content-task.spec.ts:50:1 › Product Detail CREATE_CONTENT_TASK handoff 进入 URL 并经服务端资格确认后预选 (311ms)
  ✓  435 [foundation-desktop] › tests/e2e/new-content-task.spec.ts:65:1 › productId direct/refresh/Back/Forward 恢复，非法、不存在、停用和无事实都不静默改选 (2.2s)
  ✓  436 [foundation-desktop] › tests/e2e/new-content-task.spec.ts:120:1 › Product 只显示所属 approved facts，换 Product 清除旧事实，Platform 只显示活动具体平台 (1.1s)
  ✓  437 [foundation-desktop] › tests/e2e/new-content-task.spec.ts:141:1 › POST 发送精确 ContentTaskCreate 与稳定 Idempotency-Key，pending 防重，成功进入 canonical Detail (1.2s)
  ✓  438 [foundation-desktop] › tests/e2e/new-content-task.spec.ts:172:1 › 失败保留选择与同键重试，字段错误、403/404/409 与 IDEMPOTENCY_CONFLICT 显示 request ID (1.2s)
  ✓  439 [foundation-desktop] › tests/e2e/new-content-task.spec.ts:208:1 › options loading/error/retry/empty 均有明确恢复路径 (460ms)
  ✓  440 [foundation-desktop] › tests/e2e/new-content-task.spec.ts:225:1 › DirtyGuard 覆盖 Cancel (1.3s)
  ✓  441 [foundation-desktop] › tests/e2e/new-content-task.spec.ts:244:1 › DirtyGuard 覆盖浏览器 Back (797ms)
  ✓  442 [foundation-desktop] › tests/e2e/new-content-task.spec.ts:256:1 › 创建页在 375/768/1024/1440 无页面横溢出，键盘可选择且焦点可见 (487ms)
  ✓  443 [foundation-desktop] › tests/e2e/new-geo-observation.spec.ts:62:1 › 列表 Primary、直接访问和刷新都进入 canonical 创建 Workspace (434ms)
  ✓  444 [foundation-desktop] › tests/e2e/new-geo-observation.spec.ts:76:1 › queryTopicId 与 geoPlatform handoff 支持 direct URL 与刷新，不存在 Topic 时明确阻止提交 (485ms)
  ✓  445 [foundation-desktop] › tests/e2e/new-geo-observation.spec.ts:99:1 › 候选 loading 诚实可见且阻止创建 (436ms)
  ✓  446 [foundation-desktop] › tests/e2e/new-geo-observation.spec.ts:111:1 › 候选 empty 提供可用出口且阻止创建 (422ms)
  ✓  447 [foundation-desktop] › tests/e2e/new-geo-observation.spec.ts:124:1 › 客户端校验显式事实；上传后 POST 防重复并 canonical handoff (2.1s)
  ✓  448 [foundation-desktop] › tests/e2e/new-geo-observation.spec.ts:186:1 › 证据 complete 未结束且跨布局时不能创建，完成后才提交附件 (2.2s)
  ✓  449 [foundation-desktop] › tests/e2e/new-geo-observation.spec.ts:212:1 › 空白表单上传期间离开需确认，保留上传后可继续校验 (551ms)
  ✓  450 [foundation-desktop] › tests/e2e/new-geo-observation.spec.ts:236:1 › 候选冲突不重放创建，显式刷新后保留输入并允许人工重试 (2.2s)
  ✓  451 [foundation-desktop] › tests/e2e/new-geo-observation.spec.ts:256:1 › DirtyGuard 覆盖 Cancel，Back/Forward 可恢复 canonical 页面；四档宽度无溢出 (1.2s)
  ✓  452 [foundation-desktop] › tests/e2e/new-product.spec.ts:11:1 › Products 唯一 page Primary 进入可直达、刷新并保持导航上下文的新建页 (380ms)
  ✓  453 [foundation-desktop] › tests/e2e/new-product.spec.ts:27:1 › 客户端阻止必填和纯空白请求，并关联字段说明、错误与 ErrorSummary (198ms)
  ✓  454 [foundation-desktop] › tests/e2e/new-product.spec.ts:42:1 › POST 使用 trim body 与 CSRF，pending 防重复，成功清除 DirtyGuard 并使列表重新获取 (364ms)
  ✓  455 [foundation-desktop] › tests/e2e/new-product.spec.ts:70:1 › duplicate、字段校验与 forbidden 使用结构化位置/form summary，修正后可重试 (415ms)
  ✓  456 [foundation-desktop] › tests/e2e/new-product.spec.ts:102:1 › dirty Cancel 与浏览器返回均支持留在页面或确认离开 (880ms)
  ✓  457 [foundation-desktop] › tests/e2e/new-product.spec.ts:128:1 › 新建页在 375/1440 无页面级横向溢出，键盘可达且焦点可见 (178ms)
  ✓  458 [foundation-desktop] › tests/e2e/platform-list.spec.ts:3:1 › Platform List 由 GET projection 驱动搜索、筛选、分页与 canonical URL (904ms)
  ✓  459 [foundation-desktop] › tests/e2e/platform-list.spec.ts:40:1 › Platform List 刷新与历史恢复搜索状态，名称点击交接 canonical Workspace (368ms)
  ✓  460 [foundation-desktop] › tests/e2e/platform-list.spec.ts:59:1 › Platform List 呈现服务端 Primary、overflow、删除条件与 revision command (716ms)
  ✓  461 [foundation-desktop] › tests/e2e/platform-list.spec.ts:85:1 › Platform Profile 删除 Dialog 在 focus projection 更新后禁止陈旧提交并使用最新 revision (515ms)
  ✓  462 [foundation-desktop] › tests/e2e/platform-list.spec.ts:124:1 › Platform List 删除已接受但列表同步失败时冻结旧行，显式刷新后不重复删除 (681ms)
  ✓  463 [foundation-desktop] › tests/e2e/platform-list.spec.ts:142:1 › Platform List 删除 409 关闭重开后仍需显式成功重读 (1.0s)
  ✓  464 [foundation-desktop] › tests/e2e/platform-list.spec.ts:165:1 › Platform List 删除末页唯一行后返回上一页并恢复命令 (656ms)
  ✓  465 [foundation-desktop] › tests/e2e/platform-list.spec.ts:190:1 › Platform List 在 375/768/1024/1440 无页面级横向溢出且移动端动作可达 (215ms)
  ✓  466 [foundation-desktop] › tests/e2e/platform-types.spec.ts:5:1 › 从 Platform Settings 与 Workspace 进入 subsettings，支持 direct/refresh/back/forward (748ms)
  ✓  467 [foundation-desktop] › tests/e2e/platform-types.spec.ts:34:1 › 创建、编辑和删除只提交 Name、Slug、CSRF 与 canonical revision (1.1s)
  ✓  468 [foundation-desktop] › tests/e2e/platform-types.spec.ts:85:1 › blocker、编辑冲突和删除冲突均保留服务端权威与显式 reload (1.5s)
  ✓  469 [foundation-desktop] › tests/e2e/platform-types.spec.ts:139:1 › Platform Type 删除 Dialog 重新聚焦后采用最新 projection 与 revision (492ms)
  ✓  470 [foundation-desktop] › tests/e2e/platform-types.spec.ts:163:1 › 非管理员由 route 在业务请求前拒绝 (145ms)
  ✓  471 [foundation-desktop] › tests/e2e/platform-types.spec.ts:171:1 › error retry 与 375/768/1024/1440 production artifact 均保持四字段和动作可达 (294ms)
  ✓  472 [foundation-desktop] › tests/e2e/platform-workspace.spec.ts:5:1 › Platform List 进入 canonical Workspace，Tab URL 支持 refresh/back/forward (1.2s)
  ✓  473 [foundation-desktop] › tests/e2e/platform-workspace.spec.ts:43:1 › Overview 取消与保存只发送单个 revision PATCH，官网候选确认后才绑定 (452ms)
  ✓  474 [foundation-desktop] › tests/e2e/platform-workspace.spec.ts:82:1 › Logo 手工上传只接受图片并通过 PLATFORM_LOGO 生命周期，移除由下一次 PATCH 完成 (364ms)
  ✓  475 [foundation-desktop] › tests/e2e/platform-workspace.spec.ts:123:1 › Accounts 保持移动端可达，Generation 绑定/解绑并在 409 保留选择 (598ms)
  ✓  476 [foundation-desktop] › tests/e2e/platform-workspace.spec.ts:151:1 › Accounts 创建、编辑、停用与删除在响应式产物中保持 revision 闭环 (1.5s)
  ✓  477 [foundation-desktop] › tests/e2e/platform-workspace.spec.ts:194:1 › Accounts 删除 Dialog 只使用独立 accounts query 的 focus 最新 projection (555ms)
  ✓  478 [foundation-desktop] › tests/e2e/platform-workspace.spec.ts:217:1 › Accounts 删除 409 关闭重开仍冻结，失败 reload 不解冻且 A/B hold 隔离 (1.3s)
  ✓  479 [foundation-desktop] › tests/e2e/platform-workspace.spec.ts:248:1 › Accounts 最新 query 移除目标后关闭删除 Dialog 且不提交陈旧请求 (478ms)
  ✓  480 [foundation-desktop] › tests/e2e/platform-workspace.spec.ts:270:1 › DirtyGuard 覆盖 Tab 离开；404/403/error retry 分别呈现 (1.3s)
  ✓  481 [foundation-desktop] › tests/e2e/platform-workspace.spec.ts:302:1 › 375/768/1024/1440 无页面横向溢出，read-only projection 不加载 Prompt options (252ms)
  ✓  482 [foundation-desktop] › tests/e2e/product-detail.spec.ts:71:1 › 从 Products 名称进入单请求详情，并支持 direct URL、refresh、Back/Forward 与导航上下文 (1.5s)
  ✓  483 [foundation-desktop] › tests/e2e/product-detail.spec.ts:94:1 › 按既定顺序展示 facts/content/publishing/GEO compact summary 与服务端已排序 Activity (304ms)
  ✓  484 [foundation-desktop] › tests/e2e/product-detail.spec.ts:120:1 › 空摘要只显示“暂无”，primary/overflow 只随服务端 token 与 projection 变化 (245ms)
  ✓  485 [foundation-desktop] › tests/e2e/product-detail.spec.ts:147:1 › UPDATE 仅发送 ProductUpdate；REVISION_CONFLICT 展示请求 ID 并刷新 canonical detail (1.0s)
  ✓  486 [foundation-desktop] › tests/e2e/product-detail.spec.ts:182:1 › 删除入口消费 blocker、expected_revision；冲突刷新后可按 canonical projection 重试 (1.7s)
  ✓  487 [foundation-desktop] › tests/e2e/product-detail.spec.ts:216:1 › 明确区分 404、403、普通错误 retry，并在 375/768/1024/1440 保持键盘可达且无横向溢出 (695ms)
  -  488 [foundation-desktop] › tests/e2e/product-facts-real-stack.spec.ts:134:1 › Flow A：批准事实后展示不可变版本并交接 CREATE_CONTENT_TASK
  -  489 [foundation-desktop] › tests/e2e/product-facts-real-stack.spec.ts:231:1 › Flow B：退回后修订产生新版本，审核历史严格归属当前 FactVersion
  -  490 [foundation-desktop] › tests/e2e/product-facts-real-stack.spec.ts:319:1 › Flow D：过期 revision 真实返回 409，不重放并保留服务端最新状态
  -  491 [foundation-desktop] › tests/e2e/product-facts-real-stack.spec.ts:400:1 › Flow C：独立 ContentTask 经人工首稿、保存后提交审核
  ✓  492 [foundation-desktop] › tests/e2e/products-list.spec.ts:3:1 › Products 列表仅以 GET projection 驱动 URL 搜索、筛选、排序和分页 (655ms)
  ✓  493 [foundation-desktop] › tests/e2e/products-list.spec.ts:44:1 › Products URL 可刷新和历史恢复，非法参数由 route schema 规范化 (665ms)
  ✓  494 [foundation-desktop] › tests/e2e/products-list.spec.ts:76:1 › Products 行只呈现服务端 primary、overflow 与删除条件 (419ms)
  ✓  495 [foundation-desktop] › tests/e2e/products-list.spec.ts:94:1 › Products 明确呈现 loading、empty、filtered empty、error 与 retry (686ms)
  ✓  496 [foundation-desktop] › tests/e2e/products-list.spec.ts:117:1 › Products 在目标宽度无页面级横向溢出且键盘焦点可操作 (448ms)
  ✓  497 [foundation-desktop] › tests/e2e/prompt-workspace.spec.ts:14:1 › 管理员从导航进入 Prompt Workspace，并完成 create/update/delete revision 闭环 (1.4s)
  ✓  498 [foundation-desktop] › tests/e2e/prompt-workspace.spec.ts:78:1 › 新建 Prompt 后仅修改名称即可保存并采用 canonical revision (514ms)
  ✓  499 [foundation-desktop] › tests/e2e/prompt-workspace.spec.ts:115:1 › Preview 显式选择并确认真实首稿，按返回 Job 轮询到不可变版本 (3.5s)
  ✓  500 [foundation-desktop] › tests/e2e/prompt-workspace.spec.ts:160:1 › Preview 明确处理 empty、options error 和公开失败，且不提供自动重试 (3.7s)
  ✓  501 [foundation-desktop] › tests/e2e/prompt-workspace.spec.ts:196:1 › q-only 导航保留草稿，切换 Prompt 被阻断，四档宽度无页面横向溢出 (648ms)
  ✓  502 [foundation-desktop] › tests/e2e/prompt-workspace.spec.ts:232:1 › 创建和删除成功后，列表刷新挂起也立即完成 URL handoff 与关闭 Dialog (653ms)
  ✓  503 [foundation-desktop] › tests/e2e/prompt-workspace.spec.ts:283:3 › create 等待响应期间 Markdown 只读，键盘输入不会被成功响应覆盖 (312ms)
  ✓  504 [foundation-desktop] › tests/e2e/prompt-workspace.spec.ts:283:3 › update 等待响应期间 Markdown 只读，键盘输入不会被成功响应覆盖 (549ms)
  ✓  505 [foundation-desktop] › tests/e2e/publication-work-list.spec.ts:5:1 › Publishing Work 以三个窄 endpoint 绘制四指标、Ready Queue 与固定六列 (214ms)
  ✓  506 [foundation-desktop] › tests/e2e/publication-work-list.spec.ts:28:1 › URL 支持 direct、refresh、status、pagination 与 Back/Forward，并归一非法分页和额外参数 (555ms)
  ✓  507 [foundation-desktop] › tests/e2e/publication-work-list.spec.ts:50:1 › START 明确选账号、携带 CSRF/稳定 key；409 不重放，人工重试采用 canonical ID (979ms)
  ✓  508 [foundation-desktop] › tests/e2e/publication-work-list.spec.ts:81:1 › 三个 surface 状态独立，目标宽度只允许 TableRegion 局部滚动，Dialog 焦点返回 (1.1s)
  ✓  509 [foundation-desktop] › tests/e2e/publication-work-list.spec.ts:122:1 › 成功缓存经 hidden→visible focus 刷新失败时保留投影，并按区块独立恢复 (534ms)
  -  510 [foundation-desktop] › tests/e2e/publication-workspace-real-stack.spec.ts:145:1 › Flow A：V2 UI 从开始发布连续完成成果、修复任务与问题解决
  -  511 [foundation-desktop] › tests/e2e/publication-workspace-real-stack.spec.ts:466:1 › Flow B：失败核验经内容修订审批、换版和重登记后完成发布
  -  512 [foundation-desktop] › tests/e2e/publication-workspace-real-stack.spec.ts:653:1 › Published Article：真实栈列表进入单请求只读详情
  ✓  513 [foundation-desktop] › tests/e2e/publication-workspace.spec.ts:5:1 › Workspace direct/refresh/Back/Forward 只使用六个 canonical hash (300ms)
  ✓  514 [foundation-desktop] › tests/e2e/publication-workspace.spec.ts:26:1 › Package 按点击读取，Core UI 完成 preparation/review/upload/result 并明确交接 (1.3s)
  ✓  515 [foundation-desktop] › tests/e2e/publication-workspace.spec.ts:72:1 › 409 保留输入且不重放；pending 禁止双提交 (1.5s)
  ✓  516 [foundation-desktop] › tests/e2e/publication-workspace.spec.ts:103:1 › 证据上传完成前禁止登记，完成后携带已校验文件 ID (783ms)
  ✓  517 [foundation-desktop] › tests/e2e/publication-workspace.spec.ts:146:1 › Verification 完成 fail → candidate → switch → result → pass 只读闭环 (2.8s)
  ✓  518 [foundation-desktop] › tests/e2e/publication-workspace.spec.ts:231:1 › typed 初始错误与目标宽度不产生页面横向溢出 (846ms)
  ✓  519 [foundation-desktop] › tests/e2e/published-articles.spec.ts:11:1 › 从五列成果表以键盘进入单请求只读详情 (410ms)
  ✓  520 [foundation-desktop] › tests/e2e/published-articles.spec.ts:39:1 › canonical URL 支持 search/sort/pagination、refresh 与 Back/Forward (665ms)
  ✓  521 [foundation-desktop] › tests/e2e/published-articles.spec.ts:68:1 › 列表与详情诚实处理 empty/error，四档宽度保持 readonly (891ms)
  ✓  522 [foundation-desktop] › tests/e2e/published-content-issues.spec.ts:11:1 › Issues 六列表与 Workspace 使用 canonical 单读边界 (319ms)
  ✓  523 [foundation-desktop] › tests/e2e/published-content-issues.spec.ts:27:1 › Article 登记后交接 Workspace，repair 与 resolve 保持独立 (2.2s)
  ✓  524 [foundation-desktop] › tests/e2e/published-content-issues.spec.ts:91:1 › 非法列表状态与未知 Workspace hash 被 canonicalize，页面无根横向溢出 (309ms)
  ✓  525 [foundation-desktop] › tests/e2e/workbench.spec.ts:3:1 › 单一 aggregate 完整绘制 Operations Inbox、canonical links 和四档布局 (283ms)
  ✓  526 [foundation-desktop] › tests/e2e/workbench.spec.ts:61:1 › loading、fatal error、retry、empty、zero 与 nullable rate 彼此区分 (495ms)
(node:92400) Warning: The 'NO_COLOR' env is ignored due to the 'FORCE_COLOR' env being set.
(Use `node --trace-warnings ...` to show where the warning was created)
  ✓  527 [foundation-desktop] › tests/e2e/ai-channel-workspace-core.spec.ts:7:1 › List 创建后进入 canonical Workspace，并支持 direct/refresh/history (728ms)
  ✓  528 [foundation-desktop] › tests/e2e/ai-channel-workspace-core.spec.ts:54:1 › Basic/Request 共享草稿，dirty guard 与 409 显式 reload 成立 (799ms)
  ✓  529 [foundation-desktop] › tests/e2e/ai-channel-workspace-core.spec.ts:96:1 › API Key 与 Header 只写不回显，Header 删除提交渠道 revision 并恢复焦点 (1.1s)
  ✓  530 [foundation-desktop] › tests/e2e/ai-channel-workspace-core.spec.ts:135:1 › Workspace 保持 ADMIN 边界、键盘可达且根节点无响应式溢出 (272ms)
  -  531 [foundation-desktop] › tests/e2e/auth-session-real-stack.spec.ts:101:1 › 同一 BrowserContext 双页面以 session binding 封闭 A→B→A 的迟到 mutation
  -  532 [foundation-desktop] › tests/e2e/auth-session-real-stack.spec.ts:257:1 › 退出已由服务端提交但响应丢失时发送页与同源页各自只做一次 canonical recovery
  -  533 [foundation-desktop] › tests/e2e/auth-session-real-stack.spec.ts:333:1 › 跨标签页 owner 终止后由 lease 回收存活页与全页面重载
  -  534 [foundation-desktop] › tests/e2e/auth-session-real-stack.spec.ts:445:1 › durable terminal reconciliation 与异常协议 marker 保持 fail-closed
  -  535 [foundation-desktop] › tests/e2e/auth-session-real-stack.spec.ts:624:1 › Auth 真实栈完成 login → forced change → admin 403 → logout
  ✓  536 [foundation-desktop] › tests/e2e/auth-session.spec.ts:115:1 › 匿名登录在权威生产 CSP 下无违规与运行时错误 (189ms)
  ✓  537 [foundation-desktop] › tests/e2e/auth-session.spec.ts:163:1 › 登录关键控件在移动端满足触控目标且桌面保持紧凑高度 (169ms)
  ✓  538 [foundation-desktop] › tests/e2e/auth-session.spec.ts:194:1 › Auth production artifact 完成强制改密、自助改密、ENGINEER 403 与退出 (1.0s)
  -  539 [foundation-desktop] › tests/e2e/system-admin-real-stack.spec.ts:289:1 › 当前管理员自降权与自停用通过同一 BrowserContext principal boundary 收敛双页面
  -  540 [foundation-desktop] › tests/e2e/system-admin-real-stack.spec.ts:864:1 › System Admin 真实栈完成用户、权限、会话与审计闭环
  ✓  541 [foundation-desktop] › tests/e2e/system-audit.spec.ts:9:1 › canonical URL、七列、导航与全部 server 参数映射成立 (271ms)
  -  542 [foundation-desktop] › tests/e2e/system-audit.spec.ts:38:1 › 移动端筛选空态在 TableShell 初始可见区内且页面根无溢出
  ✓  543 [foundation-desktop] › tests/e2e/system-audit.spec.ts:89:1 › 详情严格 lazy，并由 row click/Enter/Space 驱动自适应容器与焦点恢复 (398ms)
  ✓  544 [foundation-desktop] › tests/e2e/system-audit.spec.ts:118:1 › deleted actor、三态结果、相关对象三态与安全投影错误均不泄漏 (1.4s)
  ✓  545 [foundation-desktop] › tests/e2e/system-audit.spec.ts:169:1 › 未知动作筛选项与当前 URL 筛选保持局部且可明确清除 (293ms)
  ✓  546 [foundation-desktop] › tests/e2e/system-audit.spec.ts:189:1 › 详情对象、嵌套数组与原型字段由局部严格投影拒绝且不进入 DOM (276ms)
  ✓  547 [foundation-desktop] › tests/e2e/system-audit.spec.ts:202:1 › 非法 related registry/status/parent 被拒绝且 sentinel 不进入 cache 可见面 (298ms)
  ✓  548 [foundation-desktop] › tests/e2e/system-audit.spec.ts:215:1 › AVAILABLE 非法 target UUID 被拒绝且 sentinel 不进入 DOM、链接或 URL (280ms)
  ✓  549 [foundation-desktop] › tests/e2e/system-audit.spec.ts:228:1 › 列表失败可重试、越界自动规范、四档无页面根溢出且 ENGINEER 被拒绝 (493ms)
  ✓  550 [foundation-desktop] › tests/e2e/system-users.spec.ts:6:1 › Users 由 canonical URL 与单次 UserList projection 驱动筛选、分页和历史 (585ms)
  ✓  551 [foundation-desktop] › tests/e2e/system-users.spec.ts:46:1 › Users 创建、编辑、reset 冲突与 blocker 均遵守 revision 和敏感字段边界 (1.5s)
  ✓  552 [foundation-desktop] › tests/e2e/system-users.spec.ts:108:1 › Users loading、空态、失败重试与越界页均由 UserList 合同驱动 (1.0s)
  ✓  553 [foundation-desktop] › tests/e2e/system-users.spec.ts:133:1 › Users export、启用、停用和删除传递 CSRF 与当前 revision (1.4s)
  ✓  554 [foundation-desktop] › tests/e2e/system-users.spec.ts:167:1 › User 删除 Dialog 重新聚焦后采用当前列表 projection 的最新 revision (467ms)
  ✓  555 [foundation-desktop] › tests/e2e/system-users.spec.ts:188:1 › Users 两个删除 409 各自保持冻结，失败重读不解冻 (1.9s)
  ✓  556 [foundation-desktop] › tests/e2e/system-users.spec.ts:221:1 › Users bulk 使用选择时 revision、custom 停用确认和 200 partial 反馈 (655ms)
  ✓  557 [foundation-desktop] › tests/e2e/system-users.spec.ts:250:1 › Users 管理员边界、四档响应式、键盘动作与无敏感响应成立 (290ms)
  -  558 [foundation-desktop] › tests/e2e/geo-api-real-stack.spec.ts:18:1 › API 自动轮询、原文引用、部分 usage、费用、429/未知结果与显式新尝试
  -  559 [foundation-desktop] › tests/e2e/geo-api-real-stack.spec.ts:125:1 › 关闭开关的新 API/Worker 消费真实 PENDING，明确失败且 provider 零调用
  -  560 [foundation-desktop] › tests/e2e/geo-comparison-real-stack.spec.ts:21:1 › 已有机会 → 显式继续 → 人工解决 → 刷新保留处理历史
  -  561 [foundation-desktop] › tests/e2e/geo-loop-real-stack.spec.ts:24:1 › 五次覆盖缺口 → 确认与内容发布 → 五次严格复测恢复 → 人工显式解决 → 历史与审计保留
  -  562 [foundation-desktop] › tests/e2e/geo-review-real-stack.spec.ts:20:1 › 严重声明禁止默认确认；人工确认与修正追加且原文、机器结果和历史可追溯
  -  563 [foundation-desktop] › tests/e2e/insights-real-stack.spec.ts:16:1 › 全筛选、真实汇总与明细、URL恢复、表格替代和键盘焦点
  -  564 [foundation-desktop] › tests/e2e/opportunities-real-stack.spec.ts:23:1 › 历史回答、事实、复核与签名证据 → 确认 → 忽略 → 刷新和 Back 恢复
  -  565 [foundation-desktop] › tests/e2e/plans-real-stack.spec.ts:40:1 › 工程师八步创建、服务端预览、dirty、URL、启停修订复制归档与删除持久化
  -  566 [foundation-desktop] › tests/e2e/questions-real-stack.spec.ts:31:1 › 工程师创建、筛选、编辑、启停、复制与删除；刷新持久化，运行入口不可用
  -  567 [foundation-desktop] › tests/e2e/reports-real-stack.spec.ts:16:1 › 完整筛选报告、打印样式、三类原生CSV、审计与空数据
  -  568 [foundation-desktop] › tests/e2e/rules-real-stack.spec.ts:17:1 › 规则预览无写入，保存后刷新持久化，工程师拒绝且无配置请求
  -  569 [foundation-desktop] › tests/e2e/runs-real-stack.spec.ts:31:1 › 人工批次三次采样、URL、dirty、草稿刷新、截图、引用与不可变详情
  -  570 [foundation-desktop] › tests/e2e/surfaces-real-stack.spec.ts:33:1 › 管理员创建、启停和编辑后持久化，工程师仅看摘要，删除尊重真实子配置


  1) [foundation-desktop] › tests/e2e/fact-workspace.spec.ts:16:1 › direct/refresh 只读取一个 workspace read model，并适配 375/768/1024/1440 

    Error: expect(locator).toBeFocused() failed

    Locator:  getByRole('textbox', { name: '事实 Markdown' })
    Expected: focused
    Received: inactive
    Timeout:  5000ms

    Call log:
      - Expect "toBeFocused" with timeout 5000ms
      - waiting for getByRole('textbox', { name: '事实 Markdown' })
        14 × locator resolved to <div translate="no" role="textbox" autocorrect="off" spellcheck="false" autocapitalize="off" aria-multiline="true" contenteditable="true" aria-label="事实 Markdown" id="fact-workspace-body" data-language="markdown" writingsuggestions="false" class="cm-content cm-lineWrapping" aria-describedby="fact-workspace-body-description">…</div>
           - unexpected value "inactive"


      41 |   const editor = page.getByRole('textbox', { name: '事实 Markdown' });
      42 |   await editor.focus();
    > 43 |   await expect(editor).toBeFocused();
         |                        ^
      44 | });
      45 |
      46 | test('DirtyGuard 保留编辑，Ctrl/Cmd+S 携带 CSRF/expected_revision 并采用 canonical response', async ({ page, productsApi }, testInfo) => {
        at /Users/sc/PycharmProjects/partsignal/frontend/tests/e2e/fact-workspace.spec.ts:43:24

    Error Context: .cache/playwright-results/fact-workspace-direct-refr-c8458-model，并适配-375-768-1024-1440-foundation-desktop/error-context.md

    attachment #2: trace (application/zip) ─────────────────────────────────────────────────────────
    .cache/playwright-results/fact-workspace-direct-refr-c8458-model，并适配-375-768-1024-1440-foundation-desktop/trace.zip
    Usage:

        npx playwright show-trace .cache/playwright-results/fact-workspace-direct-refr-c8458-model，并适配-375-768-1024-1440-foundation-desktop/trace.zip

    ────────────────────────────────────────────────────────────────────────────────────────────────

  1 failed
    [foundation-desktop] › tests/e2e/fact-workspace.spec.ts:16:1 › direct/refresh 只读取一个 workspace read model，并适配 375/768/1024/1440 
  72 skipped
  497 passed (6.6m)
E2E_SECRET_SCAN status=clean
E2E_RESULT playwright=1 secret_scan=0
make: *** [e2e] Error 1
