UV_CACHE_DIR=/Users/sc/PycharmProjects/partsignal/.cache/uv uv run --project backend python -m app.tools.contract_check contracts/openapi.yaml
FastAPI 运行时操作与 OpenAPI 完整契约一致。
npm --prefix frontend run api:check

> partsignal-frontend-v2@0.1.0 api:check
> node scripts/check-openapi.mjs

✨ openapi-typescript 7.13.0
🚀 ../contracts/openapi.yaml → /var/folders/m5/j06tv2sn1hn93d6f33j559jm0000gn/T/partsignal-v2-openapi-RKKqDq/schema.d.ts [177.9ms]
OpenAPI 类型与根合同一致。
UV_CACHE_DIR=/Users/sc/PycharmProjects/partsignal/.cache/uv uv run --project backend ruff check backend
All checks passed!
npm --prefix frontend run lint

> partsignal-frontend-v2@0.1.0 lint
> eslint . --max-warnings 0

UV_CACHE_DIR=/Users/sc/PycharmProjects/partsignal/.cache/uv uv run --project backend mypy --config-file backend/pyproject.toml backend/app
Success: no issues found in 142 source files
npm --prefix frontend run typecheck

> partsignal-frontend-v2@0.1.0 typecheck
> tsc -b --pretty false

UV_CACHE_DIR=/Users/sc/PycharmProjects/partsignal/.cache/uv uv run --project backend pytest backend/tests/unit
........................................................................ [  2%]
........................................................................ [  5%]
........................................................................ [  7%]
........................................................................ [ 10%]
........................................................................ [ 13%]
........................................................................ [ 15%]
........................................................................ [ 18%]
........................................................................ [ 21%]
........................................................................ [ 23%]
........................................................................ [ 26%]
........................................................................ [ 29%]
........................................................................ [ 31%]
........................................................................ [ 34%]
........................................................................ [ 37%]
........................................................................ [ 39%]
........................................................................ [ 42%]
........................................................................ [ 45%]
........................................................................ [ 47%]
........................................................................ [ 50%]
........................................................................ [ 52%]
........................................................................ [ 55%]
........................................................................ [ 58%]
........................................................................ [ 60%]
........................................................................ [ 63%]
........................................................................ [ 66%]
........................................................................ [ 68%]
........................................................................ [ 71%]
........................................................................ [ 74%]
........................................................................ [ 76%]
........................................................................ [ 79%]
........................................................................ [ 82%]
........................................................................ [ 84%]
........................................................................ [ 87%]
........................................................................ [ 90%]
........................................................................ [ 92%]
........................................................................ [ 95%]
........................................................................ [ 98%]
.....................................................                    [100%]
2717 passed in 38.20s
npm --prefix frontend run test

> partsignal-frontend-v2@0.1.0 test
> vitest run


 RUN  v4.1.10 /Users/sc/PycharmProjects/partsignal/frontend


 Test Files  119 passed (119)
      Tests  1121 passed (1121)
   Start at  23:42:01
   Duration  34.67s (transform 13.10s, setup 12.72s, import 48.69s, tests 168.98s, environment 64.84s)

docker compose -f .trellis/tasks/10-02-geo-308-r2-acceptance/evidence/compose.validation.yaml run --rm backend-test
 Container partsignal-geo308-validation-fake-oss-1 Running 
 Container partsignal-geo308-validation-postgres-1 Running 
 Container partsignal-geo308-validation-redis-1 Running 
 Container partsignal-geo308-validation-postgres-1 Waiting 
 Container partsignal-geo308-validation-postgres-1 Healthy 
 Container partsignal-geo308-validation-backend-test-run-0699c5077cd5 Creating 
 Container partsignal-geo308-validation-backend-test-run-0699c5077cd5 Created 
........................................................................ [  9%]
........................................................................ [ 18%]
........................................................................ [ 27%]
........................................................................ [ 36%]
........................................................................ [ 45%]
........................................................................ [ 54%]
........................................................................ [ 63%]
........................................................................ [ 72%]
........................................................................ [ 82%]
........................................................................ [ 91%]
......................................................................   [100%]
=============================== warnings summary ===============================
tests/integration/test_geo_answer_migration.py::test_forward_keeps_nonempty_history_and_matches_models
  /app/tests/integration/test_geo_answer_migration.py:54: SAWarning: Cannot correctly sort tables; there are unresolvable cycles between tables "content_tasks, content_versions, generation_jobs, publication_verifications, publication_works, published_articles, published_content_issues", which is usually caused by mutually dependent foreign key constraints.  Foreign key constraints involving these tables will not be considered; this warning may raise an error in a future release.
    assert compare_metadata(context, Base.metadata) == []

tests/integration/test_geo_answer_migration.py::test_forward_keeps_nonempty_history_and_matches_models
  /app/tests/integration/test_geo_answer_migration.py:54: SAWarning: Can't validate argument 'dialect_options'; can't locate any SQLAlchemy dialect named 'dialect'
    assert compare_metadata(context, Base.metadata) == []

tests/integration/test_geo_batch_creation_migration.py::test_forward_preserves_nonempty_frozen_inputs_and_matches_metadata
  /app/tests/integration/test_geo_batch_creation_migration.py:82: SAWarning: Cannot correctly sort tables; there are unresolvable cycles between tables "content_tasks, content_versions, generation_jobs, publication_verifications, publication_works, published_articles, published_content_issues", which is usually caused by mutually dependent foreign key constraints.  Foreign key constraints involving these tables will not be considered; this warning may raise an error in a future release.
    assert compare_metadata(context, Base.metadata) == []

tests/integration/test_geo_batch_creation_migration.py::test_forward_preserves_nonempty_frozen_inputs_and_matches_metadata
  /app/tests/integration/test_geo_batch_creation_migration.py:82: SAWarning: Can't validate argument 'dialect_options'; can't locate any SQLAlchemy dialect named 'dialect'
    assert compare_metadata(context, Base.metadata) == []

tests/integration/test_geo_catalog.py::test_catalog_metadata_matches_migrated_postgresql
  /Users/sc/PycharmProjects/partsignal/backend/tests/integration/test_geo_catalog.py:187: SAWarning: Cannot correctly sort tables; there are unresolvable cycles between tables "content_tasks, content_versions, generation_jobs, publication_verifications, publication_works, published_articles, published_content_issues", which is usually caused by mutually dependent foreign key constraints.  Foreign key constraints involving these tables will not be considered; this warning may raise an error in a future release.

tests/integration/test_geo_catalog.py::test_catalog_metadata_matches_migrated_postgresql
  /Users/sc/PycharmProjects/partsignal/backend/tests/integration/test_geo_catalog.py:187: SAWarning: Can't validate argument 'dialect_options'; can't locate any SQLAlchemy dialect named 'dialect'

tests/integration/test_geo_manual_migration.py::test_0051_preserves_nonempty_0050_evidence_and_safe_stop
  /app/tests/integration/test_geo_manual_migration.py:71: SAWarning: Cannot correctly sort tables; there are unresolvable cycles between tables "content_tasks, content_versions, generation_jobs, publication_verifications, publication_works, published_articles, published_content_issues", which is usually caused by mutually dependent foreign key constraints.  Foreign key constraints involving these tables will not be considered; this warning may raise an error in a future release.
    assert compare_metadata(context, Base.metadata) == []

tests/integration/test_geo_manual_migration.py::test_0051_preserves_nonempty_0050_evidence_and_safe_stop
  /app/tests/integration/test_geo_manual_migration.py:71: SAWarning: Can't validate argument 'dialect_options'; can't locate any SQLAlchemy dialect named 'dialect'
    assert compare_metadata(context, Base.metadata) == []

tests/integration/test_geo_monitoring_plans.py::test_forward_preserves_existing_data_and_metadata
  /Users/sc/PycharmProjects/partsignal/backend/tests/integration/test_geo_monitoring_plans.py:232: SAWarning: Cannot correctly sort tables; there are unresolvable cycles between tables "content_tasks, content_versions, generation_jobs, publication_verifications, publication_works, published_articles, published_content_issues", which is usually caused by mutually dependent foreign key constraints.  Foreign key constraints involving these tables will not be considered; this warning may raise an error in a future release.

tests/integration/test_geo_monitoring_plans.py::test_forward_preserves_existing_data_and_metadata
  /Users/sc/PycharmProjects/partsignal/backend/tests/integration/test_geo_monitoring_plans.py:232: SAWarning: Can't validate argument 'dialect_options'; can't locate any SQLAlchemy dialect named 'dialect'

tests/integration/test_geo_prompt_variants.py::test_additive_migration_metadata_and_safe_stop
  /Users/sc/PycharmProjects/partsignal/backend/tests/integration/test_geo_prompt_variants.py:176: SAWarning: Cannot correctly sort tables; there are unresolvable cycles between tables "content_tasks, content_versions, generation_jobs, publication_verifications, publication_works, published_articles, published_content_issues", which is usually caused by mutually dependent foreign key constraints.  Foreign key constraints involving these tables will not be considered; this warning may raise an error in a future release.

tests/integration/test_geo_prompt_variants.py::test_additive_migration_metadata_and_safe_stop
  /Users/sc/PycharmProjects/partsignal/backend/tests/integration/test_geo_prompt_variants.py:176: SAWarning: Can't validate argument 'dialect_options'; can't locate any SQLAlchemy dialect named 'dialect'

tests/integration/test_geo_run_migration.py::test_forward_preserves_nonempty_old_geo_and_matches_metadata
  /Users/sc/PycharmProjects/partsignal/backend/tests/integration/test_geo_run_migration.py:63: SAWarning: Cannot correctly sort tables; there are unresolvable cycles between tables "content_tasks, content_versions, generation_jobs, publication_verifications, publication_works, published_articles, published_content_issues", which is usually caused by mutually dependent foreign key constraints.  Foreign key constraints involving these tables will not be considered; this warning may raise an error in a future release.

tests/integration/test_geo_run_migration.py::test_forward_preserves_nonempty_old_geo_and_matches_metadata
  /Users/sc/PycharmProjects/partsignal/backend/tests/integration/test_geo_run_migration.py:63: SAWarning: Can't validate argument 'dialect_options'; can't locate any SQLAlchemy dialect named 'dialect'

tests/integration/test_geo_surfaces_profiles.py::test_old_head_forward_preserves_rows_metadata_and_downgrade_stops
  /Users/sc/PycharmProjects/partsignal/backend/tests/integration/test_geo_surfaces_profiles.py:202: SAWarning: Cannot correctly sort tables; there are unresolvable cycles between tables "content_tasks, content_versions, generation_jobs, publication_verifications, publication_works, published_articles, published_content_issues", which is usually caused by mutually dependent foreign key constraints.  Foreign key constraints involving these tables will not be considered; this warning may raise an error in a future release.

tests/integration/test_geo_surfaces_profiles.py::test_old_head_forward_preserves_rows_metadata_and_downgrade_stops
  /Users/sc/PycharmProjects/partsignal/backend/tests/integration/test_geo_surfaces_profiles.py:202: SAWarning: Can't validate argument 'dialect_options'; can't locate any SQLAlchemy dialect named 'dialect'

-- Docs: https://docs.pytest.org/en/stable/how-to/capture-warnings.html
790 passed, 16 warnings in 451.43s (0:07:31)
docker build -f frontend/Dockerfile -t partsignal-frontend-v2:test frontend
#0 building with "colima" instance using docker driver

#1 [internal] load build definition from Dockerfile
#1 DONE 0.0s

#1 [internal] load build definition from Dockerfile
#1 transferring dockerfile: 339B done
#1 DONE 0.0s

#2 [internal] load metadata for docker.io/library/node:22-alpine
#2 ...

#3 [internal] load metadata for docker.io/library/nginx:1.27-alpine
#3 DONE 1.7s

#2 [internal] load metadata for docker.io/library/node:22-alpine
#2 DONE 1.7s

#4 [internal] load .dockerignore
#4 transferring context: 137B done
#4 DONE 0.0s

#5 [stage-2 1/3] FROM docker.io/library/nginx:1.27-alpine@sha256:65645c7bb6a0661892a8b03b89d0743208a18dd2f3f17a54ef4b76fb8e2f2a10
#5 resolve docker.io/library/nginx:1.27-alpine@sha256:65645c7bb6a0661892a8b03b89d0743208a18dd2f3f17a54ef4b76fb8e2f2a10 0.0s done
#5 DONE 0.0s

#6 [development 1/5] FROM docker.io/library/node:22-alpine@sha256:0a7108bf6c7bf5de370ffb1a3ed6be93d405b43ff159f681a8d18c0e2bc2e402
#6 resolve docker.io/library/node:22-alpine@sha256:0a7108bf6c7bf5de370ffb1a3ed6be93d405b43ff159f681a8d18c0e2bc2e402 0.0s done
#6 DONE 0.0s

#7 [internal] load build context
#7 transferring context: 992.61kB 0.0s done
#7 DONE 0.0s

#8 [development 3/5] COPY package.json package-lock.json ./
#8 CACHED

#9 [development 2/5] WORKDIR /app
#9 CACHED

#10 [development 4/5] RUN npm ci
#10 CACHED

#11 [development 5/5] COPY . .
#11 DONE 0.1s

#12 [build 1/1] RUN npm run build
#12 0.336 
#12 0.336 > partsignal-frontend-v2@0.1.0 build
#12 0.336 > tsc -b && vite build --config vite.config.ts
#12 0.336 
#12 12.75 vite v8.2.1 building client environment for production...
#12 12.75 [2Ktransforming...✓ 2951 modules transformed.
#12 13.38 rendering chunks...
#12 13.46 computing gzip size...
#12 13.47 dist/index.html                                                    0.57 kB │ gzip:   0.34 kB
#12 13.47 dist/assets/index-aDRwmOVp.css                                    81.52 kB │ gzip:  14.12 kB
#12 13.47 dist/assets/queryOptions-Dfvzj6n2.js                               0.03 kB │ gzip:   0.05 kB
#12 13.47 dist/assets/route-3YAM3tuL.js                                      0.07 kB │ gzip:   0.08 kB
#12 13.47 dist/assets/route-B2aZ3QBi.js                                      0.07 kB │ gzip:   0.08 kB
#12 13.47 dist/assets/route-B41ZhOLB.js                                      0.07 kB │ gzip:   0.08 kB
#12 13.47 dist/assets/route-BQmWoCus.js                                      0.07 kB │ gzip:   0.08 kB
#12 13.47 dist/assets/route-C5cBrTK3.js                                      0.07 kB │ gzip:   0.08 kB
#12 13.47 dist/assets/route-COvhN9v6.js                                      0.07 kB │ gzip:   0.08 kB
#12 13.47 dist/assets/route-CW62_yWg.js                                      0.07 kB │ gzip:   0.08 kB
#12 13.47 dist/assets/route-DEzmN659.js                                      0.07 kB │ gzip:   0.08 kB
#12 13.47 dist/assets/route-DQwB-ZOv.js                                      0.07 kB │ gzip:   0.08 kB
#12 13.47 dist/assets/route-DYSd7FA3.js                                      0.07 kB │ gzip:   0.08 kB
#12 13.47 dist/assets/route-DoTyqfYj.js                                      0.07 kB │ gzip:   0.08 kB
#12 13.47 dist/assets/route-DrPtIM3S.js                                      0.07 kB │ gzip:   0.08 kB
#12 13.47 dist/assets/route-DsXtGSAg.js                                      0.07 kB │ gzip:   0.08 kB
#12 13.47 dist/assets/route-TEQwWL7Y.js                                      0.07 kB │ gzip:   0.08 kB
#12 13.47 dist/assets/coerce--RVeO60L.js                                     0.08 kB │ gzip:   0.10 kB
#12 13.47 dist/assets/isElementDisabled-KSuuBj8D.js                          0.11 kB │ gzip:   0.11 kB
#12 13.47 dist/assets/chevron-right-DNcHNXHD.js                              0.13 kB │ gzip:   0.14 kB
#12 13.47 dist/assets/canonical-uuid-YhFe6dkj.js                             0.13 kB │ gzip:   0.13 kB
#12 13.47 dist/assets/settings.ai-CipVaq6G.js                                0.21 kB │ gzip:   0.20 kB
#12 13.47 dist/assets/_taskId_.editor-_qjLAkbp.js                            0.22 kB │ gzip:   0.20 kB
#12 13.47 dist/assets/_taskId_.review-zeX8OAEE.js                            0.22 kB │ gzip:   0.20 kB
#12 13.47 dist/assets/route-DFljbmbX.js                                      0.22 kB │ gzip:   0.20 kB
#12 13.47 dist/assets/system.audit-qBeF2bb1.js                               0.22 kB │ gzip:   0.20 kB
#12 13.47 dist/assets/system.users-0TM8kiXu.js                               0.22 kB │ gzip:   0.20 kB
#12 13.47 dist/assets/settings.prompts-9jQdIs2s.js                           0.22 kB │ gzip:   0.20 kB
#12 13.47 dist/assets/_taskId-Vsd3-0WC.js                                    0.22 kB │ gzip:   0.21 kB
#12 13.47 dist/assets/settings.platforms.types-C4NjYBws.js                   0.22 kB │ gzip:   0.21 kB
#12 13.47 dist/assets/versions_._versionId-BW6wP3pa.js                       0.22 kB │ gzip:   0.21 kB
#12 13.47 dist/assets/_platformId-BeKfjBVf.js                                0.22 kB │ gzip:   0.20 kB
#12 13.47 dist/assets/settings.ai_._channelId-Z_MUrH5D.js                    0.22 kB │ gzip:   0.20 kB
#12 13.47 dist/assets/_observationId-B3QjNhkV.js                             0.23 kB │ gzip:   0.21 kB
#12 13.47 dist/assets/useControlled-DMK4Pb-8.js                              0.24 kB │ gzip:   0.21 kB
#12 13.47 dist/assets/skeleton-Ged3Zc9T.js                                   0.24 kB │ gzip:   0.20 kB
#12 13.47 dist/assets/table-shell-BGuXgMNH.js                                0.33 kB │ gzip:   0.24 kB
#12 13.47 dist/assets/usePopupHandleStore-D9Ys5NRI.js                        0.35 kB │ gzip:   0.25 kB
#12 13.47 dist/assets/table-toolbar-JNNhOzlg.js                              0.42 kB │ gzip:   0.27 kB
#12 13.47 dist/assets/table-skeleton-G-FjuOli.js                             0.45 kB │ gzip:   0.35 kB
#12 13.47 dist/assets/route-error-Bl0menBv.js                                0.46 kB │ gzip:   0.31 kB
#12 13.47 dist/assets/_productId-Cu3oT6KN.js                                 0.49 kB │ gzip:   0.35 kB
#12 13.47 dist/assets/_productId_.facts-C-S7KVKf.js                          0.50 kB │ gzip:   0.36 kB
#12 13.47 dist/assets/_productId_.facts_.versions_._versionId-996oc21h.js    0.50 kB │ gzip:   0.36 kB
#12 13.47 dist/assets/_productId_.facts_.review-CtF33cCX.js                  0.50 kB │ gzip:   0.37 kB
#12 13.47 dist/assets/_observationId_.correct-CVABWTPC.js                    0.51 kB │ gzip:   0.37 kB
#12 13.47 dist/assets/useCompositeItem-BGClVRCY.js                           0.54 kB │ gzip:   0.37 kB
#12 13.47 dist/assets/empty-table-DARB4g0g.js                                0.55 kB │ gzip:   0.33 kB
#12 13.47 dist/assets/_observationId_.correct-CpXZz_Y5.js                    0.58 kB │ gzip:   0.31 kB
#12 13.47 dist/assets/content-version.model-BVKgM5xI.js                      0.61 kB │ gzip:   0.43 kB
#12 13.47 dist/assets/detail-section-Dm8gVxQG.js                             0.63 kB │ gzip:   0.34 kB
#12 13.47 dist/assets/return-to-BzbJXkRi.js                                  0.63 kB │ gzip:   0.39 kB
#12 13.47 dist/assets/workbench.api-BODcO5uB.js                              0.71 kB │ gzip:   0.46 kB
#12 13.47 dist/assets/route-Do6Dxmmm.js                                      0.72 kB │ gzip:   0.50 kB
#12 13.47 dist/assets/textarea-CPcbKIlY.js                                   0.83 kB │ gzip:   0.43 kB
#12 13.47 dist/assets/timeline-BSjJ8olh.js                                   0.94 kB │ gzip:   0.49 kB
#12 13.47 dist/assets/form-field-Dwoq3h4m.js                                 0.97 kB │ gzip:   0.54 kB
#12 13.47 dist/assets/rowSortingFeature-0oSrwlgr.js                          1.02 kB │ gzip:   0.49 kB
#12 13.47 dist/assets/security-5-hnAmMq.js                                   1.08 kB │ gzip:   0.59 kB
#12 13.47 dist/assets/geo-observation-actions-C2i_qn8N.js                    1.09 kB │ gzip:   0.67 kB
#12 13.47 dist/assets/login-fnIKuyqJ.js                                      1.17 kB │ gzip:   0.64 kB
#12 13.47 dist/assets/print-BbWp2loj.js                                      1.20 kB │ gzip:   0.67 kB
#12 13.47 dist/assets/product-deletion-dialog-DCOiBoT8.js                    1.20 kB │ gzip:   0.76 kB
#12 13.47 dist/assets/filter-bar-DA6e_Lhm.js                                 1.23 kB │ gzip:   0.71 kB
#12 13.47 dist/assets/new-BQAM-cbq.js                                        1.23 kB │ gzip:   0.71 kB
#12 13.47 dist/assets/form-layout-B0Bgsdpq.js                                1.29 kB │ gzip:   0.69 kB
#12 13.47 dist/assets/file-transfer-CkO3-a8I.js                              1.41 kB │ gzip:   0.83 kB
#12 13.47 dist/assets/useBaseUiId-C9V7pCeo.js                                1.42 kB │ gzip:   0.80 kB
#12 13.47 dist/assets/table-pagination-DqSAnPy0.js                           1.48 kB │ gzip:   0.81 kB
#12 13.47 dist/assets/badge-DofVsWMx.js                                      1.57 kB │ gzip:   0.70 kB
#12 13.47 dist/assets/audit.api-DCh8J852.js                                  1.62 kB │ gzip:   0.76 kB
#12 13.47 dist/assets/sticky-action-bar-BhAj0fRU.js                          1.62 kB │ gzip:   0.86 kB
#12 13.47 dist/assets/versions_._versionId-X526KqbA.js                       1.72 kB │ gzip:   0.88 kB
#12 13.47 dist/assets/_productId_.facts_.versions_._versionId-ITkQoFBb.js    1.77 kB │ gzip:   0.89 kB
#12 13.47 dist/assets/workspace-shell-COF9RTq3.js                            1.77 kB │ gzip:   0.83 kB
#12 13.47 dist/assets/insights-CfpSMPk6.js                                   1.78 kB │ gzip:   0.95 kB
#12 13.47 dist/assets/articles-DYPnra-U.js                                   1.82 kB │ gzip:   0.97 kB
#12 13.47 dist/assets/new-DBkdFOjK.js                                        1.94 kB │ gzip:   1.06 kB
#12 13.47 dist/assets/_articleId-DsInHhMO.js                                 1.96 kB │ gzip:   1.08 kB
#12 13.47 dist/assets/_productId_.facts_.versions-DlEyiiJL.js                1.96 kB │ gzip:   1.06 kB
#12 13.47 dist/assets/catalog-controls-Cy7yc8IC.js                           1.97 kB │ gzip:   0.88 kB
#12 13.47 dist/assets/issues-CXVlvp9E.js                                     2.00 kB │ gzip:   1.05 kB
#12 13.47 dist/assets/_taskId-CjqfNXsD.js                                    2.00 kB │ gzip:   1.06 kB
#12 13.47 dist/assets/settings.platforms.types-io2M3uhG.js                   2.01 kB │ gzip:   1.02 kB
#12 13.47 dist/assets/new-DcmiwLyE.js                                        2.08 kB │ gzip:   1.17 kB
#12 13.47 dist/assets/_observationId-DCo9IMba.js                             2.09 kB │ gzip:   1.08 kB
#12 13.47 dist/assets/work-BQowkULV.js                                       2.11 kB │ gzip:   1.10 kB
#12 13.47 dist/assets/_productId-BWFgVVzl.js                                 2.14 kB │ gzip:   1.11 kB
#12 13.47 dist/assets/_taskId_.review-RVOHFPK2.js                            2.16 kB │ gzip:   1.13 kB
#12 13.47 dist/assets/_productId_.facts_.review-Dzfl3UFW.js                  2.17 kB │ gzip:   1.12 kB
#12 13.47 dist/assets/platforms-B2rg_J2y.js                                  2.18 kB │ gzip:   1.14 kB
#12 13.47 dist/assets/_productId_.facts-CXzjTeAV.js                          2.22 kB │ gzip:   1.15 kB
#12 13.47 dist/assets/useRegisterFieldControl-BcstcGLC.js                    2.25 kB │ gzip:   1.07 kB
#12 13.47 dist/assets/tasks-DEiZkciE.js                                      2.26 kB │ gzip:   1.17 kB
#12 13.47 dist/assets/_issueId-BeIswjO3.js                                   2.27 kB │ gzip:   1.25 kB
#12 13.47 dist/assets/useStore-VZN0-5bO.js                                   2.27 kB │ gzip:   0.97 kB
#12 13.47 dist/assets/_taskId_.editor-XIr-64dS.js                            2.27 kB │ gzip:   1.17 kB
#12 13.47 dist/assets/observations-BNstnPIX.js                               2.28 kB │ gzip:   1.17 kB
#12 13.47 dist/assets/plans-BOQFc52e.js                                      2.32 kB │ gzip:   1.23 kB
#12 13.47 dist/assets/dialog-DcMjfkg8.js                                     2.33 kB │ gzip:   0.91 kB
#12 13.47 dist/assets/topics-Ca35t8QJ.js                                     2.34 kB │ gzip:   1.22 kB
#12 13.47 dist/assets/system.audit-ioncohcC.js                               2.35 kB │ gzip:   1.18 kB
#12 13.47 dist/assets/input-BctqO2IH.js                                      2.47 kB │ gzip:   1.25 kB
#12 13.47 dist/assets/dirty-guard-DkCQN-63.js                                2.58 kB │ gzip:   1.23 kB
#12 13.47 dist/assets/settings.ai-9mK3bP4s.js                                2.60 kB │ gzip:   1.33 kB
#12 13.47 dist/assets/prompt.api-ClmNqhO5.js                                 2.65 kB │ gzip:   1.01 kB
#12 13.47 dist/assets/products-oeluzhhT.js                                   2.73 kB │ gzip:   1.40 kB
#12 13.47 dist/assets/security-DRp-nHdo.js                                   3.03 kB │ gzip:   1.47 kB
#12 13.47 dist/assets/login-BSaGavZp.js                                      3.04 kB │ gzip:   1.48 kB
#12 13.47 dist/assets/useCompositeListItem-u8lPl9Q5.js                       3.11 kB │ gzip:   1.41 kB
#12 13.47 dist/assets/settings.ai_._channelId-Czme7Vuh.js                    3.11 kB │ gzip:   1.55 kB
#12 13.47 dist/assets/sheet-w1gQPMFo.js                                      3.73 kB │ gzip:   1.45 kB
#12 13.47 dist/assets/audit-detail-content-COWySATz.js                       3.90 kB │ gzip:   1.61 kB
#12 13.47 dist/assets/print-CvtxxQBF.js                                      4.13 kB │ gzip:   1.66 kB
#12 13.47 dist/assets/product.model-DFK7jB-s.js                              4.40 kB │ gzip:   2.01 kB
#12 13.47 dist/assets/Match-CvdDQUn7.js                                      4.41 kB │ gzip:   1.72 kB
#12 13.47 dist/assets/new-BitlM2BT.js                                        4.45 kB │ gzip:   1.94 kB
#12 13.47 dist/assets/_workId-DuHhVGtF.js                                    4.72 kB │ gzip:   2.42 kB
#12 13.47 dist/assets/settings.prompts-BW0gXLWx.js                           4.89 kB │ gzip:   2.40 kB
#12 13.47 dist/assets/issues-DNRkZFBZ.js                                     5.10 kB │ gzip:   2.13 kB
#12 13.47 dist/assets/_productId_.facts_.versions-B951It0V.js                5.26 kB │ gzip:   2.36 kB
#12 13.47 dist/assets/composite-SsKCaRAD.js                                  5.88 kB │ gzip:   2.28 kB
#12 13.47 dist/assets/articles-Da59IVjS.js                                   5.96 kB │ gzip:   2.41 kB
#12 13.47 dist/assets/geo-evidence-upload-OfM4GkFS.js                        6.15 kB │ gzip:   2.66 kB
#12 13.47 dist/assets/client-_ADlmVAQ.js                                     6.60 kB │ gzip:   2.57 kB
#12 13.47 dist/assets/principal-epoch-C10oPH-p.js                            6.87 kB │ gzip:   2.33 kB
#12 13.47 dist/assets/globalFilteringFeature-Cw16dmjU.js                     6.95 kB │ gzip:   1.98 kB
#12 13.47 dist/assets/plans.api-Y4EdxgEk.js                                  7.47 kB │ gzip:   3.16 kB
#12 13.47 dist/assets/_platformId-Ds32iPxe.js                                7.70 kB │ gzip:   3.45 kB
#12 13.47 dist/assets/_app--fc4GM5f.js                                       7.72 kB │ gzip:   2.58 kB
#12 13.47 dist/assets/QueryClientProvider-CWfwOWtR.js                        7.80 kB │ gzip:   3.04 kB
#12 13.47 dist/assets/product.api-DSfGty2A.js                                7.94 kB │ gzip:   2.59 kB
#12 13.47 dist/assets/_productId_.facts_.versions_._versionId-BBP_zUN4.js    8.18 kB │ gzip:   2.62 kB
#12 13.47 dist/assets/jsx-runtime-B-hcVAMW.js                                8.55 kB │ gzip:   3.26 kB
#12 13.47 dist/assets/x-yzBmpC7N.js                                          8.72 kB │ gzip:   3.14 kB
#12 13.47 dist/assets/questions-CwsBLITD.js                                  8.77 kB │ gzip:   3.87 kB
#12 13.47 dist/assets/new-BfE5LYdm.js                                        8.95 kB │ gzip:   3.78 kB
#12 13.47 dist/assets/geo-entities-Di0nI3LR.js                               9.07 kB │ gzip:   3.61 kB
#12 13.47 dist/assets/products-WQvOCmcl.js                                   9.25 kB │ gzip:   3.71 kB
#12 13.47 dist/assets/tasks-CzcVTMbQ.js                                      9.27 kB │ gzip:   3.57 kB
#12 13.47 dist/assets/platform.api-BWx2Hxyj.js                               9.71 kB │ gzip:   3.25 kB
#12 13.47 dist/assets/geo-insights-report-BY4jQPDb.js                       10.34 kB │ gzip:   2.88 kB
#12 13.47 dist/assets/runs-c0DxBLi1.js                                      11.79 kB │ gzip:   4.62 kB
#12 13.47 dist/assets/versions_._versionId-Bt9AyE2X.js                      12.02 kB │ gzip:   3.81 kB
#12 13.47 dist/assets/tabs-D7mvyECh.js                                      12.50 kB │ gzip:   4.72 kB
#12 13.47 dist/assets/content-task-lifecycle-wTjnkPi-.js                    12.51 kB │ gzip:   4.65 kB
#12 13.47 dist/assets/system.audit-VMegs34k.js                              12.54 kB │ gzip:   4.38 kB
#12 13.47 dist/assets/observations-CMC66hYk.js                              12.54 kB │ gzip:   4.86 kB
#12 13.47 dist/assets/system.users-DMpt-xz2.js                              12.87 kB │ gzip:   5.48 kB
#12 13.47 dist/assets/insights-e91wSb-t.js                                  13.39 kB │ gzip:   4.90 kB
#12 13.47 dist/assets/route-CvjxMF9A2.js                                    13.54 kB │ gzip:   5.12 kB
#12 13.47 dist/assets/_taskId-DZ9Rbas8.js                                   14.87 kB │ gzip:   4.62 kB
#12 13.47 dist/assets/content.api-DZZVU2cD.js                               14.90 kB │ gzip:   4.32 kB
#12 13.47 dist/assets/_productId_.facts_.review-DXNSnzbd.js                 15.83 kB │ gzip:   5.63 kB
#12 13.47 dist/assets/work-DegHIIly.js                                      15.92 kB │ gzip:   5.20 kB
#12 13.47 dist/assets/publication.api-CAKzgpa6.js                           16.20 kB │ gzip:   4.80 kB
#12 13.47 dist/assets/_articleId-OQNPxVK-.js                                16.27 kB │ gzip:   5.43 kB
#12 13.47 dist/assets/useQuery-fTBak1Kd.js                                  16.32 kB │ gzip:   5.46 kB
#12 13.47 dist/assets/settings.platforms.types-BxGSZApA.js                  16.42 kB │ gzip:   5.92 kB
#12 13.47 dist/assets/new-skdxwKtL.js                                       16.94 kB │ gzip:   6.04 kB
#12 13.47 dist/assets/platforms-PmI8DzBZ.js                                 17.07 kB │ gzip:   6.18 kB
#12 13.47 dist/assets/_productId_.facts-CGeHZ4hc.js                         17.33 kB │ gzip:   5.82 kB
#12 13.47 dist/assets/_taskId_.review-DdeyolTs.js                           17.48 kB │ gzip:   6.06 kB
#12 13.47 dist/assets/settings.ai-CJfn03kW.js                               17.50 kB │ gzip:   6.31 kB
#12 13.47 dist/assets/_productId-w0Ru4_Eo.js                                17.55 kB │ gzip:   5.88 kB
#12 13.47 dist/assets/audit.model-Du0OCnP9.js                               17.75 kB │ gzip:   5.57 kB
#12 13.47 dist/assets/row-actions-BiP2nEXV.js                               17.90 kB │ gzip:   6.59 kB
#12 13.47 dist/assets/geo-surfaces-D0n4Kzrf.js                              17.97 kB │ gzip:   6.74 kB
#12 13.47 dist/assets/_observationId-DhhyPeHl.js                            18.05 kB │ gzip:   5.76 kB
#12 13.47 dist/assets/auth-provider-CIry8twh.js                             18.50 kB │ gzip:   6.78 kB
#12 13.47 dist/assets/geo.api-CS7T-Skq.js                                   18.53 kB │ gzip:   5.93 kB
#12 13.47 dist/assets/_issueId-BljQRmRI.js                                  19.62 kB │ gzip:   6.52 kB
#12 13.47 dist/assets/topics-BEpg2X2H.js                                    19.98 kB │ gzip:   7.04 kB
#12 13.47 dist/assets/ai-channel-workspace.model-JkFoEYU6.js                20.72 kB │ gzip:   6.32 kB
#12 13.47 dist/assets/lazyRouteComponent-j1XwKnJf.js                        24.20 kB │ gzip:   8.98 kB
#12 13.47 dist/assets/_observationId_.correct-8q00o8tC.js                   24.42 kB │ gzip:   8.24 kB
#12 13.47 dist/assets/_workId-sqXwkhzV.js                                   28.51 kB │ gzip:   8.89 kB
#12 13.47 dist/assets/questions-DhhykDmF.js                                 28.82 kB │ gzip:   9.22 kB
#12 13.47 dist/assets/select-troEySB6.js                                    30.10 kB │ gzip:  10.91 kB
#12 13.47 dist/assets/settings.prompts-D3xoRcId.js                          30.81 kB │ gzip:   9.97 kB
#12 13.47 dist/assets/system.users-CM42iX5l.js                              31.00 kB │ gzip:   9.75 kB
#12 13.47 dist/assets/providers-BhQRk6cC.js                                 35.19 kB │ gzip:  10.50 kB
#12 13.47 dist/assets/geo-entities-CFkrlW5a.js                              35.31 kB │ gzip:  10.93 kB
#12 13.47 dist/assets/geo-surfaces-w1bHQXEu.js                              35.75 kB │ gzip:  11.04 kB
#12 13.47 dist/assets/icon-button-DoNocvy6.js                               36.26 kB │ gzip:  12.08 kB
#12 13.47 dist/assets/column-header-DadEBCrQ.js                             36.45 kB │ gzip:  11.43 kB
#12 13.47 dist/assets/ToolbarRootContext-CuotstpP.js                        36.62 kB │ gzip:  14.02 kB
#12 13.47 dist/assets/_taskId_.editor-C_ShiEQQ.js                           37.91 kB │ gzip:  11.54 kB
#12 13.47 dist/assets/_platformId-DvWT2QhE.js                               38.91 kB │ gzip:  11.58 kB
#12 13.47 dist/assets/createLucideIcon-BwnY8300.js                          39.80 kB │ gzip:  14.03 kB
#12 13.47 dist/assets/button-BZhX1_Og.js                                    40.12 kB │ gzip:  13.54 kB
#12 13.47 dist/assets/zod-CS-qYe1E.js                                       40.85 kB │ gzip:  14.09 kB
#12 13.47 dist/assets/route-oioktMTI.js                                     43.50 kB │ gzip:  15.66 kB
#12 13.47 dist/assets/settings.ai_._channelId-DxKZc8Rq.js                   49.67 kB │ gzip:  13.69 kB
#12 13.47 dist/assets/plans-DcLPTSjb.js                                     50.92 kB │ gzip:  15.77 kB
#12 13.47 dist/assets/runs-Cf2MOYXm.js                                      56.85 kB │ gzip:  16.83 kB
#12 13.47 dist/assets/schemas-DtYCxeA5.js                                   69.76 kB │ gzip:  18.62 kB
#12 13.47 dist/assets/index-C7Oh2Cx0.js                                    188.61 kB │ gzip:  60.27 kB
#12 13.47 dist/assets/markdown-editor-Cd7d3C0q.js                          729.88 kB │ gzip: 245.01 kB
#12 13.47 
#12 13.47 ✓ built in 721ms
#12 13.47 [plugin builtin:vite-reporter] 
#12 13.47 (!) Some chunks are larger than 500 kB after minification. Consider:
#12 13.47 - Using dynamic import() to code-split the application
#12 13.47 - Use build.rolldownOptions.output.codeSplitting to improve chunking: https://rolldown.rs/reference/OutputOptions.codeSplitting
#12 13.47 - Adjust chunk size limit for this warning via build.chunkSizeWarningLimit.
#12 13.49 npm notice
#12 13.49 npm notice New major version of npm available! 10.9.9 -> 12.2.0
#12 13.49 npm notice Changelog: https://github.com/npm/cli/releases/tag/v12.2.0
#12 13.49 npm notice To update run: npm install -g npm@12.2.0
#12 13.49 npm notice
#12 DONE 13.5s

#5 [stage-2 1/3] FROM docker.io/library/nginx:1.27-alpine@sha256:65645c7bb6a0661892a8b03b89d0743208a18dd2f3f17a54ef4b76fb8e2f2a10
#5 CACHED

#13 [stage-2 2/3] COPY --from=build /app/dist /usr/share/nginx/html
#13 DONE 0.0s

#14 [stage-2 3/3] COPY nginx.conf /etc/nginx/conf.d/default.conf
#14 DONE 0.0s

#15 exporting to image
#15 exporting layers 0.1s done
#15 exporting manifest sha256:6b6cd56301ed6f5e151365a4ed7f05e00482bb16785d4a8d5e942eb998589758 done
#15 exporting config sha256:c6505a2be6de1be16004caba4c98b96c08feaa5ac505be7a1747981dee8e6563 done
#15 exporting attestation manifest sha256:6b5b391780e20bf06f4b66334bf322ea3aba5906fba8ba7b79b183f96fe40991 done
#15 exporting manifest list sha256:cc033ffebd9284d2bea0b92efb08931a6ca962bb1a0e1ccb8abe30f2d2df76c5 done
#15 naming to docker.io/library/partsignal-frontend-v2:test done
#15 unpacking to docker.io/library/partsignal-frontend-v2:test 0.0s done
#15 DONE 0.1s
docker build -f backend/Dockerfile -t partsignal-backend:test backend
#0 building with "colima" instance using docker driver

#1 [internal] load build definition from Dockerfile
#1 transferring dockerfile: 594B done
#1 DONE 0.0s

#2 [internal] load metadata for docker.io/library/python:3.12-slim
#2 ...

#3 [auth] astral-sh/uv:pull token for ghcr.io
#3 DONE 0.0s

#4 [internal] load metadata for ghcr.io/astral-sh/uv:0.7.13
#4 ...

#2 [internal] load metadata for docker.io/library/python:3.12-slim
#2 DONE 1.8s

#4 [internal] load metadata for ghcr.io/astral-sh/uv:0.7.13
#4 DONE 1.8s

#5 [internal] load .dockerignore
#5 transferring context: 152B done
#5 DONE 0.0s

#6 FROM ghcr.io/astral-sh/uv:0.7.13@sha256:6c1e19020ec221986a210027040044a5df8de762eb36d5240e382bc41d7a9043
#6 resolve ghcr.io/astral-sh/uv:0.7.13@sha256:6c1e19020ec221986a210027040044a5df8de762eb36d5240e382bc41d7a9043 done
#6 DONE 0.0s

#7 [runtime 1/7] FROM docker.io/library/python:3.12-slim@sha256:dddfd7e07f9d15aeeca61529320492139d21cac7f0070c00609243e51e4e0016
#7 resolve docker.io/library/python:3.12-slim@sha256:dddfd7e07f9d15aeeca61529320492139d21cac7f0070c00609243e51e4e0016 done
#7 DONE 0.0s

#8 [internal] load build context
#8 transferring context: 83.24kB 0.0s done
#8 DONE 0.0s

#9 [runtime 4/7] COPY pyproject.toml uv.lock* ./
#9 CACHED

#10 [runtime 3/7] COPY --from=ghcr.io/astral-sh/uv:0.7.13 /uv /uvx /bin/
#10 CACHED

#11 [runtime 2/7] WORKDIR /app
#11 CACHED

#12 [runtime 5/7] RUN uv sync --no-dev --no-install-project
#12 CACHED

#13 [runtime 6/7] COPY . .
#13 DONE 0.0s

#14 [runtime 7/7] RUN uv sync --no-dev
#14 0.133 Resolved 88 packages in 0.67ms
#14 0.134    Building partsignal-backend @ file:///app
#14 3.262       Built partsignal-backend @ file:///app
#14 3.263 Prepared 1 package in 3.12s
#14 3.265 Installed 1 package in 2ms
#14 3.346 Bytecode compiled 2466 files in 80ms
#14 3.346  + partsignal-backend==0.1.0 (from file:///app)
#14 DONE 3.4s

#15 exporting to image
#15 exporting layers
#15 exporting layers 0.2s done
#15 exporting manifest sha256:ddb6fcf560c435b882ccfcd821b95c839f161ed3df811d4ca8bd4381ce142066 done
#15 exporting config sha256:776c34a549a0be601211a0f465e2b83e3a1ad155ec281520f723a87c4c8b7d6e done
#15 exporting attestation manifest sha256:b774ea07d47011671c9745fcc9a0cd1e16ed81fc7bf85239c4bc42510890dffc done
#15 exporting manifest list sha256:3eb004b3ee0da3b16dc3270dbac61b744aa4f44e2c74be50e4aa9b65b37668ca done
#15 naming to docker.io/library/partsignal-backend:test done
#15 unpacking to docker.io/library/partsignal-backend:test 0.1s done
#15 DONE 0.3s
deploy/scripts/e2e-local.sh
E2E_SECRET_REGISTRATION status=ready
INFO  [alembic.runtime.migration] Context impl PostgresqlImpl.
INFO  [alembic.runtime.migration] Will assume transactional DDL.
INFO  [alembic.runtime.migration] Running upgrade  -> 0001_identity_audit, 创建身份、会话和审计表。
INFO  [alembic.runtime.migration] Running upgrade 0001_identity_audit -> 0002_product_facts, 创建规范化产品事实和不可变事实版本。
INFO  [alembic.runtime.migration] Running upgrade 0002_product_facts -> 0003_content_planning, 创建目标问题、平台规则版本和内容任务。
INFO  [alembic.runtime.migration] Running upgrade 0003_content_planning -> 0004_content_production, 创建 PostgreSQL 权威生成作业和不可变 Markdown 内容版本。
INFO  [alembic.runtime.migration] Running upgrade 0004_content_production -> 0005_content_review, 创建追加式内容审核记录。
INFO  [alembic.runtime.migration] Running upgrade 0005_content_review -> 0006_publication, 创建平台账号、人工发布记录和状态事件。
INFO  [alembic.runtime.migration] Running upgrade 0006_publication -> 0007_geo_observation, 创建追加式 GEO 观测及引用关联。
INFO  [alembic.runtime.migration] Running upgrade 0007_geo_observation -> 0008_files, 创建文件生命周期、附件关联并补加证据文件外键。
INFO  [alembic.runtime.migration] Running upgrade 0008_files -> 0009_config_center, 迁移账号类型、配置中心与真实 AI 生成字段。
INFO  [alembic.runtime.migration] Running upgrade 0009_config_center -> 0010_user_cleanup, 清理旧版职责账号并强制既有内容工程师改密。
INFO  [alembic.runtime.migration] Running upgrade 0010_user_cleanup -> 0011_generation_reliability, 增加生成作业补投递诊断字段与到期扫描索引。
INFO  [alembic.runtime.migration] Running upgrade 0011_generation_reliability -> 0012_ai_data_classification, 为生成输入增加显式数据分级与责任人记录。
INFO  [alembic.runtime.migration] Running upgrade 0012_ai_data_classification -> 0013_publication_closure, 增加发布异常待办、修复任务来源和发布平台一致性门禁。
INFO  [alembic.runtime.migration] Running upgrade 0013_publication_closure -> 0014_platform_prompt_ownership, 将当前 Prompt 所有权从平台类型迁移到具体平台。
INFO  [alembic.runtime.migration] Running upgrade 0014_platform_prompt_ownership -> 0015_platform_rule_draft_editing, 允许按修订号编辑平台规则草稿，并继续冻结已激活或退役正文。
INFO  [alembic.runtime.migration] Running upgrade 0015_platform_rule_draft_editing -> 0016_fact_review_cleanup, 允许受约束删除事实版本时清理其从属审核记录。
INFO  [alembic.runtime.migration] Running upgrade 0016_fact_review_cleanup -> 0017_content_humanization, 增加全局自然化 Prompt，并让现有 AI 作业承载自然化修订。
INFO  [alembic.runtime.migration] Running upgrade 0017_content_humanization -> 0018_manual_geo_observation, 增加产品级人工 GEO 观测，并保留旧模型观测历史。
INFO  [alembic.runtime.migration] Running upgrade 0018_manual_geo_observation -> 0019_product_driven_tasks, 允许新内容任务直接围绕产品创建，同时保留历史目标问题关联。
INFO  [alembic.runtime.migration] Running upgrade 0019_product_driven_tasks -> 0020_platform_branding_task_list, 为具体平台增加官网与单一来源 Logo。
INFO  [alembic.runtime.migration] Running upgrade 0020_platform_branding_task_list -> 0021_ai_channel_model_management, 补齐 AI 渠道身份字段与使用统计索引。
INFO  [alembic.runtime.migration] Running upgrade 0021_ai_channel_model_management -> 0022_geo_observation_insights, 补充人工 GEO 逐篇阶段事实与问题主题约束。
INFO  [alembic.runtime.migration] Running upgrade 0022_geo_observation_insights -> 0023_platform_management, 增加具体平台启停状态与管理聚合索引。
INFO  [alembic.runtime.migration] Running upgrade 0023_platform_management -> 0024_audit_outcome, 补齐审计模块、命令结果和安全结果说明。
INFO  [alembic.runtime.migration] Running upgrade 0024_audit_outcome -> 0025_markdown_facts, 将结构化产品事实收敛为 Markdown，并让内容任务直接绑定平台。
INFO  [alembic.runtime.migration] Running upgrade 0025_markdown_facts -> 0026_publication_account_dedup, 补齐发布账号修订约束，并阻止同平台规范化账号标识重复。
INFO  [alembic.runtime.migration] Running upgrade 0026_publication_account_dedup -> 0027_audit_user_delete_guard, 只允许受约束用户删除把匹配审计操作者置空。
INFO  [alembic.runtime.migration] Running upgrade 0027_audit_user_delete_guard -> 0028_platform_logo_lifecycle, 增加平台 Logo 的未引用保留、幂等删除状态与数据库门禁。
INFO  [alembic.runtime.migration] Running upgrade 0028_platform_logo_lifecycle -> 0029_geo_evidence_management, 收敛人工 GEO 独立事实，并为完整更正链删除增加事务门禁。
INFO  [alembic.runtime.migration] Running upgrade 0029_geo_evidence_management -> 0030_publication_record_delete, 为从未公开的发布聚合增加事务级受控删除门禁。
INFO  [alembic.runtime.migration] Running upgrade 0030_publication_record_delete -> 0031_reusable_platform_prompts, 把平台私有 Prompt 收敛为可复用模板和平台当前绑定。
INFO  [alembic.runtime.migration] Running upgrade 0031_reusable_platform_prompts -> 0032_content_task_idempotency, 为普通内容任务创建增加持久化请求键幂等约束。
INFO  [alembic.runtime.migration] Running upgrade 0032_content_task_idempotency -> 0033_task_owned_history_delete, 允许受控删除已取消任务自有的未批准生产历史。
INFO  [alembic.runtime.migration] Running upgrade 0033_task_owned_history_delete -> 0034_publication_redesign, 以发布工作、首次核验成果和发布后内容问题替换旧发布记录。
INFO  [alembic.runtime.migration] Running upgrade 0034_publication_redesign -> 0035_business_workflow, 建立事实提交、内容单主线、发布版本快照与 GEO 来源合同。
INFO  [alembic.runtime.migration] Running upgrade 0035_business_workflow -> 0036_remove_section_url, 删除没有稳定业务含义的发布栏目地址。
INFO  [alembic.runtime.migration] Running upgrade 0036_remove_section_url -> 0037_simplify_deletion_lifecycle, 收缩任务、配置与审计的删除生命周期。
INFO  [alembic.runtime.migration] Running upgrade 0037_simplify_deletion_lifecycle -> 0038_published_article_delete, 允许受控删除无 GEO 引用的发布成果聚合。
INFO  [alembic.runtime.migration] Running upgrade 0038_published_article_delete -> 0039_article_delete_platform, 允许归档任务在删除失效平台的发布成果后转为已取消。
INFO  [alembic.runtime.migration] Running upgrade 0039_article_delete_platform -> 0040_content_draft_management, 允许当前人工未审核草稿受控保存和彻底删除。
INFO  [alembic.runtime.migration] Running upgrade 0040_content_draft_management -> 0041_content_task_list, 补齐内容任务列表的稳定更新时间与排序索引。
INFO  [alembic.runtime.migration] Running upgrade 0041_content_task_list -> 0042_content_version_detail, 记录内容版本自身的真实更新时间。
INFO  [alembic.runtime.migration] Running upgrade 0042_content_version_detail -> 0043_geo_platform_identity, 冻结发布工作的平台 UUID，避免配置删除后 GEO 历史失去身份。
INFO  [alembic.runtime.migration] Running upgrade 0043_geo_platform_identity -> 0044_geo_catalog, 新增 GEO Catalog 三表；冻结本 revision，不读取运行时 ORM。
INFO  [alembic.runtime.migration] Running upgrade 0044_geo_catalog -> 0045_geo_prompt_variants, 仅新增问题变体，冻结规范化及历史锁存，不回填旧问题数组。
INFO  [alembic.runtime.migration] Running upgrade 0045_geo_prompt_variants -> 0046_geo_surfaces_profiles, 新增观测配置与闭合JSON合同；不回填旧GEO或实现运行资格。
INFO  [alembic.runtime.migration] Running upgrade 0046_geo_surfaces_profiles -> 0047_geo_monitoring_plans, 仅增加计划配置聚合；不创建批次、运行或改写历史观测。
INFO  [alembic.runtime.migration] Running upgrade 0047_geo_monitoring_plans -> 0048_geo_batches_runs, 新增独立回答级 Batch/Run，冻结 DDL 与快照/写入守卫，不迁移旧 GEO。
INFO  [alembic.runtime.migration] Running upgrade 0048_geo_batches_runs -> 0049_geo_batch_creation, 创建幂等与批次主体引用；不修改已冻结的 Batch/Run 输入。
INFO  [alembic.runtime.migration] Running upgrade 0049_geo_batch_creation -> 0050_geo_answer_evidence, 新增不可变原始回答、引用和受控文件关系；不实现采集命令。
INFO  [alembic.runtime.migration] Running upgrade 0050_geo_answer_evidence -> 0051_geo_manual_collection, 人工草稿和不可变提交身份；不回填或修改已提交证据。

> partsignal-frontend-v2@0.1.0 build
> tsc -b && vite build --config vite.config.ts

vite v8.2.1 building client environment for production...
[2Ktransforming...✓ 2951 modules transformed.
rendering chunks...
computing gzip size...
dist/index.html                                                    0.57 kB │ gzip:   0.34 kB
dist/assets/index-aDRwmOVp.css                                    81.52 kB │ gzip:  14.12 kB
dist/assets/queryOptions-Dfvzj6n2.js                               0.03 kB │ gzip:   0.05 kB
dist/assets/route-3YAM3tuL.js                                      0.07 kB │ gzip:   0.08 kB
dist/assets/route-B2aZ3QBi.js                                      0.07 kB │ gzip:   0.08 kB
dist/assets/route-B41ZhOLB.js                                      0.07 kB │ gzip:   0.08 kB
dist/assets/route-BQmWoCus.js                                      0.07 kB │ gzip:   0.08 kB
dist/assets/route-C5cBrTK3.js                                      0.07 kB │ gzip:   0.08 kB
dist/assets/route-COvhN9v6.js                                      0.07 kB │ gzip:   0.08 kB
dist/assets/route-CW62_yWg.js                                      0.07 kB │ gzip:   0.08 kB
dist/assets/route-DEzmN659.js                                      0.07 kB │ gzip:   0.08 kB
dist/assets/route-DQwB-ZOv.js                                      0.07 kB │ gzip:   0.08 kB
dist/assets/route-DYSd7FA3.js                                      0.07 kB │ gzip:   0.08 kB
dist/assets/route-DoTyqfYj.js                                      0.07 kB │ gzip:   0.08 kB
dist/assets/route-DrPtIM3S.js                                      0.07 kB │ gzip:   0.08 kB
dist/assets/route-DsXtGSAg.js                                      0.07 kB │ gzip:   0.08 kB
dist/assets/route-TEQwWL7Y.js                                      0.07 kB │ gzip:   0.08 kB
dist/assets/coerce-DcSCD-LW.js                                     0.08 kB │ gzip:   0.10 kB
dist/assets/isElementDisabled-KSuuBj8D.js                          0.11 kB │ gzip:   0.11 kB
dist/assets/chevron-right-BhOEJYQC.js                              0.13 kB │ gzip:   0.14 kB
dist/assets/canonical-uuid-B_ojMFYW.js                             0.13 kB │ gzip:   0.13 kB
dist/assets/settings.ai-CipVaq6G.js                                0.21 kB │ gzip:   0.20 kB
dist/assets/_taskId_.editor-_qjLAkbp.js                            0.22 kB │ gzip:   0.20 kB
dist/assets/_taskId_.review-zeX8OAEE.js                            0.22 kB │ gzip:   0.20 kB
dist/assets/route-DFljbmbX.js                                      0.22 kB │ gzip:   0.20 kB
dist/assets/system.audit-qBeF2bb1.js                               0.22 kB │ gzip:   0.20 kB
dist/assets/system.users-0TM8kiXu.js                               0.22 kB │ gzip:   0.20 kB
dist/assets/settings.prompts-9jQdIs2s.js                           0.22 kB │ gzip:   0.20 kB
dist/assets/_taskId-Vsd3-0WC.js                                    0.22 kB │ gzip:   0.21 kB
dist/assets/settings.platforms.types-C4NjYBws.js                   0.22 kB │ gzip:   0.21 kB
dist/assets/versions_._versionId-BW6wP3pa.js                       0.22 kB │ gzip:   0.21 kB
dist/assets/_platformId-BeKfjBVf.js                                0.22 kB │ gzip:   0.20 kB
dist/assets/settings.ai_._channelId-Z_MUrH5D.js                    0.22 kB │ gzip:   0.20 kB
dist/assets/_observationId-B3QjNhkV.js                             0.23 kB │ gzip:   0.21 kB
dist/assets/useControlled-DMK4Pb-8.js                              0.24 kB │ gzip:   0.21 kB
dist/assets/skeleton-Ged3Zc9T.js                                   0.24 kB │ gzip:   0.20 kB
dist/assets/table-shell-BGuXgMNH.js                                0.33 kB │ gzip:   0.24 kB
dist/assets/usePopupHandleStore-D9Ys5NRI.js                        0.35 kB │ gzip:   0.25 kB
dist/assets/table-toolbar-JNNhOzlg.js                              0.42 kB │ gzip:   0.27 kB
dist/assets/table-skeleton-G-FjuOli.js                             0.45 kB │ gzip:   0.35 kB
dist/assets/route-error-Bl0menBv.js                                0.46 kB │ gzip:   0.31 kB
dist/assets/_productId-Cu3oT6KN.js                                 0.49 kB │ gzip:   0.35 kB
dist/assets/_productId_.facts-C-S7KVKf.js                          0.50 kB │ gzip:   0.36 kB
dist/assets/_productId_.facts_.versions_._versionId-996oc21h.js    0.50 kB │ gzip:   0.36 kB
dist/assets/_productId_.facts_.review-CtF33cCX.js                  0.50 kB │ gzip:   0.37 kB
dist/assets/_observationId_.correct-DI4NNaVJ.js                    0.51 kB │ gzip:   0.37 kB
dist/assets/useCompositeItem-BGClVRCY.js                           0.54 kB │ gzip:   0.37 kB
dist/assets/empty-table-DARB4g0g.js                                0.55 kB │ gzip:   0.33 kB
dist/assets/_observationId_.correct-DYv8KdlB.js                    0.58 kB │ gzip:   0.31 kB
dist/assets/content-version.model-BVKgM5xI.js                      0.61 kB │ gzip:   0.43 kB
dist/assets/detail-section-Dm8gVxQG.js                             0.63 kB │ gzip:   0.34 kB
dist/assets/return-to-BzbJXkRi.js                                  0.63 kB │ gzip:   0.39 kB
dist/assets/workbench.api-Cm9VqJUK.js                              0.71 kB │ gzip:   0.46 kB
dist/assets/route-Do6Dxmmm.js                                      0.72 kB │ gzip:   0.50 kB
dist/assets/textarea-CPcbKIlY.js                                   0.83 kB │ gzip:   0.43 kB
dist/assets/timeline-BSjJ8olh.js                                   0.94 kB │ gzip:   0.49 kB
dist/assets/form-field-Dwoq3h4m.js                                 0.97 kB │ gzip:   0.54 kB
dist/assets/rowSortingFeature-D7bLuUi_.js                          1.02 kB │ gzip:   0.49 kB
dist/assets/security-BEPR3gTy.js                                   1.08 kB │ gzip:   0.59 kB
dist/assets/geo-observation-actions-C2i_qn8N.js                    1.09 kB │ gzip:   0.67 kB
dist/assets/login-DYMCsMxc.js                                      1.17 kB │ gzip:   0.64 kB
dist/assets/print-D7hZEvFV.js                                      1.20 kB │ gzip:   0.67 kB
dist/assets/product-deletion-dialog-CoX63SwQ.js                    1.20 kB │ gzip:   0.76 kB
dist/assets/filter-bar-CeCcftql.js                                 1.23 kB │ gzip:   0.71 kB
dist/assets/new-CUh82fao.js                                        1.23 kB │ gzip:   0.71 kB
dist/assets/form-layout-B0Bgsdpq.js                                1.29 kB │ gzip:   0.69 kB
dist/assets/file-transfer-bcVkqTxX.js                              1.41 kB │ gzip:   0.83 kB
dist/assets/useBaseUiId-C9V7pCeo.js                                1.42 kB │ gzip:   0.80 kB
dist/assets/table-pagination-CwCNfkHc.js                           1.48 kB │ gzip:   0.81 kB
dist/assets/badge-DofVsWMx.js                                      1.57 kB │ gzip:   0.70 kB
dist/assets/audit.api-DJIXTSOO.js                                  1.62 kB │ gzip:   0.76 kB
dist/assets/sticky-action-bar-aHFDZ2VC.js                          1.62 kB │ gzip:   0.86 kB
dist/assets/versions_._versionId-CzewUGPT.js                       1.72 kB │ gzip:   0.88 kB
dist/assets/_productId_.facts_.versions_._versionId-fY0Xc9Vh.js    1.77 kB │ gzip:   0.89 kB
dist/assets/workspace-shell-jeQu2ydG.js                            1.77 kB │ gzip:   0.83 kB
dist/assets/insights-CWOpmdsz.js                                   1.78 kB │ gzip:   0.95 kB
dist/assets/articles--oi_R860.js                                   1.82 kB │ gzip:   0.96 kB
dist/assets/new-C-VvOrgV.js                                        1.94 kB │ gzip:   1.06 kB
dist/assets/_articleId-CeJMHOmp.js                                 1.96 kB │ gzip:   1.08 kB
dist/assets/_productId_.facts_.versions-D0_Lc0Eo.js                1.96 kB │ gzip:   1.05 kB
dist/assets/catalog-controls-CiwqhRYn.js                           1.97 kB │ gzip:   0.88 kB
dist/assets/issues-ODw4NVN-.js                                     2.00 kB │ gzip:   1.05 kB
dist/assets/_taskId-hRD7Gi9x.js                                    2.00 kB │ gzip:   1.05 kB
dist/assets/settings.platforms.types-O7GvmTnm.js                   2.01 kB │ gzip:   1.02 kB
dist/assets/new-C5LwA3M0.js                                        2.08 kB │ gzip:   1.17 kB
dist/assets/_observationId-uI1Od-0G.js                             2.09 kB │ gzip:   1.08 kB
dist/assets/work-B1Ntr9yJ.js                                       2.11 kB │ gzip:   1.10 kB
dist/assets/_productId-CDk8YHPM.js                                 2.14 kB │ gzip:   1.11 kB
dist/assets/_taskId_.review-BFRsS8tB.js                            2.16 kB │ gzip:   1.13 kB
dist/assets/_productId_.facts_.review-C-hDlovA.js                  2.17 kB │ gzip:   1.11 kB
dist/assets/platforms-D1XodnCA.js                                  2.18 kB │ gzip:   1.13 kB
dist/assets/_productId_.facts-DXO6ZTVL.js                          2.22 kB │ gzip:   1.15 kB
dist/assets/useRegisterFieldControl-BcstcGLC.js                    2.25 kB │ gzip:   1.07 kB
dist/assets/tasks-DGQ_U22m.js                                      2.26 kB │ gzip:   1.17 kB
dist/assets/_issueId-Bcjwntnl.js                                   2.27 kB │ gzip:   1.25 kB
dist/assets/useStore-VZN0-5bO.js                                   2.27 kB │ gzip:   0.97 kB
dist/assets/_taskId_.editor-BcdL-3V1.js                            2.27 kB │ gzip:   1.17 kB
dist/assets/observations-By4tRVWo.js                               2.28 kB │ gzip:   1.17 kB
dist/assets/plans-SzOPxVR9.js                                      2.32 kB │ gzip:   1.22 kB
dist/assets/dialog-BEz6D7pK.js                                     2.33 kB │ gzip:   0.91 kB
dist/assets/topics-C_PIo2RZ.js                                     2.34 kB │ gzip:   1.21 kB
dist/assets/system.audit-BeSX6ERH.js                               2.35 kB │ gzip:   1.17 kB
dist/assets/input-BctqO2IH.js                                      2.47 kB │ gzip:   1.25 kB
dist/assets/dirty-guard-C3Xvog0v.js                                2.58 kB │ gzip:   1.23 kB
dist/assets/settings.ai-DhMlor8J.js                                2.60 kB │ gzip:   1.33 kB
dist/assets/prompt.api-DzGm0lBb.js                                 2.65 kB │ gzip:   1.01 kB
dist/assets/products-Dt2NjSDu.js                                   2.73 kB │ gzip:   1.40 kB
dist/assets/security-O2x3QSc-.js                                   3.03 kB │ gzip:   1.48 kB
dist/assets/login-WB8eUF7S.js                                      3.04 kB │ gzip:   1.48 kB
dist/assets/useCompositeListItem-u8lPl9Q5.js                       3.11 kB │ gzip:   1.41 kB
dist/assets/settings.ai_._channelId-Mpd9VdPn.js                    3.11 kB │ gzip:   1.55 kB
dist/assets/sheet-Csrnmg4Q.js                                      3.73 kB │ gzip:   1.45 kB
dist/assets/audit-detail-content-D3l88bu9.js                       3.90 kB │ gzip:   1.61 kB
dist/assets/print-B_DCzzpU.js                                      4.13 kB │ gzip:   1.66 kB
dist/assets/product.model-LFt6jjTK.js                              4.40 kB │ gzip:   2.01 kB
dist/assets/Match-CvdDQUn7.js                                      4.41 kB │ gzip:   1.72 kB
dist/assets/new-1YudVTIZ.js                                        4.45 kB │ gzip:   1.94 kB
dist/assets/_workId-BIOGsywM.js                                    4.72 kB │ gzip:   2.42 kB
dist/assets/settings.prompts-CcF_slMF.js                           4.89 kB │ gzip:   2.40 kB
dist/assets/issues-nXACdFxE.js                                     5.10 kB │ gzip:   2.13 kB
dist/assets/_productId_.facts_.versions-DIxghVGO.js                5.26 kB │ gzip:   2.36 kB
dist/assets/composite-BdTR3xno.js                                  5.88 kB │ gzip:   2.28 kB
dist/assets/articles-DoyefIz7.js                                   5.96 kB │ gzip:   2.41 kB
dist/assets/geo-evidence-upload-KbBiAtGD.js                        6.15 kB │ gzip:   2.67 kB
dist/assets/client-C6dNGmfD.js                                     6.59 kB │ gzip:   2.58 kB
dist/assets/principal-epoch-C10oPH-p.js                            6.87 kB │ gzip:   2.33 kB
dist/assets/globalFilteringFeature-CqNB_CTP.js                     6.95 kB │ gzip:   1.98 kB
dist/assets/plans.api-DFFzPefh.js                                  7.47 kB │ gzip:   3.16 kB
dist/assets/_platformId-BuCnaaff.js                                7.70 kB │ gzip:   3.45 kB
dist/assets/_app-C3MxuYtA.js                                       7.72 kB │ gzip:   2.58 kB
dist/assets/QueryClientProvider-CWfwOWtR.js                        7.80 kB │ gzip:   3.04 kB
dist/assets/product.api-CN57sqCW.js                                7.94 kB │ gzip:   2.59 kB
dist/assets/_productId_.facts_.versions_._versionId-DL3e20D9.js    8.18 kB │ gzip:   2.63 kB
dist/assets/jsx-runtime-B-hcVAMW.js                                8.55 kB │ gzip:   3.26 kB
dist/assets/x-D8hLcEwg.js                                          8.72 kB │ gzip:   3.14 kB
dist/assets/questions-BRBU5Abd.js                                  8.77 kB │ gzip:   3.87 kB
dist/assets/new-D_xk8BWY.js                                        8.95 kB │ gzip:   3.78 kB
dist/assets/geo-entities-r8I2wBMJ.js                               9.07 kB │ gzip:   3.61 kB
dist/assets/products-DOS431mS.js                                   9.25 kB │ gzip:   3.71 kB
dist/assets/tasks-DX1onncX.js                                      9.27 kB │ gzip:   3.57 kB
dist/assets/platform.api-CaB2oWKL.js                               9.71 kB │ gzip:   3.25 kB
dist/assets/geo-insights-report-CevSBVTe.js                       10.34 kB │ gzip:   2.88 kB
dist/assets/runs-CEYLH64E.js                                      11.79 kB │ gzip:   4.63 kB
dist/assets/versions_._versionId-rqD1WI8n.js                      12.02 kB │ gzip:   3.81 kB
dist/assets/tabs-DZwZETbm.js                                      12.50 kB │ gzip:   4.72 kB
dist/assets/content-task-lifecycle-BkbS5k1O.js                    12.51 kB │ gzip:   4.65 kB
dist/assets/system.audit-1_hm-4Mu.js                              12.54 kB │ gzip:   4.38 kB
dist/assets/observations-BzSoa_mP.js                              12.54 kB │ gzip:   4.87 kB
dist/assets/system.users-virsqTXs.js                              12.87 kB │ gzip:   5.48 kB
dist/assets/insights-DNGThysA.js                                  13.39 kB │ gzip:   4.90 kB
dist/assets/route-DpWZqpWy2.js                                    13.54 kB │ gzip:   5.12 kB
dist/assets/_taskId-CJatW6W4.js                                   14.87 kB │ gzip:   4.63 kB
dist/assets/content.api-BjCcSGKL.js                               14.90 kB │ gzip:   4.32 kB
dist/assets/_productId_.facts_.review-fEX64MGz.js                 15.83 kB │ gzip:   5.63 kB
dist/assets/work-XaQOdZ2T.js                                      15.92 kB │ gzip:   5.20 kB
dist/assets/publication.api-DLMaT58q.js                           16.20 kB │ gzip:   4.80 kB
dist/assets/_articleId-BEpWiU-3.js                                16.27 kB │ gzip:   5.43 kB
dist/assets/useQuery-fTBak1Kd.js                                  16.32 kB │ gzip:   5.46 kB
dist/assets/settings.platforms.types-D0Otz-mk.js                  16.42 kB │ gzip:   5.92 kB
dist/assets/new-CBWTQ2zs.js                                       16.94 kB │ gzip:   6.04 kB
dist/assets/platforms-C-KYXZ_t.js                                 17.07 kB │ gzip:   6.18 kB
dist/assets/_productId_.facts-qx3TU48s.js                         17.33 kB │ gzip:   5.82 kB
dist/assets/_taskId_.review-CuxV0EEy.js                           17.48 kB │ gzip:   6.06 kB
dist/assets/settings.ai-Ldq3fPbF.js                               17.50 kB │ gzip:   6.31 kB
dist/assets/_productId-1d4k0e51.js                                17.55 kB │ gzip:   5.89 kB
dist/assets/audit.model-CoINj8pg.js                               17.75 kB │ gzip:   5.57 kB
dist/assets/row-actions-BJ66S6vi.js                               17.90 kB │ gzip:   6.59 kB
dist/assets/geo-surfaces-TnlEb4ki.js                              17.97 kB │ gzip:   6.74 kB
dist/assets/_observationId-B49Sy4ee.js                            18.05 kB │ gzip:   5.76 kB
dist/assets/auth-provider-DFolC6YC.js                             18.50 kB │ gzip:   6.78 kB
dist/assets/geo.api-ka_KSY7s.js                                   18.53 kB │ gzip:   5.93 kB
dist/assets/_issueId-RJH1gwc2.js                                  19.62 kB │ gzip:   6.52 kB
dist/assets/topics-LGL8u1PL.js                                    19.98 kB │ gzip:   7.04 kB
dist/assets/ai-channel-workspace.model-DhiWYyBn.js                20.72 kB │ gzip:   6.31 kB
dist/assets/lazyRouteComponent-CdF2jOv_.js                        24.20 kB │ gzip:   8.98 kB
dist/assets/_observationId_.correct-CldryMtT.js                   24.42 kB │ gzip:   8.23 kB
dist/assets/_workId-DBOczfdU.js                                   28.51 kB │ gzip:   8.89 kB
dist/assets/questions-R1F5oNCO.js                                 28.82 kB │ gzip:   9.22 kB
dist/assets/select-xCA4QyOF.js                                    30.10 kB │ gzip:  10.91 kB
dist/assets/settings.prompts-B31BivCy.js                          30.81 kB │ gzip:   9.97 kB
dist/assets/system.users-BUG6GwIY.js                              31.00 kB │ gzip:   9.75 kB
dist/assets/providers-C29f0GDT.js                                 35.19 kB │ gzip:  10.50 kB
dist/assets/geo-entities-BXXP_6Ss.js                              35.31 kB │ gzip:  10.94 kB
dist/assets/geo-surfaces-D94wg-1h.js                              35.75 kB │ gzip:  11.04 kB
dist/assets/icon-button-DvLYQhgC.js                               36.26 kB │ gzip:  12.08 kB
dist/assets/column-header-CYC-WNf9.js                             36.45 kB │ gzip:  11.43 kB
dist/assets/ToolbarRootContext-CMcqKjJC.js                        36.62 kB │ gzip:  14.01 kB
dist/assets/_taskId_.editor-BjpOC8IQ.js                           37.91 kB │ gzip:  11.54 kB
dist/assets/_platformId-CGs5Wx6F.js                               38.91 kB │ gzip:  11.58 kB
dist/assets/createLucideIcon-BhTTe_xa.js                          39.80 kB │ gzip:  14.03 kB
dist/assets/button-BZhX1_Og.js                                    40.12 kB │ gzip:  13.54 kB
dist/assets/zod-CS-qYe1E.js                                       40.85 kB │ gzip:  14.09 kB
dist/assets/route-DjZRINem.js                                     43.50 kB │ gzip:  15.66 kB
dist/assets/settings.ai_._channelId-Be7FDUA-.js                   49.67 kB │ gzip:  13.69 kB
dist/assets/plans-CWvRRomA.js                                     50.92 kB │ gzip:  15.77 kB
dist/assets/runs-D5H7Vywo.js                                      56.85 kB │ gzip:  16.83 kB
dist/assets/schemas-CbD1aRyl.js                                   69.76 kB │ gzip:  18.61 kB
dist/assets/index-D_kaO9c_.js                                    188.61 kB │ gzip:  60.28 kB
dist/assets/markdown-editor-BY9HDWJ8.js                          729.88 kB │ gzip: 245.01 kB

✓ built in 448ms
[plugin builtin:vite-reporter] 
(!) Some chunks are larger than 500 kB after minification. Consider:
- Using dynamic import() to code-split the application
- Use build.rolldownOptions.output.codeSplitting to improve chunking: https://rolldown.rs/reference/OutputOptions.codeSplitting
- Adjust chunk size limit for this warning via build.chunkSizeWarningLimit.
已创建或确认管理员和内容工程师账号。
INFO:     Started server process [12603]
INFO:     Waiting for application startup.
INFO:     Application startup complete.
INFO:     Uvicorn running on http://127.0.0.1:9001 (Press CTRL+C to quit)
INFO:     Started server process [12602]
INFO:     Waiting for application startup.
INFO:     Application startup complete.
INFO:     Uvicorn running on http://127.0.0.1:19009 (Press CTRL+C to quit)
  ➜  Local:   http://127.0.0.1:4174/
INFO:     Started server process [12601]
INFO:     Waiting for application startup.
INFO:     Application startup complete.
INFO:     Uvicorn running on http://127.0.0.1:8000 (Press CTRL+C to quit)
INFO:     127.0.0.1:65379 - "GET /api/health/ready HTTP/1.1" 200 OK
INFO:     127.0.0.1:65382 - "GET /v1/models HTTP/1.1" 200 OK

> partsignal-frontend-v2@0.1.0 e2e:raw
> playwright test tests/e2e/ai-channel-configuration-real-stack.spec.ts tests/e2e/product-facts-real-stack.spec.ts tests/e2e/catalog-real-stack.spec.ts tests/e2e/questions-real-stack.spec.ts tests/e2e/surfaces-real-stack.spec.ts tests/e2e/plans-real-stack.spec.ts tests/e2e/runs-real-stack.spec.ts tests/e2e/content-ai-real-stack.spec.ts tests/e2e/content-review-real-stack.spec.ts tests/e2e/content-version-detail-real-stack.spec.ts tests/e2e/publication-workspace-real-stack.spec.ts tests/e2e/geo-real-stack.spec.ts tests/e2e/auth-session-real-stack.spec.ts tests/e2e/system-admin-real-stack.spec.ts --project=foundation-desktop


Running 26 tests using 1 worker

(node:12642) Warning: The 'NO_COLOR' env is ignored due to the 'FORCE_COLOR' env being set.
(Use `node --trace-warnings ...` to show where the warning was created)
INFO:     127.0.0.1:65395 - "POST /api/v1/auth/login HTTP/1.1" 200 OK
INFO:     127.0.0.1:65395 - "POST /api/v1/platform-prompts HTTP/1.1" 201 Created
INFO:     127.0.0.1:65395 - "POST /api/v1/platform-types HTTP/1.1" 201 Created
INFO:     127.0.0.1:65395 - "POST /api/v1/platform-profiles HTTP/1.1" 201 Created
INFO:     127.0.0.1:65395 - "POST /api/v1/products HTTP/1.1" 201 Created
INFO:     127.0.0.1:65395 - "GET /api/v1/products/51685cba-d589-43d4-8f68-225bdf769978/facts HTTP/1.1" 200 OK
INFO:     127.0.0.1:65395 - "PUT /api/v1/products/51685cba-d589-43d4-8f68-225bdf769978/facts HTTP/1.1" 200 OK
INFO:     127.0.0.1:65395 - "POST /api/v1/products/51685cba-d589-43d4-8f68-225bdf769978/fact-review-submissions HTTP/1.1" 201 Created
INFO:     127.0.0.1:65395 - "POST /api/v1/fact-versions/576102c3-a47c-41b4-903a-ac059497738e/approve HTTP/1.1" 200 OK
INFO:     127.0.0.1:65395 - "POST /api/v1/content-tasks HTTP/1.1" 201 Created
INFO:     127.0.0.1:65395 - "POST /api/v1/products HTTP/1.1" 201 Created
INFO:     127.0.0.1:65395 - "GET /api/v1/products/d7925027-92c2-4fba-8382-24072f688edc/facts HTTP/1.1" 200 OK
INFO:     127.0.0.1:65395 - "PUT /api/v1/products/d7925027-92c2-4fba-8382-24072f688edc/facts HTTP/1.1" 200 OK
INFO:     127.0.0.1:65395 - "POST /api/v1/products/d7925027-92c2-4fba-8382-24072f688edc/fact-review-submissions HTTP/1.1" 201 Created
INFO:     127.0.0.1:65395 - "POST /api/v1/fact-versions/cb3289c5-6877-4661-aa02-15ed35ef6939/approve HTTP/1.1" 200 OK
INFO:     127.0.0.1:65395 - "POST /api/v1/content-tasks HTTP/1.1" 201 Created
INFO:     127.0.0.1:65402 - "GET /api/v1/auth/session HTTP/1.1" 200 OK
INFO:     127.0.0.1:65402 - "GET /api/v1/platform-prompts HTTP/1.1" 200 OK
INFO:     127.0.0.1:65402 - "GET /api/v1/platform-prompts/6897b1fe-0355-4f09-9850-13a899c36a48 HTTP/1.1" 200 OK
INFO:     127.0.0.1:65402 - "GET /api/v1/platform-prompts/6897b1fe-0355-4f09-9850-13a899c36a48/preview-options HTTP/1.1" 200 OK
INFO:     127.0.0.1:65402 - "GET /api/v1/content-tasks?archive_status=ACTIVE&page=1&page_size=20 HTTP/1.1" 200 OK
INFO:     127.0.0.1:65403 - "GET /api/v1/platform-profiles HTTP/1.1" 200 OK
INFO:     127.0.0.1:65403 - "GET /api/v1/content-tasks?q=CONFIG-1397e361&archive_status=ACTIVE&page=1&page_size=20 HTTP/1.1" 200 OK
INFO:     127.0.0.1:65403 - "GET /api/v1/auth/session HTTP/1.1" 200 OK
INFO:     127.0.0.1:65403 - "GET /api/v1/content-tasks/24ad80a9-9647-4b05-bd2e-67aefe439bf5/editor-context HTTP/1.1" 200 OK
INFO:     127.0.0.1:65403 - "GET /api/v1/content-tasks/24ad80a9-9647-4b05-bd2e-67aefe439bf5/generation-options HTTP/1.1" 200 OK
INFO:     127.0.0.1:65403 - "GET /api/v1/ai-channels?page=1&page_size=20 HTTP/1.1" 200 OK
INFO:     127.0.0.1:65406 - "OPTIONS /api/v1/ai-channels HTTP/1.1" 200 OK
INFO:     127.0.0.1:65403 - "POST /api/v1/ai-channels HTTP/1.1" 201 Created
INFO:     127.0.0.1:65403 - "GET /api/v1/ai-channels?page=1&page_size=20 HTTP/1.1" 200 OK
INFO:     127.0.0.1:65406 - "OPTIONS /api/v1/ai-channels/d2bb5b76-8486-438c-aa55-cc3acd13f067 HTTP/1.1" 200 OK
INFO:     127.0.0.1:65403 - "PATCH /api/v1/ai-channels/d2bb5b76-8486-438c-aa55-cc3acd13f067 HTTP/1.1" 200 OK
INFO:     127.0.0.1:65395 - "GET /api/v1/ai-channels/d2bb5b76-8486-438c-aa55-cc3acd13f067 HTTP/1.1" 200 OK
INFO:     127.0.0.1:65395 - "PATCH /api/v1/ai-channels/d2bb5b76-8486-438c-aa55-cc3acd13f067 HTTP/1.1" 200 OK
INFO:     127.0.0.1:65403 - "PATCH /api/v1/ai-channels/d2bb5b76-8486-438c-aa55-cc3acd13f067 HTTP/1.1" 409 Conflict
INFO:     127.0.0.1:65403 - "GET /api/v1/ai-channels/d2bb5b76-8486-438c-aa55-cc3acd13f067 HTTP/1.1" 200 OK
INFO:     127.0.0.1:65406 - "OPTIONS /api/v1/ai-channels/d2bb5b76-8486-438c-aa55-cc3acd13f067/headers HTTP/1.1" 200 OK
INFO:     127.0.0.1:65403 - "POST /api/v1/ai-channels/d2bb5b76-8486-438c-aa55-cc3acd13f067/headers HTTP/1.1" 201 Created
INFO:     127.0.0.1:65403 - "POST /api/v1/ai-channels/d2bb5b76-8486-438c-aa55-cc3acd13f067/headers HTTP/1.1" 201 Created
INFO:     127.0.0.1:65403 - "GET /api/v1/ai-channels/d2bb5b76-8486-438c-aa55-cc3acd13f067/models HTTP/1.1" 200 OK
INFO:     127.0.0.1:65406 - "OPTIONS /api/v1/ai-channels/d2bb5b76-8486-438c-aa55-cc3acd13f067/discover-models HTTP/1.1" 200 OK
INFO:     127.0.0.1:65408 - "GET /v1/models HTTP/1.1" 200 OK
INFO:     127.0.0.1:65403 - "POST /api/v1/ai-channels/d2bb5b76-8486-438c-aa55-cc3acd13f067/discover-models HTTP/1.1" 200 OK
INFO:     127.0.0.1:65406 - "OPTIONS /api/v1/ai-channels/d2bb5b76-8486-438c-aa55-cc3acd13f067/models HTTP/1.1" 200 OK
INFO:     127.0.0.1:65403 - "POST /api/v1/ai-channels/d2bb5b76-8486-438c-aa55-cc3acd13f067/models HTTP/1.1" 201 Created
INFO:     127.0.0.1:65403 - "GET /api/v1/ai-channels/d2bb5b76-8486-438c-aa55-cc3acd13f067/models HTTP/1.1" 200 OK
INFO:     127.0.0.1:65402 - "GET /api/v1/ai-channels/d2bb5b76-8486-438c-aa55-cc3acd13f067 HTTP/1.1" 200 OK
INFO:     127.0.0.1:65402 - "POST /api/v1/ai-channels/d2bb5b76-8486-438c-aa55-cc3acd13f067/models HTTP/1.1" 201 Created
INFO:     127.0.0.1:65402 - "GET /api/v1/ai-channels/d2bb5b76-8486-438c-aa55-cc3acd13f067/models HTTP/1.1" 200 OK
INFO:     127.0.0.1:65403 - "GET /api/v1/ai-channels/d2bb5b76-8486-438c-aa55-cc3acd13f067 HTTP/1.1" 200 OK
INFO:     127.0.0.1:65406 - "OPTIONS /api/v1/ai-models/15468361-971d-48cf-b0be-151e9f3c8cef HTTP/1.1" 200 OK
INFO:     127.0.0.1:65403 - "PATCH /api/v1/ai-models/15468361-971d-48cf-b0be-151e9f3c8cef HTTP/1.1" 200 OK
INFO:     127.0.0.1:65403 - "GET /api/v1/ai-channels/d2bb5b76-8486-438c-aa55-cc3acd13f067/models HTTP/1.1" 200 OK
INFO:     127.0.0.1:65402 - "GET /api/v1/ai-channels/d2bb5b76-8486-438c-aa55-cc3acd13f067 HTTP/1.1" 200 OK
INFO:     127.0.0.1:65406 - "OPTIONS /api/v1/ai-models/af082aa0-c44a-4636-8313-ea989f791cde?expected_revision=0 HTTP/1.1" 200 OK
INFO:     127.0.0.1:65402 - "DELETE /api/v1/ai-models/af082aa0-c44a-4636-8313-ea989f791cde?expected_revision=0 HTTP/1.1" 204 No Content
INFO:     127.0.0.1:65402 - "GET /api/v1/ai-channels/d2bb5b76-8486-438c-aa55-cc3acd13f067/models HTTP/1.1" 200 OK
INFO:     127.0.0.1:65403 - "GET /api/v1/ai-channels/d2bb5b76-8486-438c-aa55-cc3acd13f067 HTTP/1.1" 200 OK
INFO:     127.0.0.1:65406 - "OPTIONS /api/v1/ai-models/15468361-971d-48cf-b0be-151e9f3c8cef/test HTTP/1.1" 200 OK
INFO:     127.0.0.1:65409 - "POST /v1/chat/completions HTTP/1.1" 400 Bad Request
INFO:     127.0.0.1:65403 - "POST /api/v1/ai-models/15468361-971d-48cf-b0be-151e9f3c8cef/test HTTP/1.1" 200 OK
INFO:     127.0.0.1:65402 - "GET /api/v1/ai-channels/d2bb5b76-8486-438c-aa55-cc3acd13f067 HTTP/1.1" 200 OK
INFO:     127.0.0.1:65403 - "GET /api/v1/ai-channels/d2bb5b76-8486-438c-aa55-cc3acd13f067/models HTTP/1.1" 200 OK
INFO:     127.0.0.1:65410 - "GET /e2e/calls/e2e-config-model-1397e361 HTTP/1.1" 200 OK
INFO:     127.0.0.1:65406 - "OPTIONS /api/v1/ai-channels/d2bb5b76-8486-438c-aa55-cc3acd13f067/api-key HTTP/1.1" 200 OK
INFO:     127.0.0.1:65403 - "PUT /api/v1/ai-channels/d2bb5b76-8486-438c-aa55-cc3acd13f067/api-key HTTP/1.1" 200 OK
INFO:     127.0.0.1:65406 - "OPTIONS /api/v1/ai-channel-headers/6c0de71e-baaf-405c-84f5-ed6d52a3def5 HTTP/1.1" 200 OK
INFO:     127.0.0.1:65403 - "PATCH /api/v1/ai-channel-headers/6c0de71e-baaf-405c-84f5-ed6d52a3def5 HTTP/1.1" 200 OK
INFO:     127.0.0.1:65403 - "GET /api/v1/ai-channels/d2bb5b76-8486-438c-aa55-cc3acd13f067/models HTTP/1.1" 200 OK
INFO:     127.0.0.1:65411 - "POST /v1/chat/completions HTTP/1.1" 200 OK
INFO:     127.0.0.1:65403 - "POST /api/v1/ai-models/15468361-971d-48cf-b0be-151e9f3c8cef/test HTTP/1.1" 200 OK
INFO:     127.0.0.1:65403 - "GET /api/v1/ai-channels/d2bb5b76-8486-438c-aa55-cc3acd13f067/models HTTP/1.1" 200 OK
INFO:     127.0.0.1:65402 - "GET /api/v1/ai-channels/d2bb5b76-8486-438c-aa55-cc3acd13f067 HTTP/1.1" 200 OK
INFO:     127.0.0.1:65406 - "OPTIONS /api/v1/ai-models/15468361-971d-48cf-b0be-151e9f3c8cef/enable HTTP/1.1" 200 OK
INFO:     127.0.0.1:65402 - "POST /api/v1/ai-models/15468361-971d-48cf-b0be-151e9f3c8cef/enable HTTP/1.1" 200 OK
INFO:     127.0.0.1:65402 - "GET /api/v1/ai-channels/d2bb5b76-8486-438c-aa55-cc3acd13f067/models HTTP/1.1" 200 OK
INFO:     127.0.0.1:65403 - "GET /api/v1/ai-channels/d2bb5b76-8486-438c-aa55-cc3acd13f067 HTTP/1.1" 200 OK
INFO:     127.0.0.1:65406 - "OPTIONS /api/v1/ai-channels/d2bb5b76-8486-438c-aa55-cc3acd13f067/enable HTTP/1.1" 200 OK
INFO:     127.0.0.1:65403 - "POST /api/v1/ai-channels/d2bb5b76-8486-438c-aa55-cc3acd13f067/enable HTTP/1.1" 200 OK
INFO:     127.0.0.1:65403 - "GET /api/v1/ai-channels/d2bb5b76-8486-438c-aa55-cc3acd13f067 HTTP/1.1" 200 OK
INFO:     127.0.0.1:65403 - "GET /api/v1/ai-channels/d2bb5b76-8486-438c-aa55-cc3acd13f067/models HTTP/1.1" 200 OK
INFO:     127.0.0.1:65403 - "GET /api/v1/platform-prompts HTTP/1.1" 200 OK
INFO:     127.0.0.1:65403 - "GET /api/v1/platform-prompts/6897b1fe-0355-4f09-9850-13a899c36a48 HTTP/1.1" 200 OK
INFO:     127.0.0.1:65403 - "GET /api/v1/platform-prompts/6897b1fe-0355-4f09-9850-13a899c36a48/preview-options HTTP/1.1" 200 OK
INFO:     127.0.0.1:65403 - "GET /api/v1/content-tasks?archive_status=ACTIVE&page=1&page_size=20 HTTP/1.1" 200 OK
INFO:     127.0.0.1:65402 - "GET /api/v1/platform-profiles HTTP/1.1" 200 OK
INFO:     127.0.0.1:65402 - "GET /api/v1/content-tasks?q=CONFIG-1397e361&archive_status=ACTIVE&page=1&page_size=20 HTTP/1.1" 200 OK
INFO:     127.0.0.1:65402 - "GET /api/v1/auth/session HTTP/1.1" 200 OK
INFO:     127.0.0.1:65402 - "GET /api/v1/content-tasks/24ad80a9-9647-4b05-bd2e-67aefe439bf5/editor-context HTTP/1.1" 200 OK
INFO:     127.0.0.1:65402 - "GET /api/v1/content-tasks/24ad80a9-9647-4b05-bd2e-67aefe439bf5/generation-options HTTP/1.1" 200 OK
INFO:     127.0.0.1:65402 - "GET /api/v1/ai-channels?page=1&page_size=20 HTTP/1.1" 200 OK
INFO:     127.0.0.1:65402 - "GET /api/v1/ai-channels?q=E2E%20%E6%9C%8D%E5%8A%A1%E7%AB%AF%E6%B8%A0%E9%81%93%201397e361&page=1&page_size=20 HTTP/1.1" 200 OK
INFO:     127.0.0.1:65402 - "GET /api/v1/auth/session HTTP/1.1" 200 OK
INFO:     127.0.0.1:65402 - "GET /api/v1/ai-channels/d2bb5b76-8486-438c-aa55-cc3acd13f067 HTTP/1.1" 200 OK
INFO:     127.0.0.1:65402 - "GET /api/v1/ai-channels/d2bb5b76-8486-438c-aa55-cc3acd13f067/usage-summary?period=30d HTTP/1.1" 200 OK
INFO:     127.0.0.1:65402 - "GET /api/v1/platform-prompts HTTP/1.1" 200 OK
INFO:     127.0.0.1:65402 - "GET /api/v1/platform-prompts/6897b1fe-0355-4f09-9850-13a899c36a48 HTTP/1.1" 200 OK
INFO:     127.0.0.1:65402 - "GET /api/v1/platform-prompts/6897b1fe-0355-4f09-9850-13a899c36a48/preview-options HTTP/1.1" 200 OK
INFO:     127.0.0.1:65406 - "OPTIONS /api/v1/content-tasks/7e7708c6-c3ae-4572-8aad-00c357f5f771/generation-jobs HTTP/1.1" 200 OK
INFO:     127.0.0.1:65402 - "POST /api/v1/content-tasks/7e7708c6-c3ae-4572-8aad-00c357f5f771/generation-jobs HTTP/1.1" 202 Accepted
INFO:     127.0.0.1:65402 - "GET /api/v1/platform-prompts/6897b1fe-0355-4f09-9850-13a899c36a48/preview-options HTTP/1.1" 200 OK
INFO:     127.0.0.1:65403 - "GET /api/v1/content-tasks/7e7708c6-c3ae-4572-8aad-00c357f5f771/generation-jobs HTTP/1.1" 200 OK
INFO:     127.0.0.1:65415 - "POST /v1/chat/completions HTTP/1.1" 200 OK
INFO:     127.0.0.1:65403 - "GET /api/v1/content-tasks/7e7708c6-c3ae-4572-8aad-00c357f5f771/generation-jobs HTTP/1.1" 200 OK
INFO:     127.0.0.1:65403 - "GET /api/v1/content-versions/949441d9-5748-40c3-aabf-a2647431e1a2 HTTP/1.1" 200 OK
INFO:     127.0.0.1:65402 - "GET /api/v1/platform-prompts/6897b1fe-0355-4f09-9850-13a899c36a48/preview-options HTTP/1.1" 200 OK
INFO:     127.0.0.1:65417 - "GET /e2e/calls/e2e-config-model-1397e361 HTTP/1.1" 200 OK
INFO:     127.0.0.1:65402 - "GET /api/v1/content-tasks?archive_status=ACTIVE&page=1&page_size=20 HTTP/1.1" 200 OK
INFO:     127.0.0.1:65403 - "GET /api/v1/platform-profiles HTTP/1.1" 200 OK
INFO:     127.0.0.1:65403 - "GET /api/v1/content-tasks?q=CONFIG-1397e361&archive_status=ACTIVE&page=1&page_size=20 HTTP/1.1" 200 OK
INFO:     127.0.0.1:65403 - "GET /api/v1/auth/session HTTP/1.1" 200 OK
INFO:     127.0.0.1:65403 - "GET /api/v1/content-tasks/24ad80a9-9647-4b05-bd2e-67aefe439bf5/editor-context HTTP/1.1" 200 OK
INFO:     127.0.0.1:65403 - "GET /api/v1/content-tasks/24ad80a9-9647-4b05-bd2e-67aefe439bf5/generation-options HTTP/1.1" 200 OK
INFO:     127.0.0.1:65406 - "OPTIONS /api/v1/content-tasks/24ad80a9-9647-4b05-bd2e-67aefe439bf5/generation-jobs HTTP/1.1" 200 OK
INFO:     127.0.0.1:65403 - "POST /api/v1/content-tasks/24ad80a9-9647-4b05-bd2e-67aefe439bf5/generation-jobs HTTP/1.1" 202 Accepted
INFO:     127.0.0.1:65418 - "POST /v1/chat/completions HTTP/1.1" 200 OK
INFO:     127.0.0.1:65403 - "GET /api/v1/content-tasks/24ad80a9-9647-4b05-bd2e-67aefe439bf5/generation-jobs HTTP/1.1" 200 OK
INFO:     127.0.0.1:65403 - "GET /api/v1/content-tasks/24ad80a9-9647-4b05-bd2e-67aefe439bf5/generation-jobs HTTP/1.1" 200 OK
INFO:     127.0.0.1:65403 - "GET /api/v1/content-tasks/24ad80a9-9647-4b05-bd2e-67aefe439bf5/editor-context HTTP/1.1" 200 OK
INFO:     127.0.0.1:65419 - "GET /api/v1/content-tasks/24ad80a9-9647-4b05-bd2e-67aefe439bf5/editor-context HTTP/1.1" 200 OK
INFO:     127.0.0.1:65417 - "GET /e2e/calls/e2e-config-model-1397e361 HTTP/1.1" 200 OK
INFO:     127.0.0.1:65417 - "GET /e2e/payloads/e2e-config-model-1397e361 HTTP/1.1" 200 OK
INFO:     127.0.0.1:65403 - "GET /api/v1/ai-channels?page=1&page_size=20 HTTP/1.1" 200 OK
INFO:     127.0.0.1:65403 - "GET /api/v1/ai-channels?q=E2E%20%E6%9C%8D%E5%8A%A1%E7%AB%AF%E6%B8%A0%E9%81%93%201397e361&page=1&page_size=20 HTTP/1.1" 200 OK
INFO:     127.0.0.1:65403 - "GET /api/v1/auth/session HTTP/1.1" 200 OK
INFO:     127.0.0.1:65403 - "GET /api/v1/ai-channels/d2bb5b76-8486-438c-aa55-cc3acd13f067 HTTP/1.1" 200 OK
INFO:     127.0.0.1:65403 - "GET /api/v1/ai-channels/d2bb5b76-8486-438c-aa55-cc3acd13f067/usage-summary?period=30d HTTP/1.1" 200 OK
INFO:     127.0.0.1:65403 - "GET /api/v1/ai-channels/d2bb5b76-8486-438c-aa55-cc3acd13f067/usage-summary?period=all HTTP/1.1" 200 OK
INFO:     127.0.0.1:65403 - "GET /api/v1/ai-channels/d2bb5b76-8486-438c-aa55-cc3acd13f067/audit-logs?page=1&page_size=20 HTTP/1.1" 200 OK
INFO:     127.0.0.1:65403 - "GET /api/v1/audit-logs/4da7df57-6542-4c5e-8005-275a50e9fc96 HTTP/1.1" 200 OK
INFO:     127.0.0.1:65419 - "GET /api/v1/ai-channels/d2bb5b76-8486-438c-aa55-cc3acd13f067/audit-logs?page=1&page_size=50 HTTP/1.1" 200 OK
INFO:     127.0.0.1:65419 - "GET /api/v1/ai-channels/d2bb5b76-8486-438c-aa55-cc3acd13f067/models HTTP/1.1" 200 OK
INFO:     127.0.0.1:65406 - "OPTIONS /api/v1/ai-channels/d2bb5b76-8486-438c-aa55-cc3acd13f067/disable HTTP/1.1" 200 OK
INFO:     127.0.0.1:65403 - "POST /api/v1/ai-channels/d2bb5b76-8486-438c-aa55-cc3acd13f067/disable HTTP/1.1" 200 OK
INFO:     127.0.0.1:65403 - "GET /api/v1/ai-channels/d2bb5b76-8486-438c-aa55-cc3acd13f067 HTTP/1.1" 200 OK
INFO:     127.0.0.1:65403 - "GET /api/v1/ai-channels/d2bb5b76-8486-438c-aa55-cc3acd13f067/audit-logs?page=1&page_size=20 HTTP/1.1" 200 OK
INFO:     127.0.0.1:65403 - "GET /api/v1/ai-channels/d2bb5b76-8486-438c-aa55-cc3acd13f067/models HTTP/1.1" 200 OK
INFO:     127.0.0.1:65406 - "OPTIONS /api/v1/ai-models/15468361-971d-48cf-b0be-151e9f3c8cef/disable HTTP/1.1" 200 OK
INFO:     127.0.0.1:65403 - "POST /api/v1/ai-models/15468361-971d-48cf-b0be-151e9f3c8cef/disable HTTP/1.1" 200 OK
INFO:     127.0.0.1:65403 - "GET /api/v1/ai-channels/d2bb5b76-8486-438c-aa55-cc3acd13f067/models HTTP/1.1" 200 OK
INFO:     127.0.0.1:65402 - "GET /api/v1/ai-channels/d2bb5b76-8486-438c-aa55-cc3acd13f067 HTTP/1.1" 200 OK
INFO:     127.0.0.1:65406 - "OPTIONS /api/v1/ai-channel-headers/527e84c7-0f29-40de-bf6d-29c93f53d144?expected_channel_revision=8 HTTP/1.1" 200 OK
INFO:     127.0.0.1:65402 - "DELETE /api/v1/ai-channel-headers/527e84c7-0f29-40de-bf6d-29c93f53d144?expected_channel_revision=8 HTTP/1.1" 204 No Content
INFO:     127.0.0.1:65402 - "GET /api/v1/ai-channels/d2bb5b76-8486-438c-aa55-cc3acd13f067 HTTP/1.1" 200 OK
INFO:     127.0.0.1:65402 - "GET /api/v1/ai-channels/d2bb5b76-8486-438c-aa55-cc3acd13f067/models HTTP/1.1" 200 OK
INFO:     127.0.0.1:65406 - "OPTIONS /api/v1/ai-models/15468361-971d-48cf-b0be-151e9f3c8cef?expected_revision=8 HTTP/1.1" 200 OK
INFO:     127.0.0.1:65402 - "DELETE /api/v1/ai-models/15468361-971d-48cf-b0be-151e9f3c8cef?expected_revision=8 HTTP/1.1" 204 No Content
INFO:     127.0.0.1:65403 - "GET /api/v1/ai-channels/d2bb5b76-8486-438c-aa55-cc3acd13f067 HTTP/1.1" 200 OK
INFO:     127.0.0.1:65402 - "GET /api/v1/ai-channels/d2bb5b76-8486-438c-aa55-cc3acd13f067/models HTTP/1.1" 200 OK
INFO:     127.0.0.1:65406 - "OPTIONS /api/v1/ai-channels/d2bb5b76-8486-438c-aa55-cc3acd13f067?expected_revision=9 HTTP/1.1" 200 OK
INFO:     127.0.0.1:65402 - "DELETE /api/v1/ai-channels/d2bb5b76-8486-438c-aa55-cc3acd13f067?expected_revision=9 HTTP/1.1" 204 No Content
INFO:     127.0.0.1:65402 - "GET /api/v1/ai-channels?page=1&page_size=20 HTTP/1.1" 200 OK
  ✓   1 [foundation-desktop] › tests/e2e/ai-channel-configuration-real-stack.spec.ts:206:1 › AI Channel Configuration 真实栈闭环 (15.6s)
INFO:     127.0.0.1:65419 - "POST /api/v1/auth/login HTTP/1.1" 200 OK
INFO:     127.0.0.1:65427 - "GET /api/v1/auth/session HTTP/1.1" 200 OK
INFO:     127.0.0.1:65428 - "OPTIONS /api/v1/products HTTP/1.1" 200 OK
INFO:     127.0.0.1:65427 - "POST /api/v1/products HTTP/1.1" 201 Created
INFO:     127.0.0.1:65427 - "GET /api/v1/products/0f3a367d-3b90-454f-a1d4-fd9526eb4e88/detail HTTP/1.1" 200 OK
INFO:     127.0.0.1:65427 - "GET /api/v1/auth/session HTTP/1.1" 200 OK
INFO:     127.0.0.1:65427 - "GET /api/v1/products/0f3a367d-3b90-454f-a1d4-fd9526eb4e88/facts HTTP/1.1" 200 OK
INFO:     127.0.0.1:65428 - "OPTIONS /api/v1/products/0f3a367d-3b90-454f-a1d4-fd9526eb4e88/facts HTTP/1.1" 200 OK
INFO:     127.0.0.1:65427 - "PUT /api/v1/products/0f3a367d-3b90-454f-a1d4-fd9526eb4e88/facts HTTP/1.1" 200 OK
INFO:     127.0.0.1:65428 - "OPTIONS /api/v1/products/0f3a367d-3b90-454f-a1d4-fd9526eb4e88/fact-review-submissions HTTP/1.1" 200 OK
INFO:     127.0.0.1:65427 - "POST /api/v1/products/0f3a367d-3b90-454f-a1d4-fd9526eb4e88/fact-review-submissions HTTP/1.1" 201 Created
INFO:     127.0.0.1:65427 - "GET /api/v1/products/0f3a367d-3b90-454f-a1d4-fd9526eb4e88/facts HTTP/1.1" 200 OK
INFO:     127.0.0.1:65427 - "GET /api/v1/auth/session HTTP/1.1" 200 OK
INFO:     127.0.0.1:65427 - "GET /api/v1/products/0f3a367d-3b90-454f-a1d4-fd9526eb4e88/fact-review-context HTTP/1.1" 200 OK
INFO:     127.0.0.1:65428 - "OPTIONS /api/v1/fact-versions/9f4b661d-3f31-45d0-8402-34a66ac851ee/approve HTTP/1.1" 200 OK
INFO:     127.0.0.1:65427 - "POST /api/v1/fact-versions/9f4b661d-3f31-45d0-8402-34a66ac851ee/approve HTTP/1.1" 200 OK
INFO:     127.0.0.1:65427 - "GET /api/v1/products/0f3a367d-3b90-454f-a1d4-fd9526eb4e88/fact-review-context HTTP/1.1" 200 OK
INFO:     127.0.0.1:65419 - "GET /api/v1/products/0f3a367d-3b90-454f-a1d4-fd9526eb4e88 HTTP/1.1" 200 OK
INFO:     127.0.0.1:65419 - "GET /api/v1/products/0f3a367d-3b90-454f-a1d4-fd9526eb4e88/facts HTTP/1.1" 200 OK
INFO:     127.0.0.1:65419 - "GET /api/v1/products/0f3a367d-3b90-454f-a1d4-fd9526eb4e88/fact-versions HTTP/1.1" 200 OK
INFO:     127.0.0.1:65419 - "GET /api/v1/products/0f3a367d-3b90-454f-a1d4-fd9526eb4e88/fact-review-context HTTP/1.1" 200 OK
INFO:     127.0.0.1:65427 - "GET /api/v1/auth/session HTTP/1.1" 200 OK
INFO:     127.0.0.1:65427 - "GET /api/v1/geo/subjects?page=1&page_size=20&sort=NAME_ASC HTTP/1.1" 200 OK
INFO:     127.0.0.1:65429 - "GET /api/v1/geo/subjects?page=1&page_size=10&sort=NAME_ASC&subject_type=OWN_BRAND HTTP/1.1" 200 OK
INFO:     127.0.0.1:65427 - "GET /api/v1/products?search=&page=1&page_size=10&sort=MODEL_ASC HTTP/1.1" 200 OK
INFO:     127.0.0.1:65427 - "GET /api/v1/products?search=GEO106-4d5916ea&page=1&page_size=10&sort=MODEL_ASC HTTP/1.1" 200 OK
INFO:     127.0.0.1:65428 - "OPTIONS /api/v1/geo/subjects HTTP/1.1" 200 OK
INFO:     127.0.0.1:65427 - "POST /api/v1/geo/subjects HTTP/1.1" 201 Created
INFO:     127.0.0.1:65429 - "GET /api/v1/geo/subjects?page=1&page_size=10&sort=NAME_ASC&subject_type=OWN_BRAND HTTP/1.1" 200 OK
INFO:     127.0.0.1:65427 - "GET /api/v1/geo/subjects?page=1&page_size=20&sort=NAME_ASC HTTP/1.1" 200 OK
INFO:     127.0.0.1:65430 - "GET /api/v1/geo/subjects/6ec2cc01-c762-4fde-b177-9ce8725c7f4b HTTP/1.1" 200 OK
INFO:     127.0.0.1:65428 - "OPTIONS /api/v1/geo/subjects/6ec2cc01-c762-4fde-b177-9ce8725c7f4b/aliases HTTP/1.1" 200 OK
INFO:     127.0.0.1:65430 - "POST /api/v1/geo/subjects/6ec2cc01-c762-4fde-b177-9ce8725c7f4b/aliases HTTP/1.1" 200 OK
INFO:     127.0.0.1:65430 - "GET /api/v1/geo/subjects?page=1&page_size=20&sort=NAME_ASC HTTP/1.1" 200 OK
INFO:     127.0.0.1:65428 - "OPTIONS /api/v1/geo/subjects/6ec2cc01-c762-4fde-b177-9ce8725c7f4b/domains HTTP/1.1" 200 OK
INFO:     127.0.0.1:65430 - "POST /api/v1/geo/subjects/6ec2cc01-c762-4fde-b177-9ce8725c7f4b/domains HTTP/1.1" 200 OK
INFO:     127.0.0.1:65430 - "GET /api/v1/geo/subjects?page=1&page_size=20&sort=NAME_ASC HTTP/1.1" 200 OK
INFO:     127.0.0.1:65427 - "GET /api/v1/geo/subjects?page=1&page_size=10&sort=NAME_ASC&subject_type=OWN_BRAND HTTP/1.1" 200 OK
INFO:     127.0.0.1:65430 - "GET /api/v1/products?search=&page=1&page_size=10&sort=MODEL_ASC HTTP/1.1" 200 OK
INFO:     127.0.0.1:65430 - "POST /api/v1/geo/subjects HTTP/1.1" 201 Created
INFO:     127.0.0.1:65430 - "GET /api/v1/geo/subjects?page=1&page_size=20&sort=NAME_ASC HTTP/1.1" 200 OK
INFO:     127.0.0.1:65427 - "GET /api/v1/geo/subjects/a6c9f53a-1735-482a-afed-b2bf7d34ad65 HTTP/1.1" 200 OK
INFO:     127.0.0.1:65430 - "GET /api/v1/geo/subjects?page=1&page_size=10&sort=NAME_ASC&subject_type=OWN_BRAND HTTP/1.1" 200 OK
INFO:     127.0.0.1:65427 - "GET /api/v1/products?search=&page=1&page_size=10&sort=MODEL_ASC HTTP/1.1" 200 OK
INFO:     127.0.0.1:65427 - "GET /api/v1/geo/subjects?page=1&page_size=10&sort=NAME_ASC&subject_type=COMPETITOR_BRAND HTTP/1.1" 200 OK
INFO:     127.0.0.1:65427 - "GET /api/v1/geo/subjects?page=1&page_size=10&sort=NAME_ASC&q=%E8%99%9A%E6%9E%84%E7%AB%9E%E5%93%81%E5%93%81%E7%89%8C-4d5916ea&subject_type=COMPETITOR_BRAND HTTP/1.1" 200 OK
INFO:     127.0.0.1:65427 - "POST /api/v1/geo/subjects HTTP/1.1" 201 Created
INFO:     127.0.0.1:65427 - "GET /api/v1/geo/subjects?page=1&page_size=20&sort=NAME_ASC HTTP/1.1" 200 OK
INFO:     127.0.0.1:65429 - "GET /api/v1/geo/subjects/b22c37a8-f8b2-4009-aa95-cc8697d06828 HTTP/1.1" 200 OK
INFO:     127.0.0.1:65428 - "OPTIONS /api/v1/geo/subjects/b22c37a8-f8b2-4009-aa95-cc8697d06828/aliases HTTP/1.1" 200 OK
INFO:     127.0.0.1:65429 - "POST /api/v1/geo/subjects/b22c37a8-f8b2-4009-aa95-cc8697d06828/aliases HTTP/1.1" 200 OK
INFO:     127.0.0.1:65429 - "GET /api/v1/geo/subjects?page=1&page_size=20&sort=NAME_ASC HTTP/1.1" 200 OK
INFO:     127.0.0.1:65428 - "OPTIONS /api/v1/geo/subjects/b22c37a8-f8b2-4009-aa95-cc8697d06828/domains HTTP/1.1" 200 OK
INFO:     127.0.0.1:65429 - "POST /api/v1/geo/subjects/b22c37a8-f8b2-4009-aa95-cc8697d06828/domains HTTP/1.1" 200 OK
INFO:     127.0.0.1:65429 - "GET /api/v1/geo/subjects?page=1&page_size=20&sort=NAME_ASC HTTP/1.1" 200 OK
INFO:     127.0.0.1:65419 - "GET /api/v1/geo/subjects/6ec2cc01-c762-4fde-b177-9ce8725c7f4b HTTP/1.1" 200 OK
INFO:     127.0.0.1:65419 - "GET /api/v1/geo/subjects/b22c37a8-f8b2-4009-aa95-cc8697d06828 HTTP/1.1" 200 OK
INFO:     127.0.0.1:65429 - "GET /api/v1/auth/session HTTP/1.1" 200 OK
INFO:     127.0.0.1:65427 - "GET /api/v1/geo/subjects/6ec2cc01-c762-4fde-b177-9ce8725c7f4b HTTP/1.1" 200 OK
INFO:     127.0.0.1:65429 - "GET /api/v1/geo/subjects?page=1&page_size=20&sort=NAME_ASC&q=GEO106-4d5916ea HTTP/1.1" 200 OK
INFO:     127.0.0.1:65429 - "GET /api/v1/auth/session HTTP/1.1" 200 OK
INFO:     127.0.0.1:65427 - "GET /api/v1/geo/subjects/6ec2cc01-c762-4fde-b177-9ce8725c7f4b HTTP/1.1" 200 OK
INFO:     127.0.0.1:65429 - "GET /api/v1/geo/subjects?page=1&page_size=20&sort=NAME_ASC&q=GEO106-4d5916ea HTTP/1.1" 200 OK
INFO:     127.0.0.1:65429 - "GET /api/v1/geo/subjects?page=1&page_size=20&sort=NAME_ASC&q=PS-4d5916ea HTTP/1.1" 200 OK
INFO:     127.0.0.1:65429 - "GET /api/v1/auth/session HTTP/1.1" 200 OK
INFO:     127.0.0.1:65427 - "GET /api/v1/geo/subjects/6ec2cc01-c762-4fde-b177-9ce8725c7f4b HTTP/1.1" 200 OK
INFO:     127.0.0.1:65429 - "GET /api/v1/geo/subjects?page=1&page_size=20&sort=NAME_ASC&q=PS-4d5916ea HTTP/1.1" 200 OK
INFO:     127.0.0.1:65427 - "GET /api/v1/geo/subjects?page=1&page_size=10&sort=NAME_ASC&subject_type=OWN_BRAND HTTP/1.1" 200 OK
INFO:     127.0.0.1:65429 - "GET /api/v1/products?search=&page=1&page_size=10&sort=MODEL_ASC HTTP/1.1" 200 OK
INFO:     127.0.0.1:65427 - "GET /api/v1/products?search=GEO106-4d5916ea&page=1&page_size=10&sort=MODEL_ASC HTTP/1.1" 200 OK
INFO:     127.0.0.1:65427 - "POST /api/v1/geo/subjects HTTP/1.1" 409 Conflict
INFO:     127.0.0.1:65419 - "GET /api/v1/geo/subjects?product_id=0f3a367d-3b90-454f-a1d4-fd9526eb4e88&is_active=true HTTP/1.1" 200 OK
INFO:     127.0.0.1:65419 - "GET /api/v1/products/0f3a367d-3b90-454f-a1d4-fd9526eb4e88 HTTP/1.1" 200 OK
INFO:     127.0.0.1:65419 - "GET /api/v1/products/0f3a367d-3b90-454f-a1d4-fd9526eb4e88/facts HTTP/1.1" 200 OK
INFO:     127.0.0.1:65419 - "GET /api/v1/products/0f3a367d-3b90-454f-a1d4-fd9526eb4e88/fact-versions HTTP/1.1" 200 OK
INFO:     127.0.0.1:65419 - "GET /api/v1/products/0f3a367d-3b90-454f-a1d4-fd9526eb4e88/fact-review-context HTTP/1.1" 200 OK
INFO:     127.0.0.1:65419 - "GET /api/v1/products/0f3a367d-3b90-454f-a1d4-fd9526eb4e88 HTTP/1.1" 200 OK
INFO:     127.0.0.1:65419 - "POST /api/v1/users HTTP/1.1" 201 Created
INFO:     127.0.0.1:65419 - "POST /api/v1/auth/login HTTP/1.1" 200 OK
INFO:     127.0.0.1:65419 - "POST /api/v1/auth/change-password HTTP/1.1" 204 No Content
INFO:     127.0.0.1:65439 - "GET /api/v1/auth/session HTTP/1.1" 200 OK
INFO:     127.0.0.1:65440 - "GET /api/v1/geo/subjects/6ec2cc01-c762-4fde-b177-9ce8725c7f4b HTTP/1.1" 200 OK
INFO:     127.0.0.1:65439 - "GET /api/v1/geo/subjects?page=1&page_size=20&sort=NAME_ASC HTTP/1.1" 200 OK
INFO:     127.0.0.1:65439 - "GET /api/v1/auth/session HTTP/1.1" 200 OK
INFO:     127.0.0.1:65439 - "GET /api/v1/geo/subjects?page=1&page_size=20&sort=NAME_ASC HTTP/1.1" 200 OK
  ✓   2 [foundation-desktop] › tests/e2e/catalog-real-stack.spec.ts:50:1 › 从已批准事实的 Product 建立唯一监测身份、竞品和字典，刷新及 ENGINEER 只读 (5.4s)
INFO:     127.0.0.1:65419 - "POST /api/v1/auth/login HTTP/1.1" 200 OK
INFO:     127.0.0.1:65419 - "POST /api/v1/platform-prompts HTTP/1.1" 201 Created
INFO:     127.0.0.1:65419 - "POST /api/v1/platform-types HTTP/1.1" 201 Created
INFO:     127.0.0.1:65419 - "POST /api/v1/platform-profiles HTTP/1.1" 201 Created
INFO:     127.0.0.1:65419 - "GET /api/v1/content-humanization-prompt HTTP/1.1" 204 No Content
INFO:     127.0.0.1:65419 - "PUT /api/v1/content-humanization-prompt HTTP/1.1" 200 OK
INFO:     127.0.0.1:65419 - "POST /api/v1/ai-channels HTTP/1.1" 201 Created
INFO:     127.0.0.1:65419 - "POST /api/v1/ai-channels/14691691-5555-46d9-91c1-185447e53d05/headers HTTP/1.1" 201 Created
INFO:     127.0.0.1:65419 - "POST /api/v1/ai-channels/14691691-5555-46d9-91c1-185447e53d05/headers HTTP/1.1" 201 Created
INFO:     127.0.0.1:65419 - "POST /api/v1/ai-channels/14691691-5555-46d9-91c1-185447e53d05/models HTTP/1.1" 201 Created
INFO:     127.0.0.1:65441 - "POST /v1/chat/completions HTTP/1.1" 200 OK
INFO:     127.0.0.1:65419 - "POST /api/v1/ai-models/3a8d3c57-9320-4e59-ad1e-7b59505f2893/test HTTP/1.1" 200 OK
INFO:     127.0.0.1:65419 - "POST /api/v1/ai-models/3a8d3c57-9320-4e59-ad1e-7b59505f2893/enable HTTP/1.1" 200 OK
INFO:     127.0.0.1:65419 - "POST /api/v1/ai-channels/14691691-5555-46d9-91c1-185447e53d05/enable HTTP/1.1" 200 OK
INFO:     127.0.0.1:65419 - "POST /api/v1/ai-channels HTTP/1.1" 201 Created
INFO:     127.0.0.1:65419 - "POST /api/v1/ai-channels/916bb71d-3120-4f78-a559-7fd63dd68349/headers HTTP/1.1" 201 Created
INFO:     127.0.0.1:65419 - "POST /api/v1/ai-channels/916bb71d-3120-4f78-a559-7fd63dd68349/headers HTTP/1.1" 201 Created
INFO:     127.0.0.1:65419 - "POST /api/v1/ai-channels/916bb71d-3120-4f78-a559-7fd63dd68349/models HTTP/1.1" 201 Created
INFO:     127.0.0.1:65442 - "POST /v1/chat/completions HTTP/1.1" 200 OK
INFO:     127.0.0.1:65419 - "POST /api/v1/ai-models/875964d9-eb36-42db-b5bf-855dc6c213b9/test HTTP/1.1" 200 OK
INFO:     127.0.0.1:65419 - "POST /api/v1/ai-models/875964d9-eb36-42db-b5bf-855dc6c213b9/enable HTTP/1.1" 200 OK
INFO:     127.0.0.1:65419 - "POST /api/v1/ai-channels/916bb71d-3120-4f78-a559-7fd63dd68349/enable HTTP/1.1" 200 OK
INFO:     127.0.0.1:65449 - "GET /api/v1/auth/session HTTP/1.1" 200 OK
INFO:     127.0.0.1:65450 - "OPTIONS /api/v1/products HTTP/1.1" 200 OK
INFO:     127.0.0.1:65449 - "POST /api/v1/products HTTP/1.1" 201 Created
INFO:     127.0.0.1:65449 - "GET /api/v1/products/f04f7e3d-dbe4-4f27-953f-6a534d206f7e/detail HTTP/1.1" 200 OK
INFO:     127.0.0.1:65449 - "GET /api/v1/auth/session HTTP/1.1" 200 OK
INFO:     127.0.0.1:65449 - "GET /api/v1/products/f04f7e3d-dbe4-4f27-953f-6a534d206f7e/facts HTTP/1.1" 200 OK
INFO:     127.0.0.1:65450 - "OPTIONS /api/v1/products/f04f7e3d-dbe4-4f27-953f-6a534d206f7e/facts HTTP/1.1" 200 OK
INFO:     127.0.0.1:65449 - "PUT /api/v1/products/f04f7e3d-dbe4-4f27-953f-6a534d206f7e/facts HTTP/1.1" 200 OK
INFO:     127.0.0.1:65450 - "OPTIONS /api/v1/products/f04f7e3d-dbe4-4f27-953f-6a534d206f7e/fact-review-submissions HTTP/1.1" 200 OK
INFO:     127.0.0.1:65451 - "GET /api/v1/auth/session HTTP/1.1" 200 OK
INFO:     127.0.0.1:65451 - "GET /api/v1/products?page=1&page_size=20&sort=UPDATED_DESC HTTP/1.1" 200 OK
INFO:     127.0.0.1:65451 - "GET /api/v1/products?page=1&page_size=20&search=AI-V2-d007b67e&sort=UPDATED_DESC HTTP/1.1" 200 OK
INFO:     127.0.0.1:65451 - "GET /api/v1/auth/session HTTP/1.1" 200 OK
INFO:     127.0.0.1:65451 - "GET /api/v1/products/f04f7e3d-dbe4-4f27-953f-6a534d206f7e/fact-review-context HTTP/1.1" 200 OK
INFO:     127.0.0.1:65450 - "OPTIONS /api/v1/fact-versions/77c59e65-15ad-4256-b8fa-4ea62956df97/approve HTTP/1.1" 200 OK
INFO:     127.0.0.1:65451 - "POST /api/v1/fact-versions/77c59e65-15ad-4256-b8fa-4ea62956df97/approve HTTP/1.1" 200 OK
INFO:     127.0.0.1:65451 - "GET /api/v1/products/f04f7e3d-dbe4-4f27-953f-6a534d206f7e/fact-review-context HTTP/1.1" 200 OK
INFO:     127.0.0.1:65451 - "GET /api/v1/auth/session HTTP/1.1" 200 OK
INFO:     127.0.0.1:65451 - "GET /api/v1/products/f04f7e3d-dbe4-4f27-953f-6a534d206f7e/detail HTTP/1.1" 200 OK
INFO:     127.0.0.1:65451 - "GET /api/v1/auth/session HTTP/1.1" 200 OK
INFO:     127.0.0.1:65451 - "GET /api/v1/content-tasks/creation-options?requested_product_id=f04f7e3d-dbe4-4f27-953f-6a534d206f7e HTTP/1.1" 200 OK
INFO:     127.0.0.1:65450 - "OPTIONS /api/v1/content-tasks HTTP/1.1" 200 OK
INFO:     127.0.0.1:65451 - "POST /api/v1/content-tasks HTTP/1.1" 201 Created
INFO:     127.0.0.1:65451 - "GET /api/v1/content-tasks/5c3b55dd-865b-4d20-a895-5c31f4363cd0/detail HTTP/1.1" 200 OK
INFO:     127.0.0.1:65451 - "GET /api/v1/auth/session HTTP/1.1" 200 OK
INFO:     127.0.0.1:65451 - "GET /api/v1/content-tasks/5c3b55dd-865b-4d20-a895-5c31f4363cd0/editor-context HTTP/1.1" 200 OK
INFO:     127.0.0.1:65451 - "GET /api/v1/content-tasks/5c3b55dd-865b-4d20-a895-5c31f4363cd0/generation-options HTTP/1.1" 200 OK
INFO:     127.0.0.1:65450 - "OPTIONS /api/v1/content-tasks/5c3b55dd-865b-4d20-a895-5c31f4363cd0/generation-jobs HTTP/1.1" 200 OK
INFO:     127.0.0.1:65451 - "POST /api/v1/content-tasks/5c3b55dd-865b-4d20-a895-5c31f4363cd0/generation-jobs HTTP/1.1" 202 Accepted
INFO:     127.0.0.1:65452 - "POST /v1/chat/completions HTTP/1.1" 200 OK
INFO:     127.0.0.1:65451 - "GET /api/v1/content-tasks/5c3b55dd-865b-4d20-a895-5c31f4363cd0/generation-jobs HTTP/1.1" 200 OK
INFO:     127.0.0.1:65451 - "GET /api/v1/content-tasks/5c3b55dd-865b-4d20-a895-5c31f4363cd0/generation-jobs HTTP/1.1" 200 OK
INFO:     127.0.0.1:65451 - "GET /api/v1/content-tasks/5c3b55dd-865b-4d20-a895-5c31f4363cd0/editor-context HTTP/1.1" 200 OK
INFO:     127.0.0.1:65453 - "GET /api/v1/content-tasks/5c3b55dd-865b-4d20-a895-5c31f4363cd0/editor-context HTTP/1.1" 200 OK
INFO:     127.0.0.1:65453 - "GET /api/v1/content-versions/ed9631ea-382c-4458-ad51-6f6dddf1d545 HTTP/1.1" 200 OK
INFO:     127.0.0.1:65451 - "GET /api/v1/content-tasks/5c3b55dd-865b-4d20-a895-5c31f4363cd0/generation-options HTTP/1.1" 200 OK
INFO:     127.0.0.1:65450 - "OPTIONS /api/v1/content-versions/ed9631ea-382c-4458-ad51-6f6dddf1d545/humanization-jobs HTTP/1.1" 200 OK
INFO:     127.0.0.1:65451 - "POST /api/v1/content-versions/ed9631ea-382c-4458-ad51-6f6dddf1d545/humanization-jobs HTTP/1.1" 202 Accepted
{"event":"E2E_HUMANIZATION_RESPONSE","job_id":"c1907264-4ab0-483e-92b2-b29771711da1","request_id":"04f45747-4720-4c57-89ae-83efe11a25b1","status":"PENDING"}
INFO:     127.0.0.1:65451 - "GET /api/v1/content-tasks/5c3b55dd-865b-4d20-a895-5c31f4363cd0/generation-jobs HTTP/1.1" 200 OK
INFO:     127.0.0.1:65454 - "POST /v1/chat/completions HTTP/1.1" 200 OK
INFO:     127.0.0.1:65451 - "GET /api/v1/content-tasks/5c3b55dd-865b-4d20-a895-5c31f4363cd0/generation-jobs HTTP/1.1" 200 OK
INFO:     127.0.0.1:65451 - "GET /api/v1/content-tasks/5c3b55dd-865b-4d20-a895-5c31f4363cd0/editor-context HTTP/1.1" 200 OK
INFO:     127.0.0.1:65453 - "GET /api/v1/content-tasks/5c3b55dd-865b-4d20-a895-5c31f4363cd0/editor-context HTTP/1.1" 200 OK
INFO:     127.0.0.1:65453 - "GET /api/v1/generation-jobs/c1907264-4ab0-483e-92b2-b29771711da1 HTTP/1.1" 200 OK
INFO:     127.0.0.1:65453 - "GET /api/v1/content-versions/ed9631ea-382c-4458-ad51-6f6dddf1d545 HTTP/1.1" 200 OK
{"attempt_count":1,"content_version_id":"e701a88e-bac4-4bfc-a675-88f3cbb202b8","event":"E2E_HUMANIZATION_TERMINAL","finished_at":"2026-10-03T06:51:10.249665Z","job_id":"c1907264-4ab0-483e-92b2-b29771711da1","provider_request_id":"e2e-provider-request","started_at":"2026-10-03T06:51:10.230189Z","status":"SUCCEEDED"}
INFO:     127.0.0.1:65451 - "GET /api/v1/auth/session HTTP/1.1" 200 OK
INFO:     127.0.0.1:65451 - "GET /api/v1/products/f04f7e3d-dbe4-4f27-953f-6a534d206f7e/detail HTTP/1.1" 200 OK
INFO:     127.0.0.1:65451 - "GET /api/v1/auth/session HTTP/1.1" 200 OK
INFO:     127.0.0.1:65451 - "GET /api/v1/content-tasks/creation-options?requested_product_id=f04f7e3d-dbe4-4f27-953f-6a534d206f7e HTTP/1.1" 200 OK
INFO:     127.0.0.1:65451 - "POST /api/v1/content-tasks HTTP/1.1" 201 Created
INFO:     127.0.0.1:65451 - "GET /api/v1/content-tasks/1ad6fd7c-6c2a-44f0-9e7c-22f1f0b79813/detail HTTP/1.1" 200 OK
INFO:     127.0.0.1:65451 - "GET /api/v1/auth/session HTTP/1.1" 200 OK
INFO:     127.0.0.1:65451 - "GET /api/v1/content-tasks/1ad6fd7c-6c2a-44f0-9e7c-22f1f0b79813/editor-context HTTP/1.1" 200 OK
INFO:     127.0.0.1:65451 - "GET /api/v1/content-tasks/1ad6fd7c-6c2a-44f0-9e7c-22f1f0b79813/generation-options HTTP/1.1" 200 OK
INFO:     127.0.0.1:65450 - "OPTIONS /api/v1/content-tasks/1ad6fd7c-6c2a-44f0-9e7c-22f1f0b79813/generation-jobs HTTP/1.1" 200 OK
INFO:     127.0.0.1:65451 - "POST /api/v1/content-tasks/1ad6fd7c-6c2a-44f0-9e7c-22f1f0b79813/generation-jobs HTTP/1.1" 202 Accepted
INFO:     127.0.0.1:65451 - "GET /api/v1/content-tasks/1ad6fd7c-6c2a-44f0-9e7c-22f1f0b79813/generation-jobs HTTP/1.1" 200 OK
INFO:     127.0.0.1:65451 - "GET /api/v1/content-tasks/1ad6fd7c-6c2a-44f0-9e7c-22f1f0b79813/generation-jobs HTTP/1.1" 200 OK
INFO:     127.0.0.1:65451 - "GET /api/v1/content-tasks/1ad6fd7c-6c2a-44f0-9e7c-22f1f0b79813/generation-jobs HTTP/1.1" 200 OK
INFO:     127.0.0.1:65451 - "GET /api/v1/content-tasks/1ad6fd7c-6c2a-44f0-9e7c-22f1f0b79813/generation-jobs HTTP/1.1" 200 OK
INFO:     127.0.0.1:65451 - "GET /api/v1/content-tasks/1ad6fd7c-6c2a-44f0-9e7c-22f1f0b79813/generation-jobs HTTP/1.1" 200 OK
[2026-10-02 23:51:24,132: ERROR/MainProcess] AI 作业失败 job_id=53a25631-9e96-4a86-be11-c68597627b0e job_type=GENERATE source_content_version_id=None status=FAILED error_code=AI_PROVIDER_TIMEOUT error_type=AppError
INFO:     127.0.0.1:65451 - "GET /api/v1/content-tasks/1ad6fd7c-6c2a-44f0-9e7c-22f1f0b79813/generation-jobs HTTP/1.1" 200 OK
INFO:     127.0.0.1:65451 - "GET /api/v1/content-tasks/1ad6fd7c-6c2a-44f0-9e7c-22f1f0b79813/editor-context HTTP/1.1" 200 OK
INFO:     127.0.0.1:65457 - "GET /api/v1/content-tasks/1ad6fd7c-6c2a-44f0-9e7c-22f1f0b79813/editor-context HTTP/1.1" 200 OK
INFO:     127.0.0.1:65457 - "GET /api/v1/generation-jobs/53a25631-9e96-4a86-be11-c68597627b0e HTTP/1.1" 200 OK
INFO:     127.0.0.1:65451 - "GET /api/v1/generation-jobs/53a25631-9e96-4a86-be11-c68597627b0e HTTP/1.1" 200 OK
INFO:     127.0.0.1:65457 - "PUT /api/v1/ai-channels/916bb71d-3120-4f78-a559-7fd63dd68349/api-key HTTP/1.1" 200 OK
INFO:     127.0.0.1:65457 - "PATCH /api/v1/ai-channel-headers/5d747ea3-8837-46fe-a6c8-309220f1c819 HTTP/1.1" 200 OK
INFO:     127.0.0.1:65459 - "GET /api/v1/ai-channels/916bb71d-3120-4f78-a559-7fd63dd68349/models HTTP/1.1" 200 OK
INFO:     127.0.0.1:65460 - "POST /v1/chat/completions HTTP/1.1" 200 OK
INFO:     127.0.0.1:65457 - "POST /api/v1/ai-models/875964d9-eb36-42db-b5bf-855dc6c213b9/test HTTP/1.1" 200 OK
INFO:     127.0.0.1:65457 - "POST /api/v1/ai-models/875964d9-eb36-42db-b5bf-855dc6c213b9/enable HTTP/1.1" 200 OK
INFO:     127.0.0.1:65457 - "POST /api/v1/ai-channels/916bb71d-3120-4f78-a559-7fd63dd68349/enable HTTP/1.1" 200 OK
INFO:     127.0.0.1:65461 - "OPTIONS /api/v1/generation-jobs/53a25631-9e96-4a86-be11-c68597627b0e/retry HTTP/1.1" 200 OK
INFO:     127.0.0.1:65451 - "POST /api/v1/generation-jobs/53a25631-9e96-4a86-be11-c68597627b0e/retry HTTP/1.1" 202 Accepted
INFO:     127.0.0.1:65462 - "POST /v1/chat/completions HTTP/1.1" 200 OK
INFO:     127.0.0.1:65451 - "GET /api/v1/content-tasks/1ad6fd7c-6c2a-44f0-9e7c-22f1f0b79813/generation-jobs HTTP/1.1" 200 OK
INFO:     127.0.0.1:65451 - "GET /api/v1/content-tasks/1ad6fd7c-6c2a-44f0-9e7c-22f1f0b79813/generation-jobs HTTP/1.1" 200 OK
INFO:     127.0.0.1:65451 - "GET /api/v1/content-tasks/1ad6fd7c-6c2a-44f0-9e7c-22f1f0b79813/editor-context HTTP/1.1" 200 OK
INFO:     127.0.0.1:65457 - "GET /api/v1/content-tasks/1ad6fd7c-6c2a-44f0-9e7c-22f1f0b79813/editor-context HTTP/1.1" 200 OK
INFO:     127.0.0.1:65457 - "GET /api/v1/generation-jobs/f392dc29-44cd-4793-848a-120117401822 HTTP/1.1" 200 OK
INFO:     127.0.0.1:65463 - "GET /e2e/calls/e2e-timeout-model-d007b67e HTTP/1.1" 200 OK
  ✓   3 [foundation-desktop] › tests/e2e/content-ai-real-stack.spec.ts:269:1 › AI Production：成功、自然化、失败详情与 exact snapshot retry (23.0s)
INFO:     127.0.0.1:65457 - "POST /api/v1/auth/login HTTP/1.1" 200 OK
INFO:     127.0.0.1:65457 - "POST /api/v1/platform-types HTTP/1.1" 201 Created
INFO:     127.0.0.1:65457 - "POST /api/v1/platform-profiles HTTP/1.1" 201 Created
INFO:     127.0.0.1:65470 - "GET /api/v1/auth/session HTTP/1.1" 200 OK
INFO:     127.0.0.1:65471 - "OPTIONS /api/v1/products HTTP/1.1" 200 OK
INFO:     127.0.0.1:65470 - "POST /api/v1/products HTTP/1.1" 201 Created
INFO:     127.0.0.1:65470 - "GET /api/v1/products/f24fcb28-a30e-45ab-8d3c-3371bf2d56c5/detail HTTP/1.1" 200 OK
INFO:     127.0.0.1:65470 - "GET /api/v1/auth/session HTTP/1.1" 200 OK
INFO:     127.0.0.1:65470 - "GET /api/v1/products/f24fcb28-a30e-45ab-8d3c-3371bf2d56c5/facts HTTP/1.1" 200 OK
INFO:     127.0.0.1:65471 - "OPTIONS /api/v1/products/f24fcb28-a30e-45ab-8d3c-3371bf2d56c5/facts HTTP/1.1" 200 OK
INFO:     127.0.0.1:65470 - "PUT /api/v1/products/f24fcb28-a30e-45ab-8d3c-3371bf2d56c5/facts HTTP/1.1" 200 OK
INFO:     127.0.0.1:65471 - "OPTIONS /api/v1/products/f24fcb28-a30e-45ab-8d3c-3371bf2d56c5/fact-review-submissions HTTP/1.1" 200 OK
INFO:     127.0.0.1:65472 - "GET /api/v1/auth/session HTTP/1.1" 200 OK
INFO:     127.0.0.1:65472 - "GET /api/v1/products?page=1&page_size=20&sort=UPDATED_DESC HTTP/1.1" 200 OK
INFO:     127.0.0.1:65472 - "GET /api/v1/products?page=1&page_size=20&search=CR-652420f8&sort=UPDATED_DESC HTTP/1.1" 200 OK
INFO:     127.0.0.1:65472 - "GET /api/v1/auth/session HTTP/1.1" 200 OK
INFO:     127.0.0.1:65472 - "GET /api/v1/products/f24fcb28-a30e-45ab-8d3c-3371bf2d56c5/fact-review-context HTTP/1.1" 200 OK
INFO:     127.0.0.1:65471 - "OPTIONS /api/v1/fact-versions/ba4d370c-972b-42f4-ab99-9b496ea36c25/approve HTTP/1.1" 200 OK
INFO:     127.0.0.1:65472 - "POST /api/v1/fact-versions/ba4d370c-972b-42f4-ab99-9b496ea36c25/approve HTTP/1.1" 200 OK
INFO:     127.0.0.1:65472 - "GET /api/v1/products/f24fcb28-a30e-45ab-8d3c-3371bf2d56c5/fact-review-context HTTP/1.1" 200 OK
INFO:     127.0.0.1:65472 - "GET /api/v1/auth/session HTTP/1.1" 200 OK
INFO:     127.0.0.1:65472 - "GET /api/v1/products/f24fcb28-a30e-45ab-8d3c-3371bf2d56c5/detail HTTP/1.1" 200 OK
INFO:     127.0.0.1:65472 - "GET /api/v1/auth/session HTTP/1.1" 200 OK
INFO:     127.0.0.1:65472 - "GET /api/v1/content-tasks/creation-options?requested_product_id=f24fcb28-a30e-45ab-8d3c-3371bf2d56c5 HTTP/1.1" 200 OK
INFO:     127.0.0.1:65471 - "OPTIONS /api/v1/content-tasks HTTP/1.1" 200 OK
INFO:     127.0.0.1:65472 - "POST /api/v1/content-tasks HTTP/1.1" 201 Created
INFO:     127.0.0.1:65472 - "GET /api/v1/content-tasks/a568bacd-1a80-4ae2-8a38-034f0e045bdb/detail HTTP/1.1" 200 OK
INFO:     127.0.0.1:65472 - "GET /api/v1/auth/session HTTP/1.1" 200 OK
INFO:     127.0.0.1:65472 - "GET /api/v1/content-tasks/a568bacd-1a80-4ae2-8a38-034f0e045bdb/editor-context HTTP/1.1" 200 OK
INFO:     127.0.0.1:65471 - "OPTIONS /api/v1/content-tasks/a568bacd-1a80-4ae2-8a38-034f0e045bdb/manual-versions HTTP/1.1" 200 OK
INFO:     127.0.0.1:65472 - "POST /api/v1/content-tasks/a568bacd-1a80-4ae2-8a38-034f0e045bdb/manual-versions HTTP/1.1" 201 Created
INFO:     127.0.0.1:65472 - "GET /api/v1/content-tasks/a568bacd-1a80-4ae2-8a38-034f0e045bdb/editor-context HTTP/1.1" 200 OK
INFO:     127.0.0.1:65471 - "OPTIONS /api/v1/content-versions/d3a46770-ce6c-47e4-83d4-ad5479686637 HTTP/1.1" 200 OK
INFO:     127.0.0.1:65472 - "PUT /api/v1/content-versions/d3a46770-ce6c-47e4-83d4-ad5479686637 HTTP/1.1" 200 OK
INFO:     127.0.0.1:65472 - "GET /api/v1/content-tasks/a568bacd-1a80-4ae2-8a38-034f0e045bdb/editor-context HTTP/1.1" 200 OK
INFO:     127.0.0.1:65471 - "OPTIONS /api/v1/content-versions/d3a46770-ce6c-47e4-83d4-ad5479686637/submit-review HTTP/1.1" 200 OK
INFO:     127.0.0.1:65472 - "POST /api/v1/content-versions/d3a46770-ce6c-47e4-83d4-ad5479686637/submit-review HTTP/1.1" 200 OK
INFO:     127.0.0.1:65472 - "GET /api/v1/content-tasks/a568bacd-1a80-4ae2-8a38-034f0e045bdb/editor-context HTTP/1.1" 200 OK
INFO:     127.0.0.1:65472 - "GET /api/v1/content-tasks/a568bacd-1a80-4ae2-8a38-034f0e045bdb/detail HTTP/1.1" 200 OK
INFO:     127.0.0.1:65472 - "GET /api/v1/auth/session HTTP/1.1" 200 OK
INFO:     127.0.0.1:65472 - "GET /api/v1/content-tasks/a568bacd-1a80-4ae2-8a38-034f0e045bdb/review-context HTTP/1.1" 200 OK
INFO:     127.0.0.1:65472 - "GET /api/v1/auth/session HTTP/1.1" 200 OK
INFO:     127.0.0.1:65472 - "GET /api/v1/workbench HTTP/1.1" 200 OK
INFO:     127.0.0.1:65472 - "GET /api/v1/auth/session HTTP/1.1" 200 OK
INFO:     127.0.0.1:65472 - "GET /api/v1/content-tasks/a568bacd-1a80-4ae2-8a38-034f0e045bdb/review-context HTTP/1.1" 200 OK
INFO:     127.0.0.1:65457 - "GET /api/v1/content-tasks/a568bacd-1a80-4ae2-8a38-034f0e045bdb/review-context HTTP/1.1" 200 OK
INFO:     127.0.0.1:65471 - "OPTIONS /api/v1/content-versions/d3a46770-ce6c-47e4-83d4-ad5479686637/approve HTTP/1.1" 200 OK
INFO:     127.0.0.1:65472 - "POST /api/v1/content-versions/d3a46770-ce6c-47e4-83d4-ad5479686637/approve HTTP/1.1" 200 OK
INFO:     127.0.0.1:65472 - "GET /api/v1/content-tasks/a568bacd-1a80-4ae2-8a38-034f0e045bdb/review-context HTTP/1.1" 200 OK
INFO:     127.0.0.1:65457 - "GET /api/v1/content-tasks/a568bacd-1a80-4ae2-8a38-034f0e045bdb/review-context HTTP/1.1" 200 OK
INFO:     127.0.0.1:65472 - "GET /api/v1/auth/session HTTP/1.1" 200 OK
INFO:     127.0.0.1:65472 - "GET /api/v1/content-tasks/a568bacd-1a80-4ae2-8a38-034f0e045bdb/detail HTTP/1.1" 200 OK
INFO:     127.0.0.1:65457 - "GET /api/v1/content-tasks/a568bacd-1a80-4ae2-8a38-034f0e045bdb/detail HTTP/1.1" 200 OK
INFO:     127.0.0.1:65472 - "GET /api/v1/auth/session HTTP/1.1" 200 OK
INFO:     127.0.0.1:65472 - "GET /api/v1/content-versions/d3a46770-ce6c-47e4-83d4-ad5479686637/detail HTTP/1.1" 200 OK
INFO:     127.0.0.1:65457 - "GET /api/v1/content-versions/d3a46770-ce6c-47e4-83d4-ad5479686637/detail HTTP/1.1" 200 OK
  ✓   4 [foundation-desktop] › tests/e2e/content-review-real-stack.spec.ts:200:1 › Flow A：人工内容批准后进入只读版本并出现发布交接 (3.4s)
INFO:     127.0.0.1:65457 - "POST /api/v1/auth/login HTTP/1.1" 200 OK
INFO:     127.0.0.1:65457 - "POST /api/v1/platform-types HTTP/1.1" 201 Created
INFO:     127.0.0.1:65457 - "POST /api/v1/platform-profiles HTTP/1.1" 201 Created
INFO:     127.0.0.1:65479 - "GET /api/v1/auth/session HTTP/1.1" 200 OK
INFO:     127.0.0.1:65480 - "OPTIONS /api/v1/products HTTP/1.1" 200 OK
INFO:     127.0.0.1:65479 - "POST /api/v1/products HTTP/1.1" 201 Created
INFO:     127.0.0.1:65479 - "GET /api/v1/products/f80e2e77-8cda-49b7-9922-3162ff0c215a/detail HTTP/1.1" 200 OK
INFO:     127.0.0.1:65479 - "GET /api/v1/auth/session HTTP/1.1" 200 OK
INFO:     127.0.0.1:65479 - "GET /api/v1/products/f80e2e77-8cda-49b7-9922-3162ff0c215a/facts HTTP/1.1" 200 OK
INFO:     127.0.0.1:65480 - "OPTIONS /api/v1/products/f80e2e77-8cda-49b7-9922-3162ff0c215a/facts HTTP/1.1" 200 OK
INFO:     127.0.0.1:65479 - "PUT /api/v1/products/f80e2e77-8cda-49b7-9922-3162ff0c215a/facts HTTP/1.1" 200 OK
INFO:     127.0.0.1:65480 - "OPTIONS /api/v1/products/f80e2e77-8cda-49b7-9922-3162ff0c215a/fact-review-submissions HTTP/1.1" 200 OK
INFO:     127.0.0.1:65481 - "GET /api/v1/auth/session HTTP/1.1" 200 OK
INFO:     127.0.0.1:65481 - "GET /api/v1/products?page=1&page_size=20&sort=UPDATED_DESC HTTP/1.1" 200 OK
INFO:     127.0.0.1:65481 - "GET /api/v1/products?page=1&page_size=20&search=CR-baf20362&sort=UPDATED_DESC HTTP/1.1" 200 OK
INFO:     127.0.0.1:65481 - "GET /api/v1/auth/session HTTP/1.1" 200 OK
INFO:     127.0.0.1:65481 - "GET /api/v1/products/f80e2e77-8cda-49b7-9922-3162ff0c215a/fact-review-context HTTP/1.1" 200 OK
INFO:     127.0.0.1:65480 - "OPTIONS /api/v1/fact-versions/4ed46d6f-0ffe-41e0-a179-9fb1849d84b2/approve HTTP/1.1" 200 OK
INFO:     127.0.0.1:65481 - "POST /api/v1/fact-versions/4ed46d6f-0ffe-41e0-a179-9fb1849d84b2/approve HTTP/1.1" 200 OK
INFO:     127.0.0.1:65481 - "GET /api/v1/products/f80e2e77-8cda-49b7-9922-3162ff0c215a/fact-review-context HTTP/1.1" 200 OK
INFO:     127.0.0.1:65481 - "GET /api/v1/auth/session HTTP/1.1" 200 OK
INFO:     127.0.0.1:65481 - "GET /api/v1/products/f80e2e77-8cda-49b7-9922-3162ff0c215a/detail HTTP/1.1" 200 OK
INFO:     127.0.0.1:65481 - "GET /api/v1/auth/session HTTP/1.1" 200 OK
INFO:     127.0.0.1:65481 - "GET /api/v1/content-tasks/creation-options?requested_product_id=f80e2e77-8cda-49b7-9922-3162ff0c215a HTTP/1.1" 200 OK
INFO:     127.0.0.1:65480 - "OPTIONS /api/v1/content-tasks HTTP/1.1" 200 OK
INFO:     127.0.0.1:65481 - "POST /api/v1/content-tasks HTTP/1.1" 201 Created
INFO:     127.0.0.1:65481 - "GET /api/v1/content-tasks/a44f65c1-1184-448d-9913-593e58aa63d1/detail HTTP/1.1" 200 OK
INFO:     127.0.0.1:65481 - "GET /api/v1/auth/session HTTP/1.1" 200 OK
INFO:     127.0.0.1:65481 - "GET /api/v1/content-tasks/a44f65c1-1184-448d-9913-593e58aa63d1/editor-context HTTP/1.1" 200 OK
INFO:     127.0.0.1:65480 - "OPTIONS /api/v1/content-tasks/a44f65c1-1184-448d-9913-593e58aa63d1/manual-versions HTTP/1.1" 200 OK
INFO:     127.0.0.1:65481 - "POST /api/v1/content-tasks/a44f65c1-1184-448d-9913-593e58aa63d1/manual-versions HTTP/1.1" 201 Created
INFO:     127.0.0.1:65481 - "GET /api/v1/content-tasks/a44f65c1-1184-448d-9913-593e58aa63d1/editor-context HTTP/1.1" 200 OK
INFO:     127.0.0.1:65480 - "OPTIONS /api/v1/content-versions/80e57277-f7ce-40b8-8076-281e4602e5a2 HTTP/1.1" 200 OK
INFO:     127.0.0.1:65481 - "PUT /api/v1/content-versions/80e57277-f7ce-40b8-8076-281e4602e5a2 HTTP/1.1" 200 OK
INFO:     127.0.0.1:65481 - "GET /api/v1/content-tasks/a44f65c1-1184-448d-9913-593e58aa63d1/editor-context HTTP/1.1" 200 OK
INFO:     127.0.0.1:65480 - "OPTIONS /api/v1/content-versions/80e57277-f7ce-40b8-8076-281e4602e5a2/submit-review HTTP/1.1" 200 OK
INFO:     127.0.0.1:65481 - "POST /api/v1/content-versions/80e57277-f7ce-40b8-8076-281e4602e5a2/submit-review HTTP/1.1" 200 OK
INFO:     127.0.0.1:65481 - "GET /api/v1/content-tasks/a44f65c1-1184-448d-9913-593e58aa63d1/editor-context HTTP/1.1" 200 OK
INFO:     127.0.0.1:65481 - "GET /api/v1/content-tasks/a44f65c1-1184-448d-9913-593e58aa63d1/detail HTTP/1.1" 200 OK
INFO:     127.0.0.1:65481 - "GET /api/v1/auth/session HTTP/1.1" 200 OK
INFO:     127.0.0.1:65481 - "GET /api/v1/content-tasks/a44f65c1-1184-448d-9913-593e58aa63d1/review-context HTTP/1.1" 200 OK
INFO:     127.0.0.1:65457 - "GET /api/v1/content-tasks/a44f65c1-1184-448d-9913-593e58aa63d1/review-context HTTP/1.1" 200 OK
INFO:     127.0.0.1:65480 - "OPTIONS /api/v1/content-versions/80e57277-f7ce-40b8-8076-281e4602e5a2/request-changes HTTP/1.1" 200 OK
INFO:     127.0.0.1:65481 - "POST /api/v1/content-versions/80e57277-f7ce-40b8-8076-281e4602e5a2/request-changes HTTP/1.1" 200 OK
INFO:     127.0.0.1:65481 - "GET /api/v1/content-tasks/a44f65c1-1184-448d-9913-593e58aa63d1/review-context HTTP/1.1" 200 OK
INFO:     127.0.0.1:65457 - "GET /api/v1/content-tasks/a44f65c1-1184-448d-9913-593e58aa63d1/review-context HTTP/1.1" 200 OK
INFO:     127.0.0.1:65481 - "GET /api/v1/auth/session HTTP/1.1" 200 OK
INFO:     127.0.0.1:65481 - "GET /api/v1/content-tasks/a44f65c1-1184-448d-9913-593e58aa63d1/detail HTTP/1.1" 200 OK
INFO:     127.0.0.1:65481 - "GET /api/v1/auth/session HTTP/1.1" 200 OK
INFO:     127.0.0.1:65481 - "GET /api/v1/content-tasks/a44f65c1-1184-448d-9913-593e58aa63d1/editor-context HTTP/1.1" 200 OK
INFO:     127.0.0.1:65480 - "OPTIONS /api/v1/content-versions/80e57277-f7ce-40b8-8076-281e4602e5a2/revisions HTTP/1.1" 200 OK
INFO:     127.0.0.1:65481 - "POST /api/v1/content-versions/80e57277-f7ce-40b8-8076-281e4602e5a2/revisions HTTP/1.1" 201 Created
INFO:     127.0.0.1:65481 - "GET /api/v1/content-tasks/a44f65c1-1184-448d-9913-593e58aa63d1/editor-context HTTP/1.1" 200 OK
INFO:     127.0.0.1:65480 - "OPTIONS /api/v1/content-versions/46904da4-baf7-447d-a5ce-e06cbc454de8 HTTP/1.1" 200 OK
INFO:     127.0.0.1:65481 - "PUT /api/v1/content-versions/46904da4-baf7-447d-a5ce-e06cbc454de8 HTTP/1.1" 200 OK
INFO:     127.0.0.1:65481 - "GET /api/v1/content-tasks/a44f65c1-1184-448d-9913-593e58aa63d1/editor-context HTTP/1.1" 200 OK
INFO:     127.0.0.1:65480 - "OPTIONS /api/v1/content-versions/46904da4-baf7-447d-a5ce-e06cbc454de8/submit-review HTTP/1.1" 200 OK
INFO:     127.0.0.1:65481 - "POST /api/v1/content-versions/46904da4-baf7-447d-a5ce-e06cbc454de8/submit-review HTTP/1.1" 200 OK
INFO:     127.0.0.1:65481 - "GET /api/v1/content-tasks/a44f65c1-1184-448d-9913-593e58aa63d1/editor-context HTTP/1.1" 200 OK
INFO:     127.0.0.1:65481 - "GET /api/v1/content-tasks/a44f65c1-1184-448d-9913-593e58aa63d1/detail HTTP/1.1" 200 OK
INFO:     127.0.0.1:65481 - "GET /api/v1/auth/session HTTP/1.1" 200 OK
INFO:     127.0.0.1:65481 - "GET /api/v1/content-tasks/a44f65c1-1184-448d-9913-593e58aa63d1/review-context HTTP/1.1" 200 OK
INFO:     127.0.0.1:65480 - "OPTIONS /api/v1/content-versions/46904da4-baf7-447d-a5ce-e06cbc454de8/approve HTTP/1.1" 200 OK
INFO:     127.0.0.1:65481 - "POST /api/v1/content-versions/46904da4-baf7-447d-a5ce-e06cbc454de8/approve HTTP/1.1" 200 OK
INFO:     127.0.0.1:65481 - "GET /api/v1/content-tasks/a44f65c1-1184-448d-9913-593e58aa63d1/review-context HTTP/1.1" 200 OK
INFO:     127.0.0.1:65481 - "GET /api/v1/auth/session HTTP/1.1" 200 OK
INFO:     127.0.0.1:65481 - "GET /api/v1/content-tasks/a44f65c1-1184-448d-9913-593e58aa63d1/detail HTTP/1.1" 200 OK
INFO:     127.0.0.1:65457 - "GET /api/v1/content-tasks/a44f65c1-1184-448d-9913-593e58aa63d1/review-context HTTP/1.1" 200 OK
INFO:     127.0.0.1:65457 - "GET /api/v1/content-tasks/a44f65c1-1184-448d-9913-593e58aa63d1/detail HTTP/1.1" 200 OK
INFO:     127.0.0.1:65457 - "GET /api/v1/content-versions/80e57277-f7ce-40b8-8076-281e4602e5a2/detail HTTP/1.1" 200 OK
INFO:     127.0.0.1:65483 - "GET /api/v1/content-versions/46904da4-baf7-447d-a5ce-e06cbc454de8/detail HTTP/1.1" 200 OK
  ✓   5 [foundation-desktop] › tests/e2e/content-review-real-stack.spec.ts:293:1 › Flow B：退回后创建 HUMAN revision，重新送审批准且历史不串线 (4.3s)
INFO:     127.0.0.1:65483 - "POST /api/v1/auth/login HTTP/1.1" 200 OK
INFO:     127.0.0.1:65483 - "POST /api/v1/platform-types HTTP/1.1" 201 Created
INFO:     127.0.0.1:65483 - "POST /api/v1/platform-profiles HTTP/1.1" 201 Created
INFO:     127.0.0.1:65483 - "POST /api/v1/products HTTP/1.1" 201 Created
INFO:     127.0.0.1:65483 - "GET /api/v1/products/b6769e96-7a16-44e8-b09d-a2b49eac48c1/facts HTTP/1.1" 200 OK
INFO:     127.0.0.1:65483 - "PUT /api/v1/products/b6769e96-7a16-44e8-b09d-a2b49eac48c1/facts HTTP/1.1" 200 OK
INFO:     127.0.0.1:65483 - "POST /api/v1/products/b6769e96-7a16-44e8-b09d-a2b49eac48c1/fact-review-submissions HTTP/1.1" 201 Created
INFO:     127.0.0.1:65483 - "POST /api/v1/fact-versions/b482e953-0385-4ed4-ad30-f72566d1a542/approve HTTP/1.1" 200 OK
INFO:     127.0.0.1:65483 - "POST /api/v1/content-tasks HTTP/1.1" 201 Created
INFO:     127.0.0.1:65483 - "POST /api/v1/content-tasks/83340643-c80a-4caf-9a65-4186a85b37e5/manual-versions HTTP/1.1" 201 Created
INFO:     127.0.0.1:65490 - "GET /api/v1/auth/session HTTP/1.1" 200 OK
INFO:     127.0.0.1:65490 - "GET /api/v1/content-versions/a64279c9-69eb-4799-bacb-9654711661db/detail HTTP/1.1" 200 OK
  ✓   6 [foundation-desktop] › tests/e2e/content-version-detail-real-stack.spec.ts:135:1 › 独立真实栈：单一 detail GET 读取 HUMAN 当前版本且页面无写入口 (273ms)
INFO:     127.0.0.1:65483 - "POST /api/v1/auth/login HTTP/1.1" 200 OK
INFO:     127.0.0.1:65483 - "POST /api/v1/platform-types HTTP/1.1" 201 Created
INFO:     127.0.0.1:65483 - "POST /api/v1/platform-profiles HTTP/1.1" 201 Created
INFO:     127.0.0.1:65483 - "POST /api/v1/platform-accounts HTTP/1.1" 201 Created
INFO:     127.0.0.1:65483 - "POST /api/v1/products HTTP/1.1" 201 Created
INFO:     127.0.0.1:65483 - "GET /api/v1/products/9dec604b-7ce6-4e14-99e9-89316c701559/facts HTTP/1.1" 200 OK
INFO:     127.0.0.1:65483 - "PUT /api/v1/products/9dec604b-7ce6-4e14-99e9-89316c701559/facts HTTP/1.1" 200 OK
INFO:     127.0.0.1:65483 - "POST /api/v1/products/9dec604b-7ce6-4e14-99e9-89316c701559/fact-review-submissions HTTP/1.1" 201 Created
INFO:     127.0.0.1:65483 - "POST /api/v1/fact-versions/5ba13d96-94eb-450e-82e7-2929176d6f2e/approve HTTP/1.1" 200 OK
INFO:     127.0.0.1:65483 - "POST /api/v1/content-tasks HTTP/1.1" 201 Created
INFO:     127.0.0.1:65483 - "POST /api/v1/content-tasks/7765b14c-e67f-4500-bd33-61a699d2fef0/manual-versions HTTP/1.1" 201 Created
INFO:     127.0.0.1:65483 - "POST /api/v1/content-versions/81e6db70-45e0-4608-88a5-787753f5cf14/submit-review HTTP/1.1" 200 OK
INFO:     127.0.0.1:65483 - "POST /api/v1/content-versions/81e6db70-45e0-4608-88a5-787753f5cf14/approve HTTP/1.1" 200 OK
INFO:     127.0.0.1:65483 - "POST /api/v1/publication-works HTTP/1.1" 201 Created
INFO:     127.0.0.1:65483 - "PUT /api/v1/publication-works/6bc60b03-19c6-4e8d-9630-8b0b27d2f4dd/result HTTP/1.1" 200 OK
INFO:     127.0.0.1:65483 - "POST /api/v1/publication-works/6bc60b03-19c6-4e8d-9630-8b0b27d2f4dd/verifications HTTP/1.1" 200 OK
INFO:     127.0.0.1:65483 - "GET /api/v1/published-articles/6bc60b03-19c6-4e8d-9630-8b0b27d2f4dd HTTP/1.1" 200 OK
INFO:     127.0.0.1:65483 - "POST /api/v1/query-topics HTTP/1.1" 201 Created
INFO:     127.0.0.1:65497 - "GET /api/v1/auth/session HTTP/1.1" 200 OK
INFO:     127.0.0.1:65497 - "GET /api/v1/products?page=1&page_size=20&sort=UPDATED_DESC HTTP/1.1" 200 OK
INFO:     127.0.0.1:65498 - "GET /api/v1/query-topics HTTP/1.1" 200 OK
INFO:     127.0.0.1:65498 - "GET /api/v1/products?page=1&page_size=20&search=GEO-c25e52bd&sort=UPDATED_DESC HTTP/1.1" 200 OK
INFO:     127.0.0.1:65498 - "GET /api/v1/geo-observation-publications?product_id=9dec604b-7ce6-4e14-99e9-89316c701559 HTTP/1.1" 200 OK
INFO:     127.0.0.1:65500 - "OPTIONS /api/v1/files/upload-intents HTTP/1.1" 200 OK
INFO:     127.0.0.1:65498 - "POST /api/v1/files/upload-intents HTTP/1.1" 201 Created
INFO:     127.0.0.1:65500 - "OPTIONS /api/v1/files/0dd33e96-c545-4c4d-9c76-cab1dea418a7/content HTTP/1.1" 200 OK
INFO:     127.0.0.1:65498 - "PUT /api/v1/files/0dd33e96-c545-4c4d-9c76-cab1dea418a7/content HTTP/1.1" 204 No Content
INFO:     127.0.0.1:65500 - "OPTIONS /api/v1/files/0dd33e96-c545-4c4d-9c76-cab1dea418a7/complete HTTP/1.1" 200 OK
INFO:     127.0.0.1:65498 - "POST /api/v1/files/0dd33e96-c545-4c4d-9c76-cab1dea418a7/complete HTTP/1.1" 200 OK
INFO:     127.0.0.1:65483 - "GET /api/v1/files/0dd33e96-c545-4c4d-9c76-cab1dea418a7/download-url HTTP/1.1" 200 OK
INFO:     127.0.0.1:65500 - "OPTIONS /api/v1/geo-observations HTTP/1.1" 200 OK
INFO:     127.0.0.1:65498 - "POST /api/v1/geo-observations HTTP/1.1" 201 Created
INFO:     127.0.0.1:65498 - "GET /api/v1/geo-observations/f691c0e3-31c7-41a0-818d-5b6fbb5908bd/detail HTTP/1.1" 200 OK
INFO:     127.0.0.1:65498 - "GET /api/v1/auth/session HTTP/1.1" 200 OK
INFO:     127.0.0.1:65498 - "GET /api/v1/workbench HTTP/1.1" 200 OK
INFO:     127.0.0.1:65498 - "GET /api/v1/auth/session HTTP/1.1" 200 OK
INFO:     127.0.0.1:65498 - "GET /api/v1/geo-observations/f691c0e3-31c7-41a0-818d-5b6fbb5908bd/detail HTTP/1.1" 200 OK
INFO:     127.0.0.1:65498 - "GET /api/v1/auth/session HTTP/1.1" 200 OK
INFO:     127.0.0.1:65498 - "GET /api/v1/geo-observations/f691c0e3-31c7-41a0-818d-5b6fbb5908bd/correction-context HTTP/1.1" 200 OK
INFO:     127.0.0.1:65498 - "GET /api/v1/geo-observations/f691c0e3-31c7-41a0-818d-5b6fbb5908bd/correction-context HTTP/1.1" 200 OK
INFO:     127.0.0.1:65498 - "POST /api/v1/files/upload-intents HTTP/1.1" 201 Created
INFO:     127.0.0.1:65500 - "OPTIONS /api/v1/files/bc83a5d8-c908-4825-bd82-230febddac9a/content HTTP/1.1" 200 OK
INFO:     127.0.0.1:65498 - "PUT /api/v1/files/bc83a5d8-c908-4825-bd82-230febddac9a/content HTTP/1.1" 204 No Content
INFO:     127.0.0.1:65500 - "OPTIONS /api/v1/files/bc83a5d8-c908-4825-bd82-230febddac9a/complete HTTP/1.1" 200 OK
INFO:     127.0.0.1:65498 - "POST /api/v1/files/bc83a5d8-c908-4825-bd82-230febddac9a/complete HTTP/1.1" 200 OK
INFO:     127.0.0.1:65483 - "GET /api/v1/files/bc83a5d8-c908-4825-bd82-230febddac9a/download-url HTTP/1.1" 200 OK
INFO:     127.0.0.1:65498 - "POST /api/v1/geo-observations HTTP/1.1" 201 Created
INFO:     127.0.0.1:65498 - "GET /api/v1/geo-observations/f691c0e3-31c7-41a0-818d-5b6fbb5908bd/correction-context HTTP/1.1" 200 OK
INFO:     127.0.0.1:65497 - "GET /api/v1/geo-observations/9e446460-560f-4592-bbb6-22912404a911/detail HTTP/1.1" 200 OK
INFO:     127.0.0.1:65497 - "GET /api/v1/auth/session HTTP/1.1" 200 OK
INFO:     127.0.0.1:65497 - "GET /api/v1/workbench HTTP/1.1" 200 OK
INFO:     127.0.0.1:65497 - "GET /api/v1/auth/session HTTP/1.1" 200 OK
INFO:     127.0.0.1:65497 - "GET /api/v1/geo-observations/list-items?product_id=9dec604b-7ce6-4e14-99e9-89316c701559&page=1&page_size=20 HTTP/1.1" 200 OK
INFO:     127.0.0.1:65497 - "GET /api/v1/auth/session HTTP/1.1" 200 OK
INFO:     127.0.0.1:65497 - "GET /api/v1/geo-observations/f691c0e3-31c7-41a0-818d-5b6fbb5908bd/detail HTTP/1.1" 200 OK
INFO:     127.0.0.1:65498 - "GET /api/v1/auth/session HTTP/1.1" 200 OK
INFO:     127.0.0.1:65498 - "GET /api/v1/geo/observation-batches?sort=CREATED_DESC&page=1&page_size=20 HTTP/1.1" 200 OK
INFO:     127.0.0.1:65498 - "GET /api/v1/geo-observations/list-items?page=1&page_size=20 HTTP/1.1" 200 OK
INFO:     127.0.0.1:65498 - "GET /api/v1/auth/session HTTP/1.1" 200 OK
INFO:     127.0.0.1:65498 - "GET /api/v1/geo-observations/list-items?product_id=9dec604b-7ce6-4e14-99e9-89316c701559&page=1&page_size=20 HTTP/1.1" 200 OK
INFO:     127.0.0.1:65498 - "GET /api/v1/auth/session HTTP/1.1" 200 OK
INFO:     127.0.0.1:65498 - "GET /api/v1/geo-observations/f691c0e3-31c7-41a0-818d-5b6fbb5908bd/detail HTTP/1.1" 200 OK
INFO:     127.0.0.1:65483 - "GET /api/v1/geo-observations/f691c0e3-31c7-41a0-818d-5b6fbb5908bd/detail HTTP/1.1" 200 OK
INFO:     127.0.0.1:65483 - "GET /api/v1/geo-observations/9e446460-560f-4592-bbb6-22912404a911/detail HTTP/1.1" 200 OK
INFO:     127.0.0.1:65483 - "GET /api/v1/geo-observations/list-items?product_id=9dec604b-7ce6-4e14-99e9-89316c701559&page=1&page_size=20 HTTP/1.1" 200 OK
  ✓   7 [foundation-desktop] › tests/e2e/geo-real-stack.spec.ts:346:1 › Flow A：新建 Observation 后追加 Correction，原记录保持不可变 (4.2s)
INFO:     127.0.0.1:65483 - "POST /api/v1/auth/login HTTP/1.1" 200 OK
INFO:     127.0.0.1:65483 - "POST /api/v1/platform-types HTTP/1.1" 201 Created
INFO:     127.0.0.1:65483 - "POST /api/v1/platform-profiles HTTP/1.1" 201 Created
INFO:     127.0.0.1:65483 - "POST /api/v1/platform-accounts HTTP/1.1" 201 Created
INFO:     127.0.0.1:65483 - "POST /api/v1/products HTTP/1.1" 201 Created
INFO:     127.0.0.1:65483 - "GET /api/v1/products/cbe6586b-fd8d-45b7-b558-b00471c96ded/facts HTTP/1.1" 200 OK
INFO:     127.0.0.1:65483 - "PUT /api/v1/products/cbe6586b-fd8d-45b7-b558-b00471c96ded/facts HTTP/1.1" 200 OK
INFO:     127.0.0.1:65483 - "POST /api/v1/products/cbe6586b-fd8d-45b7-b558-b00471c96ded/fact-review-submissions HTTP/1.1" 201 Created
INFO:     127.0.0.1:65483 - "POST /api/v1/fact-versions/2727eb7d-3d82-444f-9d9d-6efaddd54c34/approve HTTP/1.1" 200 OK
INFO:     127.0.0.1:65483 - "POST /api/v1/content-tasks HTTP/1.1" 201 Created
INFO:     127.0.0.1:65483 - "POST /api/v1/content-tasks/a2cf4c0d-b923-4189-813b-52c97dca2a2b/manual-versions HTTP/1.1" 201 Created
INFO:     127.0.0.1:65483 - "POST /api/v1/content-versions/d7db62ae-0ee3-4728-9144-a18343f6ac1e/submit-review HTTP/1.1" 200 OK
INFO:     127.0.0.1:65483 - "POST /api/v1/content-versions/d7db62ae-0ee3-4728-9144-a18343f6ac1e/approve HTTP/1.1" 200 OK
INFO:     127.0.0.1:65483 - "POST /api/v1/publication-works HTTP/1.1" 201 Created
INFO:     127.0.0.1:65483 - "PUT /api/v1/publication-works/f86c5730-b3de-4992-951b-897ebf0394e8/result HTTP/1.1" 200 OK
INFO:     127.0.0.1:65483 - "POST /api/v1/publication-works/f86c5730-b3de-4992-951b-897ebf0394e8/verifications HTTP/1.1" 200 OK
INFO:     127.0.0.1:65483 - "GET /api/v1/published-articles/f86c5730-b3de-4992-951b-897ebf0394e8 HTTP/1.1" 200 OK
INFO:     127.0.0.1:65483 - "POST /api/v1/query-topics HTTP/1.1" 201 Created
INFO:     127.0.0.1:65483 - "POST /api/v1/geo-observations HTTP/1.1" 201 Created
INFO:     127.0.0.1:65483 - "POST /api/v1/geo-observations HTTP/1.1" 201 Created
INFO:     127.0.0.1:65483 - "POST /api/v1/geo-observations HTTP/1.1" 201 Created
INFO:     127.0.0.1:65483 - "POST /api/v1/geo-observations HTTP/1.1" 201 Created
INFO:     127.0.0.1:65483 - "POST /api/v1/geo-observations HTTP/1.1" 201 Created
INFO:     127.0.0.1:65483 - "POST /api/v1/geo-observations HTTP/1.1" 201 Created
INFO:     127.0.0.1:65529 - "GET /api/v1/auth/session HTTP/1.1" 200 OK
INFO:     127.0.0.1:65529 - "GET /api/v1/geo-insights?date_from=2026-07-01&date_to=2026-07-31&product_id=cbe6586b-fd8d-45b7-b558-b00471c96ded&content_platform_id=60580bb4-3fb7-4572-81da-7bab918aba3d&published_article_id=f86c5730-b3de-4992-951b-897ebf0394e8 HTTP/1.1" 200 OK
INFO:     127.0.0.1:65529 - "GET /api/v1/content-tasks/creation-options?requested_product_id=cbe6586b-fd8d-45b7-b558-b00471c96ded HTTP/1.1" 200 OK
INFO:     127.0.0.1:65530 - "OPTIONS /api/v1/geo-insights/optimization-content-tasks HTTP/1.1" 200 OK
INFO:     127.0.0.1:65529 - "POST /api/v1/geo-insights/optimization-content-tasks HTTP/1.1" 201 Created
INFO:     127.0.0.1:65529 - "GET /api/v1/geo-insights?date_from=2026-07-01&date_to=2026-07-31&product_id=cbe6586b-fd8d-45b7-b558-b00471c96ded&content_platform_id=60580bb4-3fb7-4572-81da-7bab918aba3d&published_article_id=f86c5730-b3de-4992-951b-897ebf0394e8 HTTP/1.1" 200 OK
INFO:     127.0.0.1:65531 - "GET /api/v1/content-tasks/428b9306-4a1d-4806-891a-94a564070ad3/detail HTTP/1.1" 200 OK
INFO:     127.0.0.1:65483 - "GET /api/v1/content-tasks/428b9306-4a1d-4806-891a-94a564070ad3/detail HTTP/1.1" 200 OK
  ✓   8 [foundation-desktop] › tests/e2e/geo-real-stack.spec.ts:581:1 › Flow B：真实 Insights 复算异常并创建带不可变 GEO 来源的优化任务 (977ms)
INFO:     127.0.0.1:65483 - "POST /api/v1/auth/login HTTP/1.1" 200 OK
INFO:     127.0.0.1:65483 - "POST /api/v1/platform-types HTTP/1.1" 201 Created
INFO:     127.0.0.1:65483 - "POST /api/v1/platform-profiles HTTP/1.1" 201 Created
INFO:     127.0.0.1:49154 - "GET /api/v1/auth/session HTTP/1.1" 200 OK
INFO:     127.0.0.1:49155 - "OPTIONS /api/v1/products HTTP/1.1" 200 OK
INFO:     127.0.0.1:49154 - "POST /api/v1/products HTTP/1.1" 201 Created
INFO:     127.0.0.1:49154 - "GET /api/v1/products/cd2ed548-2a13-4ce1-bdc9-633c801473cc/detail HTTP/1.1" 200 OK
INFO:     127.0.0.1:49154 - "GET /api/v1/auth/session HTTP/1.1" 200 OK
INFO:     127.0.0.1:49154 - "GET /api/v1/products/cd2ed548-2a13-4ce1-bdc9-633c801473cc/facts HTTP/1.1" 200 OK
INFO:     127.0.0.1:49155 - "OPTIONS /api/v1/products/cd2ed548-2a13-4ce1-bdc9-633c801473cc/facts HTTP/1.1" 200 OK
INFO:     127.0.0.1:49154 - "PUT /api/v1/products/cd2ed548-2a13-4ce1-bdc9-633c801473cc/facts HTTP/1.1" 200 OK
INFO:     127.0.0.1:49155 - "OPTIONS /api/v1/products/cd2ed548-2a13-4ce1-bdc9-633c801473cc/fact-review-submissions HTTP/1.1" 200 OK
INFO:     127.0.0.1:49154 - "POST /api/v1/products/cd2ed548-2a13-4ce1-bdc9-633c801473cc/fact-review-submissions HTTP/1.1" 201 Created
INFO:     127.0.0.1:49154 - "GET /api/v1/products/cd2ed548-2a13-4ce1-bdc9-633c801473cc/facts HTTP/1.1" 200 OK
INFO:     127.0.0.1:49154 - "GET /api/v1/auth/session HTTP/1.1" 200 OK
INFO:     127.0.0.1:49154 - "GET /api/v1/workbench HTTP/1.1" 200 OK
INFO:     127.0.0.1:49154 - "GET /api/v1/auth/session HTTP/1.1" 200 OK
INFO:     127.0.0.1:49154 - "GET /api/v1/products/cd2ed548-2a13-4ce1-bdc9-633c801473cc/fact-review-context HTTP/1.1" 200 OK
INFO:     127.0.0.1:49155 - "OPTIONS /api/v1/fact-versions/d2202dac-589b-40a5-8f80-b10802b03492/approve HTTP/1.1" 200 OK
INFO:     127.0.0.1:49154 - "POST /api/v1/fact-versions/d2202dac-589b-40a5-8f80-b10802b03492/approve HTTP/1.1" 200 OK
INFO:     127.0.0.1:49154 - "GET /api/v1/products/cd2ed548-2a13-4ce1-bdc9-633c801473cc/fact-review-context HTTP/1.1" 200 OK
INFO:     127.0.0.1:49154 - "GET /api/v1/products?page=1&page_size=20&sort=UPDATED_DESC HTTP/1.1" 200 OK
INFO:     127.0.0.1:49154 - "GET /api/v1/products?page=1&page_size=20&search=PF-A-984df032&sort=UPDATED_DESC HTTP/1.1" 200 OK
INFO:     127.0.0.1:49154 - "GET /api/v1/products/cd2ed548-2a13-4ce1-bdc9-633c801473cc/detail HTTP/1.1" 200 OK
INFO:     127.0.0.1:65483 - "GET /api/v1/products/cd2ed548-2a13-4ce1-bdc9-633c801473cc/detail HTTP/1.1" 200 OK
INFO:     127.0.0.1:49154 - "GET /api/v1/auth/session HTTP/1.1" 200 OK
INFO:     127.0.0.1:49154 - "GET /api/v1/content-tasks/creation-options?requested_product_id=cd2ed548-2a13-4ce1-bdc9-633c801473cc HTTP/1.1" 200 OK
INFO:     127.0.0.1:49155 - "OPTIONS /api/v1/content-tasks HTTP/1.1" 200 OK
INFO:     127.0.0.1:49154 - "POST /api/v1/content-tasks HTTP/1.1" 201 Created
INFO:     127.0.0.1:49154 - "GET /api/v1/content-tasks/1c8d20eb-ded1-49ac-b101-fce0233a9921/detail HTTP/1.1" 200 OK
INFO:     127.0.0.1:49154 - "GET /api/v1/products?page=1&page_size=20&sort=UPDATED_DESC HTTP/1.1" 200 OK
INFO:     127.0.0.1:49154 - "GET /api/v1/products?page=1&page_size=20&search=PF-A-984df032&sort=UPDATED_DESC HTTP/1.1" 200 OK
INFO:     127.0.0.1:49154 - "GET /api/v1/products/cd2ed548-2a13-4ce1-bdc9-633c801473cc/detail HTTP/1.1" 200 OK
INFO:     127.0.0.1:49154 - "GET /api/v1/auth/session HTTP/1.1" 200 OK
INFO:     127.0.0.1:49154 - "GET /api/v1/fact-versions/d2202dac-589b-40a5-8f80-b10802b03492 HTTP/1.1" 200 OK
  ✓   9 [foundation-desktop] › tests/e2e/product-facts-real-stack.spec.ts:134:1 › Flow A：批准事实后展示不可变版本并交接 CREATE_CONTENT_TASK (2.8s)
INFO:     127.0.0.1:65483 - "POST /api/v1/auth/login HTTP/1.1" 200 OK
INFO:     127.0.0.1:49164 - "GET /api/v1/auth/session HTTP/1.1" 200 OK
INFO:     127.0.0.1:49165 - "OPTIONS /api/v1/products HTTP/1.1" 200 OK
INFO:     127.0.0.1:49164 - "POST /api/v1/products HTTP/1.1" 201 Created
INFO:     127.0.0.1:49164 - "GET /api/v1/products/0d090d86-852b-43b9-b662-0e7cc5b0020a/detail HTTP/1.1" 200 OK
INFO:     127.0.0.1:49164 - "GET /api/v1/auth/session HTTP/1.1" 200 OK
INFO:     127.0.0.1:49164 - "GET /api/v1/products/0d090d86-852b-43b9-b662-0e7cc5b0020a/facts HTTP/1.1" 200 OK
INFO:     127.0.0.1:49165 - "OPTIONS /api/v1/products/0d090d86-852b-43b9-b662-0e7cc5b0020a/facts HTTP/1.1" 200 OK
INFO:     127.0.0.1:49164 - "PUT /api/v1/products/0d090d86-852b-43b9-b662-0e7cc5b0020a/facts HTTP/1.1" 200 OK
INFO:     127.0.0.1:49165 - "OPTIONS /api/v1/products/0d090d86-852b-43b9-b662-0e7cc5b0020a/fact-review-submissions HTTP/1.1" 200 OK
INFO:     127.0.0.1:49164 - "POST /api/v1/products/0d090d86-852b-43b9-b662-0e7cc5b0020a/fact-review-submissions HTTP/1.1" 201 Created
INFO:     127.0.0.1:49164 - "GET /api/v1/products/0d090d86-852b-43b9-b662-0e7cc5b0020a/facts HTTP/1.1" 200 OK
INFO:     127.0.0.1:49164 - "GET /api/v1/products?page=1&page_size=20&sort=UPDATED_DESC HTTP/1.1" 200 OK
INFO:     127.0.0.1:49164 - "GET /api/v1/products?page=1&page_size=20&search=PF-B-11724318&sort=UPDATED_DESC HTTP/1.1" 200 OK
INFO:     127.0.0.1:49164 - "GET /api/v1/auth/session HTTP/1.1" 200 OK
INFO:     127.0.0.1:49164 - "GET /api/v1/products/0d090d86-852b-43b9-b662-0e7cc5b0020a/fact-review-context HTTP/1.1" 200 OK
INFO:     127.0.0.1:49165 - "OPTIONS /api/v1/fact-versions/b9dc970f-6110-49ca-845f-d5d2dd1f9a60/request-changes HTTP/1.1" 200 OK
INFO:     127.0.0.1:49164 - "POST /api/v1/fact-versions/b9dc970f-6110-49ca-845f-d5d2dd1f9a60/request-changes HTTP/1.1" 200 OK
INFO:     127.0.0.1:49164 - "GET /api/v1/products/0d090d86-852b-43b9-b662-0e7cc5b0020a/fact-review-context HTTP/1.1" 200 OK
INFO:     127.0.0.1:49164 - "GET /api/v1/products?page=1&page_size=20&sort=UPDATED_DESC HTTP/1.1" 200 OK
INFO:     127.0.0.1:49164 - "GET /api/v1/products?page=1&page_size=20&search=PF-B-11724318&sort=UPDATED_DESC HTTP/1.1" 200 OK
INFO:     127.0.0.1:49164 - "GET /api/v1/auth/session HTTP/1.1" 200 OK
INFO:     127.0.0.1:49164 - "GET /api/v1/products/0d090d86-852b-43b9-b662-0e7cc5b0020a/facts HTTP/1.1" 200 OK
INFO:     127.0.0.1:49164 - "PUT /api/v1/products/0d090d86-852b-43b9-b662-0e7cc5b0020a/facts HTTP/1.1" 200 OK
INFO:     127.0.0.1:49164 - "POST /api/v1/products/0d090d86-852b-43b9-b662-0e7cc5b0020a/fact-review-submissions HTTP/1.1" 201 Created
INFO:     127.0.0.1:49164 - "GET /api/v1/products/0d090d86-852b-43b9-b662-0e7cc5b0020a/facts HTTP/1.1" 200 OK
INFO:     127.0.0.1:49164 - "GET /api/v1/products?page=1&page_size=20&sort=UPDATED_DESC HTTP/1.1" 200 OK
INFO:     127.0.0.1:49164 - "GET /api/v1/products?page=1&page_size=20&search=PF-B-11724318&sort=UPDATED_DESC HTTP/1.1" 200 OK
INFO:     127.0.0.1:49164 - "GET /api/v1/auth/session HTTP/1.1" 200 OK
INFO:     127.0.0.1:49164 - "GET /api/v1/products/0d090d86-852b-43b9-b662-0e7cc5b0020a/fact-review-context HTTP/1.1" 200 OK
INFO:     127.0.0.1:49165 - "OPTIONS /api/v1/fact-versions/6064ac86-df24-4810-bd28-60658822e87f/approve HTTP/1.1" 200 OK
INFO:     127.0.0.1:49164 - "POST /api/v1/fact-versions/6064ac86-df24-4810-bd28-60658822e87f/approve HTTP/1.1" 200 OK
INFO:     127.0.0.1:49164 - "GET /api/v1/products/0d090d86-852b-43b9-b662-0e7cc5b0020a/fact-review-context HTTP/1.1" 200 OK
INFO:     127.0.0.1:65483 - "GET /api/v1/products/0d090d86-852b-43b9-b662-0e7cc5b0020a/fact-review-context HTTP/1.1" 200 OK
INFO:     127.0.0.1:49164 - "GET /api/v1/products?page=1&page_size=20&sort=UPDATED_DESC HTTP/1.1" 200 OK
INFO:     127.0.0.1:49164 - "GET /api/v1/products?page=1&page_size=20&search=PF-B-11724318&sort=UPDATED_DESC HTTP/1.1" 200 OK
INFO:     127.0.0.1:49164 - "GET /api/v1/products/0d090d86-852b-43b9-b662-0e7cc5b0020a/detail HTTP/1.1" 200 OK
INFO:     127.0.0.1:49164 - "GET /api/v1/auth/session HTTP/1.1" 200 OK
INFO:     127.0.0.1:49164 - "GET /api/v1/products/0d090d86-852b-43b9-b662-0e7cc5b0020a/fact-history?page=1&page_size=20 HTTP/1.1" 200 OK
INFO:     127.0.0.1:49164 - "GET /api/v1/auth/session HTTP/1.1" 200 OK
INFO:     127.0.0.1:49164 - "GET /api/v1/fact-versions/6064ac86-df24-4810-bd28-60658822e87f HTTP/1.1" 200 OK
  ✓  10 [foundation-desktop] › tests/e2e/product-facts-real-stack.spec.ts:231:1 › Flow B：退回后修订产生新版本，审核历史严格归属当前 FactVersion (2.8s)
INFO:     127.0.0.1:65483 - "POST /api/v1/auth/login HTTP/1.1" 200 OK
INFO:     127.0.0.1:49180 - "GET /api/v1/auth/session HTTP/1.1" 200 OK
INFO:     127.0.0.1:49181 - "OPTIONS /api/v1/products HTTP/1.1" 200 OK
INFO:     127.0.0.1:49180 - "POST /api/v1/products HTTP/1.1" 201 Created
INFO:     127.0.0.1:49180 - "GET /api/v1/products/964d3615-d0a1-49a6-bbfe-5da6f93b6570/detail HTTP/1.1" 200 OK
INFO:     127.0.0.1:49180 - "GET /api/v1/auth/session HTTP/1.1" 200 OK
INFO:     127.0.0.1:49180 - "GET /api/v1/products/964d3615-d0a1-49a6-bbfe-5da6f93b6570/facts HTTP/1.1" 200 OK
INFO:     127.0.0.1:49181 - "OPTIONS /api/v1/products/964d3615-d0a1-49a6-bbfe-5da6f93b6570/facts HTTP/1.1" 200 OK
INFO:     127.0.0.1:49180 - "PUT /api/v1/products/964d3615-d0a1-49a6-bbfe-5da6f93b6570/facts HTTP/1.1" 200 OK
INFO:     127.0.0.1:49181 - "OPTIONS /api/v1/products/964d3615-d0a1-49a6-bbfe-5da6f93b6570/fact-review-submissions HTTP/1.1" 200 OK
INFO:     127.0.0.1:49180 - "POST /api/v1/products/964d3615-d0a1-49a6-bbfe-5da6f93b6570/fact-review-submissions HTTP/1.1" 201 Created
INFO:     127.0.0.1:49180 - "GET /api/v1/products/964d3615-d0a1-49a6-bbfe-5da6f93b6570/facts HTTP/1.1" 200 OK
INFO:     127.0.0.1:49180 - "GET /api/v1/products?page=1&page_size=20&sort=UPDATED_DESC HTTP/1.1" 200 OK
INFO:     127.0.0.1:49180 - "GET /api/v1/products?page=1&page_size=20&search=PF-D-bb46ceaf&sort=UPDATED_DESC HTTP/1.1" 200 OK
INFO:     127.0.0.1:49180 - "GET /api/v1/auth/session HTTP/1.1" 200 OK
INFO:     127.0.0.1:49180 - "GET /api/v1/products/964d3615-d0a1-49a6-bbfe-5da6f93b6570/fact-review-context HTTP/1.1" 200 OK
INFO:     127.0.0.1:65483 - "GET /api/v1/products/964d3615-d0a1-49a6-bbfe-5da6f93b6570/fact-review-context HTTP/1.1" 200 OK
INFO:     127.0.0.1:65483 - "POST /api/v1/fact-versions/6b4d713e-85ee-48eb-83aa-9c7d267d0525/request-changes HTTP/1.1" 200 OK
INFO:     127.0.0.1:49181 - "OPTIONS /api/v1/fact-versions/6b4d713e-85ee-48eb-83aa-9c7d267d0525/approve HTTP/1.1" 200 OK
INFO:     127.0.0.1:49180 - "POST /api/v1/fact-versions/6b4d713e-85ee-48eb-83aa-9c7d267d0525/approve HTTP/1.1" 409 Conflict
INFO:     127.0.0.1:49180 - "GET /api/v1/products/964d3615-d0a1-49a6-bbfe-5da6f93b6570/fact-review-context HTTP/1.1" 200 OK
INFO:     127.0.0.1:65483 - "GET /api/v1/products/964d3615-d0a1-49a6-bbfe-5da6f93b6570/fact-review-context HTTP/1.1" 200 OK
  ✓  11 [foundation-desktop] › tests/e2e/product-facts-real-stack.spec.ts:319:1 › Flow D：过期 revision 真实返回 409，不重放并保留服务端最新状态 (1.3s)
INFO:     127.0.0.1:65483 - "POST /api/v1/auth/login HTTP/1.1" 200 OK
INFO:     127.0.0.1:65483 - "POST /api/v1/platform-types HTTP/1.1" 201 Created
INFO:     127.0.0.1:65483 - "POST /api/v1/platform-profiles HTTP/1.1" 201 Created
INFO:     127.0.0.1:49188 - "GET /api/v1/auth/session HTTP/1.1" 200 OK
INFO:     127.0.0.1:49189 - "OPTIONS /api/v1/products HTTP/1.1" 200 OK
INFO:     127.0.0.1:49188 - "POST /api/v1/products HTTP/1.1" 201 Created
INFO:     127.0.0.1:49188 - "GET /api/v1/products/7baf47d2-45ae-44b7-a948-a8237edd16b0/detail HTTP/1.1" 200 OK
INFO:     127.0.0.1:49188 - "GET /api/v1/auth/session HTTP/1.1" 200 OK
INFO:     127.0.0.1:49188 - "GET /api/v1/products/7baf47d2-45ae-44b7-a948-a8237edd16b0/facts HTTP/1.1" 200 OK
INFO:     127.0.0.1:49189 - "OPTIONS /api/v1/products/7baf47d2-45ae-44b7-a948-a8237edd16b0/facts HTTP/1.1" 200 OK
INFO:     127.0.0.1:49188 - "PUT /api/v1/products/7baf47d2-45ae-44b7-a948-a8237edd16b0/facts HTTP/1.1" 200 OK
INFO:     127.0.0.1:49189 - "OPTIONS /api/v1/products/7baf47d2-45ae-44b7-a948-a8237edd16b0/fact-review-submissions HTTP/1.1" 200 OK
INFO:     127.0.0.1:49188 - "POST /api/v1/products/7baf47d2-45ae-44b7-a948-a8237edd16b0/fact-review-submissions HTTP/1.1" 201 Created
INFO:     127.0.0.1:49188 - "GET /api/v1/products/7baf47d2-45ae-44b7-a948-a8237edd16b0/facts HTTP/1.1" 200 OK
INFO:     127.0.0.1:49188 - "GET /api/v1/products?page=1&page_size=20&sort=UPDATED_DESC HTTP/1.1" 200 OK
INFO:     127.0.0.1:49188 - "GET /api/v1/products?page=1&page_size=20&search=CE-C-757c7696&sort=UPDATED_DESC HTTP/1.1" 200 OK
INFO:     127.0.0.1:49188 - "GET /api/v1/auth/session HTTP/1.1" 200 OK
INFO:     127.0.0.1:49188 - "GET /api/v1/products/7baf47d2-45ae-44b7-a948-a8237edd16b0/fact-review-context HTTP/1.1" 200 OK
INFO:     127.0.0.1:49189 - "OPTIONS /api/v1/fact-versions/530fc66d-4d0c-436a-aa04-f27d5ea9aa84/approve HTTP/1.1" 200 OK
INFO:     127.0.0.1:49188 - "POST /api/v1/fact-versions/530fc66d-4d0c-436a-aa04-f27d5ea9aa84/approve HTTP/1.1" 200 OK
INFO:     127.0.0.1:49188 - "GET /api/v1/products/7baf47d2-45ae-44b7-a948-a8237edd16b0/fact-review-context HTTP/1.1" 200 OK
INFO:     127.0.0.1:49188 - "GET /api/v1/products?page=1&page_size=20&sort=UPDATED_DESC HTTP/1.1" 200 OK
INFO:     127.0.0.1:49188 - "GET /api/v1/products?page=1&page_size=20&search=CE-C-757c7696&sort=UPDATED_DESC HTTP/1.1" 200 OK
INFO:     127.0.0.1:49188 - "GET /api/v1/products/7baf47d2-45ae-44b7-a948-a8237edd16b0/detail HTTP/1.1" 200 OK
INFO:     127.0.0.1:65483 - "GET /api/v1/products/7baf47d2-45ae-44b7-a948-a8237edd16b0/detail HTTP/1.1" 200 OK
INFO:     127.0.0.1:49188 - "GET /api/v1/auth/session HTTP/1.1" 200 OK
INFO:     127.0.0.1:49188 - "GET /api/v1/content-tasks/creation-options?requested_product_id=7baf47d2-45ae-44b7-a948-a8237edd16b0 HTTP/1.1" 200 OK
INFO:     127.0.0.1:49189 - "OPTIONS /api/v1/content-tasks HTTP/1.1" 200 OK
INFO:     127.0.0.1:49188 - "POST /api/v1/content-tasks HTTP/1.1" 201 Created
INFO:     127.0.0.1:49188 - "GET /api/v1/content-tasks/d8e90a9a-5d64-4b0c-bec1-c7f0cc3a7efa/detail HTTP/1.1" 200 OK
INFO:     127.0.0.1:49188 - "GET /api/v1/auth/session HTTP/1.1" 200 OK
INFO:     127.0.0.1:49188 - "GET /api/v1/content-tasks/d8e90a9a-5d64-4b0c-bec1-c7f0cc3a7efa/editor-context HTTP/1.1" 200 OK
INFO:     127.0.0.1:49189 - "OPTIONS /api/v1/content-tasks/d8e90a9a-5d64-4b0c-bec1-c7f0cc3a7efa/manual-versions HTTP/1.1" 200 OK
INFO:     127.0.0.1:49188 - "POST /api/v1/content-tasks/d8e90a9a-5d64-4b0c-bec1-c7f0cc3a7efa/manual-versions HTTP/1.1" 201 Created
INFO:     127.0.0.1:49188 - "GET /api/v1/content-tasks/d8e90a9a-5d64-4b0c-bec1-c7f0cc3a7efa/editor-context HTTP/1.1" 200 OK
INFO:     127.0.0.1:49189 - "OPTIONS /api/v1/content-versions/be08a5ae-a08c-49a2-b716-5ec58c118e13 HTTP/1.1" 200 OK
INFO:     127.0.0.1:49188 - "PUT /api/v1/content-versions/be08a5ae-a08c-49a2-b716-5ec58c118e13 HTTP/1.1" 200 OK
INFO:     127.0.0.1:49188 - "GET /api/v1/content-tasks/d8e90a9a-5d64-4b0c-bec1-c7f0cc3a7efa/editor-context HTTP/1.1" 200 OK
INFO:     127.0.0.1:49189 - "OPTIONS /api/v1/content-versions/be08a5ae-a08c-49a2-b716-5ec58c118e13/submit-review HTTP/1.1" 200 OK
INFO:     127.0.0.1:49188 - "POST /api/v1/content-versions/be08a5ae-a08c-49a2-b716-5ec58c118e13/submit-review HTTP/1.1" 200 OK
INFO:     127.0.0.1:49188 - "GET /api/v1/content-tasks/d8e90a9a-5d64-4b0c-bec1-c7f0cc3a7efa/editor-context HTTP/1.1" 200 OK
INFO:     127.0.0.1:65483 - "GET /api/v1/content-tasks/d8e90a9a-5d64-4b0c-bec1-c7f0cc3a7efa/editor-context HTTP/1.1" 200 OK
  ✓  12 [foundation-desktop] › tests/e2e/product-facts-real-stack.spec.ts:400:1 › Flow C：独立 ContentTask 经人工首稿、保存后提交审核 (2.9s)
INFO:     127.0.0.1:65483 - "POST /api/v1/auth/login HTTP/1.1" 200 OK
INFO:     127.0.0.1:65483 - "POST /api/v1/platform-types HTTP/1.1" 201 Created
INFO:     127.0.0.1:65483 - "POST /api/v1/platform-profiles HTTP/1.1" 201 Created
INFO:     127.0.0.1:65483 - "POST /api/v1/platform-accounts HTTP/1.1" 201 Created
INFO:     127.0.0.1:65483 - "POST /api/v1/platform-accounts HTTP/1.1" 201 Created
INFO:     127.0.0.1:65483 - "POST /api/v1/products HTTP/1.1" 201 Created
INFO:     127.0.0.1:65483 - "GET /api/v1/products/02131309-03d4-4560-b76f-7960914fbb00/facts HTTP/1.1" 200 OK
INFO:     127.0.0.1:65483 - "PUT /api/v1/products/02131309-03d4-4560-b76f-7960914fbb00/facts HTTP/1.1" 200 OK
INFO:     127.0.0.1:65483 - "POST /api/v1/products/02131309-03d4-4560-b76f-7960914fbb00/fact-review-submissions HTTP/1.1" 201 Created
INFO:     127.0.0.1:65483 - "POST /api/v1/fact-versions/3a087160-5b9f-44e6-818a-3d2db830fcaa/approve HTTP/1.1" 200 OK
INFO:     127.0.0.1:65483 - "POST /api/v1/content-tasks HTTP/1.1" 201 Created
INFO:     127.0.0.1:65483 - "POST /api/v1/content-tasks/b40d6b09-8c04-4fe7-965d-c0b9e4e0f9d7/manual-versions HTTP/1.1" 201 Created
INFO:     127.0.0.1:65483 - "POST /api/v1/content-versions/622adb76-484a-4d59-b56f-2ff66f6e85d0/submit-review HTTP/1.1" 200 OK
INFO:     127.0.0.1:65483 - "POST /api/v1/content-versions/622adb76-484a-4d59-b56f-2ff66f6e85d0/approve HTTP/1.1" 200 OK
INFO:     127.0.0.1:49197 - "GET /api/v1/auth/session HTTP/1.1" 200 OK
INFO:     127.0.0.1:49197 - "GET /api/v1/publication-works?page=1&page_size=20 HTTP/1.1" 200 OK
INFO:     127.0.0.1:49197 - "GET /api/v1/publication-workbench-summary HTTP/1.1" 200 OK
INFO:     127.0.0.1:49198 - "GET /api/v1/publication-ready-items HTTP/1.1" 200 OK
INFO:     127.0.0.1:49199 - "OPTIONS /api/v1/publication-works HTTP/1.1" 200 OK
INFO:     127.0.0.1:49198 - "POST /api/v1/publication-works HTTP/1.1" 201 Created
INFO:     127.0.0.1:49200 - "GET /api/v1/publication-works?page=1&page_size=20 HTTP/1.1" 200 OK
INFO:     127.0.0.1:49198 - "GET /api/v1/publication-workbench-summary HTTP/1.1" 200 OK
INFO:     127.0.0.1:49197 - "GET /api/v1/publication-ready-items HTTP/1.1" 200 OK
INFO:     127.0.0.1:49197 - "GET /api/v1/auth/session HTTP/1.1" 200 OK
INFO:     127.0.0.1:49197 - "GET /api/v1/workbench HTTP/1.1" 200 OK
INFO:     127.0.0.1:49197 - "GET /api/v1/auth/session HTTP/1.1" 200 OK
INFO:     127.0.0.1:49197 - "GET /api/v1/publication-works/e37d1e6a-366c-44ca-81a9-54538009f52d/workspace-context HTTP/1.1" 200 OK
INFO:     127.0.0.1:49199 - "OPTIONS /api/v1/publication-works/e37d1e6a-366c-44ca-81a9-54538009f52d/preparation HTTP/1.1" 200 OK
INFO:     127.0.0.1:49197 - "PATCH /api/v1/publication-works/e37d1e6a-366c-44ca-81a9-54538009f52d/preparation HTTP/1.1" 200 OK
INFO:     127.0.0.1:49197 - "GET /api/v1/publication-works/e37d1e6a-366c-44ca-81a9-54538009f52d/workspace-context HTTP/1.1" 200 OK
INFO:     127.0.0.1:49199 - "OPTIONS /api/v1/publication-works/e37d1e6a-366c-44ca-81a9-54538009f52d/platform-review HTTP/1.1" 200 OK
INFO:     127.0.0.1:49197 - "POST /api/v1/publication-works/e37d1e6a-366c-44ca-81a9-54538009f52d/platform-review HTTP/1.1" 200 OK
INFO:     127.0.0.1:49197 - "GET /api/v1/publication-works/e37d1e6a-366c-44ca-81a9-54538009f52d/workspace-context HTTP/1.1" 200 OK
INFO:     127.0.0.1:49199 - "OPTIONS /api/v1/files/upload-intents HTTP/1.1" 200 OK
INFO:     127.0.0.1:49197 - "POST /api/v1/files/upload-intents HTTP/1.1" 201 Created
INFO:     127.0.0.1:49199 - "OPTIONS /api/v1/files/1371b887-a392-4204-9877-ba9f54125331/content HTTP/1.1" 200 OK
INFO:     127.0.0.1:49197 - "PUT /api/v1/files/1371b887-a392-4204-9877-ba9f54125331/content HTTP/1.1" 204 No Content
INFO:     127.0.0.1:49199 - "OPTIONS /api/v1/files/1371b887-a392-4204-9877-ba9f54125331/complete HTTP/1.1" 200 OK
INFO:     127.0.0.1:49197 - "POST /api/v1/files/1371b887-a392-4204-9877-ba9f54125331/complete HTTP/1.1" 200 OK
INFO:     127.0.0.1:49199 - "OPTIONS /api/v1/publication-works/e37d1e6a-366c-44ca-81a9-54538009f52d/result HTTP/1.1" 200 OK
INFO:     127.0.0.1:49197 - "PUT /api/v1/publication-works/e37d1e6a-366c-44ca-81a9-54538009f52d/result HTTP/1.1" 200 OK
INFO:     127.0.0.1:49197 - "GET /api/v1/publication-works/e37d1e6a-366c-44ca-81a9-54538009f52d/workspace-context HTTP/1.1" 200 OK
INFO:     127.0.0.1:49197 - "GET /api/v1/auth/session HTTP/1.1" 200 OK
INFO:     127.0.0.1:49197 - "GET /api/v1/workbench HTTP/1.1" 200 OK
INFO:     127.0.0.1:49197 - "GET /api/v1/auth/session HTTP/1.1" 200 OK
INFO:     127.0.0.1:49197 - "GET /api/v1/publication-works/e37d1e6a-366c-44ca-81a9-54538009f52d/workspace-context HTTP/1.1" 200 OK
INFO:     127.0.0.1:49199 - "OPTIONS /api/v1/publication-works/e37d1e6a-366c-44ca-81a9-54538009f52d/verifications HTTP/1.1" 200 OK
INFO:     127.0.0.1:49197 - "POST /api/v1/publication-works/e37d1e6a-366c-44ca-81a9-54538009f52d/verifications HTTP/1.1" 200 OK
INFO:     127.0.0.1:49197 - "GET /api/v1/publication-works/e37d1e6a-366c-44ca-81a9-54538009f52d/workspace-context HTTP/1.1" 200 OK
INFO:     127.0.0.1:49197 - "GET /api/v1/auth/session HTTP/1.1" 200 OK
INFO:     127.0.0.1:49197 - "GET /api/v1/published-articles/e37d1e6a-366c-44ca-81a9-54538009f52d HTTP/1.1" 200 OK
INFO:     127.0.0.1:49199 - "OPTIONS /api/v1/published-articles/e37d1e6a-366c-44ca-81a9-54538009f52d/issues HTTP/1.1" 200 OK
INFO:     127.0.0.1:49197 - "POST /api/v1/published-articles/e37d1e6a-366c-44ca-81a9-54538009f52d/issues HTTP/1.1" 201 Created
INFO:     127.0.0.1:49197 - "GET /api/v1/published-articles/e37d1e6a-366c-44ca-81a9-54538009f52d HTTP/1.1" 200 OK
INFO:     127.0.0.1:49197 - "GET /api/v1/published-content-issues/2e9afced-33d9-40e2-902f-a23f761a6fb8/workspace-context HTTP/1.1" 200 OK
INFO:     127.0.0.1:49197 - "GET /api/v1/auth/session HTTP/1.1" 200 OK
INFO:     127.0.0.1:49197 - "GET /api/v1/workbench HTTP/1.1" 200 OK
INFO:     127.0.0.1:49197 - "GET /api/v1/auth/session HTTP/1.1" 200 OK
INFO:     127.0.0.1:49197 - "GET /api/v1/published-content-issues/2e9afced-33d9-40e2-902f-a23f761a6fb8/workspace-context HTTP/1.1" 200 OK
INFO:     127.0.0.1:49197 - "GET /api/v1/published-content-issues/2e9afced-33d9-40e2-902f-a23f761a6fb8/repair-context HTTP/1.1" 200 OK
INFO:     127.0.0.1:49199 - "OPTIONS /api/v1/published-content-issues/2e9afced-33d9-40e2-902f-a23f761a6fb8/repair-task HTTP/1.1" 200 OK
INFO:     127.0.0.1:49197 - "POST /api/v1/published-content-issues/2e9afced-33d9-40e2-902f-a23f761a6fb8/repair-task HTTP/1.1" 201 Created
INFO:     127.0.0.1:49197 - "GET /api/v1/published-content-issues/2e9afced-33d9-40e2-902f-a23f761a6fb8/workspace-context HTTP/1.1" 200 OK
INFO:     127.0.0.1:49197 - "GET /api/v1/published-content-issues/2e9afced-33d9-40e2-902f-a23f761a6fb8/repair-context HTTP/1.1" 200 OK
INFO:     127.0.0.1:49197 - "GET /api/v1/auth/session HTTP/1.1" 200 OK
INFO:     127.0.0.1:49197 - "GET /api/v1/published-content-issues?page=1&page_size=20&status=OPEN HTTP/1.1" 200 OK
INFO:     127.0.0.1:49197 - "GET /api/v1/auth/session HTTP/1.1" 200 OK
INFO:     127.0.0.1:49197 - "GET /api/v1/content-tasks/101716f7-600a-4a60-8905-960cb1cb86ec/detail HTTP/1.1" 200 OK
INFO:     127.0.0.1:49197 - "GET /api/v1/auth/session HTTP/1.1" 200 OK
INFO:     127.0.0.1:49197 - "GET /api/v1/published-content-issues/2e9afced-33d9-40e2-902f-a23f761a6fb8/workspace-context HTTP/1.1" 200 OK
INFO:     127.0.0.1:49199 - "OPTIONS /api/v1/published-content-issues/2e9afced-33d9-40e2-902f-a23f761a6fb8/resolve HTTP/1.1" 200 OK
INFO:     127.0.0.1:49197 - "POST /api/v1/published-content-issues/2e9afced-33d9-40e2-902f-a23f761a6fb8/resolve HTTP/1.1" 200 OK
INFO:     127.0.0.1:49197 - "GET /api/v1/published-content-issues/2e9afced-33d9-40e2-902f-a23f761a6fb8/workspace-context HTTP/1.1" 200 OK
INFO:     127.0.0.1:65483 - "GET /api/v1/publication-works/e37d1e6a-366c-44ca-81a9-54538009f52d/workspace-context HTTP/1.1" 200 OK
INFO:     127.0.0.1:65483 - "GET /api/v1/published-articles/e37d1e6a-366c-44ca-81a9-54538009f52d HTTP/1.1" 200 OK
INFO:     127.0.0.1:65483 - "GET /api/v1/published-content-issues/2e9afced-33d9-40e2-902f-a23f761a6fb8/workspace-context HTTP/1.1" 200 OK
INFO:     127.0.0.1:65483 - "GET /api/v1/content-tasks/101716f7-600a-4a60-8905-960cb1cb86ec/detail HTTP/1.1" 200 OK
  ✓  13 [foundation-desktop] › tests/e2e/publication-workspace-real-stack.spec.ts:145:1 › Flow A：V2 UI 从开始发布连续完成成果、修复任务与问题解决 (4.6s)
INFO:     127.0.0.1:65483 - "POST /api/v1/auth/login HTTP/1.1" 200 OK
INFO:     127.0.0.1:65483 - "POST /api/v1/platform-types HTTP/1.1" 201 Created
INFO:     127.0.0.1:65483 - "POST /api/v1/platform-profiles HTTP/1.1" 201 Created
INFO:     127.0.0.1:65483 - "POST /api/v1/platform-accounts HTTP/1.1" 201 Created
INFO:     127.0.0.1:65483 - "POST /api/v1/platform-accounts HTTP/1.1" 201 Created
INFO:     127.0.0.1:65483 - "POST /api/v1/products HTTP/1.1" 201 Created
INFO:     127.0.0.1:65483 - "GET /api/v1/products/d35f1139-7b53-43b9-b36f-3aa64ed59aa5/facts HTTP/1.1" 200 OK
INFO:     127.0.0.1:65483 - "PUT /api/v1/products/d35f1139-7b53-43b9-b36f-3aa64ed59aa5/facts HTTP/1.1" 200 OK
INFO:     127.0.0.1:65483 - "POST /api/v1/products/d35f1139-7b53-43b9-b36f-3aa64ed59aa5/fact-review-submissions HTTP/1.1" 201 Created
INFO:     127.0.0.1:65483 - "POST /api/v1/fact-versions/1079cf18-9594-467e-bd60-561fece44b9f/approve HTTP/1.1" 200 OK
INFO:     127.0.0.1:65483 - "POST /api/v1/content-tasks HTTP/1.1" 201 Created
INFO:     127.0.0.1:65483 - "POST /api/v1/content-tasks/43f7eaf7-7eb5-47f2-a4eb-91520c8f4790/manual-versions HTTP/1.1" 201 Created
INFO:     127.0.0.1:65483 - "POST /api/v1/content-versions/d3a4ae65-9ffd-4816-8aae-50c6f35a00d8/submit-review HTTP/1.1" 200 OK
INFO:     127.0.0.1:65483 - "POST /api/v1/content-versions/d3a4ae65-9ffd-4816-8aae-50c6f35a00d8/approve HTTP/1.1" 200 OK
INFO:     127.0.0.1:65483 - "POST /api/v1/publication-works HTTP/1.1" 201 Created
INFO:     127.0.0.1:49216 - "GET /api/v1/auth/session HTTP/1.1" 200 OK
INFO:     127.0.0.1:49216 - "GET /api/v1/publication-works/70c9502d-7638-4f84-8ebc-51b3f1261882/workspace-context HTTP/1.1" 200 OK
INFO:     127.0.0.1:49217 - "OPTIONS /api/v1/publication-works/70c9502d-7638-4f84-8ebc-51b3f1261882/result HTTP/1.1" 200 OK
INFO:     127.0.0.1:49216 - "PUT /api/v1/publication-works/70c9502d-7638-4f84-8ebc-51b3f1261882/result HTTP/1.1" 200 OK
INFO:     127.0.0.1:49216 - "GET /api/v1/publication-works/70c9502d-7638-4f84-8ebc-51b3f1261882/workspace-context HTTP/1.1" 200 OK
INFO:     127.0.0.1:65483 - "GET /api/v1/publication-works/70c9502d-7638-4f84-8ebc-51b3f1261882/workspace-context HTTP/1.1" 200 OK
INFO:     127.0.0.1:49217 - "OPTIONS /api/v1/publication-works/70c9502d-7638-4f84-8ebc-51b3f1261882/verifications HTTP/1.1" 200 OK
INFO:     127.0.0.1:49216 - "POST /api/v1/publication-works/70c9502d-7638-4f84-8ebc-51b3f1261882/verifications HTTP/1.1" 200 OK
INFO:     127.0.0.1:49216 - "GET /api/v1/publication-works/70c9502d-7638-4f84-8ebc-51b3f1261882/workspace-context HTTP/1.1" 200 OK
INFO:     127.0.0.1:49216 - "GET /api/v1/auth/session HTTP/1.1" 200 OK
INFO:     127.0.0.1:49216 - "GET /api/v1/content-tasks/43f7eaf7-7eb5-47f2-a4eb-91520c8f4790/detail HTTP/1.1" 200 OK
INFO:     127.0.0.1:49216 - "GET /api/v1/auth/session HTTP/1.1" 200 OK
INFO:     127.0.0.1:49216 - "GET /api/v1/content-tasks/43f7eaf7-7eb5-47f2-a4eb-91520c8f4790/editor-context HTTP/1.1" 200 OK
INFO:     127.0.0.1:49217 - "OPTIONS /api/v1/content-versions/d3a4ae65-9ffd-4816-8aae-50c6f35a00d8/revisions HTTP/1.1" 200 OK
INFO:     127.0.0.1:49216 - "POST /api/v1/content-versions/d3a4ae65-9ffd-4816-8aae-50c6f35a00d8/revisions HTTP/1.1" 201 Created
INFO:     127.0.0.1:49216 - "GET /api/v1/content-tasks/43f7eaf7-7eb5-47f2-a4eb-91520c8f4790/editor-context HTTP/1.1" 200 OK
INFO:     127.0.0.1:49217 - "OPTIONS /api/v1/content-versions/edaef2a3-b93e-4c77-b7ff-5dea3eca414b HTTP/1.1" 200 OK
INFO:     127.0.0.1:49216 - "PUT /api/v1/content-versions/edaef2a3-b93e-4c77-b7ff-5dea3eca414b HTTP/1.1" 200 OK
INFO:     127.0.0.1:49216 - "GET /api/v1/content-tasks/43f7eaf7-7eb5-47f2-a4eb-91520c8f4790/editor-context HTTP/1.1" 200 OK
INFO:     127.0.0.1:49217 - "OPTIONS /api/v1/content-versions/edaef2a3-b93e-4c77-b7ff-5dea3eca414b/submit-review HTTP/1.1" 200 OK
INFO:     127.0.0.1:49216 - "POST /api/v1/content-versions/edaef2a3-b93e-4c77-b7ff-5dea3eca414b/submit-review HTTP/1.1" 200 OK
INFO:     127.0.0.1:49216 - "GET /api/v1/content-tasks/43f7eaf7-7eb5-47f2-a4eb-91520c8f4790/editor-context HTTP/1.1" 200 OK
INFO:     127.0.0.1:49216 - "GET /api/v1/content-tasks/43f7eaf7-7eb5-47f2-a4eb-91520c8f4790/detail HTTP/1.1" 200 OK
INFO:     127.0.0.1:49216 - "GET /api/v1/auth/session HTTP/1.1" 200 OK
INFO:     127.0.0.1:49216 - "GET /api/v1/content-tasks/43f7eaf7-7eb5-47f2-a4eb-91520c8f4790/review-context HTTP/1.1" 200 OK
INFO:     127.0.0.1:49217 - "OPTIONS /api/v1/content-versions/edaef2a3-b93e-4c77-b7ff-5dea3eca414b/approve HTTP/1.1" 200 OK
INFO:     127.0.0.1:49216 - "POST /api/v1/content-versions/edaef2a3-b93e-4c77-b7ff-5dea3eca414b/approve HTTP/1.1" 200 OK
INFO:     127.0.0.1:49216 - "GET /api/v1/content-tasks/43f7eaf7-7eb5-47f2-a4eb-91520c8f4790/review-context HTTP/1.1" 200 OK
INFO:     127.0.0.1:49216 - "GET /api/v1/auth/session HTTP/1.1" 200 OK
INFO:     127.0.0.1:49216 - "GET /api/v1/content-tasks/43f7eaf7-7eb5-47f2-a4eb-91520c8f4790/detail HTTP/1.1" 200 OK
INFO:     127.0.0.1:49216 - "GET /api/v1/auth/session HTTP/1.1" 200 OK
INFO:     127.0.0.1:49216 - "GET /api/v1/publication-works/70c9502d-7638-4f84-8ebc-51b3f1261882/workspace-context HTTP/1.1" 200 OK
INFO:     127.0.0.1:49217 - "OPTIONS /api/v1/publication-works/70c9502d-7638-4f84-8ebc-51b3f1261882/content-version HTTP/1.1" 200 OK
INFO:     127.0.0.1:49216 - "POST /api/v1/publication-works/70c9502d-7638-4f84-8ebc-51b3f1261882/content-version HTTP/1.1" 200 OK
INFO:     127.0.0.1:49216 - "GET /api/v1/publication-works/70c9502d-7638-4f84-8ebc-51b3f1261882/workspace-context HTTP/1.1" 200 OK
INFO:     127.0.0.1:49216 - "PUT /api/v1/publication-works/70c9502d-7638-4f84-8ebc-51b3f1261882/result HTTP/1.1" 200 OK
INFO:     127.0.0.1:49216 - "GET /api/v1/publication-works/70c9502d-7638-4f84-8ebc-51b3f1261882/workspace-context HTTP/1.1" 200 OK
INFO:     127.0.0.1:49216 - "POST /api/v1/publication-works/70c9502d-7638-4f84-8ebc-51b3f1261882/verifications HTTP/1.1" 200 OK
INFO:     127.0.0.1:49216 - "GET /api/v1/publication-works/70c9502d-7638-4f84-8ebc-51b3f1261882/workspace-context HTTP/1.1" 200 OK
INFO:     127.0.0.1:65483 - "GET /api/v1/publication-works/70c9502d-7638-4f84-8ebc-51b3f1261882/workspace-context HTTP/1.1" 200 OK
INFO:     127.0.0.1:65483 - "GET /api/v1/content-tasks/43f7eaf7-7eb5-47f2-a4eb-91520c8f4790/detail HTTP/1.1" 200 OK
INFO:     127.0.0.1:65483 - "GET /api/v1/published-articles/70c9502d-7638-4f84-8ebc-51b3f1261882 HTTP/1.1" 200 OK
INFO:     127.0.0.1:65483 - "GET /api/v1/content-versions/d3a4ae65-9ffd-4816-8aae-50c6f35a00d8/detail HTTP/1.1" 200 OK
  ✓  14 [foundation-desktop] › tests/e2e/publication-workspace-real-stack.spec.ts:466:1 › Flow B：失败核验经内容修订审批、换版和重登记后完成发布 (3.2s)
INFO:     127.0.0.1:65483 - "POST /api/v1/auth/login HTTP/1.1" 200 OK
INFO:     127.0.0.1:65483 - "POST /api/v1/platform-types HTTP/1.1" 201 Created
INFO:     127.0.0.1:65483 - "POST /api/v1/platform-profiles HTTP/1.1" 201 Created
INFO:     127.0.0.1:65483 - "POST /api/v1/platform-accounts HTTP/1.1" 201 Created
INFO:     127.0.0.1:65483 - "POST /api/v1/platform-accounts HTTP/1.1" 201 Created
INFO:     127.0.0.1:65483 - "POST /api/v1/products HTTP/1.1" 201 Created
INFO:     127.0.0.1:65483 - "GET /api/v1/products/0d2989fd-0a5e-40e5-970c-de63c2d40d3b/facts HTTP/1.1" 200 OK
INFO:     127.0.0.1:65483 - "PUT /api/v1/products/0d2989fd-0a5e-40e5-970c-de63c2d40d3b/facts HTTP/1.1" 200 OK
INFO:     127.0.0.1:65483 - "POST /api/v1/products/0d2989fd-0a5e-40e5-970c-de63c2d40d3b/fact-review-submissions HTTP/1.1" 201 Created
INFO:     127.0.0.1:65483 - "POST /api/v1/fact-versions/462d24ba-d15a-463d-aef8-e53d1d621296/approve HTTP/1.1" 200 OK
INFO:     127.0.0.1:65483 - "POST /api/v1/content-tasks HTTP/1.1" 201 Created
INFO:     127.0.0.1:65483 - "POST /api/v1/content-tasks/0d585a85-57fc-48df-9a05-1e006fb70d8d/manual-versions HTTP/1.1" 201 Created
INFO:     127.0.0.1:65483 - "POST /api/v1/content-versions/2b761715-9340-4b1a-9804-8f0121171c07/submit-review HTTP/1.1" 200 OK
INFO:     127.0.0.1:65483 - "POST /api/v1/content-versions/2b761715-9340-4b1a-9804-8f0121171c07/approve HTTP/1.1" 200 OK
INFO:     127.0.0.1:65483 - "POST /api/v1/publication-works HTTP/1.1" 201 Created
INFO:     127.0.0.1:65483 - "PUT /api/v1/publication-works/8afd114a-a964-4f6c-89a5-11c676d5dcd7/result HTTP/1.1" 200 OK
INFO:     127.0.0.1:65483 - "POST /api/v1/publication-works/8afd114a-a964-4f6c-89a5-11c676d5dcd7/verifications HTTP/1.1" 200 OK
INFO:     127.0.0.1:49224 - "GET /api/v1/auth/session HTTP/1.1" 200 OK
INFO:     127.0.0.1:49224 - "GET /api/v1/published-articles?page=1&page_size=20&search=37d0da22&sort=VERIFIED_DESC HTTP/1.1" 200 OK
INFO:     127.0.0.1:49224 - "GET /api/v1/auth/session HTTP/1.1" 200 OK
INFO:     127.0.0.1:49224 - "GET /api/v1/published-articles/8afd114a-a964-4f6c-89a5-11c676d5dcd7 HTTP/1.1" 200 OK
  ✓  15 [foundation-desktop] › tests/e2e/publication-workspace-real-stack.spec.ts:653:1 › Published Article：真实栈列表进入单请求只读详情 (462ms)
(node:12689) Warning: The 'NO_COLOR' env is ignored due to the 'FORCE_COLOR' env being set.
(Use `node --trace-warnings ...` to show where the warning was created)
INFO:     127.0.0.1:49231 - "GET /api/v1/auth/session HTTP/1.1" 204 No Content
INFO:     127.0.0.1:49232 - "OPTIONS /api/v1/auth/login HTTP/1.1" 200 OK
INFO:     127.0.0.1:49231 - "POST /api/v1/auth/login HTTP/1.1" 200 OK
INFO:     127.0.0.1:49231 - "GET /api/v1/workbench HTTP/1.1" 200 OK
INFO:     127.0.0.1:49231 - "GET /api/v1/auth/session HTTP/1.1" 200 OK
INFO:     127.0.0.1:49233 - "POST /api/v1/products HTTP/1.1" 201 Created
INFO:     127.0.0.1:49231 - "POST /api/v1/auth/login HTTP/1.1" 200 OK
INFO:     127.0.0.1:49231 - "GET /api/v1/auth/session HTTP/1.1" 200 OK
INFO:     127.0.0.1:49231 - "POST /api/v1/auth/login HTTP/1.1" 200 OK
INFO:     127.0.0.1:49231 - "GET /api/v1/auth/session HTTP/1.1" 200 OK
INFO:     127.0.0.1:49240 - "GET /api/v1/workbench HTTP/1.1" 200 OK
INFO:     127.0.0.1:49231 - "GET /api/v1/workbench HTTP/1.1" 200 OK
  ✓  16 [foundation-desktop] › tests/e2e/auth-session-real-stack.spec.ts:101:1 › 同一 BrowserContext 双页面以 session binding 封闭 A→B→A 的迟到 mutation (1.0s)
INFO:     127.0.0.1:49247 - "GET /api/v1/auth/session HTTP/1.1" 204 No Content
INFO:     127.0.0.1:49248 - "OPTIONS /api/v1/auth/login HTTP/1.1" 200 OK
INFO:     127.0.0.1:49247 - "POST /api/v1/auth/login HTTP/1.1" 200 OK
INFO:     127.0.0.1:49247 - "GET /api/v1/workbench HTTP/1.1" 200 OK
INFO:     127.0.0.1:49247 - "GET /api/v1/auth/session HTTP/1.1" 200 OK
INFO:     127.0.0.1:49247 - "GET /api/v1/workbench HTTP/1.1" 200 OK
INFO:     127.0.0.1:49233 - "POST /api/v1/auth/logout HTTP/1.1" 204 No Content
INFO:     127.0.0.1:49247 - "GET /api/v1/auth/session HTTP/1.1" 204 No Content
INFO:     127.0.0.1:49247 - "GET /api/v1/auth/session HTTP/1.1" 204 No Content
  ✓  17 [foundation-desktop] › tests/e2e/auth-session-real-stack.spec.ts:257:1 › 退出已由服务端提交但响应丢失时发送页与同源页各自只做一次 canonical recovery (595ms)
INFO:     127.0.0.1:49255 - "GET /api/v1/auth/session HTTP/1.1" 204 No Content
INFO:     127.0.0.1:49256 - "OPTIONS /api/v1/auth/login HTTP/1.1" 200 OK
INFO:     127.0.0.1:49255 - "POST /api/v1/auth/login HTTP/1.1" 200 OK
INFO:     127.0.0.1:49255 - "GET /api/v1/workbench HTTP/1.1" 200 OK
INFO:     127.0.0.1:49259 - "GET /api/v1/auth/session HTTP/1.1" 200 OK
INFO:     127.0.0.1:49259 - "GET /api/v1/workbench HTTP/1.1" 200 OK
INFO:     127.0.0.1:49267 - "GET /api/v1/auth/session HTTP/1.1" 200 OK
INFO:     127.0.0.1:49267 - "GET /api/v1/workbench HTTP/1.1" 200 OK
  ✓  18 [foundation-desktop] › tests/e2e/auth-session-real-stack.spec.ts:333:1 › 跨标签页 owner 终止后由 lease 回收存活页与全页面重载 (21.5s)
INFO:     127.0.0.1:49278 - "GET /api/v1/auth/session HTTP/1.1" 204 No Content
INFO:     127.0.0.1:49279 - "OPTIONS /api/v1/auth/login HTTP/1.1" 200 OK
INFO:     127.0.0.1:49278 - "POST /api/v1/auth/login HTTP/1.1" 200 OK
INFO:     127.0.0.1:49278 - "GET /api/v1/workbench HTTP/1.1" 200 OK
INFO:     127.0.0.1:49278 - "GET /api/v1/auth/session HTTP/1.1" 200 OK
INFO:     127.0.0.1:49278 - "GET /api/v1/workbench HTTP/1.1" 200 OK
INFO:     127.0.0.1:49278 - "GET /api/v1/auth/session HTTP/1.1" 200 OK
INFO:     127.0.0.1:49278 - "GET /api/v1/workbench HTTP/1.1" 200 OK
  ✓  19 [foundation-desktop] › tests/e2e/auth-session-real-stack.spec.ts:445:1 › durable terminal reconciliation 与异常协议 marker 保持 fail-closed (624ms)
INFO:     127.0.0.1:49286 - "GET /api/v1/auth/session HTTP/1.1" 204 No Content
INFO:     127.0.0.1:49287 - "OPTIONS /api/v1/auth/login HTTP/1.1" 200 OK
INFO:     127.0.0.1:49286 - "POST /api/v1/auth/login HTTP/1.1" 200 OK
INFO:     127.0.0.1:49287 - "OPTIONS /api/v1/auth/change-password HTTP/1.1" 200 OK
INFO:     127.0.0.1:49286 - "POST /api/v1/auth/change-password HTTP/1.1" 204 No Content
INFO:     127.0.0.1:49286 - "GET /api/v1/auth/session HTTP/1.1" 200 OK
INFO:     127.0.0.1:49286 - "GET /api/v1/workbench HTTP/1.1" 200 OK
INFO:     127.0.0.1:49286 - "GET /api/v1/auth/session HTTP/1.1" 200 OK
INFO:     127.0.0.1:49286 - "GET /api/v1/auth/session HTTP/1.1" 200 OK
INFO:     127.0.0.1:49286 - "GET /api/v1/workbench HTTP/1.1" 200 OK
INFO:     127.0.0.1:49288 - "GET /api/v1/auth/session HTTP/1.1" 200 OK
INFO:     127.0.0.1:49287 - "OPTIONS /api/v1/auth/logout HTTP/1.1" 200 OK
INFO:     127.0.0.1:49286 - "POST /api/v1/auth/logout HTTP/1.1" 204 No Content
INFO:     127.0.0.1:49288 - "GET /api/v1/auth/session HTTP/1.1" 204 No Content
INFO:     127.0.0.1:49288 - "GET /api/v1/auth/session HTTP/1.1" 401 Unauthorized
  ✓  20 [foundation-desktop] › tests/e2e/auth-session-real-stack.spec.ts:624:1 › Auth 真实栈完成 login → forced change → admin 403 → logout (742ms)
INFO:     127.0.0.1:49295 - "GET /api/v1/auth/session HTTP/1.1" 204 No Content
INFO:     127.0.0.1:49296 - "OPTIONS /api/v1/auth/login HTTP/1.1" 200 OK
INFO:     127.0.0.1:49295 - "POST /api/v1/auth/login HTTP/1.1" 200 OK
INFO:     127.0.0.1:49295 - "GET /api/v1/workbench HTTP/1.1" 200 OK
INFO:     127.0.0.1:49288 - "GET /api/v1/auth/me HTTP/1.1" 200 OK
INFO:     127.0.0.1:49288 - "GET /api/v1/auth/csrf HTTP/1.1" 200 OK
INFO:     127.0.0.1:49288 - "POST /api/v1/users HTTP/1.1" 201 Created
INFO:     127.0.0.1:49303 - "GET /api/v1/auth/session HTTP/1.1" 204 No Content
INFO:     127.0.0.1:49304 - "OPTIONS /api/v1/auth/login HTTP/1.1" 200 OK
INFO:     127.0.0.1:49303 - "POST /api/v1/auth/login HTTP/1.1" 200 OK
INFO:     127.0.0.1:49304 - "OPTIONS /api/v1/auth/change-password HTTP/1.1" 200 OK
INFO:     127.0.0.1:49303 - "POST /api/v1/auth/change-password HTTP/1.1" 204 No Content
INFO:     127.0.0.1:49303 - "GET /api/v1/auth/session HTTP/1.1" 200 OK
INFO:     127.0.0.1:49303 - "GET /api/v1/workbench HTTP/1.1" 200 OK
INFO:     127.0.0.1:49295 - "GET /api/v1/auth/session HTTP/1.1" 200 OK
INFO:     127.0.0.1:49295 - "GET /api/v1/users?status=ENABLED&page=1&page_size=20 HTTP/1.1" 200 OK
INFO:     127.0.0.1:49295 - "GET /api/v1/auth/session HTTP/1.1" 200 OK
INFO:     127.0.0.1:49295 - "GET /api/v1/users?status=ENABLED&page=1&page_size=20 HTTP/1.1" 200 OK
INFO:     127.0.0.1:49296 - "OPTIONS /api/v1/users/45fed7ec-eba0-44f2-94ed-c3e82937ad13 HTTP/1.1" 200 OK
INFO:     127.0.0.1:49295 - "PATCH /api/v1/users/45fed7ec-eba0-44f2-94ed-c3e82937ad13 HTTP/1.1" 200 OK
INFO:     127.0.0.1:49295 - "GET /api/v1/auth/session HTTP/1.1" 200 OK
INFO:     127.0.0.1:49295 - "GET /api/v1/auth/session HTTP/1.1" 200 OK
INFO:     127.0.0.1:49288 - "GET /api/v1/auth/csrf HTTP/1.1" 200 OK
INFO:     127.0.0.1:49288 - "PATCH /api/v1/users/45fed7ec-eba0-44f2-94ed-c3e82937ad13 HTTP/1.1" 200 OK
INFO:     127.0.0.1:49295 - "GET /api/v1/auth/session HTTP/1.1" 204 No Content
INFO:     127.0.0.1:49295 - "GET /api/v1/auth/session HTTP/1.1" 204 No Content
INFO:     127.0.0.1:49295 - "POST /api/v1/auth/login HTTP/1.1" 200 OK
INFO:     127.0.0.1:49305 - "GET /api/v1/auth/session HTTP/1.1" 200 OK
INFO:     127.0.0.1:49295 - "GET /api/v1/workbench HTTP/1.1" 200 OK
INFO:     127.0.0.1:49295 - "GET /api/v1/auth/session HTTP/1.1" 200 OK
INFO:     127.0.0.1:49295 - "GET /api/v1/users?status=ENABLED&page=1&page_size=20 HTTP/1.1" 200 OK
INFO:     127.0.0.1:49306 - "GET /api/v1/auth/session HTTP/1.1" 200 OK
INFO:     127.0.0.1:49306 - "GET /api/v1/users?status=ENABLED&page=1&page_size=20 HTTP/1.1" 200 OK
INFO:     127.0.0.1:49288 - "POST /api/v1/auth/login HTTP/1.1" 200 OK
INFO:     127.0.0.1:49288 - "GET /api/v1/auth/session HTTP/1.1" 200 OK
INFO:     127.0.0.1:49306 - "POST /api/v1/users/bulk-status HTTP/1.1" 200 OK
INFO:     127.0.0.1:49306 - "GET /api/v1/auth/session HTTP/1.1" 401 Unauthorized
INFO:     127.0.0.1:49288 - "GET /api/v1/auth/session HTTP/1.1" 401 Unauthorized
INFO:     127.0.0.1:49288 - "GET /api/v1/auth/csrf HTTP/1.1" 200 OK
INFO:     127.0.0.1:49288 - "PATCH /api/v1/users/45fed7ec-eba0-44f2-94ed-c3e82937ad13 HTTP/1.1" 200 OK
INFO:     127.0.0.1:49306 - "GET /api/v1/auth/session HTTP/1.1" 204 No Content
INFO:     127.0.0.1:49306 - "GET /api/v1/auth/session HTTP/1.1" 204 No Content
INFO:     127.0.0.1:49306 - "POST /api/v1/auth/login HTTP/1.1" 200 OK
INFO:     127.0.0.1:49295 - "GET /api/v1/auth/session HTTP/1.1" 200 OK
INFO:     127.0.0.1:49306 - "GET /api/v1/workbench HTTP/1.1" 200 OK
INFO:     127.0.0.1:49306 - "GET /api/v1/auth/session HTTP/1.1" 200 OK
INFO:     127.0.0.1:49306 - "GET /api/v1/users?status=ENABLED&page=1&page_size=20 HTTP/1.1" 200 OK
INFO:     127.0.0.1:49306 - "GET /api/v1/auth/session HTTP/1.1" 200 OK
INFO:     127.0.0.1:49306 - "GET /api/v1/users?status=ENABLED&page=1&page_size=20 HTTP/1.1" 200 OK
INFO:     127.0.0.1:49288 - "POST /api/v1/users/bulk-status HTTP/1.1" 200 OK
INFO:     127.0.0.1:49306 - "GET /api/v1/auth/session HTTP/1.1" 401 Unauthorized
INFO:     127.0.0.1:49309 - "GET /api/v1/auth/session HTTP/1.1" 401 Unauthorized
INFO:     127.0.0.1:49288 - "GET /api/v1/auth/csrf HTTP/1.1" 200 OK
INFO:     127.0.0.1:49288 - "PATCH /api/v1/users/45fed7ec-eba0-44f2-94ed-c3e82937ad13 HTTP/1.1" 200 OK
INFO:     127.0.0.1:49309 - "GET /api/v1/auth/session HTTP/1.1" 204 No Content
INFO:     127.0.0.1:49309 - "GET /api/v1/auth/session HTTP/1.1" 204 No Content
INFO:     127.0.0.1:49309 - "POST /api/v1/auth/login HTTP/1.1" 200 OK
INFO:     127.0.0.1:49306 - "GET /api/v1/auth/session HTTP/1.1" 200 OK
INFO:     127.0.0.1:49309 - "GET /api/v1/workbench HTTP/1.1" 200 OK
INFO:     127.0.0.1:49309 - "GET /api/v1/auth/session HTTP/1.1" 200 OK
INFO:     127.0.0.1:49309 - "GET /api/v1/users?status=ENABLED&page=1&page_size=20 HTTP/1.1" 200 OK
INFO:     127.0.0.1:49309 - "GET /api/v1/auth/session HTTP/1.1" 200 OK
INFO:     127.0.0.1:49309 - "GET /api/v1/users?status=ENABLED&page=1&page_size=20 HTTP/1.1" 200 OK
INFO:     127.0.0.1:49309 - "PATCH /api/v1/users/45fed7ec-eba0-44f2-94ed-c3e82937ad13 HTTP/1.1" 200 OK
INFO:     127.0.0.1:49309 - "GET /api/v1/auth/session HTTP/1.1" 401 Unauthorized
INFO:     127.0.0.1:49309 - "GET /api/v1/auth/session HTTP/1.1" 401 Unauthorized
INFO:     127.0.0.1:49288 - "GET /api/v1/auth/csrf HTTP/1.1" 200 OK
INFO:     127.0.0.1:49288 - "PATCH /api/v1/users/45fed7ec-eba0-44f2-94ed-c3e82937ad13 HTTP/1.1" 200 OK
INFO:     127.0.0.1:49316 - "GET /api/v1/auth/session HTTP/1.1" 204 No Content
INFO:     127.0.0.1:49317 - "OPTIONS /api/v1/auth/login HTTP/1.1" 200 OK
INFO:     127.0.0.1:49316 - "POST /api/v1/auth/login HTTP/1.1" 200 OK
INFO:     127.0.0.1:49288 - "GET /api/v1/auth/csrf HTTP/1.1" 200 OK
INFO:     127.0.0.1:49316 - "GET /api/v1/workbench HTTP/1.1" 200 OK
INFO:     127.0.0.1:49288 - "GET /api/v1/users?q=e2e-boundary-admin-4cf1acef&page=1&page_size=20 HTTP/1.1" 200 OK
INFO:     127.0.0.1:49288 - "PATCH /api/v1/users/a70894f5-4380-4aa2-b194-535754a139fe HTTP/1.1" 200 OK
INFO:     127.0.0.1:49288 - "DELETE /api/v1/users/a70894f5-4380-4aa2-b194-535754a139fe?expected_revision=2 HTTP/1.1" 204 No Content
  ✓  21 [foundation-desktop] › tests/e2e/system-admin-real-stack.spec.ts:289:1 › 当前管理员自降权与自停用通过同一 BrowserContext principal boundary 收敛双页面 (3.7s)
INFO:     127.0.0.1:49324 - "GET /api/v1/auth/session HTTP/1.1" 204 No Content
INFO:     127.0.0.1:49325 - "OPTIONS /api/v1/auth/login HTTP/1.1" 200 OK
INFO:     127.0.0.1:49324 - "POST /api/v1/auth/login HTTP/1.1" 200 OK
INFO:     127.0.0.1:49324 - "GET /api/v1/workbench HTTP/1.1" 200 OK
INFO:     127.0.0.1:49324 - "GET /api/v1/auth/session HTTP/1.1" 200 OK
INFO:     127.0.0.1:49324 - "GET /api/v1/users?status=ENABLED&page=1&page_size=20 HTTP/1.1" 200 OK
INFO:     127.0.0.1:49325 - "OPTIONS /api/v1/users HTTP/1.1" 200 OK
INFO:     127.0.0.1:49324 - "POST /api/v1/users HTTP/1.1" 201 Created
INFO:     127.0.0.1:49324 - "GET /api/v1/users?status=ENABLED&page=1&page_size=20 HTTP/1.1" 200 OK
INFO:     127.0.0.1:49288 - "GET /api/v1/auth/csrf HTTP/1.1" 200 OK
INFO:     127.0.0.1:49288 - "GET /api/v1/audit-logs?page=1&page_size=20&request_id=282c0a27-a4d7-410f-85f8-b01c3faaeb2a HTTP/1.1" 200 OK
INFO:     127.0.0.1:49332 - "GET /api/v1/auth/session HTTP/1.1" 204 No Content
INFO:     127.0.0.1:49333 - "OPTIONS /api/v1/auth/login HTTP/1.1" 200 OK
INFO:     127.0.0.1:49332 - "POST /api/v1/auth/login HTTP/1.1" 200 OK
INFO:     127.0.0.1:49288 - "GET /api/v1/auth/csrf HTTP/1.1" 200 OK
INFO:     127.0.0.1:49333 - "OPTIONS /api/v1/auth/change-password HTTP/1.1" 200 OK
INFO:     127.0.0.1:49332 - "POST /api/v1/auth/change-password HTTP/1.1" 204 No Content
INFO:     127.0.0.1:49332 - "GET /api/v1/auth/session HTTP/1.1" 200 OK
INFO:     127.0.0.1:49332 - "GET /api/v1/workbench HTTP/1.1" 200 OK
INFO:     127.0.0.1:49288 - "GET /api/v1/auth/me HTTP/1.1" 200 OK
INFO:     127.0.0.1:49332 - "GET /api/v1/auth/session HTTP/1.1" 200 OK
INFO:     127.0.0.1:49332 - "GET /api/v1/auth/session HTTP/1.1" 200 OK
INFO:     127.0.0.1:49288 - "GET /api/v1/users HTTP/1.1" 403 Forbidden
INFO:     127.0.0.1:49288 - "POST /api/v1/users/bulk-status HTTP/1.1" 403 Forbidden
INFO:     127.0.0.1:49288 - "GET /api/v1/users/export HTTP/1.1" 403 Forbidden
INFO:     127.0.0.1:49288 - "GET /api/v1/audit-logs HTTP/1.1" 403 Forbidden
INFO:     127.0.0.1:49288 - "GET /api/v1/audit-logs/filter-options HTTP/1.1" 403 Forbidden
INFO:     127.0.0.1:49288 - "GET /api/v1/audit-logs/da54fd01-2b2e-47d6-8d66-f8b5f4685f32 HTTP/1.1" 403 Forbidden
INFO:     127.0.0.1:49324 - "GET /api/v1/auth/session HTTP/1.1" 200 OK
INFO:     127.0.0.1:49324 - "GET /api/v1/users?status=ENABLED&page=1&page_size=20 HTTP/1.1" 200 OK
INFO:     127.0.0.1:49325 - "OPTIONS /api/v1/users/2c462a49-5952-40a8-82cf-63de28410071/reset-password HTTP/1.1" 200 OK
INFO:     127.0.0.1:49324 - "POST /api/v1/users/2c462a49-5952-40a8-82cf-63de28410071/reset-password HTTP/1.1" 200 OK
INFO:     127.0.0.1:49288 - "GET /api/v1/auth/me HTTP/1.1" 401 Unauthorized
INFO:     127.0.0.1:49324 - "GET /api/v1/users?status=ENABLED&page=1&page_size=20 HTTP/1.1" 200 OK
INFO:     127.0.0.1:49332 - "GET /api/v1/auth/session HTTP/1.1" 401 Unauthorized
INFO:     127.0.0.1:49332 - "POST /api/v1/auth/login HTTP/1.1" 200 OK
INFO:     127.0.0.1:49332 - "POST /api/v1/auth/change-password HTTP/1.1" 204 No Content
INFO:     127.0.0.1:49332 - "GET /api/v1/auth/session HTTP/1.1" 200 OK
INFO:     127.0.0.1:49332 - "GET /api/v1/workbench HTTP/1.1" 200 OK
INFO:     127.0.0.1:49288 - "GET /api/v1/auth/me HTTP/1.1" 200 OK
INFO:     127.0.0.1:49324 - "GET /api/v1/auth/session HTTP/1.1" 200 OK
INFO:     127.0.0.1:49324 - "GET /api/v1/users?status=ENABLED&page=1&page_size=20 HTTP/1.1" 200 OK
INFO:     127.0.0.1:49325 - "OPTIONS /api/v1/users/bulk-status HTTP/1.1" 200 OK
INFO:     127.0.0.1:49324 - "POST /api/v1/users/bulk-status HTTP/1.1" 200 OK
INFO:     127.0.0.1:49324 - "GET /api/v1/users?status=ENABLED&page=1&page_size=20 HTTP/1.1" 200 OK
INFO:     127.0.0.1:49288 - "GET /api/v1/auth/me HTTP/1.1" 200 OK
INFO:     127.0.0.1:49324 - "GET /api/v1/auth/session HTTP/1.1" 200 OK
INFO:     127.0.0.1:49334 - "GET /api/v1/audit-logs/filter-options HTTP/1.1" 200 OK
INFO:     127.0.0.1:49324 - "GET /api/v1/audit-logs?page=1&page_size=20&created_from=2026-09-30T06%3A52%3A29.634Z&created_to=2026-10-03T06%3A52%3A29.634Z&request_id=282c0a27-a4d7-410f-85f8-b01c3faaeb2a HTTP/1.1" 200 OK
INFO:     127.0.0.1:49324 - "GET /api/v1/audit-logs/da54fd01-2b2e-47d6-8d66-f8b5f4685f32 HTTP/1.1" 200 OK
INFO:     127.0.0.1:49324 - "GET /api/v1/auth/session HTTP/1.1" 200 OK
INFO:     127.0.0.1:49334 - "GET /api/v1/audit-logs/filter-options HTTP/1.1" 200 OK
INFO:     127.0.0.1:49324 - "GET /api/v1/audit-logs?page=1&page_size=20&created_from=2026-09-30T06%3A52%3A29.754Z&created_to=2026-10-03T06%3A52%3A29.754Z&request_id=bd845e9e-ce91-44f3-af9c-1b1a164ef54b HTTP/1.1" 200 OK
INFO:     127.0.0.1:49324 - "GET /api/v1/auth/session HTTP/1.1" 200 OK
INFO:     127.0.0.1:49324 - "GET /api/v1/audit-logs?page=1&page_size=20&created_from=2026-09-30T06%3A52%3A29.818Z&created_to=2026-10-03T06%3A52%3A29.818Z&request_id=fbfe2adc-a49e-499a-bc16-9952dc1b5966 HTTP/1.1" 200 OK
INFO:     127.0.0.1:49334 - "GET /api/v1/audit-logs/filter-options HTTP/1.1" 200 OK
INFO:     127.0.0.1:49334 - "GET /api/v1/auth/session HTTP/1.1" 200 OK
INFO:     127.0.0.1:49324 - "GET /api/v1/audit-logs/filter-options HTTP/1.1" 200 OK
INFO:     127.0.0.1:49334 - "GET /api/v1/audit-logs?page=1&page_size=20&created_from=2026-09-30T06%3A52%3A29.877Z&created_to=2026-10-03T06%3A52%3A29.877Z&action=user.password_changed&target_id=2c462a49-5952-40a8-82cf-63de28410071 HTTP/1.1" 200 OK
INFO:     127.0.0.1:49334 - "GET /api/v1/auth/session HTTP/1.1" 200 OK
INFO:     127.0.0.1:49334 - "GET /api/v1/users?q=e2e-engineer-ad779a46&status=DISABLED&page=1&page_size=20 HTTP/1.1" 200 OK
INFO:     127.0.0.1:49325 - "OPTIONS /api/v1/users/2c462a49-5952-40a8-82cf-63de28410071?expected_revision=4 HTTP/1.1" 200 OK
INFO:     127.0.0.1:49334 - "DELETE /api/v1/users/2c462a49-5952-40a8-82cf-63de28410071?expected_revision=4 HTTP/1.1" 204 No Content
INFO:     127.0.0.1:49334 - "GET /api/v1/users?q=e2e-engineer-ad779a46&status=DISABLED&page=1&page_size=20 HTTP/1.1" 200 OK
INFO:     127.0.0.1:49334 - "GET /api/v1/auth/session HTTP/1.1" 200 OK
INFO:     127.0.0.1:49334 - "GET /api/v1/audit-logs?page=1&page_size=20&created_from=2026-09-30T06%3A52%3A30.328Z&created_to=2026-10-03T06%3A52%3A30.328Z&action=user.password_changed&target_id=2c462a49-5952-40a8-82cf-63de28410071 HTTP/1.1" 200 OK
INFO:     127.0.0.1:49324 - "GET /api/v1/audit-logs/filter-options HTTP/1.1" 200 OK
  ✓  22 [foundation-desktop] › tests/e2e/system-admin-real-stack.spec.ts:864:1 › System Admin 真实栈完成用户、权限、会话与审计闭环 (3.3s)
(node:12735) Warning: The 'NO_COLOR' env is ignored due to the 'FORCE_COLOR' env being set.
(Use `node --trace-warnings ...` to show where the warning was created)
INFO:     127.0.0.1:49335 - "POST /api/v1/auth/login HTTP/1.1" 200 OK
INFO:     127.0.0.1:49342 - "GET /api/v1/auth/session HTTP/1.1" 200 OK
INFO:     127.0.0.1:49342 - "GET /api/v1/geo/subjects?page=1&page_size=20&sort=NAME_ASC HTTP/1.1" 200 OK
INFO:     127.0.0.1:49343 - "GET /api/v1/geo/subjects?page=1&page_size=10&sort=NAME_ASC&subject_type=OWN_BRAND HTTP/1.1" 200 OK
INFO:     127.0.0.1:49342 - "GET /api/v1/products?search=&page=1&page_size=10&sort=MODEL_ASC HTTP/1.1" 200 OK
INFO:     127.0.0.1:49344 - "OPTIONS /api/v1/geo/subjects HTTP/1.1" 200 OK
INFO:     127.0.0.1:49342 - "POST /api/v1/geo/subjects HTTP/1.1" 201 Created
INFO:     127.0.0.1:49342 - "GET /api/v1/geo/subjects?page=1&page_size=20&sort=NAME_ASC HTTP/1.1" 200 OK
INFO:     127.0.0.1:49343 - "GET /api/v1/geo/subjects/d9537594-62cd-4a6c-9993-62f1fe466957 HTTP/1.1" 200 OK
INFO:     127.0.0.1:49343 - "GET /api/v1/auth/session HTTP/1.1" 200 OK
INFO:     127.0.0.1:49343 - "GET /api/v1/geo/engine-surfaces?page=1&page_size=20&sort=NAME_ASC HTTP/1.1" 200 OK
INFO:     127.0.0.1:49344 - "OPTIONS /api/v1/geo/engine-surfaces HTTP/1.1" 200 OK
INFO:     127.0.0.1:49343 - "POST /api/v1/geo/engine-surfaces HTTP/1.1" 201 Created
INFO:     127.0.0.1:49343 - "GET /api/v1/geo/engine-surfaces?page=1&page_size=20&sort=NAME_ASC HTTP/1.1" 200 OK
INFO:     127.0.0.1:49343 - "GET /api/v1/geo/engine-surfaces/e960bc3b-b8ea-45ef-82ac-1ddff88ddce6 HTTP/1.1" 200 OK
INFO:     127.0.0.1:49344 - "OPTIONS /api/v1/geo/engine-surfaces/e960bc3b-b8ea-45ef-82ac-1ddff88ddce6/enable HTTP/1.1" 200 OK
INFO:     127.0.0.1:49343 - "POST /api/v1/geo/engine-surfaces/e960bc3b-b8ea-45ef-82ac-1ddff88ddce6/enable HTTP/1.1" 200 OK
INFO:     127.0.0.1:49343 - "GET /api/v1/geo/engine-surfaces?page=1&page_size=20&sort=NAME_ASC HTTP/1.1" 200 OK
INFO:     127.0.0.1:49343 - "GET /api/v1/geo/collection-profiles?page=1&page_size=20&sort=NAME_ASC&engine_surface_id=e960bc3b-b8ea-45ef-82ac-1ddff88ddce6 HTTP/1.1" 200 OK
INFO:     127.0.0.1:49344 - "OPTIONS /api/v1/geo/collection-profiles HTTP/1.1" 200 OK
INFO:     127.0.0.1:49343 - "POST /api/v1/geo/collection-profiles HTTP/1.1" 201 Created
INFO:     127.0.0.1:49343 - "GET /api/v1/geo/collection-profiles?page=1&page_size=20&sort=NAME_ASC&engine_surface_id=e960bc3b-b8ea-45ef-82ac-1ddff88ddce6 HTTP/1.1" 200 OK
INFO:     127.0.0.1:49342 - "GET /api/v1/geo/collection-profiles/aa1782ef-224f-40ef-bf66-15156993079e HTTP/1.1" 200 OK
INFO:     127.0.0.1:49344 - "OPTIONS /api/v1/geo/collection-profiles/aa1782ef-224f-40ef-bf66-15156993079e/enable HTTP/1.1" 200 OK
INFO:     127.0.0.1:49342 - "POST /api/v1/geo/collection-profiles/aa1782ef-224f-40ef-bf66-15156993079e/enable HTTP/1.1" 200 OK
INFO:     127.0.0.1:49342 - "GET /api/v1/geo/collection-profiles?page=1&page_size=20&sort=NAME_ASC&engine_surface_id=e960bc3b-b8ea-45ef-82ac-1ddff88ddce6 HTTP/1.1" 200 OK
INFO:     127.0.0.1:49335 - "POST /api/v1/users HTTP/1.1" 201 Created
INFO:     127.0.0.1:49335 - "POST /api/v1/auth/login HTTP/1.1" 200 OK
INFO:     127.0.0.1:49335 - "POST /api/v1/auth/change-password HTTP/1.1" 204 No Content
INFO:     127.0.0.1:49351 - "GET /api/v1/auth/session HTTP/1.1" 200 OK
INFO:     127.0.0.1:49351 - "GET /api/v1/query-topics/list-items?sort=QUESTION_ASC&page=1&page_size=20 HTTP/1.1" 200 OK
INFO:     127.0.0.1:49352 - "OPTIONS /api/v1/query-topics HTTP/1.1" 200 OK
INFO:     127.0.0.1:49351 - "POST /api/v1/query-topics HTTP/1.1" 201 Created
INFO:     127.0.0.1:49351 - "GET /api/v1/query-topics/list-items?sort=QUESTION_ASC&page=1&page_size=20 HTTP/1.1" 200 OK
INFO:     127.0.0.1:49351 - "GET /api/v1/auth/session HTTP/1.1" 200 OK
INFO:     127.0.0.1:49351 - "GET /api/v1/geo/prompt-variants?page=1&page_size=20&sort=UPDATED_DESC HTTP/1.1" 200 OK
INFO:     127.0.0.1:49351 - "GET /api/v1/query-topics HTTP/1.1" 200 OK
INFO:     127.0.0.1:49352 - "OPTIONS /api/v1/geo/query-topics/f48d24da-93d1-4751-9cbf-d2e4c061b199/prompt-variants HTTP/1.1" 200 OK
INFO:     127.0.0.1:49351 - "POST /api/v1/geo/query-topics/f48d24da-93d1-4751-9cbf-d2e4c061b199/prompt-variants HTTP/1.1" 201 Created
INFO:     127.0.0.1:49351 - "GET /api/v1/geo/prompt-variants?page=1&page_size=20&sort=UPDATED_DESC HTTP/1.1" 200 OK
INFO:     127.0.0.1:49351 - "GET /api/v1/auth/session HTTP/1.1" 200 OK
INFO:     127.0.0.1:49351 - "GET /api/v1/geo/monitoring-plans?page=1&page_size=20&sort=UPDATED_DESC HTTP/1.1" 200 OK
INFO:     127.0.0.1:49351 - "GET /api/v1/geo/subjects?page=1&page_size=10&sort=NAME_ASC HTTP/1.1" 200 OK
INFO:     127.0.0.1:49351 - "GET /api/v1/geo/subjects?q=b081ef2b&page=1&page_size=10&sort=NAME_ASC HTTP/1.1" 200 OK
INFO:     127.0.0.1:49351 - "GET /api/v1/geo/prompt-variants?q=b081ef2b&page=1&page_size=10&sort=TEXT_ASC HTTP/1.1" 200 OK
INFO:     127.0.0.1:49351 - "GET /api/v1/geo/collection-profiles?q=b081ef2b&page=1&page_size=10&sort=NAME_ASC HTTP/1.1" 200 OK
INFO:     127.0.0.1:49352 - "OPTIONS /api/v1/geo/monitoring-plans/preview HTTP/1.1" 200 OK
INFO:     127.0.0.1:49351 - "POST /api/v1/geo/monitoring-plans/preview HTTP/1.1" 200 OK
INFO:     127.0.0.1:49352 - "OPTIONS /api/v1/geo/monitoring-plans HTTP/1.1" 200 OK
INFO:     127.0.0.1:49351 - "POST /api/v1/geo/monitoring-plans HTTP/1.1" 201 Created
INFO:     127.0.0.1:49351 - "GET /api/v1/geo/monitoring-plans?page=1&page_size=20&sort=UPDATED_DESC HTTP/1.1" 200 OK
INFO:     127.0.0.1:49352 - "OPTIONS /api/v1/geo/monitoring-plans/0a6b8ccb-f095-4429-b100-447dc083d493/activate HTTP/1.1" 200 OK
INFO:     127.0.0.1:49351 - "POST /api/v1/geo/monitoring-plans/0a6b8ccb-f095-4429-b100-447dc083d493/activate HTTP/1.1" 200 OK
INFO:     127.0.0.1:49351 - "GET /api/v1/geo/monitoring-plans?page=1&page_size=20&sort=UPDATED_DESC HTTP/1.1" 200 OK
INFO:     127.0.0.1:49352 - "OPTIONS /api/v1/geo/monitoring-plans/0a6b8ccb-f095-4429-b100-447dc083d493/pause HTTP/1.1" 200 OK
INFO:     127.0.0.1:49351 - "POST /api/v1/geo/monitoring-plans/0a6b8ccb-f095-4429-b100-447dc083d493/pause HTTP/1.1" 200 OK
INFO:     127.0.0.1:49351 - "GET /api/v1/geo/monitoring-plans?page=1&page_size=20&sort=UPDATED_DESC HTTP/1.1" 200 OK
INFO:     127.0.0.1:49352 - "OPTIONS /api/v1/geo/monitoring-plans/0a6b8ccb-f095-4429-b100-447dc083d493/resume HTTP/1.1" 200 OK
INFO:     127.0.0.1:49351 - "POST /api/v1/geo/monitoring-plans/0a6b8ccb-f095-4429-b100-447dc083d493/resume HTTP/1.1" 200 OK
INFO:     127.0.0.1:49355 - "GET /api/v1/auth/session HTTP/1.1" 200 OK
INFO:     127.0.0.1:49356 - "GET /api/v1/geo/monitoring-plans/0a6b8ccb-f095-4429-b100-447dc083d493 HTTP/1.1" 200 OK
INFO:     127.0.0.1:49355 - "GET /api/v1/geo/monitoring-plans?page=1&page_size=20&sort=UPDATED_DESC HTTP/1.1" 200 OK
INFO:     127.0.0.1:49355 - "POST /api/v1/geo/monitoring-plans/preview HTTP/1.1" 200 OK
INFO:     127.0.0.1:49352 - "OPTIONS /api/v1/geo/monitoring-plans/0a6b8ccb-f095-4429-b100-447dc083d493 HTTP/1.1" 200 OK
INFO:     127.0.0.1:49355 - "PATCH /api/v1/geo/monitoring-plans/0a6b8ccb-f095-4429-b100-447dc083d493 HTTP/1.1" 200 OK
INFO:     127.0.0.1:49355 - "GET /api/v1/geo/monitoring-plans?page=1&page_size=20&sort=UPDATED_DESC HTTP/1.1" 200 OK
INFO:     127.0.0.1:49352 - "OPTIONS /api/v1/geo/monitoring-plans/0a6b8ccb-f095-4429-b100-447dc083d493/copy HTTP/1.1" 200 OK
INFO:     127.0.0.1:49355 - "POST /api/v1/geo/monitoring-plans/0a6b8ccb-f095-4429-b100-447dc083d493/copy HTTP/1.1" 201 Created
INFO:     127.0.0.1:49355 - "GET /api/v1/geo/monitoring-plans?page=1&page_size=20&sort=UPDATED_DESC HTTP/1.1" 200 OK
INFO:     127.0.0.1:49352 - "OPTIONS /api/v1/geo/monitoring-plans/88e1df22-6082-4dc4-a307-08e2debc8b49?expected_revision=0 HTTP/1.1" 200 OK
INFO:     127.0.0.1:49355 - "DELETE /api/v1/geo/monitoring-plans/88e1df22-6082-4dc4-a307-08e2debc8b49?expected_revision=0 HTTP/1.1" 204 No Content
INFO:     127.0.0.1:49355 - "GET /api/v1/geo/monitoring-plans?page=1&page_size=20&sort=UPDATED_DESC HTTP/1.1" 200 OK
INFO:     127.0.0.1:49355 - "GET /api/v1/auth/session HTTP/1.1" 200 OK
INFO:     127.0.0.1:49356 - "GET /api/v1/geo/monitoring-plans/0a6b8ccb-f095-4429-b100-447dc083d493 HTTP/1.1" 200 OK
INFO:     127.0.0.1:49355 - "GET /api/v1/geo/monitoring-plans?q=b081ef2b&schedule_kind=CRON&page=1&page_size=20&sort=NAME_ASC HTTP/1.1" 200 OK
INFO:     127.0.0.1:49352 - "OPTIONS /api/v1/geo/monitoring-plans/0a6b8ccb-f095-4429-b100-447dc083d493/archive HTTP/1.1" 200 OK
INFO:     127.0.0.1:49355 - "POST /api/v1/geo/monitoring-plans/0a6b8ccb-f095-4429-b100-447dc083d493/archive HTTP/1.1" 200 OK
INFO:     127.0.0.1:49357 - "GET /api/v1/geo/monitoring-plans/0a6b8ccb-f095-4429-b100-447dc083d493 HTTP/1.1" 200 OK
INFO:     127.0.0.1:49356 - "GET /api/v1/auth/session HTTP/1.1" 200 OK
INFO:     127.0.0.1:49358 - "GET /api/v1/geo/monitoring-plans/0a6b8ccb-f095-4429-b100-447dc083d493 HTTP/1.1" 200 OK
INFO:     127.0.0.1:49356 - "GET /api/v1/geo/monitoring-plans?q=b081ef2b&schedule_kind=CRON&page=1&page_size=20&sort=NAME_ASC HTTP/1.1" 200 OK
  ✓  23 [foundation-desktop] › tests/e2e/plans-real-stack.spec.ts:39:1 › 工程师八步创建、服务端预览、dirty、URL、启停修订复制归档与删除持久化 (10.4s)
INFO:     127.0.0.1:49357 - "POST /api/v1/auth/login HTTP/1.1" 200 OK
INFO:     127.0.0.1:49357 - "POST /api/v1/users HTTP/1.1" 201 Created
INFO:     127.0.0.1:49357 - "POST /api/v1/auth/login HTTP/1.1" 200 OK
INFO:     127.0.0.1:49357 - "POST /api/v1/auth/change-password HTTP/1.1" 204 No Content
INFO:     127.0.0.1:49365 - "GET /api/v1/auth/session HTTP/1.1" 200 OK
INFO:     127.0.0.1:49365 - "GET /api/v1/query-topics/list-items?sort=QUESTION_ASC&page=1&page_size=20 HTTP/1.1" 200 OK
INFO:     127.0.0.1:49366 - "OPTIONS /api/v1/query-topics HTTP/1.1" 200 OK
INFO:     127.0.0.1:49365 - "POST /api/v1/query-topics HTTP/1.1" 201 Created
INFO:     127.0.0.1:49367 - "GET /api/v1/auth/session HTTP/1.1" 200 OK
INFO:     127.0.0.1:49367 - "GET /api/v1/geo/prompt-variants?page=1&page_size=20&sort=UPDATED_DESC HTTP/1.1" 200 OK
INFO:     127.0.0.1:49367 - "GET /api/v1/query-topics HTTP/1.1" 200 OK
INFO:     127.0.0.1:49366 - "OPTIONS /api/v1/geo/query-topics/d9e876ef-0712-4102-b2a6-5077b52b5860/prompt-variants HTTP/1.1" 200 OK
INFO:     127.0.0.1:49367 - "POST /api/v1/geo/query-topics/d9e876ef-0712-4102-b2a6-5077b52b5860/prompt-variants HTTP/1.1" 201 Created
INFO:     127.0.0.1:49367 - "GET /api/v1/geo/prompt-variants?page=1&page_size=20&sort=UPDATED_DESC HTTP/1.1" 200 OK
INFO:     127.0.0.1:49367 - "GET /api/v1/geo/prompt-variants?q=745145e4&query_topic_id=d9e876ef-0712-4102-b2a6-5077b52b5860&page=1&page_size=20&sort=UPDATED_DESC HTTP/1.1" 200 OK
INFO:     127.0.0.1:49367 - "GET /api/v1/geo/prompt-variants?q=745145e4&query_topic_id=d9e876ef-0712-4102-b2a6-5077b52b5860&mention_mode=UNBRANDED&page=1&page_size=20&sort=UPDATED_DESC HTTP/1.1" 200 OK
INFO:     127.0.0.1:49367 - "GET /api/v1/geo/prompt-variants?q=745145e4&query_topic_id=d9e876ef-0712-4102-b2a6-5077b52b5860&mention_mode=UNBRANDED&priority=CORE&page=1&page_size=20&sort=UPDATED_DESC HTTP/1.1" 200 OK
INFO:     127.0.0.1:49368 - "GET /api/v1/auth/session HTTP/1.1" 200 OK
INFO:     127.0.0.1:49368 - "GET /api/v1/geo/prompt-variants?q=745145e4&query_topic_id=d9e876ef-0712-4102-b2a6-5077b52b5860&mention_mode=UNBRANDED&priority=CORE&is_active=true&page=1&page_size=20&sort=UPDATED_DESC HTTP/1.1" 200 OK
INFO:     127.0.0.1:49368 - "GET /api/v1/query-topics HTTP/1.1" 200 OK
INFO:     127.0.0.1:49368 - "GET /api/v1/geo/prompt-variants/b7f989f8-9e70-47df-ba20-6abfa24bf504 HTTP/1.1" 200 OK
INFO:     127.0.0.1:49366 - "OPTIONS /api/v1/geo/prompt-variants/b7f989f8-9e70-47df-ba20-6abfa24bf504 HTTP/1.1" 200 OK
INFO:     127.0.0.1:49368 - "PATCH /api/v1/geo/prompt-variants/b7f989f8-9e70-47df-ba20-6abfa24bf504 HTTP/1.1" 200 OK
INFO:     127.0.0.1:49368 - "GET /api/v1/geo/prompt-variants?q=745145e4&query_topic_id=d9e876ef-0712-4102-b2a6-5077b52b5860&mention_mode=UNBRANDED&priority=CORE&is_active=true&page=1&page_size=20&sort=UPDATED_DESC HTTP/1.1" 200 OK
INFO:     127.0.0.1:49366 - "OPTIONS /api/v1/geo/prompt-variants/b7f989f8-9e70-47df-ba20-6abfa24bf504/disable HTTP/1.1" 200 OK
INFO:     127.0.0.1:49368 - "POST /api/v1/geo/prompt-variants/b7f989f8-9e70-47df-ba20-6abfa24bf504/disable HTTP/1.1" 200 OK
INFO:     127.0.0.1:49368 - "GET /api/v1/geo/prompt-variants?q=745145e4&query_topic_id=d9e876ef-0712-4102-b2a6-5077b52b5860&mention_mode=UNBRANDED&priority=CORE&is_active=true&page=1&page_size=20&sort=UPDATED_DESC HTTP/1.1" 200 OK
INFO:     127.0.0.1:49366 - "OPTIONS /api/v1/geo/prompt-variants/b7f989f8-9e70-47df-ba20-6abfa24bf504/enable HTTP/1.1" 200 OK
INFO:     127.0.0.1:49368 - "POST /api/v1/geo/prompt-variants/b7f989f8-9e70-47df-ba20-6abfa24bf504/enable HTTP/1.1" 200 OK
INFO:     127.0.0.1:49369 - "GET /api/v1/auth/session HTTP/1.1" 200 OK
INFO:     127.0.0.1:49370 - "GET /api/v1/geo/prompt-variants/b7f989f8-9e70-47df-ba20-6abfa24bf504 HTTP/1.1" 200 OK
INFO:     127.0.0.1:49369 - "GET /api/v1/geo/prompt-variants?q=745145e4&query_topic_id=d9e876ef-0712-4102-b2a6-5077b52b5860&mention_mode=UNBRANDED&priority=CORE&is_active=true&page=1&page_size=20&sort=UPDATED_DESC HTTP/1.1" 200 OK
INFO:     127.0.0.1:49369 - "GET /api/v1/query-topics HTTP/1.1" 200 OK
INFO:     127.0.0.1:49369 - "POST /api/v1/geo/query-topics/d9e876ef-0712-4102-b2a6-5077b52b5860/prompt-variants HTTP/1.1" 409 Conflict
INFO:     127.0.0.1:49369 - "POST /api/v1/geo/query-topics/d9e876ef-0712-4102-b2a6-5077b52b5860/prompt-variants HTTP/1.1" 201 Created
INFO:     127.0.0.1:49369 - "GET /api/v1/geo/prompt-variants?q=745145e4&query_topic_id=d9e876ef-0712-4102-b2a6-5077b52b5860&mention_mode=UNBRANDED&priority=CORE&is_active=true&page=1&page_size=20&sort=UPDATED_DESC HTTP/1.1" 200 OK
INFO:     127.0.0.1:49366 - "OPTIONS /api/v1/geo/prompt-variants/70873221-e7e1-4363-b9da-bfe5e7471ab3?expected_revision=0 HTTP/1.1" 200 OK
INFO:     127.0.0.1:49369 - "DELETE /api/v1/geo/prompt-variants/70873221-e7e1-4363-b9da-bfe5e7471ab3?expected_revision=0 HTTP/1.1" 204 No Content
INFO:     127.0.0.1:49369 - "GET /api/v1/geo/prompt-variants?q=745145e4&query_topic_id=d9e876ef-0712-4102-b2a6-5077b52b5860&mention_mode=UNBRANDED&priority=CORE&is_active=true&page=1&page_size=20&sort=UPDATED_DESC HTTP/1.1" 200 OK
INFO:     127.0.0.1:49369 - "GET /api/v1/auth/session HTTP/1.1" 200 OK
INFO:     127.0.0.1:49370 - "GET /api/v1/geo/prompt-variants/b7f989f8-9e70-47df-ba20-6abfa24bf504 HTTP/1.1" 200 OK
INFO:     127.0.0.1:49369 - "GET /api/v1/geo/prompt-variants?page=1&page_size=20&sort=UPDATED_DESC HTTP/1.1" 200 OK
INFO:     127.0.0.1:49369 - "GET /api/v1/query-topics HTTP/1.1" 200 OK
INFO:     127.0.0.1:49366 - "OPTIONS /api/v1/geo/prompt-variants/b7f989f8-9e70-47df-ba20-6abfa24bf504?expected_revision=3 HTTP/1.1" 200 OK
INFO:     127.0.0.1:49369 - "DELETE /api/v1/geo/prompt-variants/b7f989f8-9e70-47df-ba20-6abfa24bf504?expected_revision=3 HTTP/1.1" 204 No Content
INFO:     127.0.0.1:49369 - "GET /api/v1/geo/prompt-variants?page=1&page_size=20&sort=UPDATED_DESC HTTP/1.1" 200 OK
INFO:     127.0.0.1:49369 - "GET /api/v1/auth/session HTTP/1.1" 200 OK
INFO:     127.0.0.1:49369 - "GET /api/v1/geo/prompt-variants?page=1&page_size=20&sort=UPDATED_DESC HTTP/1.1" 200 OK
INFO:     127.0.0.1:49369 - "GET /api/v1/query-topics HTTP/1.1" 200 OK
  ✘  24 [foundation-desktop] › tests/e2e/questions-real-stack.spec.ts:30:1 › 工程师创建、筛选、编辑、启停、复制与删除；刷新持久化，运行入口不可用 (10.8s)
(node:12753) Warning: The 'NO_COLOR' env is ignored due to the 'FORCE_COLOR' env being set.
(Use `node --trace-warnings ...` to show where the warning was created)
INFO:     127.0.0.1:49371 - "POST /api/v1/auth/login HTTP/1.1" 200 OK
INFO:     127.0.0.1:49371 - "POST /api/v1/geo/subjects HTTP/1.1" 201 Created
INFO:     127.0.0.1:49371 - "POST /api/v1/geo/engine-surfaces HTTP/1.1" 201 Created
INFO:     127.0.0.1:49371 - "POST /api/v1/geo/engine-surfaces/60ee67b9-118a-49b6-a932-4e71259a62c1/enable HTTP/1.1" 200 OK
INFO:     127.0.0.1:49371 - "POST /api/v1/geo/collection-profiles HTTP/1.1" 201 Created
INFO:     127.0.0.1:49371 - "POST /api/v1/geo/collection-profiles/2c6a5fa5-a394-45b4-803b-c1be94b1bb36/enable HTTP/1.1" 200 OK
INFO:     127.0.0.1:49371 - "POST /api/v1/query-topics HTTP/1.1" 201 Created
INFO:     127.0.0.1:49371 - "POST /api/v1/geo/query-topics/a226948a-bc02-44e8-83e2-bd22e7471478/prompt-variants HTTP/1.1" 201 Created
INFO:     127.0.0.1:49371 - "POST /api/v1/geo/monitoring-plans HTTP/1.1" 201 Created
INFO:     127.0.0.1:49378 - "GET /api/v1/auth/session HTTP/1.1" 200 OK
INFO:     127.0.0.1:49378 - "GET /api/v1/geo/observation-batches?sort=CREATED_DESC&page=1&page_size=20 HTTP/1.1" 200 OK
INFO:     127.0.0.1:49378 - "GET /api/v1/geo/monitoring-plans?page=1&page_size=20&sort=UPDATED_DESC HTTP/1.1" 200 OK
INFO:     127.0.0.1:49378 - "GET /api/v1/geo/monitoring-plans?q=21088340&page=1&page_size=20&sort=UPDATED_DESC HTTP/1.1" 200 OK
INFO:     127.0.0.1:49380 - "OPTIONS /api/v1/geo/monitoring-plans/5ab95e78-af74-4a77-9c3e-03e0a0526ad3/run HTTP/1.1" 200 OK
INFO:     127.0.0.1:49378 - "POST /api/v1/geo/monitoring-plans/5ab95e78-af74-4a77-9c3e-03e0a0526ad3/run HTTP/1.1" 201 Created
INFO:     127.0.0.1:49378 - "GET /api/v1/geo/observation-batches?sort=CREATED_DESC&page=1&page_size=20 HTTP/1.1" 200 OK
INFO:     127.0.0.1:49381 - "GET /api/v1/geo/observation-runs?sort=CREATED_DESC&page=1&page_size=20&batch_id=c50ffb59-72ab-477e-9106-de41acbd3485&latest_only=true HTTP/1.1" 200 OK
INFO:     127.0.0.1:49382 - "GET /api/v1/geo/observation-batches/c50ffb59-72ab-477e-9106-de41acbd3485 HTTP/1.1" 200 OK
INFO:     127.0.0.1:49382 - "GET /api/v1/geo/observation-runs?q=21088340&sort=CREATED_DESC&page=1&page_size=20&batch_id=c50ffb59-72ab-477e-9106-de41acbd3485&latest_only=true HTTP/1.1" 200 OK
INFO:     127.0.0.1:49381 - "GET /api/v1/auth/session HTTP/1.1" 200 OK
INFO:     127.0.0.1:49381 - "GET /api/v1/geo/observation-runs?q=21088340&sort=CREATED_DESC&page=1&page_size=20&batch_id=c50ffb59-72ab-477e-9106-de41acbd3485&collection_mode=MANUAL&latest_only=true HTTP/1.1" 200 OK
INFO:     127.0.0.1:49381 - "GET /api/v1/geo/observation-batches/c50ffb59-72ab-477e-9106-de41acbd3485 HTTP/1.1" 200 OK
INFO:     127.0.0.1:49371 - "GET /api/v1/geo/observation-runs?batch_id=c50ffb59-72ab-477e-9106-de41acbd3485 HTTP/1.1" 200 OK
INFO:     127.0.0.1:49381 - "GET /api/v1/geo/observation-runs/acd730f1-d698-4f83-b175-db9352d0fd17/manual-entry HTTP/1.1" 200 OK
INFO:     127.0.0.1:49380 - "OPTIONS /api/v1/geo/observation-runs/acd730f1-d698-4f83-b175-db9352d0fd17/manual-draft HTTP/1.1" 200 OK
INFO:     127.0.0.1:49381 - "PUT /api/v1/geo/observation-runs/acd730f1-d698-4f83-b175-db9352d0fd17/manual-draft HTTP/1.1" 200 OK
INFO:     127.0.0.1:49381 - "GET /api/v1/auth/session HTTP/1.1" 200 OK
INFO:     127.0.0.1:49381 - "GET /api/v1/geo/observation-runs?q=21088340&sort=CREATED_DESC&page=1&page_size=20&batch_id=c50ffb59-72ab-477e-9106-de41acbd3485&collection_mode=MANUAL&latest_only=true HTTP/1.1" 200 OK
INFO:     127.0.0.1:49378 - "GET /api/v1/geo/observation-batches/c50ffb59-72ab-477e-9106-de41acbd3485 HTTP/1.1" 200 OK
INFO:     127.0.0.1:49381 - "GET /api/v1/geo/observation-runs/acd730f1-d698-4f83-b175-db9352d0fd17/manual-entry HTTP/1.1" 200 OK
INFO:     127.0.0.1:49380 - "OPTIONS /api/v1/files/upload-intents HTTP/1.1" 200 OK
INFO:     127.0.0.1:49381 - "POST /api/v1/files/upload-intents HTTP/1.1" 201 Created
INFO:     127.0.0.1:49380 - "OPTIONS /api/v1/files/0406af49-1a14-42e2-ae38-9544bb879804/content HTTP/1.1" 200 OK
INFO:     127.0.0.1:49381 - "PUT /api/v1/files/0406af49-1a14-42e2-ae38-9544bb879804/content HTTP/1.1" 204 No Content
INFO:     127.0.0.1:49380 - "OPTIONS /api/v1/files/0406af49-1a14-42e2-ae38-9544bb879804/complete HTTP/1.1" 200 OK
INFO:     127.0.0.1:49381 - "POST /api/v1/files/0406af49-1a14-42e2-ae38-9544bb879804/complete HTTP/1.1" 200 OK
INFO:     127.0.0.1:49381 - "PUT /api/v1/geo/observation-runs/acd730f1-d698-4f83-b175-db9352d0fd17/manual-draft HTTP/1.1" 200 OK
INFO:     127.0.0.1:49381 - "GET /api/v1/auth/session HTTP/1.1" 200 OK
INFO:     127.0.0.1:49381 - "GET /api/v1/geo/observation-runs?q=21088340&sort=CREATED_DESC&page=1&page_size=20&batch_id=c50ffb59-72ab-477e-9106-de41acbd3485&collection_mode=MANUAL&latest_only=true HTTP/1.1" 200 OK
INFO:     127.0.0.1:49378 - "GET /api/v1/geo/observation-batches/c50ffb59-72ab-477e-9106-de41acbd3485 HTTP/1.1" 200 OK
INFO:     127.0.0.1:49381 - "GET /api/v1/geo/observation-runs/acd730f1-d698-4f83-b175-db9352d0fd17/manual-entry HTTP/1.1" 200 OK
INFO:     127.0.0.1:49380 - "OPTIONS /api/v1/geo/observation-runs/acd730f1-d698-4f83-b175-db9352d0fd17/manual-submit HTTP/1.1" 200 OK
INFO:     127.0.0.1:49381 - "POST /api/v1/geo/observation-runs/acd730f1-d698-4f83-b175-db9352d0fd17/manual-submit HTTP/1.1" 201 Created
INFO:     127.0.0.1:49378 - "GET /api/v1/geo/observation-batches/c50ffb59-72ab-477e-9106-de41acbd3485 HTTP/1.1" 200 OK
INFO:     127.0.0.1:49381 - "GET /api/v1/geo/observation-runs?q=21088340&sort=CREATED_DESC&page=1&page_size=20&batch_id=c50ffb59-72ab-477e-9106-de41acbd3485&collection_mode=MANUAL&latest_only=true HTTP/1.1" 200 OK
INFO:     127.0.0.1:49381 - "GET /api/v1/geo/observation-runs/acd730f1-d698-4f83-b175-db9352d0fd17 HTTP/1.1" 200 OK
INFO:     127.0.0.1:49381 - "GET /api/v1/geo/observation-runs/aa56b402-7cc9-47b2-a64e-aec46295c94c/manual-entry HTTP/1.1" 200 OK
INFO:     127.0.0.1:49381 - "POST /api/v1/files/upload-intents HTTP/1.1" 201 Created
INFO:     127.0.0.1:49380 - "OPTIONS /api/v1/files/c8975018-b7f2-4282-aa06-a30a667edd25/content HTTP/1.1" 200 OK
INFO:     127.0.0.1:49381 - "PUT /api/v1/files/c8975018-b7f2-4282-aa06-a30a667edd25/content HTTP/1.1" 204 No Content
INFO:     127.0.0.1:49380 - "OPTIONS /api/v1/files/c8975018-b7f2-4282-aa06-a30a667edd25/complete HTTP/1.1" 200 OK
INFO:     127.0.0.1:49381 - "POST /api/v1/files/c8975018-b7f2-4282-aa06-a30a667edd25/complete HTTP/1.1" 200 OK
INFO:     127.0.0.1:49380 - "OPTIONS /api/v1/geo/observation-runs/aa56b402-7cc9-47b2-a64e-aec46295c94c/manual-draft HTTP/1.1" 200 OK
INFO:     127.0.0.1:49381 - "PUT /api/v1/geo/observation-runs/aa56b402-7cc9-47b2-a64e-aec46295c94c/manual-draft HTTP/1.1" 200 OK
INFO:     127.0.0.1:49380 - "OPTIONS /api/v1/geo/observation-runs/aa56b402-7cc9-47b2-a64e-aec46295c94c/manual-submit HTTP/1.1" 200 OK
INFO:     127.0.0.1:49381 - "POST /api/v1/geo/observation-runs/aa56b402-7cc9-47b2-a64e-aec46295c94c/manual-submit HTTP/1.1" 201 Created
INFO:     127.0.0.1:49378 - "GET /api/v1/geo/observation-batches/c50ffb59-72ab-477e-9106-de41acbd3485 HTTP/1.1" 200 OK
INFO:     127.0.0.1:49381 - "GET /api/v1/geo/observation-runs?q=21088340&sort=CREATED_DESC&page=1&page_size=20&batch_id=c50ffb59-72ab-477e-9106-de41acbd3485&collection_mode=MANUAL&latest_only=true HTTP/1.1" 200 OK
INFO:     127.0.0.1:49392 - "GET /api/v1/geo/observation-runs/aa56b402-7cc9-47b2-a64e-aec46295c94c HTTP/1.1" 200 OK
INFO:     127.0.0.1:49392 - "GET /api/v1/geo/observation-runs/2476f395-f4f1-4da8-97e9-8688ec657257/manual-entry HTTP/1.1" 200 OK
INFO:     127.0.0.1:49392 - "POST /api/v1/files/upload-intents HTTP/1.1" 201 Created
INFO:     127.0.0.1:49380 - "OPTIONS /api/v1/files/36fde284-6754-4a3f-aaef-e9e670e95945/content HTTP/1.1" 200 OK
INFO:     127.0.0.1:49392 - "PUT /api/v1/files/36fde284-6754-4a3f-aaef-e9e670e95945/content HTTP/1.1" 204 No Content
INFO:     127.0.0.1:49380 - "OPTIONS /api/v1/files/36fde284-6754-4a3f-aaef-e9e670e95945/complete HTTP/1.1" 200 OK
INFO:     127.0.0.1:49392 - "POST /api/v1/files/36fde284-6754-4a3f-aaef-e9e670e95945/complete HTTP/1.1" 200 OK
INFO:     127.0.0.1:49380 - "OPTIONS /api/v1/geo/observation-runs/2476f395-f4f1-4da8-97e9-8688ec657257/manual-draft HTTP/1.1" 200 OK
INFO:     127.0.0.1:49392 - "PUT /api/v1/geo/observation-runs/2476f395-f4f1-4da8-97e9-8688ec657257/manual-draft HTTP/1.1" 200 OK
INFO:     127.0.0.1:49380 - "OPTIONS /api/v1/geo/observation-runs/2476f395-f4f1-4da8-97e9-8688ec657257/manual-submit HTTP/1.1" 200 OK
INFO:     127.0.0.1:49392 - "POST /api/v1/geo/observation-runs/2476f395-f4f1-4da8-97e9-8688ec657257/manual-submit HTTP/1.1" 201 Created
INFO:     127.0.0.1:49381 - "GET /api/v1/geo/observation-batches/c50ffb59-72ab-477e-9106-de41acbd3485 HTTP/1.1" 200 OK
INFO:     127.0.0.1:49392 - "GET /api/v1/geo/observation-runs?q=21088340&sort=CREATED_DESC&page=1&page_size=20&batch_id=c50ffb59-72ab-477e-9106-de41acbd3485&collection_mode=MANUAL&latest_only=true HTTP/1.1" 200 OK
INFO:     127.0.0.1:49378 - "GET /api/v1/geo/observation-runs/2476f395-f4f1-4da8-97e9-8688ec657257 HTTP/1.1" 200 OK
INFO:     127.0.0.1:49371 - "GET /api/v1/geo/observation-batches/c50ffb59-72ab-477e-9106-de41acbd3485 HTTP/1.1" 200 OK
  ✓  25 [foundation-desktop] › tests/e2e/runs-real-stack.spec.ts:31:1 › 人工批次三次采样、URL、dirty、草稿刷新、截图、引用与不可变详情 (4.4s)
INFO:     127.0.0.1:49371 - "POST /api/v1/auth/login HTTP/1.1" 200 OK
INFO:     127.0.0.1:49403 - "GET /api/v1/auth/session HTTP/1.1" 200 OK
INFO:     127.0.0.1:49403 - "GET /api/v1/geo/engine-surfaces?page=1&page_size=20&sort=NAME_ASC HTTP/1.1" 200 OK
INFO:     127.0.0.1:49404 - "OPTIONS /api/v1/geo/engine-surfaces HTTP/1.1" 200 OK
INFO:     127.0.0.1:49403 - "POST /api/v1/geo/engine-surfaces HTTP/1.1" 201 Created
INFO:     127.0.0.1:49403 - "GET /api/v1/geo/engine-surfaces?page=1&page_size=20&sort=NAME_ASC HTTP/1.1" 200 OK
INFO:     127.0.0.1:49403 - "GET /api/v1/geo/engine-surfaces/a9dcc4a1-d4d1-4fb1-bd6a-b3bae9a20d31 HTTP/1.1" 200 OK
INFO:     127.0.0.1:49404 - "OPTIONS /api/v1/geo/engine-surfaces/a9dcc4a1-d4d1-4fb1-bd6a-b3bae9a20d31/enable HTTP/1.1" 200 OK
INFO:     127.0.0.1:49403 - "POST /api/v1/geo/engine-surfaces/a9dcc4a1-d4d1-4fb1-bd6a-b3bae9a20d31/enable HTTP/1.1" 200 OK
INFO:     127.0.0.1:49403 - "GET /api/v1/geo/engine-surfaces?page=1&page_size=20&sort=NAME_ASC HTTP/1.1" 200 OK
INFO:     127.0.0.1:49403 - "GET /api/v1/geo/collection-profiles?page=1&page_size=20&sort=NAME_ASC&engine_surface_id=a9dcc4a1-d4d1-4fb1-bd6a-b3bae9a20d31 HTTP/1.1" 200 OK
INFO:     127.0.0.1:49404 - "OPTIONS /api/v1/geo/collection-profiles HTTP/1.1" 200 OK
INFO:     127.0.0.1:49403 - "POST /api/v1/geo/collection-profiles HTTP/1.1" 201 Created
INFO:     127.0.0.1:49403 - "GET /api/v1/geo/collection-profiles?page=1&page_size=20&sort=NAME_ASC&engine_surface_id=a9dcc4a1-d4d1-4fb1-bd6a-b3bae9a20d31 HTTP/1.1" 200 OK
INFO:     127.0.0.1:49413 - "GET /api/v1/geo/collection-profiles/09e149d1-c0bd-49e4-acac-a09172a0f914 HTTP/1.1" 200 OK
INFO:     127.0.0.1:49404 - "OPTIONS /api/v1/geo/collection-profiles/09e149d1-c0bd-49e4-acac-a09172a0f914/enable HTTP/1.1" 200 OK
INFO:     127.0.0.1:49413 - "POST /api/v1/geo/collection-profiles/09e149d1-c0bd-49e4-acac-a09172a0f914/enable HTTP/1.1" 200 OK
INFO:     127.0.0.1:49413 - "GET /api/v1/geo/collection-profiles?page=1&page_size=20&sort=NAME_ASC&engine_surface_id=a9dcc4a1-d4d1-4fb1-bd6a-b3bae9a20d31 HTTP/1.1" 200 OK
INFO:     127.0.0.1:49413 - "GET /api/v1/geo/collection-profiles/09e149d1-c0bd-49e4-acac-a09172a0f914 HTTP/1.1" 200 OK
INFO:     127.0.0.1:49404 - "OPTIONS /api/v1/geo/collection-profiles/09e149d1-c0bd-49e4-acac-a09172a0f914 HTTP/1.1" 200 OK
INFO:     127.0.0.1:49413 - "PATCH /api/v1/geo/collection-profiles/09e149d1-c0bd-49e4-acac-a09172a0f914 HTTP/1.1" 200 OK
INFO:     127.0.0.1:49413 - "GET /api/v1/geo/collection-profiles?page=1&page_size=20&sort=NAME_ASC&engine_surface_id=a9dcc4a1-d4d1-4fb1-bd6a-b3bae9a20d31 HTTP/1.1" 200 OK
INFO:     127.0.0.1:49403 - "GET /api/v1/auth/session HTTP/1.1" 200 OK
INFO:     127.0.0.1:49403 - "GET /api/v1/geo/collection-profiles/09e149d1-c0bd-49e4-acac-a09172a0f914 HTTP/1.1" 200 OK
INFO:     127.0.0.1:49414 - "GET /api/v1/geo/collection-profiles?page=1&page_size=20&sort=NAME_ASC&engine_surface_id=a9dcc4a1-d4d1-4fb1-bd6a-b3bae9a20d31 HTTP/1.1" 200 OK
INFO:     127.0.0.1:49371 - "GET /api/v1/geo/collection-profiles/09e149d1-c0bd-49e4-acac-a09172a0f914 HTTP/1.1" 200 OK
INFO:     127.0.0.1:49371 - "POST /api/v1/users HTTP/1.1" 201 Created
INFO:     127.0.0.1:49371 - "POST /api/v1/auth/login HTTP/1.1" 200 OK
INFO:     127.0.0.1:49371 - "POST /api/v1/auth/change-password HTTP/1.1" 204 No Content
INFO:     127.0.0.1:49421 - "GET /api/v1/auth/session HTTP/1.1" 200 OK
INFO:     127.0.0.1:49422 - "GET /api/v1/geo/collection-profiles/09e149d1-c0bd-49e4-acac-a09172a0f914 HTTP/1.1" 200 OK
INFO:     127.0.0.1:49421 - "GET /api/v1/geo/collection-profiles?page=1&page_size=20&sort=NAME_ASC HTTP/1.1" 200 OK
INFO:     127.0.0.1:49371 - "GET /api/v1/geo/collection-profiles/09e149d1-c0bd-49e4-acac-a09172a0f914 HTTP/1.1" 200 OK
INFO:     127.0.0.1:49414 - "GET /api/v1/auth/session HTTP/1.1" 200 OK
INFO:     127.0.0.1:49403 - "GET /api/v1/geo/engine-surfaces/a9dcc4a1-d4d1-4fb1-bd6a-b3bae9a20d31 HTTP/1.1" 200 OK
INFO:     127.0.0.1:49414 - "GET /api/v1/geo/engine-surfaces?page=1&page_size=20&sort=NAME_ASC HTTP/1.1" 200 OK
INFO:     127.0.0.1:49414 - "GET /api/v1/auth/session HTTP/1.1" 200 OK
INFO:     127.0.0.1:49403 - "GET /api/v1/geo/collection-profiles/09e149d1-c0bd-49e4-acac-a09172a0f914 HTTP/1.1" 200 OK
INFO:     127.0.0.1:49414 - "GET /api/v1/geo/collection-profiles?page=1&page_size=20&sort=NAME_ASC HTTP/1.1" 200 OK
INFO:     127.0.0.1:49404 - "OPTIONS /api/v1/geo/collection-profiles/09e149d1-c0bd-49e4-acac-a09172a0f914?expected_revision=2 HTTP/1.1" 200 OK
INFO:     127.0.0.1:49414 - "DELETE /api/v1/geo/collection-profiles/09e149d1-c0bd-49e4-acac-a09172a0f914?expected_revision=2 HTTP/1.1" 204 No Content
INFO:     127.0.0.1:49414 - "GET /api/v1/geo/collection-profiles?page=1&page_size=20&sort=NAME_ASC HTTP/1.1" 200 OK
INFO:     127.0.0.1:49414 - "GET /api/v1/geo/engine-surfaces?page=1&page_size=20&sort=NAME_ASC HTTP/1.1" 200 OK
INFO:     127.0.0.1:49414 - "GET /api/v1/geo/engine-surfaces/a9dcc4a1-d4d1-4fb1-bd6a-b3bae9a20d31 HTTP/1.1" 200 OK
INFO:     127.0.0.1:49404 - "OPTIONS /api/v1/geo/engine-surfaces/a9dcc4a1-d4d1-4fb1-bd6a-b3bae9a20d31?expected_revision=1 HTTP/1.1" 200 OK
INFO:     127.0.0.1:49414 - "DELETE /api/v1/geo/engine-surfaces/a9dcc4a1-d4d1-4fb1-bd6a-b3bae9a20d31?expected_revision=1 HTTP/1.1" 204 No Content
  ✓  26 [foundation-desktop] › tests/e2e/surfaces-real-stack.spec.ts:33:1 › 管理员创建、启停和编辑后持久化，工程师仅看摘要，删除尊重真实子配置 (3.8s)


  1) [foundation-desktop] › tests/e2e/questions-real-stack.spec.ts:30:1 › 工程师创建、筛选、编辑、启停、复制与删除；刷新持久化，运行入口不可用 

    Error: expect(locator).toBeVisible() failed

    Locator: getByText('未找到匹配变体', { exact: true })
    Expected: visible
    Timeout: 5000ms
    Error: element(s) not found

    Call log:
      - Expect "toBeVisible" with timeout 5000ms
      - waiting for getByText('未找到匹配变体', { exact: true })


      152 |     await mutate('delete', 'DELETE', `${variantsPath}/${created.id}`, () => engineer.getByRole('dialog', { name: '确认删除变体' }).getByRole('button', { name: '确认操作' }).click(), 204);
      153 |     await expect(workspace).toBeHidden(); await engineer.waitForLoadState('networkidle'); await engineer.reload();
    > 154 |     await expect(engineer.getByText('未找到匹配变体', { exact: true })).toBeVisible();
          |                                                                  ^
      155 |     const persisted = await body<components['schemas']['GeoPromptVariantListPage']>(await engineer.request.get(`${apiBaseUrl}${variantsPath}?query_topic_id=${topic.id}`));
      156 |     expect(persisted.items).toEqual([]); expect(persisted.total).toBe(0);
      157 |     expect(trafficExpectationErrors(audit.attempts, audit.responses, expectations, createAuthTrafficScope(apiOrigin))).toEqual([]);
        at /Users/sc/PycharmProjects/partsignal/frontend/tests/e2e/questions-real-stack.spec.ts:154:66

    Error Context: .cache/playwright-results/questions-real-stack-工程师创建、筛选、编辑、启停、复制与删除；刷新持久化，运行入口不可用-foundation-desktop/error-context.md

  1 failed
    [foundation-desktop] › tests/e2e/questions-real-stack.spec.ts:30:1 › 工程师创建、筛选、编辑、启停、复制与删除；刷新持久化，运行入口不可用 
  25 passed (2.3m)
E2E_SECRET_SCAN status=clean
E2E_RESULT playwright=1 secret_scan=0
INFO:     Shutting down
INFO:     Waiting for application shutdown.
INFO:     Application shutdown complete.
INFO:     Finished server process [12603]

worker: Warm shutdown (MainProcess)
INFO:     Shutting down
INFO:     Waiting for application shutdown.
INFO:     Application shutdown complete.
INFO:     Finished server process [12602]
INFO:     Shutting down
INFO:     Waiting for application shutdown.
INFO:     Application shutdown complete.
INFO:     Finished server process [12601]
E2E_CLEANUP redis_db=14 keys=1 status=deleted
E2E_CLEANUP ports=8000,9001,4174,19009 status=released
E2E_CLEANUP database=partsignal_e2e_20261002_002e2bebbee2b039476c6a442d273911 status=dropped
E2E_CLEANUP storage=/var/folders/m5/j06tv2sn1hn93d6f33j559jm0000gn/T//partsignal-e2e-storage.KGYkyQ status=removed
make: *** [e2e] Error 1
