 Container partsignal-geo104-validation-postgres-1 Running 
 Container partsignal-geo104-validation-redis-1 Running 
 Container partsignal-geo104-validation-redis-1 Waiting 
 Container partsignal-geo104-validation-postgres-1 Waiting 
 Container partsignal-geo104-validation-postgres-1 Healthy 
 Container partsignal-geo104-validation-redis-1 Healthy 
 Container partsignal-geo104-validation-backend-test-run-862398684df1 Creating 
 Container partsignal-geo104-validation-backend-test-run-862398684df1 Created 
FEEEEEEEEEEEEEEEE                                                        [100%]
==================================== ERRORS ====================================
____ ERROR at setup of test_parent_references_and_current_product_identity _____

self = <sqlalchemy.engine.base.Connection object at 0xfddabca13e30>
dialect = <sqlalchemy.dialects.postgresql.psycopg.PGDialect_psycopg object at 0xfddabcd2c0e0>
context = <sqlalchemy.dialects.postgresql.psycopg.PGExecutionContext_psycopg object at 0xfddabca41040>
statement = <sqlalchemy.dialects.postgresql.psycopg.PGCompiler_psycopg object at 0xfddabca10e30>
parameters = [{'brand': '虚构品牌', 'category': '虚构类别', 'facts_body_markdown': '', 'facts_classification': 'RESTRICTED', ...}]

    def _exec_single_context(
        self,
        dialect: Dialect,
        context: ExecutionContext,
        statement: Union[str, Compiled],
        parameters: Optional[_AnyMultiExecuteParams],
    ) -> CursorResult[Any]:
        """continue the _execute_context() method for a single DBAPI
        cursor.execute() or cursor.executemany() call.
    
        """
        if dialect.bind_typing is BindTyping.SETINPUTSIZES:
            generic_setinputsizes = context._prepare_set_input_sizes()
    
            if generic_setinputsizes:
                try:
                    dialect.do_set_input_sizes(
                        context.cursor, generic_setinputsizes, context
                    )
                except BaseException as e:
                    self._handle_dbapi_exception(
                        e, str(statement), parameters, None, context
                    )
    
        cursor, str_statement, parameters = (
            context.cursor,
            context.statement,
            context.parameters,
        )
    
        effective_parameters: Optional[_AnyExecuteParams]
    
        if not context.executemany:
            effective_parameters = parameters[0]
        else:
            effective_parameters = parameters
    
        if self._has_events or self.engine._has_events:
            for fn in self.dispatch.before_cursor_execute:
                str_statement, effective_parameters = fn(
                    self,
                    cursor,
                    str_statement,
                    effective_parameters,
                    context,
                    context.executemany,
                )
    
        if self._echo:
            self._log_info(str_statement)
    
            stats = context._get_cache_stats()
    
            if not self.engine.hide_parameters:
                self._log_info(
                    "[%s] %r",
                    stats,
                    sql_util._repr_params(
                        effective_parameters,
                        batches=10,
                        ismulti=context.executemany,
                    ),
                )
            else:
                self._log_info(
                    "[%s] [SQL parameters hidden due to hide_parameters=True]",
                    stats,
                )
    
        evt_handled: bool = False
        try:
            if context.execute_style is ExecuteStyle.EXECUTEMANY:
                effective_parameters = cast(
                    "_CoreMultiExecuteParams", effective_parameters
                )
                if self.dialect._has_events:
                    for fn in self.dialect.dispatch.do_executemany:
                        if fn(
                            cursor,
                            str_statement,
                            effective_parameters,
                            context,
                        ):
                            evt_handled = True
                            break
                if not evt_handled:
                    self.dialect.do_executemany(
                        cursor,
                        str_statement,
                        effective_parameters,
                        context,
                    )
            elif not effective_parameters and context.no_parameters:
                if self.dialect._has_events:
                    for fn in self.dialect.dispatch.do_execute_no_params:
                        if fn(cursor, str_statement, context):
                            evt_handled = True
                            break
                if not evt_handled:
                    self.dialect.do_execute_no_params(
                        cursor, str_statement, context
                    )
            else:
                effective_parameters = cast(
                    "_CoreSingleExecuteParams", effective_parameters
                )
                if self.dialect._has_events:
                    for fn in self.dialect.dispatch.do_execute:
                        if fn(
                            cursor,
                            str_statement,
                            effective_parameters,
                            context,
                        ):
                            evt_handled = True
                            break
                if not evt_handled:
>                   self.dialect.do_execute(
                        cursor, str_statement, effective_parameters, context
                    )

/opt/venv/lib/python3.12/site-packages/sqlalchemy/engine/base.py:1969: 
_ _ _ _ _ _ _ _ _ _ _ _ _ _ _ _ _ _ _ _ _ _ _ _ _ _ _ _ _ _ _ _ _ _ _ _ _ _ _ _ 
/opt/venv/lib/python3.12/site-packages/sqlalchemy/engine/default.py:952: in do_execute
    cursor.execute(statement, parameters)
_ _ _ _ _ _ _ _ _ _ _ _ _ _ _ _ _ _ _ _ _ _ _ _ _ _ _ _ _ _ _ _ _ _ _ _ _ _ _ _ 

self = <psycopg.Cursor [closed] [IDLE] (host=postgres user=partsignal database=partsignal_geo104_6b06b58c6e) at 0xfddabcae6810>
query = 'INSERT INTO products (id, part_number, normalized_part_number, brand, normalized_brand, category, status, revision, f...(facts_body_markdown)s::VARCHAR, %(facts_classification)s::VARCHAR) RETURNING products.created_at, products.updated_at'
params = {'brand': '虚构品牌', 'category': '虚构类别', 'facts_body_markdown': '', 'facts_classification': 'RESTRICTED', ...}

    def execute(
        self,
        query: Query,
        params: Params | None = None,
        *,
        prepare: bool | None = None,
        binary: bool | None = None,
    ) -> Self:
        """
        Execute a query or command to the database.
        """
        try:
            with self._conn.lock:
                self._conn.wait(
                    self._execute_gen(query, params, prepare=prepare, binary=binary)
                )
        except e._NO_TRACEBACK as ex:
>           raise ex.with_traceback(None)
E           psycopg.errors.UniqueViolation: duplicate key value violates unique constraint "uq_products_normalized_brand"
E           DETAIL:  Key (normalized_brand, normalized_part_number)=(虚构品牌, ps104) already exists.

/opt/venv/lib/python3.12/site-packages/psycopg/cursor.py:117: UniqueViolation

The above exception was the direct cause of the following exception:

catalog_engine = Engine(postgresql+psycopg://partsignal:***@postgres:5432/partsignal_geo104_6b06b58c6e)

    @pytest.fixture
    def catalog_api(catalog_engine: Engine) -> Iterator[CatalogAPI]:
        factory = sessionmaker(bind=catalog_engine, expire_on_commit=False)
        with factory() as db:
            # 清理仅发生在本套件创建的隔离数据库；保留追加式审计。
            db.execute(text("DELETE FROM geo_subjects WHERE parent_subject_id IS NOT NULL"))
            db.execute(text("DELETE FROM geo_subjects"))
            admin = User(username=f"admin-{__import__('uuid').uuid4().hex}",
                         display_name="虚构管理员", password_hash="unused", account_type="ADMIN",
                         is_active=True, must_change_password=False, revision=0)
            engineer = User(username=f"engineer-{__import__('uuid').uuid4().hex}",
                            display_name="虚构工程师", password_hash="unused", account_type="ENGINEER",
                            is_active=True, must_change_password=False, revision=0)
            product = Product(part_number="PS-104", normalized_part_number="ps104", brand="虚构品牌",
                              normalized_brand="虚构品牌", category="虚构类别", status="ACTIVE")
            db.add_all([admin, engineer, product])
>           db.flush()

tests/integration/geo_catalog_support.py:72: 
_ _ _ _ _ _ _ _ _ _ _ _ _ _ _ _ _ _ _ _ _ _ _ _ _ _ _ _ _ _ _ _ _ _ _ _ _ _ _ _ 
/opt/venv/lib/python3.12/site-packages/sqlalchemy/orm/session.py:4353: in flush
    self._flush(objects)
/opt/venv/lib/python3.12/site-packages/sqlalchemy/orm/session.py:4488: in _flush
    with util.safe_reraise():
         ^^^^^^^^^^^^^^^^^^^
/opt/venv/lib/python3.12/site-packages/sqlalchemy/util/langhelpers.py:122: in __exit__
    raise exc_value.with_traceback(exc_tb)
/opt/venv/lib/python3.12/site-packages/sqlalchemy/orm/session.py:4449: in _flush
    flush_context.execute()
/opt/venv/lib/python3.12/site-packages/sqlalchemy/orm/unitofwork.py:465: in execute
    rec.execute(self)
/opt/venv/lib/python3.12/site-packages/sqlalchemy/orm/unitofwork.py:641: in execute
    util.preloaded.orm_persistence.save_obj(
/opt/venv/lib/python3.12/site-packages/sqlalchemy/orm/persistence.py:94: in save_obj
    _emit_insert_statements(
/opt/venv/lib/python3.12/site-packages/sqlalchemy/orm/persistence.py:1234: in _emit_insert_statements
    result = connection.execute(
/opt/venv/lib/python3.12/site-packages/sqlalchemy/engine/base.py:1421: in execute
    return meth(
/opt/venv/lib/python3.12/site-packages/sqlalchemy/sql/elements.py:526: in _execute_on_connection
    return connection._execute_clauseelement(
/opt/venv/lib/python3.12/site-packages/sqlalchemy/engine/base.py:1643: in _execute_clauseelement
    ret = self._execute_context(
/opt/venv/lib/python3.12/site-packages/sqlalchemy/engine/base.py:1848: in _execute_context
    return self._exec_single_context(
/opt/venv/lib/python3.12/site-packages/sqlalchemy/engine/base.py:1988: in _exec_single_context
    self._handle_dbapi_exception(
/opt/venv/lib/python3.12/site-packages/sqlalchemy/engine/base.py:2365: in _handle_dbapi_exception
    raise sqlalchemy_exception.with_traceback(exc_info[2]) from e
/opt/venv/lib/python3.12/site-packages/sqlalchemy/engine/base.py:1969: in _exec_single_context
    self.dialect.do_execute(
/opt/venv/lib/python3.12/site-packages/sqlalchemy/engine/default.py:952: in do_execute
    cursor.execute(statement, parameters)
_ _ _ _ _ _ _ _ _ _ _ _ _ _ _ _ _ _ _ _ _ _ _ _ _ _ _ _ _ _ _ _ _ _ _ _ _ _ _ _ 

self = <psycopg.Cursor [closed] [IDLE] (host=postgres user=partsignal database=partsignal_geo104_6b06b58c6e) at 0xfddabcae6810>
query = 'INSERT INTO products (id, part_number, normalized_part_number, brand, normalized_brand, category, status, revision, f...(facts_body_markdown)s::VARCHAR, %(facts_classification)s::VARCHAR) RETURNING products.created_at, products.updated_at'
params = {'brand': '虚构品牌', 'category': '虚构类别', 'facts_body_markdown': '', 'facts_classification': 'RESTRICTED', ...}

    def execute(
        self,
        query: Query,
        params: Params | None = None,
        *,
        prepare: bool | None = None,
        binary: bool | None = None,
    ) -> Self:
        """
        Execute a query or command to the database.
        """
        try:
            with self._conn.lock:
                self._conn.wait(
                    self._execute_gen(query, params, prepare=prepare, binary=binary)
                )
        except e._NO_TRACEBACK as ex:
>           raise ex.with_traceback(None)
E           sqlalchemy.exc.IntegrityError: (psycopg.errors.UniqueViolation) duplicate key value violates unique constraint "uq_products_normalized_brand"
E           DETAIL:  Key (normalized_brand, normalized_part_number)=(虚构品牌, ps104) already exists.
E           [SQL: INSERT INTO products (id, part_number, normalized_part_number, brand, normalized_brand, category, status, revision, facts_revision, facts_body_markdown, facts_classification) VALUES (%(id)s::UUID, %(part_number)s::VARCHAR, %(normalized_part_number)s::VARCHAR, %(brand)s::VARCHAR, %(normalized_brand)s::VARCHAR, %(category)s::VARCHAR, %(status)s::VARCHAR, %(revision)s::INTEGER, %(facts_revision)s::INTEGER, %(facts_body_markdown)s::VARCHAR, %(facts_classification)s::VARCHAR) RETURNING products.created_at, products.updated_at]
E           [parameters: {'id': UUID('5c4cfc41-7c53-44da-9212-3508beb6f8ff'), 'part_number': 'PS-104', 'normalized_part_number': 'ps104', 'brand': '虚构品牌', 'normalized_brand': '虚构品牌', 'category': '虚构类别', 'status': 'ACTIVE', 'revision': 0, 'facts_revision': 0, 'facts_body_markdown': '', 'facts_classification': 'RESTRICTED'}]
E           (Background on this error at: https://sqlalche.me/e/20/gkpj)

/opt/venv/lib/python3.12/site-packages/psycopg/cursor.py:117: IntegrityError
_____ ERROR at setup of test_alias_noop_cross_parent_and_parent_validation _____

self = <sqlalchemy.engine.base.Connection object at 0xfddabafca450>
dialect = <sqlalchemy.dialects.postgresql.psycopg.PGDialect_psycopg object at 0xfddabcd2c0e0>
context = <sqlalchemy.dialects.postgresql.psycopg.PGExecutionContext_psycopg object at 0xfddabafca630>
statement = <sqlalchemy.dialects.postgresql.psycopg.PGCompiler_psycopg object at 0xfddabca10e30>
parameters = [{'brand': '虚构品牌', 'category': '虚构类别', 'facts_body_markdown': '', 'facts_classification': 'RESTRICTED', ...}]

    def _exec_single_context(
        self,
        dialect: Dialect,
        context: ExecutionContext,
        statement: Union[str, Compiled],
        parameters: Optional[_AnyMultiExecuteParams],
    ) -> CursorResult[Any]:
        """continue the _execute_context() method for a single DBAPI
        cursor.execute() or cursor.executemany() call.
    
        """
        if dialect.bind_typing is BindTyping.SETINPUTSIZES:
            generic_setinputsizes = context._prepare_set_input_sizes()
    
            if generic_setinputsizes:
                try:
                    dialect.do_set_input_sizes(
                        context.cursor, generic_setinputsizes, context
                    )
                except BaseException as e:
                    self._handle_dbapi_exception(
                        e, str(statement), parameters, None, context
                    )
    
        cursor, str_statement, parameters = (
            context.cursor,
            context.statement,
            context.parameters,
        )
    
        effective_parameters: Optional[_AnyExecuteParams]
    
        if not context.executemany:
            effective_parameters = parameters[0]
        else:
            effective_parameters = parameters
    
        if self._has_events or self.engine._has_events:
            for fn in self.dispatch.before_cursor_execute:
                str_statement, effective_parameters = fn(
                    self,
                    cursor,
                    str_statement,
                    effective_parameters,
                    context,
                    context.executemany,
                )
    
        if self._echo:
            self._log_info(str_statement)
    
            stats = context._get_cache_stats()
    
            if not self.engine.hide_parameters:
                self._log_info(
                    "[%s] %r",
                    stats,
                    sql_util._repr_params(
                        effective_parameters,
                        batches=10,
                        ismulti=context.executemany,
                    ),
                )
            else:
                self._log_info(
                    "[%s] [SQL parameters hidden due to hide_parameters=True]",
                    stats,
                )
    
        evt_handled: bool = False
        try:
            if context.execute_style is ExecuteStyle.EXECUTEMANY:
                effective_parameters = cast(
                    "_CoreMultiExecuteParams", effective_parameters
                )
                if self.dialect._has_events:
                    for fn in self.dialect.dispatch.do_executemany:
                        if fn(
                            cursor,
                            str_statement,
                            effective_parameters,
                            context,
                        ):
                            evt_handled = True
                            break
                if not evt_handled:
                    self.dialect.do_executemany(
                        cursor,
                        str_statement,
                        effective_parameters,
                        context,
                    )
            elif not effective_parameters and context.no_parameters:
                if self.dialect._has_events:
                    for fn in self.dialect.dispatch.do_execute_no_params:
                        if fn(cursor, str_statement, context):
                            evt_handled = True
                            break
                if not evt_handled:
                    self.dialect.do_execute_no_params(
                        cursor, str_statement, context
                    )
            else:
                effective_parameters = cast(
                    "_CoreSingleExecuteParams", effective_parameters
                )
                if self.dialect._has_events:
                    for fn in self.dialect.dispatch.do_execute:
                        if fn(
                            cursor,
                            str_statement,
                            effective_parameters,
                            context,
                        ):
                            evt_handled = True
                            break
                if not evt_handled:
>                   self.dialect.do_execute(
                        cursor, str_statement, effective_parameters, context
                    )

/opt/venv/lib/python3.12/site-packages/sqlalchemy/engine/base.py:1969: 
_ _ _ _ _ _ _ _ _ _ _ _ _ _ _ _ _ _ _ _ _ _ _ _ _ _ _ _ _ _ _ _ _ _ _ _ _ _ _ _ 
/opt/venv/lib/python3.12/site-packages/sqlalchemy/engine/default.py:952: in do_execute
    cursor.execute(statement, parameters)
_ _ _ _ _ _ _ _ _ _ _ _ _ _ _ _ _ _ _ _ _ _ _ _ _ _ _ _ _ _ _ _ _ _ _ _ _ _ _ _ 

self = <psycopg.Cursor [closed] [IDLE] (host=postgres user=partsignal database=partsignal_geo104_6b06b58c6e) at 0xfddabcae6c90>
query = 'INSERT INTO products (id, part_number, normalized_part_number, brand, normalized_brand, category, status, revision, f...(facts_body_markdown)s::VARCHAR, %(facts_classification)s::VARCHAR) RETURNING products.created_at, products.updated_at'
params = {'brand': '虚构品牌', 'category': '虚构类别', 'facts_body_markdown': '', 'facts_classification': 'RESTRICTED', ...}

    def execute(
        self,
        query: Query,
        params: Params | None = None,
        *,
        prepare: bool | None = None,
        binary: bool | None = None,
    ) -> Self:
        """
        Execute a query or command to the database.
        """
        try:
            with self._conn.lock:
                self._conn.wait(
                    self._execute_gen(query, params, prepare=prepare, binary=binary)
                )
        except e._NO_TRACEBACK as ex:
>           raise ex.with_traceback(None)
E           psycopg.errors.UniqueViolation: duplicate key value violates unique constraint "uq_products_normalized_brand"
E           DETAIL:  Key (normalized_brand, normalized_part_number)=(虚构品牌, ps104) already exists.

/opt/venv/lib/python3.12/site-packages/psycopg/cursor.py:117: UniqueViolation

The above exception was the direct cause of the following exception:

catalog_engine = Engine(postgresql+psycopg://partsignal:***@postgres:5432/partsignal_geo104_6b06b58c6e)

    @pytest.fixture
    def catalog_api(catalog_engine: Engine) -> Iterator[CatalogAPI]:
        factory = sessionmaker(bind=catalog_engine, expire_on_commit=False)
        with factory() as db:
            # 清理仅发生在本套件创建的隔离数据库；保留追加式审计。
            db.execute(text("DELETE FROM geo_subjects WHERE parent_subject_id IS NOT NULL"))
            db.execute(text("DELETE FROM geo_subjects"))
            admin = User(username=f"admin-{__import__('uuid').uuid4().hex}",
                         display_name="虚构管理员", password_hash="unused", account_type="ADMIN",
                         is_active=True, must_change_password=False, revision=0)
            engineer = User(username=f"engineer-{__import__('uuid').uuid4().hex}",
                            display_name="虚构工程师", password_hash="unused", account_type="ENGINEER",
                            is_active=True, must_change_password=False, revision=0)
            product = Product(part_number="PS-104", normalized_part_number="ps104", brand="虚构品牌",
                              normalized_brand="虚构品牌", category="虚构类别", status="ACTIVE")
            db.add_all([admin, engineer, product])
>           db.flush()

tests/integration/geo_catalog_support.py:72: 
_ _ _ _ _ _ _ _ _ _ _ _ _ _ _ _ _ _ _ _ _ _ _ _ _ _ _ _ _ _ _ _ _ _ _ _ _ _ _ _ 
/opt/venv/lib/python3.12/site-packages/sqlalchemy/orm/session.py:4353: in flush
    self._flush(objects)
/opt/venv/lib/python3.12/site-packages/sqlalchemy/orm/session.py:4488: in _flush
    with util.safe_reraise():
         ^^^^^^^^^^^^^^^^^^^
/opt/venv/lib/python3.12/site-packages/sqlalchemy/util/langhelpers.py:122: in __exit__
    raise exc_value.with_traceback(exc_tb)
/opt/venv/lib/python3.12/site-packages/sqlalchemy/orm/session.py:4449: in _flush
    flush_context.execute()
/opt/venv/lib/python3.12/site-packages/sqlalchemy/orm/unitofwork.py:465: in execute
    rec.execute(self)
/opt/venv/lib/python3.12/site-packages/sqlalchemy/orm/unitofwork.py:641: in execute
    util.preloaded.orm_persistence.save_obj(
/opt/venv/lib/python3.12/site-packages/sqlalchemy/orm/persistence.py:94: in save_obj
    _emit_insert_statements(
/opt/venv/lib/python3.12/site-packages/sqlalchemy/orm/persistence.py:1234: in _emit_insert_statements
    result = connection.execute(
/opt/venv/lib/python3.12/site-packages/sqlalchemy/engine/base.py:1421: in execute
    return meth(
/opt/venv/lib/python3.12/site-packages/sqlalchemy/sql/elements.py:526: in _execute_on_connection
    return connection._execute_clauseelement(
/opt/venv/lib/python3.12/site-packages/sqlalchemy/engine/base.py:1643: in _execute_clauseelement
    ret = self._execute_context(
/opt/venv/lib/python3.12/site-packages/sqlalchemy/engine/base.py:1848: in _execute_context
    return self._exec_single_context(
/opt/venv/lib/python3.12/site-packages/sqlalchemy/engine/base.py:1988: in _exec_single_context
    self._handle_dbapi_exception(
/opt/venv/lib/python3.12/site-packages/sqlalchemy/engine/base.py:2365: in _handle_dbapi_exception
    raise sqlalchemy_exception.with_traceback(exc_info[2]) from e
/opt/venv/lib/python3.12/site-packages/sqlalchemy/engine/base.py:1969: in _exec_single_context
    self.dialect.do_execute(
/opt/venv/lib/python3.12/site-packages/sqlalchemy/engine/default.py:952: in do_execute
    cursor.execute(statement, parameters)
_ _ _ _ _ _ _ _ _ _ _ _ _ _ _ _ _ _ _ _ _ _ _ _ _ _ _ _ _ _ _ _ _ _ _ _ _ _ _ _ 

self = <psycopg.Cursor [closed] [IDLE] (host=postgres user=partsignal database=partsignal_geo104_6b06b58c6e) at 0xfddabcae6c90>
query = 'INSERT INTO products (id, part_number, normalized_part_number, brand, normalized_brand, category, status, revision, f...(facts_body_markdown)s::VARCHAR, %(facts_classification)s::VARCHAR) RETURNING products.created_at, products.updated_at'
params = {'brand': '虚构品牌', 'category': '虚构类别', 'facts_body_markdown': '', 'facts_classification': 'RESTRICTED', ...}

    def execute(
        self,
        query: Query,
        params: Params | None = None,
        *,
        prepare: bool | None = None,
        binary: bool | None = None,
    ) -> Self:
        """
        Execute a query or command to the database.
        """
        try:
            with self._conn.lock:
                self._conn.wait(
                    self._execute_gen(query, params, prepare=prepare, binary=binary)
                )
        except e._NO_TRACEBACK as ex:
>           raise ex.with_traceback(None)
E           sqlalchemy.exc.IntegrityError: (psycopg.errors.UniqueViolation) duplicate key value violates unique constraint "uq_products_normalized_brand"
E           DETAIL:  Key (normalized_brand, normalized_part_number)=(虚构品牌, ps104) already exists.
E           [SQL: INSERT INTO products (id, part_number, normalized_part_number, brand, normalized_brand, category, status, revision, facts_revision, facts_body_markdown, facts_classification) VALUES (%(id)s::UUID, %(part_number)s::VARCHAR, %(normalized_part_number)s::VARCHAR, %(brand)s::VARCHAR, %(normalized_brand)s::VARCHAR, %(category)s::VARCHAR, %(status)s::VARCHAR, %(revision)s::INTEGER, %(facts_revision)s::INTEGER, %(facts_body_markdown)s::VARCHAR, %(facts_classification)s::VARCHAR) RETURNING products.created_at, products.updated_at]
E           [parameters: {'id': UUID('f0208f7b-2955-4dfc-9bb0-5b2f1e79706e'), 'part_number': 'PS-104', 'normalized_part_number': 'ps104', 'brand': '虚构品牌', 'normalized_brand': '虚构品牌', 'category': '虚构类别', 'status': 'ACTIVE', 'revision': 0, 'facts_revision': 0, 'facts_body_markdown': '', 'facts_classification': 'RESTRICTED'}]
E           (Background on this error at: https://sqlalche.me/e/20/gkpj)

/opt/venv/lib/python3.12/site-packages/psycopg/cursor.py:117: IntegrityError
___ ERROR at setup of test_all_writes_require_admin_and_csrf[POST--payload0] ___

self = <sqlalchemy.engine.base.Connection object at 0xfddabca40950>
dialect = <sqlalchemy.dialects.postgresql.psycopg.PGDialect_psycopg object at 0xfddabcd2c0e0>
context = <sqlalchemy.dialects.postgresql.psycopg.PGExecutionContext_psycopg object at 0xfddabca414f0>
statement = <sqlalchemy.dialects.postgresql.psycopg.PGCompiler_psycopg object at 0xfddabca10e30>
parameters = [{'brand': '虚构品牌', 'category': '虚构类别', 'facts_body_markdown': '', 'facts_classification': 'RESTRICTED', ...}]

    def _exec_single_context(
        self,
        dialect: Dialect,
        context: ExecutionContext,
        statement: Union[str, Compiled],
        parameters: Optional[_AnyMultiExecuteParams],
    ) -> CursorResult[Any]:
        """continue the _execute_context() method for a single DBAPI
        cursor.execute() or cursor.executemany() call.
    
        """
        if dialect.bind_typing is BindTyping.SETINPUTSIZES:
            generic_setinputsizes = context._prepare_set_input_sizes()
    
            if generic_setinputsizes:
                try:
                    dialect.do_set_input_sizes(
                        context.cursor, generic_setinputsizes, context
                    )
                except BaseException as e:
                    self._handle_dbapi_exception(
                        e, str(statement), parameters, None, context
                    )
    
        cursor, str_statement, parameters = (
            context.cursor,
            context.statement,
            context.parameters,
        )
    
        effective_parameters: Optional[_AnyExecuteParams]
    
        if not context.executemany:
            effective_parameters = parameters[0]
        else:
            effective_parameters = parameters
    
        if self._has_events or self.engine._has_events:
            for fn in self.dispatch.before_cursor_execute:
                str_statement, effective_parameters = fn(
                    self,
                    cursor,
                    str_statement,
                    effective_parameters,
                    context,
                    context.executemany,
                )
    
        if self._echo:
            self._log_info(str_statement)
    
            stats = context._get_cache_stats()
    
            if not self.engine.hide_parameters:
                self._log_info(
                    "[%s] %r",
                    stats,
                    sql_util._repr_params(
                        effective_parameters,
                        batches=10,
                        ismulti=context.executemany,
                    ),
                )
            else:
                self._log_info(
                    "[%s] [SQL parameters hidden due to hide_parameters=True]",
                    stats,
                )
    
        evt_handled: bool = False
        try:
            if context.execute_style is ExecuteStyle.EXECUTEMANY:
                effective_parameters = cast(
                    "_CoreMultiExecuteParams", effective_parameters
                )
                if self.dialect._has_events:
                    for fn in self.dialect.dispatch.do_executemany:
                        if fn(
                            cursor,
                            str_statement,
                            effective_parameters,
                            context,
                        ):
                            evt_handled = True
                            break
                if not evt_handled:
                    self.dialect.do_executemany(
                        cursor,
                        str_statement,
                        effective_parameters,
                        context,
                    )
            elif not effective_parameters and context.no_parameters:
                if self.dialect._has_events:
                    for fn in self.dialect.dispatch.do_execute_no_params:
                        if fn(cursor, str_statement, context):
                            evt_handled = True
                            break
                if not evt_handled:
                    self.dialect.do_execute_no_params(
                        cursor, str_statement, context
                    )
            else:
                effective_parameters = cast(
                    "_CoreSingleExecuteParams", effective_parameters
                )
                if self.dialect._has_events:
                    for fn in self.dialect.dispatch.do_execute:
                        if fn(
                            cursor,
                            str_statement,
                            effective_parameters,
                            context,
                        ):
                            evt_handled = True
                            break
                if not evt_handled:
>                   self.dialect.do_execute(
                        cursor, str_statement, effective_parameters, context
                    )

/opt/venv/lib/python3.12/site-packages/sqlalchemy/engine/base.py:1969: 
_ _ _ _ _ _ _ _ _ _ _ _ _ _ _ _ _ _ _ _ _ _ _ _ _ _ _ _ _ _ _ _ _ _ _ _ _ _ _ _ 
/opt/venv/lib/python3.12/site-packages/sqlalchemy/engine/default.py:952: in do_execute
    cursor.execute(statement, parameters)
_ _ _ _ _ _ _ _ _ _ _ _ _ _ _ _ _ _ _ _ _ _ _ _ _ _ _ _ _ _ _ _ _ _ _ _ _ _ _ _ 

self = <psycopg.Cursor [closed] [IDLE] (host=postgres user=partsignal database=partsignal_geo104_6b06b58c6e) at 0xfddabcae6b10>
query = 'INSERT INTO products (id, part_number, normalized_part_number, brand, normalized_brand, category, status, revision, f...(facts_body_markdown)s::VARCHAR, %(facts_classification)s::VARCHAR) RETURNING products.created_at, products.updated_at'
params = {'brand': '虚构品牌', 'category': '虚构类别', 'facts_body_markdown': '', 'facts_classification': 'RESTRICTED', ...}

    def execute(
        self,
        query: Query,
        params: Params | None = None,
        *,
        prepare: bool | None = None,
        binary: bool | None = None,
    ) -> Self:
        """
        Execute a query or command to the database.
        """
        try:
            with self._conn.lock:
                self._conn.wait(
                    self._execute_gen(query, params, prepare=prepare, binary=binary)
                )
        except e._NO_TRACEBACK as ex:
>           raise ex.with_traceback(None)
E           psycopg.errors.UniqueViolation: duplicate key value violates unique constraint "uq_products_normalized_brand"
E           DETAIL:  Key (normalized_brand, normalized_part_number)=(虚构品牌, ps104) already exists.

/opt/venv/lib/python3.12/site-packages/psycopg/cursor.py:117: UniqueViolation

The above exception was the direct cause of the following exception:

catalog_engine = Engine(postgresql+psycopg://partsignal:***@postgres:5432/partsignal_geo104_6b06b58c6e)

    @pytest.fixture
    def catalog_api(catalog_engine: Engine) -> Iterator[CatalogAPI]:
        factory = sessionmaker(bind=catalog_engine, expire_on_commit=False)
        with factory() as db:
            # 清理仅发生在本套件创建的隔离数据库；保留追加式审计。
            db.execute(text("DELETE FROM geo_subjects WHERE parent_subject_id IS NOT NULL"))
            db.execute(text("DELETE FROM geo_subjects"))
            admin = User(username=f"admin-{__import__('uuid').uuid4().hex}",
                         display_name="虚构管理员", password_hash="unused", account_type="ADMIN",
                         is_active=True, must_change_password=False, revision=0)
            engineer = User(username=f"engineer-{__import__('uuid').uuid4().hex}",
                            display_name="虚构工程师", password_hash="unused", account_type="ENGINEER",
                            is_active=True, must_change_password=False, revision=0)
            product = Product(part_number="PS-104", normalized_part_number="ps104", brand="虚构品牌",
                              normalized_brand="虚构品牌", category="虚构类别", status="ACTIVE")
            db.add_all([admin, engineer, product])
>           db.flush()

tests/integration/geo_catalog_support.py:72: 
_ _ _ _ _ _ _ _ _ _ _ _ _ _ _ _ _ _ _ _ _ _ _ _ _ _ _ _ _ _ _ _ _ _ _ _ _ _ _ _ 
/opt/venv/lib/python3.12/site-packages/sqlalchemy/orm/session.py:4353: in flush
    self._flush(objects)
/opt/venv/lib/python3.12/site-packages/sqlalchemy/orm/session.py:4488: in _flush
    with util.safe_reraise():
         ^^^^^^^^^^^^^^^^^^^
/opt/venv/lib/python3.12/site-packages/sqlalchemy/util/langhelpers.py:122: in __exit__
    raise exc_value.with_traceback(exc_tb)
/opt/venv/lib/python3.12/site-packages/sqlalchemy/orm/session.py:4449: in _flush
    flush_context.execute()
/opt/venv/lib/python3.12/site-packages/sqlalchemy/orm/unitofwork.py:465: in execute
    rec.execute(self)
/opt/venv/lib/python3.12/site-packages/sqlalchemy/orm/unitofwork.py:641: in execute
    util.preloaded.orm_persistence.save_obj(
/opt/venv/lib/python3.12/site-packages/sqlalchemy/orm/persistence.py:94: in save_obj
    _emit_insert_statements(
/opt/venv/lib/python3.12/site-packages/sqlalchemy/orm/persistence.py:1234: in _emit_insert_statements
    result = connection.execute(
/opt/venv/lib/python3.12/site-packages/sqlalchemy/engine/base.py:1421: in execute
    return meth(
/opt/venv/lib/python3.12/site-packages/sqlalchemy/sql/elements.py:526: in _execute_on_connection
    return connection._execute_clauseelement(
/opt/venv/lib/python3.12/site-packages/sqlalchemy/engine/base.py:1643: in _execute_clauseelement
    ret = self._execute_context(
/opt/venv/lib/python3.12/site-packages/sqlalchemy/engine/base.py:1848: in _execute_context
    return self._exec_single_context(
/opt/venv/lib/python3.12/site-packages/sqlalchemy/engine/base.py:1988: in _exec_single_context
    self._handle_dbapi_exception(
/opt/venv/lib/python3.12/site-packages/sqlalchemy/engine/base.py:2365: in _handle_dbapi_exception
    raise sqlalchemy_exception.with_traceback(exc_info[2]) from e
/opt/venv/lib/python3.12/site-packages/sqlalchemy/engine/base.py:1969: in _exec_single_context
    self.dialect.do_execute(
/opt/venv/lib/python3.12/site-packages/sqlalchemy/engine/default.py:952: in do_execute
    cursor.execute(statement, parameters)
_ _ _ _ _ _ _ _ _ _ _ _ _ _ _ _ _ _ _ _ _ _ _ _ _ _ _ _ _ _ _ _ _ _ _ _ _ _ _ _ 

self = <psycopg.Cursor [closed] [IDLE] (host=postgres user=partsignal database=partsignal_geo104_6b06b58c6e) at 0xfddabcae6b10>
query = 'INSERT INTO products (id, part_number, normalized_part_number, brand, normalized_brand, category, status, revision, f...(facts_body_markdown)s::VARCHAR, %(facts_classification)s::VARCHAR) RETURNING products.created_at, products.updated_at'
params = {'brand': '虚构品牌', 'category': '虚构类别', 'facts_body_markdown': '', 'facts_classification': 'RESTRICTED', ...}

    def execute(
        self,
        query: Query,
        params: Params | None = None,
        *,
        prepare: bool | None = None,
        binary: bool | None = None,
    ) -> Self:
        """
        Execute a query or command to the database.
        """
        try:
            with self._conn.lock:
                self._conn.wait(
                    self._execute_gen(query, params, prepare=prepare, binary=binary)
                )
        except e._NO_TRACEBACK as ex:
>           raise ex.with_traceback(None)
E           sqlalchemy.exc.IntegrityError: (psycopg.errors.UniqueViolation) duplicate key value violates unique constraint "uq_products_normalized_brand"
E           DETAIL:  Key (normalized_brand, normalized_part_number)=(虚构品牌, ps104) already exists.
E           [SQL: INSERT INTO products (id, part_number, normalized_part_number, brand, normalized_brand, category, status, revision, facts_revision, facts_body_markdown, facts_classification) VALUES (%(id)s::UUID, %(part_number)s::VARCHAR, %(normalized_part_number)s::VARCHAR, %(brand)s::VARCHAR, %(normalized_brand)s::VARCHAR, %(category)s::VARCHAR, %(status)s::VARCHAR, %(revision)s::INTEGER, %(facts_revision)s::INTEGER, %(facts_body_markdown)s::VARCHAR, %(facts_classification)s::VARCHAR) RETURNING products.created_at, products.updated_at]
E           [parameters: {'id': UUID('98d9eb36-e276-465c-8226-057eec59d2f5'), 'part_number': 'PS-104', 'normalized_part_number': 'ps104', 'brand': '虚构品牌', 'normalized_brand': '虚构品牌', 'category': '虚构类别', 'status': 'ACTIVE', 'revision': 0, 'facts_revision': 0, 'facts_body_markdown': '', 'facts_classification': 'RESTRICTED'}]
E           (Background on this error at: https://sqlalche.me/e/20/gkpj)

/opt/venv/lib/python3.12/site-packages/psycopg/cursor.py:117: IntegrityError
_ ERROR at setup of test_all_writes_require_admin_and_csrf[PATCH-/{id}-payload1] _

self = <sqlalchemy.engine.base.Connection object at 0xfddabad93860>
dialect = <sqlalchemy.dialects.postgresql.psycopg.PGDialect_psycopg object at 0xfddabcd2c0e0>
context = <sqlalchemy.dialects.postgresql.psycopg.PGExecutionContext_psycopg object at 0xfddabad914f0>
statement = <sqlalchemy.dialects.postgresql.psycopg.PGCompiler_psycopg object at 0xfddabca10e30>
parameters = [{'brand': '虚构品牌', 'category': '虚构类别', 'facts_body_markdown': '', 'facts_classification': 'RESTRICTED', ...}]

    def _exec_single_context(
        self,
        dialect: Dialect,
        context: ExecutionContext,
        statement: Union[str, Compiled],
        parameters: Optional[_AnyMultiExecuteParams],
    ) -> CursorResult[Any]:
        """continue the _execute_context() method for a single DBAPI
        cursor.execute() or cursor.executemany() call.
    
        """
        if dialect.bind_typing is BindTyping.SETINPUTSIZES:
            generic_setinputsizes = context._prepare_set_input_sizes()
    
            if generic_setinputsizes:
                try:
                    dialect.do_set_input_sizes(
                        context.cursor, generic_setinputsizes, context
                    )
                except BaseException as e:
                    self._handle_dbapi_exception(
                        e, str(statement), parameters, None, context
                    )
    
        cursor, str_statement, parameters = (
            context.cursor,
            context.statement,
            context.parameters,
        )
    
        effective_parameters: Optional[_AnyExecuteParams]
    
        if not context.executemany:
            effective_parameters = parameters[0]
        else:
            effective_parameters = parameters
    
        if self._has_events or self.engine._has_events:
            for fn in self.dispatch.before_cursor_execute:
                str_statement, effective_parameters = fn(
                    self,
                    cursor,
                    str_statement,
                    effective_parameters,
                    context,
                    context.executemany,
                )
    
        if self._echo:
            self._log_info(str_statement)
    
            stats = context._get_cache_stats()
    
            if not self.engine.hide_parameters:
                self._log_info(
                    "[%s] %r",
                    stats,
                    sql_util._repr_params(
                        effective_parameters,
                        batches=10,
                        ismulti=context.executemany,
                    ),
                )
            else:
                self._log_info(
                    "[%s] [SQL parameters hidden due to hide_parameters=True]",
                    stats,
                )
    
        evt_handled: bool = False
        try:
            if context.execute_style is ExecuteStyle.EXECUTEMANY:
                effective_parameters = cast(
                    "_CoreMultiExecuteParams", effective_parameters
                )
                if self.dialect._has_events:
                    for fn in self.dialect.dispatch.do_executemany:
                        if fn(
                            cursor,
                            str_statement,
                            effective_parameters,
                            context,
                        ):
                            evt_handled = True
                            break
                if not evt_handled:
                    self.dialect.do_executemany(
                        cursor,
                        str_statement,
                        effective_parameters,
                        context,
                    )
            elif not effective_parameters and context.no_parameters:
                if self.dialect._has_events:
                    for fn in self.dialect.dispatch.do_execute_no_params:
                        if fn(cursor, str_statement, context):
                            evt_handled = True
                            break
                if not evt_handled:
                    self.dialect.do_execute_no_params(
                        cursor, str_statement, context
                    )
            else:
                effective_parameters = cast(
                    "_CoreSingleExecuteParams", effective_parameters
                )
                if self.dialect._has_events:
                    for fn in self.dialect.dispatch.do_execute:
                        if fn(
                            cursor,
                            str_statement,
                            effective_parameters,
                            context,
                        ):
                            evt_handled = True
                            break
                if not evt_handled:
>                   self.dialect.do_execute(
                        cursor, str_statement, effective_parameters, context
                    )

/opt/venv/lib/python3.12/site-packages/sqlalchemy/engine/base.py:1969: 
_ _ _ _ _ _ _ _ _ _ _ _ _ _ _ _ _ _ _ _ _ _ _ _ _ _ _ _ _ _ _ _ _ _ _ _ _ _ _ _ 
/opt/venv/lib/python3.12/site-packages/sqlalchemy/engine/default.py:952: in do_execute
    cursor.execute(statement, parameters)
_ _ _ _ _ _ _ _ _ _ _ _ _ _ _ _ _ _ _ _ _ _ _ _ _ _ _ _ _ _ _ _ _ _ _ _ _ _ _ _ 

self = <psycopg.Cursor [closed] [IDLE] (host=postgres user=partsignal database=partsignal_geo104_6b06b58c6e) at 0xfddabaf71850>
query = 'INSERT INTO products (id, part_number, normalized_part_number, brand, normalized_brand, category, status, revision, f...(facts_body_markdown)s::VARCHAR, %(facts_classification)s::VARCHAR) RETURNING products.created_at, products.updated_at'
params = {'brand': '虚构品牌', 'category': '虚构类别', 'facts_body_markdown': '', 'facts_classification': 'RESTRICTED', ...}

    def execute(
        self,
        query: Query,
        params: Params | None = None,
        *,
        prepare: bool | None = None,
        binary: bool | None = None,
    ) -> Self:
        """
        Execute a query or command to the database.
        """
        try:
            with self._conn.lock:
                self._conn.wait(
                    self._execute_gen(query, params, prepare=prepare, binary=binary)
                )
        except e._NO_TRACEBACK as ex:
>           raise ex.with_traceback(None)
E           psycopg.errors.UniqueViolation: duplicate key value violates unique constraint "uq_products_normalized_brand"
E           DETAIL:  Key (normalized_brand, normalized_part_number)=(虚构品牌, ps104) already exists.

/opt/venv/lib/python3.12/site-packages/psycopg/cursor.py:117: UniqueViolation

The above exception was the direct cause of the following exception:

catalog_engine = Engine(postgresql+psycopg://partsignal:***@postgres:5432/partsignal_geo104_6b06b58c6e)

    @pytest.fixture
    def catalog_api(catalog_engine: Engine) -> Iterator[CatalogAPI]:
        factory = sessionmaker(bind=catalog_engine, expire_on_commit=False)
        with factory() as db:
            # 清理仅发生在本套件创建的隔离数据库；保留追加式审计。
            db.execute(text("DELETE FROM geo_subjects WHERE parent_subject_id IS NOT NULL"))
            db.execute(text("DELETE FROM geo_subjects"))
            admin = User(username=f"admin-{__import__('uuid').uuid4().hex}",
                         display_name="虚构管理员", password_hash="unused", account_type="ADMIN",
                         is_active=True, must_change_password=False, revision=0)
            engineer = User(username=f"engineer-{__import__('uuid').uuid4().hex}",
                            display_name="虚构工程师", password_hash="unused", account_type="ENGINEER",
                            is_active=True, must_change_password=False, revision=0)
            product = Product(part_number="PS-104", normalized_part_number="ps104", brand="虚构品牌",
                              normalized_brand="虚构品牌", category="虚构类别", status="ACTIVE")
            db.add_all([admin, engineer, product])
>           db.flush()

tests/integration/geo_catalog_support.py:72: 
_ _ _ _ _ _ _ _ _ _ _ _ _ _ _ _ _ _ _ _ _ _ _ _ _ _ _ _ _ _ _ _ _ _ _ _ _ _ _ _ 
/opt/venv/lib/python3.12/site-packages/sqlalchemy/orm/session.py:4353: in flush
    self._flush(objects)
/opt/venv/lib/python3.12/site-packages/sqlalchemy/orm/session.py:4488: in _flush
    with util.safe_reraise():
         ^^^^^^^^^^^^^^^^^^^
/opt/venv/lib/python3.12/site-packages/sqlalchemy/util/langhelpers.py:122: in __exit__
    raise exc_value.with_traceback(exc_tb)
/opt/venv/lib/python3.12/site-packages/sqlalchemy/orm/session.py:4449: in _flush
    flush_context.execute()
/opt/venv/lib/python3.12/site-packages/sqlalchemy/orm/unitofwork.py:465: in execute
    rec.execute(self)
/opt/venv/lib/python3.12/site-packages/sqlalchemy/orm/unitofwork.py:641: in execute
    util.preloaded.orm_persistence.save_obj(
/opt/venv/lib/python3.12/site-packages/sqlalchemy/orm/persistence.py:94: in save_obj
    _emit_insert_statements(
/opt/venv/lib/python3.12/site-packages/sqlalchemy/orm/persistence.py:1234: in _emit_insert_statements
    result = connection.execute(
/opt/venv/lib/python3.12/site-packages/sqlalchemy/engine/base.py:1421: in execute
    return meth(
/opt/venv/lib/python3.12/site-packages/sqlalchemy/sql/elements.py:526: in _execute_on_connection
    return connection._execute_clauseelement(
/opt/venv/lib/python3.12/site-packages/sqlalchemy/engine/base.py:1643: in _execute_clauseelement
    ret = self._execute_context(
/opt/venv/lib/python3.12/site-packages/sqlalchemy/engine/base.py:1848: in _execute_context
    return self._exec_single_context(
/opt/venv/lib/python3.12/site-packages/sqlalchemy/engine/base.py:1988: in _exec_single_context
    self._handle_dbapi_exception(
/opt/venv/lib/python3.12/site-packages/sqlalchemy/engine/base.py:2365: in _handle_dbapi_exception
    raise sqlalchemy_exception.with_traceback(exc_info[2]) from e
/opt/venv/lib/python3.12/site-packages/sqlalchemy/engine/base.py:1969: in _exec_single_context
    self.dialect.do_execute(
/opt/venv/lib/python3.12/site-packages/sqlalchemy/engine/default.py:952: in do_execute
    cursor.execute(statement, parameters)
_ _ _ _ _ _ _ _ _ _ _ _ _ _ _ _ _ _ _ _ _ _ _ _ _ _ _ _ _ _ _ _ _ _ _ _ _ _ _ _ 

self = <psycopg.Cursor [closed] [IDLE] (host=postgres user=partsignal database=partsignal_geo104_6b06b58c6e) at 0xfddabaf71850>
query = 'INSERT INTO products (id, part_number, normalized_part_number, brand, normalized_brand, category, status, revision, f...(facts_body_markdown)s::VARCHAR, %(facts_classification)s::VARCHAR) RETURNING products.created_at, products.updated_at'
params = {'brand': '虚构品牌', 'category': '虚构类别', 'facts_body_markdown': '', 'facts_classification': 'RESTRICTED', ...}

    def execute(
        self,
        query: Query,
        params: Params | None = None,
        *,
        prepare: bool | None = None,
        binary: bool | None = None,
    ) -> Self:
        """
        Execute a query or command to the database.
        """
        try:
            with self._conn.lock:
                self._conn.wait(
                    self._execute_gen(query, params, prepare=prepare, binary=binary)
                )
        except e._NO_TRACEBACK as ex:
>           raise ex.with_traceback(None)
E           sqlalchemy.exc.IntegrityError: (psycopg.errors.UniqueViolation) duplicate key value violates unique constraint "uq_products_normalized_brand"
E           DETAIL:  Key (normalized_brand, normalized_part_number)=(虚构品牌, ps104) already exists.
E           [SQL: INSERT INTO products (id, part_number, normalized_part_number, brand, normalized_brand, category, status, revision, facts_revision, facts_body_markdown, facts_classification) VALUES (%(id)s::UUID, %(part_number)s::VARCHAR, %(normalized_part_number)s::VARCHAR, %(brand)s::VARCHAR, %(normalized_brand)s::VARCHAR, %(category)s::VARCHAR, %(status)s::VARCHAR, %(revision)s::INTEGER, %(facts_revision)s::INTEGER, %(facts_body_markdown)s::VARCHAR, %(facts_classification)s::VARCHAR) RETURNING products.created_at, products.updated_at]
E           [parameters: {'id': UUID('0f1bd202-7f4e-4c27-93d4-5eb4369c9816'), 'part_number': 'PS-104', 'normalized_part_number': 'ps104', 'brand': '虚构品牌', 'normalized_brand': '虚构品牌', 'category': '虚构类别', 'status': 'ACTIVE', 'revision': 0, 'facts_revision': 0, 'facts_body_markdown': '', 'facts_classification': 'RESTRICTED'}]
E           (Background on this error at: https://sqlalche.me/e/20/gkpj)

/opt/venv/lib/python3.12/site-packages/psycopg/cursor.py:117: IntegrityError
_ ERROR at setup of test_all_writes_require_admin_and_csrf[DELETE-/{id}?expected_revision=0-None] _

self = <sqlalchemy.engine.base.Connection object at 0xfddabad93aa0>
dialect = <sqlalchemy.dialects.postgresql.psycopg.PGDialect_psycopg object at 0xfddabcd2c0e0>
context = <sqlalchemy.dialects.postgresql.psycopg.PGExecutionContext_psycopg object at 0xfddabad93f20>
statement = <sqlalchemy.dialects.postgresql.psycopg.PGCompiler_psycopg object at 0xfddabca10e30>
parameters = [{'brand': '虚构品牌', 'category': '虚构类别', 'facts_body_markdown': '', 'facts_classification': 'RESTRICTED', ...}]

    def _exec_single_context(
        self,
        dialect: Dialect,
        context: ExecutionContext,
        statement: Union[str, Compiled],
        parameters: Optional[_AnyMultiExecuteParams],
    ) -> CursorResult[Any]:
        """continue the _execute_context() method for a single DBAPI
        cursor.execute() or cursor.executemany() call.
    
        """
        if dialect.bind_typing is BindTyping.SETINPUTSIZES:
            generic_setinputsizes = context._prepare_set_input_sizes()
    
            if generic_setinputsizes:
                try:
                    dialect.do_set_input_sizes(
                        context.cursor, generic_setinputsizes, context
                    )
                except BaseException as e:
                    self._handle_dbapi_exception(
                        e, str(statement), parameters, None, context
                    )
    
        cursor, str_statement, parameters = (
            context.cursor,
            context.statement,
            context.parameters,
        )
    
        effective_parameters: Optional[_AnyExecuteParams]
    
        if not context.executemany:
            effective_parameters = parameters[0]
        else:
            effective_parameters = parameters
    
        if self._has_events or self.engine._has_events:
            for fn in self.dispatch.before_cursor_execute:
                str_statement, effective_parameters = fn(
                    self,
                    cursor,
                    str_statement,
                    effective_parameters,
                    context,
                    context.executemany,
                )
    
        if self._echo:
            self._log_info(str_statement)
    
            stats = context._get_cache_stats()
    
            if not self.engine.hide_parameters:
                self._log_info(
                    "[%s] %r",
                    stats,
                    sql_util._repr_params(
                        effective_parameters,
                        batches=10,
                        ismulti=context.executemany,
                    ),
                )
            else:
                self._log_info(
                    "[%s] [SQL parameters hidden due to hide_parameters=True]",
                    stats,
                )
    
        evt_handled: bool = False
        try:
            if context.execute_style is ExecuteStyle.EXECUTEMANY:
                effective_parameters = cast(
                    "_CoreMultiExecuteParams", effective_parameters
                )
                if self.dialect._has_events:
                    for fn in self.dialect.dispatch.do_executemany:
                        if fn(
                            cursor,
                            str_statement,
                            effective_parameters,
                            context,
                        ):
                            evt_handled = True
                            break
                if not evt_handled:
                    self.dialect.do_executemany(
                        cursor,
                        str_statement,
                        effective_parameters,
                        context,
                    )
            elif not effective_parameters and context.no_parameters:
                if self.dialect._has_events:
                    for fn in self.dialect.dispatch.do_execute_no_params:
                        if fn(cursor, str_statement, context):
                            evt_handled = True
                            break
                if not evt_handled:
                    self.dialect.do_execute_no_params(
                        cursor, str_statement, context
                    )
            else:
                effective_parameters = cast(
                    "_CoreSingleExecuteParams", effective_parameters
                )
                if self.dialect._has_events:
                    for fn in self.dialect.dispatch.do_execute:
                        if fn(
                            cursor,
                            str_statement,
                            effective_parameters,
                            context,
                        ):
                            evt_handled = True
                            break
                if not evt_handled:
>                   self.dialect.do_execute(
                        cursor, str_statement, effective_parameters, context
                    )

/opt/venv/lib/python3.12/site-packages/sqlalchemy/engine/base.py:1969: 
_ _ _ _ _ _ _ _ _ _ _ _ _ _ _ _ _ _ _ _ _ _ _ _ _ _ _ _ _ _ _ _ _ _ _ _ _ _ _ _ 
/opt/venv/lib/python3.12/site-packages/sqlalchemy/engine/default.py:952: in do_execute
    cursor.execute(statement, parameters)
_ _ _ _ _ _ _ _ _ _ _ _ _ _ _ _ _ _ _ _ _ _ _ _ _ _ _ _ _ _ _ _ _ _ _ _ _ _ _ _ 

self = <psycopg.Cursor [closed] [IDLE] (host=postgres user=partsignal database=partsignal_geo104_6b06b58c6e) at 0xfddabaf71c10>
query = 'INSERT INTO products (id, part_number, normalized_part_number, brand, normalized_brand, category, status, revision, f...(facts_body_markdown)s::VARCHAR, %(facts_classification)s::VARCHAR) RETURNING products.created_at, products.updated_at'
params = {'brand': '虚构品牌', 'category': '虚构类别', 'facts_body_markdown': '', 'facts_classification': 'RESTRICTED', ...}

    def execute(
        self,
        query: Query,
        params: Params | None = None,
        *,
        prepare: bool | None = None,
        binary: bool | None = None,
    ) -> Self:
        """
        Execute a query or command to the database.
        """
        try:
            with self._conn.lock:
                self._conn.wait(
                    self._execute_gen(query, params, prepare=prepare, binary=binary)
                )
        except e._NO_TRACEBACK as ex:
>           raise ex.with_traceback(None)
E           psycopg.errors.UniqueViolation: duplicate key value violates unique constraint "uq_products_normalized_brand"
E           DETAIL:  Key (normalized_brand, normalized_part_number)=(虚构品牌, ps104) already exists.

/opt/venv/lib/python3.12/site-packages/psycopg/cursor.py:117: UniqueViolation

The above exception was the direct cause of the following exception:

catalog_engine = Engine(postgresql+psycopg://partsignal:***@postgres:5432/partsignal_geo104_6b06b58c6e)

    @pytest.fixture
    def catalog_api(catalog_engine: Engine) -> Iterator[CatalogAPI]:
        factory = sessionmaker(bind=catalog_engine, expire_on_commit=False)
        with factory() as db:
            # 清理仅发生在本套件创建的隔离数据库；保留追加式审计。
            db.execute(text("DELETE FROM geo_subjects WHERE parent_subject_id IS NOT NULL"))
            db.execute(text("DELETE FROM geo_subjects"))
            admin = User(username=f"admin-{__import__('uuid').uuid4().hex}",
                         display_name="虚构管理员", password_hash="unused", account_type="ADMIN",
                         is_active=True, must_change_password=False, revision=0)
            engineer = User(username=f"engineer-{__import__('uuid').uuid4().hex}",
                            display_name="虚构工程师", password_hash="unused", account_type="ENGINEER",
                            is_active=True, must_change_password=False, revision=0)
            product = Product(part_number="PS-104", normalized_part_number="ps104", brand="虚构品牌",
                              normalized_brand="虚构品牌", category="虚构类别", status="ACTIVE")
            db.add_all([admin, engineer, product])
>           db.flush()

tests/integration/geo_catalog_support.py:72: 
_ _ _ _ _ _ _ _ _ _ _ _ _ _ _ _ _ _ _ _ _ _ _ _ _ _ _ _ _ _ _ _ _ _ _ _ _ _ _ _ 
/opt/venv/lib/python3.12/site-packages/sqlalchemy/orm/session.py:4353: in flush
    self._flush(objects)
/opt/venv/lib/python3.12/site-packages/sqlalchemy/orm/session.py:4488: in _flush
    with util.safe_reraise():
         ^^^^^^^^^^^^^^^^^^^
/opt/venv/lib/python3.12/site-packages/sqlalchemy/util/langhelpers.py:122: in __exit__
    raise exc_value.with_traceback(exc_tb)
/opt/venv/lib/python3.12/site-packages/sqlalchemy/orm/session.py:4449: in _flush
    flush_context.execute()
/opt/venv/lib/python3.12/site-packages/sqlalchemy/orm/unitofwork.py:465: in execute
    rec.execute(self)
/opt/venv/lib/python3.12/site-packages/sqlalchemy/orm/unitofwork.py:641: in execute
    util.preloaded.orm_persistence.save_obj(
/opt/venv/lib/python3.12/site-packages/sqlalchemy/orm/persistence.py:94: in save_obj
    _emit_insert_statements(
/opt/venv/lib/python3.12/site-packages/sqlalchemy/orm/persistence.py:1234: in _emit_insert_statements
    result = connection.execute(
/opt/venv/lib/python3.12/site-packages/sqlalchemy/engine/base.py:1421: in execute
    return meth(
/opt/venv/lib/python3.12/site-packages/sqlalchemy/sql/elements.py:526: in _execute_on_connection
    return connection._execute_clauseelement(
/opt/venv/lib/python3.12/site-packages/sqlalchemy/engine/base.py:1643: in _execute_clauseelement
    ret = self._execute_context(
/opt/venv/lib/python3.12/site-packages/sqlalchemy/engine/base.py:1848: in _execute_context
    return self._exec_single_context(
/opt/venv/lib/python3.12/site-packages/sqlalchemy/engine/base.py:1988: in _exec_single_context
    self._handle_dbapi_exception(
/opt/venv/lib/python3.12/site-packages/sqlalchemy/engine/base.py:2365: in _handle_dbapi_exception
    raise sqlalchemy_exception.with_traceback(exc_info[2]) from e
/opt/venv/lib/python3.12/site-packages/sqlalchemy/engine/base.py:1969: in _exec_single_context
    self.dialect.do_execute(
/opt/venv/lib/python3.12/site-packages/sqlalchemy/engine/default.py:952: in do_execute
    cursor.execute(statement, parameters)
_ _ _ _ _ _ _ _ _ _ _ _ _ _ _ _ _ _ _ _ _ _ _ _ _ _ _ _ _ _ _ _ _ _ _ _ _ _ _ _ 

self = <psycopg.Cursor [closed] [IDLE] (host=postgres user=partsignal database=partsignal_geo104_6b06b58c6e) at 0xfddabaf71c10>
query = 'INSERT INTO products (id, part_number, normalized_part_number, brand, normalized_brand, category, status, revision, f...(facts_body_markdown)s::VARCHAR, %(facts_classification)s::VARCHAR) RETURNING products.created_at, products.updated_at'
params = {'brand': '虚构品牌', 'category': '虚构类别', 'facts_body_markdown': '', 'facts_classification': 'RESTRICTED', ...}

    def execute(
        self,
        query: Query,
        params: Params | None = None,
        *,
        prepare: bool | None = None,
        binary: bool | None = None,
    ) -> Self:
        """
        Execute a query or command to the database.
        """
        try:
            with self._conn.lock:
                self._conn.wait(
                    self._execute_gen(query, params, prepare=prepare, binary=binary)
                )
        except e._NO_TRACEBACK as ex:
>           raise ex.with_traceback(None)
E           sqlalchemy.exc.IntegrityError: (psycopg.errors.UniqueViolation) duplicate key value violates unique constraint "uq_products_normalized_brand"
E           DETAIL:  Key (normalized_brand, normalized_part_number)=(虚构品牌, ps104) already exists.
E           [SQL: INSERT INTO products (id, part_number, normalized_part_number, brand, normalized_brand, category, status, revision, facts_revision, facts_body_markdown, facts_classification) VALUES (%(id)s::UUID, %(part_number)s::VARCHAR, %(normalized_part_number)s::VARCHAR, %(brand)s::VARCHAR, %(normalized_brand)s::VARCHAR, %(category)s::VARCHAR, %(status)s::VARCHAR, %(revision)s::INTEGER, %(facts_revision)s::INTEGER, %(facts_body_markdown)s::VARCHAR, %(facts_classification)s::VARCHAR) RETURNING products.created_at, products.updated_at]
E           [parameters: {'id': UUID('cea315e3-c689-4423-994a-515a907bf931'), 'part_number': 'PS-104', 'normalized_part_number': 'ps104', 'brand': '虚构品牌', 'normalized_brand': '虚构品牌', 'category': '虚构类别', 'status': 'ACTIVE', 'revision': 0, 'facts_revision': 0, 'facts_body_markdown': '', 'facts_classification': 'RESTRICTED'}]
E           (Background on this error at: https://sqlalche.me/e/20/gkpj)

/opt/venv/lib/python3.12/site-packages/psycopg/cursor.py:117: IntegrityError
_ ERROR at setup of test_all_writes_require_admin_and_csrf[POST-/{id}/enable-payload3] _

self = <sqlalchemy.engine.base.Connection object at 0xfddabaff8cb0>
dialect = <sqlalchemy.dialects.postgresql.psycopg.PGDialect_psycopg object at 0xfddabcd2c0e0>
context = <sqlalchemy.dialects.postgresql.psycopg.PGExecutionContext_psycopg object at 0xfddabaff9ac0>
statement = <sqlalchemy.dialects.postgresql.psycopg.PGCompiler_psycopg object at 0xfddabca10e30>
parameters = [{'brand': '虚构品牌', 'category': '虚构类别', 'facts_body_markdown': '', 'facts_classification': 'RESTRICTED', ...}]

    def _exec_single_context(
        self,
        dialect: Dialect,
        context: ExecutionContext,
        statement: Union[str, Compiled],
        parameters: Optional[_AnyMultiExecuteParams],
    ) -> CursorResult[Any]:
        """continue the _execute_context() method for a single DBAPI
        cursor.execute() or cursor.executemany() call.
    
        """
        if dialect.bind_typing is BindTyping.SETINPUTSIZES:
            generic_setinputsizes = context._prepare_set_input_sizes()
    
            if generic_setinputsizes:
                try:
                    dialect.do_set_input_sizes(
                        context.cursor, generic_setinputsizes, context
                    )
                except BaseException as e:
                    self._handle_dbapi_exception(
                        e, str(statement), parameters, None, context
                    )
    
        cursor, str_statement, parameters = (
            context.cursor,
            context.statement,
            context.parameters,
        )
    
        effective_parameters: Optional[_AnyExecuteParams]
    
        if not context.executemany:
            effective_parameters = parameters[0]
        else:
            effective_parameters = parameters
    
        if self._has_events or self.engine._has_events:
            for fn in self.dispatch.before_cursor_execute:
                str_statement, effective_parameters = fn(
                    self,
                    cursor,
                    str_statement,
                    effective_parameters,
                    context,
                    context.executemany,
                )
    
        if self._echo:
            self._log_info(str_statement)
    
            stats = context._get_cache_stats()
    
            if not self.engine.hide_parameters:
                self._log_info(
                    "[%s] %r",
                    stats,
                    sql_util._repr_params(
                        effective_parameters,
                        batches=10,
                        ismulti=context.executemany,
                    ),
                )
            else:
                self._log_info(
                    "[%s] [SQL parameters hidden due to hide_parameters=True]",
                    stats,
                )
    
        evt_handled: bool = False
        try:
            if context.execute_style is ExecuteStyle.EXECUTEMANY:
                effective_parameters = cast(
                    "_CoreMultiExecuteParams", effective_parameters
                )
                if self.dialect._has_events:
                    for fn in self.dialect.dispatch.do_executemany:
                        if fn(
                            cursor,
                            str_statement,
                            effective_parameters,
                            context,
                        ):
                            evt_handled = True
                            break
                if not evt_handled:
                    self.dialect.do_executemany(
                        cursor,
                        str_statement,
                        effective_parameters,
                        context,
                    )
            elif not effective_parameters and context.no_parameters:
                if self.dialect._has_events:
                    for fn in self.dialect.dispatch.do_execute_no_params:
                        if fn(cursor, str_statement, context):
                            evt_handled = True
                            break
                if not evt_handled:
                    self.dialect.do_execute_no_params(
                        cursor, str_statement, context
                    )
            else:
                effective_parameters = cast(
                    "_CoreSingleExecuteParams", effective_parameters
                )
                if self.dialect._has_events:
                    for fn in self.dialect.dispatch.do_execute:
                        if fn(
                            cursor,
                            str_statement,
                            effective_parameters,
                            context,
                        ):
                            evt_handled = True
                            break
                if not evt_handled:
>                   self.dialect.do_execute(
                        cursor, str_statement, effective_parameters, context
                    )

/opt/venv/lib/python3.12/site-packages/sqlalchemy/engine/base.py:1969: 
_ _ _ _ _ _ _ _ _ _ _ _ _ _ _ _ _ _ _ _ _ _ _ _ _ _ _ _ _ _ _ _ _ _ _ _ _ _ _ _ 
/opt/venv/lib/python3.12/site-packages/sqlalchemy/engine/default.py:952: in do_execute
    cursor.execute(statement, parameters)
_ _ _ _ _ _ _ _ _ _ _ _ _ _ _ _ _ _ _ _ _ _ _ _ _ _ _ _ _ _ _ _ _ _ _ _ _ _ _ _ 

self = <psycopg.Cursor [closed] [IDLE] (host=postgres user=partsignal database=partsignal_geo104_6b06b58c6e) at 0xfddabaf72690>
query = 'INSERT INTO products (id, part_number, normalized_part_number, brand, normalized_brand, category, status, revision, f...(facts_body_markdown)s::VARCHAR, %(facts_classification)s::VARCHAR) RETURNING products.created_at, products.updated_at'
params = {'brand': '虚构品牌', 'category': '虚构类别', 'facts_body_markdown': '', 'facts_classification': 'RESTRICTED', ...}

    def execute(
        self,
        query: Query,
        params: Params | None = None,
        *,
        prepare: bool | None = None,
        binary: bool | None = None,
    ) -> Self:
        """
        Execute a query or command to the database.
        """
        try:
            with self._conn.lock:
                self._conn.wait(
                    self._execute_gen(query, params, prepare=prepare, binary=binary)
                )
        except e._NO_TRACEBACK as ex:
>           raise ex.with_traceback(None)
E           psycopg.errors.UniqueViolation: duplicate key value violates unique constraint "uq_products_normalized_brand"
E           DETAIL:  Key (normalized_brand, normalized_part_number)=(虚构品牌, ps104) already exists.

/opt/venv/lib/python3.12/site-packages/psycopg/cursor.py:117: UniqueViolation

The above exception was the direct cause of the following exception:

catalog_engine = Engine(postgresql+psycopg://partsignal:***@postgres:5432/partsignal_geo104_6b06b58c6e)

    @pytest.fixture
    def catalog_api(catalog_engine: Engine) -> Iterator[CatalogAPI]:
        factory = sessionmaker(bind=catalog_engine, expire_on_commit=False)
        with factory() as db:
            # 清理仅发生在本套件创建的隔离数据库；保留追加式审计。
            db.execute(text("DELETE FROM geo_subjects WHERE parent_subject_id IS NOT NULL"))
            db.execute(text("DELETE FROM geo_subjects"))
            admin = User(username=f"admin-{__import__('uuid').uuid4().hex}",
                         display_name="虚构管理员", password_hash="unused", account_type="ADMIN",
                         is_active=True, must_change_password=False, revision=0)
            engineer = User(username=f"engineer-{__import__('uuid').uuid4().hex}",
                            display_name="虚构工程师", password_hash="unused", account_type="ENGINEER",
                            is_active=True, must_change_password=False, revision=0)
            product = Product(part_number="PS-104", normalized_part_number="ps104", brand="虚构品牌",
                              normalized_brand="虚构品牌", category="虚构类别", status="ACTIVE")
            db.add_all([admin, engineer, product])
>           db.flush()

tests/integration/geo_catalog_support.py:72: 
_ _ _ _ _ _ _ _ _ _ _ _ _ _ _ _ _ _ _ _ _ _ _ _ _ _ _ _ _ _ _ _ _ _ _ _ _ _ _ _ 
/opt/venv/lib/python3.12/site-packages/sqlalchemy/orm/session.py:4353: in flush
    self._flush(objects)
/opt/venv/lib/python3.12/site-packages/sqlalchemy/orm/session.py:4488: in _flush
    with util.safe_reraise():
         ^^^^^^^^^^^^^^^^^^^
/opt/venv/lib/python3.12/site-packages/sqlalchemy/util/langhelpers.py:122: in __exit__
    raise exc_value.with_traceback(exc_tb)
/opt/venv/lib/python3.12/site-packages/sqlalchemy/orm/session.py:4449: in _flush
    flush_context.execute()
/opt/venv/lib/python3.12/site-packages/sqlalchemy/orm/unitofwork.py:465: in execute
    rec.execute(self)
/opt/venv/lib/python3.12/site-packages/sqlalchemy/orm/unitofwork.py:641: in execute
    util.preloaded.orm_persistence.save_obj(
/opt/venv/lib/python3.12/site-packages/sqlalchemy/orm/persistence.py:94: in save_obj
    _emit_insert_statements(
/opt/venv/lib/python3.12/site-packages/sqlalchemy/orm/persistence.py:1234: in _emit_insert_statements
    result = connection.execute(
/opt/venv/lib/python3.12/site-packages/sqlalchemy/engine/base.py:1421: in execute
    return meth(
/opt/venv/lib/python3.12/site-packages/sqlalchemy/sql/elements.py:526: in _execute_on_connection
    return connection._execute_clauseelement(
/opt/venv/lib/python3.12/site-packages/sqlalchemy/engine/base.py:1643: in _execute_clauseelement
    ret = self._execute_context(
/opt/venv/lib/python3.12/site-packages/sqlalchemy/engine/base.py:1848: in _execute_context
    return self._exec_single_context(
/opt/venv/lib/python3.12/site-packages/sqlalchemy/engine/base.py:1988: in _exec_single_context
    self._handle_dbapi_exception(
/opt/venv/lib/python3.12/site-packages/sqlalchemy/engine/base.py:2365: in _handle_dbapi_exception
    raise sqlalchemy_exception.with_traceback(exc_info[2]) from e
/opt/venv/lib/python3.12/site-packages/sqlalchemy/engine/base.py:1969: in _exec_single_context
    self.dialect.do_execute(
/opt/venv/lib/python3.12/site-packages/sqlalchemy/engine/default.py:952: in do_execute
    cursor.execute(statement, parameters)
_ _ _ _ _ _ _ _ _ _ _ _ _ _ _ _ _ _ _ _ _ _ _ _ _ _ _ _ _ _ _ _ _ _ _ _ _ _ _ _ 

self = <psycopg.Cursor [closed] [IDLE] (host=postgres user=partsignal database=partsignal_geo104_6b06b58c6e) at 0xfddabaf72690>
query = 'INSERT INTO products (id, part_number, normalized_part_number, brand, normalized_brand, category, status, revision, f...(facts_body_markdown)s::VARCHAR, %(facts_classification)s::VARCHAR) RETURNING products.created_at, products.updated_at'
params = {'brand': '虚构品牌', 'category': '虚构类别', 'facts_body_markdown': '', 'facts_classification': 'RESTRICTED', ...}

    def execute(
        self,
        query: Query,
        params: Params | None = None,
        *,
        prepare: bool | None = None,
        binary: bool | None = None,
    ) -> Self:
        """
        Execute a query or command to the database.
        """
        try:
            with self._conn.lock:
                self._conn.wait(
                    self._execute_gen(query, params, prepare=prepare, binary=binary)
                )
        except e._NO_TRACEBACK as ex:
>           raise ex.with_traceback(None)
E           sqlalchemy.exc.IntegrityError: (psycopg.errors.UniqueViolation) duplicate key value violates unique constraint "uq_products_normalized_brand"
E           DETAIL:  Key (normalized_brand, normalized_part_number)=(虚构品牌, ps104) already exists.
E           [SQL: INSERT INTO products (id, part_number, normalized_part_number, brand, normalized_brand, category, status, revision, facts_revision, facts_body_markdown, facts_classification) VALUES (%(id)s::UUID, %(part_number)s::VARCHAR, %(normalized_part_number)s::VARCHAR, %(brand)s::VARCHAR, %(normalized_brand)s::VARCHAR, %(category)s::VARCHAR, %(status)s::VARCHAR, %(revision)s::INTEGER, %(facts_revision)s::INTEGER, %(facts_body_markdown)s::VARCHAR, %(facts_classification)s::VARCHAR) RETURNING products.created_at, products.updated_at]
E           [parameters: {'id': UUID('8f96b669-7b77-4b56-aacb-4c82e68bd262'), 'part_number': 'PS-104', 'normalized_part_number': 'ps104', 'brand': '虚构品牌', 'normalized_brand': '虚构品牌', 'category': '虚构类别', 'status': 'ACTIVE', 'revision': 0, 'facts_revision': 0, 'facts_body_markdown': '', 'facts_classification': 'RESTRICTED'}]
E           (Background on this error at: https://sqlalche.me/e/20/gkpj)

/opt/venv/lib/python3.12/site-packages/psycopg/cursor.py:117: IntegrityError
_ ERROR at setup of test_all_writes_require_admin_and_csrf[POST-/{id}/disable-payload4] _

self = <sqlalchemy.engine.base.Connection object at 0xfddabad91b20>
dialect = <sqlalchemy.dialects.postgresql.psycopg.PGDialect_psycopg object at 0xfddabcd2c0e0>
context = <sqlalchemy.dialects.postgresql.psycopg.PGExecutionContext_psycopg object at 0xfddabad93e60>
statement = <sqlalchemy.dialects.postgresql.psycopg.PGCompiler_psycopg object at 0xfddabca10e30>
parameters = [{'brand': '虚构品牌', 'category': '虚构类别', 'facts_body_markdown': '', 'facts_classification': 'RESTRICTED', ...}]

    def _exec_single_context(
        self,
        dialect: Dialect,
        context: ExecutionContext,
        statement: Union[str, Compiled],
        parameters: Optional[_AnyMultiExecuteParams],
    ) -> CursorResult[Any]:
        """continue the _execute_context() method for a single DBAPI
        cursor.execute() or cursor.executemany() call.
    
        """
        if dialect.bind_typing is BindTyping.SETINPUTSIZES:
            generic_setinputsizes = context._prepare_set_input_sizes()
    
            if generic_setinputsizes:
                try:
                    dialect.do_set_input_sizes(
                        context.cursor, generic_setinputsizes, context
                    )
                except BaseException as e:
                    self._handle_dbapi_exception(
                        e, str(statement), parameters, None, context
                    )
    
        cursor, str_statement, parameters = (
            context.cursor,
            context.statement,
            context.parameters,
        )
    
        effective_parameters: Optional[_AnyExecuteParams]
    
        if not context.executemany:
            effective_parameters = parameters[0]
        else:
            effective_parameters = parameters
    
        if self._has_events or self.engine._has_events:
            for fn in self.dispatch.before_cursor_execute:
                str_statement, effective_parameters = fn(
                    self,
                    cursor,
                    str_statement,
                    effective_parameters,
                    context,
                    context.executemany,
                )
    
        if self._echo:
            self._log_info(str_statement)
    
            stats = context._get_cache_stats()
    
            if not self.engine.hide_parameters:
                self._log_info(
                    "[%s] %r",
                    stats,
                    sql_util._repr_params(
                        effective_parameters,
                        batches=10,
                        ismulti=context.executemany,
                    ),
                )
            else:
                self._log_info(
                    "[%s] [SQL parameters hidden due to hide_parameters=True]",
                    stats,
                )
    
        evt_handled: bool = False
        try:
            if context.execute_style is ExecuteStyle.EXECUTEMANY:
                effective_parameters = cast(
                    "_CoreMultiExecuteParams", effective_parameters
                )
                if self.dialect._has_events:
                    for fn in self.dialect.dispatch.do_executemany:
                        if fn(
                            cursor,
                            str_statement,
                            effective_parameters,
                            context,
                        ):
                            evt_handled = True
                            break
                if not evt_handled:
                    self.dialect.do_executemany(
                        cursor,
                        str_statement,
                        effective_parameters,
                        context,
                    )
            elif not effective_parameters and context.no_parameters:
                if self.dialect._has_events:
                    for fn in self.dialect.dispatch.do_execute_no_params:
                        if fn(cursor, str_statement, context):
                            evt_handled = True
                            break
                if not evt_handled:
                    self.dialect.do_execute_no_params(
                        cursor, str_statement, context
                    )
            else:
                effective_parameters = cast(
                    "_CoreSingleExecuteParams", effective_parameters
                )
                if self.dialect._has_events:
                    for fn in self.dialect.dispatch.do_execute:
                        if fn(
                            cursor,
                            str_statement,
                            effective_parameters,
                            context,
                        ):
                            evt_handled = True
                            break
                if not evt_handled:
>                   self.dialect.do_execute(
                        cursor, str_statement, effective_parameters, context
                    )

/opt/venv/lib/python3.12/site-packages/sqlalchemy/engine/base.py:1969: 
_ _ _ _ _ _ _ _ _ _ _ _ _ _ _ _ _ _ _ _ _ _ _ _ _ _ _ _ _ _ _ _ _ _ _ _ _ _ _ _ 
/opt/venv/lib/python3.12/site-packages/sqlalchemy/engine/default.py:952: in do_execute
    cursor.execute(statement, parameters)
_ _ _ _ _ _ _ _ _ _ _ _ _ _ _ _ _ _ _ _ _ _ _ _ _ _ _ _ _ _ _ _ _ _ _ _ _ _ _ _ 

self = <psycopg.Cursor [closed] [IDLE] (host=postgres user=partsignal database=partsignal_geo104_6b06b58c6e) at 0xfddabcae7590>
query = 'INSERT INTO products (id, part_number, normalized_part_number, brand, normalized_brand, category, status, revision, f...(facts_body_markdown)s::VARCHAR, %(facts_classification)s::VARCHAR) RETURNING products.created_at, products.updated_at'
params = {'brand': '虚构品牌', 'category': '虚构类别', 'facts_body_markdown': '', 'facts_classification': 'RESTRICTED', ...}

    def execute(
        self,
        query: Query,
        params: Params | None = None,
        *,
        prepare: bool | None = None,
        binary: bool | None = None,
    ) -> Self:
        """
        Execute a query or command to the database.
        """
        try:
            with self._conn.lock:
                self._conn.wait(
                    self._execute_gen(query, params, prepare=prepare, binary=binary)
                )
        except e._NO_TRACEBACK as ex:
>           raise ex.with_traceback(None)
E           psycopg.errors.UniqueViolation: duplicate key value violates unique constraint "uq_products_normalized_brand"
E           DETAIL:  Key (normalized_brand, normalized_part_number)=(虚构品牌, ps104) already exists.

/opt/venv/lib/python3.12/site-packages/psycopg/cursor.py:117: UniqueViolation

The above exception was the direct cause of the following exception:

catalog_engine = Engine(postgresql+psycopg://partsignal:***@postgres:5432/partsignal_geo104_6b06b58c6e)

    @pytest.fixture
    def catalog_api(catalog_engine: Engine) -> Iterator[CatalogAPI]:
        factory = sessionmaker(bind=catalog_engine, expire_on_commit=False)
        with factory() as db:
            # 清理仅发生在本套件创建的隔离数据库；保留追加式审计。
            db.execute(text("DELETE FROM geo_subjects WHERE parent_subject_id IS NOT NULL"))
            db.execute(text("DELETE FROM geo_subjects"))
            admin = User(username=f"admin-{__import__('uuid').uuid4().hex}",
                         display_name="虚构管理员", password_hash="unused", account_type="ADMIN",
                         is_active=True, must_change_password=False, revision=0)
            engineer = User(username=f"engineer-{__import__('uuid').uuid4().hex}",
                            display_name="虚构工程师", password_hash="unused", account_type="ENGINEER",
                            is_active=True, must_change_password=False, revision=0)
            product = Product(part_number="PS-104", normalized_part_number="ps104", brand="虚构品牌",
                              normalized_brand="虚构品牌", category="虚构类别", status="ACTIVE")
            db.add_all([admin, engineer, product])
>           db.flush()

tests/integration/geo_catalog_support.py:72: 
_ _ _ _ _ _ _ _ _ _ _ _ _ _ _ _ _ _ _ _ _ _ _ _ _ _ _ _ _ _ _ _ _ _ _ _ _ _ _ _ 
/opt/venv/lib/python3.12/site-packages/sqlalchemy/orm/session.py:4353: in flush
    self._flush(objects)
/opt/venv/lib/python3.12/site-packages/sqlalchemy/orm/session.py:4488: in _flush
    with util.safe_reraise():
         ^^^^^^^^^^^^^^^^^^^
/opt/venv/lib/python3.12/site-packages/sqlalchemy/util/langhelpers.py:122: in __exit__
    raise exc_value.with_traceback(exc_tb)
/opt/venv/lib/python3.12/site-packages/sqlalchemy/orm/session.py:4449: in _flush
    flush_context.execute()
/opt/venv/lib/python3.12/site-packages/sqlalchemy/orm/unitofwork.py:465: in execute
    rec.execute(self)
/opt/venv/lib/python3.12/site-packages/sqlalchemy/orm/unitofwork.py:641: in execute
    util.preloaded.orm_persistence.save_obj(
/opt/venv/lib/python3.12/site-packages/sqlalchemy/orm/persistence.py:94: in save_obj
    _emit_insert_statements(
/opt/venv/lib/python3.12/site-packages/sqlalchemy/orm/persistence.py:1234: in _emit_insert_statements
    result = connection.execute(
/opt/venv/lib/python3.12/site-packages/sqlalchemy/engine/base.py:1421: in execute
    return meth(
/opt/venv/lib/python3.12/site-packages/sqlalchemy/sql/elements.py:526: in _execute_on_connection
    return connection._execute_clauseelement(
/opt/venv/lib/python3.12/site-packages/sqlalchemy/engine/base.py:1643: in _execute_clauseelement
    ret = self._execute_context(
/opt/venv/lib/python3.12/site-packages/sqlalchemy/engine/base.py:1848: in _execute_context
    return self._exec_single_context(
/opt/venv/lib/python3.12/site-packages/sqlalchemy/engine/base.py:1988: in _exec_single_context
    self._handle_dbapi_exception(
/opt/venv/lib/python3.12/site-packages/sqlalchemy/engine/base.py:2365: in _handle_dbapi_exception
    raise sqlalchemy_exception.with_traceback(exc_info[2]) from e
/opt/venv/lib/python3.12/site-packages/sqlalchemy/engine/base.py:1969: in _exec_single_context
    self.dialect.do_execute(
/opt/venv/lib/python3.12/site-packages/sqlalchemy/engine/default.py:952: in do_execute
    cursor.execute(statement, parameters)
_ _ _ _ _ _ _ _ _ _ _ _ _ _ _ _ _ _ _ _ _ _ _ _ _ _ _ _ _ _ _ _ _ _ _ _ _ _ _ _ 

self = <psycopg.Cursor [closed] [IDLE] (host=postgres user=partsignal database=partsignal_geo104_6b06b58c6e) at 0xfddabcae7590>
query = 'INSERT INTO products (id, part_number, normalized_part_number, brand, normalized_brand, category, status, revision, f...(facts_body_markdown)s::VARCHAR, %(facts_classification)s::VARCHAR) RETURNING products.created_at, products.updated_at'
params = {'brand': '虚构品牌', 'category': '虚构类别', 'facts_body_markdown': '', 'facts_classification': 'RESTRICTED', ...}

    def execute(
        self,
        query: Query,
        params: Params | None = None,
        *,
        prepare: bool | None = None,
        binary: bool | None = None,
    ) -> Self:
        """
        Execute a query or command to the database.
        """
        try:
            with self._conn.lock:
                self._conn.wait(
                    self._execute_gen(query, params, prepare=prepare, binary=binary)
                )
        except e._NO_TRACEBACK as ex:
>           raise ex.with_traceback(None)
E           sqlalchemy.exc.IntegrityError: (psycopg.errors.UniqueViolation) duplicate key value violates unique constraint "uq_products_normalized_brand"
E           DETAIL:  Key (normalized_brand, normalized_part_number)=(虚构品牌, ps104) already exists.
E           [SQL: INSERT INTO products (id, part_number, normalized_part_number, brand, normalized_brand, category, status, revision, facts_revision, facts_body_markdown, facts_classification) VALUES (%(id)s::UUID, %(part_number)s::VARCHAR, %(normalized_part_number)s::VARCHAR, %(brand)s::VARCHAR, %(normalized_brand)s::VARCHAR, %(category)s::VARCHAR, %(status)s::VARCHAR, %(revision)s::INTEGER, %(facts_revision)s::INTEGER, %(facts_body_markdown)s::VARCHAR, %(facts_classification)s::VARCHAR) RETURNING products.created_at, products.updated_at]
E           [parameters: {'id': UUID('d34bfa28-0cda-4be0-bb4e-1906746a7011'), 'part_number': 'PS-104', 'normalized_part_number': 'ps104', 'brand': '虚构品牌', 'normalized_brand': '虚构品牌', 'category': '虚构类别', 'status': 'ACTIVE', 'revision': 0, 'facts_revision': 0, 'facts_body_markdown': '', 'facts_classification': 'RESTRICTED'}]
E           (Background on this error at: https://sqlalche.me/e/20/gkpj)

/opt/venv/lib/python3.12/site-packages/psycopg/cursor.py:117: IntegrityError
_ ERROR at setup of test_all_writes_require_admin_and_csrf[POST-/{id}/aliases-payload5] _

self = <sqlalchemy.engine.base.Connection object at 0xfddabafc86e0>
dialect = <sqlalchemy.dialects.postgresql.psycopg.PGDialect_psycopg object at 0xfddabcd2c0e0>
context = <sqlalchemy.dialects.postgresql.psycopg.PGExecutionContext_psycopg object at 0xfddabb9374a0>
statement = <sqlalchemy.dialects.postgresql.psycopg.PGCompiler_psycopg object at 0xfddabca10e30>
parameters = [{'brand': '虚构品牌', 'category': '虚构类别', 'facts_body_markdown': '', 'facts_classification': 'RESTRICTED', ...}]

    def _exec_single_context(
        self,
        dialect: Dialect,
        context: ExecutionContext,
        statement: Union[str, Compiled],
        parameters: Optional[_AnyMultiExecuteParams],
    ) -> CursorResult[Any]:
        """continue the _execute_context() method for a single DBAPI
        cursor.execute() or cursor.executemany() call.
    
        """
        if dialect.bind_typing is BindTyping.SETINPUTSIZES:
            generic_setinputsizes = context._prepare_set_input_sizes()
    
            if generic_setinputsizes:
                try:
                    dialect.do_set_input_sizes(
                        context.cursor, generic_setinputsizes, context
                    )
                except BaseException as e:
                    self._handle_dbapi_exception(
                        e, str(statement), parameters, None, context
                    )
    
        cursor, str_statement, parameters = (
            context.cursor,
            context.statement,
            context.parameters,
        )
    
        effective_parameters: Optional[_AnyExecuteParams]
    
        if not context.executemany:
            effective_parameters = parameters[0]
        else:
            effective_parameters = parameters
    
        if self._has_events or self.engine._has_events:
            for fn in self.dispatch.before_cursor_execute:
                str_statement, effective_parameters = fn(
                    self,
                    cursor,
                    str_statement,
                    effective_parameters,
                    context,
                    context.executemany,
                )
    
        if self._echo:
            self._log_info(str_statement)
    
            stats = context._get_cache_stats()
    
            if not self.engine.hide_parameters:
                self._log_info(
                    "[%s] %r",
                    stats,
                    sql_util._repr_params(
                        effective_parameters,
                        batches=10,
                        ismulti=context.executemany,
                    ),
                )
            else:
                self._log_info(
                    "[%s] [SQL parameters hidden due to hide_parameters=True]",
                    stats,
                )
    
        evt_handled: bool = False
        try:
            if context.execute_style is ExecuteStyle.EXECUTEMANY:
                effective_parameters = cast(
                    "_CoreMultiExecuteParams", effective_parameters
                )
                if self.dialect._has_events:
                    for fn in self.dialect.dispatch.do_executemany:
                        if fn(
                            cursor,
                            str_statement,
                            effective_parameters,
                            context,
                        ):
                            evt_handled = True
                            break
                if not evt_handled:
                    self.dialect.do_executemany(
                        cursor,
                        str_statement,
                        effective_parameters,
                        context,
                    )
            elif not effective_parameters and context.no_parameters:
                if self.dialect._has_events:
                    for fn in self.dialect.dispatch.do_execute_no_params:
                        if fn(cursor, str_statement, context):
                            evt_handled = True
                            break
                if not evt_handled:
                    self.dialect.do_execute_no_params(
                        cursor, str_statement, context
                    )
            else:
                effective_parameters = cast(
                    "_CoreSingleExecuteParams", effective_parameters
                )
                if self.dialect._has_events:
                    for fn in self.dialect.dispatch.do_execute:
                        if fn(
                            cursor,
                            str_statement,
                            effective_parameters,
                            context,
                        ):
                            evt_handled = True
                            break
                if not evt_handled:
>                   self.dialect.do_execute(
                        cursor, str_statement, effective_parameters, context
                    )

/opt/venv/lib/python3.12/site-packages/sqlalchemy/engine/base.py:1969: 
_ _ _ _ _ _ _ _ _ _ _ _ _ _ _ _ _ _ _ _ _ _ _ _ _ _ _ _ _ _ _ _ _ _ _ _ _ _ _ _ 
/opt/venv/lib/python3.12/site-packages/sqlalchemy/engine/default.py:952: in do_execute
    cursor.execute(statement, parameters)
_ _ _ _ _ _ _ _ _ _ _ _ _ _ _ _ _ _ _ _ _ _ _ _ _ _ _ _ _ _ _ _ _ _ _ _ _ _ _ _ 

self = <psycopg.Cursor [closed] [IDLE] (host=postgres user=partsignal database=partsignal_geo104_6b06b58c6e) at 0xfddabcae7710>
query = 'INSERT INTO products (id, part_number, normalized_part_number, brand, normalized_brand, category, status, revision, f...(facts_body_markdown)s::VARCHAR, %(facts_classification)s::VARCHAR) RETURNING products.created_at, products.updated_at'
params = {'brand': '虚构品牌', 'category': '虚构类别', 'facts_body_markdown': '', 'facts_classification': 'RESTRICTED', ...}

    def execute(
        self,
        query: Query,
        params: Params | None = None,
        *,
        prepare: bool | None = None,
        binary: bool | None = None,
    ) -> Self:
        """
        Execute a query or command to the database.
        """
        try:
            with self._conn.lock:
                self._conn.wait(
                    self._execute_gen(query, params, prepare=prepare, binary=binary)
                )
        except e._NO_TRACEBACK as ex:
>           raise ex.with_traceback(None)
E           psycopg.errors.UniqueViolation: duplicate key value violates unique constraint "uq_products_normalized_brand"
E           DETAIL:  Key (normalized_brand, normalized_part_number)=(虚构品牌, ps104) already exists.

/opt/venv/lib/python3.12/site-packages/psycopg/cursor.py:117: UniqueViolation

The above exception was the direct cause of the following exception:

catalog_engine = Engine(postgresql+psycopg://partsignal:***@postgres:5432/partsignal_geo104_6b06b58c6e)

    @pytest.fixture
    def catalog_api(catalog_engine: Engine) -> Iterator[CatalogAPI]:
        factory = sessionmaker(bind=catalog_engine, expire_on_commit=False)
        with factory() as db:
            # 清理仅发生在本套件创建的隔离数据库；保留追加式审计。
            db.execute(text("DELETE FROM geo_subjects WHERE parent_subject_id IS NOT NULL"))
            db.execute(text("DELETE FROM geo_subjects"))
            admin = User(username=f"admin-{__import__('uuid').uuid4().hex}",
                         display_name="虚构管理员", password_hash="unused", account_type="ADMIN",
                         is_active=True, must_change_password=False, revision=0)
            engineer = User(username=f"engineer-{__import__('uuid').uuid4().hex}",
                            display_name="虚构工程师", password_hash="unused", account_type="ENGINEER",
                            is_active=True, must_change_password=False, revision=0)
            product = Product(part_number="PS-104", normalized_part_number="ps104", brand="虚构品牌",
                              normalized_brand="虚构品牌", category="虚构类别", status="ACTIVE")
            db.add_all([admin, engineer, product])
>           db.flush()

tests/integration/geo_catalog_support.py:72: 
_ _ _ _ _ _ _ _ _ _ _ _ _ _ _ _ _ _ _ _ _ _ _ _ _ _ _ _ _ _ _ _ _ _ _ _ _ _ _ _ 
/opt/venv/lib/python3.12/site-packages/sqlalchemy/orm/session.py:4353: in flush
    self._flush(objects)
/opt/venv/lib/python3.12/site-packages/sqlalchemy/orm/session.py:4488: in _flush
    with util.safe_reraise():
         ^^^^^^^^^^^^^^^^^^^
/opt/venv/lib/python3.12/site-packages/sqlalchemy/util/langhelpers.py:122: in __exit__
    raise exc_value.with_traceback(exc_tb)
/opt/venv/lib/python3.12/site-packages/sqlalchemy/orm/session.py:4449: in _flush
    flush_context.execute()
/opt/venv/lib/python3.12/site-packages/sqlalchemy/orm/unitofwork.py:465: in execute
    rec.execute(self)
/opt/venv/lib/python3.12/site-packages/sqlalchemy/orm/unitofwork.py:641: in execute
    util.preloaded.orm_persistence.save_obj(
/opt/venv/lib/python3.12/site-packages/sqlalchemy/orm/persistence.py:94: in save_obj
    _emit_insert_statements(
/opt/venv/lib/python3.12/site-packages/sqlalchemy/orm/persistence.py:1234: in _emit_insert_statements
    result = connection.execute(
/opt/venv/lib/python3.12/site-packages/sqlalchemy/engine/base.py:1421: in execute
    return meth(
/opt/venv/lib/python3.12/site-packages/sqlalchemy/sql/elements.py:526: in _execute_on_connection
    return connection._execute_clauseelement(
/opt/venv/lib/python3.12/site-packages/sqlalchemy/engine/base.py:1643: in _execute_clauseelement
    ret = self._execute_context(
/opt/venv/lib/python3.12/site-packages/sqlalchemy/engine/base.py:1848: in _execute_context
    return self._exec_single_context(
/opt/venv/lib/python3.12/site-packages/sqlalchemy/engine/base.py:1988: in _exec_single_context
    self._handle_dbapi_exception(
/opt/venv/lib/python3.12/site-packages/sqlalchemy/engine/base.py:2365: in _handle_dbapi_exception
    raise sqlalchemy_exception.with_traceback(exc_info[2]) from e
/opt/venv/lib/python3.12/site-packages/sqlalchemy/engine/base.py:1969: in _exec_single_context
    self.dialect.do_execute(
/opt/venv/lib/python3.12/site-packages/sqlalchemy/engine/default.py:952: in do_execute
    cursor.execute(statement, parameters)
_ _ _ _ _ _ _ _ _ _ _ _ _ _ _ _ _ _ _ _ _ _ _ _ _ _ _ _ _ _ _ _ _ _ _ _ _ _ _ _ 

self = <psycopg.Cursor [closed] [IDLE] (host=postgres user=partsignal database=partsignal_geo104_6b06b58c6e) at 0xfddabcae7710>
query = 'INSERT INTO products (id, part_number, normalized_part_number, brand, normalized_brand, category, status, revision, f...(facts_body_markdown)s::VARCHAR, %(facts_classification)s::VARCHAR) RETURNING products.created_at, products.updated_at'
params = {'brand': '虚构品牌', 'category': '虚构类别', 'facts_body_markdown': '', 'facts_classification': 'RESTRICTED', ...}

    def execute(
        self,
        query: Query,
        params: Params | None = None,
        *,
        prepare: bool | None = None,
        binary: bool | None = None,
    ) -> Self:
        """
        Execute a query or command to the database.
        """
        try:
            with self._conn.lock:
                self._conn.wait(
                    self._execute_gen(query, params, prepare=prepare, binary=binary)
                )
        except e._NO_TRACEBACK as ex:
>           raise ex.with_traceback(None)
E           sqlalchemy.exc.IntegrityError: (psycopg.errors.UniqueViolation) duplicate key value violates unique constraint "uq_products_normalized_brand"
E           DETAIL:  Key (normalized_brand, normalized_part_number)=(虚构品牌, ps104) already exists.
E           [SQL: INSERT INTO products (id, part_number, normalized_part_number, brand, normalized_brand, category, status, revision, facts_revision, facts_body_markdown, facts_classification) VALUES (%(id)s::UUID, %(part_number)s::VARCHAR, %(normalized_part_number)s::VARCHAR, %(brand)s::VARCHAR, %(normalized_brand)s::VARCHAR, %(category)s::VARCHAR, %(status)s::VARCHAR, %(revision)s::INTEGER, %(facts_revision)s::INTEGER, %(facts_body_markdown)s::VARCHAR, %(facts_classification)s::VARCHAR) RETURNING products.created_at, products.updated_at]
E           [parameters: {'id': UUID('d8adc579-85ad-4c72-8a45-f1196bd21a05'), 'part_number': 'PS-104', 'normalized_part_number': 'ps104', 'brand': '虚构品牌', 'normalized_brand': '虚构品牌', 'category': '虚构类别', 'status': 'ACTIVE', 'revision': 0, 'facts_revision': 0, 'facts_body_markdown': '', 'facts_classification': 'RESTRICTED'}]
E           (Background on this error at: https://sqlalche.me/e/20/gkpj)

/opt/venv/lib/python3.12/site-packages/psycopg/cursor.py:117: IntegrityError
_ ERROR at setup of test_all_writes_require_admin_and_csrf[PATCH-/{id}/aliases/{child}-payload6] _

self = <sqlalchemy.engine.base.Connection object at 0xfddabca40590>
dialect = <sqlalchemy.dialects.postgresql.psycopg.PGDialect_psycopg object at 0xfddabcd2c0e0>
context = <sqlalchemy.dialects.postgresql.psycopg.PGExecutionContext_psycopg object at 0xfddabca42bd0>
statement = <sqlalchemy.dialects.postgresql.psycopg.PGCompiler_psycopg object at 0xfddabca10e30>
parameters = [{'brand': '虚构品牌', 'category': '虚构类别', 'facts_body_markdown': '', 'facts_classification': 'RESTRICTED', ...}]

    def _exec_single_context(
        self,
        dialect: Dialect,
        context: ExecutionContext,
        statement: Union[str, Compiled],
        parameters: Optional[_AnyMultiExecuteParams],
    ) -> CursorResult[Any]:
        """continue the _execute_context() method for a single DBAPI
        cursor.execute() or cursor.executemany() call.
    
        """
        if dialect.bind_typing is BindTyping.SETINPUTSIZES:
            generic_setinputsizes = context._prepare_set_input_sizes()
    
            if generic_setinputsizes:
                try:
                    dialect.do_set_input_sizes(
                        context.cursor, generic_setinputsizes, context
                    )
                except BaseException as e:
                    self._handle_dbapi_exception(
                        e, str(statement), parameters, None, context
                    )
    
        cursor, str_statement, parameters = (
            context.cursor,
            context.statement,
            context.parameters,
        )
    
        effective_parameters: Optional[_AnyExecuteParams]
    
        if not context.executemany:
            effective_parameters = parameters[0]
        else:
            effective_parameters = parameters
    
        if self._has_events or self.engine._has_events:
            for fn in self.dispatch.before_cursor_execute:
                str_statement, effective_parameters = fn(
                    self,
                    cursor,
                    str_statement,
                    effective_parameters,
                    context,
                    context.executemany,
                )
    
        if self._echo:
            self._log_info(str_statement)
    
            stats = context._get_cache_stats()
    
            if not self.engine.hide_parameters:
                self._log_info(
                    "[%s] %r",
                    stats,
                    sql_util._repr_params(
                        effective_parameters,
                        batches=10,
                        ismulti=context.executemany,
                    ),
                )
            else:
                self._log_info(
                    "[%s] [SQL parameters hidden due to hide_parameters=True]",
                    stats,
                )
    
        evt_handled: bool = False
        try:
            if context.execute_style is ExecuteStyle.EXECUTEMANY:
                effective_parameters = cast(
                    "_CoreMultiExecuteParams", effective_parameters
                )
                if self.dialect._has_events:
                    for fn in self.dialect.dispatch.do_executemany:
                        if fn(
                            cursor,
                            str_statement,
                            effective_parameters,
                            context,
                        ):
                            evt_handled = True
                            break
                if not evt_handled:
                    self.dialect.do_executemany(
                        cursor,
                        str_statement,
                        effective_parameters,
                        context,
                    )
            elif not effective_parameters and context.no_parameters:
                if self.dialect._has_events:
                    for fn in self.dialect.dispatch.do_execute_no_params:
                        if fn(cursor, str_statement, context):
                            evt_handled = True
                            break
                if not evt_handled:
                    self.dialect.do_execute_no_params(
                        cursor, str_statement, context
                    )
            else:
                effective_parameters = cast(
                    "_CoreSingleExecuteParams", effective_parameters
                )
                if self.dialect._has_events:
                    for fn in self.dialect.dispatch.do_execute:
                        if fn(
                            cursor,
                            str_statement,
                            effective_parameters,
                            context,
                        ):
                            evt_handled = True
                            break
                if not evt_handled:
>                   self.dialect.do_execute(
                        cursor, str_statement, effective_parameters, context
                    )

/opt/venv/lib/python3.12/site-packages/sqlalchemy/engine/base.py:1969: 
_ _ _ _ _ _ _ _ _ _ _ _ _ _ _ _ _ _ _ _ _ _ _ _ _ _ _ _ _ _ _ _ _ _ _ _ _ _ _ _ 
/opt/venv/lib/python3.12/site-packages/sqlalchemy/engine/default.py:952: in do_execute
    cursor.execute(statement, parameters)
_ _ _ _ _ _ _ _ _ _ _ _ _ _ _ _ _ _ _ _ _ _ _ _ _ _ _ _ _ _ _ _ _ _ _ _ _ _ _ _ 

self = <psycopg.Cursor [closed] [IDLE] (host=postgres user=partsignal database=partsignal_geo104_6b06b58c6e) at 0xfddabaf71850>
query = 'INSERT INTO products (id, part_number, normalized_part_number, brand, normalized_brand, category, status, revision, f...(facts_body_markdown)s::VARCHAR, %(facts_classification)s::VARCHAR) RETURNING products.created_at, products.updated_at'
params = {'brand': '虚构品牌', 'category': '虚构类别', 'facts_body_markdown': '', 'facts_classification': 'RESTRICTED', ...}

    def execute(
        self,
        query: Query,
        params: Params | None = None,
        *,
        prepare: bool | None = None,
        binary: bool | None = None,
    ) -> Self:
        """
        Execute a query or command to the database.
        """
        try:
            with self._conn.lock:
                self._conn.wait(
                    self._execute_gen(query, params, prepare=prepare, binary=binary)
                )
        except e._NO_TRACEBACK as ex:
>           raise ex.with_traceback(None)
E           psycopg.errors.UniqueViolation: duplicate key value violates unique constraint "uq_products_normalized_brand"
E           DETAIL:  Key (normalized_brand, normalized_part_number)=(虚构品牌, ps104) already exists.

/opt/venv/lib/python3.12/site-packages/psycopg/cursor.py:117: UniqueViolation

The above exception was the direct cause of the following exception:

catalog_engine = Engine(postgresql+psycopg://partsignal:***@postgres:5432/partsignal_geo104_6b06b58c6e)

    @pytest.fixture
    def catalog_api(catalog_engine: Engine) -> Iterator[CatalogAPI]:
        factory = sessionmaker(bind=catalog_engine, expire_on_commit=False)
        with factory() as db:
            # 清理仅发生在本套件创建的隔离数据库；保留追加式审计。
            db.execute(text("DELETE FROM geo_subjects WHERE parent_subject_id IS NOT NULL"))
            db.execute(text("DELETE FROM geo_subjects"))
            admin = User(username=f"admin-{__import__('uuid').uuid4().hex}",
                         display_name="虚构管理员", password_hash="unused", account_type="ADMIN",
                         is_active=True, must_change_password=False, revision=0)
            engineer = User(username=f"engineer-{__import__('uuid').uuid4().hex}",
                            display_name="虚构工程师", password_hash="unused", account_type="ENGINEER",
                            is_active=True, must_change_password=False, revision=0)
            product = Product(part_number="PS-104", normalized_part_number="ps104", brand="虚构品牌",
                              normalized_brand="虚构品牌", category="虚构类别", status="ACTIVE")
            db.add_all([admin, engineer, product])
>           db.flush()

tests/integration/geo_catalog_support.py:72: 
_ _ _ _ _ _ _ _ _ _ _ _ _ _ _ _ _ _ _ _ _ _ _ _ _ _ _ _ _ _ _ _ _ _ _ _ _ _ _ _ 
/opt/venv/lib/python3.12/site-packages/sqlalchemy/orm/session.py:4353: in flush
    self._flush(objects)
/opt/venv/lib/python3.12/site-packages/sqlalchemy/orm/session.py:4488: in _flush
    with util.safe_reraise():
         ^^^^^^^^^^^^^^^^^^^
/opt/venv/lib/python3.12/site-packages/sqlalchemy/util/langhelpers.py:122: in __exit__
    raise exc_value.with_traceback(exc_tb)
/opt/venv/lib/python3.12/site-packages/sqlalchemy/orm/session.py:4449: in _flush
    flush_context.execute()
/opt/venv/lib/python3.12/site-packages/sqlalchemy/orm/unitofwork.py:465: in execute
    rec.execute(self)
/opt/venv/lib/python3.12/site-packages/sqlalchemy/orm/unitofwork.py:641: in execute
    util.preloaded.orm_persistence.save_obj(
/opt/venv/lib/python3.12/site-packages/sqlalchemy/orm/persistence.py:94: in save_obj
    _emit_insert_statements(
/opt/venv/lib/python3.12/site-packages/sqlalchemy/orm/persistence.py:1234: in _emit_insert_statements
    result = connection.execute(
/opt/venv/lib/python3.12/site-packages/sqlalchemy/engine/base.py:1421: in execute
    return meth(
/opt/venv/lib/python3.12/site-packages/sqlalchemy/sql/elements.py:526: in _execute_on_connection
    return connection._execute_clauseelement(
/opt/venv/lib/python3.12/site-packages/sqlalchemy/engine/base.py:1643: in _execute_clauseelement
    ret = self._execute_context(
/opt/venv/lib/python3.12/site-packages/sqlalchemy/engine/base.py:1848: in _execute_context
    return self._exec_single_context(
/opt/venv/lib/python3.12/site-packages/sqlalchemy/engine/base.py:1988: in _exec_single_context
    self._handle_dbapi_exception(
/opt/venv/lib/python3.12/site-packages/sqlalchemy/engine/base.py:2365: in _handle_dbapi_exception
    raise sqlalchemy_exception.with_traceback(exc_info[2]) from e
/opt/venv/lib/python3.12/site-packages/sqlalchemy/engine/base.py:1969: in _exec_single_context
    self.dialect.do_execute(
/opt/venv/lib/python3.12/site-packages/sqlalchemy/engine/default.py:952: in do_execute
    cursor.execute(statement, parameters)
_ _ _ _ _ _ _ _ _ _ _ _ _ _ _ _ _ _ _ _ _ _ _ _ _ _ _ _ _ _ _ _ _ _ _ _ _ _ _ _ 

self = <psycopg.Cursor [closed] [IDLE] (host=postgres user=partsignal database=partsignal_geo104_6b06b58c6e) at 0xfddabaf71850>
query = 'INSERT INTO products (id, part_number, normalized_part_number, brand, normalized_brand, category, status, revision, f...(facts_body_markdown)s::VARCHAR, %(facts_classification)s::VARCHAR) RETURNING products.created_at, products.updated_at'
params = {'brand': '虚构品牌', 'category': '虚构类别', 'facts_body_markdown': '', 'facts_classification': 'RESTRICTED', ...}

    def execute(
        self,
        query: Query,
        params: Params | None = None,
        *,
        prepare: bool | None = None,
        binary: bool | None = None,
    ) -> Self:
        """
        Execute a query or command to the database.
        """
        try:
            with self._conn.lock:
                self._conn.wait(
                    self._execute_gen(query, params, prepare=prepare, binary=binary)
                )
        except e._NO_TRACEBACK as ex:
>           raise ex.with_traceback(None)
E           sqlalchemy.exc.IntegrityError: (psycopg.errors.UniqueViolation) duplicate key value violates unique constraint "uq_products_normalized_brand"
E           DETAIL:  Key (normalized_brand, normalized_part_number)=(虚构品牌, ps104) already exists.
E           [SQL: INSERT INTO products (id, part_number, normalized_part_number, brand, normalized_brand, category, status, revision, facts_revision, facts_body_markdown, facts_classification) VALUES (%(id)s::UUID, %(part_number)s::VARCHAR, %(normalized_part_number)s::VARCHAR, %(brand)s::VARCHAR, %(normalized_brand)s::VARCHAR, %(category)s::VARCHAR, %(status)s::VARCHAR, %(revision)s::INTEGER, %(facts_revision)s::INTEGER, %(facts_body_markdown)s::VARCHAR, %(facts_classification)s::VARCHAR) RETURNING products.created_at, products.updated_at]
E           [parameters: {'id': UUID('37b5ce2c-4454-4e75-9f00-796c2a40e43f'), 'part_number': 'PS-104', 'normalized_part_number': 'ps104', 'brand': '虚构品牌', 'normalized_brand': '虚构品牌', 'category': '虚构类别', 'status': 'ACTIVE', 'revision': 0, 'facts_revision': 0, 'facts_body_markdown': '', 'facts_classification': 'RESTRICTED'}]
E           (Background on this error at: https://sqlalche.me/e/20/gkpj)

/opt/venv/lib/python3.12/site-packages/psycopg/cursor.py:117: IntegrityError
_ ERROR at setup of test_all_writes_require_admin_and_csrf[DELETE-/{id}/aliases/{child}?expected_revision=0-None] _

self = <sqlalchemy.engine.base.Connection object at 0xfddabaffb050>
dialect = <sqlalchemy.dialects.postgresql.psycopg.PGDialect_psycopg object at 0xfddabcd2c0e0>
context = <sqlalchemy.dialects.postgresql.psycopg.PGExecutionContext_psycopg object at 0xfddabaff8170>
statement = <sqlalchemy.dialects.postgresql.psycopg.PGCompiler_psycopg object at 0xfddabca10e30>
parameters = [{'brand': '虚构品牌', 'category': '虚构类别', 'facts_body_markdown': '', 'facts_classification': 'RESTRICTED', ...}]

    def _exec_single_context(
        self,
        dialect: Dialect,
        context: ExecutionContext,
        statement: Union[str, Compiled],
        parameters: Optional[_AnyMultiExecuteParams],
    ) -> CursorResult[Any]:
        """continue the _execute_context() method for a single DBAPI
        cursor.execute() or cursor.executemany() call.
    
        """
        if dialect.bind_typing is BindTyping.SETINPUTSIZES:
            generic_setinputsizes = context._prepare_set_input_sizes()
    
            if generic_setinputsizes:
                try:
                    dialect.do_set_input_sizes(
                        context.cursor, generic_setinputsizes, context
                    )
                except BaseException as e:
                    self._handle_dbapi_exception(
                        e, str(statement), parameters, None, context
                    )
    
        cursor, str_statement, parameters = (
            context.cursor,
            context.statement,
            context.parameters,
        )
    
        effective_parameters: Optional[_AnyExecuteParams]
    
        if not context.executemany:
            effective_parameters = parameters[0]
        else:
            effective_parameters = parameters
    
        if self._has_events or self.engine._has_events:
            for fn in self.dispatch.before_cursor_execute:
                str_statement, effective_parameters = fn(
                    self,
                    cursor,
                    str_statement,
                    effective_parameters,
                    context,
                    context.executemany,
                )
    
        if self._echo:
            self._log_info(str_statement)
    
            stats = context._get_cache_stats()
    
            if not self.engine.hide_parameters:
                self._log_info(
                    "[%s] %r",
                    stats,
                    sql_util._repr_params(
                        effective_parameters,
                        batches=10,
                        ismulti=context.executemany,
                    ),
                )
            else:
                self._log_info(
                    "[%s] [SQL parameters hidden due to hide_parameters=True]",
                    stats,
                )
    
        evt_handled: bool = False
        try:
            if context.execute_style is ExecuteStyle.EXECUTEMANY:
                effective_parameters = cast(
                    "_CoreMultiExecuteParams", effective_parameters
                )
                if self.dialect._has_events:
                    for fn in self.dialect.dispatch.do_executemany:
                        if fn(
                            cursor,
                            str_statement,
                            effective_parameters,
                            context,
                        ):
                            evt_handled = True
                            break
                if not evt_handled:
                    self.dialect.do_executemany(
                        cursor,
                        str_statement,
                        effective_parameters,
                        context,
                    )
            elif not effective_parameters and context.no_parameters:
                if self.dialect._has_events:
                    for fn in self.dialect.dispatch.do_execute_no_params:
                        if fn(cursor, str_statement, context):
                            evt_handled = True
                            break
                if not evt_handled:
                    self.dialect.do_execute_no_params(
                        cursor, str_statement, context
                    )
            else:
                effective_parameters = cast(
                    "_CoreSingleExecuteParams", effective_parameters
                )
                if self.dialect._has_events:
                    for fn in self.dialect.dispatch.do_execute:
                        if fn(
                            cursor,
                            str_statement,
                            effective_parameters,
                            context,
                        ):
                            evt_handled = True
                            break
                if not evt_handled:
>                   self.dialect.do_execute(
                        cursor, str_statement, effective_parameters, context
                    )

/opt/venv/lib/python3.12/site-packages/sqlalchemy/engine/base.py:1969: 
_ _ _ _ _ _ _ _ _ _ _ _ _ _ _ _ _ _ _ _ _ _ _ _ _ _ _ _ _ _ _ _ _ _ _ _ _ _ _ _ 
/opt/venv/lib/python3.12/site-packages/sqlalchemy/engine/default.py:952: in do_execute
    cursor.execute(statement, parameters)
_ _ _ _ _ _ _ _ _ _ _ _ _ _ _ _ _ _ _ _ _ _ _ _ _ _ _ _ _ _ _ _ _ _ _ _ _ _ _ _ 

self = <psycopg.Cursor [closed] [IDLE] (host=postgres user=partsignal database=partsignal_geo104_6b06b58c6e) at 0xfddabaf72e10>
query = 'INSERT INTO products (id, part_number, normalized_part_number, brand, normalized_brand, category, status, revision, f...(facts_body_markdown)s::VARCHAR, %(facts_classification)s::VARCHAR) RETURNING products.created_at, products.updated_at'
params = {'brand': '虚构品牌', 'category': '虚构类别', 'facts_body_markdown': '', 'facts_classification': 'RESTRICTED', ...}

    def execute(
        self,
        query: Query,
        params: Params | None = None,
        *,
        prepare: bool | None = None,
        binary: bool | None = None,
    ) -> Self:
        """
        Execute a query or command to the database.
        """
        try:
            with self._conn.lock:
                self._conn.wait(
                    self._execute_gen(query, params, prepare=prepare, binary=binary)
                )
        except e._NO_TRACEBACK as ex:
>           raise ex.with_traceback(None)
E           psycopg.errors.UniqueViolation: duplicate key value violates unique constraint "uq_products_normalized_brand"
E           DETAIL:  Key (normalized_brand, normalized_part_number)=(虚构品牌, ps104) already exists.

/opt/venv/lib/python3.12/site-packages/psycopg/cursor.py:117: UniqueViolation

The above exception was the direct cause of the following exception:

catalog_engine = Engine(postgresql+psycopg://partsignal:***@postgres:5432/partsignal_geo104_6b06b58c6e)

    @pytest.fixture
    def catalog_api(catalog_engine: Engine) -> Iterator[CatalogAPI]:
        factory = sessionmaker(bind=catalog_engine, expire_on_commit=False)
        with factory() as db:
            # 清理仅发生在本套件创建的隔离数据库；保留追加式审计。
            db.execute(text("DELETE FROM geo_subjects WHERE parent_subject_id IS NOT NULL"))
            db.execute(text("DELETE FROM geo_subjects"))
            admin = User(username=f"admin-{__import__('uuid').uuid4().hex}",
                         display_name="虚构管理员", password_hash="unused", account_type="ADMIN",
                         is_active=True, must_change_password=False, revision=0)
            engineer = User(username=f"engineer-{__import__('uuid').uuid4().hex}",
                            display_name="虚构工程师", password_hash="unused", account_type="ENGINEER",
                            is_active=True, must_change_password=False, revision=0)
            product = Product(part_number="PS-104", normalized_part_number="ps104", brand="虚构品牌",
                              normalized_brand="虚构品牌", category="虚构类别", status="ACTIVE")
            db.add_all([admin, engineer, product])
>           db.flush()

tests/integration/geo_catalog_support.py:72: 
_ _ _ _ _ _ _ _ _ _ _ _ _ _ _ _ _ _ _ _ _ _ _ _ _ _ _ _ _ _ _ _ _ _ _ _ _ _ _ _ 
/opt/venv/lib/python3.12/site-packages/sqlalchemy/orm/session.py:4353: in flush
    self._flush(objects)
/opt/venv/lib/python3.12/site-packages/sqlalchemy/orm/session.py:4488: in _flush
    with util.safe_reraise():
         ^^^^^^^^^^^^^^^^^^^
/opt/venv/lib/python3.12/site-packages/sqlalchemy/util/langhelpers.py:122: in __exit__
    raise exc_value.with_traceback(exc_tb)
/opt/venv/lib/python3.12/site-packages/sqlalchemy/orm/session.py:4449: in _flush
    flush_context.execute()
/opt/venv/lib/python3.12/site-packages/sqlalchemy/orm/unitofwork.py:465: in execute
    rec.execute(self)
/opt/venv/lib/python3.12/site-packages/sqlalchemy/orm/unitofwork.py:641: in execute
    util.preloaded.orm_persistence.save_obj(
/opt/venv/lib/python3.12/site-packages/sqlalchemy/orm/persistence.py:94: in save_obj
    _emit_insert_statements(
/opt/venv/lib/python3.12/site-packages/sqlalchemy/orm/persistence.py:1234: in _emit_insert_statements
    result = connection.execute(
/opt/venv/lib/python3.12/site-packages/sqlalchemy/engine/base.py:1421: in execute
    return meth(
/opt/venv/lib/python3.12/site-packages/sqlalchemy/sql/elements.py:526: in _execute_on_connection
    return connection._execute_clauseelement(
/opt/venv/lib/python3.12/site-packages/sqlalchemy/engine/base.py:1643: in _execute_clauseelement
    ret = self._execute_context(
/opt/venv/lib/python3.12/site-packages/sqlalchemy/engine/base.py:1848: in _execute_context
    return self._exec_single_context(
/opt/venv/lib/python3.12/site-packages/sqlalchemy/engine/base.py:1988: in _exec_single_context
    self._handle_dbapi_exception(
/opt/venv/lib/python3.12/site-packages/sqlalchemy/engine/base.py:2365: in _handle_dbapi_exception
    raise sqlalchemy_exception.with_traceback(exc_info[2]) from e
/opt/venv/lib/python3.12/site-packages/sqlalchemy/engine/base.py:1969: in _exec_single_context
    self.dialect.do_execute(
/opt/venv/lib/python3.12/site-packages/sqlalchemy/engine/default.py:952: in do_execute
    cursor.execute(statement, parameters)
_ _ _ _ _ _ _ _ _ _ _ _ _ _ _ _ _ _ _ _ _ _ _ _ _ _ _ _ _ _ _ _ _ _ _ _ _ _ _ _ 

self = <psycopg.Cursor [closed] [IDLE] (host=postgres user=partsignal database=partsignal_geo104_6b06b58c6e) at 0xfddabaf72e10>
query = 'INSERT INTO products (id, part_number, normalized_part_number, brand, normalized_brand, category, status, revision, f...(facts_body_markdown)s::VARCHAR, %(facts_classification)s::VARCHAR) RETURNING products.created_at, products.updated_at'
params = {'brand': '虚构品牌', 'category': '虚构类别', 'facts_body_markdown': '', 'facts_classification': 'RESTRICTED', ...}

    def execute(
        self,
        query: Query,
        params: Params | None = None,
        *,
        prepare: bool | None = None,
        binary: bool | None = None,
    ) -> Self:
        """
        Execute a query or command to the database.
        """
        try:
            with self._conn.lock:
                self._conn.wait(
                    self._execute_gen(query, params, prepare=prepare, binary=binary)
                )
        except e._NO_TRACEBACK as ex:
>           raise ex.with_traceback(None)
E           sqlalchemy.exc.IntegrityError: (psycopg.errors.UniqueViolation) duplicate key value violates unique constraint "uq_products_normalized_brand"
E           DETAIL:  Key (normalized_brand, normalized_part_number)=(虚构品牌, ps104) already exists.
E           [SQL: INSERT INTO products (id, part_number, normalized_part_number, brand, normalized_brand, category, status, revision, facts_revision, facts_body_markdown, facts_classification) VALUES (%(id)s::UUID, %(part_number)s::VARCHAR, %(normalized_part_number)s::VARCHAR, %(brand)s::VARCHAR, %(normalized_brand)s::VARCHAR, %(category)s::VARCHAR, %(status)s::VARCHAR, %(revision)s::INTEGER, %(facts_revision)s::INTEGER, %(facts_body_markdown)s::VARCHAR, %(facts_classification)s::VARCHAR) RETURNING products.created_at, products.updated_at]
E           [parameters: {'id': UUID('f442a23f-9506-4f0e-a0e7-27f3679a453d'), 'part_number': 'PS-104', 'normalized_part_number': 'ps104', 'brand': '虚构品牌', 'normalized_brand': '虚构品牌', 'category': '虚构类别', 'status': 'ACTIVE', 'revision': 0, 'facts_revision': 0, 'facts_body_markdown': '', 'facts_classification': 'RESTRICTED'}]
E           (Background on this error at: https://sqlalche.me/e/20/gkpj)

/opt/venv/lib/python3.12/site-packages/psycopg/cursor.py:117: IntegrityError
_ ERROR at setup of test_all_writes_require_admin_and_csrf[POST-/{id}/domains-payload8] _

self = <sqlalchemy.engine.base.Connection object at 0xfddabca409b0>
dialect = <sqlalchemy.dialects.postgresql.psycopg.PGDialect_psycopg object at 0xfddabcd2c0e0>
context = <sqlalchemy.dialects.postgresql.psycopg.PGExecutionContext_psycopg object at 0xfddabb01b3e0>
statement = <sqlalchemy.dialects.postgresql.psycopg.PGCompiler_psycopg object at 0xfddabca10e30>
parameters = [{'brand': '虚构品牌', 'category': '虚构类别', 'facts_body_markdown': '', 'facts_classification': 'RESTRICTED', ...}]

    def _exec_single_context(
        self,
        dialect: Dialect,
        context: ExecutionContext,
        statement: Union[str, Compiled],
        parameters: Optional[_AnyMultiExecuteParams],
    ) -> CursorResult[Any]:
        """continue the _execute_context() method for a single DBAPI
        cursor.execute() or cursor.executemany() call.
    
        """
        if dialect.bind_typing is BindTyping.SETINPUTSIZES:
            generic_setinputsizes = context._prepare_set_input_sizes()
    
            if generic_setinputsizes:
                try:
                    dialect.do_set_input_sizes(
                        context.cursor, generic_setinputsizes, context
                    )
                except BaseException as e:
                    self._handle_dbapi_exception(
                        e, str(statement), parameters, None, context
                    )
    
        cursor, str_statement, parameters = (
            context.cursor,
            context.statement,
            context.parameters,
        )
    
        effective_parameters: Optional[_AnyExecuteParams]
    
        if not context.executemany:
            effective_parameters = parameters[0]
        else:
            effective_parameters = parameters
    
        if self._has_events or self.engine._has_events:
            for fn in self.dispatch.before_cursor_execute:
                str_statement, effective_parameters = fn(
                    self,
                    cursor,
                    str_statement,
                    effective_parameters,
                    context,
                    context.executemany,
                )
    
        if self._echo:
            self._log_info(str_statement)
    
            stats = context._get_cache_stats()
    
            if not self.engine.hide_parameters:
                self._log_info(
                    "[%s] %r",
                    stats,
                    sql_util._repr_params(
                        effective_parameters,
                        batches=10,
                        ismulti=context.executemany,
                    ),
                )
            else:
                self._log_info(
                    "[%s] [SQL parameters hidden due to hide_parameters=True]",
                    stats,
                )
    
        evt_handled: bool = False
        try:
            if context.execute_style is ExecuteStyle.EXECUTEMANY:
                effective_parameters = cast(
                    "_CoreMultiExecuteParams", effective_parameters
                )
                if self.dialect._has_events:
                    for fn in self.dialect.dispatch.do_executemany:
                        if fn(
                            cursor,
                            str_statement,
                            effective_parameters,
                            context,
                        ):
                            evt_handled = True
                            break
                if not evt_handled:
                    self.dialect.do_executemany(
                        cursor,
                        str_statement,
                        effective_parameters,
                        context,
                    )
            elif not effective_parameters and context.no_parameters:
                if self.dialect._has_events:
                    for fn in self.dialect.dispatch.do_execute_no_params:
                        if fn(cursor, str_statement, context):
                            evt_handled = True
                            break
                if not evt_handled:
                    self.dialect.do_execute_no_params(
                        cursor, str_statement, context
                    )
            else:
                effective_parameters = cast(
                    "_CoreSingleExecuteParams", effective_parameters
                )
                if self.dialect._has_events:
                    for fn in self.dialect.dispatch.do_execute:
                        if fn(
                            cursor,
                            str_statement,
                            effective_parameters,
                            context,
                        ):
                            evt_handled = True
                            break
                if not evt_handled:
>                   self.dialect.do_execute(
                        cursor, str_statement, effective_parameters, context
                    )

/opt/venv/lib/python3.12/site-packages/sqlalchemy/engine/base.py:1969: 
_ _ _ _ _ _ _ _ _ _ _ _ _ _ _ _ _ _ _ _ _ _ _ _ _ _ _ _ _ _ _ _ _ _ _ _ _ _ _ _ 
/opt/venv/lib/python3.12/site-packages/sqlalchemy/engine/default.py:952: in do_execute
    cursor.execute(statement, parameters)
_ _ _ _ _ _ _ _ _ _ _ _ _ _ _ _ _ _ _ _ _ _ _ _ _ _ _ _ _ _ _ _ _ _ _ _ _ _ _ _ 

self = <psycopg.Cursor [closed] [IDLE] (host=postgres user=partsignal database=partsignal_geo104_6b06b58c6e) at 0xfddabaf72ed0>
query = 'INSERT INTO products (id, part_number, normalized_part_number, brand, normalized_brand, category, status, revision, f...(facts_body_markdown)s::VARCHAR, %(facts_classification)s::VARCHAR) RETURNING products.created_at, products.updated_at'
params = {'brand': '虚构品牌', 'category': '虚构类别', 'facts_body_markdown': '', 'facts_classification': 'RESTRICTED', ...}

    def execute(
        self,
        query: Query,
        params: Params | None = None,
        *,
        prepare: bool | None = None,
        binary: bool | None = None,
    ) -> Self:
        """
        Execute a query or command to the database.
        """
        try:
            with self._conn.lock:
                self._conn.wait(
                    self._execute_gen(query, params, prepare=prepare, binary=binary)
                )
        except e._NO_TRACEBACK as ex:
>           raise ex.with_traceback(None)
E           psycopg.errors.UniqueViolation: duplicate key value violates unique constraint "uq_products_normalized_brand"
E           DETAIL:  Key (normalized_brand, normalized_part_number)=(虚构品牌, ps104) already exists.

/opt/venv/lib/python3.12/site-packages/psycopg/cursor.py:117: UniqueViolation

The above exception was the direct cause of the following exception:

catalog_engine = Engine(postgresql+psycopg://partsignal:***@postgres:5432/partsignal_geo104_6b06b58c6e)

    @pytest.fixture
    def catalog_api(catalog_engine: Engine) -> Iterator[CatalogAPI]:
        factory = sessionmaker(bind=catalog_engine, expire_on_commit=False)
        with factory() as db:
            # 清理仅发生在本套件创建的隔离数据库；保留追加式审计。
            db.execute(text("DELETE FROM geo_subjects WHERE parent_subject_id IS NOT NULL"))
            db.execute(text("DELETE FROM geo_subjects"))
            admin = User(username=f"admin-{__import__('uuid').uuid4().hex}",
                         display_name="虚构管理员", password_hash="unused", account_type="ADMIN",
                         is_active=True, must_change_password=False, revision=0)
            engineer = User(username=f"engineer-{__import__('uuid').uuid4().hex}",
                            display_name="虚构工程师", password_hash="unused", account_type="ENGINEER",
                            is_active=True, must_change_password=False, revision=0)
            product = Product(part_number="PS-104", normalized_part_number="ps104", brand="虚构品牌",
                              normalized_brand="虚构品牌", category="虚构类别", status="ACTIVE")
            db.add_all([admin, engineer, product])
>           db.flush()

tests/integration/geo_catalog_support.py:72: 
_ _ _ _ _ _ _ _ _ _ _ _ _ _ _ _ _ _ _ _ _ _ _ _ _ _ _ _ _ _ _ _ _ _ _ _ _ _ _ _ 
/opt/venv/lib/python3.12/site-packages/sqlalchemy/orm/session.py:4353: in flush
    self._flush(objects)
/opt/venv/lib/python3.12/site-packages/sqlalchemy/orm/session.py:4488: in _flush
    with util.safe_reraise():
         ^^^^^^^^^^^^^^^^^^^
/opt/venv/lib/python3.12/site-packages/sqlalchemy/util/langhelpers.py:122: in __exit__
    raise exc_value.with_traceback(exc_tb)
/opt/venv/lib/python3.12/site-packages/sqlalchemy/orm/session.py:4449: in _flush
    flush_context.execute()
/opt/venv/lib/python3.12/site-packages/sqlalchemy/orm/unitofwork.py:465: in execute
    rec.execute(self)
/opt/venv/lib/python3.12/site-packages/sqlalchemy/orm/unitofwork.py:641: in execute
    util.preloaded.orm_persistence.save_obj(
/opt/venv/lib/python3.12/site-packages/sqlalchemy/orm/persistence.py:94: in save_obj
    _emit_insert_statements(
/opt/venv/lib/python3.12/site-packages/sqlalchemy/orm/persistence.py:1234: in _emit_insert_statements
    result = connection.execute(
/opt/venv/lib/python3.12/site-packages/sqlalchemy/engine/base.py:1421: in execute
    return meth(
/opt/venv/lib/python3.12/site-packages/sqlalchemy/sql/elements.py:526: in _execute_on_connection
    return connection._execute_clauseelement(
/opt/venv/lib/python3.12/site-packages/sqlalchemy/engine/base.py:1643: in _execute_clauseelement
    ret = self._execute_context(
/opt/venv/lib/python3.12/site-packages/sqlalchemy/engine/base.py:1848: in _execute_context
    return self._exec_single_context(
/opt/venv/lib/python3.12/site-packages/sqlalchemy/engine/base.py:1988: in _exec_single_context
    self._handle_dbapi_exception(
/opt/venv/lib/python3.12/site-packages/sqlalchemy/engine/base.py:2365: in _handle_dbapi_exception
    raise sqlalchemy_exception.with_traceback(exc_info[2]) from e
/opt/venv/lib/python3.12/site-packages/sqlalchemy/engine/base.py:1969: in _exec_single_context
    self.dialect.do_execute(
/opt/venv/lib/python3.12/site-packages/sqlalchemy/engine/default.py:952: in do_execute
    cursor.execute(statement, parameters)
_ _ _ _ _ _ _ _ _ _ _ _ _ _ _ _ _ _ _ _ _ _ _ _ _ _ _ _ _ _ _ _ _ _ _ _ _ _ _ _ 

self = <psycopg.Cursor [closed] [IDLE] (host=postgres user=partsignal database=partsignal_geo104_6b06b58c6e) at 0xfddabaf72ed0>
query = 'INSERT INTO products (id, part_number, normalized_part_number, brand, normalized_brand, category, status, revision, f...(facts_body_markdown)s::VARCHAR, %(facts_classification)s::VARCHAR) RETURNING products.created_at, products.updated_at'
params = {'brand': '虚构品牌', 'category': '虚构类别', 'facts_body_markdown': '', 'facts_classification': 'RESTRICTED', ...}

    def execute(
        self,
        query: Query,
        params: Params | None = None,
        *,
        prepare: bool | None = None,
        binary: bool | None = None,
    ) -> Self:
        """
        Execute a query or command to the database.
        """
        try:
            with self._conn.lock:
                self._conn.wait(
                    self._execute_gen(query, params, prepare=prepare, binary=binary)
                )
        except e._NO_TRACEBACK as ex:
>           raise ex.with_traceback(None)
E           sqlalchemy.exc.IntegrityError: (psycopg.errors.UniqueViolation) duplicate key value violates unique constraint "uq_products_normalized_brand"
E           DETAIL:  Key (normalized_brand, normalized_part_number)=(虚构品牌, ps104) already exists.
E           [SQL: INSERT INTO products (id, part_number, normalized_part_number, brand, normalized_brand, category, status, revision, facts_revision, facts_body_markdown, facts_classification) VALUES (%(id)s::UUID, %(part_number)s::VARCHAR, %(normalized_part_number)s::VARCHAR, %(brand)s::VARCHAR, %(normalized_brand)s::VARCHAR, %(category)s::VARCHAR, %(status)s::VARCHAR, %(revision)s::INTEGER, %(facts_revision)s::INTEGER, %(facts_body_markdown)s::VARCHAR, %(facts_classification)s::VARCHAR) RETURNING products.created_at, products.updated_at]
E           [parameters: {'id': UUID('bd0b4351-164c-4c64-ae1b-e4555070cefe'), 'part_number': 'PS-104', 'normalized_part_number': 'ps104', 'brand': '虚构品牌', 'normalized_brand': '虚构品牌', 'category': '虚构类别', 'status': 'ACTIVE', 'revision': 0, 'facts_revision': 0, 'facts_body_markdown': '', 'facts_classification': 'RESTRICTED'}]
E           (Background on this error at: https://sqlalche.me/e/20/gkpj)

/opt/venv/lib/python3.12/site-packages/psycopg/cursor.py:117: IntegrityError
_ ERROR at setup of test_all_writes_require_admin_and_csrf[DELETE-/{id}/domains/{child}?expected_revision=0-None] _

self = <sqlalchemy.engine.base.Connection object at 0xfddabb01bc80>
dialect = <sqlalchemy.dialects.postgresql.psycopg.PGDialect_psycopg object at 0xfddabcd2c0e0>
context = <sqlalchemy.dialects.postgresql.psycopg.PGExecutionContext_psycopg object at 0xfddabb019070>
statement = <sqlalchemy.dialects.postgresql.psycopg.PGCompiler_psycopg object at 0xfddabca10e30>
parameters = [{'brand': '虚构品牌', 'category': '虚构类别', 'facts_body_markdown': '', 'facts_classification': 'RESTRICTED', ...}]

    def _exec_single_context(
        self,
        dialect: Dialect,
        context: ExecutionContext,
        statement: Union[str, Compiled],
        parameters: Optional[_AnyMultiExecuteParams],
    ) -> CursorResult[Any]:
        """continue the _execute_context() method for a single DBAPI
        cursor.execute() or cursor.executemany() call.
    
        """
        if dialect.bind_typing is BindTyping.SETINPUTSIZES:
            generic_setinputsizes = context._prepare_set_input_sizes()
    
            if generic_setinputsizes:
                try:
                    dialect.do_set_input_sizes(
                        context.cursor, generic_setinputsizes, context
                    )
                except BaseException as e:
                    self._handle_dbapi_exception(
                        e, str(statement), parameters, None, context
                    )
    
        cursor, str_statement, parameters = (
            context.cursor,
            context.statement,
            context.parameters,
        )
    
        effective_parameters: Optional[_AnyExecuteParams]
    
        if not context.executemany:
            effective_parameters = parameters[0]
        else:
            effective_parameters = parameters
    
        if self._has_events or self.engine._has_events:
            for fn in self.dispatch.before_cursor_execute:
                str_statement, effective_parameters = fn(
                    self,
                    cursor,
                    str_statement,
                    effective_parameters,
                    context,
                    context.executemany,
                )
    
        if self._echo:
            self._log_info(str_statement)
    
            stats = context._get_cache_stats()
    
            if not self.engine.hide_parameters:
                self._log_info(
                    "[%s] %r",
                    stats,
                    sql_util._repr_params(
                        effective_parameters,
                        batches=10,
                        ismulti=context.executemany,
                    ),
                )
            else:
                self._log_info(
                    "[%s] [SQL parameters hidden due to hide_parameters=True]",
                    stats,
                )
    
        evt_handled: bool = False
        try:
            if context.execute_style is ExecuteStyle.EXECUTEMANY:
                effective_parameters = cast(
                    "_CoreMultiExecuteParams", effective_parameters
                )
                if self.dialect._has_events:
                    for fn in self.dialect.dispatch.do_executemany:
                        if fn(
                            cursor,
                            str_statement,
                            effective_parameters,
                            context,
                        ):
                            evt_handled = True
                            break
                if not evt_handled:
                    self.dialect.do_executemany(
                        cursor,
                        str_statement,
                        effective_parameters,
                        context,
                    )
            elif not effective_parameters and context.no_parameters:
                if self.dialect._has_events:
                    for fn in self.dialect.dispatch.do_execute_no_params:
                        if fn(cursor, str_statement, context):
                            evt_handled = True
                            break
                if not evt_handled:
                    self.dialect.do_execute_no_params(
                        cursor, str_statement, context
                    )
            else:
                effective_parameters = cast(
                    "_CoreSingleExecuteParams", effective_parameters
                )
                if self.dialect._has_events:
                    for fn in self.dialect.dispatch.do_execute:
                        if fn(
                            cursor,
                            str_statement,
                            effective_parameters,
                            context,
                        ):
                            evt_handled = True
                            break
                if not evt_handled:
>                   self.dialect.do_execute(
                        cursor, str_statement, effective_parameters, context
                    )

/opt/venv/lib/python3.12/site-packages/sqlalchemy/engine/base.py:1969: 
_ _ _ _ _ _ _ _ _ _ _ _ _ _ _ _ _ _ _ _ _ _ _ _ _ _ _ _ _ _ _ _ _ _ _ _ _ _ _ _ 
/opt/venv/lib/python3.12/site-packages/sqlalchemy/engine/default.py:952: in do_execute
    cursor.execute(statement, parameters)
_ _ _ _ _ _ _ _ _ _ _ _ _ _ _ _ _ _ _ _ _ _ _ _ _ _ _ _ _ _ _ _ _ _ _ _ _ _ _ _ 

self = <psycopg.Cursor [closed] [IDLE] (host=postgres user=partsignal database=partsignal_geo104_6b06b58c6e) at 0xfddabaf73890>
query = 'INSERT INTO products (id, part_number, normalized_part_number, brand, normalized_brand, category, status, revision, f...(facts_body_markdown)s::VARCHAR, %(facts_classification)s::VARCHAR) RETURNING products.created_at, products.updated_at'
params = {'brand': '虚构品牌', 'category': '虚构类别', 'facts_body_markdown': '', 'facts_classification': 'RESTRICTED', ...}

    def execute(
        self,
        query: Query,
        params: Params | None = None,
        *,
        prepare: bool | None = None,
        binary: bool | None = None,
    ) -> Self:
        """
        Execute a query or command to the database.
        """
        try:
            with self._conn.lock:
                self._conn.wait(
                    self._execute_gen(query, params, prepare=prepare, binary=binary)
                )
        except e._NO_TRACEBACK as ex:
>           raise ex.with_traceback(None)
E           psycopg.errors.UniqueViolation: duplicate key value violates unique constraint "uq_products_normalized_brand"
E           DETAIL:  Key (normalized_brand, normalized_part_number)=(虚构品牌, ps104) already exists.

/opt/venv/lib/python3.12/site-packages/psycopg/cursor.py:117: UniqueViolation

The above exception was the direct cause of the following exception:

catalog_engine = Engine(postgresql+psycopg://partsignal:***@postgres:5432/partsignal_geo104_6b06b58c6e)

    @pytest.fixture
    def catalog_api(catalog_engine: Engine) -> Iterator[CatalogAPI]:
        factory = sessionmaker(bind=catalog_engine, expire_on_commit=False)
        with factory() as db:
            # 清理仅发生在本套件创建的隔离数据库；保留追加式审计。
            db.execute(text("DELETE FROM geo_subjects WHERE parent_subject_id IS NOT NULL"))
            db.execute(text("DELETE FROM geo_subjects"))
            admin = User(username=f"admin-{__import__('uuid').uuid4().hex}",
                         display_name="虚构管理员", password_hash="unused", account_type="ADMIN",
                         is_active=True, must_change_password=False, revision=0)
            engineer = User(username=f"engineer-{__import__('uuid').uuid4().hex}",
                            display_name="虚构工程师", password_hash="unused", account_type="ENGINEER",
                            is_active=True, must_change_password=False, revision=0)
            product = Product(part_number="PS-104", normalized_part_number="ps104", brand="虚构品牌",
                              normalized_brand="虚构品牌", category="虚构类别", status="ACTIVE")
            db.add_all([admin, engineer, product])
>           db.flush()

tests/integration/geo_catalog_support.py:72: 
_ _ _ _ _ _ _ _ _ _ _ _ _ _ _ _ _ _ _ _ _ _ _ _ _ _ _ _ _ _ _ _ _ _ _ _ _ _ _ _ 
/opt/venv/lib/python3.12/site-packages/sqlalchemy/orm/session.py:4353: in flush
    self._flush(objects)
/opt/venv/lib/python3.12/site-packages/sqlalchemy/orm/session.py:4488: in _flush
    with util.safe_reraise():
         ^^^^^^^^^^^^^^^^^^^
/opt/venv/lib/python3.12/site-packages/sqlalchemy/util/langhelpers.py:122: in __exit__
    raise exc_value.with_traceback(exc_tb)
/opt/venv/lib/python3.12/site-packages/sqlalchemy/orm/session.py:4449: in _flush
    flush_context.execute()
/opt/venv/lib/python3.12/site-packages/sqlalchemy/orm/unitofwork.py:465: in execute
    rec.execute(self)
/opt/venv/lib/python3.12/site-packages/sqlalchemy/orm/unitofwork.py:641: in execute
    util.preloaded.orm_persistence.save_obj(
/opt/venv/lib/python3.12/site-packages/sqlalchemy/orm/persistence.py:94: in save_obj
    _emit_insert_statements(
/opt/venv/lib/python3.12/site-packages/sqlalchemy/orm/persistence.py:1234: in _emit_insert_statements
    result = connection.execute(
/opt/venv/lib/python3.12/site-packages/sqlalchemy/engine/base.py:1421: in execute
    return meth(
/opt/venv/lib/python3.12/site-packages/sqlalchemy/sql/elements.py:526: in _execute_on_connection
    return connection._execute_clauseelement(
/opt/venv/lib/python3.12/site-packages/sqlalchemy/engine/base.py:1643: in _execute_clauseelement
    ret = self._execute_context(
/opt/venv/lib/python3.12/site-packages/sqlalchemy/engine/base.py:1848: in _execute_context
    return self._exec_single_context(
/opt/venv/lib/python3.12/site-packages/sqlalchemy/engine/base.py:1988: in _exec_single_context
    self._handle_dbapi_exception(
/opt/venv/lib/python3.12/site-packages/sqlalchemy/engine/base.py:2365: in _handle_dbapi_exception
    raise sqlalchemy_exception.with_traceback(exc_info[2]) from e
/opt/venv/lib/python3.12/site-packages/sqlalchemy/engine/base.py:1969: in _exec_single_context
    self.dialect.do_execute(
/opt/venv/lib/python3.12/site-packages/sqlalchemy/engine/default.py:952: in do_execute
    cursor.execute(statement, parameters)
_ _ _ _ _ _ _ _ _ _ _ _ _ _ _ _ _ _ _ _ _ _ _ _ _ _ _ _ _ _ _ _ _ _ _ _ _ _ _ _ 

self = <psycopg.Cursor [closed] [IDLE] (host=postgres user=partsignal database=partsignal_geo104_6b06b58c6e) at 0xfddabaf73890>
query = 'INSERT INTO products (id, part_number, normalized_part_number, brand, normalized_brand, category, status, revision, f...(facts_body_markdown)s::VARCHAR, %(facts_classification)s::VARCHAR) RETURNING products.created_at, products.updated_at'
params = {'brand': '虚构品牌', 'category': '虚构类别', 'facts_body_markdown': '', 'facts_classification': 'RESTRICTED', ...}

    def execute(
        self,
        query: Query,
        params: Params | None = None,
        *,
        prepare: bool | None = None,
        binary: bool | None = None,
    ) -> Self:
        """
        Execute a query or command to the database.
        """
        try:
            with self._conn.lock:
                self._conn.wait(
                    self._execute_gen(query, params, prepare=prepare, binary=binary)
                )
        except e._NO_TRACEBACK as ex:
>           raise ex.with_traceback(None)
E           sqlalchemy.exc.IntegrityError: (psycopg.errors.UniqueViolation) duplicate key value violates unique constraint "uq_products_normalized_brand"
E           DETAIL:  Key (normalized_brand, normalized_part_number)=(虚构品牌, ps104) already exists.
E           [SQL: INSERT INTO products (id, part_number, normalized_part_number, brand, normalized_brand, category, status, revision, facts_revision, facts_body_markdown, facts_classification) VALUES (%(id)s::UUID, %(part_number)s::VARCHAR, %(normalized_part_number)s::VARCHAR, %(brand)s::VARCHAR, %(normalized_brand)s::VARCHAR, %(category)s::VARCHAR, %(status)s::VARCHAR, %(revision)s::INTEGER, %(facts_revision)s::INTEGER, %(facts_body_markdown)s::VARCHAR, %(facts_classification)s::VARCHAR) RETURNING products.created_at, products.updated_at]
E           [parameters: {'id': UUID('03dccaf4-7499-4547-86e1-94f1bae10f6f'), 'part_number': 'PS-104', 'normalized_part_number': 'ps104', 'brand': '虚构品牌', 'normalized_brand': '虚构品牌', 'category': '虚构类别', 'status': 'ACTIVE', 'revision': 0, 'facts_revision': 0, 'facts_body_markdown': '', 'facts_classification': 'RESTRICTED'}]
E           (Background on this error at: https://sqlalche.me/e/20/gkpj)

/opt/venv/lib/python3.12/site-packages/psycopg/cursor.py:117: IntegrityError
________________ ERROR at setup of test_reads_require_session[] ________________

self = <sqlalchemy.engine.base.Connection object at 0xfddabb01bf80>
dialect = <sqlalchemy.dialects.postgresql.psycopg.PGDialect_psycopg object at 0xfddabcd2c0e0>
context = <sqlalchemy.dialects.postgresql.psycopg.PGExecutionContext_psycopg object at 0xfddabb000ef0>
statement = <sqlalchemy.dialects.postgresql.psycopg.PGCompiler_psycopg object at 0xfddabca10e30>
parameters = [{'brand': '虚构品牌', 'category': '虚构类别', 'facts_body_markdown': '', 'facts_classification': 'RESTRICTED', ...}]

    def _exec_single_context(
        self,
        dialect: Dialect,
        context: ExecutionContext,
        statement: Union[str, Compiled],
        parameters: Optional[_AnyMultiExecuteParams],
    ) -> CursorResult[Any]:
        """continue the _execute_context() method for a single DBAPI
        cursor.execute() or cursor.executemany() call.
    
        """
        if dialect.bind_typing is BindTyping.SETINPUTSIZES:
            generic_setinputsizes = context._prepare_set_input_sizes()
    
            if generic_setinputsizes:
                try:
                    dialect.do_set_input_sizes(
                        context.cursor, generic_setinputsizes, context
                    )
                except BaseException as e:
                    self._handle_dbapi_exception(
                        e, str(statement), parameters, None, context
                    )
    
        cursor, str_statement, parameters = (
            context.cursor,
            context.statement,
            context.parameters,
        )
    
        effective_parameters: Optional[_AnyExecuteParams]
    
        if not context.executemany:
            effective_parameters = parameters[0]
        else:
            effective_parameters = parameters
    
        if self._has_events or self.engine._has_events:
            for fn in self.dispatch.before_cursor_execute:
                str_statement, effective_parameters = fn(
                    self,
                    cursor,
                    str_statement,
                    effective_parameters,
                    context,
                    context.executemany,
                )
    
        if self._echo:
            self._log_info(str_statement)
    
            stats = context._get_cache_stats()
    
            if not self.engine.hide_parameters:
                self._log_info(
                    "[%s] %r",
                    stats,
                    sql_util._repr_params(
                        effective_parameters,
                        batches=10,
                        ismulti=context.executemany,
                    ),
                )
            else:
                self._log_info(
                    "[%s] [SQL parameters hidden due to hide_parameters=True]",
                    stats,
                )
    
        evt_handled: bool = False
        try:
            if context.execute_style is ExecuteStyle.EXECUTEMANY:
                effective_parameters = cast(
                    "_CoreMultiExecuteParams", effective_parameters
                )
                if self.dialect._has_events:
                    for fn in self.dialect.dispatch.do_executemany:
                        if fn(
                            cursor,
                            str_statement,
                            effective_parameters,
                            context,
                        ):
                            evt_handled = True
                            break
                if not evt_handled:
                    self.dialect.do_executemany(
                        cursor,
                        str_statement,
                        effective_parameters,
                        context,
                    )
            elif not effective_parameters and context.no_parameters:
                if self.dialect._has_events:
                    for fn in self.dialect.dispatch.do_execute_no_params:
                        if fn(cursor, str_statement, context):
                            evt_handled = True
                            break
                if not evt_handled:
                    self.dialect.do_execute_no_params(
                        cursor, str_statement, context
                    )
            else:
                effective_parameters = cast(
                    "_CoreSingleExecuteParams", effective_parameters
                )
                if self.dialect._has_events:
                    for fn in self.dialect.dispatch.do_execute:
                        if fn(
                            cursor,
                            str_statement,
                            effective_parameters,
                            context,
                        ):
                            evt_handled = True
                            break
                if not evt_handled:
>                   self.dialect.do_execute(
                        cursor, str_statement, effective_parameters, context
                    )

/opt/venv/lib/python3.12/site-packages/sqlalchemy/engine/base.py:1969: 
_ _ _ _ _ _ _ _ _ _ _ _ _ _ _ _ _ _ _ _ _ _ _ _ _ _ _ _ _ _ _ _ _ _ _ _ _ _ _ _ 
/opt/venv/lib/python3.12/site-packages/sqlalchemy/engine/default.py:952: in do_execute
    cursor.execute(statement, parameters)
_ _ _ _ _ _ _ _ _ _ _ _ _ _ _ _ _ _ _ _ _ _ _ _ _ _ _ _ _ _ _ _ _ _ _ _ _ _ _ _ 

self = <psycopg.Cursor [closed] [IDLE] (host=postgres user=partsignal database=partsignal_geo104_6b06b58c6e) at 0xfddabaf734d0>
query = 'INSERT INTO products (id, part_number, normalized_part_number, brand, normalized_brand, category, status, revision, f...(facts_body_markdown)s::VARCHAR, %(facts_classification)s::VARCHAR) RETURNING products.created_at, products.updated_at'
params = {'brand': '虚构品牌', 'category': '虚构类别', 'facts_body_markdown': '', 'facts_classification': 'RESTRICTED', ...}

    def execute(
        self,
        query: Query,
        params: Params | None = None,
        *,
        prepare: bool | None = None,
        binary: bool | None = None,
    ) -> Self:
        """
        Execute a query or command to the database.
        """
        try:
            with self._conn.lock:
                self._conn.wait(
                    self._execute_gen(query, params, prepare=prepare, binary=binary)
                )
        except e._NO_TRACEBACK as ex:
>           raise ex.with_traceback(None)
E           psycopg.errors.UniqueViolation: duplicate key value violates unique constraint "uq_products_normalized_brand"
E           DETAIL:  Key (normalized_brand, normalized_part_number)=(虚构品牌, ps104) already exists.

/opt/venv/lib/python3.12/site-packages/psycopg/cursor.py:117: UniqueViolation

The above exception was the direct cause of the following exception:

catalog_engine = Engine(postgresql+psycopg://partsignal:***@postgres:5432/partsignal_geo104_6b06b58c6e)

    @pytest.fixture
    def catalog_api(catalog_engine: Engine) -> Iterator[CatalogAPI]:
        factory = sessionmaker(bind=catalog_engine, expire_on_commit=False)
        with factory() as db:
            # 清理仅发生在本套件创建的隔离数据库；保留追加式审计。
            db.execute(text("DELETE FROM geo_subjects WHERE parent_subject_id IS NOT NULL"))
            db.execute(text("DELETE FROM geo_subjects"))
            admin = User(username=f"admin-{__import__('uuid').uuid4().hex}",
                         display_name="虚构管理员", password_hash="unused", account_type="ADMIN",
                         is_active=True, must_change_password=False, revision=0)
            engineer = User(username=f"engineer-{__import__('uuid').uuid4().hex}",
                            display_name="虚构工程师", password_hash="unused", account_type="ENGINEER",
                            is_active=True, must_change_password=False, revision=0)
            product = Product(part_number="PS-104", normalized_part_number="ps104", brand="虚构品牌",
                              normalized_brand="虚构品牌", category="虚构类别", status="ACTIVE")
            db.add_all([admin, engineer, product])
>           db.flush()

tests/integration/geo_catalog_support.py:72: 
_ _ _ _ _ _ _ _ _ _ _ _ _ _ _ _ _ _ _ _ _ _ _ _ _ _ _ _ _ _ _ _ _ _ _ _ _ _ _ _ 
/opt/venv/lib/python3.12/site-packages/sqlalchemy/orm/session.py:4353: in flush
    self._flush(objects)
/opt/venv/lib/python3.12/site-packages/sqlalchemy/orm/session.py:4488: in _flush
    with util.safe_reraise():
         ^^^^^^^^^^^^^^^^^^^
/opt/venv/lib/python3.12/site-packages/sqlalchemy/util/langhelpers.py:122: in __exit__
    raise exc_value.with_traceback(exc_tb)
/opt/venv/lib/python3.12/site-packages/sqlalchemy/orm/session.py:4449: in _flush
    flush_context.execute()
/opt/venv/lib/python3.12/site-packages/sqlalchemy/orm/unitofwork.py:465: in execute
    rec.execute(self)
/opt/venv/lib/python3.12/site-packages/sqlalchemy/orm/unitofwork.py:641: in execute
    util.preloaded.orm_persistence.save_obj(
/opt/venv/lib/python3.12/site-packages/sqlalchemy/orm/persistence.py:94: in save_obj
    _emit_insert_statements(
/opt/venv/lib/python3.12/site-packages/sqlalchemy/orm/persistence.py:1234: in _emit_insert_statements
    result = connection.execute(
/opt/venv/lib/python3.12/site-packages/sqlalchemy/engine/base.py:1421: in execute
    return meth(
/opt/venv/lib/python3.12/site-packages/sqlalchemy/sql/elements.py:526: in _execute_on_connection
    return connection._execute_clauseelement(
/opt/venv/lib/python3.12/site-packages/sqlalchemy/engine/base.py:1643: in _execute_clauseelement
    ret = self._execute_context(
/opt/venv/lib/python3.12/site-packages/sqlalchemy/engine/base.py:1848: in _execute_context
    return self._exec_single_context(
/opt/venv/lib/python3.12/site-packages/sqlalchemy/engine/base.py:1988: in _exec_single_context
    self._handle_dbapi_exception(
/opt/venv/lib/python3.12/site-packages/sqlalchemy/engine/base.py:2365: in _handle_dbapi_exception
    raise sqlalchemy_exception.with_traceback(exc_info[2]) from e
/opt/venv/lib/python3.12/site-packages/sqlalchemy/engine/base.py:1969: in _exec_single_context
    self.dialect.do_execute(
/opt/venv/lib/python3.12/site-packages/sqlalchemy/engine/default.py:952: in do_execute
    cursor.execute(statement, parameters)
_ _ _ _ _ _ _ _ _ _ _ _ _ _ _ _ _ _ _ _ _ _ _ _ _ _ _ _ _ _ _ _ _ _ _ _ _ _ _ _ 

self = <psycopg.Cursor [closed] [IDLE] (host=postgres user=partsignal database=partsignal_geo104_6b06b58c6e) at 0xfddabaf734d0>
query = 'INSERT INTO products (id, part_number, normalized_part_number, brand, normalized_brand, category, status, revision, f...(facts_body_markdown)s::VARCHAR, %(facts_classification)s::VARCHAR) RETURNING products.created_at, products.updated_at'
params = {'brand': '虚构品牌', 'category': '虚构类别', 'facts_body_markdown': '', 'facts_classification': 'RESTRICTED', ...}

    def execute(
        self,
        query: Query,
        params: Params | None = None,
        *,
        prepare: bool | None = None,
        binary: bool | None = None,
    ) -> Self:
        """
        Execute a query or command to the database.
        """
        try:
            with self._conn.lock:
                self._conn.wait(
                    self._execute_gen(query, params, prepare=prepare, binary=binary)
                )
        except e._NO_TRACEBACK as ex:
>           raise ex.with_traceback(None)
E           sqlalchemy.exc.IntegrityError: (psycopg.errors.UniqueViolation) duplicate key value violates unique constraint "uq_products_normalized_brand"
E           DETAIL:  Key (normalized_brand, normalized_part_number)=(虚构品牌, ps104) already exists.
E           [SQL: INSERT INTO products (id, part_number, normalized_part_number, brand, normalized_brand, category, status, revision, facts_revision, facts_body_markdown, facts_classification) VALUES (%(id)s::UUID, %(part_number)s::VARCHAR, %(normalized_part_number)s::VARCHAR, %(brand)s::VARCHAR, %(normalized_brand)s::VARCHAR, %(category)s::VARCHAR, %(status)s::VARCHAR, %(revision)s::INTEGER, %(facts_revision)s::INTEGER, %(facts_body_markdown)s::VARCHAR, %(facts_classification)s::VARCHAR) RETURNING products.created_at, products.updated_at]
E           [parameters: {'id': UUID('bb3043cf-b687-4886-960b-f10e88488bef'), 'part_number': 'PS-104', 'normalized_part_number': 'ps104', 'brand': '虚构品牌', 'normalized_brand': '虚构品牌', 'category': '虚构类别', 'status': 'ACTIVE', 'revision': 0, 'facts_revision': 0, 'facts_body_markdown': '', 'facts_classification': 'RESTRICTED'}]
E           (Background on this error at: https://sqlalche.me/e/20/gkpj)

/opt/venv/lib/python3.12/site-packages/psycopg/cursor.py:117: IntegrityError
_____________ ERROR at setup of test_reads_require_session[/{id}] ______________

self = <sqlalchemy.engine.base.Connection object at 0xfddabb001310>
dialect = <sqlalchemy.dialects.postgresql.psycopg.PGDialect_psycopg object at 0xfddabcd2c0e0>
context = <sqlalchemy.dialects.postgresql.psycopg.PGExecutionContext_psycopg object at 0xfddabb001460>
statement = <sqlalchemy.dialects.postgresql.psycopg.PGCompiler_psycopg object at 0xfddabca10e30>
parameters = [{'brand': '虚构品牌', 'category': '虚构类别', 'facts_body_markdown': '', 'facts_classification': 'RESTRICTED', ...}]

    def _exec_single_context(
        self,
        dialect: Dialect,
        context: ExecutionContext,
        statement: Union[str, Compiled],
        parameters: Optional[_AnyMultiExecuteParams],
    ) -> CursorResult[Any]:
        """continue the _execute_context() method for a single DBAPI
        cursor.execute() or cursor.executemany() call.
    
        """
        if dialect.bind_typing is BindTyping.SETINPUTSIZES:
            generic_setinputsizes = context._prepare_set_input_sizes()
    
            if generic_setinputsizes:
                try:
                    dialect.do_set_input_sizes(
                        context.cursor, generic_setinputsizes, context
                    )
                except BaseException as e:
                    self._handle_dbapi_exception(
                        e, str(statement), parameters, None, context
                    )
    
        cursor, str_statement, parameters = (
            context.cursor,
            context.statement,
            context.parameters,
        )
    
        effective_parameters: Optional[_AnyExecuteParams]
    
        if not context.executemany:
            effective_parameters = parameters[0]
        else:
            effective_parameters = parameters
    
        if self._has_events or self.engine._has_events:
            for fn in self.dispatch.before_cursor_execute:
                str_statement, effective_parameters = fn(
                    self,
                    cursor,
                    str_statement,
                    effective_parameters,
                    context,
                    context.executemany,
                )
    
        if self._echo:
            self._log_info(str_statement)
    
            stats = context._get_cache_stats()
    
            if not self.engine.hide_parameters:
                self._log_info(
                    "[%s] %r",
                    stats,
                    sql_util._repr_params(
                        effective_parameters,
                        batches=10,
                        ismulti=context.executemany,
                    ),
                )
            else:
                self._log_info(
                    "[%s] [SQL parameters hidden due to hide_parameters=True]",
                    stats,
                )
    
        evt_handled: bool = False
        try:
            if context.execute_style is ExecuteStyle.EXECUTEMANY:
                effective_parameters = cast(
                    "_CoreMultiExecuteParams", effective_parameters
                )
                if self.dialect._has_events:
                    for fn in self.dialect.dispatch.do_executemany:
                        if fn(
                            cursor,
                            str_statement,
                            effective_parameters,
                            context,
                        ):
                            evt_handled = True
                            break
                if not evt_handled:
                    self.dialect.do_executemany(
                        cursor,
                        str_statement,
                        effective_parameters,
                        context,
                    )
            elif not effective_parameters and context.no_parameters:
                if self.dialect._has_events:
                    for fn in self.dialect.dispatch.do_execute_no_params:
                        if fn(cursor, str_statement, context):
                            evt_handled = True
                            break
                if not evt_handled:
                    self.dialect.do_execute_no_params(
                        cursor, str_statement, context
                    )
            else:
                effective_parameters = cast(
                    "_CoreSingleExecuteParams", effective_parameters
                )
                if self.dialect._has_events:
                    for fn in self.dialect.dispatch.do_execute:
                        if fn(
                            cursor,
                            str_statement,
                            effective_parameters,
                            context,
                        ):
                            evt_handled = True
                            break
                if not evt_handled:
>                   self.dialect.do_execute(
                        cursor, str_statement, effective_parameters, context
                    )

/opt/venv/lib/python3.12/site-packages/sqlalchemy/engine/base.py:1969: 
_ _ _ _ _ _ _ _ _ _ _ _ _ _ _ _ _ _ _ _ _ _ _ _ _ _ _ _ _ _ _ _ _ _ _ _ _ _ _ _ 
/opt/venv/lib/python3.12/site-packages/sqlalchemy/engine/default.py:952: in do_execute
    cursor.execute(statement, parameters)
_ _ _ _ _ _ _ _ _ _ _ _ _ _ _ _ _ _ _ _ _ _ _ _ _ _ _ _ _ _ _ _ _ _ _ _ _ _ _ _ 

self = <psycopg.Cursor [closed] [IDLE] (host=postgres user=partsignal database=partsignal_geo104_6b06b58c6e) at 0xfddabaf71a90>
query = 'INSERT INTO products (id, part_number, normalized_part_number, brand, normalized_brand, category, status, revision, f...(facts_body_markdown)s::VARCHAR, %(facts_classification)s::VARCHAR) RETURNING products.created_at, products.updated_at'
params = {'brand': '虚构品牌', 'category': '虚构类别', 'facts_body_markdown': '', 'facts_classification': 'RESTRICTED', ...}

    def execute(
        self,
        query: Query,
        params: Params | None = None,
        *,
        prepare: bool | None = None,
        binary: bool | None = None,
    ) -> Self:
        """
        Execute a query or command to the database.
        """
        try:
            with self._conn.lock:
                self._conn.wait(
                    self._execute_gen(query, params, prepare=prepare, binary=binary)
                )
        except e._NO_TRACEBACK as ex:
>           raise ex.with_traceback(None)
E           psycopg.errors.UniqueViolation: duplicate key value violates unique constraint "uq_products_normalized_brand"
E           DETAIL:  Key (normalized_brand, normalized_part_number)=(虚构品牌, ps104) already exists.

/opt/venv/lib/python3.12/site-packages/psycopg/cursor.py:117: UniqueViolation

The above exception was the direct cause of the following exception:

catalog_engine = Engine(postgresql+psycopg://partsignal:***@postgres:5432/partsignal_geo104_6b06b58c6e)

    @pytest.fixture
    def catalog_api(catalog_engine: Engine) -> Iterator[CatalogAPI]:
        factory = sessionmaker(bind=catalog_engine, expire_on_commit=False)
        with factory() as db:
            # 清理仅发生在本套件创建的隔离数据库；保留追加式审计。
            db.execute(text("DELETE FROM geo_subjects WHERE parent_subject_id IS NOT NULL"))
            db.execute(text("DELETE FROM geo_subjects"))
            admin = User(username=f"admin-{__import__('uuid').uuid4().hex}",
                         display_name="虚构管理员", password_hash="unused", account_type="ADMIN",
                         is_active=True, must_change_password=False, revision=0)
            engineer = User(username=f"engineer-{__import__('uuid').uuid4().hex}",
                            display_name="虚构工程师", password_hash="unused", account_type="ENGINEER",
                            is_active=True, must_change_password=False, revision=0)
            product = Product(part_number="PS-104", normalized_part_number="ps104", brand="虚构品牌",
                              normalized_brand="虚构品牌", category="虚构类别", status="ACTIVE")
            db.add_all([admin, engineer, product])
>           db.flush()

tests/integration/geo_catalog_support.py:72: 
_ _ _ _ _ _ _ _ _ _ _ _ _ _ _ _ _ _ _ _ _ _ _ _ _ _ _ _ _ _ _ _ _ _ _ _ _ _ _ _ 
/opt/venv/lib/python3.12/site-packages/sqlalchemy/orm/session.py:4353: in flush
    self._flush(objects)
/opt/venv/lib/python3.12/site-packages/sqlalchemy/orm/session.py:4488: in _flush
    with util.safe_reraise():
         ^^^^^^^^^^^^^^^^^^^
/opt/venv/lib/python3.12/site-packages/sqlalchemy/util/langhelpers.py:122: in __exit__
    raise exc_value.with_traceback(exc_tb)
/opt/venv/lib/python3.12/site-packages/sqlalchemy/orm/session.py:4449: in _flush
    flush_context.execute()
/opt/venv/lib/python3.12/site-packages/sqlalchemy/orm/unitofwork.py:465: in execute
    rec.execute(self)
/opt/venv/lib/python3.12/site-packages/sqlalchemy/orm/unitofwork.py:641: in execute
    util.preloaded.orm_persistence.save_obj(
/opt/venv/lib/python3.12/site-packages/sqlalchemy/orm/persistence.py:94: in save_obj
    _emit_insert_statements(
/opt/venv/lib/python3.12/site-packages/sqlalchemy/orm/persistence.py:1234: in _emit_insert_statements
    result = connection.execute(
/opt/venv/lib/python3.12/site-packages/sqlalchemy/engine/base.py:1421: in execute
    return meth(
/opt/venv/lib/python3.12/site-packages/sqlalchemy/sql/elements.py:526: in _execute_on_connection
    return connection._execute_clauseelement(
/opt/venv/lib/python3.12/site-packages/sqlalchemy/engine/base.py:1643: in _execute_clauseelement
    ret = self._execute_context(
/opt/venv/lib/python3.12/site-packages/sqlalchemy/engine/base.py:1848: in _execute_context
    return self._exec_single_context(
/opt/venv/lib/python3.12/site-packages/sqlalchemy/engine/base.py:1988: in _exec_single_context
    self._handle_dbapi_exception(
/opt/venv/lib/python3.12/site-packages/sqlalchemy/engine/base.py:2365: in _handle_dbapi_exception
    raise sqlalchemy_exception.with_traceback(exc_info[2]) from e
/opt/venv/lib/python3.12/site-packages/sqlalchemy/engine/base.py:1969: in _exec_single_context
    self.dialect.do_execute(
/opt/venv/lib/python3.12/site-packages/sqlalchemy/engine/default.py:952: in do_execute
    cursor.execute(statement, parameters)
_ _ _ _ _ _ _ _ _ _ _ _ _ _ _ _ _ _ _ _ _ _ _ _ _ _ _ _ _ _ _ _ _ _ _ _ _ _ _ _ 

self = <psycopg.Cursor [closed] [IDLE] (host=postgres user=partsignal database=partsignal_geo104_6b06b58c6e) at 0xfddabaf71a90>
query = 'INSERT INTO products (id, part_number, normalized_part_number, brand, normalized_brand, category, status, revision, f...(facts_body_markdown)s::VARCHAR, %(facts_classification)s::VARCHAR) RETURNING products.created_at, products.updated_at'
params = {'brand': '虚构品牌', 'category': '虚构类别', 'facts_body_markdown': '', 'facts_classification': 'RESTRICTED', ...}

    def execute(
        self,
        query: Query,
        params: Params | None = None,
        *,
        prepare: bool | None = None,
        binary: bool | None = None,
    ) -> Self:
        """
        Execute a query or command to the database.
        """
        try:
            with self._conn.lock:
                self._conn.wait(
                    self._execute_gen(query, params, prepare=prepare, binary=binary)
                )
        except e._NO_TRACEBACK as ex:
>           raise ex.with_traceback(None)
E           sqlalchemy.exc.IntegrityError: (psycopg.errors.UniqueViolation) duplicate key value violates unique constraint "uq_products_normalized_brand"
E           DETAIL:  Key (normalized_brand, normalized_part_number)=(虚构品牌, ps104) already exists.
E           [SQL: INSERT INTO products (id, part_number, normalized_part_number, brand, normalized_brand, category, status, revision, facts_revision, facts_body_markdown, facts_classification) VALUES (%(id)s::UUID, %(part_number)s::VARCHAR, %(normalized_part_number)s::VARCHAR, %(brand)s::VARCHAR, %(normalized_brand)s::VARCHAR, %(category)s::VARCHAR, %(status)s::VARCHAR, %(revision)s::INTEGER, %(facts_revision)s::INTEGER, %(facts_body_markdown)s::VARCHAR, %(facts_classification)s::VARCHAR) RETURNING products.created_at, products.updated_at]
E           [parameters: {'id': UUID('5e089b3e-6c71-41eb-ab4f-430ed287f9cd'), 'part_number': 'PS-104', 'normalized_part_number': 'ps104', 'brand': '虚构品牌', 'normalized_brand': '虚构品牌', 'category': '虚构类别', 'status': 'ACTIVE', 'revision': 0, 'facts_revision': 0, 'facts_body_markdown': '', 'facts_classification': 'RESTRICTED'}]
E           (Background on this error at: https://sqlalche.me/e/20/gkpj)

/opt/venv/lib/python3.12/site-packages/psycopg/cursor.py:117: IntegrityError
____ ERROR at setup of test_list_filters_pagination_literal_search_and_sort ____

self = <sqlalchemy.engine.base.Connection object at 0xfddabb003a10>
dialect = <sqlalchemy.dialects.postgresql.psycopg.PGDialect_psycopg object at 0xfddabcd2c0e0>
context = <sqlalchemy.dialects.postgresql.psycopg.PGExecutionContext_psycopg object at 0xfddabb003ef0>
statement = <sqlalchemy.dialects.postgresql.psycopg.PGCompiler_psycopg object at 0xfddabca10e30>
parameters = [{'brand': '虚构品牌', 'category': '虚构类别', 'facts_body_markdown': '', 'facts_classification': 'RESTRICTED', ...}]

    def _exec_single_context(
        self,
        dialect: Dialect,
        context: ExecutionContext,
        statement: Union[str, Compiled],
        parameters: Optional[_AnyMultiExecuteParams],
    ) -> CursorResult[Any]:
        """continue the _execute_context() method for a single DBAPI
        cursor.execute() or cursor.executemany() call.
    
        """
        if dialect.bind_typing is BindTyping.SETINPUTSIZES:
            generic_setinputsizes = context._prepare_set_input_sizes()
    
            if generic_setinputsizes:
                try:
                    dialect.do_set_input_sizes(
                        context.cursor, generic_setinputsizes, context
                    )
                except BaseException as e:
                    self._handle_dbapi_exception(
                        e, str(statement), parameters, None, context
                    )
    
        cursor, str_statement, parameters = (
            context.cursor,
            context.statement,
            context.parameters,
        )
    
        effective_parameters: Optional[_AnyExecuteParams]
    
        if not context.executemany:
            effective_parameters = parameters[0]
        else:
            effective_parameters = parameters
    
        if self._has_events or self.engine._has_events:
            for fn in self.dispatch.before_cursor_execute:
                str_statement, effective_parameters = fn(
                    self,
                    cursor,
                    str_statement,
                    effective_parameters,
                    context,
                    context.executemany,
                )
    
        if self._echo:
            self._log_info(str_statement)
    
            stats = context._get_cache_stats()
    
            if not self.engine.hide_parameters:
                self._log_info(
                    "[%s] %r",
                    stats,
                    sql_util._repr_params(
                        effective_parameters,
                        batches=10,
                        ismulti=context.executemany,
                    ),
                )
            else:
                self._log_info(
                    "[%s] [SQL parameters hidden due to hide_parameters=True]",
                    stats,
                )
    
        evt_handled: bool = False
        try:
            if context.execute_style is ExecuteStyle.EXECUTEMANY:
                effective_parameters = cast(
                    "_CoreMultiExecuteParams", effective_parameters
                )
                if self.dialect._has_events:
                    for fn in self.dialect.dispatch.do_executemany:
                        if fn(
                            cursor,
                            str_statement,
                            effective_parameters,
                            context,
                        ):
                            evt_handled = True
                            break
                if not evt_handled:
                    self.dialect.do_executemany(
                        cursor,
                        str_statement,
                        effective_parameters,
                        context,
                    )
            elif not effective_parameters and context.no_parameters:
                if self.dialect._has_events:
                    for fn in self.dialect.dispatch.do_execute_no_params:
                        if fn(cursor, str_statement, context):
                            evt_handled = True
                            break
                if not evt_handled:
                    self.dialect.do_execute_no_params(
                        cursor, str_statement, context
                    )
            else:
                effective_parameters = cast(
                    "_CoreSingleExecuteParams", effective_parameters
                )
                if self.dialect._has_events:
                    for fn in self.dialect.dispatch.do_execute:
                        if fn(
                            cursor,
                            str_statement,
                            effective_parameters,
                            context,
                        ):
                            evt_handled = True
                            break
                if not evt_handled:
>                   self.dialect.do_execute(
                        cursor, str_statement, effective_parameters, context
                    )

/opt/venv/lib/python3.12/site-packages/sqlalchemy/engine/base.py:1969: 
_ _ _ _ _ _ _ _ _ _ _ _ _ _ _ _ _ _ _ _ _ _ _ _ _ _ _ _ _ _ _ _ _ _ _ _ _ _ _ _ 
/opt/venv/lib/python3.12/site-packages/sqlalchemy/engine/default.py:952: in do_execute
    cursor.execute(statement, parameters)
_ _ _ _ _ _ _ _ _ _ _ _ _ _ _ _ _ _ _ _ _ _ _ _ _ _ _ _ _ _ _ _ _ _ _ _ _ _ _ _ 

self = <psycopg.Cursor [closed] [IDLE] (host=postgres user=partsignal database=partsignal_geo104_6b06b58c6e) at 0xfddabaf71e50>
query = 'INSERT INTO products (id, part_number, normalized_part_number, brand, normalized_brand, category, status, revision, f...(facts_body_markdown)s::VARCHAR, %(facts_classification)s::VARCHAR) RETURNING products.created_at, products.updated_at'
params = {'brand': '虚构品牌', 'category': '虚构类别', 'facts_body_markdown': '', 'facts_classification': 'RESTRICTED', ...}

    def execute(
        self,
        query: Query,
        params: Params | None = None,
        *,
        prepare: bool | None = None,
        binary: bool | None = None,
    ) -> Self:
        """
        Execute a query or command to the database.
        """
        try:
            with self._conn.lock:
                self._conn.wait(
                    self._execute_gen(query, params, prepare=prepare, binary=binary)
                )
        except e._NO_TRACEBACK as ex:
>           raise ex.with_traceback(None)
E           psycopg.errors.UniqueViolation: duplicate key value violates unique constraint "uq_products_normalized_brand"
E           DETAIL:  Key (normalized_brand, normalized_part_number)=(虚构品牌, ps104) already exists.

/opt/venv/lib/python3.12/site-packages/psycopg/cursor.py:117: UniqueViolation

The above exception was the direct cause of the following exception:

catalog_engine = Engine(postgresql+psycopg://partsignal:***@postgres:5432/partsignal_geo104_6b06b58c6e)

    @pytest.fixture
    def catalog_api(catalog_engine: Engine) -> Iterator[CatalogAPI]:
        factory = sessionmaker(bind=catalog_engine, expire_on_commit=False)
        with factory() as db:
            # 清理仅发生在本套件创建的隔离数据库；保留追加式审计。
            db.execute(text("DELETE FROM geo_subjects WHERE parent_subject_id IS NOT NULL"))
            db.execute(text("DELETE FROM geo_subjects"))
            admin = User(username=f"admin-{__import__('uuid').uuid4().hex}",
                         display_name="虚构管理员", password_hash="unused", account_type="ADMIN",
                         is_active=True, must_change_password=False, revision=0)
            engineer = User(username=f"engineer-{__import__('uuid').uuid4().hex}",
                            display_name="虚构工程师", password_hash="unused", account_type="ENGINEER",
                            is_active=True, must_change_password=False, revision=0)
            product = Product(part_number="PS-104", normalized_part_number="ps104", brand="虚构品牌",
                              normalized_brand="虚构品牌", category="虚构类别", status="ACTIVE")
            db.add_all([admin, engineer, product])
>           db.flush()

tests/integration/geo_catalog_support.py:72: 
_ _ _ _ _ _ _ _ _ _ _ _ _ _ _ _ _ _ _ _ _ _ _ _ _ _ _ _ _ _ _ _ _ _ _ _ _ _ _ _ 
/opt/venv/lib/python3.12/site-packages/sqlalchemy/orm/session.py:4353: in flush
    self._flush(objects)
/opt/venv/lib/python3.12/site-packages/sqlalchemy/orm/session.py:4488: in _flush
    with util.safe_reraise():
         ^^^^^^^^^^^^^^^^^^^
/opt/venv/lib/python3.12/site-packages/sqlalchemy/util/langhelpers.py:122: in __exit__
    raise exc_value.with_traceback(exc_tb)
/opt/venv/lib/python3.12/site-packages/sqlalchemy/orm/session.py:4449: in _flush
    flush_context.execute()
/opt/venv/lib/python3.12/site-packages/sqlalchemy/orm/unitofwork.py:465: in execute
    rec.execute(self)
/opt/venv/lib/python3.12/site-packages/sqlalchemy/orm/unitofwork.py:641: in execute
    util.preloaded.orm_persistence.save_obj(
/opt/venv/lib/python3.12/site-packages/sqlalchemy/orm/persistence.py:94: in save_obj
    _emit_insert_statements(
/opt/venv/lib/python3.12/site-packages/sqlalchemy/orm/persistence.py:1234: in _emit_insert_statements
    result = connection.execute(
/opt/venv/lib/python3.12/site-packages/sqlalchemy/engine/base.py:1421: in execute
    return meth(
/opt/venv/lib/python3.12/site-packages/sqlalchemy/sql/elements.py:526: in _execute_on_connection
    return connection._execute_clauseelement(
/opt/venv/lib/python3.12/site-packages/sqlalchemy/engine/base.py:1643: in _execute_clauseelement
    ret = self._execute_context(
/opt/venv/lib/python3.12/site-packages/sqlalchemy/engine/base.py:1848: in _execute_context
    return self._exec_single_context(
/opt/venv/lib/python3.12/site-packages/sqlalchemy/engine/base.py:1988: in _exec_single_context
    self._handle_dbapi_exception(
/opt/venv/lib/python3.12/site-packages/sqlalchemy/engine/base.py:2365: in _handle_dbapi_exception
    raise sqlalchemy_exception.with_traceback(exc_info[2]) from e
/opt/venv/lib/python3.12/site-packages/sqlalchemy/engine/base.py:1969: in _exec_single_context
    self.dialect.do_execute(
/opt/venv/lib/python3.12/site-packages/sqlalchemy/engine/default.py:952: in do_execute
    cursor.execute(statement, parameters)
_ _ _ _ _ _ _ _ _ _ _ _ _ _ _ _ _ _ _ _ _ _ _ _ _ _ _ _ _ _ _ _ _ _ _ _ _ _ _ _ 

self = <psycopg.Cursor [closed] [IDLE] (host=postgres user=partsignal database=partsignal_geo104_6b06b58c6e) at 0xfddabaf71e50>
query = 'INSERT INTO products (id, part_number, normalized_part_number, brand, normalized_brand, category, status, revision, f...(facts_body_markdown)s::VARCHAR, %(facts_classification)s::VARCHAR) RETURNING products.created_at, products.updated_at'
params = {'brand': '虚构品牌', 'category': '虚构类别', 'facts_body_markdown': '', 'facts_classification': 'RESTRICTED', ...}

    def execute(
        self,
        query: Query,
        params: Params | None = None,
        *,
        prepare: bool | None = None,
        binary: bool | None = None,
    ) -> Self:
        """
        Execute a query or command to the database.
        """
        try:
            with self._conn.lock:
                self._conn.wait(
                    self._execute_gen(query, params, prepare=prepare, binary=binary)
                )
        except e._NO_TRACEBACK as ex:
>           raise ex.with_traceback(None)
E           sqlalchemy.exc.IntegrityError: (psycopg.errors.UniqueViolation) duplicate key value violates unique constraint "uq_products_normalized_brand"
E           DETAIL:  Key (normalized_brand, normalized_part_number)=(虚构品牌, ps104) already exists.
E           [SQL: INSERT INTO products (id, part_number, normalized_part_number, brand, normalized_brand, category, status, revision, facts_revision, facts_body_markdown, facts_classification) VALUES (%(id)s::UUID, %(part_number)s::VARCHAR, %(normalized_part_number)s::VARCHAR, %(brand)s::VARCHAR, %(normalized_brand)s::VARCHAR, %(category)s::VARCHAR, %(status)s::VARCHAR, %(revision)s::INTEGER, %(facts_revision)s::INTEGER, %(facts_body_markdown)s::VARCHAR, %(facts_classification)s::VARCHAR) RETURNING products.created_at, products.updated_at]
E           [parameters: {'id': UUID('4730a466-f83d-41ba-a4c0-b38d683292b4'), 'part_number': 'PS-104', 'normalized_part_number': 'ps104', 'brand': '虚构品牌', 'normalized_brand': '虚构品牌', 'category': '虚构类别', 'status': 'ACTIVE', 'revision': 0, 'facts_revision': 0, 'facts_body_markdown': '', 'facts_classification': 'RESTRICTED'}]
E           (Background on this error at: https://sqlalche.me/e/20/gkpj)

/opt/venv/lib/python3.12/site-packages/psycopg/cursor.py:117: IntegrityError
________ ERROR at setup of test_user_creator_reference_blocks_deletion _________

self = <sqlalchemy.engine.base.Connection object at 0xfddaba5bec90>
dialect = <sqlalchemy.dialects.postgresql.psycopg.PGDialect_psycopg object at 0xfddabcd2c0e0>
context = <sqlalchemy.dialects.postgresql.psycopg.PGExecutionContext_psycopg object at 0xfddaba5bd910>
statement = <sqlalchemy.dialects.postgresql.psycopg.PGCompiler_psycopg object at 0xfddabca10e30>
parameters = [{'brand': '虚构品牌', 'category': '虚构类别', 'facts_body_markdown': '', 'facts_classification': 'RESTRICTED', ...}]

    def _exec_single_context(
        self,
        dialect: Dialect,
        context: ExecutionContext,
        statement: Union[str, Compiled],
        parameters: Optional[_AnyMultiExecuteParams],
    ) -> CursorResult[Any]:
        """continue the _execute_context() method for a single DBAPI
        cursor.execute() or cursor.executemany() call.
    
        """
        if dialect.bind_typing is BindTyping.SETINPUTSIZES:
            generic_setinputsizes = context._prepare_set_input_sizes()
    
            if generic_setinputsizes:
                try:
                    dialect.do_set_input_sizes(
                        context.cursor, generic_setinputsizes, context
                    )
                except BaseException as e:
                    self._handle_dbapi_exception(
                        e, str(statement), parameters, None, context
                    )
    
        cursor, str_statement, parameters = (
            context.cursor,
            context.statement,
            context.parameters,
        )
    
        effective_parameters: Optional[_AnyExecuteParams]
    
        if not context.executemany:
            effective_parameters = parameters[0]
        else:
            effective_parameters = parameters
    
        if self._has_events or self.engine._has_events:
            for fn in self.dispatch.before_cursor_execute:
                str_statement, effective_parameters = fn(
                    self,
                    cursor,
                    str_statement,
                    effective_parameters,
                    context,
                    context.executemany,
                )
    
        if self._echo:
            self._log_info(str_statement)
    
            stats = context._get_cache_stats()
    
            if not self.engine.hide_parameters:
                self._log_info(
                    "[%s] %r",
                    stats,
                    sql_util._repr_params(
                        effective_parameters,
                        batches=10,
                        ismulti=context.executemany,
                    ),
                )
            else:
                self._log_info(
                    "[%s] [SQL parameters hidden due to hide_parameters=True]",
                    stats,
                )
    
        evt_handled: bool = False
        try:
            if context.execute_style is ExecuteStyle.EXECUTEMANY:
                effective_parameters = cast(
                    "_CoreMultiExecuteParams", effective_parameters
                )
                if self.dialect._has_events:
                    for fn in self.dialect.dispatch.do_executemany:
                        if fn(
                            cursor,
                            str_statement,
                            effective_parameters,
                            context,
                        ):
                            evt_handled = True
                            break
                if not evt_handled:
                    self.dialect.do_executemany(
                        cursor,
                        str_statement,
                        effective_parameters,
                        context,
                    )
            elif not effective_parameters and context.no_parameters:
                if self.dialect._has_events:
                    for fn in self.dialect.dispatch.do_execute_no_params:
                        if fn(cursor, str_statement, context):
                            evt_handled = True
                            break
                if not evt_handled:
                    self.dialect.do_execute_no_params(
                        cursor, str_statement, context
                    )
            else:
                effective_parameters = cast(
                    "_CoreSingleExecuteParams", effective_parameters
                )
                if self.dialect._has_events:
                    for fn in self.dialect.dispatch.do_execute:
                        if fn(
                            cursor,
                            str_statement,
                            effective_parameters,
                            context,
                        ):
                            evt_handled = True
                            break
                if not evt_handled:
>                   self.dialect.do_execute(
                        cursor, str_statement, effective_parameters, context
                    )

/opt/venv/lib/python3.12/site-packages/sqlalchemy/engine/base.py:1969: 
_ _ _ _ _ _ _ _ _ _ _ _ _ _ _ _ _ _ _ _ _ _ _ _ _ _ _ _ _ _ _ _ _ _ _ _ _ _ _ _ 
/opt/venv/lib/python3.12/site-packages/sqlalchemy/engine/default.py:952: in do_execute
    cursor.execute(statement, parameters)
_ _ _ _ _ _ _ _ _ _ _ _ _ _ _ _ _ _ _ _ _ _ _ _ _ _ _ _ _ _ _ _ _ _ _ _ _ _ _ _ 

self = <psycopg.Cursor [closed] [IDLE] (host=postgres user=partsignal database=partsignal_geo104_6b06b58c6e) at 0xfddabaf73a10>
query = 'INSERT INTO products (id, part_number, normalized_part_number, brand, normalized_brand, category, status, revision, f...(facts_body_markdown)s::VARCHAR, %(facts_classification)s::VARCHAR) RETURNING products.created_at, products.updated_at'
params = {'brand': '虚构品牌', 'category': '虚构类别', 'facts_body_markdown': '', 'facts_classification': 'RESTRICTED', ...}

    def execute(
        self,
        query: Query,
        params: Params | None = None,
        *,
        prepare: bool | None = None,
        binary: bool | None = None,
    ) -> Self:
        """
        Execute a query or command to the database.
        """
        try:
            with self._conn.lock:
                self._conn.wait(
                    self._execute_gen(query, params, prepare=prepare, binary=binary)
                )
        except e._NO_TRACEBACK as ex:
>           raise ex.with_traceback(None)
E           psycopg.errors.UniqueViolation: duplicate key value violates unique constraint "uq_products_normalized_brand"
E           DETAIL:  Key (normalized_brand, normalized_part_number)=(虚构品牌, ps104) already exists.

/opt/venv/lib/python3.12/site-packages/psycopg/cursor.py:117: UniqueViolation

The above exception was the direct cause of the following exception:

catalog_engine = Engine(postgresql+psycopg://partsignal:***@postgres:5432/partsignal_geo104_6b06b58c6e)

    @pytest.fixture
    def catalog_api(catalog_engine: Engine) -> Iterator[CatalogAPI]:
        factory = sessionmaker(bind=catalog_engine, expire_on_commit=False)
        with factory() as db:
            # 清理仅发生在本套件创建的隔离数据库；保留追加式审计。
            db.execute(text("DELETE FROM geo_subjects WHERE parent_subject_id IS NOT NULL"))
            db.execute(text("DELETE FROM geo_subjects"))
            admin = User(username=f"admin-{__import__('uuid').uuid4().hex}",
                         display_name="虚构管理员", password_hash="unused", account_type="ADMIN",
                         is_active=True, must_change_password=False, revision=0)
            engineer = User(username=f"engineer-{__import__('uuid').uuid4().hex}",
                            display_name="虚构工程师", password_hash="unused", account_type="ENGINEER",
                            is_active=True, must_change_password=False, revision=0)
            product = Product(part_number="PS-104", normalized_part_number="ps104", brand="虚构品牌",
                              normalized_brand="虚构品牌", category="虚构类别", status="ACTIVE")
            db.add_all([admin, engineer, product])
>           db.flush()

tests/integration/geo_catalog_support.py:72: 
_ _ _ _ _ _ _ _ _ _ _ _ _ _ _ _ _ _ _ _ _ _ _ _ _ _ _ _ _ _ _ _ _ _ _ _ _ _ _ _ 
/opt/venv/lib/python3.12/site-packages/sqlalchemy/orm/session.py:4353: in flush
    self._flush(objects)
/opt/venv/lib/python3.12/site-packages/sqlalchemy/orm/session.py:4488: in _flush
    with util.safe_reraise():
         ^^^^^^^^^^^^^^^^^^^
/opt/venv/lib/python3.12/site-packages/sqlalchemy/util/langhelpers.py:122: in __exit__
    raise exc_value.with_traceback(exc_tb)
/opt/venv/lib/python3.12/site-packages/sqlalchemy/orm/session.py:4449: in _flush
    flush_context.execute()
/opt/venv/lib/python3.12/site-packages/sqlalchemy/orm/unitofwork.py:465: in execute
    rec.execute(self)
/opt/venv/lib/python3.12/site-packages/sqlalchemy/orm/unitofwork.py:641: in execute
    util.preloaded.orm_persistence.save_obj(
/opt/venv/lib/python3.12/site-packages/sqlalchemy/orm/persistence.py:94: in save_obj
    _emit_insert_statements(
/opt/venv/lib/python3.12/site-packages/sqlalchemy/orm/persistence.py:1234: in _emit_insert_statements
    result = connection.execute(
/opt/venv/lib/python3.12/site-packages/sqlalchemy/engine/base.py:1421: in execute
    return meth(
/opt/venv/lib/python3.12/site-packages/sqlalchemy/sql/elements.py:526: in _execute_on_connection
    return connection._execute_clauseelement(
/opt/venv/lib/python3.12/site-packages/sqlalchemy/engine/base.py:1643: in _execute_clauseelement
    ret = self._execute_context(
/opt/venv/lib/python3.12/site-packages/sqlalchemy/engine/base.py:1848: in _execute_context
    return self._exec_single_context(
/opt/venv/lib/python3.12/site-packages/sqlalchemy/engine/base.py:1988: in _exec_single_context
    self._handle_dbapi_exception(
/opt/venv/lib/python3.12/site-packages/sqlalchemy/engine/base.py:2365: in _handle_dbapi_exception
    raise sqlalchemy_exception.with_traceback(exc_info[2]) from e
/opt/venv/lib/python3.12/site-packages/sqlalchemy/engine/base.py:1969: in _exec_single_context
    self.dialect.do_execute(
/opt/venv/lib/python3.12/site-packages/sqlalchemy/engine/default.py:952: in do_execute
    cursor.execute(statement, parameters)
_ _ _ _ _ _ _ _ _ _ _ _ _ _ _ _ _ _ _ _ _ _ _ _ _ _ _ _ _ _ _ _ _ _ _ _ _ _ _ _ 

self = <psycopg.Cursor [closed] [IDLE] (host=postgres user=partsignal database=partsignal_geo104_6b06b58c6e) at 0xfddabaf73a10>
query = 'INSERT INTO products (id, part_number, normalized_part_number, brand, normalized_brand, category, status, revision, f...(facts_body_markdown)s::VARCHAR, %(facts_classification)s::VARCHAR) RETURNING products.created_at, products.updated_at'
params = {'brand': '虚构品牌', 'category': '虚构类别', 'facts_body_markdown': '', 'facts_classification': 'RESTRICTED', ...}

    def execute(
        self,
        query: Query,
        params: Params | None = None,
        *,
        prepare: bool | None = None,
        binary: bool | None = None,
    ) -> Self:
        """
        Execute a query or command to the database.
        """
        try:
            with self._conn.lock:
                self._conn.wait(
                    self._execute_gen(query, params, prepare=prepare, binary=binary)
                )
        except e._NO_TRACEBACK as ex:
>           raise ex.with_traceback(None)
E           sqlalchemy.exc.IntegrityError: (psycopg.errors.UniqueViolation) duplicate key value violates unique constraint "uq_products_normalized_brand"
E           DETAIL:  Key (normalized_brand, normalized_part_number)=(虚构品牌, ps104) already exists.
E           [SQL: INSERT INTO products (id, part_number, normalized_part_number, brand, normalized_brand, category, status, revision, facts_revision, facts_body_markdown, facts_classification) VALUES (%(id)s::UUID, %(part_number)s::VARCHAR, %(normalized_part_number)s::VARCHAR, %(brand)s::VARCHAR, %(normalized_brand)s::VARCHAR, %(category)s::VARCHAR, %(status)s::VARCHAR, %(revision)s::INTEGER, %(facts_revision)s::INTEGER, %(facts_body_markdown)s::VARCHAR, %(facts_classification)s::VARCHAR) RETURNING products.created_at, products.updated_at]
E           [parameters: {'id': UUID('c984cef7-c356-4932-abfc-29c40bbf1f44'), 'part_number': 'PS-104', 'normalized_part_number': 'ps104', 'brand': '虚构品牌', 'normalized_brand': '虚构品牌', 'category': '虚构类别', 'status': 'ACTIVE', 'revision': 0, 'facts_revision': 0, 'facts_body_markdown': '', 'facts_classification': 'RESTRICTED'}]
E           (Background on this error at: https://sqlalche.me/e/20/gkpj)

/opt/venv/lib/python3.12/site-packages/psycopg/cursor.py:117: IntegrityError
=================================== FAILURES ===================================
________________ test_subject_children_revision_noop_and_audit _________________

catalog_api = CatalogAPI(engine=Engine(postgresql+psycopg://partsignal:***@postgres:5432/partsignal_geo104_6b06b58c6e), factory=sess...e.testclient.TestClient object at 0xfddabcaaf860>, engineer=<starlette.testclient.TestClient object at 0xfddabca11700>)

    def test_subject_children_revision_noop_and_audit(catalog_api: CatalogAPI) -> None:
        api = catalog_api
>       row = api.create(canonical_name="  ＣＰ-104  ")
              ^^^^^^^^^^^^^^^^^^^^^^^^^^^^^^^^^^^^^^^

tests/integration/test_geo_catalog_api.py:34: 
_ _ _ _ _ _ _ _ _ _ _ _ _ _ _ _ _ _ _ _ _ _ _ _ _ _ _ _ _ _ _ _ _ _ _ _ _ _ _ _ 

self = CatalogAPI(engine=Engine(postgresql+psycopg://partsignal:***@postgres:5432/partsignal_geo104_6b06b58c6e), factory=sess...e.testclient.TestClient object at 0xfddabcaaf860>, engineer=<starlette.testclient.TestClient object at 0xfddabca11700>)
values = {'canonical_name': '  ＣＰ-104  '}
response = <Response [500 Internal Server Error]>

    def create(self, **values: object) -> dict:
        response = self.admin.post(PREFIX, json={
            "subject_type": "COMPETITOR_PRODUCT", "canonical_name": "虚构 CP-104",
            "display_name": "虚构竞品", **values,
        })
>       assert response.status_code == 201, response.text
               ^^^^^^^^^^^^^^^^^^^^^^^^^^^
E       AssertionError: Internal Server Error

tests/integration/geo_catalog_support.py:41: AssertionError
---------------------------- Captured stderr setup -----------------------------
INFO  [alembic.runtime.migration] Context impl PostgresqlImpl.
INFO  [alembic.runtime.migration] Will assume transactional DDL.
INFO  [alembic.runtime.migration] Running upgrade  -> 0001_identity_audit, 创建身份、会话和审计表。
INFO  [alembic.runtime.migration] Running upgrade 0001_identity_audit -> 0002_product_facts, 创建规范化产品事实和不可变事实版本。
INFO  [alembic.runtime.migration] Running upgrade 0002_product_facts -> 0003_content_planning, 创建目标问题、平台规则版本和内容任务。
INFO  [alembic.runtime.migration] Running upgrade 0003_content_planning -> 0004_content_production, 创建 PostgreSQL 权威生成作业和不可变 Markdown 内容版本。
INFO  [alembic.runtime.migration] Running upgrade 0004_content_production -> 0005_content_review, 创建追加式内容审核记录。
INFO  [alembic.runtime.migration] Running upgrade 0005_content_review -> 0006_publication, 创建平台账号、人工发布记录和状态事件。
INFO  [alembic.runtime.migration] Running upgrade 0006_publication -> 0007_geo_observation, 创建追加式 GEO 观测及引用关联。
INFO  [alembic.runtime.migration] Running upgrade 0007_geo_observation -> 0008_files, 创建文件生命周期、附件关联并补加证据文件外键。
INFO  [alembic.runtime.migration] Running upgrade 0008_files -> 0009_config_center, 迁移账号类型、配置中心与真实 AI 生成字段。
INFO  [alembic.runtime.migration] Running upgrade 0009_config_center -> 0010_user_cleanup, 清理旧版职责账号并强制既有内容工程师改密。
INFO  [alembic.runtime.migration] Running upgrade 0010_user_cleanup -> 0011_generation_reliability, 增加生成作业补投递诊断字段与到期扫描索引。
INFO  [alembic.runtime.migration] Running upgrade 0011_generation_reliability -> 0012_ai_data_classification, 为生成输入增加显式数据分级与责任人记录。
INFO  [alembic.runtime.migration] Running upgrade 0012_ai_data_classification -> 0013_publication_closure, 增加发布异常待办、修复任务来源和发布平台一致性门禁。
INFO  [alembic.runtime.migration] Running upgrade 0013_publication_closure -> 0014_platform_prompt_ownership, 将当前 Prompt 所有权从平台类型迁移到具体平台。
INFO  [alembic.runtime.migration] Running upgrade 0014_platform_prompt_ownership -> 0015_platform_rule_draft_editing, 允许按修订号编辑平台规则草稿，并继续冻结已激活或退役正文。
INFO  [alembic.runtime.migration] Running upgrade 0015_platform_rule_draft_editing -> 0016_fact_review_cleanup, 允许受约束删除事实版本时清理其从属审核记录。
INFO  [alembic.runtime.migration] Running upgrade 0016_fact_review_cleanup -> 0017_content_humanization, 增加全局自然化 Prompt，并让现有 AI 作业承载自然化修订。
INFO  [alembic.runtime.migration] Running upgrade 0017_content_humanization -> 0018_manual_geo_observation, 增加产品级人工 GEO 观测，并保留旧模型观测历史。
INFO  [alembic.runtime.migration] Running upgrade 0018_manual_geo_observation -> 0019_product_driven_tasks, 允许新内容任务直接围绕产品创建，同时保留历史目标问题关联。
INFO  [alembic.runtime.migration] Running upgrade 0019_product_driven_tasks -> 0020_platform_branding_task_list, 为具体平台增加官网与单一来源 Logo。
INFO  [alembic.runtime.migration] Running upgrade 0020_platform_branding_task_list -> 0021_ai_channel_model_management, 补齐 AI 渠道身份字段与使用统计索引。
INFO  [alembic.runtime.migration] Running upgrade 0021_ai_channel_model_management -> 0022_geo_observation_insights, 补充人工 GEO 逐篇阶段事实与问题主题约束。
INFO  [alembic.runtime.migration] Running upgrade 0022_geo_observation_insights -> 0023_platform_management, 增加具体平台启停状态与管理聚合索引。
INFO  [alembic.runtime.migration] Running upgrade 0023_platform_management -> 0024_audit_outcome, 补齐审计模块、命令结果和安全结果说明。
INFO  [alembic.runtime.migration] Running upgrade 0024_audit_outcome -> 0025_markdown_facts, 将结构化产品事实收敛为 Markdown，并让内容任务直接绑定平台。
INFO  [alembic.runtime.migration] Running upgrade 0025_markdown_facts -> 0026_publication_account_dedup, 补齐发布账号修订约束，并阻止同平台规范化账号标识重复。
INFO  [alembic.runtime.migration] Running upgrade 0026_publication_account_dedup -> 0027_audit_user_delete_guard, 只允许受约束用户删除把匹配审计操作者置空。
INFO  [alembic.runtime.migration] Running upgrade 0027_audit_user_delete_guard -> 0028_platform_logo_lifecycle, 增加平台 Logo 的未引用保留、幂等删除状态与数据库门禁。
INFO  [alembic.runtime.migration] Running upgrade 0028_platform_logo_lifecycle -> 0029_geo_evidence_management, 收敛人工 GEO 独立事实，并为完整更正链删除增加事务门禁。
INFO  [alembic.runtime.migration] Running upgrade 0029_geo_evidence_management -> 0030_publication_record_delete, 为从未公开的发布聚合增加事务级受控删除门禁。
INFO  [alembic.runtime.migration] Running upgrade 0030_publication_record_delete -> 0031_reusable_platform_prompts, 把平台私有 Prompt 收敛为可复用模板和平台当前绑定。
INFO  [alembic.runtime.migration] Running upgrade 0031_reusable_platform_prompts -> 0032_content_task_idempotency, 为普通内容任务创建增加持久化请求键幂等约束。
INFO  [alembic.runtime.migration] Running upgrade 0032_content_task_idempotency -> 0033_task_owned_history_delete, 允许受控删除已取消任务自有的未批准生产历史。
INFO  [alembic.runtime.migration] Running upgrade 0033_task_owned_history_delete -> 0034_publication_redesign, 以发布工作、首次核验成果和发布后内容问题替换旧发布记录。
INFO  [alembic.runtime.migration] Running upgrade 0034_publication_redesign -> 0035_business_workflow, 建立事实提交、内容单主线、发布版本快照与 GEO 来源合同。
INFO  [alembic.runtime.migration] Running upgrade 0035_business_workflow -> 0036_remove_section_url, 删除没有稳定业务含义的发布栏目地址。
INFO  [alembic.runtime.migration] Running upgrade 0036_remove_section_url -> 0037_simplify_deletion_lifecycle, 收缩任务、配置与审计的删除生命周期。
INFO  [alembic.runtime.migration] Running upgrade 0037_simplify_deletion_lifecycle -> 0038_published_article_delete, 允许受控删除无 GEO 引用的发布成果聚合。
INFO  [alembic.runtime.migration] Running upgrade 0038_published_article_delete -> 0039_article_delete_platform, 允许归档任务在删除失效平台的发布成果后转为已取消。
INFO  [alembic.runtime.migration] Running upgrade 0039_article_delete_platform -> 0040_content_draft_management, 允许当前人工未审核草稿受控保存和彻底删除。
INFO  [alembic.runtime.migration] Running upgrade 0040_content_draft_management -> 0041_content_task_list, 补齐内容任务列表的稳定更新时间与排序索引。
INFO  [alembic.runtime.migration] Running upgrade 0041_content_task_list -> 0042_content_version_detail, 记录内容版本自身的真实更新时间。
INFO  [alembic.runtime.migration] Running upgrade 0042_content_version_detail -> 0043_geo_platform_identity, 冻结发布工作的平台 UUID，避免配置删除后 GEO 历史失去身份。
INFO  [alembic.runtime.migration] Running upgrade 0043_geo_platform_identity -> 0044_geo_catalog, 新增 GEO Catalog 三表；冻结本 revision，不读取运行时 ORM。
=========================== short test summary info ============================
FAILED tests/integration/test_geo_catalog_api.py::test_subject_children_revision_noop_and_audit
ERROR tests/integration/test_geo_catalog_api.py::test_parent_references_and_current_product_identity
ERROR tests/integration/test_geo_catalog_api.py::test_alias_noop_cross_parent_and_parent_validation
ERROR tests/integration/test_geo_catalog_api.py::test_all_writes_require_admin_and_csrf[POST--payload0]
ERROR tests/integration/test_geo_catalog_api.py::test_all_writes_require_admin_and_csrf[PATCH-/{id}-payload1]
ERROR tests/integration/test_geo_catalog_api.py::test_all_writes_require_admin_and_csrf[DELETE-/{id}?expected_revision=0-None]
ERROR tests/integration/test_geo_catalog_api.py::test_all_writes_require_admin_and_csrf[POST-/{id}/enable-payload3]
ERROR tests/integration/test_geo_catalog_api.py::test_all_writes_require_admin_and_csrf[POST-/{id}/disable-payload4]
ERROR tests/integration/test_geo_catalog_api.py::test_all_writes_require_admin_and_csrf[POST-/{id}/aliases-payload5]
ERROR tests/integration/test_geo_catalog_api.py::test_all_writes_require_admin_and_csrf[PATCH-/{id}/aliases/{child}-payload6]
ERROR tests/integration/test_geo_catalog_api.py::test_all_writes_require_admin_and_csrf[DELETE-/{id}/aliases/{child}?expected_revision=0-None]
ERROR tests/integration/test_geo_catalog_api.py::test_all_writes_require_admin_and_csrf[POST-/{id}/domains-payload8]
ERROR tests/integration/test_geo_catalog_api.py::test_all_writes_require_admin_and_csrf[DELETE-/{id}/domains/{child}?expected_revision=0-None]
ERROR tests/integration/test_geo_catalog_api.py::test_reads_require_session[]
ERROR tests/integration/test_geo_catalog_api.py::test_reads_require_session[/{id}]
ERROR tests/integration/test_geo_catalog_api.py::test_list_filters_pagination_literal_search_and_sort
ERROR tests/integration/test_geo_catalog_api.py::test_user_creator_reference_blocks_deletion
1 failed, 16 errors in 2.98s

